id,source,canonical,project,component,context,note,scope,review_id,publication_status,reference,evidence_sha256,source_evidence
00f93ad294efb6d742bdbeba,Mouse (Horizontal),Mus (vågrät),AntiMicroX,gui-sv-reviewed-20260920,"AxisEditDialog
","Granskad filleverans. Endast färdiga, aktiva översättningar tas med; detta är inte ett påstående om separat registrerat radbeslut för varje oförändrad post.",project-context,e39d5064e4399b3f12529888,reviewed-file-delivery,https://github.com/yeager/translations/blob/67e6d27877c9cfd6b6dbc74bd852b10bdbe09c3c/AntiMicroX/gui-sv-reviewed-20260920.ts,22f0355841a3aff45068b5ff9c62c593486c1241c1d163f73b7d040bd90b9d5d,{}
018fa66d6d9e32c16ff1d021,X Axis:,X-axel:,AntiMicroX,gui-sv-reviewed-20260920,"AdvanceStickAssignmentDialog
","Granskad filleverans. Endast färdiga, aktiva översättningar tas med; detta är inte ett påstående om separat registrerat radbeslut för varje oförändrad post.",project-context,207efd5b7fa727c022667598,reviewed-file-delivery,https://github.com/yeager/translations/blob/67e6d27877c9cfd6b6dbc74bd852b10bdbe09c3c/AntiMicroX/gui-sv-reviewed-20260920.ts,22f0355841a3aff45068b5ff9c62c593486c1241c1d163f73b7d040bd90b9d5d,{}
01ca31f13c38c0a529aa4906,Advanced,Avancerad,AntiMicroX,gui-sv-reviewed-20260920,"AdvanceButtonDialog
","Granskad filleverans. Endast färdiga, aktiva översättningar tas med; detta är inte ett påstående om separat registrerat radbeslut för varje oförändrad post.",project-context,e2a0abb23bbeadc2308a8ad7,reviewed-file-delivery,https://github.com/yeager/translations/blob/67e6d27877c9cfd6b6dbc74bd852b10bdbe09c3c/AntiMicroX/gui-sv-reviewed-20260920.ts,22f0355841a3aff45068b5ff9c62c593486c1241c1d163f73b7d040bd90b9d5d,{}
02390f19f299897e0bf2072c,Match By Properties,Matcha efter egenskaper,AntiMicroX,gui-sv-reviewed-20260920,"CapturedWindowInfoDialog
","Granskad filleverans. Endast färdiga, aktiva översättningar tas med; detta är inte ett påstående om separat registrerat radbeslut för varje oförändrad post.",project-context,3bfe6aa04b0f9695ab58ba1e,reviewed-file-delivery,https://github.com/yeager/translations/blob/67e6d27877c9cfd6b6dbc74bd852b10bdbe09c3c/AntiMicroX/gui-sv-reviewed-20260920.ts,22f0355841a3aff45068b5ff9c62c593486c1241c1d163f73b7d040bd90b9d5d,{}
02896da078e9e14e198d14d4,4 Way Diagonal,4-vägs diagonalt,AntiMicroX,gui-sv-reviewed-20260920,"JoyControlStickContextMenu
","Granskad filleverans. Endast färdiga, aktiva översättningar tas med; detta är inte ett påstående om separat registrerat radbeslut för varje oförändrad post.",project-context,553f37fb53b3fb1da5869255,reviewed-file-delivery,https://github.com/yeager/translations/blob/67e6d27877c9cfd6b6dbc74bd852b10bdbe09c3c/AntiMicroX/gui-sv-reviewed-20260920.ts,22f0355841a3aff45068b5ff9c62c593486c1241c1d163f73b7d040bd90b9d5d,{}
02a53a4c81ef7c0202020958,Mouse (Inverted Horizontal + Vertical),Mus (omvänd horisontellt och vertikalt),AntiMicroX,gui-sv-reviewed-20260920,"JoySensorPreset
","Granskad filleverans. Endast färdiga, aktiva översättningar tas med; detta är inte ett påstående om separat registrerat radbeslut för varje oförändrad post.",project-context,46b65e96089833e53f0b2edb,reviewed-file-delivery,https://github.com/yeager/translations/blob/67e6d27877c9cfd6b6dbc74bd852b10bdbe09c3c/AntiMicroX/gui-sv-reviewed-20260920.ts,22f0355841a3aff45068b5ff9c62c593486c1241c1d163f73b7d040bd90b9d5d,{}
02e5339589a34add440e18e7,History Si&ze:,Historik&storlek:,AntiMicroX,gui-sv-reviewed-20260920,"MainSettingsDialog
","Granskad filleverans. Endast färdiga, aktiva översättningar tas med; detta är inte ett påstående om separat registrerat radbeslut för varje oförändrad post.",project-context,f8f0f8faf6fb809690cd789d,reviewed-file-delivery,https://github.com/yeager/translations/blob/67e6d27877c9cfd6b6dbc74bd852b10bdbe09c3c/AntiMicroX/gui-sv-reviewed-20260920.ts,22f0355841a3aff45068b5ff9c62c593486c1241c1d163f73b7d040bd90b9d5d,{}
039048afd1184cdd0887775b,Deutsch,Tyska,AntiMicroX,gui-sv-reviewed-20260920,"MainSettingsDialog
","Granskad filleverans. Endast färdiga, aktiva översättningar tas med; detta är inte ett påstående om separat registrerat radbeslut för varje oförändrad post.",project-context,12352834b39abce157d1161c,reviewed-file-delivery,https://github.com/yeager/translations/blob/67e6d27877c9cfd6b6dbc74bd852b10bdbe09c3c/AntiMicroX/gui-sv-reviewed-20260920.ts,22f0355841a3aff45068b5ff9c62c593486c1241c1d163f73b7d040bd90b9d5d,{}
03ffbc8ffa227c72a887ac5b,Stick 1,Styrspak 1,AntiMicroX,gui-sv-reviewed-20260920,"AdvanceStickAssignmentDialog
","Granskad filleverans. Endast färdiga, aktiva översättningar tas med; detta är inte ett påstående om separat registrerat radbeslut för varje oförändrad post.",project-context,fcb71073c55be7aebd055afe,reviewed-file-delivery,https://github.com/yeager/translations/blob/67e6d27877c9cfd6b6dbc74bd852b10bdbe09c3c/AntiMicroX/gui-sv-reviewed-20260920.ts,22f0355841a3aff45068b5ff9c62c593486c1241c1d163f73b7d040bd90b9d5d,{}
0501d20ce9db9bbe4c1642b9,Return,Retur,AntiMicroX,gui-sv-reviewed-20260920,"X11Extras
","Granskad filleverans. Endast färdiga, aktiva översättningar tas med; detta är inte ett påstående om separat registrerat radbeslut för varje oförändrad post.",project-context,d48d2948a5368a58f4c55587,reviewed-file-delivery,https://github.com/yeager/translations/blob/67e6d27877c9cfd6b6dbc74bd852b10bdbe09c3c/AntiMicroX/gui-sv-reviewed-20260920.ts,22f0355841a3aff45068b5ff9c62c593486c1241c1d163f73b7d040bd90b9d5d,{}
050e8b8256052cb95d5e10ca,Set 8,Uppsättning 8,AntiMicroX,gui-sv-reviewed-20260920,"SetNamesDialog
","Granskad filleverans. Endast färdiga, aktiva översättningar tas med; detta är inte ett påstående om separat registrerat radbeslut för varje oförändrad post.",project-context,e1640556f3761106a57db8ee,reviewed-file-delivery,https://github.com/yeager/translations/blob/67e6d27877c9cfd6b6dbc74bd852b10bdbe09c3c/AntiMicroX/gui-sv-reviewed-20260920.ts,22f0355841a3aff45068b5ff9c62c593486c1241c1d163f73b7d040bd90b9d5d,{}
051f6acd22a896764b866527,[NO KEY],[INGEN TANGENT],AntiMicroX,gui-sv-reviewed-20260920,"JoyButtonSlot
","Granskad filleverans. Endast färdiga, aktiva översättningar tas med; detta är inte ett påstående om separat registrerat radbeslut för varje oförändrad post.",project-context,b9b1d7b6eb5967e91cc97119,reviewed-file-delivery,https://github.com/yeager/translations/blob/67e6d27877c9cfd6b6dbc74bd852b10bdbe09c3c/AntiMicroX/gui-sv-reviewed-20260920.ts,22f0355841a3aff45068b5ff9c62c593486c1241c1d163f73b7d040bd90b9d5d,{}
0535645c50d91932c96dc293,[NO KEY],[INGEN TANGENT],AntiMicroX,gui-sv-reviewed-20260920,"VirtualKeyboardMouseWidget
","Granskad filleverans. Endast färdiga, aktiva översättningar tas med; detta är inte ett påstående om separat registrerat radbeslut för varje oförändrad post.",project-context,ed0311476965f91025cd1ad8,reviewed-file-delivery,https://github.com/yeager/translations/blob/67e6d27877c9cfd6b6dbc74bd852b10bdbe09c3c/AntiMicroX/gui-sv-reviewed-20260920.ts,22f0355841a3aff45068b5ff9c62c593486c1241c1d163f73b7d040bd90b9d5d,{}
053b61f0b76030824ae5ff4d,Left Stick Click,Vänster styrspaksklick,AntiMicroX,gui-sv-reviewed-20260920,"GameControllerMappingDialog
","Granskad filleverans. Endast färdiga, aktiva översättningar tas med; detta är inte ett påstående om separat registrerat radbeslut för varje oförändrad post.",project-context,b6cf56c3f024f817a57b0838,reviewed-file-delivery,https://github.com/yeager/translations/blob/67e6d27877c9cfd6b6dbc74bd852b10bdbe09c3c/AntiMicroX/gui-sv-reviewed-20260920.ts,22f0355841a3aff45068b5ff9c62c593486c1241c1d163f73b7d040bd90b9d5d,{}
0574bca58f3683c53dee142a,Show empty battery notification,Visa meddelande om tomt batteri,AntiMicroX,gui-sv-reviewed-20260920,"MainSettingsDialog
","Granskad filleverans. Endast färdiga, aktiva översättningar tas med; detta är inte ett påstående om separat registrerat radbeslut för varje oförändrad post.",project-context,9ed9949c009aa71956e185ce,reviewed-file-delivery,https://github.com/yeager/translations/blob/67e6d27877c9cfd6b6dbc74bd852b10bdbe09c3c/AntiMicroX/gui-sv-reviewed-20260920.ts,22f0355841a3aff45068b5ff9c62c593486c1241c1d163f73b7d040bd90b9d5d,{}
05ac7ab14fbc122c58c502f0,Easing Duration:,Varaktighet för mjuk övergång:,AntiMicroX,gui-sv-reviewed-20260920,"MouseSettingsDialog
","Granskad filleverans. Endast färdiga, aktiva översättningar tas med; detta är inte ett påstående om separat registrerat radbeslut för varje oförändrad post.",project-context,9c864eec664c5edcd3f6ab0a,reviewed-file-delivery,https://github.com/yeager/translations/blob/67e6d27877c9cfd6b6dbc74bd852b10bdbe09c3c/AntiMicroX/gui-sv-reviewed-20260920.ts,22f0355841a3aff45068b5ff9c62c593486c1241c1d163f73b7d040bd90b9d5d,{}
05e5e32fb6301d31938d83d7,Two Way,Tvåvägs,AntiMicroX,gui-sv-reviewed-20260920,"AdvanceButtonDialog
","Granskad filleverans. Endast färdiga, aktiva översättningar tas med; detta är inte ett påstående om separat registrerat radbeslut för varje oförändrad post.",project-context,fe61e3bd603fef1d1dd0906f,reviewed-file-delivery,https://github.com/yeager/translations/blob/67e6d27877c9cfd6b6dbc74bd852b10bdbe09c3c/AntiMicroX/gui-sv-reviewed-20260920.ts,22f0355841a3aff45068b5ff9c62c593486c1241c1d163f73b7d040bd90b9d5d,{}
06323bc13471f3dc71c61680,Debug,Felsökning,AntiMicroX,gui-sv-reviewed-20260920,"MainSettingsDialog
","Granskad filleverans. Endast färdiga, aktiva översättningar tas med; detta är inte ett påstående om separat registrerat radbeslut för varje oförändrad post.",project-context,282efa058e63373932c242c2,reviewed-file-delivery,https://github.com/yeager/translations/blob/67e6d27877c9cfd6b6dbc74bd852b10bdbe09c3c/AntiMicroX/gui-sv-reviewed-20260920.ts,22f0355841a3aff45068b5ff9c62c593486c1241c1d163f73b7d040bd90b9d5d,{}
063d61b0ac4cf2507a0e4761,NONE,INGEN,AntiMicroX,gui-sv-reviewed-20260920,"VirtualKeyboardMouseWidget
","Granskad filleverans. Endast färdiga, aktiva översättningar tas med; detta är inte ett påstående om separat registrerat radbeslut för varje oförändrad post.",project-context,82b2c696b1d92785c3f8b5ea,reviewed-file-delivery,https://github.com/yeager/translations/blob/67e6d27877c9cfd6b6dbc74bd852b10bdbe09c3c/AntiMicroX/gui-sv-reviewed-20260920.ts,22f0355841a3aff45068b5ff9c62c593486c1241c1d163f73b7d040bd90b9d5d,{}
066d946a13caa1eaee80bc7c,DPad Delay:,Fördröjning för riktningsplatta:,AntiMicroX,gui-sv-reviewed-20260920,"DPadEditDialog
","Granskad filleverans. Endast färdiga, aktiva översättningar tas med; detta är inte ett påstående om separat registrerat radbeslut för varje oförändrad post.",project-context,45e179ad0b4e0110181477aa,reviewed-file-delivery,https://github.com/yeager/translations/blob/67e6d27877c9cfd6b6dbc74bd852b10bdbe09c3c/AntiMicroX/gui-sv-reviewed-20260920.ts,22f0355841a3aff45068b5ff9c62c593486c1241c1d163f73b7d040bd90b9d5d,{}
0734cf3368ea8f04aa55c323,Rate:,Hastighet:,AntiMicroX,gui-sv-reviewed-20260920,"AdvanceButtonDialog
","Granskad filleverans. Endast färdiga, aktiva översättningar tas med; detta är inte ett påstående om separat registrerat radbeslut för varje oförändrad post.",project-context,ad1f1a76cf4702e166a48fa1,reviewed-file-delivery,https://github.com/yeager/translations/blob/67e6d27877c9cfd6b6dbc74bd852b10bdbe09c3c/AntiMicroX/gui-sv-reviewed-20260920.ts,22f0355841a3aff45068b5ff9c62c593486c1241c1d163f73b7d040bd90b9d5d,{}
079210326b9dee867afa4ab0,Delete a slot.,Ta bort en plats.,AntiMicroX,gui-sv-reviewed-20260920,"AdvanceButtonDialog
","Granskad filleverans. Endast färdiga, aktiva översättningar tas med; detta är inte ett påstående om separat registrerat radbeslut för varje oförändrad post.",project-context,7bbf0f41087043486a71d5a8,reviewed-file-delivery,https://github.com/yeager/translations/blob/67e6d27877c9cfd6b6dbc74bd852b10bdbe09c3c/AntiMicroX/gui-sv-reviewed-20260920.ts,22f0355841a3aff45068b5ff9c62c593486c1241c1d163f73b7d040bd90b9d5d,{}
08e90781bb396752125b7a0c,Default?,Standard?,AntiMicroX,gui-sv-reviewed-20260920,"MainSettingsDialog
","Granskad filleverans. Endast färdiga, aktiva översättningar tas med; detta är inte ett påstående om separat registrerat radbeslut för varje oförändrad post.",project-context,13849d978273bc4e8661677d,reviewed-file-delivery,https://github.com/yeager/translations/blob/67e6d27877c9cfd6b6dbc74bd852b10bdbe09c3c/AntiMicroX/gui-sv-reviewed-20260920.ts,22f0355841a3aff45068b5ff9c62c593486c1241c1d163f73b7d040bd90b9d5d,{}
08fb1c7f745c9b50956077d1,Pitch Up,Luta uppåt,AntiMicroX,gui-sv-reviewed-20260920,"JoyGyroscopeButton
","Granskad filleverans. Endast färdiga, aktiva översättningar tas med; detta är inte ett påstående om separat registrerat radbeslut för varje oförändrad post.",project-context,7354b674c2be40e7f03417d2,reviewed-file-delivery,https://github.com/yeager/translations/blob/67e6d27877c9cfd6b6dbc74bd852b10bdbe09c3c/AntiMicroX/gui-sv-reviewed-20260920.ts,22f0355841a3aff45068b5ff9c62c593486c1241c1d163f73b7d040bd90b9d5d,{}
097193260a72ec92c493b067,Screen:,Skärm:,AntiMicroX,gui-sv-reviewed-20260920,"MainSettingsDialog
","Granskad filleverans. Endast färdiga, aktiva översättningar tas med; detta är inte ett påstående om separat registrerat radbeslut för varje oförändrad post.",project-context,0babbcba7450107fbefc26a7,reviewed-file-delivery,https://github.com/yeager/translations/blob/67e6d27877c9cfd6b6dbc74bd852b10bdbe09c3c/AntiMicroX/gui-sv-reviewed-20260920.ts,22f0355841a3aff45068b5ff9c62c593486c1241c1d163f73b7d040bd90b9d5d,{}
098495685cea0d64668be11c,Mouse,Mus,AntiMicroX,gui-sv-reviewed-20260920,"JoyButtonSlot
","Granskad filleverans. Endast färdiga, aktiva översättningar tas med; detta är inte ett påstående om separat registrerat radbeslut för varje oförändrad post.",project-context,97013bdf970a7f35f9ef3cc0,reviewed-file-delivery,https://github.com/yeager/translations/blob/67e6d27877c9cfd6b6dbc74bd852b10bdbe09c3c/AntiMicroX/gui-sv-reviewed-20260920.ts,22f0355841a3aff45068b5ff9c62c593486c1241c1d163f73b7d040bd90b9d5d,{}
09dee7b508bb4cf1f997fade,Spring,Fjäder,AntiMicroX,gui-sv-reviewed-20260920,"MouseSettingsDialog
","Granskad filleverans. Endast färdiga, aktiva översättningar tas med; detta är inte ett påstående om separat registrerat radbeslut för varje oförändrad post.",project-context,9d9758f0f7c08107460b659c,reviewed-file-delivery,https://github.com/yeager/translations/blob/67e6d27877c9cfd6b6dbc74bd852b10bdbe09c3c/AntiMicroX/gui-sv-reviewed-20260920.ts,22f0355841a3aff45068b5ff9c62c593486c1241c1d163f73b7d040bd90b9d5d,{}
09fc396358aa61618f9b3fda,&Properties,&Egenskaper,AntiMicroX,gui-sv-reviewed-20260920,"MainWindow
","Granskad filleverans. Endast färdiga, aktiva översättningar tas med; detta är inte ett påstående om separat registrerat radbeslut för varje oförändrad post.",project-context,951ed0208f3e39545a433e42,reviewed-file-delivery,https://github.com/yeager/translations/blob/67e6d27877c9cfd6b6dbc74bd852b10bdbe09c3c/AntiMicroX/gui-sv-reviewed-20260920.ts,22f0355841a3aff45068b5ff9c62c593486c1241c1d163f73b7d040bd90b9d5d,{}
0a3462cfbad4ebdd1a7973aa,File Name,Filnamn,AntiMicroX,gui-sv-reviewed-20260920,"CapturedWindowInfoDialog
","Granskad filleverans. Endast färdiga, aktiva översättningar tas med; detta är inte ett påstående om separat registrerat radbeslut för varje oförändrad post.",project-context,195ef23a864bc876cf21012a,reviewed-file-delivery,https://github.com/yeager/translations/blob/67e6d27877c9cfd6b6dbc74bd852b10bdbe09c3c/AntiMicroX/gui-sv-reviewed-20260920.ts,22f0355841a3aff45068b5ff9c62c593486c1241c1d163f73b7d040bd90b9d5d,{}
0a99ff9fd16e94981445a4cc,Down:,Ned:,AntiMicroX,gui-sv-reviewed-20260920,"AdvanceStickAssignmentDialog
","Granskad filleverans. Endast färdiga, aktiva översättningar tas med; detta är inte ett påstående om separat registrerat radbeslut för varje oförändrad post.",project-context,f9b03c8e532f362fc9f02bb2,reviewed-file-delivery,https://github.com/yeager/translations/blob/67e6d27877c9cfd6b6dbc74bd852b10bdbe09c3c/AntiMicroX/gui-sv-reviewed-20260920.ts,22f0355841a3aff45068b5ff9c62c593486c1241c1d163f73b7d040bd90b9d5d,{}
0aa39c24dd07a0c7b5bfede3,Specify the name of a dpad.,Ange namnet på en riktningsplatta.,AntiMicroX,gui-sv-reviewed-20260920,"DPadEditDialog
","Granskad filleverans. Endast färdiga, aktiva översättningar tas med; detta är inte ett påstående om separat registrerat radbeslut för varje oförändrad post.",project-context,874ccf9a05af789362da3d8d,reviewed-file-delivery,https://github.com/yeager/translations/blob/67e6d27877c9cfd6b6dbc74bd852b10bdbe09c3c/AntiMicroX/gui-sv-reviewed-20260920.ts,22f0355841a3aff45068b5ff9c62c593486c1241c1d163f73b7d040bd90b9d5d,{}
0ac10fc34f0fe8fdcacd86c0,Cubic,Kubisk,AntiMicroX,gui-sv-reviewed-20260920,"MouseSettingsDialog
","Granskad filleverans. Endast färdiga, aktiva översättningar tas med; detta är inte ett påstående om separat registrerat radbeslut för varje oförändrad post.",project-context,cc598e0030b233d5c9fbf920,reviewed-file-delivery,https://github.com/yeager/translations/blob/67e6d27877c9cfd6b6dbc74bd852b10bdbe09c3c/AntiMicroX/gui-sv-reviewed-20260920.ts,22f0355841a3aff45068b5ff9c62c593486c1241c1d163f73b7d040bd90b9d5d,{}
0b6b615640233b8932a1fd69,Diagonal Range:,Diagonalt område:,AntiMicroX,gui-sv-reviewed-20260920,"JoySensorEditDialog
","Granskad filleverans. Endast färdiga, aktiva översättningar tas med; detta är inte ett påstående om separat registrerat radbeslut för varje oförändrad post.",project-context,3775459c840282951c158295,reviewed-file-delivery,https://github.com/yeager/translations/blob/67e6d27877c9cfd6b6dbc74bd852b10bdbe09c3c/AntiMicroX/gui-sv-reviewed-20260920.ts,22f0355841a3aff45068b5ff9c62c593486c1241c1d163f73b7d040bd90b9d5d,{}
0cb91ef8115ce75923d8977f,Single Profile List in Tray,Ensam profillista i systemfältet,AntiMicroX,gui-sv-reviewed-20260920,"MainSettingsDialog
","Granskad filleverans. Endast färdiga, aktiva översättningar tas med; detta är inte ett påstående om separat registrerat radbeslut för varje oförändrad post.",project-context,9f568dd9fc9943607692c41f,reviewed-file-delivery,https://github.com/yeager/translations/blob/67e6d27877c9cfd6b6dbc74bd852b10bdbe09c3c/AntiMicroX/gui-sv-reviewed-20260920.ts,22f0355841a3aff45068b5ff9c62c593486c1241c1d163f73b7d040bd90b9d5d,{}
0d31f403c2a639d4dd0bfaf7,Alt_L,Vänster Alt,AntiMicroX,gui-sv-reviewed-20260920,"UInputHelper
","Granskad filleverans. Endast färdiga, aktiva översättningar tas med; detta är inte ett påstående om separat registrerat radbeslut för varje oförändrad post.",project-context,b08ed9f6ecd9df786d32ab32,reviewed-file-delivery,https://github.com/yeager/translations/blob/67e6d27877c9cfd6b6dbc74bd852b10bdbe09c3c/AntiMicroX/gui-sv-reviewed-20260920.ts,22f0355841a3aff45068b5ff9c62c593486c1241c1d163f73b7d040bd90b9d5d,{}
0d6412f4d324b0f50b44803d,Not selected slots,Ej valda platser,AntiMicroX,gui-sv-reviewed-20260920,"AdvanceButtonDialog
","Granskad filleverans. Endast färdiga, aktiva översättningar tas med; detta är inte ett påstående om separat registrerat radbeslut för varje oförändrad post.",project-context,13e9ce14f0be97645a2c272f,reviewed-file-delivery,https://github.com/yeager/translations/blob/67e6d27877c9cfd6b6dbc74bd852b10bdbe09c3c/AntiMicroX/gui-sv-reviewed-20260920.ts,22f0355841a3aff45068b5ff9c62c593486c1241c1d163f73b7d040bd90b9d5d,{}
0d86f3fa5ffb4406e02de54c,T&itle:  ,T&itel:  ,AntiMicroX,gui-sv-reviewed-20260920,"AddEditAutoProfileDialog
","Granskad filleverans. Endast färdiga, aktiva översättningar tas med; detta är inte ett påstående om separat registrerat radbeslut för varje oförändrad post.",project-context,15b8811e173d779c619d4d6d,reviewed-file-delivery,https://github.com/yeager/translations/blob/67e6d27877c9cfd6b6dbc74bd852b10bdbe09c3c/AntiMicroX/gui-sv-reviewed-20260920.ts,22f0355841a3aff45068b5ff9c62c593486c1241c1d163f73b7d040bd90b9d5d,{}
0f1038bed3c327c8c6c2da99,Button,Knapp,AntiMicroX,gui-sv-reviewed-20260920,"JoyDPadButton
","Granskad filleverans. Endast färdiga, aktiva översättningar tas med; detta är inte ett påstående om separat registrerat radbeslut för varje oförändrad post.",project-context,9f33b8e405cb323195453b06,reviewed-file-delivery,https://github.com/yeager/translations/blob/67e6d27877c9cfd6b6dbc74bd852b10bdbe09c3c/AntiMicroX/gui-sv-reviewed-20260920.ts,22f0355841a3aff45068b5ff9c62c593486c1241c1d163f73b7d040bd90b9d5d,{}
10c2da5a3995185e05a84614,Media Previous,Föregående media,AntiMicroX,gui-sv-reviewed-20260920,"VirtualKeyboardMouseWidget
","Granskad filleverans. Endast färdiga, aktiva översättningar tas med; detta är inte ett påstående om separat registrerat radbeslut för varje oförändrad post.",project-context,4d5ae95ee0db7c3b2102bdff,reviewed-file-delivery,https://github.com/yeager/translations/blob/67e6d27877c9cfd6b6dbc74bd852b10bdbe09c3c/AntiMicroX/gui-sv-reviewed-20260920.ts,22f0355841a3aff45068b5ff9c62c593486c1241c1d163f73b7d040bd90b9d5d,{}
1155c002ffb34ca51e7b8da9,Pulse,Puls,AntiMicroX,gui-sv-reviewed-20260920,"AdvanceButtonDialog
","Granskad filleverans. Endast färdiga, aktiva översättningar tas med; detta är inte ett påstående om separat registrerat radbeslut för varje oförändrad post.",project-context,cb3851a09a9c942e298e8aad,reviewed-file-delivery,https://github.com/yeager/translations/blob/67e6d27877c9cfd6b6dbc74bd852b10bdbe09c3c/AntiMicroX/gui-sv-reviewed-20260920.ts,22f0355841a3aff45068b5ff9c62c593486c1241c1d163f73b7d040bd90b9d5d,{}
11c652188b5f7750525cb6bb,4 Way Cardinal,4-vägs med huvudriktningar,AntiMicroX,gui-sv-reviewed-20260920,"DPadContextMenu
","Granskad filleverans. Endast färdiga, aktiva översättningar tas med; detta är inte ett påstående om separat registrerat radbeslut för varje oförändrad post.",project-context,e0df89c2ff96a0ab769775f5,reviewed-file-delivery,https://github.com/yeager/translations/blob/67e6d27877c9cfd6b6dbc74bd852b10bdbe09c3c/AntiMicroX/gui-sv-reviewed-20260920.ts,22f0355841a3aff45068b5ff9c62c593486c1241c1d163f73b7d040bd90b9d5d,{}
11e049a6167ce3d80377882b,Title,Titel,AntiMicroX,gui-sv-reviewed-20260920,"MainSettingsDialog
","Granskad filleverans. Endast färdiga, aktiva översättningar tas med; detta är inte ett påstående om separat registrerat radbeslut för varje oförändrad post.",project-context,54b772e8bda3f4c977da9419,reviewed-file-delivery,https://github.com/yeager/translations/blob/67e6d27877c9cfd6b6dbc74bd852b10bdbe09c3c/AntiMicroX/gui-sv-reviewed-20260920.ts,22f0355841a3aff45068b5ff9c62c593486c1241c1d163f73b7d040bd90b9d5d,{}
11f635e10f5d7c1f1e03f7bb,&Options,&Alternativ,AntiMicroX,gui-sv-reviewed-20260920,"MainWindow
","Granskad filleverans. Endast färdiga, aktiva översättningar tas med; detta är inte ett påstående om separat registrerat radbeslut för varje oförändrad post.",project-context,118ce1e142f7125e28482f1f,reviewed-file-delivery,https://github.com/yeager/translations/blob/67e6d27877c9cfd6b6dbc74bd852b10bdbe09c3c/AntiMicroX/gui-sv-reviewed-20260920.ts,22f0355841a3aff45068b5ff9c62c593486c1241c1d163f73b7d040bd90b9d5d,{}
122f126e5966401d3bc46025,Text Entry,Textinmatning,AntiMicroX,gui-sv-reviewed-20260920,"AdvanceButtonDialog
","Granskad filleverans. Endast färdiga, aktiva översättningar tas med; detta är inte ett påstående om separat registrerat radbeslut för varje oförändrad post.",project-context,976bd9d80a4c8c6a3b081960,reviewed-file-delivery,https://github.com/yeager/translations/blob/67e6d27877c9cfd6b6dbc74bd852b10bdbe09c3c/AntiMicroX/gui-sv-reviewed-20260920.ts,22f0355841a3aff45068b5ff9c62c593486c1241c1d163f73b7d040bd90b9d5d,{}
128014ea37b7d25ea8045cf1,Ctrl (R),Ctrl (H),AntiMicroX,gui-sv-reviewed-20260920,"VirtualKeyPushButton
","Granskad filleverans. Endast färdiga, aktiva översättningar tas med; detta är inte ett påstående om separat registrerat radbeslut för varje oförändrad post.",project-context,628287e964ce1059db0d0910,reviewed-file-delivery,https://github.com/yeager/translations/blob/67e6d27877c9cfd6b6dbc74bd852b10bdbe09c3c/AntiMicroX/gui-sv-reviewed-20260920.ts,22f0355841a3aff45068b5ff9c62c593486c1241c1d163f73b7d040bd90b9d5d,{}
12ced49456fb3d48ab581793,Haptic Trigger:,Haptisk avtryckare:,AntiMicroX,gui-sv-reviewed-20260920,"AxisEditDialog
","Granskad filleverans. Endast färdiga, aktiva översättningar tas med; detta är inte ett påstående om separat registrerat radbeslut för varje oförändrad post.",project-context,031bf6b864a86227d2d872ce,reviewed-file-delivery,https://github.com/yeager/translations/blob/67e6d27877c9cfd6b6dbc74bd852b10bdbe09c3c/AntiMicroX/gui-sv-reviewed-20260920.ts,22f0355841a3aff45068b5ff9c62c593486c1241c1d163f73b7d040bd90b9d5d,{}
131c9b98bc6e2f1b11e7ac24,&About,&Om,AntiMicroX,gui-sv-reviewed-20260920,"MainWindow
","Granskad filleverans. Endast färdiga, aktiva översättningar tas med; detta är inte ett påstående om separat registrerat radbeslut för varje oförändrad post.",project-context,b74a54587b5538c1f8d6fcc5,reviewed-file-delivery,https://github.com/yeager/translations/blob/67e6d27877c9cfd6b6dbc74bd852b10bdbe09c3c/AntiMicroX/gui-sv-reviewed-20260920.ts,22f0355841a3aff45068b5ff9c62c593486c1241c1d163f73b7d040bd90b9d5d,{}
135fdda60427608df3f1a221,&Restore,Å&terställ,AntiMicroX,gui-sv-reviewed-20260920,"MainWindow
","Granskad filleverans. Endast färdiga, aktiva översättningar tas med; detta är inte ett påstående om separat registrerat radbeslut för varje oförändrad post.",project-context,c3ba07ca1106c8425a7b577b,reviewed-file-delivery,https://github.com/yeager/translations/blob/67e6d27877c9cfd6b6dbc74bd852b10bdbe09c3c/AntiMicroX/gui-sv-reviewed-20260920.ts,22f0355841a3aff45068b5ff9c62c593486c1241c1d163f73b7d040bd90b9d5d,{}
1398efd361081148a2a62e28,Sensors,Sensorer,AntiMicroX,gui-sv-reviewed-20260920,"JoystickStatusWindow
","Granskad filleverans. Endast färdiga, aktiva översättningar tas med; detta är inte ett påstående om separat registrerat radbeslut för varje oförändrad post.",project-context,2b6ffa9f96b3acc480639ab7,reviewed-file-delivery,https://github.com/yeager/translations/blob/67e6d27877c9cfd6b6dbc74bd852b10bdbe09c3c/AntiMicroX/gui-sv-reviewed-20260920.ts,22f0355841a3aff45068b5ff9c62c593486c1241c1d163f73b7d040bd90b9d5d,{}
13f024dc6f256c63b0e07660,Disabled,Inaktiverad,AntiMicroX,gui-sv-reviewed-20260920,"JoyButtonContextMenu
","Granskad filleverans. Endast färdiga, aktiva översättningar tas med; detta är inte ett påstående om separat registrerat radbeslut för varje oförändrad post.",project-context,edb7520d39f5f99adb9ca87c,reviewed-file-delivery,https://github.com/yeager/translations/blob/67e6d27877c9cfd6b6dbc74bd852b10bdbe09c3c/AntiMicroX/gui-sv-reviewed-20260920.ts,22f0355841a3aff45068b5ff9c62c593486c1241c1d163f73b7d040bd90b9d5d,{}
148d4bf114ba6c267479cdca,Dead Zone:,Dödzon:,AntiMicroX,gui-sv-reviewed-20260920,"JoySensorEditDialog
","Granskad filleverans. Endast färdiga, aktiva översättningar tas med; detta är inte ett påstående om separat registrerat radbeslut för varje oförändrad post.",project-context,3dc15fcb36eea541a0d0c53c,reviewed-file-delivery,https://github.com/yeager/translations/blob/67e6d27877c9cfd6b6dbc74bd852b10bdbe09c3c/AntiMicroX/gui-sv-reviewed-20260920.ts,22f0355841a3aff45068b5ff9c62c593486c1241c1d163f73b7d040bd90b9d5d,{}
1521c40954e7b658b41847bf,E&xtra Duration:,E&xtra varaktighet:,AntiMicroX,gui-sv-reviewed-20260920,"MouseSettingsDialog
","Granskad filleverans. Endast färdiga, aktiva översättningar tas med; detta är inte ett påstående om separat registrerat radbeslut för varje oförändrad post.",project-context,251f8091fdf37077ffc697f9,reviewed-file-delivery,https://github.com/yeager/translations/blob/67e6d27877c9cfd6b6dbc74bd852b10bdbe09c3c/AntiMicroX/gui-sv-reviewed-20260920.ts,22f0355841a3aff45068b5ff9c62c593486c1241c1d163f73b7d040bd90b9d5d,{}
15be8449517c8ca3a61c04a7,Information About Window,Information om fönstret,AntiMicroX,gui-sv-reviewed-20260920,"UnixWindowInfoDialog
","Granskad filleverans. Endast färdiga, aktiva översättningar tas med; detta är inte ett påstående om separat registrerat radbeslut för varje oförändrad post.",project-context,b08aa75163109f2bf221a1b1,reviewed-file-delivery,https://github.com/yeager/translations/blob/67e6d27877c9cfd6b6dbc74bd852b10bdbe09c3c/AntiMicroX/gui-sv-reviewed-20260920.ts,22f0355841a3aff45068b5ff9c62c593486c1241c1d163f73b7d040bd90b9d5d,{}
15f5202973cfbfe5f933900d,Quitting Program,Avslutar programmet,AntiMicroX,gui-sv-reviewed-20260920,"QObject
","Granskad filleverans. Endast färdiga, aktiva översättningar tas med; detta är inte ett påstående om separat registrerat radbeslut för varje oförändrad post.",project-context,2b255302b443a8c2e03e6d17,reviewed-file-delivery,https://github.com/yeager/translations/blob/67e6d27877c9cfd6b6dbc74bd852b10bdbe09c3c/AntiMicroX/gui-sv-reviewed-20260920.ts,22f0355841a3aff45068b5ff9c62c593486c1241c1d163f73b7d040bd90b9d5d,{}
1660b1333ceda4331d84e26a,None,Ingen,AntiMicroX,gui-sv-reviewed-20260920,"JoyControlStickContextMenu
","Granskad filleverans. Endast färdiga, aktiva översättningar tas med; detta är inte ett påstående om separat registrerat radbeslut för varje oförändrad post.",project-context,ab25bfdc91816b5a6ceddaca,reviewed-file-delivery,https://github.com/yeager/translations/blob/67e6d27877c9cfd6b6dbc74bd852b10bdbe09c3c/AntiMicroX/gui-sv-reviewed-20260920.ts,22f0355841a3aff45068b5ff9c62c593486c1241c1d163f73b7d040bd90b9d5d,{}
1694a52039bc8cf924f5eaee,Sensor Delay:,Sensorfördröjning:,AntiMicroX,gui-sv-reviewed-20260920,"JoySensorEditDialog
","Granskad filleverans. Endast färdiga, aktiva översättningar tas med; detta är inte ett påstående om separat registrerat radbeslut för varje oförändrad post.",project-context,67b68f51263ff1acb4e534d6,reviewed-file-delivery,https://github.com/yeager/translations/blob/67e6d27877c9cfd6b6dbc74bd852b10bdbe09c3c/AntiMicroX/gui-sv-reviewed-20260920.ts,22f0355841a3aff45068b5ff9c62c593486c1241c1d163f73b7d040bd90b9d5d,{}
1697c8312b004a4ec930295d,Delete,Ta bort,AntiMicroX,gui-sv-reviewed-20260920,"AdvanceButtonDialog
","Granskad filleverans. Endast färdiga, aktiva översättningar tas med; detta är inte ett påstående om separat registrerat radbeslut för varje oförändrad post.",project-context,53335c81311bd22c5c73147f,reviewed-file-delivery,https://github.com/yeager/translations/blob/67e6d27877c9cfd6b6dbc74bd852b10bdbe09c3c/AntiMicroX/gui-sv-reviewed-20260920.ts,22f0355841a3aff45068b5ff9c62c593486c1241c1d163f73b7d040bd90b9d5d,{}
169b85fa6f6cd305426cc9b5,Mouse Mod,Musmod,AntiMicroX,gui-sv-reviewed-20260920,"JoyButtonSlot
","Granskad filleverans. Endast färdiga, aktiva översättningar tas med; detta är inte ett påstående om separat registrerat radbeslut för varje oförändrad post.",project-context,c17242517f3d77978f1b5691,reviewed-file-delivery,https://github.com/yeager/translations/blob/67e6d27877c9cfd6b6dbc74bd852b10bdbe09c3c/AntiMicroX/gui-sv-reviewed-20260920.ts,22f0355841a3aff45068b5ff9c62c593486c1241c1d163f73b7d040bd90b9d5d,{}
16c05ee5f19509427acc5fde,Arrows,Piltangenter,AntiMicroX,gui-sv-reviewed-20260920,"JoyControlStickContextMenu
","Granskad filleverans. Endast färdiga, aktiva översättningar tas med; detta är inte ett påstående om separat registrerat radbeslut för varje oförändrad post.",project-context,2787b6e430d536d4816d1ebe,reviewed-file-delivery,https://github.com/yeager/translations/blob/67e6d27877c9cfd6b6dbc74bd852b10bdbe09c3c/AntiMicroX/gui-sv-reviewed-20260920.ts,22f0355841a3aff45068b5ff9c62c593486c1241c1d163f73b7d040bd90b9d5d,{}
16c125217a27a4d68b2df657,Wheel Up,Mushjul upp,AntiMicroX,gui-sv-reviewed-20260920,"VirtualKeyboardMouseWidget
Mouse","Granskad filleverans. Endast färdiga, aktiva översättningar tas med; detta är inte ett påstående om separat registrerat radbeslut för varje oförändrad post.",project-context,04af6c10a06278c2b7743daf,reviewed-file-delivery,https://github.com/yeager/translations/blob/67e6d27877c9cfd6b6dbc74bd852b10bdbe09c3c/AntiMicroX/gui-sv-reviewed-20260920.ts,22f0355841a3aff45068b5ff9c62c593486c1241c1d163f73b7d040bd90b9d5d,{}
17b38eefc410d3cddeb9222c,Cancel,Avbryt,AntiMicroX,gui-sv-reviewed-20260920,"WinAppProfileTimerDialog
","Granskad filleverans. Endast färdiga, aktiva översättningar tas med; detta är inte ett påstående om separat registrerat radbeslut för varje oförändrad post.",project-context,cb23a71d72d9661f84139dd5,reviewed-file-delivery,https://github.com/yeager/translations/blob/67e6d27877c9cfd6b6dbc74bd852b10bdbe09c3c/AntiMicroX/gui-sv-reviewed-20260920.ts,22f0355841a3aff45068b5ff9c62c593486c1241c1d163f73b7d040bd90b9d5d,{}
18242722c54d6e29f8cd7f77,VolDn,Sänk volymen,AntiMicroX,gui-sv-reviewed-20260920,"UInputHelper
","Granskad filleverans. Endast färdiga, aktiva översättningar tas med; detta är inte ett påstående om separat registrerat radbeslut för varje oförändrad post.",project-context,7f8263f826805b4d249b08d0,reviewed-file-delivery,https://github.com/yeager/translations/blob/67e6d27877c9cfd6b6dbc74bd852b10bdbe09c3c/AntiMicroX/gui-sv-reviewed-20260920.ts,22f0355841a3aff45068b5ff9c62c593486c1241c1d163f73b7d040bd90b9d5d,{}
18881802da0f402ea2bb8558,Arrows: Left | Right,Piltangenter: Vänster | Höger,AntiMicroX,gui-sv-reviewed-20260920,"JoyAxisContextMenu
","Granskad filleverans. Endast färdiga, aktiva översättningar tas med; detta är inte ett påstående om separat registrerat radbeslut för varje oförändrad post.",project-context,9c9e63a3ed38290c18c23b7a,reviewed-file-delivery,https://github.com/yeager/translations/blob/67e6d27877c9cfd6b6dbc74bd852b10bdbe09c3c/AntiMicroX/gui-sv-reviewed-20260920.ts,22f0355841a3aff45068b5ff9c62c593486c1241c1d163f73b7d040bd90b9d5d,{}
19b8a0a9403eb5a8514c9aa6,Modifier:,Modifieringsknapp:,AntiMicroX,gui-sv-reviewed-20260920,"JoyControlStickEditDialog
","Granskad filleverans. Endast färdiga, aktiva översättningar tas med; detta är inte ett påstående om separat registrerat radbeslut för varje oförändrad post.",project-context,5f907920113e1c9e5f6657d7,reviewed-file-delivery,https://github.com/yeager/translations/blob/67e6d27877c9cfd6b6dbc74bd852b10bdbe09c3c/AntiMicroX/gui-sv-reviewed-20260920.ts,22f0355841a3aff45068b5ff9c62c593486c1241c1d163f73b7d040bd90b9d5d,{}
1a849e7d68b524a416855210,Remove,Ta bort,AntiMicroX,gui-sv-reviewed-20260920,"JoyTabWidget
","Granskad filleverans. Endast färdiga, aktiva översättningar tas med; detta är inte ett påstående om separat registrerat radbeslut för varje oförändrad post.",project-context,0063f9a1070e8b4e4721cd4d,reviewed-file-delivery,https://github.com/yeager/translations/blob/67e6d27877c9cfd6b6dbc74bd852b10bdbe09c3c/AntiMicroX/gui-sv-reviewed-20260920.ts,22f0355841a3aff45068b5ff9c62c593486c1241c1d163f73b7d040bd90b9d5d,{}
1b563d083b66dff0432d950b,filename,filnamn,AntiMicroX,gui-sv-reviewed-20260920,"main
","Granskad filleverans. Endast färdiga, aktiva översättningar tas med; detta är inte ett påstående om separat registrerat radbeslut för varje oförändrad post.",project-context,aff133b45f2292c71679dbe0,reviewed-file-delivery,https://github.com/yeager/translations/blob/67e6d27877c9cfd6b6dbc74bd852b10bdbe09c3c/AntiMicroX/gui-sv-reviewed-20260920.ts,22f0355841a3aff45068b5ff9c62c593486c1241c1d163f73b7d040bd90b9d5d,{}
1bd084b93c3f43f322aa92b4,Mouse Settings,Musinställningar,AntiMicroX,gui-sv-reviewed-20260920,"JoySensorEditDialog
","Granskad filleverans. Endast färdiga, aktiva översättningar tas med; detta är inte ett påstående om separat registrerat radbeslut för varje oförändrad post.",project-context,1023be18889e8d7a86d4b162,reviewed-file-delivery,https://github.com/yeager/translations/blob/67e6d27877c9cfd6b6dbc74bd852b10bdbe09c3c/AntiMicroX/gui-sv-reviewed-20260920.ts,22f0355841a3aff45068b5ff9c62c593486c1241c1d163f73b7d040bd90b9d5d,{}
1d0a89369ff04e387ec37a4e,Calibration,Kalibrering,AntiMicroX,gui-sv-reviewed-20260920,"Calibration
","Granskad filleverans. Endast färdiga, aktiva översättningar tas med; detta är inte ett påstående om separat registrerat radbeslut för varje oförändrad post.",project-context,5123cb2bab84aba7243f4fa0,reviewed-file-delivery,https://github.com/yeager/translations/blob/67e6d27877c9cfd6b6dbc74bd852b10bdbe09c3c/AntiMicroX/gui-sv-reviewed-20260920.ts,22f0355841a3aff45068b5ff9c62c593486c1241c1d163f73b7d040bd90b9d5d,{}
1d7e92d93e768f25ca156594,Config Files (*.amgp *.xml),Konfigurationsfiler (*.amgp *.xml),AntiMicroX,gui-sv-reviewed-20260920,"AdvanceButtonDialog
","Granskad filleverans. Endast färdiga, aktiva översättningar tas med; detta är inte ett påstående om separat registrerat radbeslut för varje oförändrad post.",project-context,2706af19fd49236df603d481,reviewed-file-delivery,https://github.com/yeager/translations/blob/67e6d27877c9cfd6b6dbc74bd852b10bdbe09c3c/AntiMicroX/gui-sv-reviewed-20260920.ts,22f0355841a3aff45068b5ff9c62c593486c1241c1d163f73b7d040bd90b9d5d,{}
1d8b9075470a3dd4f47d7bc0,Active,Aktiv,AntiMicroX,gui-sv-reviewed-20260920,"MainSettingsDialog
","Granskad filleverans. Endast färdiga, aktiva översättningar tas med; detta är inte ett påstående om separat registrerat radbeslut för varje oförändrad post.",project-context,e654286dcf4161190b77079c,reviewed-file-delivery,https://github.com/yeager/translations/blob/67e6d27877c9cfd6b6dbc74bd852b10bdbe09c3c/AntiMicroX/gui-sv-reviewed-20260920.ts,22f0355841a3aff45068b5ff9c62c593486c1241c1d163f73b7d040bd90b9d5d,{}
1ddc0b226fc9560c32749cc4,Empty,Tom,AntiMicroX,gui-sv-reviewed-20260920,"JoystickStatusWindow
","Granskad filleverans. Endast färdiga, aktiva översättningar tas med; detta är inte ett påstående om separat registrerat radbeslut för varje oförändrad post.",project-context,6547dc0b59ee21174487b446,reviewed-file-delivery,https://github.com/yeager/translations/blob/67e6d27877c9cfd6b6dbc74bd852b10bdbe09c3c/AntiMicroX/gui-sv-reviewed-20260920.ts,22f0355841a3aff45068b5ff9c62c593486c1241c1d163f73b7d040bd90b9d5d,{}
1ddc31cd0fa8da652155a673,None,Ingen,AntiMicroX,gui-sv-reviewed-20260920,"JoySensorPreset
","Granskad filleverans. Endast färdiga, aktiva översättningar tas med; detta är inte ett påstående om separat registrerat radbeslut för varje oförändrad post.",project-context,0ae2bf7a73e6fe0023fb5fdd,reviewed-file-delivery,https://github.com/yeager/translations/blob/67e6d27877c9cfd6b6dbc74bd852b10bdbe09c3c/AntiMicroX/gui-sv-reviewed-20260920.ts,22f0355841a3aff45068b5ff9c62c593486c1241c1d163f73b7d040bd90b9d5d,{}
1e04b07577b8a62aed3eace5,Positive Throttle,Positiv gas,AntiMicroX,gui-sv-reviewed-20260920,"AxisEditDialog
","Granskad filleverans. Endast färdiga, aktiva översättningar tas med; detta är inte ett påstående om separat registrerat radbeslut för varje oförändrad post.",project-context,9280570665b68f2664354fe0,reviewed-file-delivery,https://github.com/yeager/translations/blob/67e6d27877c9cfd6b6dbc74bd852b10bdbe09c3c/AntiMicroX/gui-sv-reviewed-20260920.ts,22f0355841a3aff45068b5ff9c62c593486c1241c1d163f73b7d040bd90b9d5d,{}
1ebf4b9801c1fc9f51530405,Delta Acceleration,Deltaacceleration,AntiMicroX,gui-sv-reviewed-20260920,"MouseSettingsDialog
","Granskad filleverans. Endast färdiga, aktiva översättningar tas med; detta är inte ett påstående om separat registrerat radbeslut för varje oförändrad post.",project-context,654726cdf17dd3e483a720db,reviewed-file-delivery,https://github.com/yeager/translations/blob/67e6d27877c9cfd6b6dbc74bd852b10bdbe09c3c/AntiMicroX/gui-sv-reviewed-20260920.ts,22f0355841a3aff45068b5ff9c62c593486c1241c1d163f73b7d040bd90b9d5d,{}
1efea94928c3dbe0504375c1,Pitch (°/s),Lutning (°/s),AntiMicroX,gui-sv-reviewed-20260920,"JoySensorEditDialog
","Granskad filleverans. Endast färdiga, aktiva översättningar tas med; detta är inte ett påstående om separat registrerat radbeslut för varje oförändrad post.",project-context,20ee23d52e86163c6e145ea0,reviewed-file-delivery,https://github.com/yeager/translations/blob/67e6d27877c9cfd6b6dbc74bd852b10bdbe09c3c/AntiMicroX/gui-sv-reviewed-20260920.ts,22f0355841a3aff45068b5ff9c62c593486c1241c1d163f73b7d040bd90b9d5d,{}
1f0a87860eea63037eb9aa67,Gamepad Poll Rate:,Avfrågningsfrekvens för handkontroll:,AntiMicroX,gui-sv-reviewed-20260920,"MainSettingsDialog
","Granskad filleverans. Endast färdiga, aktiva översättningar tas med; detta är inte ett påstående om separat registrerat radbeslut för varje oförändrad post.",project-context,9d7858380f74787cbc393a0f,reviewed-file-delivery,https://github.com/yeager/translations/blob/67e6d27877c9cfd6b6dbc74bd852b10bdbe09c3c/AntiMicroX/gui-sv-reviewed-20260920.ts,22f0355841a3aff45068b5ff9c62c593486c1241c1d163f73b7d040bd90b9d5d,{}
1f20e00a2896fc9f72af1efb,DPad Left,Riktningsplatta vänster,AntiMicroX,gui-sv-reviewed-20260920,"GameControllerMappingDialog
","Granskad filleverans. Endast färdiga, aktiva översättningar tas med; detta är inte ett påstående om separat registrerat radbeslut för varje oförändrad post.",project-context,a2e932db3b4a46eaf1b6633d,reviewed-file-delivery,https://github.com/yeager/translations/blob/67e6d27877c9cfd6b6dbc74bd852b10bdbe09c3c/AntiMicroX/gui-sv-reviewed-20260920.ts,22f0355841a3aff45068b5ff9c62c593486c1241c1d163f73b7d040bd90b9d5d,{}
1fc6c1ecfb42440d7fdbd8d5,Left:,Vänster:,AntiMicroX,gui-sv-reviewed-20260920,"AdvanceStickAssignmentDialog
","Granskad filleverans. Endast färdiga, aktiva översättningar tas med; detta är inte ett påstående om separat registrerat radbeslut för varje oförändrad post.",project-context,16c8769b7e88653d3ceb4603,reviewed-file-delivery,https://github.com/yeager/translations/blob/67e6d27877c9cfd6b6dbc74bd852b10bdbe09c3c/AntiMicroX/gui-sv-reviewed-20260920.ts,22f0355841a3aff45068b5ff9c62c593486c1241c1d163f73b7d040bd90b9d5d,{}
1fcb3179e475eb5b5b0b877c,Sensors,Sensorer,AntiMicroX,gui-sv-reviewed-20260920,"JoyTabWidget
","Granskad filleverans. Endast färdiga, aktiva översättningar tas med; detta är inte ett påstående om separat registrerat radbeslut för varje oförändrad post.",project-context,630f6e4f128a1412f9b1298b,reviewed-file-delivery,https://github.com/yeager/translations/blob/67e6d27877c9cfd6b6dbc74bd852b10bdbe09c3c/AntiMicroX/gui-sv-reviewed-20260920.ts,22f0355841a3aff45068b5ff9c62c593486c1241c1d163f73b7d040bd90b9d5d,{}
1fdf25cb69e464877089a10b,LB,VMB,AntiMicroX,gui-sv-reviewed-20260920,"JoyButtonSlot
","Granskad filleverans. Endast färdiga, aktiva översättningar tas med; detta är inte ett påstående om separat registrerat radbeslut för varje oförändrad post.",project-context,23e13619b07c2ac3fbbad924,reviewed-file-delivery,https://github.com/yeager/translations/blob/67e6d27877c9cfd6b6dbc74bd852b10bdbe09c3c/AntiMicroX/gui-sv-reviewed-20260920.ts,22f0355841a3aff45068b5ff9c62c593486c1241c1d163f73b7d040bd90b9d5d,{}
200a5b01bff63ce30b0975e5,Name:,Namn:,AntiMicroX,gui-sv-reviewed-20260920,"JoystickStatusWindow
","Granskad filleverans. Endast färdiga, aktiva översättningar tas med; detta är inte ett påstående om separat registrerat radbeslut för varje oförändrad post.",project-context,8d9842145b3b48ec88bf30e3,reviewed-file-delivery,https://github.com/yeager/translations/blob/67e6d27877c9cfd6b6dbc74bd852b10bdbe09c3c/AntiMicroX/gui-sv-reviewed-20260920.ts,22f0355841a3aff45068b5ff9c62c593486c1241c1d163f73b7d040bd90b9d5d,{}
2074fc6a41b0b9cff26e1159,Not enough slots,Inte tillräckligt med platser,AntiMicroX,gui-sv-reviewed-20260920,"AdvanceButtonDialog
","Granskad filleverans. Endast färdiga, aktiva översättningar tas med; detta är inte ett påstående om separat registrerat radbeslut för varje oförändrad post.",project-context,74a045b62a74c674b97cad28,reviewed-file-delivery,https://github.com/yeager/translations/blob/67e6d27877c9cfd6b6dbc74bd852b10bdbe09c3c/AntiMicroX/gui-sv-reviewed-20260920.ts,22f0355841a3aff45068b5ff9c62c593486c1241c1d163f73b7d040bd90b9d5d,{}
20a9c1b8c6a7ddbf2d37ce3d,Easing Quadratic,Mjuk kvadratisk,AntiMicroX,gui-sv-reviewed-20260920,"MouseSettingsDialog
","Granskad filleverans. Endast färdiga, aktiva översättningar tas med; detta är inte ett påstående om separat registrerat radbeslut för varje oförändrad post.",project-context,01cc1fdcc824a588b899f788,reviewed-file-delivery,https://github.com/yeager/translations/blob/67e6d27877c9cfd6b6dbc74bd852b10bdbe09c3c/AntiMicroX/gui-sv-reviewed-20260920.ts,22f0355841a3aff45068b5ff9c62c593486c1241c1d163f73b7d040bd90b9d5d,{}
20cff6570c3e68a44badfdb3,Invert Modifier Zone,Invertera modifierarzon,AntiMicroX,gui-sv-reviewed-20260920,"JoyControlStickEditDialog
","Granskad filleverans. Endast färdiga, aktiva översättningar tas med; detta är inte ett påstående om separat registrerat radbeslut för varje oförändrad post.",project-context,330de57617fbf20c7a9d20a3,reviewed-file-delivery,https://github.com/yeager/translations/blob/67e6d27877c9cfd6b6dbc74bd852b10bdbe09c3c/AntiMicroX/gui-sv-reviewed-20260920.ts,22f0355841a3aff45068b5ff9c62c593486c1241c1d163f73b7d040bd90b9d5d,{}
20ef8d4489876610a37699c3,Reading old profile,Läser in äldre profil,AntiMicroX,gui-sv-reviewed-20260920,"MainWindow
","Granskad filleverans. Endast färdiga, aktiva översättningar tas med; detta är inte ett påstående om separat registrerat radbeslut för varje oförändrad post.",project-context,f894e2d24e164d8d7f6f2e37,reviewed-file-delivery,https://github.com/yeager/translations/blob/67e6d27877c9cfd6b6dbc74bd852b10bdbe09c3c/AntiMicroX/gui-sv-reviewed-20260920.ts,22f0355841a3aff45068b5ff9c62c593486c1241c1d163f73b7d040bd90b9d5d,{}
211c779b97bade01d6dfef97,Log File:,Loggfil:,AntiMicroX,gui-sv-reviewed-20260920,"MainSettingsDialog
","Granskad filleverans. Endast färdiga, aktiva översättningar tas med; detta är inte ett påstående om separat registrerat radbeslut för varje oförändrad post.",project-context,3450804dcad9bd1b3b008080,reviewed-file-delivery,https://github.com/yeager/translations/blob/67e6d27877c9cfd6b6dbc74bd852b10bdbe09c3c/AntiMicroX/gui-sv-reviewed-20260920.ts,22f0355841a3aff45068b5ff9c62c593486c1241c1d163f73b7d040bd90b9d5d,{}
221eea4303d7d05859384620,Prev,Föregående,AntiMicroX,gui-sv-reviewed-20260920,"UInputHelper
","Granskad filleverans. Endast färdiga, aktiva översättningar tas med; detta är inte ett påstående om separat registrerat radbeslut för varje oförändrad post.",project-context,b147fb80bca935df908c02eb,reviewed-file-delivery,https://github.com/yeager/translations/blob/67e6d27877c9cfd6b6dbc74bd852b10bdbe09c3c/AntiMicroX/gui-sv-reviewed-20260920.ts,22f0355841a3aff45068b5ff9c62c593486c1241c1d163f73b7d040bd90b9d5d,{}
2266fc143e3575fd9c629336,Copy from Set,Kopiera från uppsättning,AntiMicroX,gui-sv-reviewed-20260920,"JoyTabWidget
","Granskad filleverans. Endast färdiga, aktiva översättningar tas med; detta är inte ett påstående om separat registrerat radbeslut för varje oförändrad post.",project-context,dfb59376f2735d115db46f81,reviewed-file-delivery,https://github.com/yeager/translations/blob/67e6d27877c9cfd6b6dbc74bd852b10bdbe09c3c/AntiMicroX/gui-sv-reviewed-20260920.ts,22f0355841a3aff45068b5ff9c62c593486c1241c1d163f73b7d040bd90b9d5d,{}
2273add6e63b26ce4213c59a,MB,MMB,AntiMicroX,gui-sv-reviewed-20260920,"JoyButtonSlot
","Granskad filleverans. Endast färdiga, aktiva översättningar tas med; detta är inte ett påstående om separat registrerat radbeslut för varje oförändrad post.",project-context,622ea7f0306f7516c336943b,reviewed-file-delivery,https://github.com/yeager/translations/blob/67e6d27877c9cfd6b6dbc74bd852b10bdbe09c3c/AntiMicroX/gui-sv-reviewed-20260920.ts,22f0355841a3aff45068b5ff9c62c593486c1241c1d163f73b7d040bd90b9d5d,{}
22b6512e35957b2ffd70adf1,Mouse (Inverted Vertical),Mus (omvänd vertikal),AntiMicroX,gui-sv-reviewed-20260920,"AxisEditDialog
","Granskad filleverans. Endast färdiga, aktiva översättningar tas med; detta är inte ett påstående om separat registrerat radbeslut för varje oförändrad post.",project-context,3dde10f8e074313b7f4d2b58,reviewed-file-delivery,https://github.com/yeager/translations/blob/67e6d27877c9cfd6b6dbc74bd852b10bdbe09c3c/AntiMicroX/gui-sv-reviewed-20260920.ts,22f0355841a3aff45068b5ff9c62c593486c1241c1d163f73b7d040bd90b9d5d,{}
234b37cf02c4cbca26d1e392,Auto Profile Dialog,Dialogfönster för automatisk profil,AntiMicroX,gui-sv-reviewed-20260920,"AddEditAutoProfileDialog
","Granskad filleverans. Endast färdiga, aktiva översättningar tas med; detta är inte ett påstående om separat registrerat radbeslut för varje oförändrad post.",project-context,3bc7e5c69fb455ca0f78f268,reviewed-file-delivery,https://github.com/yeager/translations/blob/67e6d27877c9cfd6b6dbc74bd852b10bdbe09c3c/AntiMicroX/gui-sv-reviewed-20260920.ts,22f0355841a3aff45068b5ff9c62c593486c1241c1d163f73b7d040bd90b9d5d,{}
23615562cd858ea1052facb9,Set 1,Uppsättning 1,AntiMicroX,gui-sv-reviewed-20260920,"JoyTabWidget
","Granskad filleverans. Endast färdiga, aktiva översättningar tas med; detta är inte ett påstående om separat registrerat radbeslut för varje oförändrad post.",project-context,dc1559bad66ebefdf696f8ec,reviewed-file-delivery,https://github.com/yeager/translations/blob/67e6d27877c9cfd6b6dbc74bd852b10bdbe09c3c/AntiMicroX/gui-sv-reviewed-20260920.ts,22f0355841a3aff45068b5ff9c62c593486c1241c1d163f73b7d040bd90b9d5d,{}
23a8ba4e596c49e8e439bc3c,Hats,Riktningshattar,AntiMicroX,gui-sv-reviewed-20260920,"JoystickStatusWindow
","Granskad filleverans. Endast färdiga, aktiva översättningar tas med; detta är inte ett påstående om separat registrerat radbeslut för varje oförändrad post.",project-context,ba9c6b80ac7f4f9f59f4db39,reviewed-file-delivery,https://github.com/yeager/translations/blob/67e6d27877c9cfd6b6dbc74bd852b10bdbe09c3c/AntiMicroX/gui-sv-reviewed-20260920.ts,22f0355841a3aff45068b5ff9c62c593486c1241c1d163f73b7d040bd90b9d5d,{}
24cb58f3d421500638996d3e,Choose Profile,Välj profil,AntiMicroX,gui-sv-reviewed-20260920,"AdvanceButtonDialog
","Granskad filleverans. Endast färdiga, aktiva översättningar tas med; detta är inte ett påstående om separat registrerat radbeslut för varje oförändrad post.",project-context,69d38476b49551dd01950dbe,reviewed-file-delivery,https://github.com/yeager/translations/blob/67e6d27877c9cfd6b6dbc74bd852b10bdbe09c3c/AntiMicroX/gui-sv-reviewed-20260920.ts,22f0355841a3aff45068b5ff9c62c593486c1241c1d163f73b7d040bd90b9d5d,{}
24fbdf41fe86140f3d2f06c7,Auto Profile,Automatisk profil,AntiMicroX,gui-sv-reviewed-20260920,"MainSettingsDialog
","Granskad filleverans. Endast färdiga, aktiva översättningar tas med; detta är inte ett påstående om separat registrerat radbeslut för varje oförändrad post.",project-context,7c43175f7fddece6e85c09d1,reviewed-file-delivery,https://github.com/yeager/translations/blob/67e6d27877c9cfd6b6dbc74bd852b10bdbe09c3c/AntiMicroX/gui-sv-reviewed-20260920.ts,22f0355841a3aff45068b5ff9c62c593486c1241c1d163f73b7d040bd90b9d5d,{}
2503fea99b3ad047d1623473,RB,HMB,AntiMicroX,gui-sv-reviewed-20260920,"JoyButtonSlot
","Granskad filleverans. Endast färdiga, aktiva översättningar tas med; detta är inte ett påstående om separat registrerat radbeslut för varje oförändrad post.",project-context,6e0de12c709d9153b5139230,reviewed-file-delivery,https://github.com/yeager/translations/blob/67e6d27877c9cfd6b6dbc74bd852b10bdbe09c3c/AntiMicroX/gui-sv-reviewed-20260920.ts,22f0355841a3aff45068b5ff9c62c593486c1241c1d163f73b7d040bd90b9d5d,{}
2526b73adc0c6cf59e28bbac,Media Next,Nästa media,AntiMicroX,gui-sv-reviewed-20260920,"VirtualKeyboardMouseWidget
","Granskad filleverans. Endast färdiga, aktiva översättningar tas med; detta är inte ett påstående om separat registrerat radbeslut för varje oförändrad post.",project-context,b64253ff65eec5fcd4861340,reviewed-file-delivery,https://github.com/yeager/translations/blob/67e6d27877c9cfd6b6dbc74bd852b10bdbe09c3c/AntiMicroX/gui-sv-reviewed-20260920.ts,22f0355841a3aff45068b5ff9c62c593486c1241c1d163f73b7d040bd90b9d5d,{}
257590d038612d4b30f749ae,No window matching property was specified.,Ingen egenskap som matchar något fönster angavs.,AntiMicroX,gui-sv-reviewed-20260920,"AddEditAutoProfileDialog
","Granskad filleverans. Endast färdiga, aktiva översättningar tas med; detta är inte ett påstående om separat registrerat radbeslut för varje oförändrad post.",project-context,6f4e8ce57a80177fb24d7147,reviewed-file-delivery,https://github.com/yeager/translations/blob/67e6d27877c9cfd6b6dbc74bd852b10bdbe09c3c/AntiMicroX/gui-sv-reviewed-20260920.ts,22f0355841a3aff45068b5ff9c62c593486c1241c1d163f73b7d040bd90b9d5d,{}
257c5486dd91e3bda20f827c,Placeholder,Platshållare,AntiMicroX,gui-sv-reviewed-20260920,"AdvanceButtonDialog
","Granskad filleverans. Endast färdiga, aktiva översättningar tas med; detta är inte ett påstående om separat registrerat radbeslut för varje oförändrad post.",project-context,38ca84cd798cb2a137e1494d,reviewed-file-delivery,https://github.com/yeager/translations/blob/67e6d27877c9cfd6b6dbc74bd852b10bdbe09c3c/AntiMicroX/gui-sv-reviewed-20260920.ts,22f0355841a3aff45068b5ff9c62c593486c1241c1d163f73b7d040bd90b9d5d,{}
25bd0a693d4b59ccc5cec201,Mouse Mod,Musmod,AntiMicroX,gui-sv-reviewed-20260920,"AdvanceButtonDialog
","Granskad filleverans. Endast färdiga, aktiva översättningar tas med; detta är inte ett påstående om separat registrerat radbeslut för varje oförändrad post.",project-context,0c4079df2eeb416abd8662cf,reviewed-file-delivery,https://github.com/yeager/translations/blob/67e6d27877c9cfd6b6dbc74bd852b10bdbe09c3c/AntiMicroX/gui-sv-reviewed-20260920.ts,22f0355841a3aff45068b5ff9c62c593486c1241c1d163f73b7d040bd90b9d5d,{}
25d32b84877f162928793eaf,Advanced,Avancerad,AntiMicroX,gui-sv-reviewed-20260920,"ButtonEditDialog
","Granskad filleverans. Endast färdiga, aktiva översättningar tas med; detta är inte ett påstående om separat registrerat radbeslut för varje oförändrad post.",project-context,4e665802c15f82cf34474f44,reviewed-file-delivery,https://github.com/yeager/translations/blob/67e6d27877c9cfd6b6dbc74bd852b10bdbe09c3c/AntiMicroX/gui-sv-reviewed-20260920.ts,22f0355841a3aff45068b5ff9c62c593486c1241c1d163f73b7d040bd90b9d5d,{}
25fcb85dcb6e17a7cf9544c1,Select Set 2 One Way,Välj uppsättning 2 enkelriktat,AntiMicroX,gui-sv-reviewed-20260920,"AdvanceButtonDialog
","Granskad filleverans. Endast färdiga, aktiva översättningar tas med; detta är inte ett påstående om separat registrerat radbeslut för varje oförändrad post.",project-context,149821093402f49a4d6c6ba1,reviewed-file-delivery,https://github.com/yeager/translations/blob/67e6d27877c9cfd6b6dbc74bd852b10bdbe09c3c/AntiMicroX/gui-sv-reviewed-20260920.ts,22f0355841a3aff45068b5ff9c62c593486c1241c1d163f73b7d040bd90b9d5d,{}
26e1ffe71ea651facbb6ec49,Presets:,Förval:,AntiMicroX,gui-sv-reviewed-20260920,"JoyControlStickEditDialog
","Granskad filleverans. Endast färdiga, aktiva översättningar tas med; detta är inte ett påstående om separat registrerat radbeslut för varje oförändrad post.",project-context,80db8fb471f26d1f054aca72,reviewed-file-delivery,https://github.com/yeager/translations/blob/67e6d27877c9cfd6b6dbc74bd852b10bdbe09c3c/AntiMicroX/gui-sv-reviewed-20260920.ts,22f0355841a3aff45068b5ff9c62c593486c1241c1d163f73b7d040bd90b9d5d,{}
26e4241a814df21f4d9defed,Pref,Inställningar,AntiMicroX,gui-sv-reviewed-20260920,"JoyTabWidget
","Granskad filleverans. Endast färdiga, aktiva översättningar tas med; detta är inte ett påstående om separat registrerat radbeslut för varje oförändrad post.",project-context,10303f39739b4507885d2a4a,reviewed-file-delivery,https://github.com/yeager/translations/blob/67e6d27877c9cfd6b6dbc74bd852b10bdbe09c3c/AntiMicroX/gui-sv-reviewed-20260920.ts,22f0355841a3aff45068b5ff9c62c593486c1241c1d163f73b7d040bd90b9d5d,{}
27173895ef2353c0515df8f7,Select Set 3 While Held,Välj uppsättning 3 medan den hålls nedtryckt,AntiMicroX,gui-sv-reviewed-20260920,"AdvanceButtonDialog
","Granskad filleverans. Endast färdiga, aktiva översättningar tas med; detta är inte ett påstående om separat registrerat radbeslut för varje oförändrad post.",project-context,88e096fd19dc35594c08e180,reviewed-file-delivery,https://github.com/yeager/translations/blob/67e6d27877c9cfd6b6dbc74bd852b10bdbe09c3c/AntiMicroX/gui-sv-reviewed-20260920.ts,22f0355841a3aff45068b5ff9c62c593486c1241c1d163f73b7d040bd90b9d5d,{}
27693827e22cf145ce8ac2cb,seconds,sekunder,AntiMicroX,gui-sv-reviewed-20260920,"AdvanceButtonDialog
","Granskad filleverans. Endast färdiga, aktiva översättningar tas med; detta är inte ett påstående om separat registrerat radbeslut för varje oförändrad post.",project-context,aa92c3c3eacac15ecf3845a3,reviewed-file-delivery,https://github.com/yeager/translations/blob/67e6d27877c9cfd6b6dbc74bd852b10bdbe09c3c/AntiMicroX/gui-sv-reviewed-20260920.ts,22f0355841a3aff45068b5ff9c62c593486c1241c1d163f73b7d040bd90b9d5d,{}
28db9a53707988293c752cd0,NumPad: KP_8 | KP_2,Numeriskt tangentbord: KP_8 | KP_2,AntiMicroX,gui-sv-reviewed-20260920,"JoyAxisContextMenu
","Granskad filleverans. Endast färdiga, aktiva översättningar tas med; detta är inte ett påstående om separat registrerat radbeslut för varje oförändrad post.",project-context,e477587c72f4553c90c393b0,reviewed-file-delivery,https://github.com/yeager/translations/blob/67e6d27877c9cfd6b6dbc74bd852b10bdbe09c3c/AntiMicroX/gui-sv-reviewed-20260920.ts,22f0355841a3aff45068b5ff9c62c593486c1241c1d163f73b7d040bd90b9d5d,{}
28f58acec73980acf6658e98,INVALID,OGILTIG,AntiMicroX,gui-sv-reviewed-20260920,"VirtualMousePushButton
","Granskad filleverans. Endast färdiga, aktiva översättningar tas med; detta är inte ett påstående om separat registrerat radbeslut för varje oförändrad post.",project-context,72316d208f5176ddc7c80884,reviewed-file-delivery,https://github.com/yeager/translations/blob/67e6d27877c9cfd6b6dbc74bd852b10bdbe09c3c/AntiMicroX/gui-sv-reviewed-20260920.ts,22f0355841a3aff45068b5ff9c62c593486c1241c1d163f73b7d040bd90b9d5d,{}
29318a3a4eabd3f05d1b7414,Relative,Relativ,AntiMicroX,gui-sv-reviewed-20260920,"MouseSettingsDialog
","Granskad filleverans. Endast färdiga, aktiva översättningar tas med; detta är inte ett påstående om separat registrerat radbeslut för varje oförändrad post.",project-context,7136dda5550cb895b5c4a2d2,reviewed-file-delivery,https://github.com/yeager/translations/blob/67e6d27877c9cfd6b6dbc74bd852b10bdbe09c3c/AntiMicroX/gui-sv-reviewed-20260920.ts,22f0355841a3aff45068b5ff9c62c593486c1241c1d163f73b7d040bd90b9d5d,{}
298ff75f5fb1014107738dd5,Match By Properties,Matcha efter egenskaper,AntiMicroX,gui-sv-reviewed-20260920,"UnixWindowInfoDialog
","Granskad filleverans. Endast färdiga, aktiva översättningar tas med; detta är inte ett påstående om separat registrerat radbeslut för varje oförändrad post.",project-context,70359daf3c29e9bba44701d6,reviewed-file-delivery,https://github.com/yeager/translations/blob/67e6d27877c9cfd6b6dbc74bd852b10bdbe09c3c/AntiMicroX/gui-sv-reviewed-20260920.ts,22f0355841a3aff45068b5ff9c62c593486c1241c1d163f73b7d040bd90b9d5d,{}
2996854118ca792aa398bf5f,Set 6,Uppsättning 6,AntiMicroX,gui-sv-reviewed-20260920,"JoyTabWidget
","Granskad filleverans. Endast färdiga, aktiva översättningar tas med; detta är inte ett påstående om separat registrerat radbeslut för varje oförändrad post.",project-context,8275d04798a0700ff967075b,reviewed-file-delivery,https://github.com/yeager/translations/blob/67e6d27877c9cfd6b6dbc74bd852b10bdbe09c3c/AntiMicroX/gui-sv-reviewed-20260920.ts,22f0355841a3aff45068b5ff9c62c593486c1241c1d163f73b7d040bd90b9d5d,{}
2a52a096a55988bc22ce72e9,&Stick/Pad Assign,&Tilldelning av styrspak/riktningsplatta,AntiMicroX,gui-sv-reviewed-20260920,"MainWindow
","Granskad filleverans. Endast färdiga, aktiva översättningar tas med; detta är inte ett påstående om separat registrerat radbeslut för varje oförändrad post.",project-context,313a61c93ff0686bdcda4eed,reviewed-file-delivery,https://github.com/yeager/translations/blob/67e6d27877c9cfd6b6dbc74bd852b10bdbe09c3c/AntiMicroX/gui-sv-reviewed-20260920.ts,22f0355841a3aff45068b5ff9c62c593486c1241c1d163f73b7d040bd90b9d5d,{}
2a54afdc0a354aefb02b26fe,Sensitivit&y:,&Känslighet:,AntiMicroX,gui-sv-reviewed-20260920,"MouseSettingsDialog
","Granskad filleverans. Endast färdiga, aktiva översättningar tas med; detta är inte ett påstående om separat registrerat radbeslut för varje oförändrad post.",project-context,f9f9e2fc79bd58567662dc45,reviewed-file-delivery,https://github.com/yeager/translations/blob/67e6d27877c9cfd6b6dbc74bd852b10bdbe09c3c/AntiMicroX/gui-sv-reviewed-20260920.ts,22f0355841a3aff45068b5ff9c62c593486c1241c1d163f73b7d040bd90b9d5d,{}
2b98e8eb04410516efcd2e82,Mouse 8,Mus 8,AntiMicroX,gui-sv-reviewed-20260920,"VirtualKeyboardMouseWidget
Mouse","Granskad filleverans. Endast färdiga, aktiva översättningar tas med; detta är inte ett påstående om separat registrerat radbeslut för varje oförändrad post.",project-context,9d7c4cbafdacf8cabc5baba8,reviewed-file-delivery,https://github.com/yeager/translations/blob/67e6d27877c9cfd6b6dbc74bd852b10bdbe09c3c/AntiMicroX/gui-sv-reviewed-20260920.ts,22f0355841a3aff45068b5ff9c62c593486c1241c1d163f73b7d040bd90b9d5d,{}
2cf32fba254f13fb7408b0fc,Left Button,Vänster musknapp,AntiMicroX,gui-sv-reviewed-20260920,"VirtualKeyboardMouseWidget
Mouse","Granskad filleverans. Endast färdiga, aktiva översättningar tas med; detta är inte ett påstående om separat registrerat radbeslut för varje oförändrad post.",project-context,ddfd5cd44d7eee723ce8e4dc,reviewed-file-delivery,https://github.com/yeager/translations/blob/67e6d27877c9cfd6b6dbc74bd852b10bdbe09c3c/AntiMicroX/gui-sv-reviewed-20260920.ts,22f0355841a3aff45068b5ff9c62c593486c1241c1d163f73b7d040bd90b9d5d,{}
2d5cd41d3edaa697c9f5333d,Start calibration,Starta kalibrering,AntiMicroX,gui-sv-reviewed-20260920,"Calibration
","Granskad filleverans. Endast färdiga, aktiva översättningar tas med; detta är inte ett påstående om separat registrerat radbeslut för varje oförändrad post.",project-context,2d50e2bb9088fedebed4a6e3,reviewed-file-delivery,https://github.com/yeager/translations/blob/67e6d27877c9cfd6b6dbc74bd852b10bdbe09c3c/AntiMicroX/gui-sv-reviewed-20260920.ts,22f0355841a3aff45068b5ff9c62c593486c1241c1d163f73b7d040bd90b9d5d,{}
2d668a15241fc8d43ceaf08f,Settings,Inställningar,AntiMicroX,gui-sv-reviewed-20260920,"JoyTabWidget
","Granskad filleverans. Endast färdiga, aktiva översättningar tas med; detta är inte ett påstående om separat registrerat radbeslut för varje oförändrad post.",project-context,6029edcc17afc38162de6fc4,reviewed-file-delivery,https://github.com/yeager/translations/blob/67e6d27877c9cfd6b6dbc74bd852b10bdbe09c3c/AntiMicroX/gui-sv-reviewed-20260920.ts,22f0355841a3aff45068b5ff9c62c593486c1241c1d163f73b7d040bd90b9d5d,{}
2e83fa08e134f215f7e9b52c,R Shoulder,Höger axelknapp,AntiMicroX,gui-sv-reviewed-20260920,"GameControllerSet
","Granskad filleverans. Endast färdiga, aktiva översättningar tas med; detta är inte ett påstående om separat registrerat radbeslut för varje oförändrad post.",project-context,25193b4ef555f8dd93ecc146,reviewed-file-delivery,https://github.com/yeager/translations/blob/67e6d27877c9cfd6b6dbc74bd852b10bdbe09c3c/AntiMicroX/gui-sv-reviewed-20260920.ts,22f0355841a3aff45068b5ff9c62c593486c1241c1d163f73b7d040bd90b9d5d,{}
3045a2be9a020c996c9cc2a3,[NO KEY],[INGEN TANGENT],AntiMicroX,gui-sv-reviewed-20260920,"WinExtras
","Granskad filleverans. Endast färdiga, aktiva översättningar tas med; detta är inte ett påstående om separat registrerat radbeslut för varje oförändrad post.",project-context,d7d2c9362b9fbec0255cab8c,reviewed-file-delivery,https://github.com/yeager/translations/blob/67e6d27877c9cfd6b6dbc74bd852b10bdbe09c3c/AntiMicroX/gui-sv-reviewed-20260920.ts,22f0355841a3aff45068b5ff9c62c593486c1241c1d163f73b7d040bd90b9d5d,{}
30ad6f7c19de5157d4b57277,Positive,Positiv,AntiMicroX,gui-sv-reviewed-20260920,"JoyAxisButton
","Granskad filleverans. Endast färdiga, aktiva översättningar tas med; detta är inte ett påstående om separat registrerat radbeslut för varje oförändrad post.",project-context,a59012e4418f2a56a16a5b0e,reviewed-file-delivery,https://github.com/yeager/translations/blob/67e6d27877c9cfd6b6dbc74bd852b10bdbe09c3c/AntiMicroX/gui-sv-reviewed-20260920.ts,22f0355841a3aff45068b5ff9c62c593486c1241c1d163f73b7d040bd90b9d5d,{}
30b18251b4b75b90f2b979d9,Distance: ,Avstånd: ,AntiMicroX,gui-sv-reviewed-20260920,"AdvanceButtonDialog
","Granskad filleverans. Endast färdiga, aktiva översättningar tas med; detta är inte ett påstående om separat registrerat radbeslut för varje oförändrad post.",project-context,b7f07d91f3fcd5ab28bb687e,reviewed-file-delivery,https://github.com/yeager/translations/blob/67e6d27877c9cfd6b6dbc74bd852b10bdbe09c3c/AntiMicroX/gui-sv-reviewed-20260920.ts,22f0355841a3aff45068b5ff9c62c593486c1241c1d163f73b7d040bd90b9d5d,{}
30d8bc19eee0772898753831,Enabled,Aktiverad,AntiMicroX,gui-sv-reviewed-20260920,"AdvanceButtonDialog
","Granskad filleverans. Endast färdiga, aktiva översättningar tas med; detta är inte ett påstående om separat registrerat radbeslut för varje oförändrad post.",project-context,8bd1bd3716906ab892a53d24,reviewed-file-delivery,https://github.com/yeager/translations/blob/67e6d27877c9cfd6b6dbc74bd852b10bdbe09c3c/AntiMicroX/gui-sv-reviewed-20260920.ts,22f0355841a3aff45068b5ff9c62c593486c1241c1d163f73b7d040bd90b9d5d,{}
30f6f2a01da3ebbf9318c6c9,Mouse Mode:,Musläge:,AntiMicroX,gui-sv-reviewed-20260920,"MouseSettingsDialog
","Granskad filleverans. Endast färdiga, aktiva översättningar tas med; detta är inte ett påstående om separat registrerat radbeslut för varje oförändrad post.",project-context,5fa923d634bf540d7e4c8687,reviewed-file-delivery,https://github.com/yeager/translations/blob/67e6d27877c9cfd6b6dbc74bd852b10bdbe09c3c/AntiMicroX/gui-sv-reviewed-20260920.ts,22f0355841a3aff45068b5ff9c62c593486c1241c1d163f73b7d040bd90b9d5d,{}
31886715b8c5afa25be9c95d,Axis,Axel,AntiMicroX,gui-sv-reviewed-20260920,"AxisEditDialog
","Granskad filleverans. Endast färdiga, aktiva översättningar tas med; detta är inte ett påstående om separat registrerat radbeslut för varje oförändrad post.",project-context,a90ba6497fdb6bc3eec6479b,reviewed-file-delivery,https://github.com/yeager/translations/blob/67e6d27877c9cfd6b6dbc74bd852b10bdbe09c3c/AntiMicroX/gui-sv-reviewed-20260920.ts,22f0355841a3aff45068b5ff9c62c593486c1241c1d163f73b7d040bd90b9d5d,{}
31bdddbd4db4ddddd05e1a98,Eight Way,Åtta riktningar,AntiMicroX,gui-sv-reviewed-20260920,"DPadEditDialog
","Granskad filleverans. Endast färdiga, aktiva översättningar tas med; detta är inte ett påstående om separat registrerat radbeslut för varje oförändrad post.",project-context,ce8067996d4255e5ec3979fa,reviewed-file-delivery,https://github.com/yeager/translations/blob/67e6d27877c9cfd6b6dbc74bd852b10bdbe09c3c/AntiMicroX/gui-sv-reviewed-20260920.ts,22f0355841a3aff45068b5ff9c62c593486c1241c1d163f73b7d040bd90b9d5d,{}
31c23541857e75bc597f558a,Edit,Redigera,AntiMicroX,gui-sv-reviewed-20260920,"MainSettingsDialog
","Granskad filleverans. Endast färdiga, aktiva översättningar tas med; detta är inte ett påstående om separat registrerat radbeslut för varje oförändrad post.",project-context,f9eaf18fb868350cb7705728,reviewed-file-delivery,https://github.com/yeager/translations/blob/67e6d27877c9cfd6b6dbc74bd852b10bdbe09c3c/AntiMicroX/gui-sv-reviewed-20260920.ts,22f0355841a3aff45068b5ff9c62c593486c1241c1d163f73b7d040bd90b9d5d,{}
31e2ec13f6f4651bb06d1a56,Capture Application Window,Fånga applikationsfönster,AntiMicroX,gui-sv-reviewed-20260920,"AddEditAutoProfileDialog
","Granskad filleverans. Endast färdiga, aktiva översättningar tas med; detta är inte ett påstående om separat registrerat radbeslut för varje oförändrad post.",project-context,1696790d35e7a32e235aaeb8,reviewed-file-delivery,https://github.com/yeager/translations/blob/67e6d27877c9cfd6b6dbc74bd852b10bdbe09c3c/AntiMicroX/gui-sv-reviewed-20260920.ts,22f0355841a3aff45068b5ff9c62c593486c1241c1d163f73b7d040bd90b9d5d,{}
3205a99b556580555ef9a2a3,Slots,Platser,AntiMicroX,gui-sv-reviewed-20260920,"ButtonEditDialog
","Granskad filleverans. Endast färdiga, aktiva översättningar tas med; detta är inte ett påstående om separat registrerat radbeslut för varje oförändrad post.",project-context,9b8640887e49be48f9b0dc4e,reviewed-file-delivery,https://github.com/yeager/translations/blob/67e6d27877c9cfd6b6dbc74bd852b10bdbe09c3c/AntiMicroX/gui-sv-reviewed-20260920.ts,22f0355841a3aff45068b5ff9c62c593486c1241c1d163f73b7d040bd90b9d5d,{}
324d6609969908f7546ec6c3,BackSpace,Backsteg,AntiMicroX,gui-sv-reviewed-20260920,"UInputHelper
","Granskad filleverans. Endast färdiga, aktiva översättningar tas med; detta är inte ett påstående om separat registrerat radbeslut för varje oförändrad post.",project-context,e9c3f067d063029508f8782c,reviewed-file-delivery,https://github.com/yeager/translations/blob/67e6d27877c9cfd6b6dbc74bd852b10bdbe09c3c/AntiMicroX/gui-sv-reviewed-20260920.ts,22f0355841a3aff45068b5ff9c62c593486c1241c1d163f73b7d040bd90b9d5d,{}
32b9ec69405409de06af0e32,Mouse,Mus,AntiMicroX,gui-sv-reviewed-20260920,"MainSettingsDialog
","Granskad filleverans. Endast färdiga, aktiva översättningar tas med; detta är inte ett påstående om separat registrerat radbeslut för varje oförändrad post.",project-context,6b3b449b95e02246451c843a,reviewed-file-delivery,https://github.com/yeager/translations/blob/67e6d27877c9cfd6b6dbc74bd852b10bdbe09c3c/AntiMicroX/gui-sv-reviewed-20260920.ts,22f0355841a3aff45068b5ff9c62c593486c1241c1d163f73b7d040bd90b9d5d,{}
33085468eae321e8a614b1c1,Medium,Medel,AntiMicroX,gui-sv-reviewed-20260920,"JoystickStatusWindow
","Granskad filleverans. Endast färdiga, aktiva översättningar tas med; detta är inte ett påstående om separat registrerat radbeslut för varje oförändrad post.",project-context,39ec18ce758105e36f674d29,reviewed-file-delivery,https://github.com/yeager/translations/blob/67e6d27877c9cfd6b6dbc74bd852b10bdbe09c3c/AntiMicroX/gui-sv-reviewed-20260920.ts,22f0355841a3aff45068b5ff9c62c593486c1241c1d163f73b7d040bd90b9d5d,{}
33207d30d2dc7c098ede7a82,Button,Knapp,AntiMicroX,gui-sv-reviewed-20260920,"JoySensorButton
","Granskad filleverans. Endast färdiga, aktiva översättningar tas med; detta är inte ett påstående om separat registrerat radbeslut för varje oförändrad post.",project-context,e8ab407706c53a5f3d9b6ce8,reviewed-file-delivery,https://github.com/yeager/translations/blob/67e6d27877c9cfd6b6dbc74bd852b10bdbe09c3c/AntiMicroX/gui-sv-reviewed-20260920.ts,22f0355841a3aff45068b5ff9c62c593486c1241c1d163f73b7d040bd90b9d5d,{}
333712e02d588648a2c5ac71,Browser Forward,Webbläsare framåt,AntiMicroX,gui-sv-reviewed-20260920,"VirtualKeyboardMouseWidget
","Granskad filleverans. Endast färdiga, aktiva översättningar tas med; detta är inte ett påstående om separat registrerat radbeslut för varje oförändrad post.",project-context,a053f1e109555249912d6b98,reviewed-file-delivery,https://github.com/yeager/translations/blob/67e6d27877c9cfd6b6dbc74bd852b10bdbe09c3c/AntiMicroX/gui-sv-reviewed-20260920.ts,22f0355841a3aff45068b5ff9c62c593486c1241c1d163f73b7d040bd90b9d5d,{}
33c0b7ebb0cda3d26e60bb7a,Select Set 5 One Way,Välj uppsättning 5 enkelriktat,AntiMicroX,gui-sv-reviewed-20260920,"AdvanceButtonDialog
","Granskad filleverans. Endast färdiga, aktiva översättningar tas med; detta är inte ett påstående om separat registrerat radbeslut för varje oförändrad post.",project-context,4c7b4227f97a18f0cd109789,reviewed-file-delivery,https://github.com/yeager/translations/blob/67e6d27877c9cfd6b6dbc74bd852b10bdbe09c3c/AntiMicroX/gui-sv-reviewed-20260920.ts,22f0355841a3aff45068b5ff9c62c593486c1241c1d163f73b7d040bd90b9d5d,{}
343e84d1ae44fb96087d0783,Select Set 8 One Way,Välj uppsättning 8 enkelriktat,AntiMicroX,gui-sv-reviewed-20260920,"AdvanceButtonDialog
","Granskad filleverans. Endast färdiga, aktiva översättningar tas med; detta är inte ett påstående om separat registrerat radbeslut för varje oförändrad post.",project-context,f49e1560e5e897d26b1ed09a,reviewed-file-delivery,https://github.com/yeager/translations/blob/67e6d27877c9cfd6b6dbc74bd852b10bdbe09c3c/AntiMicroX/gui-sv-reviewed-20260920.ts,22f0355841a3aff45068b5ff9c62c593486c1241c1d163f73b7d040bd90b9d5d,{}
348b84ce2fc9be2dcb241ca1,Menu,Meny,AntiMicroX,gui-sv-reviewed-20260920,"VirtualKeyPushButton
","Granskad filleverans. Endast färdiga, aktiva översättningar tas med; detta är inte ett påstående om separat registrerat radbeslut för varje oförändrad post.",project-context,fd50d2c39b3edd779392e021,reviewed-file-delivery,https://github.com/yeager/translations/blob/67e6d27877c9cfd6b6dbc74bd852b10bdbe09c3c/AntiMicroX/gui-sv-reviewed-20260920.ts,22f0355841a3aff45068b5ff9c62c593486c1241c1d163f73b7d040bd90b9d5d,{}
34e4c87e7eabbfa7f180831c,PgDn,Page Down,AntiMicroX,gui-sv-reviewed-20260920,"UInputHelper
","Granskad filleverans. Endast färdiga, aktiva översättningar tas med; detta är inte ett påstående om separat registrerat radbeslut för varje oförändrad post.",project-context,61fb848794538c192a2296ea,reviewed-file-delivery,https://github.com/yeager/translations/blob/67e6d27877c9cfd6b6dbc74bd852b10bdbe09c3c/AntiMicroX/gui-sv-reviewed-20260920.ts,22f0355841a3aff45068b5ff9c62c593486c1241c1d163f73b7d040bd90b9d5d,{}
353f8b3e4e41b006d2fc6514,LS Click,Vänster styrspaksklick,AntiMicroX,gui-sv-reviewed-20260920,"GameControllerSet
","Granskad filleverans. Endast färdiga, aktiva översättningar tas med; detta är inte ett påstående om separat registrerat radbeslut för varje oförändrad post.",project-context,6b49a2dd09c073c9cc3756fa,reviewed-file-delivery,https://github.com/yeager/translations/blob/67e6d27877c9cfd6b6dbc74bd852b10bdbe09c3c/AntiMicroX/gui-sv-reviewed-20260920.ts,22f0355841a3aff45068b5ff9c62c593486c1241c1d163f73b7d040bd90b9d5d,{}
35b80eba472d24315f50968a,Select one mix slot.,Välj en mixningsplats.,AntiMicroX,gui-sv-reviewed-20260920,"AdvanceButtonDialog
","Granskad filleverans. Endast färdiga, aktiva översättningar tas med; detta är inte ett påstående om separat registrerat radbeslut för varje oförändrad post.",project-context,b262eecf7ce93603a309abda,reviewed-file-delivery,https://github.com/yeager/translations/blob/67e6d27877c9cfd6b6dbc74bd852b10bdbe09c3c/AntiMicroX/gui-sv-reviewed-20260920.ts,22f0355841a3aff45068b5ff9c62c593486c1241c1d163f73b7d040bd90b9d5d,{}
360e5d673c6291502dcff714,Copy Set Assignments,Kopiera uppsättningstilldelningar,AntiMicroX,gui-sv-reviewed-20260920,"JoyTabWidget
","Granskad filleverans. Endast färdiga, aktiva översättningar tas med; detta är inte ett påstående om separat registrerat radbeslut för varje oförändrad post.",project-context,6ed9555217585a5d436eee1f,reviewed-file-delivery,https://github.com/yeager/translations/blob/67e6d27877c9cfd6b6dbc74bd852b10bdbe09c3c/AntiMicroX/gui-sv-reviewed-20260920.ts,22f0355841a3aff45068b5ff9c62c593486c1241c1d163f73b7d040bd90b9d5d,{}
370cbcebbc323d33b1c44e43,Title:,Titel:,AntiMicroX,gui-sv-reviewed-20260920,"UnixWindowInfoDialog
","Granskad filleverans. Endast färdiga, aktiva översättningar tas med; detta är inte ett påstående om separat registrerat radbeslut för varje oförändrad post.",project-context,26cee9146ea194f7af22fc15,reviewed-file-delivery,https://github.com/yeager/translations/blob/67e6d27877c9cfd6b6dbc74bd852b10bdbe09c3c/AntiMicroX/gui-sv-reviewed-20260920.ts,22f0355841a3aff45068b5ff9c62c593486c1241c1d163f73b7d040bd90b9d5d,{}
3769a5ea5e10d012f7cd04e1,0.00 ms,"0,00 ms",AntiMicroX,gui-sv-reviewed-20260920,"ExtraProfileSettingsDialog
","Granskad filleverans. Endast färdiga, aktiva översättningar tas med; detta är inte ett påstående om separat registrerat radbeslut för varje oförändrad post.",project-context,11d8392d882a70b043feb890,reviewed-file-delivery,https://github.com/yeager/translations/blob/67e6d27877c9cfd6b6dbc74bd852b10bdbe09c3c/AntiMicroX/gui-sv-reviewed-20260920.ts,22f0355841a3aff45068b5ff9c62c593486c1241c1d163f73b7d040bd90b9d5d,{}
37b9a810ebd71d17664c728c,Modifier,Modifieringsknapp,AntiMicroX,gui-sv-reviewed-20260920,"JoyControlStickModifierButton
","Granskad filleverans. Endast färdiga, aktiva översättningar tas med; detta är inte ett påstående om separat registrerat radbeslut för varje oförändrad post.",project-context,d5e954f17e5859cca69c3f95,reviewed-file-delivery,https://github.com/yeager/translations/blob/67e6d27877c9cfd6b6dbc74bd852b10bdbe09c3c/AntiMicroX/gui-sv-reviewed-20260920.ts,22f0355841a3aff45068b5ff9c62c593486c1241c1d163f73b7d040bd90b9d5d,{}
37eb2c7ef958bc0a9220bbef,Class:,Klass:,AntiMicroX,gui-sv-reviewed-20260920,"CapturedWindowInfoDialog
","Granskad filleverans. Endast färdiga, aktiva översättningar tas med; detta är inte ett påstående om separat registrerat radbeslut för varje oförändrad post.",project-context,6a0715acbfb6509b0e124c89,reviewed-file-delivery,https://github.com/yeager/translations/blob/67e6d27877c9cfd6b6dbc74bd852b10bdbe09c3c/AntiMicroX/gui-sv-reviewed-20260920.ts,22f0355841a3aff45068b5ff9c62c593486c1241c1d163f73b7d040bd90b9d5d,{}
38060628fee5d9005f9d4046,Roll (°/s),Rotation (°/s),AntiMicroX,gui-sv-reviewed-20260920,"JoySensorEditDialog
","Granskad filleverans. Endast färdiga, aktiva översättningar tas med; detta är inte ett påstående om separat registrerat radbeslut för varje oförändrad post.",project-context,a85baafa2f62253b392fc859,reviewed-file-delivery,https://github.com/yeager/translations/blob/67e6d27877c9cfd6b6dbc74bd852b10bdbe09c3c/AntiMicroX/gui-sv-reviewed-20260920.ts,22f0355841a3aff45068b5ff9c62c593486c1241c1d163f73b7d040bd90b9d5d,{}
381a038733a74af310b4ba39,Close,Stäng,AntiMicroX,gui-sv-reviewed-20260920,"Calibration
","Granskad filleverans. Endast färdiga, aktiva översättningar tas med; detta är inte ett påstående om separat registrerat radbeslut för varje oförändrad post.",project-context,48e8807284c15d4a4290bdba,reviewed-file-delivery,https://github.com/yeager/translations/blob/67e6d27877c9cfd6b6dbc74bd852b10bdbe09c3c/AntiMicroX/gui-sv-reviewed-20260920.ts,22f0355841a3aff45068b5ff9c62c593486c1241c1d163f73b7d040bd90b9d5d,{}
3889502529437895126fc150,Continue calibration,Fortsätt kalibreringen,AntiMicroX,gui-sv-reviewed-20260920,"Calibration
","Granskad filleverans. Endast färdiga, aktiva översättningar tas med; detta är inte ett påstående om separat registrerat radbeslut för varje oförändrad post.",project-context,dbffc1c8d63d59432fa5d9cb,reviewed-file-delivery,https://github.com/yeager/translations/blob/67e6d27877c9cfd6b6dbc74bd852b10bdbe09c3c/AntiMicroX/gui-sv-reviewed-20260920.ts,22f0355841a3aff45068b5ff9c62c593486c1241c1d163f73b7d040bd90b9d5d,{}
3941396db1373cb22f706d00,Mouse,Mus,AntiMicroX,gui-sv-reviewed-20260920,"SimpleKeyGrabberButton
","Granskad filleverans. Endast färdiga, aktiva översättningar tas med; detta är inte ett påstående om separat registrerat radbeslut för varje oförändrad post.",project-context,ba1934f41780f843035ba9fc,reviewed-file-delivery,https://github.com/yeager/translations/blob/67e6d27877c9cfd6b6dbc74bd852b10bdbe09c3c/AntiMicroX/gui-sv-reviewed-20260920.ts,22f0355841a3aff45068b5ff9c62c593486c1241c1d163f73b7d040bd90b9d5d,{}
394b1acb586b9b4b830f2c9b,Distance:,Avstånd:,AntiMicroX,gui-sv-reviewed-20260920,"JoyControlStickEditDialog
","Granskad filleverans. Endast färdiga, aktiva översättningar tas med; detta är inte ett påstående om separat registrerat radbeslut för varje oförändrad post.",project-context,20e7f430484c617a5845909c,reviewed-file-delivery,https://github.com/yeager/translations/blob/67e6d27877c9cfd6b6dbc74bd852b10bdbe09c3c/AntiMicroX/gui-sv-reviewed-20260920.ts,22f0355841a3aff45068b5ff9c62c593486c1241c1d163f73b7d040bd90b9d5d,{}
39ae2684ab6f6b2c2f20dc6b,None,Ingen,AntiMicroX,gui-sv-reviewed-20260920,"MainSettingsDialog
","Granskad filleverans. Endast färdiga, aktiva översättningar tas med; detta är inte ett påstående om separat registrerat radbeslut för varje oförändrad post.",project-context,50ff05a4fb098578c591c2ad,reviewed-file-delivery,https://github.com/yeager/translations/blob/67e6d27877c9cfd6b6dbc74bd852b10bdbe09c3c/AntiMicroX/gui-sv-reviewed-20260920.ts,22f0355841a3aff45068b5ff9c62c593486c1241c1d163f73b7d040bd90b9d5d,{}
39be833e2859cb5bea4443fb,Button,Knapp,AntiMicroX,gui-sv-reviewed-20260920,"JoyControlStickButton
","Granskad filleverans. Endast färdiga, aktiva översättningar tas med; detta är inte ett påstående om separat registrerat radbeslut för varje oförändrad post.",project-context,f6812e6e667e94870a94d0cc,reviewed-file-delivery,https://github.com/yeager/translations/blob/67e6d27877c9cfd6b6dbc74bd852b10bdbe09c3c/AntiMicroX/gui-sv-reviewed-20260920.ts,22f0355841a3aff45068b5ff9c62c593486c1241c1d163f73b7d040bd90b9d5d,{}
3a5ff271a751e2926ac9dc26,Sets,Uppsättningar,AntiMicroX,gui-sv-reviewed-20260920,"JoyTabWidget
","Granskad filleverans. Endast färdiga, aktiva översättningar tas med; detta är inte ett påstående om separat registrerat radbeslut för varje oförändrad post.",project-context,e6e9340612ecd6c38d6e990f,reviewed-file-delivery,https://github.com/yeager/translations/blob/67e6d27877c9cfd6b6dbc74bd852b10bdbe09c3c/AntiMicroX/gui-sv-reviewed-20260920.ts,22f0355841a3aff45068b5ff9c62c593486c1241c1d163f73b7d040bd90b9d5d,{}
3b03bcaa3263f7b28cdb686d,Caps,Caps Lock,AntiMicroX,gui-sv-reviewed-20260920,"VirtualKeyPushButton
","Granskad filleverans. Endast färdiga, aktiva översättningar tas med; detta är inte ett påstående om separat registrerat radbeslut för varje oförändrad post.",project-context,56f0d49584d467a4c147f1a9,reviewed-file-delivery,https://github.com/yeager/translations/blob/67e6d27877c9cfd6b6dbc74bd852b10bdbe09c3c/AntiMicroX/gui-sv-reviewed-20260920.ts,22f0355841a3aff45068b5ff9c62c593486c1241c1d163f73b7d040bd90b9d5d,{}
3b2a7882d765a52dd6ff767a,Set 6,Uppsättning 6,AntiMicroX,gui-sv-reviewed-20260920,"SetNamesDialog
","Granskad filleverans. Endast färdiga, aktiva översättningar tas med; detta är inte ett påstående om separat registrerat radbeslut för varje oförändrad post.",project-context,c32d4c3c5797a5c9957f191f,reviewed-file-delivery,https://github.com/yeager/translations/blob/67e6d27877c9cfd6b6dbc74bd852b10bdbe09c3c/AntiMicroX/gui-sv-reviewed-20260920.ts,22f0355841a3aff45068b5ff9c62c593486c1241c1d163f73b7d040bd90b9d5d,{}
3b4b810389bb39a9637f8516,None,Ingen,AntiMicroX,gui-sv-reviewed-20260920,"JoyControlStickEditDialog
","Granskad filleverans. Endast färdiga, aktiva översättningar tas med; detta är inte ett påstående om separat registrerat radbeslut för varje oförändrad post.",project-context,8a5c2d2647cd1cf38803931d,reviewed-file-delivery,https://github.com/yeager/translations/blob/67e6d27877c9cfd6b6dbc74bd852b10bdbe09c3c/AntiMicroX/gui-sv-reviewed-20260920.ts,22f0355841a3aff45068b5ff9c62c593486c1241c1d163f73b7d040bd90b9d5d,{}
3bc0f401d0ed6b872c76eae5,Mouse Settings,Musinställningar,AntiMicroX,gui-sv-reviewed-20260920,"MouseSensorSettingsDialog
","Granskad filleverans. Endast färdiga, aktiva översättningar tas med; detta är inte ett påstående om separat registrerat radbeslut för varje oförändrad post.",project-context,9e9a97e159a5be263552d6f6,reviewed-file-delivery,https://github.com/yeager/translations/blob/67e6d27877c9cfd6b6dbc74bd852b10bdbe09c3c/AntiMicroX/gui-sv-reviewed-20260920.ts,22f0355841a3aff45068b5ff9c62c593486c1241c1d163f73b7d040bd90b9d5d,{}
3bce0bad8d373e2192044dfc,Left Mouse Button,Vänster musknapp,AntiMicroX,gui-sv-reviewed-20260920,"AxisEditDialog
","Granskad filleverans. Endast färdiga, aktiva översättningar tas med; detta är inte ett påstående om separat registrerat radbeslut för varje oförändrad post.",project-context,6d20df5c434827b24b254b10,reviewed-file-delivery,https://github.com/yeager/translations/blob/67e6d27877c9cfd6b6dbc74bd852b10bdbe09c3c/AntiMicroX/gui-sv-reviewed-20260920.ts,22f0355841a3aff45068b5ff9c62c593486c1241c1d163f73b7d040bd90b9d5d,{}
3bd6a1c4e0fc6f50ca7e2637,Mouse (Inverted Horizontal),Mus (omvänd horisontell),AntiMicroX,gui-sv-reviewed-20260920,"JoySensorPreset
","Granskad filleverans. Endast färdiga, aktiva översättningar tas med; detta är inte ett påstående om separat registrerat radbeslut för varje oförändrad post.",project-context,41b6e4967bc89773fa75c750,reviewed-file-delivery,https://github.com/yeager/translations/blob/67e6d27877c9cfd6b6dbc74bd852b10bdbe09c3c/AntiMicroX/gui-sv-reviewed-20260920.ts,22f0355841a3aff45068b5ff9c62c593486c1241c1d163f73b7d040bd90b9d5d,{}
3c09418f14ea6760709f1504,NumLock,Num Lock,AntiMicroX,gui-sv-reviewed-20260920,"UInputHelper
","Granskad filleverans. Endast färdiga, aktiva översättningar tas med; detta är inte ett påstående om separat registrerat radbeslut för varje oförändrad post.",project-context,2d3d4fd1545fa6db23aaac6b,reviewed-file-delivery,https://github.com/yeager/translations/blob/67e6d27877c9cfd6b6dbc74bd852b10bdbe09c3c/AntiMicroX/gui-sv-reviewed-20260920.ts,22f0355841a3aff45068b5ff9c62c593486c1241c1d163f73b7d040bd90b9d5d,{}
3c3d6fc9b3588ab8c012f449,PGUP,PgUp,AntiMicroX,gui-sv-reviewed-20260920,"VirtualKeyPushButton
","Granskad filleverans. Endast färdiga, aktiva översättningar tas med; detta är inte ett påstående om separat registrerat radbeslut för varje oförändrad post.",project-context,298b419eb806e442be845013,reviewed-file-delivery,https://github.com/yeager/translations/blob/67e6d27877c9cfd6b6dbc74bd852b10bdbe09c3c/AntiMicroX/gui-sv-reviewed-20260920.ts,22f0355841a3aff45068b5ff9c62c593486c1241c1d163f73b7d040bd90b9d5d,{}
3c75bf95ce349fb546c06cd2,Email,E-post,AntiMicroX,gui-sv-reviewed-20260920,"VirtualKeyboardMouseWidget
","Granskad filleverans. Endast färdiga, aktiva översättningar tas med; detta är inte ett påstående om separat registrerat radbeslut för varje oförändrad post.",project-context,f7953a92614e11ba66675a86,reviewed-file-delivery,https://github.com/yeager/translations/blob/67e6d27877c9cfd6b6dbc74bd852b10bdbe09c3c/AntiMicroX/gui-sv-reviewed-20260920.ts,22f0355841a3aff45068b5ff9c62c593486c1241c1d163f73b7d040bd90b9d5d,{}
3c8c5ed0530d54cfc9e43b00,Ins,Insert,AntiMicroX,gui-sv-reviewed-20260920,"UInputHelper
","Granskad filleverans. Endast färdiga, aktiva översättningar tas med; detta är inte ett påstående om separat registrerat radbeslut för varje oförändrad post.",project-context,eee64a6f57f5629430b5bfe6,reviewed-file-delivery,https://github.com/yeager/translations/blob/67e6d27877c9cfd6b6dbc74bd852b10bdbe09c3c/AntiMicroX/gui-sv-reviewed-20260920.ts,22f0355841a3aff45068b5ff9c62c593486c1241c1d163f73b7d040bd90b9d5d,{}
3cce9e66971c8e5bc1f5846c,Accel Threshold:,Accelerationströskel:,AntiMicroX,gui-sv-reviewed-20260920,"MainSettingsDialog
","Granskad filleverans. Endast färdiga, aktiva översättningar tas med; detta är inte ett påstående om separat registrerat radbeslut för varje oförändrad post.",project-context,f2120267108c645fe76bca08,reviewed-file-delivery,https://github.com/yeager/translations/blob/67e6d27877c9cfd6b6dbc74bd852b10bdbe09c3c/AntiMicroX/gui-sv-reviewed-20260920.ts,22f0355841a3aff45068b5ff9c62c593486c1241c1d163f73b7d040bd90b9d5d,{}
3ce23a900da395ca8fd069bb,Minimize to Taskbar,Minimera till aktivitetsfältet,AntiMicroX,gui-sv-reviewed-20260920,"MainSettingsDialog
","Granskad filleverans. Endast färdiga, aktiva översättningar tas med; detta är inte ett påstående om separat registrerat radbeslut för varje oförändrad post.",project-context,f013a8b951f76d39506c4a89,reviewed-file-delivery,https://github.com/yeager/translations/blob/67e6d27877c9cfd6b6dbc74bd852b10bdbe09c3c/AntiMicroX/gui-sv-reviewed-20260920.ts,22f0355841a3aff45068b5ff9c62c593486c1241c1d163f73b7d040bd90b9d5d,{}
3ce3e8a4abff48ed2b48d1d7,Presets:,Förval:,AntiMicroX,gui-sv-reviewed-20260920,"AxisEditDialog
","Granskad filleverans. Endast färdiga, aktiva översättningar tas med; detta är inte ett påstående om separat registrerat radbeslut för varje oförändrad post.",project-context,f5a6936d71f7cf88ebaf130e,reviewed-file-delivery,https://github.com/yeager/translations/blob/67e6d27877c9cfd6b6dbc74bd852b10bdbe09c3c/AntiMicroX/gui-sv-reviewed-20260920.ts,22f0355841a3aff45068b5ff9c62c593486c1241c1d163f73b7d040bd90b9d5d,{}
3cf493d5e295f2a17a845428,Arrows,Piltangenter,AntiMicroX,gui-sv-reviewed-20260920,"JoySensorPreset
","Granskad filleverans. Endast färdiga, aktiva översättningar tas med; detta är inte ett påstående om separat registrerat radbeslut för varje oförändrad post.",project-context,35e1f4e48ca41da135a7e21c,reviewed-file-delivery,https://github.com/yeager/translations/blob/67e6d27877c9cfd6b6dbc74bd852b10bdbe09c3c/AntiMicroX/gui-sv-reviewed-20260920.ts,22f0355841a3aff45068b5ff9c62c593486c1241c1d163f73b7d040bd90b9d5d,{}
3d22753d3edf980927bcbb3f,Search,Sök,AntiMicroX,gui-sv-reviewed-20260920,"VirtualKeyboardMouseWidget
","Granskad filleverans. Endast färdiga, aktiva översättningar tas med; detta är inte ett påstående om separat registrerat radbeslut för varje oförändrad post.",project-context,db05e805d51a65e7480e9543,reviewed-file-delivery,https://github.com/yeager/translations/blob/67e6d27877c9cfd6b6dbc74bd852b10bdbe09c3c/AntiMicroX/gui-sv-reviewed-20260920.ts,22f0355841a3aff45068b5ff9c62c593486c1241c1d163f73b7d040bd90b9d5d,{}
3d5f4485e197e4cb1bd5533a,Already selected,Redan vald,AntiMicroX,gui-sv-reviewed-20260920,"AddEditAutoProfileDialog
","Granskad filleverans. Endast färdiga, aktiva översättningar tas med; detta är inte ett påstående om separat registrerat radbeslut för varje oförändrad post.",project-context,9155a854cc741bc921071e2d,reviewed-file-delivery,https://github.com/yeager/translations/blob/67e6d27877c9cfd6b6dbc74bd852b10bdbe09c3c/AntiMicroX/gui-sv-reviewed-20260920.ts,22f0355841a3aff45068b5ff9c62c593486c1241c1d163f73b7d040bd90b9d5d,{}
3d82f8c377cee422912504c8,Axis,Axel,AntiMicroX,gui-sv-reviewed-20260920,"JoyAxis
","Granskad filleverans. Endast färdiga, aktiva översättningar tas med; detta är inte ett påstående om separat registrerat radbeslut för varje oförändrad post.",project-context,8c3fdafad353f80d6877dd3e,reviewed-file-delivery,https://github.com/yeager/translations/blob/67e6d27877c9cfd6b6dbc74bd852b10bdbe09c3c/AntiMicroX/gui-sv-reviewed-20260920.ts,22f0355841a3aff45068b5ff9c62c593486c1241c1d163f73b7d040bd90b9d5d,{}
3dbb71e1b121a353c2ccdb96,Browser Back,Webbläsare bakåt,AntiMicroX,gui-sv-reviewed-20260920,"VirtualKeyboardMouseWidget
","Granskad filleverans. Endast färdiga, aktiva översättningar tas med; detta är inte ett påstående om separat registrerat radbeslut för varje oförändrad post.",project-context,a229c1153ee30bcfc0fff09e,reviewed-file-delivery,https://github.com/yeager/translations/blob/67e6d27877c9cfd6b6dbc74bd852b10bdbe09c3c/AntiMicroX/gui-sv-reviewed-20260920.ts,22f0355841a3aff45068b5ff9c62c593486c1241c1d163f73b7d040bd90b9d5d,{}
3e7e03470fe28fc846e6684c,Home Page,Hemsida,AntiMicroX,gui-sv-reviewed-20260920,"MainWindow
","Granskad filleverans. Endast färdiga, aktiva översättningar tas med; detta är inte ett påstående om separat registrerat radbeslut för varje oförändrad post.",project-context,e190cf403b6f5bffc8188cba,reviewed-file-delivery,https://github.com/yeager/translations/blob/67e6d27877c9cfd6b6dbc74bd852b10bdbe09c3c/AntiMicroX/gui-sv-reviewed-20260920.ts,22f0355841a3aff45068b5ff9c62c593486c1241c1d163f73b7d040bd90b9d5d,{}
3f9430c55c682b7585b14ee4,Mouse Settings,Musinställningar,AntiMicroX,gui-sv-reviewed-20260920,"DPadContextMenu
","Granskad filleverans. Endast färdiga, aktiva översättningar tas med; detta är inte ett påstående om separat registrerat radbeslut för varje oförändrad post.",project-context,0f64c48fe4fc819f50afc37e,reviewed-file-delivery,https://github.com/yeager/translations/blob/67e6d27877c9cfd6b6dbc74bd852b10bdbe09c3c/AntiMicroX/gui-sv-reviewed-20260920.ts,22f0355841a3aff45068b5ff9c62c593486c1241c1d163f73b7d040bd90b9d5d,{}
3fb85b3488683343fc49a4a7,Set Selector,Ange uppsättningsväljare,AntiMicroX,gui-sv-reviewed-20260920,"AdvanceButtonDialog
","Granskad filleverans. Endast färdiga, aktiva översättningar tas med; detta är inte ett påstående om separat registrerat radbeslut för varje oförändrad post.",project-context,6981d9c4b25b144b2d733d4a,reviewed-file-delivery,https://github.com/yeager/translations/blob/67e6d27877c9cfd6b6dbc74bd852b10bdbe09c3c/AntiMicroX/gui-sv-reviewed-20260920.ts,22f0355841a3aff45068b5ff9c62c593486c1241c1d163f73b7d040bd90b9d5d,{}
4069313b79c85a154db0f1fb,Executable:,Körbar:,AntiMicroX,gui-sv-reviewed-20260920,"AdvanceButtonDialog
","Granskad filleverans. Endast färdiga, aktiva översättningar tas med; detta är inte ett påstående om separat registrerat radbeslut för varje oförändrad post.",project-context,af2c5dcfab08e6cdbff35761,reviewed-file-delivery,https://github.com/yeager/translations/blob/67e6d27877c9cfd6b6dbc74bd852b10bdbe09c3c/AntiMicroX/gui-sv-reviewed-20260920.ts,22f0355841a3aff45068b5ff9c62c593486c1241c1d163f73b7d040bd90b9d5d,{}
407ec67a42467006962a994c,Arguments:,Argument:,AntiMicroX,gui-sv-reviewed-20260920,"AdvanceButtonDialog
","Granskad filleverans. Endast färdiga, aktiva översättningar tas med; detta är inte ett påstående om separat registrerat radbeslut för varje oförändrad post.",project-context,b537bb701c17e2cb8a29d5f8,reviewed-file-delivery,https://github.com/yeager/translations/blob/67e6d27877c9cfd6b6dbc74bd852b10bdbe09c3c/AntiMicroX/gui-sv-reviewed-20260920.ts,22f0355841a3aff45068b5ff9c62c593486c1241c1d163f73b7d040bd90b9d5d,{}
41b06d79a367f622dfe1b163,While Held,Medan den hålls nedtryckt,AntiMicroX,gui-sv-reviewed-20260920,"AdvanceButtonDialog
","Granskad filleverans. Endast färdiga, aktiva översättningar tas med; detta är inte ett påstående om separat registrerat radbeslut för varje oförändrad post.",project-context,2de0894d3987dd7905679d1b,reviewed-file-delivery,https://github.com/yeager/translations/blob/67e6d27877c9cfd6b6dbc74bd852b10bdbe09c3c/AntiMicroX/gui-sv-reviewed-20260920.ts,22f0355841a3aff45068b5ff9c62c593486c1241c1d163f73b7d040bd90b9d5d,{}
4204c6c3bbd9d2b0f9b4ae7c,Save Config,Spara konfiguration,AntiMicroX,gui-sv-reviewed-20260920,"JoyTabWidget
","Granskad filleverans. Endast färdiga, aktiva översättningar tas med; detta är inte ett påstående om separat registrerat radbeslut för varje oförändrad post.",project-context,30d71b078115a81d6d5bdb7e,reviewed-file-delivery,https://github.com/yeager/translations/blob/67e6d27877c9cfd6b6dbc74bd852b10bdbe09c3c/AntiMicroX/gui-sv-reviewed-20260920.ts,22f0355841a3aff45068b5ff9c62c593486c1241c1d163f73b7d040bd90b9d5d,{}
4206dc10878d428663fc8d3c,Negative,Negativ,AntiMicroX,gui-sv-reviewed-20260920,"JoyAxisButton
","Granskad filleverans. Endast färdiga, aktiva översättningar tas med; detta är inte ett påstående om separat registrerat radbeslut för varje oförändrad post.",project-context,fa562617cbc2466e295f1fc5,reviewed-file-delivery,https://github.com/yeager/translations/blob/67e6d27877c9cfd6b6dbc74bd852b10bdbe09c3c/AntiMicroX/gui-sv-reviewed-20260920.ts,22f0355841a3aff45068b5ff9c62c593486c1241c1d163f73b7d040bd90b9d5d,{}
43031e91219011c35755b875,Unload currently enabled profile(s),Inaktivera profiler som används just nu,AntiMicroX,gui-sv-reviewed-20260920,"main
","Granskad filleverans. Endast färdiga, aktiva översättningar tas med; detta är inte ett påstående om separat registrerat radbeslut för varje oförändrad post.",project-context,4fcd965ae0e8112b5ec8704e,reviewed-file-delivery,https://github.com/yeager/translations/blob/67e6d27877c9cfd6b6dbc74bd852b10bdbe09c3c/AntiMicroX/gui-sv-reviewed-20260920.ts,22f0355841a3aff45068b5ff9c62c593486c1241c1d163f73b7d040bd90b9d5d,{}
435acc756247ccb57f14c054,No button,Ingen knapp,AntiMicroX,gui-sv-reviewed-20260920,"ButtonEditDialog
","Granskad filleverans. Endast färdiga, aktiva översättningar tas med; detta är inte ett påstående om separat registrerat radbeslut för varje oförändrad post.",project-context,ad5cfdb27f82686242564b3c,reviewed-file-delivery,https://github.com/yeager/translations/blob/67e6d27877c9cfd6b6dbc74bd852b10bdbe09c3c/AntiMicroX/gui-sv-reviewed-20260920.ts,22f0355841a3aff45068b5ff9c62c593486c1241c1d163f73b7d040bd90b9d5d,{}
437db40fb02f5219999fec94,De&vices:,Enhe&ter:,AntiMicroX,gui-sv-reviewed-20260920,"AddEditAutoProfileDialog
","Granskad filleverans. Endast färdiga, aktiva översättningar tas med; detta är inte ett påstående om separat registrerat radbeslut för varje oförändrad post.",project-context,3f6335e38412e54b0201b38a,reviewed-file-delivery,https://github.com/yeager/translations/blob/67e6d27877c9cfd6b6dbc74bd852b10bdbe09c3c/AntiMicroX/gui-sv-reviewed-20260920.ts,22f0355841a3aff45068b5ff9c62c593486c1241c1d163f73b7d040bd90b9d5d,{}
43a2f6cd938ff6a75b23d7b9,Tab,Tabb,AntiMicroX,gui-sv-reviewed-20260920,"X11Extras
","Granskad filleverans. Endast färdiga, aktiva översättningar tas med; detta är inte ett påstående om separat registrerat radbeslut för varje oförändrad post.",project-context,62f0f9e04fbf365bccf3257c,reviewed-file-delivery,https://github.com/yeager/translations/blob/67e6d27877c9cfd6b6dbc74bd852b10bdbe09c3c/AntiMicroX/gui-sv-reviewed-20260920.ts,22f0355841a3aff45068b5ff9c62c593486c1241c1d163f73b7d040bd90b9d5d,{}
440856a23712cb62fa640968,Left,Vänster,AntiMicroX,gui-sv-reviewed-20260920,"JoyButtonSlot
","Granskad filleverans. Endast färdiga, aktiva översättningar tas med; detta är inte ett påstående om separat registrerat radbeslut för varje oförändrad post.",project-context,b9d19f1e8ed2afd74e3c15ec,reviewed-file-delivery,https://github.com/yeager/translations/blob/67e6d27877c9cfd6b6dbc74bd852b10bdbe09c3c/AntiMicroX/gui-sv-reviewed-20260920.ts,22f0355841a3aff45068b5ff9c62c593486c1241c1d163f73b7d040bd90b9d5d,{}
4434f8b2a064c33f005856a0,Play,Spela upp,AntiMicroX,gui-sv-reviewed-20260920,"QObject
","Granskad filleverans. Endast färdiga, aktiva översättningar tas med; detta är inte ett påstående om separat registrerat radbeslut för varje oförändrad post.",project-context,84196cacf271f02b7474aba0,reviewed-file-delivery,https://github.com/yeager/translations/blob/67e6d27877c9cfd6b6dbc74bd852b10bdbe09c3c/AntiMicroX/gui-sv-reviewed-20260920.ts,22f0355841a3aff45068b5ff9c62c593486c1241c1d163f73b7d040bd90b9d5d,{}
44abcebdbcd678dccef480e4,Menu,Meny,AntiMicroX,gui-sv-reviewed-20260920,"QObject
","Granskad filleverans. Endast färdiga, aktiva översättningar tas med; detta är inte ett påstående om separat registrerat radbeslut för varje oförändrad post.",project-context,f544928d365a789469ebf285,reviewed-file-delivery,https://github.com/yeager/translations/blob/67e6d27877c9cfd6b6dbc74bd852b10bdbe09c3c/AntiMicroX/gui-sv-reviewed-20260920.ts,22f0355841a3aff45068b5ff9c62c593486c1241c1d163f73b7d040bd90b9d5d,{}
44f7a2eed33e79b8a06a8a60,Mapping,Mappning,AntiMicroX,gui-sv-reviewed-20260920,"GameControllerMappingDialog
","Granskad filleverans. Endast färdiga, aktiva översättningar tas med; detta är inte ett påstående om separat registrerat radbeslut för varje oförändrad post.",project-context,6017c073b9b8ff4541d1c0b5,reviewed-file-delivery,https://github.com/yeager/translations/blob/67e6d27877c9cfd6b6dbc74bd852b10bdbe09c3c/AntiMicroX/gui-sv-reviewed-20260920.ts,22f0355841a3aff45068b5ff9c62c593486c1241c1d163f73b7d040bd90b9d5d,{}
452d9f4c9e0460b10d3397eb,Set as Default for Controller,Ange som standard för handkontroll,AntiMicroX,gui-sv-reviewed-20260920,"AddEditAutoProfileDialog
","Granskad filleverans. Endast färdiga, aktiva översättningar tas med; detta är inte ett påstående om separat registrerat radbeslut för varje oförändrad post.",project-context,47fa2bc105eb54f3513252e3,reviewed-file-delivery,https://github.com/yeager/translations/blob/67e6d27877c9cfd6b6dbc74bd852b10bdbe09c3c/AntiMicroX/gui-sv-reviewed-20260920.ts,22f0355841a3aff45068b5ff9c62c593486c1241c1d163f73b7d040bd90b9d5d,{}
45bab3aad1cf725344171b07,None,Ingen,AntiMicroX,gui-sv-reviewed-20260920,"AxisEditDialog
","Granskad filleverans. Endast färdiga, aktiva översättningar tas med; detta är inte ett påstående om separat registrerat radbeslut för varje oförändrad post.",project-context,4bf929808a829927c696d85a,reviewed-file-delivery,https://github.com/yeager/translations/blob/67e6d27877c9cfd6b6dbc74bd852b10bdbe09c3c/AntiMicroX/gui-sv-reviewed-20260920.ts,22f0355841a3aff45068b5ff9c62c593486c1241c1d163f73b7d040bd90b9d5d,{}
461bf9e0a4726644ecb80adf,Throttle Change,Gasändring,AntiMicroX,gui-sv-reviewed-20260920,"SetAxisThrottleDialog
","Granskad filleverans. Endast färdiga, aktiva översättningar tas med; detta är inte ett påstående om separat registrerat radbeslut för varje oförändrad post.",project-context,c7e373f3fb5b718bcaa4ec0d,reviewed-file-delivery,https://github.com/yeager/translations/blob/67e6d27877c9cfd6b6dbc74bd852b10bdbe09c3c/AntiMicroX/gui-sv-reviewed-20260920.ts,22f0355841a3aff45068b5ff9c62c593486c1241c1d163f73b7d040bd90b9d5d,{}
465cf38eea60d5a2a0fda3bc,Toggle button name displaying.,Visa eller dölj knappnamn.,AntiMicroX,gui-sv-reviewed-20260920,"JoyTabWidget
","Granskad filleverans. Endast färdiga, aktiva översättningar tas med; detta är inte ett påstående om separat registrerat radbeslut för varje oförändrad post.",project-context,a30d2542d54eedc07575bd82,reviewed-file-delivery,https://github.com/yeager/translations/blob/67e6d27877c9cfd6b6dbc74bd852b10bdbe09c3c/AntiMicroX/gui-sv-reviewed-20260920.ts,22f0355841a3aff45068b5ff9c62c593486c1241c1d163f73b7d040bd90b9d5d,{}
474a944edb55ee7b44c19ce9,Gyroscope,Gyroskop,AntiMicroX,gui-sv-reviewed-20260920,"JoystickStatusWindow
","Granskad filleverans. Endast färdiga, aktiva översättningar tas med; detta är inte ett påstående om separat registrerat radbeslut för varje oförändrad post.",project-context,a8bee70033e0533560a35f53,reviewed-file-delivery,https://github.com/yeager/translations/blob/67e6d27877c9cfd6b6dbc74bd852b10bdbe09c3c/AntiMicroX/gui-sv-reviewed-20260920.ts,22f0355841a3aff45068b5ff9c62c593486c1241c1d163f73b7d040bd90b9d5d,{}
47df0640d3db720d5f345415,Polski,Polska,AntiMicroX,gui-sv-reviewed-20260920,"MainSettingsDialog
","Granskad filleverans. Endast färdiga, aktiva översättningar tas med; detta är inte ett påstående om separat registrerat radbeslut för varje oförändrad post.",project-context,91160adfac63eb670c0f3f11,reviewed-file-delivery,https://github.com/yeager/translations/blob/67e6d27877c9cfd6b6dbc74bd852b10bdbe09c3c/AntiMicroX/gui-sv-reviewed-20260920.ts,22f0355841a3aff45068b5ff9c62c593486c1241c1d163f73b7d040bd90b9d5d,{}
47e478f522954d5d3bc18d11,Form,Formulär,AntiMicroX,gui-sv-reviewed-20260920,"Calibration
","Granskad filleverans. Endast färdiga, aktiva översättningar tas med; detta är inte ett påstående om separat registrerat radbeslut för varje oförändrad post.",project-context,a1ebddd9caac5a7f3e247161,reviewed-file-delivery,https://github.com/yeager/translations/blob/67e6d27877c9cfd6b6dbc74bd852b10bdbe09c3c/AntiMicroX/gui-sv-reviewed-20260920.ts,22f0355841a3aff45068b5ff9c62c593486c1241c1d163f73b7d040bd90b9d5d,{}
483192aeaa24f27962b98cab,Arrows: Left | Right,Piltangenter: Vänster | Höger,AntiMicroX,gui-sv-reviewed-20260920,"AxisEditDialog
","Granskad filleverans. Endast färdiga, aktiva översättningar tas med; detta är inte ett påstående om separat registrerat radbeslut för varje oförändrad post.",project-context,f65122d905edccb350ba7776,reviewed-file-delivery,https://github.com/yeager/translations/blob/67e6d27877c9cfd6b6dbc74bd852b10bdbe09c3c/AntiMicroX/gui-sv-reviewed-20260920.ts,22f0355841a3aff45068b5ff9c62c593486c1241c1d163f73b7d040bd90b9d5d,{}
488625a2de7249e924784a01,Delete,Ta bort,AntiMicroX,gui-sv-reviewed-20260920,"MainSettingsDialog
","Granskad filleverans. Endast färdiga, aktiva översättningar tas med; detta är inte ett påstående om separat registrerat radbeslut för varje oförändrad post.",project-context,379fbb7f43f89adb8949039b,reviewed-file-delivery,https://github.com/yeager/translations/blob/67e6d27877c9cfd6b6dbc74bd852b10bdbe09c3c/AntiMicroX/gui-sv-reviewed-20260920.ts,22f0355841a3aff45068b5ff9c62c593486c1241c1d163f73b7d040bd90b9d5d,{}
48cabbdf8803b6f471ad175a,Mouse (Inverted Horizontal),Mus (omvänd horisontell),AntiMicroX,gui-sv-reviewed-20260920,"DPadContextMenu
","Granskad filleverans. Endast färdiga, aktiva översättningar tas med; detta är inte ett påstående om separat registrerat radbeslut för varje oförändrad post.",project-context,e31a0b9e7d0201f2599a51fb,reviewed-file-delivery,https://github.com/yeager/translations/blob/67e6d27877c9cfd6b6dbc74bd852b10bdbe09c3c/AntiMicroX/gui-sv-reviewed-20260920.ts,22f0355841a3aff45068b5ff9c62c593486c1241c1d163f73b7d040bd90b9d5d,{}
4928fa7991eda9e8dfbd649f,Last button,Senaste knapp,AntiMicroX,gui-sv-reviewed-20260920,"VirtualKeyboardMouseWidget
","Granskad filleverans. Endast färdiga, aktiva översättningar tas med; detta är inte ett påstående om separat registrerat radbeslut för varje oförändrad post.",project-context,ff622473f3464df72b458971,reviewed-file-delivery,https://github.com/yeager/translations/blob/67e6d27877c9cfd6b6dbc74bd852b10bdbe09c3c/AntiMicroX/gui-sv-reviewed-20260920.ts,22f0355841a3aff45068b5ff9c62c593486c1241c1d163f73b7d040bd90b9d5d,{}
4a6ecd45097ecc9af2a659d1,Stick Mode:,Styrspaksläge:,AntiMicroX,gui-sv-reviewed-20260920,"JoyControlStickEditDialog
","Granskad filleverans. Endast färdiga, aktiva översättningar tas med; detta är inte ett påstående om separat registrerat radbeslut för varje oförändrad post.",project-context,a0807ce52bd636dd4aad39bb,reviewed-file-delivery,https://github.com/yeager/translations/blob/67e6d27877c9cfd6b6dbc74bd852b10bdbe09c3c/AntiMicroX/gui-sv-reviewed-20260920.ts,22f0355841a3aff45068b5ff9c62c593486c1241c1d163f73b7d040bd90b9d5d,{}
4aa3aa1d448952fe6fd2000c,Mouse (Inverted Horizontal),Mus (omvänd horisontell),AntiMicroX,gui-sv-reviewed-20260920,"AxisEditDialog
","Granskad filleverans. Endast färdiga, aktiva översättningar tas med; detta är inte ett påstående om separat registrerat radbeslut för varje oförändrad post.",project-context,e6febe148ee27eae5256fa90,reviewed-file-delivery,https://github.com/yeager/translations/blob/67e6d27877c9cfd6b6dbc74bd852b10bdbe09c3c/AntiMicroX/gui-sv-reviewed-20260920.ts,22f0355841a3aff45068b5ff9c62c593486c1241c1d163f73b7d040bd90b9d5d,{}
4b135a890cf88a138b6c7b31,NumPad: KP_4 | KP_6,Numeriskt tangentbord: KP_4 | KP_6,AntiMicroX,gui-sv-reviewed-20260920,"JoyAxisContextMenu
","Granskad filleverans. Endast färdiga, aktiva översättningar tas med; detta är inte ett påstående om separat registrerat radbeslut för varje oförändrad post.",project-context,71a32f3b5ce111b06eabce92,reviewed-file-delivery,https://github.com/yeager/translations/blob/67e6d27877c9cfd6b6dbc74bd852b10bdbe09c3c/AntiMicroX/gui-sv-reviewed-20260920.ts,22f0355841a3aff45068b5ff9c62c593486c1241c1d163f73b7d040bd90b9d5d,{}
4b68200524402b741e1f91fc,Alt (L),Alt (V),AntiMicroX,gui-sv-reviewed-20260920,"VirtualKeyPushButton
","Granskad filleverans. Endast färdiga, aktiva översättningar tas med; detta är inte ett påstående om separat registrerat radbeslut för varje oförändrad post.",project-context,04333f764730b330bd8347e5,reviewed-file-delivery,https://github.com/yeager/translations/blob/67e6d27877c9cfd6b6dbc74bd852b10bdbe09c3c/AntiMicroX/gui-sv-reviewed-20260920.ts,22f0355841a3aff45068b5ff9c62c593486c1241c1d163f73b7d040bd90b9d5d,{}
4b9120097215602ce89d4929,Extra Profile Settings,Extra profilinställningar,AntiMicroX,gui-sv-reviewed-20260920,"ExtraProfileSettingsDialog
","Granskad filleverans. Endast färdiga, aktiva översättningar tas med; detta är inte ett påstående om separat registrerat radbeslut för varje oförändrad post.",project-context,d5635ce08071afbbe91a8b56,reviewed-file-delivery,https://github.com/yeager/translations/blob/67e6d27877c9cfd6b6dbc74bd852b10bdbe09c3c/AntiMicroX/gui-sv-reviewed-20260920.ts,22f0355841a3aff45068b5ff9c62c593486c1241c1d163f73b7d040bd90b9d5d,{}
4bc85a0fb915d4c253f3e026,Select Set 7 One Way,Välj uppsättning 7 enkelriktat,AntiMicroX,gui-sv-reviewed-20260920,"AdvanceButtonDialog
","Granskad filleverans. Endast färdiga, aktiva översättningar tas med; detta är inte ett påstående om separat registrerat radbeslut för varje oförändrad post.",project-context,751d7490280a254ad9d9e2fe,reviewed-file-delivery,https://github.com/yeager/translations/blob/67e6d27877c9cfd6b6dbc74bd852b10bdbe09c3c/AntiMicroX/gui-sv-reviewed-20260920.ts,22f0355841a3aff45068b5ff9c62c593486c1241c1d163f73b7d040bd90b9d5d,{}
4bee3e64410b784667aae53b,Controller Mapping,Handkontrollmappning,AntiMicroX,gui-sv-reviewed-20260920,"JoyTabWidget
","Granskad filleverans. Endast färdiga, aktiva översättningar tas med; detta är inte ett påstående om separat registrerat radbeslut för varje oförändrad post.",project-context,939cefb237e32f337586dc29,reviewed-file-delivery,https://github.com/yeager/translations/blob/67e6d27877c9cfd6b6dbc74bd852b10bdbe09c3c/AntiMicroX/gui-sv-reviewed-20260920.ts,22f0355841a3aff45068b5ff9c62c593486c1241c1d163f73b7d040bd90b9d5d,{}
4c60ba697f3987fd7b5dbe6d,Action:,Åtgärd:,AntiMicroX,gui-sv-reviewed-20260920,"ButtonEditDialog
","Granskad filleverans. Endast färdiga, aktiva översättningar tas med; detta är inte ett påstående om separat registrerat radbeslut för varje oförändrad post.",project-context,5ff91b13741fcaede2ef453f,reviewed-file-delivery,https://github.com/yeager/translations/blob/67e6d27877c9cfd6b6dbc74bd852b10bdbe09c3c/AntiMicroX/gui-sv-reviewed-20260920.ts,22f0355841a3aff45068b5ff9c62c593486c1241c1d163f73b7d040bd90b9d5d,{}
4c627de95f3ce95f7de68669,Select your slot before splitting.,Välj din plats innan den delas.,AntiMicroX,gui-sv-reviewed-20260920,"AdvanceButtonDialog
","Granskad filleverans. Endast färdiga, aktiva översättningar tas med; detta är inte ett påstående om separat registrerat radbeslut för varje oförändrad post.",project-context,1bf77566532b283f72239903,reviewed-file-delivery,https://github.com/yeager/translations/blob/67e6d27877c9cfd6b6dbc74bd852b10bdbe09c3c/AntiMicroX/gui-sv-reviewed-20260920.ts,22f0355841a3aff45068b5ff9c62c593486c1241c1d163f73b7d040bd90b9d5d,{}
4c87bff10c712508547e452e,Open File,Öppna fil,AntiMicroX,gui-sv-reviewed-20260920,"MainWindow
","Granskad filleverans. Endast färdiga, aktiva översättningar tas med; detta är inte ett påstående om separat registrerat radbeslut för varje oförändrad post.",project-context,ec42374f3e672662bee67a81,reviewed-file-delivery,https://github.com/yeager/translations/blob/67e6d27877c9cfd6b6dbc74bd852b10bdbe09c3c/AntiMicroX/gui-sv-reviewed-20260920.ts,22f0355841a3aff45068b5ff9c62c593486c1241c1d163f73b7d040bd90b9d5d,{}
4cc141145fe0a374ee1db8cc,Devices:,Enheter:,AntiMicroX,gui-sv-reviewed-20260920,"MainSettingsDialog
","Granskad filleverans. Endast färdiga, aktiva översättningar tas med; detta är inte ett påstående om separat registrerat radbeslut för varje oförändrad post.",project-context,1236aa46a3ad7f5942685542,reviewed-file-delivery,https://github.com/yeager/translations/blob/67e6d27877c9cfd6b6dbc74bd852b10bdbe09c3c/AntiMicroX/gui-sv-reviewed-20260920.ts,22f0355841a3aff45068b5ff9c62c593486c1241c1d163f73b7d040bd90b9d5d,{}
4cedfd565815643c4930e294,Others,Övrigt,AntiMicroX,gui-sv-reviewed-20260920,"VirtualKeyboardMouseWidget
","Granskad filleverans. Endast färdiga, aktiva översättningar tas med; detta är inte ett påstående om separat registrerat radbeslut för varje oförändrad post.",project-context,719fe5842fb03d48693eed31,reviewed-file-delivery,https://github.com/yeager/translations/blob/67e6d27877c9cfd6b6dbc74bd852b10bdbe09c3c/AntiMicroX/gui-sv-reviewed-20260920.ts,22f0355841a3aff45068b5ff9c62c593486c1241c1d163f73b7d040bd90b9d5d,{}
4d94004845c89575c2e68746,4 Way Diagonal,4-vägs diagonalt,AntiMicroX,gui-sv-reviewed-20260920,"DPadEditDialog
","Granskad filleverans. Endast färdiga, aktiva översättningar tas med; detta är inte ett påstående om separat registrerat radbeslut för varje oförändrad post.",project-context,1f3d64e491ce2a8556eaa522,reviewed-file-delivery,https://github.com/yeager/translations/blob/67e6d27877c9cfd6b6dbc74bd852b10bdbe09c3c/AntiMicroX/gui-sv-reviewed-20260920.ts,22f0355841a3aff45068b5ff9c62c593486c1241c1d163f73b7d040bd90b9d5d,{}
4e09cf44827b158a23da3ee9,Default Profile,Standardprofil,AntiMicroX,gui-sv-reviewed-20260920,"EditAllDefaultAutoProfileDialog
","Granskad filleverans. Endast färdiga, aktiva översättningar tas med; detta är inte ett påstående om separat registrerat radbeslut för varje oförändrad post.",project-context,64997f4ea61c6d828cdae541,reviewed-file-delivery,https://github.com/yeager/translations/blob/67e6d27877c9cfd6b6dbc74bd852b10bdbe09c3c/AntiMicroX/gui-sv-reviewed-20260920.ts,22f0355841a3aff45068b5ff9c62c593486c1241c1d163f73b7d040bd90b9d5d,{}
4e1930f53fb43c53538c48cf,ESC,Esc,AntiMicroX,gui-sv-reviewed-20260920,"VirtualKeyPushButton
","Granskad filleverans. Endast färdiga, aktiva översättningar tas med; detta är inte ett påstående om separat registrerat radbeslut för varje oförändrad post.",project-context,eec9504cf2b6f3da7d5f3fcd,reviewed-file-delivery,https://github.com/yeager/translations/blob/67e6d27877c9cfd6b6dbc74bd852b10bdbe09c3c/AntiMicroX/gui-sv-reviewed-20260920.ts,22f0355841a3aff45068b5ff9c62c593486c1241c1d163f73b7d040bd90b9d5d,{}
4e260afe74aae52c042d9742,Last button,Senaste knapp,AntiMicroX,gui-sv-reviewed-20260920,"ButtonEditDialog
","Granskad filleverans. Endast färdiga, aktiva översättningar tas med; detta är inte ett påstående om separat registrerat radbeslut för varje oförändrad post.",project-context,aaf333537959681416dd5135,reviewed-file-delivery,https://github.com/yeager/translations/blob/67e6d27877c9cfd6b6dbc74bd852b10bdbe09c3c/AntiMicroX/gui-sv-reviewed-20260920.ts,22f0355841a3aff45068b5ff9c62c593486c1241c1d163f73b7d040bd90b9d5d,{}
4e501fc700221dca29b645e3,Negative Throttle,Negativ gas,AntiMicroX,gui-sv-reviewed-20260920,"AxisEditDialog
","Granskad filleverans. Endast färdiga, aktiva översättningar tas med; detta är inte ett påstående om separat registrerat radbeslut för varje oförändrad post.",project-context,20c1052617f72be58a1bfe5c,reviewed-file-delivery,https://github.com/yeager/translations/blob/67e6d27877c9cfd6b6dbc74bd852b10bdbe09c3c/AntiMicroX/gui-sv-reviewed-20260920.ts,22f0355841a3aff45068b5ff9c62c593486c1241c1d163f73b7d040bd90b9d5d,{}
4e694331c512ba653e29b65a,Mouse Settings,Musinställningar,AntiMicroX,gui-sv-reviewed-20260920,"JoyControlStickContextMenu
","Granskad filleverans. Endast färdiga, aktiva översättningar tas med; detta är inte ett påstående om separat registrerat radbeslut för varje oförändrad post.",project-context,cc5e8c26eec4c321b99e7b46,reviewed-file-delivery,https://github.com/yeager/translations/blob/67e6d27877c9cfd6b6dbc74bd852b10bdbe09c3c/AntiMicroX/gui-sv-reviewed-20260920.ts,22f0355841a3aff45068b5ff9c62c593486c1241c1d163f73b7d040bd90b9d5d,{}
4ea66ac101441f92cc23ec73,R Trigger,Höger avtryckare,AntiMicroX,gui-sv-reviewed-20260920,"GameControllerSet
","Granskad filleverans. Endast färdiga, aktiva översättningar tas med; detta är inte ett påstående om separat registrerat radbeslut för varje oförändrad post.",project-context,3df72bc72cef01f7292762ee,reviewed-file-delivery,https://github.com/yeager/translations/blob/67e6d27877c9cfd6b6dbc74bd852b10bdbe09c3c/AntiMicroX/gui-sv-reviewed-20260920.ts,22f0355841a3aff45068b5ff9c62c593486c1241c1d163f73b7d040bd90b9d5d,{}
4f56d283e3e236ae5db7dfe2,Full Path,Fullständig sökväg,AntiMicroX,gui-sv-reviewed-20260920,"CapturedWindowInfoDialog
","Granskad filleverans. Endast färdiga, aktiva översättningar tas med; detta är inte ett påstående om separat registrerat radbeslut för varje oförändrad post.",project-context,c3c563c1a1dd14419a93fe31,reviewed-file-delivery,https://github.com/yeager/translations/blob/67e6d27877c9cfd6b6dbc74bd852b10bdbe09c3c/AntiMicroX/gui-sv-reviewed-20260920.ts,22f0355841a3aff45068b5ff9c62c593486c1241c1d163f73b7d040bd90b9d5d,{}
50b8c9906e7416b5720f98b5,Mouse (Inverted Vertical),Mus (omvänd vertikal),AntiMicroX,gui-sv-reviewed-20260920,"JoyAxisContextMenu
","Granskad filleverans. Endast färdiga, aktiva översättningar tas med; detta är inte ett påstående om separat registrerat radbeslut för varje oförändrad post.",project-context,893240cf6acf477b80a2ee37,reviewed-file-delivery,https://github.com/yeager/translations/blob/67e6d27877c9cfd6b6dbc74bd852b10bdbe09c3c/AntiMicroX/gui-sv-reviewed-20260920.ts,22f0355841a3aff45068b5ff9c62c593486c1241c1d163f73b7d040bd90b9d5d,{}
518d53edaa442ad8870be733,Left,Vänster,AntiMicroX,gui-sv-reviewed-20260920,"VirtualKeyPushButton
","Granskad filleverans. Endast färdiga, aktiva översättningar tas med; detta är inte ett påstående om separat registrerat radbeslut för varje oförändrad post.",project-context,bf90f63c773fa74c7eb1390d,reviewed-file-delivery,https://github.com/yeager/translations/blob/67e6d27877c9cfd6b6dbc74bd852b10bdbe09c3c/AntiMicroX/gui-sv-reviewed-20260920.ts,22f0355841a3aff45068b5ff9c62c593486c1241c1d163f73b7d040bd90b9d5d,{}
51b42885c703321a5b70b456,Mouse (Inverted Horizontal),Mus (omvänd horisontell),AntiMicroX,gui-sv-reviewed-20260920,"DPadEditDialog
","Granskad filleverans. Endast färdiga, aktiva översättningar tas med; detta är inte ett påstående om separat registrerat radbeslut för varje oförändrad post.",project-context,8d8cf993135753faf83db7a7,reviewed-file-delivery,https://github.com/yeager/translations/blob/67e6d27877c9cfd6b6dbc74bd852b10bdbe09c3c/AntiMicroX/gui-sv-reviewed-20260920.ts,22f0355841a3aff45068b5ff9c62c593486c1241c1d163f73b7d040bd90b9d5d,{}
522b225eca1010c22a0f285a,Power Function,Potensfunktion,AntiMicroX,gui-sv-reviewed-20260920,"MouseSettingsDialog
","Granskad filleverans. Endast färdiga, aktiva översättningar tas med; detta är inte ett påstående om separat registrerat radbeslut för varje oförändrad post.",project-context,b9c401c3c593cd7d4673a4e8,reviewed-file-delivery,https://github.com/yeager/translations/blob/67e6d27877c9cfd6b6dbc74bd852b10bdbe09c3c/AntiMicroX/gui-sv-reviewed-20260920.ts,22f0355841a3aff45068b5ff9c62c593486c1241c1d163f73b7d040bd90b9d5d,{}
528e68b5be24352c1d1a0358,Release Radius:,Frisläppningsradie:,AntiMicroX,gui-sv-reviewed-20260920,"MouseSettingsDialog
","Granskad filleverans. Endast färdiga, aktiva översättningar tas med; detta är inte ett påstående om separat registrerat radbeslut för varje oförändrad post.",project-context,1805d0ec46040207b6799da9,reviewed-file-delivery,https://github.com/yeager/translations/blob/67e6d27877c9cfd6b6dbc74bd852b10bdbe09c3c/AntiMicroX/gui-sv-reviewed-20260920.ts,22f0355841a3aff45068b5ff9c62c593486c1241c1d163f73b7d040bd90b9d5d,{}
528f9230156ae8f86b8a63d4,None,Ingen,AntiMicroX,gui-sv-reviewed-20260920,"DPadContextMenu
","Granskad filleverans. Endast färdiga, aktiva översättningar tas med; detta är inte ett påstående om separat registrerat radbeslut för varje oförändrad post.",project-context,31c77916a6544d8185e0ad0f,reviewed-file-delivery,https://github.com/yeager/translations/blob/67e6d27877c9cfd6b6dbc74bd852b10bdbe09c3c/AntiMicroX/gui-sv-reviewed-20260920.ts,22f0355841a3aff45068b5ff9c62c593486c1241c1d163f73b7d040bd90b9d5d,{}
52e653c88a919b02e6b55a62,Current Value:,Aktuellt värde:,AntiMicroX,gui-sv-reviewed-20260920,"AxisEditDialog
","Granskad filleverans. Endast färdiga, aktiva översättningar tas med; detta är inte ett påstående om separat registrerat radbeslut för varje oförändrad post.",project-context,e1d34e7967e1452eacc656c2,reviewed-file-delivery,https://github.com/yeager/translations/blob/67e6d27877c9cfd6b6dbc74bd852b10bdbe09c3c/AntiMicroX/gui-sv-reviewed-20260920.ts,22f0355841a3aff45068b5ff9c62c593486c1241c1d163f73b7d040bd90b9d5d,{}
530062343b9600d9786b4429,Clear all currently assigned slots.,Rensa alla tilldelade platser.,AntiMicroX,gui-sv-reviewed-20260920,"AdvanceButtonDialog
","Granskad filleverans. Endast färdiga, aktiva översättningar tas med; detta är inte ett påstående om separat registrerat radbeslut för varje oförändrad post.",project-context,2b5f2b366ab6b035038ab276,reviewed-file-delivery,https://github.com/yeager/translations/blob/67e6d27877c9cfd6b6dbc74bd852b10bdbe09c3c/AntiMicroX/gui-sv-reviewed-20260920.ts,22f0355841a3aff45068b5ff9c62c593486c1241c1d163f73b7d040bd90b9d5d,{}
536fc1ed5899c8713123dfbf,Right Stick Y,Höger styrspak Y,AntiMicroX,gui-sv-reviewed-20260920,"GameControllerMappingDialog
","Granskad filleverans. Endast färdiga, aktiva översättningar tas med; detta är inte ett påstående om separat registrerat radbeslut för varje oförändrad post.",project-context,b060ac4d8868430a3e21efb1,reviewed-file-delivery,https://github.com/yeager/translations/blob/67e6d27877c9cfd6b6dbc74bd852b10bdbe09c3c/AntiMicroX/gui-sv-reviewed-20260920.ts,22f0355841a3aff45068b5ff9c62c593486c1241c1d163f73b7d040bd90b9d5d,{}
539b64a88934e8121f0f8cb5,Browser Stop,Stoppa webbläsaren,AntiMicroX,gui-sv-reviewed-20260920,"VirtualKeyboardMouseWidget
","Granskad filleverans. Endast färdiga, aktiva översättningar tas med; detta är inte ett påstående om separat registrerat radbeslut för varje oförändrad post.",project-context,da5265d5784aeab0c874bb92,reviewed-file-delivery,https://github.com/yeager/translations/blob/67e6d27877c9cfd6b6dbc74bd852b10bdbe09c3c/AntiMicroX/gui-sv-reviewed-20260920.ts,22f0355841a3aff45068b5ff9c62c593486c1241c1d163f73b7d040bd90b9d5d,{}
53c7c94df9fed91bd3abc5e8,Rate:,Hastighet:,AntiMicroX,gui-sv-reviewed-20260920,"MainSettingsDialog
","Granskad filleverans. Endast färdiga, aktiva översättningar tas med; detta är inte ett påstående om separat registrerat radbeslut för varje oförändrad post.",project-context,10999396206caae2b24b6df6,reviewed-file-delivery,https://github.com/yeager/translations/blob/67e6d27877c9cfd6b6dbc74bd852b10bdbe09c3c/AntiMicroX/gui-sv-reviewed-20260920.ts,22f0355841a3aff45068b5ff9c62c593486c1241c1d163f73b7d040bd90b9d5d,{}
53ebd3ec2413fd6eacd48ece,Reset,Återställ,AntiMicroX,gui-sv-reviewed-20260920,"JoyTabWidget
","Granskad filleverans. Endast färdiga, aktiva översättningar tas med; detta är inte ett påstående om separat registrerat radbeslut för varje oförändrad post.",project-context,013483e1f0109c1d0219236b,reviewed-file-delivery,https://github.com/yeager/translations/blob/67e6d27877c9cfd6b6dbc74bd852b10bdbe09c3c/AntiMicroX/gui-sv-reviewed-20260920.ts,22f0355841a3aff45068b5ff9c62c593486c1241c1d163f73b7d040bd90b9d5d,{}
54d141d45acb9ef786c3505a,Stick 2,Styrspak 2,AntiMicroX,gui-sv-reviewed-20260920,"AdvanceStickAssignmentDialog
","Granskad filleverans. Endast färdiga, aktiva översättningar tas med; detta är inte ett påstående om separat registrerat radbeslut för varje oförändrad post.",project-context,fb9db5f8a1e592be4d1e42cd,reviewed-file-delivery,https://github.com/yeager/translations/blob/67e6d27877c9cfd6b6dbc74bd852b10bdbe09c3c/AntiMicroX/gui-sv-reviewed-20260920.ts,22f0355841a3aff45068b5ff9c62c593486c1241c1d163f73b7d040bd90b9d5d,{}
54f3ee6323d2bee978f52d07,&Multiplier:,&Multiplikator:,AntiMicroX,gui-sv-reviewed-20260920,"MouseSettingsDialog
","Granskad filleverans. Endast färdiga, aktiva översättningar tas med; detta är inte ett påstående om separat registrerat radbeslut för varje oförändrad post.",project-context,fb5df1eed19250b5538573a6,reviewed-file-delivery,https://github.com/yeager/translations/blob/67e6d27877c9cfd6b6dbc74bd852b10bdbe09c3c/AntiMicroX/gui-sv-reviewed-20260920.ts,22f0355841a3aff45068b5ff9c62c593486c1241c1d163f73b7d040bd90b9d5d,{}
5528716798d363a467778f59,Select Set 4 While Held,Välj uppsättning 4 medan den hålls nedtryckt,AntiMicroX,gui-sv-reviewed-20260920,"AdvanceButtonDialog
","Granskad filleverans. Endast färdiga, aktiva översättningar tas med; detta är inte ett påstående om separat registrerat radbeslut för varje oförändrad post.",project-context,6984f53b5054ab8b8e49178f,reviewed-file-delivery,https://github.com/yeager/translations/blob/67e6d27877c9cfd6b6dbc74bd852b10bdbe09c3c/AntiMicroX/gui-sv-reviewed-20260920.ts,22f0355841a3aff45068b5ff9c62c593486c1241c1d163f73b7d040bd90b9d5d,{}
55aa72837b57a9f901f30fac,Shift_L,Vänster Skift,AntiMicroX,gui-sv-reviewed-20260920,"UInputHelper
","Granskad filleverans. Endast färdiga, aktiva översättningar tas med; detta är inte ett påstående om separat registrerat radbeslut för varje oförändrad post.",project-context,a18a90603b1aa364f34441bb,reviewed-file-delivery,https://github.com/yeager/translations/blob/67e6d27877c9cfd6b6dbc74bd852b10bdbe09c3c/AntiMicroX/gui-sv-reviewed-20260920.ts,22f0355841a3aff45068b5ff9c62c593486c1241c1d163f73b7d040bd90b9d5d,{}
55fc55b26abcb3c3a2b5e67f,Volume Down,Sänk volymen,AntiMicroX,gui-sv-reviewed-20260920,"VirtualKeyboardMouseWidget
","Granskad filleverans. Endast färdiga, aktiva översättningar tas med; detta är inte ett påstående om separat registrerat radbeslut för varje oförändrad post.",project-context,78dc68a81ccd7abe5aec9304,reviewed-file-delivery,https://github.com/yeager/translations/blob/67e6d27877c9cfd6b6dbc74bd852b10bdbe09c3c/AntiMicroX/gui-sv-reviewed-20260920.ts,22f0355841a3aff45068b5ff9c62c593486c1241c1d163f73b7d040bd90b9d5d,{}
56893bb5963b72139cba2d74,Enable,Aktivera,AntiMicroX,gui-sv-reviewed-20260920,"MainSettingsDialog
","Granskad filleverans. Endast färdiga, aktiva översättningar tas med; detta är inte ett påstående om separat registrerat radbeslut för varje oförändrad post.",project-context,d9d504e84d37f27928c19221,reviewed-file-delivery,https://github.com/yeager/translations/blob/67e6d27877c9cfd6b6dbc74bd852b10bdbe09c3c/AntiMicroX/gui-sv-reviewed-20260920.ts,22f0355841a3aff45068b5ff9c62c593486c1241c1d163f73b7d040bd90b9d5d,{}
56eedfd89888b2c39be8367f,No choice,Inget val,AntiMicroX,gui-sv-reviewed-20260920,"ButtonEditDialog
","Granskad filleverans. Endast färdiga, aktiva översättningar tas med; detta är inte ett påstående om separat registrerat radbeslut för varje oförändrad post.",project-context,01a9f43e9c8e7147b41aa3b7,reviewed-file-delivery,https://github.com/yeager/translations/blob/67e6d27877c9cfd6b6dbc74bd852b10bdbe09c3c/AntiMicroX/gui-sv-reviewed-20260920.ts,22f0355841a3aff45068b5ff9c62c593486c1241c1d163f73b7d040bd90b9d5d,{}
570db80c4c38b84b03d5cd57,Config Files (*.amgp *.xml),Konfigurationsfiler (*.amgp *.xml),AntiMicroX,gui-sv-reviewed-20260920,"JoyTabWidget
","Granskad filleverans. Endast färdiga, aktiva översättningar tas med; detta är inte ett påstående om separat registrerat radbeslut för varje oförändrad post.",project-context,c9f92384a0bd93df4c8cefde,reviewed-file-delivery,https://github.com/yeager/translations/blob/67e6d27877c9cfd6b6dbc74bd852b10bdbe09c3c/AntiMicroX/gui-sv-reviewed-20260920.ts,22f0355841a3aff45068b5ff9c62c593486c1241c1d163f73b7d040bd90b9d5d,{}
578f3e4d667ee47b296b0a46,Blank or KB/M,Blank eller KB/M,AntiMicroX,gui-sv-reviewed-20260920,"AdvanceButtonDialog
","Granskad filleverans. Endast färdiga, aktiva översättningar tas med; detta är inte ett påstående om separat registrerat radbeslut för varje oförändrad post.",project-context,f32ebf5d42ef561131a00bd4,reviewed-file-delivery,https://github.com/yeager/translations/blob/67e6d27877c9cfd6b6dbc74bd852b10bdbe09c3c/AntiMicroX/gui-sv-reviewed-20260920.ts,22f0355841a3aff45068b5ff9c62c593486c1241c1d163f73b7d040bd90b9d5d,{}
57977285b19be323e9f520c4,Load configuration file.,Läs in konfigurationsfil.,AntiMicroX,gui-sv-reviewed-20260920,"JoyTabWidget
","Granskad filleverans. Endast färdiga, aktiva översättningar tas med; detta är inte ett påstående om separat registrerat radbeslut för varje oförändrad post.",project-context,f88911909bbb8c3e988edfe2,reviewed-file-delivery,https://github.com/yeager/translations/blob/67e6d27877c9cfd6b6dbc74bd852b10bdbe09c3c/AntiMicroX/gui-sv-reviewed-20260920.ts,22f0355841a3aff45068b5ff9c62c593486c1241c1d163f73b7d040bd90b9d5d,{}
57fa34e849085336ed2de070,Profile:,Profil:,AntiMicroX,gui-sv-reviewed-20260920,"EditAllDefaultAutoProfileDialog
","Granskad filleverans. Endast färdiga, aktiva översättningar tas med; detta är inte ett påstående om separat registrerat radbeslut för varje oförändrad post.",project-context,8e1ac4390fc14b367db342d5,reviewed-file-delivery,https://github.com/yeager/translations/blob/67e6d27877c9cfd6b6dbc74bd852b10bdbe09c3c/AntiMicroX/gui-sv-reviewed-20260920.ts,22f0355841a3aff45068b5ff9c62c593486c1241c1d163f73b7d040bd90b9d5d,{}
582858ab81bb152e489faa4d,License,Licens,AntiMicroX,gui-sv-reviewed-20260920,"AboutDialog
","Granskad filleverans. Endast färdiga, aktiva översättningar tas med; detta är inte ett påstående om separat registrerat radbeslut för varje oförändrad post.",project-context,4b8ab649aa4b0dd263339c36,reviewed-file-delivery,https://github.com/yeager/translations/blob/67e6d27877c9cfd6b6dbc74bd852b10bdbe09c3c/AntiMicroX/gui-sv-reviewed-20260920.ts,22f0355841a3aff45068b5ff9c62c593486c1241c1d163f73b7d040bd90b9d5d,{}
582de0d9b07e386d8f05b1c1,Modifier Zone:,Modifierarzon:,AntiMicroX,gui-sv-reviewed-20260920,"JoyControlStickEditDialog
","Granskad filleverans. Endast färdiga, aktiva översättningar tas med; detta är inte ett påstående om separat registrerat radbeslut för varje oförändrad post.",project-context,9276808019e68f9798ca22c3,reviewed-file-delivery,https://github.com/yeager/translations/blob/67e6d27877c9cfd6b6dbc74bd852b10bdbe09c3c/AntiMicroX/gui-sv-reviewed-20260920.ts,22f0355841a3aff45068b5ff9c62c593486c1241c1d163f73b7d040bd90b9d5d,{}
585618390daa07f53d362727,Button 4,Musknapp 4,AntiMicroX,gui-sv-reviewed-20260920,"VirtualKeyboardMouseWidget
Mouse","Granskad filleverans. Endast färdiga, aktiva översättningar tas med; detta är inte ett påstående om separat registrerat radbeslut för varje oförändrad post.",project-context,b9e29cf5b7e89ff58e23f281,reviewed-file-delivery,https://github.com/yeager/translations/blob/67e6d27877c9cfd6b6dbc74bd852b10bdbe09c3c/AntiMicroX/gui-sv-reviewed-20260920.ts,22f0355841a3aff45068b5ff9c62c593486c1241c1d163f73b7d040bd90b9d5d,{}
592cc554f1846cddafa668a5,Up:,Upp:,AntiMicroX,gui-sv-reviewed-20260920,"AdvanceStickAssignmentDialog
","Granskad filleverans. Endast färdiga, aktiva översättningar tas med; detta är inte ett påstående om separat registrerat radbeslut för varje oförändrad post.",project-context,fcf25e1398eefe9f9f654c23,reviewed-file-delivery,https://github.com/yeager/translations/blob/67e6d27877c9cfd6b6dbc74bd852b10bdbe09c3c/AntiMicroX/gui-sv-reviewed-20260920.ts,22f0355841a3aff45068b5ff9c62c593486c1241c1d163f73b7d040bd90b9d5d,{}
595e08c822b43b57f1c26cb2,DPads,Riktningsplattor,AntiMicroX,gui-sv-reviewed-20260920,"JoyTabWidget
","Granskad filleverans. Endast färdiga, aktiva översättningar tas med; detta är inte ett påstående om separat registrerat radbeslut för varje oförändrad post.",project-context,15591604922c3e1d00f70f27,reviewed-file-delivery,https://github.com/yeager/translations/blob/67e6d27877c9cfd6b6dbc74bd852b10bdbe09c3c/AntiMicroX/gui-sv-reviewed-20260920.ts,22f0355841a3aff45068b5ff9c62c593486c1241c1d163f73b7d040bd90b9d5d,{}
5a07580060faaa688c0d1972,Hats:,Riktningshattar:,AntiMicroX,gui-sv-reviewed-20260920,"JoystickStatusWindow
","Granskad filleverans. Endast färdiga, aktiva översättningar tas med; detta är inte ett påstående om separat registrerat radbeslut för varje oförändrad post.",project-context,8419a23a25831a177d6cc521,reviewed-file-delivery,https://github.com/yeager/translations/blob/67e6d27877c9cfd6b6dbc74bd852b10bdbe09c3c/AntiMicroX/gui-sv-reviewed-20260920.ts,22f0355841a3aff45068b5ff9c62c593486c1241c1d163f73b7d040bd90b9d5d,{}
5a14ec2fe6c0f6d8d087c556,Mouse Status,Musstatus,AntiMicroX,gui-sv-reviewed-20260920,"MouseSettingsDialog
","Granskad filleverans. Endast färdiga, aktiva översättningar tas med; detta är inte ett påstående om separat registrerat radbeslut för varje oförändrad post.",project-context,157cae140c2ad6050bc6871d,reviewed-file-delivery,https://github.com/yeager/translations/blob/67e6d27877c9cfd6b6dbc74bd852b10bdbe09c3c/AntiMicroX/gui-sv-reviewed-20260920.ts,22f0355841a3aff45068b5ff9c62c593486c1241c1d163f73b7d040bd90b9d5d,{}
5a5c7fe93d30c158839e9417,Delay,Fördröjning,AntiMicroX,gui-sv-reviewed-20260920,"JoyButtonSlot
","Granskad filleverans. Endast färdiga, aktiva översättningar tas med; detta är inte ett påstående om separat registrerat radbeslut för varje oförändrad post.",project-context,d8593d505d5c4659d4c7d8cb,reviewed-file-delivery,https://github.com/yeager/translations/blob/67e6d27877c9cfd6b6dbc74bd852b10bdbe09c3c/AntiMicroX/gui-sv-reviewed-20260920.ts,22f0355841a3aff45068b5ff9c62c593486c1241c1d163f73b7d040bd90b9d5d,{}
5a80f713eddd40b23c9b2200,Calibration couldn't be opened,Kalibreringen kunde inte öppnas,AntiMicroX,gui-sv-reviewed-20260920,"MainWindow
","Granskad filleverans. Endast färdiga, aktiva översättningar tas med; detta är inte ett påstående om separat registrerat radbeslut för varje oförändrad post.",project-context,ab75a29be8cf457e38fe29ec,reviewed-file-delivery,https://github.com/yeager/translations/blob/67e6d27877c9cfd6b6dbc74bd852b10bdbe09c3c/AntiMicroX/gui-sv-reviewed-20260920.ts,22f0355841a3aff45068b5ff9c62c593486c1241c1d163f73b7d040bd90b9d5d,{}
5ac603f7ab064e3a04048e41,Dead Zone:,Dödzon:,AntiMicroX,gui-sv-reviewed-20260920,"JoyControlStickEditDialog
","Granskad filleverans. Endast färdiga, aktiva översättningar tas med; detta är inte ett påstående om separat registrerat radbeslut för varje oförändrad post.",project-context,c2861462ac620f0dcbc41d99,reviewed-file-delivery,https://github.com/yeager/translations/blob/67e6d27877c9cfd6b6dbc74bd852b10bdbe09c3c/AntiMicroX/gui-sv-reviewed-20260920.ts,22f0355841a3aff45068b5ff9c62c593486c1241c1d163f73b7d040bd90b9d5d,{}
5aed9a356d9351a72d22581c,Reset Acceleration,Återställ acceleration,AntiMicroX,gui-sv-reviewed-20260920,"MainSettingsDialog
","Granskad filleverans. Endast färdiga, aktiva översättningar tas med; detta är inte ett påstående om separat registrerat radbeslut för varje oförändrad post.",project-context,6b6a4155284502232c5c33c7,reviewed-file-delivery,https://github.com/yeager/translations/blob/67e6d27877c9cfd6b6dbc74bd852b10bdbe09c3c/AntiMicroX/gui-sv-reviewed-20260920.ts,22f0355841a3aff45068b5ff9c62c593486c1241c1d163f73b7d040bd90b9d5d,{}
5b621d79944dad0e0187e41e,Select Set 6 One Way,Välj uppsättning 6 enkelriktat,AntiMicroX,gui-sv-reviewed-20260920,"AdvanceButtonDialog
","Granskad filleverans. Endast färdiga, aktiva översättningar tas med; detta är inte ett påstående om separat registrerat radbeslut för varje oförändrad post.",project-context,34d1784e2625810713c759c5,reviewed-file-delivery,https://github.com/yeager/translations/blob/67e6d27877c9cfd6b6dbc74bd852b10bdbe09c3c/AntiMicroX/gui-sv-reviewed-20260920.ts,22f0355841a3aff45068b5ff9c62c593486c1241c1d163f73b7d040bd90b9d5d,{}
5c602f6e8dc109f51ae0fdd2,Remove configuration from recent list.,Ta bort konfigurationen från listan över senast använda.,AntiMicroX,gui-sv-reviewed-20260920,"JoyTabWidget
","Granskad filleverans. Endast färdiga, aktiva översättningar tas med; detta är inte ett påstående om separat registrerat radbeslut för varje oförändrad post.",project-context,9abb76df17dbdc83e7f54426,reviewed-file-delivery,https://github.com/yeager/translations/blob/67e6d27877c9cfd6b6dbc74bd852b10bdbe09c3c/AntiMicroX/gui-sv-reviewed-20260920.ts,22f0355841a3aff45068b5ff9c62c593486c1241c1d163f73b7d040bd90b9d5d,{}
5ce651620c8d459feb2221fc,Na&me:,Na&mn:,AntiMicroX,gui-sv-reviewed-20260920,"ButtonEditDialog
","Granskad filleverans. Endast färdiga, aktiva översättningar tas med; detta är inte ett påstående om separat registrerat radbeslut för varje oförändrad post.",project-context,2d3ccb3edf7696f894cb635d,reviewed-file-delivery,https://github.com/yeager/translations/blob/67e6d27877c9cfd6b6dbc74bd852b10bdbe09c3c/AntiMicroX/gui-sv-reviewed-20260920.ts,22f0355841a3aff45068b5ff9c62c593486c1241c1d163f73b7d040bd90b9d5d,{}
5d0b33838e5cf3bf1a0545bd,Add,Lägg till,AntiMicroX,gui-sv-reviewed-20260920,"MainSettingsDialog
","Granskad filleverans. Endast färdiga, aktiva översättningar tas med; detta är inte ett påstående om separat registrerat radbeslut för varje oförändrad post.",project-context,ce7d89803ecd4ded17a605a3,reviewed-file-delivery,https://github.com/yeager/translations/blob/67e6d27877c9cfd6b6dbc74bd852b10bdbe09c3c/AntiMicroX/gui-sv-reviewed-20260920.ts,22f0355841a3aff45068b5ff9c62c593486c1241c1d163f73b7d040bd90b9d5d,{}
5d126b6dfd579afd93399e9c,Presets:,Förval:,AntiMicroX,gui-sv-reviewed-20260920,"JoySensorEditDialog
","Granskad filleverans. Endast färdiga, aktiva översättningar tas med; detta är inte ett påstående om separat registrerat radbeslut för varje oförändrad post.",project-context,1da5a92003885c91e71c689c,reviewed-file-delivery,https://github.com/yeager/translations/blob/67e6d27877c9cfd6b6dbc74bd852b10bdbe09c3c/AntiMicroX/gui-sv-reviewed-20260920.ts,22f0355841a3aff45068b5ff9c62c593486c1241c1d163f73b7d040bd90b9d5d,{}
5d13017bbe87d4a73eac0f3a,Keys: A | D,Tangenter: A | D,AntiMicroX,gui-sv-reviewed-20260920,"JoyAxisContextMenu
","Granskad filleverans. Endast färdiga, aktiva översättningar tas med; detta är inte ett påstående om separat registrerat radbeslut för varje oförändrad post.",project-context,a4602400a5d963c61c83dbbf,reviewed-file-delivery,https://github.com/yeager/translations/blob/67e6d27877c9cfd6b6dbc74bd852b10bdbe09c3c/AntiMicroX/gui-sv-reviewed-20260920.ts,22f0355841a3aff45068b5ff9c62c593486c1241c1d163f73b7d040bd90b9d5d,{}
5d8f25a46644bf643c9180c6,Spring Mode Preview,Förhandsvisning av fjäderläge,AntiMicroX,gui-sv-reviewed-20260920,"SpringModeRegionPreview
","Granskad filleverans. Endast färdiga, aktiva översättningar tas med; detta är inte ett påstående om separat registrerat radbeslut för varje oförändrad post.",project-context,be1c0be0d9388555730089b8,reviewed-file-delivery,https://github.com/yeager/translations/blob/67e6d27877c9cfd6b6dbc74bd852b10bdbe09c3c/AntiMicroX/gui-sv-reviewed-20260920.ts,22f0355841a3aff45068b5ff9c62c593486c1241c1d163f73b7d040bd90b9d5d,{}
5e18593ee8e375d8e2cf3523,Mapping String,Mappningssträng,AntiMicroX,gui-sv-reviewed-20260920,"MainSettingsDialog
","Granskad filleverans. Endast färdiga, aktiva översättningar tas med; detta är inte ett påstående om separat registrerat radbeslut för varje oförändrad post.",project-context,8ad6ca702dcb6abd7e8e6a8d,reviewed-file-delivery,https://github.com/yeager/translations/blob/67e6d27877c9cfd6b6dbc74bd852b10bdbe09c3c/AntiMicroX/gui-sv-reviewed-20260920.ts,22f0355841a3aff45068b5ff9c62c593486c1241c1d163f73b7d040bd90b9d5d,{}
5e2fe59a1b6dc03f0f27cae5,Title:,Titel:,AntiMicroX,gui-sv-reviewed-20260920,"CapturedWindowInfoDialog
","Granskad filleverans. Endast färdiga, aktiva översättningar tas med; detta är inte ett påstående om separat registrerat radbeslut för varje oförändrad post.",project-context,f032134fed6e36ad816ee42f,reviewed-file-delivery,https://github.com/yeager/translations/blob/67e6d27877c9cfd6b6dbc74bd852b10bdbe09c3c/AntiMicroX/gui-sv-reviewed-20260920.ts,22f0355841a3aff45068b5ff9c62c593486c1241c1d163f73b7d040bd90b9d5d,{}
5e8bf97321f2748c98197e2d,Select Set 6 Two Way,Välj uppsättning 6 tvåvägs,AntiMicroX,gui-sv-reviewed-20260920,"AdvanceButtonDialog
","Granskad filleverans. Endast färdiga, aktiva översättningar tas med; detta är inte ett påstående om separat registrerat radbeslut för varje oförändrad post.",project-context,4f7fab3995113fd7ddec835a,reviewed-file-delivery,https://github.com/yeager/translations/blob/67e6d27877c9cfd6b6dbc74bd852b10bdbe09c3c/AntiMicroX/gui-sv-reviewed-20260920.ts,22f0355841a3aff45068b5ff9c62c593486c1241c1d163f73b7d040bd90b9d5d,{}
5e92ae75ee9e5f40d69c823d,All,Alla,AntiMicroX,gui-sv-reviewed-20260920,"MainSettingsDialog
","Granskad filleverans. Endast färdiga, aktiva översättningar tas med; detta är inte ett påstående om separat registrerat radbeslut för varje oförändrad post.",project-context,fc3bc8d609a6a7a6e7cc8ed0,reviewed-file-delivery,https://github.com/yeager/translations/blob/67e6d27877c9cfd6b6dbc74bd852b10bdbe09c3c/AntiMicroX/gui-sv-reviewed-20260920.ts,22f0355841a3aff45068b5ff9c62c593486c1241c1d163f73b7d040bd90b9d5d,{}
5e96f596a3add1933ebd5a1a,Unknown,Okänd,AntiMicroX,gui-sv-reviewed-20260920,"JoyAxisButton
","Granskad filleverans. Endast färdiga, aktiva översättningar tas med; detta är inte ett påstående om separat registrerat radbeslut för varje oförändrad post.",project-context,8a8884bd0bc413f5ce71e0ca,reviewed-file-delivery,https://github.com/yeager/translations/blob/67e6d27877c9cfd6b6dbc74bd852b10bdbe09c3c/AntiMicroX/gui-sv-reviewed-20260920.ts,22f0355841a3aff45068b5ff9c62c593486c1241c1d163f73b7d040bd90b9d5d,{}
5ee749833684532d8f5f2091,Select Set 1 Two Way,Välj uppsättning 1 tvåvägs,AntiMicroX,gui-sv-reviewed-20260920,"AdvanceButtonDialog
","Granskad filleverans. Endast färdiga, aktiva översättningar tas med; detta är inte ett påstående om separat registrerat radbeslut för varje oförändrad post.",project-context,af1ec3bd046a8eb2dcf8d04d,reviewed-file-delivery,https://github.com/yeager/translations/blob/67e6d27877c9cfd6b6dbc74bd852b10bdbe09c3c/AntiMicroX/gui-sv-reviewed-20260920.ts,22f0355841a3aff45068b5ff9c62c593486c1241c1d163f73b7d040bd90b9d5d,{}
5f22486b211a101a4345d493,&Name:,&Namn:,AntiMicroX,gui-sv-reviewed-20260920,"DPadEditDialog
","Granskad filleverans. Endast färdiga, aktiva översättningar tas med; detta är inte ett påstående om separat registrerat radbeslut för varje oförändrad post.",project-context,ae0770864e137e9db77addd1,reviewed-file-delivery,https://github.com/yeager/translations/blob/67e6d27877c9cfd6b6dbc74bd852b10bdbe09c3c/AntiMicroX/gui-sv-reviewed-20260920.ts,22f0355841a3aff45068b5ff9c62c593486c1241c1d163f73b7d040bd90b9d5d,{}
5f516962f48a23eb226a0d2b,Rigid Gradient,Fast gradient,AntiMicroX,gui-sv-reviewed-20260920,"AxisEditDialog
","Granskad filleverans. Endast färdiga, aktiva översättningar tas med; detta är inte ett påstående om separat registrerat radbeslut för varje oförändrad post.",project-context,80176d16c152c4aaca14a79e,reviewed-file-delivery,https://github.com/yeager/translations/blob/67e6d27877c9cfd6b6dbc74bd852b10bdbe09c3c/AntiMicroX/gui-sv-reviewed-20260920.ts,22f0355841a3aff45068b5ff9c62c593486c1241c1d163f73b7d040bd90b9d5d,{}
5f52b8971ba8e674b8555a79,Verbose,Utförlig,AntiMicroX,gui-sv-reviewed-20260920,"MainSettingsDialog
","Granskad filleverans. Endast färdiga, aktiva översättningar tas med; detta är inte ett påstående om separat registrerat radbeslut för varje oförändrad post.",project-context,f472f73949c29939f0b16aa4,reviewed-file-delivery,https://github.com/yeager/translations/blob/67e6d27877c9cfd6b6dbc74bd852b10bdbe09c3c/AntiMicroX/gui-sv-reviewed-20260920.ts,22f0355841a3aff45068b5ff9c62c593486c1241c1d163f73b7d040bd90b9d5d,{}
5f9d31d1f1bbf0b84cb47e54,Application Capture Failed,Misslyckades med att fånga applikationen,AntiMicroX,gui-sv-reviewed-20260920,"AddEditAutoProfileDialog
","Granskad filleverans. Endast färdiga, aktiva översättningar tas med; detta är inte ett påstående om separat registrerat radbeslut för varje oförändrad post.",project-context,bcc1a3dec237991805d813d6,reviewed-file-delivery,https://github.com/yeager/translations/blob/67e6d27877c9cfd6b6dbc74bd852b10bdbe09c3c/AntiMicroX/gui-sv-reviewed-20260920.ts,22f0355841a3aff45068b5ff9c62c593486c1241c1d163f73b7d040bd90b9d5d,{}
5fc6e3306f843685a5da4a28,Profile Name:,Profilnamn:,AntiMicroX,gui-sv-reviewed-20260920,"ExtraProfileSettingsDialog
","Granskad filleverans. Endast färdiga, aktiva översättningar tas med; detta är inte ett påstående om separat registrerat radbeslut för varje oförändrad post.",project-context,f66e6c4c90f9cbc5fb627520,reviewed-file-delivery,https://github.com/yeager/translations/blob/67e6d27877c9cfd6b6dbc74bd852b10bdbe09c3c/AntiMicroX/gui-sv-reviewed-20260920.ts,22f0355841a3aff45068b5ff9c62c593486c1241c1d163f73b7d040bd90b9d5d,{}
6017267e04843955e9fe13e6,Set 8,Uppsättning 8,AntiMicroX,gui-sv-reviewed-20260920,"JoyTabWidget
","Granskad filleverans. Endast färdiga, aktiva översättningar tas med; detta är inte ett påstående om separat registrerat radbeslut för varje oförändrad post.",project-context,d01b34fbcbfe54939c13a8fe,reviewed-file-delivery,https://github.com/yeager/translations/blob/67e6d27877c9cfd6b6dbc74bd852b10bdbe09c3c/AntiMicroX/gui-sv-reviewed-20260920.ts,22f0355841a3aff45068b5ff9c62c593486c1241c1d163f73b7d040bd90b9d5d,{}
6021d9f61b64a4832fdbc6c0,Mute,Ljud av,AntiMicroX,gui-sv-reviewed-20260920,"UInputHelper
","Granskad filleverans. Endast färdiga, aktiva översättningar tas med; detta är inte ett påstående om separat registrerat radbeslut för varje oförändrad post.",project-context,6631e8ce0d4ed60884ea1d39,reviewed-file-delivery,https://github.com/yeager/translations/blob/67e6d27877c9cfd6b6dbc74bd852b10bdbe09c3c/AntiMicroX/gui-sv-reviewed-20260920.ts,22f0355841a3aff45068b5ff9c62c593486c1241c1d163f73b7d040bd90b9d5d,{}
60396f6ad62d1378b923d383,Load,Ladda,AntiMicroX,gui-sv-reviewed-20260920,"JoyTabWidget
","Granskad filleverans. Endast färdiga, aktiva översättningar tas med; detta är inte ett påstående om separat registrerat radbeslut för varje oförändrad post.",project-context,04060cbb7a3c2628f225b9a5,reviewed-file-delivery,https://github.com/yeager/translations/blob/67e6d27877c9cfd6b6dbc74bd852b10bdbe09c3c/AntiMicroX/gui-sv-reviewed-20260920.ts,22f0355841a3aff45068b5ff9c62c593486c1241c1d163f73b7d040bd90b9d5d,{}
60531bcf82580e094a38a633,Profile file path is invalid.,Sökvägen till profilfilen är ogiltig.,AntiMicroX,gui-sv-reviewed-20260920,"AddEditAutoProfileDialog
","Granskad filleverans. Endast färdiga, aktiva översättningar tas med; detta är inte ett påstående om separat registrerat radbeslut för varje oförändrad post.",project-context,2169ada6558955ec845c4312,reviewed-file-delivery,https://github.com/yeager/translations/blob/67e6d27877c9cfd6b6dbc74bd852b10bdbe09c3c/AntiMicroX/gui-sv-reviewed-20260920.ts,22f0355841a3aff45068b5ff9c62c593486c1241c1d163f73b7d040bd90b9d5d,{}
606d30a0a5f74d56091d9595,Qt Key Value:,Qt-tangentvärde:,AntiMicroX,gui-sv-reviewed-20260920,"QKeyDisplayDialog
","Granskad filleverans. Endast färdiga, aktiva översättningar tas med; detta är inte ett påstående om separat registrerat radbeslut för varje oförändrad post.",project-context,978a60e0694ed9c6809591fc,reviewed-file-delivery,https://github.com/yeager/translations/blob/67e6d27877c9cfd6b6dbc74bd852b10bdbe09c3c/AntiMicroX/gui-sv-reviewed-20260920.ts,22f0355841a3aff45068b5ff9c62c593486c1241c1d163f73b7d040bd90b9d5d,{}
60a73ea83684a540727d3afe,Attach the numeric keypad,Anslut det numeriska tangentbordet,AntiMicroX,gui-sv-reviewed-20260920,"MainSettingsDialog
","Granskad filleverans. Endast färdiga, aktiva översättningar tas med; detta är inte ett påstående om separat registrerat radbeslut för varje oförändrad post.",project-context,c2fcd82edc914bd94a0d7ce9,reviewed-file-delivery,https://github.com/yeager/translations/blob/67e6d27877c9cfd6b6dbc74bd852b10bdbe09c3c/AntiMicroX/gui-sv-reviewed-20260920.ts,22f0355841a3aff45068b5ff9c62c593486c1241c1d163f73b7d040bd90b9d5d,{}
6122d675061db8688b916dc5,Delay,Fördröjning,AntiMicroX,gui-sv-reviewed-20260920,"AdvanceButtonDialog
","Granskad filleverans. Endast färdiga, aktiva översättningar tas med; detta är inte ett påstående om separat registrerat radbeslut för varje oförändrad post.",project-context,f816faa1a98badb81fea6991,reviewed-file-delivery,https://github.com/yeager/translations/blob/67e6d27877c9cfd6b6dbc74bd852b10bdbe09c3c/AntiMicroX/gui-sv-reviewed-20260920.ts,22f0355841a3aff45068b5ff9c62c593486c1241c1d163f73b7d040bd90b9d5d,{}
6138c54e2254aee224339c5c,Ctrl_L,Vänster Ctrl,AntiMicroX,gui-sv-reviewed-20260920,"UInputHelper
","Granskad filleverans. Endast färdiga, aktiva översättningar tas med; detta är inte ett påstående om separat registrerat radbeslut för varje oförändrad post.",project-context,23ed38937c2d86d7c6186ff6,reviewed-file-delivery,https://github.com/yeager/translations/blob/67e6d27877c9cfd6b6dbc74bd852b10bdbe09c3c/AntiMicroX/gui-sv-reviewed-20260920.ts,22f0355841a3aff45068b5ff9c62c593486c1241c1d163f73b7d040bd90b9d5d,{}
61991374787433b03d8c8193,Close To Tray,Stäng till systemfältet,AntiMicroX,gui-sv-reviewed-20260920,"MainSettingsDialog
","Granskad filleverans. Endast färdiga, aktiva översättningar tas med; detta är inte ett påstående om separat registrerat radbeslut för varje oförändrad post.",project-context,68f014f2b8d2e52da1de0354,reviewed-file-delivery,https://github.com/yeager/translations/blob/67e6d27877c9cfd6b6dbc74bd852b10bdbe09c3c/AntiMicroX/gui-sv-reviewed-20260920.ts,22f0355841a3aff45068b5ff9c62c593486c1241c1d163f73b7d040bd90b9d5d,{}
61a6570669b2ea9fa6092c3e,Alt (R),Alt (H),AntiMicroX,gui-sv-reviewed-20260920,"VirtualKeyPushButton
","Granskad filleverans. Endast färdiga, aktiva översättningar tas med; detta är inte ett påstående om separat registrerat radbeslut för varje oförändrad post.",project-context,96209a0b4fca2e875fa9bbbe,reviewed-file-delivery,https://github.com/yeager/translations/blob/67e6d27877c9cfd6b6dbc74bd852b10bdbe09c3c/AntiMicroX/gui-sv-reviewed-20260920.ts,22f0355841a3aff45068b5ff9c62c593486c1241c1d163f73b7d040bd90b9d5d,{}
61f2ef73a6f64c01e0d6c0e3,Path:,Sökväg:,AntiMicroX,gui-sv-reviewed-20260920,"UnixWindowInfoDialog
","Granskad filleverans. Endast färdiga, aktiva översättningar tas med; detta är inte ett påstående om separat registrerat radbeslut för varje oförändrad post.",project-context,7eb84dc474f495e4aa0902fc,reviewed-file-delivery,https://github.com/yeager/translations/blob/67e6d27877c9cfd6b6dbc74bd852b10bdbe09c3c/AntiMicroX/gui-sv-reviewed-20260920.ts,22f0355841a3aff45068b5ff9c62c593486c1241c1d163f73b7d040bd90b9d5d,{}
63a42ad369ed6fe9eda2cce5,Mouse,Mus,AntiMicroX,gui-sv-reviewed-20260920,"VirtualKeyboardMouseWidget
","Granskad filleverans. Endast färdiga, aktiva översättningar tas med; detta är inte ett påstående om separat registrerat radbeslut för varje oförändrad post.",project-context,2fb53389126829fdb1a383fa,reviewed-file-delivery,https://github.com/yeager/translations/blob/67e6d27877c9cfd6b6dbc74bd852b10bdbe09c3c/AntiMicroX/gui-sv-reviewed-20260920.ts,22f0355841a3aff45068b5ff9c62c593486c1241c1d163f73b7d040bd90b9d5d,{}
640a1ee896eb7e5bec19358f,&Key Checker,&Tangentkontroll,AntiMicroX,gui-sv-reviewed-20260920,"MainWindow
","Granskad filleverans. Endast färdiga, aktiva översättningar tas med; detta är inte ett påstående om separat registrerat radbeslut för varje oförändrad post.",project-context,87787b652dfba7ed806dc3cb,reviewed-file-delivery,https://github.com/yeager/translations/blob/67e6d27877c9cfd6b6dbc74bd852b10bdbe09c3c/AntiMicroX/gui-sv-reviewed-20260920.ts,22f0355841a3aff45068b5ff9c62c593486c1241c1d163f73b7d040bd90b9d5d,{}
64b6cc98b1b87ec9814007d5,Insert a new blank slot.,Infoga en ny tom plats.,AntiMicroX,gui-sv-reviewed-20260920,"AdvanceButtonDialog
","Granskad filleverans. Endast färdiga, aktiva översättningar tas med; detta är inte ett påstående om separat registrerat radbeslut för varje oförändrad post.",project-context,041cb898d284facfd3497a95,reviewed-file-delivery,https://github.com/yeager/translations/blob/67e6d27877c9cfd6b6dbc74bd852b10bdbe09c3c/AntiMicroX/gui-sv-reviewed-20260920.ts,22f0355841a3aff45068b5ff9c62c593486c1241c1d163f73b7d040bd90b9d5d,{}
65159722c13c3054d17d1ef0,&Class:,&Klass:,AntiMicroX,gui-sv-reviewed-20260920,"AddEditAutoProfileDialog
","Granskad filleverans. Endast färdiga, aktiva översättningar tas med; detta är inte ett påstående om separat registrerat radbeslut för varje oförändrad post.",project-context,fcd20c3e3420087e776d7e33,reviewed-file-delivery,https://github.com/yeager/translations/blob/67e6d27877c9cfd6b6dbc74bd852b10bdbe09c3c/AntiMicroX/gui-sv-reviewed-20260920.ts,22f0355841a3aff45068b5ff9c62c593486c1241c1d163f73b7d040bd90b9d5d,{}
65160cd70f7593f6618331c2,Mouse Settings,Musinställningar,AntiMicroX,gui-sv-reviewed-20260920,"AxisEditDialog
","Granskad filleverans. Endast färdiga, aktiva översättningar tas med; detta är inte ett påstående om separat registrerat radbeslut för varje oförändrad post.",project-context,a00d7205b328fc74e78d3aa9,reviewed-file-delivery,https://github.com/yeager/translations/blob/67e6d27877c9cfd6b6dbc74bd852b10bdbe09c3c/AntiMicroX/gui-sv-reviewed-20260920.ts,22f0355841a3aff45068b5ff9c62c593486c1241c1d163f73b7d040bd90b9d5d,{}
659b2f89601765a2978133da,number value,numeriskt värde,AntiMicroX,gui-sv-reviewed-20260920,"main
","Granskad filleverans. Endast färdiga, aktiva översättningar tas med; detta är inte ett påstående om separat registrerat radbeslut för varje oförändrad post.",project-context,6ee1400a1bfbe26c50db3d71,reviewed-file-delivery,https://github.com/yeager/translations/blob/67e6d27877c9cfd6b6dbc74bd852b10bdbe09c3c/AntiMicroX/gui-sv-reviewed-20260920.ts,22f0355841a3aff45068b5ff9c62c593486c1241c1d163f73b7d040bd90b9d5d,{}
65b096660e026d3e11c83572,Sticks,Styrspakar,AntiMicroX,gui-sv-reviewed-20260920,"JoyTabWidget
","Granskad filleverans. Endast färdiga, aktiva översättningar tas med; detta är inte ett påstående om separat registrerat radbeslut för varje oförändrad post.",project-context,1b59c74a2b12db449ca6a51e,reviewed-file-delivery,https://github.com/yeager/translations/blob/67e6d27877c9cfd6b6dbc74bd852b10bdbe09c3c/AntiMicroX/gui-sv-reviewed-20260920.ts,22f0355841a3aff45068b5ff9c62c593486c1241c1d163f73b7d040bd90b9d5d,{}
65b76a1032a81d02a329a59a,One Way,Enkelriktat,AntiMicroX,gui-sv-reviewed-20260920,"AdvanceButtonDialog
","Granskad filleverans. Endast färdiga, aktiva översättningar tas med; detta är inte ett påstående om separat registrerat radbeslut för varje oförändrad post.",project-context,41cce72f0c40f0987f510547,reviewed-file-delivery,https://github.com/yeager/translations/blob/67e6d27877c9cfd6b6dbc74bd852b10bdbe09c3c/AntiMicroX/gui-sv-reviewed-20260920.ts,22f0355841a3aff45068b5ff9c62c593486c1241c1d163f73b7d040bd90b9d5d,{}
65c799eef70617b0db42723b,value(s),värde(n),AntiMicroX,gui-sv-reviewed-20260920,"main
","Granskad filleverans. Endast färdiga, aktiva översättningar tas med; detta är inte ett påstående om separat registrerat radbeslut för varje oförändrad post.",project-context,1c2f620a5154d131d7357b6c,reviewed-file-delivery,https://github.com/yeager/translations/blob/67e6d27877c9cfd6b6dbc74bd852b10bdbe09c3c/AntiMicroX/gui-sv-reviewed-20260920.ts,22f0355841a3aff45068b5ff9c62c593486c1241c1d163f73b7d040bd90b9d5d,{}
6611c22c96d9416f5a2ab525,Log Level:,Loggnivå:,AntiMicroX,gui-sv-reviewed-20260920,"MainSettingsDialog
","Granskad filleverans. Endast färdiga, aktiva översättningar tas med; detta är inte ett påstående om separat registrerat radbeslut för varje oförändrad post.",project-context,2998ad7c22f315234a640fb7,reviewed-file-delivery,https://github.com/yeager/translations/blob/67e6d27877c9cfd6b6dbc74bd852b10bdbe09c3c/AntiMicroX/gui-sv-reviewed-20260920.ts,22f0355841a3aff45068b5ff9c62c593486c1241c1d163f73b7d040bd90b9d5d,{}
668362384b13be7c7037f91f,[NO KEY],[INGEN TANGENT],AntiMicroX,gui-sv-reviewed-20260920,"AdvanceButtonDialog
","Granskad filleverans. Endast färdiga, aktiva översättningar tas med; detta är inte ett påstående om separat registrerat radbeslut för varje oförändrad post.",project-context,fbc1b8770d94d6f5c00db3ff,reviewed-file-delivery,https://github.com/yeager/translations/blob/67e6d27877c9cfd6b6dbc74bd852b10bdbe09c3c/AntiMicroX/gui-sv-reviewed-20260920.ts,22f0355841a3aff45068b5ff9c62c593486c1241c1d163f73b7d040bd90b9d5d,{}
668e7c16c871c3a39d75753c,NumPad,Numeriskt tangentbord,AntiMicroX,gui-sv-reviewed-20260920,"JoySensorPreset
","Granskad filleverans. Endast färdiga, aktiva översättningar tas med; detta är inte ett påstående om separat registrerat radbeslut för varje oförändrad post.",project-context,883302b49812901207082883,reviewed-file-delivery,https://github.com/yeager/translations/blob/67e6d27877c9cfd6b6dbc74bd852b10bdbe09c3c/AntiMicroX/gui-sv-reviewed-20260920.ts,22f0355841a3aff45068b5ff9c62c593486c1241c1d163f73b7d040bd90b9d5d,{}
669de38f4b5351b5d72379ae,About,Om,AntiMicroX,gui-sv-reviewed-20260920,"AboutDialog
","Granskad filleverans. Endast färdiga, aktiva översättningar tas med; detta är inte ett påstående om separat registrerat radbeslut för varje oförändrad post.",project-context,9758ed00d7689bc5a8f874cb,reviewed-file-delivery,https://github.com/yeager/translations/blob/67e6d27877c9cfd6b6dbc74bd852b10bdbe09c3c/AntiMicroX/gui-sv-reviewed-20260920.ts,22f0355841a3aff45068b5ff9c62c593486c1241c1d163f73b7d040bd90b9d5d,{}
66b5036adba2d7b2955b3a30,Ease Out Cubic,Mjuk kubisk uttoning,AntiMicroX,gui-sv-reviewed-20260920,"MouseSettingsDialog
","Granskad filleverans. Endast färdiga, aktiva översättningar tas med; detta är inte ett påstående om separat registrerat radbeslut för varje oförändrad post.",project-context,fc7468d83af0310dc8945067,reviewed-file-delivery,https://github.com/yeager/translations/blob/67e6d27877c9cfd6b6dbc74bd852b10bdbe09c3c/AntiMicroX/gui-sv-reviewed-20260920.ts,22f0355841a3aff45068b5ff9c62c593486c1241c1d163f73b7d040bd90b9d5d,{}
66cb1795e524a82c15c6b26e,Select Set 1 While Held,Välj uppsättning 1 medan den hålls nedtryckt,AntiMicroX,gui-sv-reviewed-20260920,"AdvanceButtonDialog
","Granskad filleverans. Endast färdiga, aktiva översättningar tas med; detta är inte ett påstående om separat registrerat radbeslut för varje oförändrad post.",project-context,a51b69dbfe6524852fed02d1,reviewed-file-delivery,https://github.com/yeager/translations/blob/67e6d27877c9cfd6b6dbc74bd852b10bdbe09c3c/AntiMicroX/gui-sv-reviewed-20260920.ts,22f0355841a3aff45068b5ff9c62c593486c1241c1d163f73b7d040bd90b9d5d,{}
688cec0e86a451aae11afa7d,Left,Vänster,AntiMicroX,gui-sv-reviewed-20260920,"JoyAccelerometerButton
","Granskad filleverans. Endast färdiga, aktiva översättningar tas med; detta är inte ett påstående om separat registrerat radbeslut för varje oförändrad post.",project-context,2d8871cf6b3597e1b4cf737e,reviewed-file-delivery,https://github.com/yeager/translations/blob/67e6d27877c9cfd6b6dbc74bd852b10bdbe09c3c/AntiMicroX/gui-sv-reviewed-20260920.ts,22f0355841a3aff45068b5ff9c62c593486c1241c1d163f73b7d040bd90b9d5d,{}
68f07b845b1840b317703527,No,Nej,AntiMicroX,gui-sv-reviewed-20260920,"JoystickStatusWindow
","Granskad filleverans. Endast färdiga, aktiva översättningar tas med; detta är inte ett påstående om separat registrerat radbeslut för varje oförändrad post.",project-context,1da75f0076be8c4ada96ece9,reviewed-file-delivery,https://github.com/yeager/translations/blob/67e6d27877c9cfd6b6dbc74bd852b10bdbe09c3c/AntiMicroX/gui-sv-reviewed-20260920.ts,22f0355841a3aff45068b5ff9c62c593486c1241c1d163f73b7d040bd90b9d5d,{}
690922ed93e75e226f5f16f4,Distance,Avstånd,AntiMicroX,gui-sv-reviewed-20260920,"JoyButtonSlot
","Granskad filleverans. Endast färdiga, aktiva översättningar tas med; detta är inte ett påstående om separat registrerat radbeslut för varje oförändrad post.",project-context,405b46e0de5cc67d181b68ba,reviewed-file-delivery,https://github.com/yeager/translations/blob/67e6d27877c9cfd6b6dbc74bd852b10bdbe09c3c/AntiMicroX/gui-sv-reviewed-20260920.ts,22f0355841a3aff45068b5ff9c62c593486c1241c1d163f73b7d040bd90b9d5d,{}
69290e2f4832ac38ba70841f,Pro&file Directory:,Pro&filkatalog:,AntiMicroX,gui-sv-reviewed-20260920,"MainSettingsDialog
","Granskad filleverans. Endast färdiga, aktiva översättningar tas med; detta är inte ett påstående om separat registrerat radbeslut för varje oförändrad post.",project-context,a2bc7ba43a1def542615193f,reviewed-file-delivery,https://github.com/yeager/translations/blob/67e6d27877c9cfd6b6dbc74bd852b10bdbe09c3c/AntiMicroX/gui-sv-reviewed-20260920.ts,22f0355841a3aff45068b5ff9c62c593486c1241c1d163f73b7d040bd90b9d5d,{}
69c8b2c36c9a29c34c78ab3e,Chosen Profile,Vald profil,AntiMicroX,gui-sv-reviewed-20260920,"AddEditAutoProfileDialog
","Granskad filleverans. Endast färdiga, aktiva översättningar tas med; detta är inte ett påstående om separat registrerat radbeslut för varje oförändrad post.",project-context,30e5eceb8dd84f4bf7b465c3,reviewed-file-delivery,https://github.com/yeager/translations/blob/67e6d27877c9cfd6b6dbc74bd852b10bdbe09c3c/AntiMicroX/gui-sv-reviewed-20260920.ts,22f0355841a3aff45068b5ff9c62c593486c1241c1d163f73b7d040bd90b9d5d,{}
6a04313516510a7e7d1f338e,sec.,sek.,AntiMicroX,gui-sv-reviewed-20260920,"AdvanceButtonDialog
","Granskad filleverans. Endast färdiga, aktiva översättningar tas med; detta är inte ett påstående om separat registrerat radbeslut för varje oförändrad post.",project-context,6884843b6091b01aab82f74a,reviewed-file-delivery,https://github.com/yeager/translations/blob/67e6d27877c9cfd6b6dbc74bd852b10bdbe09c3c/AntiMicroX/gui-sv-reviewed-20260920.ts,22f0355841a3aff45068b5ff9c62c593486c1241c1d163f73b7d040bd90b9d5d,{}
6a0ba67c504abdeb19a08998,Select Set 2 Two Way,Välj uppsättning 2 tvåvägs,AntiMicroX,gui-sv-reviewed-20260920,"AdvanceButtonDialog
","Granskad filleverans. Endast färdiga, aktiva översättningar tas med; detta är inte ett påstående om separat registrerat radbeslut för varje oförändrad post.",project-context,af51b818285bfd69bb4035cf,reviewed-file-delivery,https://github.com/yeager/translations/blob/67e6d27877c9cfd6b6dbc74bd852b10bdbe09c3c/AntiMicroX/gui-sv-reviewed-20260920.ts,22f0355841a3aff45068b5ff9c62c593486c1241c1d163f73b7d040bd90b9d5d,{}
6a2795248f3f6fa30dbcc773,Mouse (Inverted Vertical),Mus (omvänd vertikal),AntiMicroX,gui-sv-reviewed-20260920,"DPadContextMenu
","Granskad filleverans. Endast färdiga, aktiva översättningar tas med; detta är inte ett påstående om separat registrerat radbeslut för varje oförändrad post.",project-context,2e6619004f013b1f3e101f85,reviewed-file-delivery,https://github.com/yeager/translations/blob/67e6d27877c9cfd6b6dbc74bd852b10bdbe09c3c/AntiMicroX/gui-sv-reviewed-20260920.ts,22f0355841a3aff45068b5ff9c62c593486c1241c1d163f73b7d040bd90b9d5d,{}
6a4d9e1b9bc1c8208ce4987c,Choose a file for logs writing,Välj en fil för att skriva loggar.,AntiMicroX,gui-sv-reviewed-20260920,"main
","Granskad filleverans. Endast färdiga, aktiva översättningar tas med; detta är inte ett påstående om separat registrerat radbeslut för varje oförändrad post.",project-context,0ac6f470600fb9d95d2c3a95,reviewed-file-delivery,https://github.com/yeager/translations/blob/67e6d27877c9cfd6b6dbc74bd852b10bdbe09c3c/AntiMicroX/gui-sv-reviewed-20260920.ts,22f0355841a3aff45068b5ff9c62c593486c1241c1d163f73b7d040bd90b9d5d,{}
6a7314ba9d9ae4c5065f9978,српски / srpski,Serbiska,AntiMicroX,gui-sv-reviewed-20260920,"MainSettingsDialog
","Granskad filleverans. Endast färdiga, aktiva översättningar tas med; detta är inte ett påstående om separat registrerat radbeslut för varje oförändrad post.",project-context,9ab782b3ae8c44db7516bd36,reviewed-file-delivery,https://github.com/yeager/translations/blob/67e6d27877c9cfd6b6dbc74bd852b10bdbe09c3c/AntiMicroX/gui-sv-reviewed-20260920.ts,22f0355841a3aff45068b5ff9c62c593486c1241c1d163f73b7d040bd90b9d5d,{}
6aa9073edb1ef79ba65a24d8,Español,Spanska,AntiMicroX,gui-sv-reviewed-20260920,"MainSettingsDialog
","Granskad filleverans. Endast färdiga, aktiva översättningar tas med; detta är inte ett påstående om separat registrerat radbeslut för varje oförändrad post.",project-context,3f3cf7afea4fbb79144d99c6,reviewed-file-delivery,https://github.com/yeager/translations/blob/67e6d27877c9cfd6b6dbc74bd852b10bdbe09c3c/AntiMicroX/gui-sv-reviewed-20260920.ts,22f0355841a3aff45068b5ff9c62c593486c1241c1d163f73b7d040bd90b9d5d,{}
6b04586b36a30b6690288477,Curve:,Kurva:,AntiMicroX,gui-sv-reviewed-20260920,"MouseSettingsDialog
","Granskad filleverans. Endast färdiga, aktiva översättningar tas med; detta är inte ett påstående om separat registrerat radbeslut för varje oförändrad post.",project-context,77e3e597407a1314da5a3815,reviewed-file-delivery,https://github.com/yeager/translations/blob/67e6d27877c9cfd6b6dbc74bd852b10bdbe09c3c/AntiMicroX/gui-sv-reviewed-20260920.ts,22f0355841a3aff45068b5ff9c62c593486c1241c1d163f73b7d040bd90b9d5d,{}
6bd6a8b99d6383212d2bcc21,Title,Titel,AntiMicroX,gui-sv-reviewed-20260920,"UnixWindowInfoDialog
","Granskad filleverans. Endast färdiga, aktiva översättningar tas med; detta är inte ett påstående om separat registrerat radbeslut för varje oförändrad post.",project-context,27e92b4f00e1209d5f1ba644,reviewed-file-delivery,https://github.com/yeager/translations/blob/67e6d27877c9cfd6b6dbc74bd852b10bdbe09c3c/AntiMicroX/gui-sv-reviewed-20260920.ts,22f0355841a3aff45068b5ff9c62c593486c1241c1d163f73b7d040bd90b9d5d,{}
6bde4f7443f9cf428294d5fc,Right Stick Click,Höger styrspaksklick,AntiMicroX,gui-sv-reviewed-20260920,"GameControllerMappingDialog
","Granskad filleverans. Endast färdiga, aktiva översättningar tas med; detta är inte ett påstående om separat registrerat radbeslut för varje oförändrad post.",project-context,fd2cb47ba4ff9753ae646e53,reviewed-file-delivery,https://github.com/yeager/translations/blob/67e6d27877c9cfd6b6dbc74bd852b10bdbe09c3c/AntiMicroX/gui-sv-reviewed-20260920.ts,22f0355841a3aff45068b5ff9c62c593486c1241c1d163f73b7d040bd90b9d5d,{}
6c27fdc09bff1a968ad92e1e,Calibration completed.,Kalibreringen är klar.,AntiMicroX,gui-sv-reviewed-20260920,"Calibration
","Granskad filleverans. Endast färdiga, aktiva översättningar tas med; detta är inte ett påstående om separat registrerat radbeslut för varje oförändrad post.",project-context,3e373c18b1233ace15ae0586,reviewed-file-delivery,https://github.com/yeager/translations/blob/67e6d27877c9cfd6b6dbc74bd852b10bdbe09c3c/AntiMicroX/gui-sv-reviewed-20260920.ts,22f0355841a3aff45068b5ff9c62c593486c1241c1d163f73b7d040bd90b9d5d,{}
6c3fa3eff8fa92cc45557b5e,Pitch (°):,Lutning (°):,AntiMicroX,gui-sv-reviewed-20260920,"JoySensorEditDialog
","Granskad filleverans. Endast färdiga, aktiva översättningar tas med; detta är inte ett påstående om separat registrerat radbeslut för varje oförändrad post.",project-context,6549ac4e4c15544355fb8876,reviewed-file-delivery,https://github.com/yeager/translations/blob/67e6d27877c9cfd6b6dbc74bd852b10bdbe09c3c/AntiMicroX/gui-sv-reviewed-20260920.ts,22f0355841a3aff45068b5ff9c62c593486c1241c1d163f73b7d040bd90b9d5d,{}
6c83723308ac62dac00e0dc2,Only keyboard slots,Endast tangentbordsplatser,AntiMicroX,gui-sv-reviewed-20260920,"AdvanceButtonDialog
","Granskad filleverans. Endast färdiga, aktiva översättningar tas med; detta är inte ett påstående om separat registrerat radbeslut för varje oförändrad post.",project-context,d44c797390626ff678b4eb1f,reviewed-file-delivery,https://github.com/yeager/translations/blob/67e6d27877c9cfd6b6dbc74bd852b10bdbe09c3c/AntiMicroX/gui-sv-reviewed-20260920.ts,22f0355841a3aff45068b5ff9c62c593486c1241c1d163f73b7d040bd90b9d5d,{}
6ccbc292ca5780d9066022ed,An invalid event generator was specified.,En ogiltig händelsegenerator angavs.,AntiMicroX,gui-sv-reviewed-20260920,"QObject
","Granskad filleverans. Endast färdiga, aktiva översättningar tas med; detta är inte ett påstående om separat registrerat radbeslut för varje oförändrad post.",project-context,f38e6d9985cf2d3f79a7f104,reviewed-file-delivery,https://github.com/yeager/translations/blob/67e6d27877c9cfd6b6dbc74bd852b10bdbe09c3c/AntiMicroX/gui-sv-reviewed-20260920.ts,22f0355841a3aff45068b5ff9c62c593486c1241c1d163f73b7d040bd90b9d5d,{}
6ce70256d7ae014a01c82112,Right:,Höger:,AntiMicroX,gui-sv-reviewed-20260920,"AdvanceStickAssignmentDialog
","Granskad filleverans. Endast färdiga, aktiva översättningar tas med; detta är inte ett påstående om separat registrerat radbeslut för varje oförändrad post.",project-context,5c141d3d2d654d0e955670c2,reviewed-file-delivery,https://github.com/yeager/translations/blob/67e6d27877c9cfd6b6dbc74bd852b10bdbe09c3c/AntiMicroX/gui-sv-reviewed-20260920.ts,22f0355841a3aff45068b5ff9c62c593486c1241c1d163f73b7d040bd90b9d5d,{}
6de260c91b5886a8947e06bd,None,Ingen,AntiMicroX,gui-sv-reviewed-20260920,"DPadEditDialog
","Granskad filleverans. Endast färdiga, aktiva översättningar tas med; detta är inte ett påstående om separat registrerat radbeslut för varje oförändrad post.",project-context,92eb533c482ced1e7a0c32a1,reviewed-file-delivery,https://github.com/yeager/translations/blob/67e6d27877c9cfd6b6dbc74bd852b10bdbe09c3c/AntiMicroX/gui-sv-reviewed-20260920.ts,22f0355841a3aff45068b5ff9c62c593486c1241c1d163f73b7d040bd90b9d5d,{}
6deee7b0db0662af3a1033c3,Stop,Stopp,AntiMicroX,gui-sv-reviewed-20260920,"UInputHelper
","Granskad filleverans. Endast färdiga, aktiva översättningar tas med; detta är inte ett påstående om separat registrerat radbeslut för varje oförändrad post.",project-context,3771d88ddf4d99c7c63c90d1,reviewed-file-delivery,https://github.com/yeager/translations/blob/67e6d27877c9cfd6b6dbc74bd852b10bdbe09c3c/AntiMicroX/gui-sv-reviewed-20260920.ts,22f0355841a3aff45068b5ff9c62c593486c1241c1d163f73b7d040bd90b9d5d,{}
6e2fadf6080cc2e617cb528a,Low,Låg,AntiMicroX,gui-sv-reviewed-20260920,"JoystickStatusWindow
","Granskad filleverans. Endast färdiga, aktiva översättningar tas med; detta är inte ett påstående om separat registrerat radbeslut för varje oförändrad post.",project-context,6865f956d19b9b0287f5438a,reviewed-file-delivery,https://github.com/yeager/translations/blob/67e6d27877c9cfd6b6dbc74bd852b10bdbe09c3c/AntiMicroX/gui-sv-reviewed-20260920.ts,22f0355841a3aff45068b5ff9c62c593486c1241c1d163f73b7d040bd90b9d5d,{}
6ee6c3a2c66176e965845b35,Presets:,Förval:,AntiMicroX,gui-sv-reviewed-20260920,"DPadEditDialog
","Granskad filleverans. Endast färdiga, aktiva översättningar tas med; detta är inte ett påstående om separat registrerat radbeslut för varje oförändrad post.",project-context,d88f4887c2b25db41b917af3,reviewed-file-delivery,https://github.com/yeager/translations/blob/67e6d27877c9cfd6b6dbc74bd852b10bdbe09c3c/AntiMicroX/gui-sv-reviewed-20260920.ts,22f0355841a3aff45068b5ff9c62c593486c1241c1d163f73b7d040bd90b9d5d,{}
6f3dbcb1f0763678914c7b81,Search,Sök,AntiMicroX,gui-sv-reviewed-20260920,"QObject
","Granskad filleverans. Endast färdiga, aktiva översättningar tas med; detta är inte ett påstående om separat registrerat radbeslut för varje oförändrad post.",project-context,058d1281a5426bf41477f950,reviewed-file-delivery,https://github.com/yeager/translations/blob/67e6d27877c9cfd6b6dbc74bd852b10bdbe09c3c/AntiMicroX/gui-sv-reviewed-20260920.ts,22f0355841a3aff45068b5ff9c62c593486c1241c1d163f73b7d040bd90b9d5d,{}
6f9b113ee685fd3fdacec621,Specified contradicting flags: --show and --hidden,Motstridiga flaggor angavs: --show och --hidden,AntiMicroX,gui-sv-reviewed-20260920,"QObject
","Granskad filleverans. Endast färdiga, aktiva översättningar tas med; detta är inte ett påstående om separat registrerat radbeslut för varje oförändrad post.",project-context,0610188ff14f733aae26faf8,reviewed-file-delivery,https://github.com/yeager/translations/blob/67e6d27877c9cfd6b6dbc74bd852b10bdbe09c3c/AntiMicroX/gui-sv-reviewed-20260920.ts,22f0355841a3aff45068b5ff9c62c593486c1241c1d163f73b7d040bd90b9d5d,{}
6fea414ce156c7f409f0d860,Main Profile,Huvudprofil,AntiMicroX,gui-sv-reviewed-20260920,"AddEditAutoProfileDialog
","Granskad filleverans. Endast färdiga, aktiva översättningar tas med; detta är inte ett påstående om separat registrerat radbeslut för varje oförändrad post.",project-context,83ce706dd09e33260c32eca1,reviewed-file-delivery,https://github.com/yeager/translations/blob/67e6d27877c9cfd6b6dbc74bd852b10bdbe09c3c/AntiMicroX/gui-sv-reviewed-20260920.ts,22f0355841a3aff45068b5ff9c62c593486c1241c1d163f73b7d040bd90b9d5d,{}
7093bfc5d9cd712101c19c8b,Change global profile settings.,Ändra globala profilinställningar.,AntiMicroX,gui-sv-reviewed-20260920,"JoyTabWidget
","Granskad filleverans. Endast färdiga, aktiva översättningar tas med; detta är inte ett påstående om separat registrerat radbeslut för varje oförändrad post.",project-context,826b0b854dabe9917fdb8108,reviewed-file-delivery,https://github.com/yeager/translations/blob/67e6d27877c9cfd6b6dbc74bd852b10bdbe09c3c/AntiMicroX/gui-sv-reviewed-20260920.ts,22f0355841a3aff45068b5ff9c62c593486c1241c1d163f73b7d040bd90b9d5d,{}
7098bdf8cc98f295c164d138,Failed to elevate program,Det gick inte att höja programmets behörighet,AntiMicroX,gui-sv-reviewed-20260920,"MainWindow
","Granskad filleverans. Endast färdiga, aktiva översättningar tas med; detta är inte ett påstående om separat registrerat radbeslut för varje oförändrad post.",project-context,7a5a28e3e59e40cb52e0424e,reviewed-file-delivery,https://github.com/yeager/translations/blob/67e6d27877c9cfd6b6dbc74bd852b10bdbe09c3c/AntiMicroX/gui-sv-reviewed-20260920.ts,22f0355841a3aff45068b5ff9c62c593486c1241c1d163f73b7d040bd90b9d5d,{}
70e3d4ad7a1dfec6c89a830e,Gradient,Lutning,AntiMicroX,gui-sv-reviewed-20260920,"AdvanceButtonDialog
","Granskad filleverans. Endast färdiga, aktiva översättningar tas med; detta är inte ett påstående om separat registrerat radbeslut för varje oförändrad post.",project-context,02deebd8257ffc45ee4557c0,reviewed-file-delivery,https://github.com/yeager/translations/blob/67e6d27877c9cfd6b6dbc74bd852b10bdbe09c3c/AntiMicroX/gui-sv-reviewed-20260920.ts,22f0355841a3aff45068b5ff9c62c593486c1241c1d163f73b7d040bd90b9d5d,{}
71d9df08b438f11bccbe4b97,Assign,Tilldela,AntiMicroX,gui-sv-reviewed-20260920,"AdvanceStickAssignmentDialog
","Granskad filleverans. Endast färdiga, aktiva översättningar tas med; detta är inte ett påstående om separat registrerat radbeslut för varje oförändrad post.",project-context,2145834e89e7eb82b56dcde8,reviewed-file-delivery,https://github.com/yeager/translations/blob/67e6d27877c9cfd6b6dbc74bd852b10bdbe09c3c/AntiMicroX/gui-sv-reviewed-20260920.ts,22f0355841a3aff45068b5ff9c62c593486c1241c1d163f73b7d040bd90b9d5d,{}
72adb7afee10ecccfc4e981b,Accel Numerator:,Accelerationsräknare:,AntiMicroX,gui-sv-reviewed-20260920,"MainSettingsDialog
","Granskad filleverans. Endast färdiga, aktiva översättningar tas med; detta är inte ett påstående om separat registrerat radbeslut för varje oförändrad post.",project-context,d544892462f951c10ea915d8,reviewed-file-delivery,https://github.com/yeager/translations/blob/67e6d27877c9cfd6b6dbc74bd852b10bdbe09c3c/AntiMicroX/gui-sv-reviewed-20260920.ts,22f0355841a3aff45068b5ff9c62c593486c1241c1d163f73b7d040bd90b9d5d,{}
73a6a1f94c4ce2398b506bd5,No log file specified.,Ingen loggfil angavs.,AntiMicroX,gui-sv-reviewed-20260920,"QObject
","Granskad filleverans. Endast färdiga, aktiva översättningar tas med; detta är inte ett påstående om separat registrerat radbeslut för varje oförändrad post.",project-context,589cb8965f210e4d5b7f039d,reviewed-file-delivery,https://github.com/yeager/translations/blob/67e6d27877c9cfd6b6dbc74bd852b10bdbe09c3c/AntiMicroX/gui-sv-reviewed-20260920.ts,22f0355841a3aff45068b5ff9c62c593486c1241c1d163f73b7d040bd90b9d5d,{}
73bc7720af91e5207203305f,Ease Out Sine,Mjuk uttoning med sinus,AntiMicroX,gui-sv-reviewed-20260920,"MouseSettingsDialog
","Granskad filleverans. Endast färdiga, aktiva översättningar tas med; detta är inte ett påstående om separat registrerat radbeslut för varje oförändrad post.",project-context,926cf1d797671ca83dcf07b9,reviewed-file-delivery,https://github.com/yeager/translations/blob/67e6d27877c9cfd6b6dbc74bd852b10bdbe09c3c/AntiMicroX/gui-sv-reviewed-20260920.ts,22f0355841a3aff45068b5ff9c62c593486c1241c1d163f73b7d040bd90b9d5d,{}
73c398f45cd6e353ab0fe97b,Mode:,Läge:,AntiMicroX,gui-sv-reviewed-20260920,"AdvanceButtonDialog
","Granskad filleverans. Endast färdiga, aktiva översättningar tas med; detta är inte ett påstående om separat registrerat radbeslut för varje oförändrad post.",project-context,50b278255a5153a36611909f,reviewed-file-delivery,https://github.com/yeager/translations/blob/67e6d27877c9cfd6b6dbc74bd852b10bdbe09c3c/AntiMicroX/gui-sv-reviewed-20260920.ts,22f0355841a3aff45068b5ff9c62c593486c1241c1d163f73b7d040bd90b9d5d,{}
73dec5881577dee1d9174f16,Spring,Fjäder,AntiMicroX,gui-sv-reviewed-20260920,"MainSettingsDialog
","Granskad filleverans. Endast färdiga, aktiva översättningar tas med; detta är inte ett påstående om separat registrerat radbeslut för varje oförändrad post.",project-context,0c41252b0952f347f4a1bfdb,reviewed-file-delivery,https://github.com/yeager/translations/blob/67e6d27877c9cfd6b6dbc74bd852b10bdbe09c3c/AntiMicroX/gui-sv-reviewed-20260920.ts,22f0355841a3aff45068b5ff9c62c593486c1241c1d163f73b7d040bd90b9d5d,{}
7414303f663a8e35ca0b3aee,Browse,Bläddra,AntiMicroX,gui-sv-reviewed-20260920,"AddEditAutoProfileDialog
","Granskad filleverans. Endast färdiga, aktiva översättningar tas med; detta är inte ett påstående om separat registrerat radbeslut för varje oförändrad post.",project-context,50a6d52e1309b764dc3f1b68,reviewed-file-delivery,https://github.com/yeager/translations/blob/67e6d27877c9cfd6b6dbc74bd852b10bdbe09c3c/AntiMicroX/gui-sv-reviewed-20260920.ts,22f0355841a3aff45068b5ff9c62c593486c1241c1d163f73b7d040bd90b9d5d,{}
741a9ec832066de5fb70fcd4,No event generator string was specified.,Ingen sträng för händelsegenerator angavs.,AntiMicroX,gui-sv-reviewed-20260920,"QObject
","Granskad filleverans. Endast färdiga, aktiva översättningar tas med; detta är inte ett påstående om separat registrerat radbeslut för varje oförändrad post.",project-context,46d80d1f7367a7efa049c2dc,reviewed-file-delivery,https://github.com/yeager/translations/blob/67e6d27877c9cfd6b6dbc74bd852b10bdbe09c3c/AntiMicroX/gui-sv-reviewed-20260920.ts,22f0355841a3aff45068b5ff9c62c593486c1241c1d163f73b7d040bd90b9d5d,{}
74381aa1a5f901c5cf14eae9,Changelog,Ändringslogg,AntiMicroX,gui-sv-reviewed-20260920,"AboutDialog
","Granskad filleverans. Endast färdiga, aktiva översättningar tas med; detta är inte ett påstående om separat registrerat radbeslut för varje oförändrad post.",project-context,70c563c37ce1697812efab55,reviewed-file-delivery,https://github.com/yeager/translations/blob/67e6d27877c9cfd6b6dbc74bd852b10bdbe09c3c/AntiMicroX/gui-sv-reviewed-20260920.ts,22f0355841a3aff45068b5ff9c62c593486c1241c1d163f73b7d040bd90b9d5d,{}
7439590173f607772b528de0,Joystick,Styrspak,AntiMicroX,gui-sv-reviewed-20260920,"Joystick
","Granskad filleverans. Endast färdiga, aktiva översättningar tas med; detta är inte ett påstående om separat registrerat radbeslut för varje oförändrad post.",project-context,398979902dc458940800d562,reviewed-file-delivery,https://github.com/yeager/translations/blob/67e6d27877c9cfd6b6dbc74bd852b10bdbe09c3c/AntiMicroX/gui-sv-reviewed-20260920.ts,22f0355841a3aff45068b5ff9c62c593486c1241c1d163f73b7d040bd90b9d5d,{}
7449d0a46d994937abb5b9d9,Controller Mappings,Handkontrollmappningar,AntiMicroX,gui-sv-reviewed-20260920,"MainSettingsDialog
","Granskad filleverans. Endast färdiga, aktiva översättningar tas med; detta är inte ett påstående om separat registrerat radbeslut för varje oförändrad post.",project-context,692afd80aa642e42484eeb9f,reviewed-file-delivery,https://github.com/yeager/translations/blob/67e6d27877c9cfd6b6dbc74bd852b10bdbe09c3c/AntiMicroX/gui-sv-reviewed-20260920.ts,22f0355841a3aff45068b5ff9c62c593486c1241c1d163f73b7d040bd90b9d5d,{}
75ea6b9422a4a6afe8d4f9a5,Select Set 8 Two Way,Välj uppsättning 8 tvåvägs,AntiMicroX,gui-sv-reviewed-20260920,"AdvanceButtonDialog
","Granskad filleverans. Endast färdiga, aktiva översättningar tas med; detta är inte ett påstående om separat registrerat radbeslut för varje oförändrad post.",project-context,1f1864c09cae036b79d57094,reviewed-file-delivery,https://github.com/yeager/translations/blob/67e6d27877c9cfd6b6dbc74bd852b10bdbe09c3c/AntiMicroX/gui-sv-reviewed-20260920.ts,22f0355841a3aff45068b5ff9c62c593486c1241c1d163f73b7d040bd90b9d5d,{}
766c31c70551c172fe14a77f,4 Way Cardinal,4-vägs med huvudriktningar,AntiMicroX,gui-sv-reviewed-20260920,"JoyControlStickEditDialog
","Granskad filleverans. Endast färdiga, aktiva översättningar tas med; detta är inte ett påstående om separat registrerat radbeslut för varje oförändrad post.",project-context,bd9577407003e16224ae1058,reviewed-file-delivery,https://github.com/yeager/translations/blob/67e6d27877c9cfd6b6dbc74bd852b10bdbe09c3c/AntiMicroX/gui-sv-reviewed-20260920.ts,22f0355841a3aff45068b5ff9c62c593486c1241c1d163f73b7d040bd90b9d5d,{}
77cce2e35c734a1a1774a730,DPads,Riktningsplattor,AntiMicroX,gui-sv-reviewed-20260920,"AdvanceStickAssignmentDialog
","Granskad filleverans. Endast färdiga, aktiva översättningar tas med; detta är inte ett påstående om separat registrerat radbeslut för varje oförändrad post.",project-context,639714a4b4a680d494781d3a,reviewed-file-delivery,https://github.com/yeager/translations/blob/67e6d27877c9cfd6b6dbc74bd852b10bdbe09c3c/AntiMicroX/gui-sv-reviewed-20260920.ts,22f0355841a3aff45068b5ff9c62c593486c1241c1d163f73b7d040bd90b9d5d,{}
784c3613cfff8ea0de47d1f4,Mouse (Inverted Horizontal + Vertical),Mus (omvänd horisontellt och vertikalt),AntiMicroX,gui-sv-reviewed-20260920,"DPadContextMenu
","Granskad filleverans. Endast färdiga, aktiva översättningar tas med; detta är inte ett påstående om separat registrerat radbeslut för varje oförändrad post.",project-context,e270ba963a80c66c94868f6a,reviewed-file-delivery,https://github.com/yeager/translations/blob/67e6d27877c9cfd6b6dbc74bd852b10bdbe09c3c/AntiMicroX/gui-sv-reviewed-20260920.ts,22f0355841a3aff45068b5ff9c62c593486c1241c1d163f73b7d040bd90b9d5d,{}
786411e5f9159bb8fa7f0463,&Hide,&Dölj,AntiMicroX,gui-sv-reviewed-20260920,"MainWindow
","Granskad filleverans. Endast färdiga, aktiva översättningar tas med; detta är inte ett påstående om separat registrerat radbeslut för varje oförändrad post.",project-context,3e2d7d8842689cd7e517d0f9,reviewed-file-delivery,https://github.com/yeager/translations/blob/67e6d27877c9cfd6b6dbc74bd852b10bdbe09c3c/AntiMicroX/gui-sv-reviewed-20260920.ts,22f0355841a3aff45068b5ff9c62c593486c1241c1d163f73b7d040bd90b9d5d,{}
787213300fd640f609df8966,Open Config,Öppna konfigurationen,AntiMicroX,gui-sv-reviewed-20260920,"AddEditAutoProfileDialog
","Granskad filleverans. Endast färdiga, aktiva översättningar tas med; detta är inte ett påstående om separat registrerat radbeslut för varje oförändrad post.",project-context,a18599f611ed29f6e81308e5,reviewed-file-delivery,https://github.com/yeager/translations/blob/67e6d27877c9cfd6b6dbc74bd852b10bdbe09c3c/AntiMicroX/gui-sv-reviewed-20260920.ts,22f0355841a3aff45068b5ff9c62c593486c1241c1d163f73b7d040bd90b9d5d,{}
78a70c877200e12bfd8f175a,Menu,Meny,AntiMicroX,gui-sv-reviewed-20260920,"UInputHelper
","Granskad filleverans. Endast färdiga, aktiva översättningar tas med; detta är inte ett påstående om separat registrerat radbeslut för varje oförändrad post.",project-context,d48e6d6a741cd4389545c5a8,reviewed-file-delivery,https://github.com/yeager/translations/blob/67e6d27877c9cfd6b6dbc74bd852b10bdbe09c3c/AntiMicroX/gui-sv-reviewed-20260920.ts,22f0355841a3aff45068b5ff9c62c593486c1241c1d163f73b7d040bd90b9d5d,{}
78a88d7a06347df2a77cff80,Dpad Mode:,Riktningsplattans läge:,AntiMicroX,gui-sv-reviewed-20260920,"DPadEditDialog
","Granskad filleverans. Endast färdiga, aktiva översättningar tas med; detta är inte ett påstående om separat registrerat radbeslut för varje oförändrad post.",project-context,162d98e33cbef2e6848120d3,reviewed-file-delivery,https://github.com/yeager/translations/blob/67e6d27877c9cfd6b6dbc74bd852b10bdbe09c3c/AntiMicroX/gui-sv-reviewed-20260920.ts,22f0355841a3aff45068b5ff9c62c593486c1241c1d163f73b7d040bd90b9d5d,{}
7958d40114f46fa30b0c5f46,Too many mix slots,För många mixade platser,AntiMicroX,gui-sv-reviewed-20260920,"AdvanceButtonDialog
","Granskad filleverans. Endast färdiga, aktiva översättningar tas med; detta är inte ett påstående om separat registrerat radbeslut för varje oförändrad post.",project-context,111fc32d99702cd3e7bb07ac,reviewed-file-delivery,https://github.com/yeager/translations/blob/67e6d27877c9cfd6b6dbc74bd852b10bdbe09c3c/AntiMicroX/gui-sv-reviewed-20260920.ts,22f0355841a3aff45068b5ff9c62c593486c1241c1d163f73b7d040bd90b9d5d,{}
795de8e529b3b64281810fc7,Volume Up,Höj volymen,AntiMicroX,gui-sv-reviewed-20260920,"VirtualKeyboardMouseWidget
","Granskad filleverans. Endast färdiga, aktiva översättningar tas med; detta är inte ett påstående om separat registrerat radbeslut för varje oförändrad post.",project-context,7022bd5e55858e7d54b05fc4,reviewed-file-delivery,https://github.com/yeager/translations/blob/67e6d27877c9cfd6b6dbc74bd852b10bdbe09c3c/AntiMicroX/gui-sv-reviewed-20260920.ts,22f0355841a3aff45068b5ff9c62c593486c1241c1d163f73b7d040bd90b9d5d,{}
7a02b775fb3616ce338ed483,Captured Window Properties,Egenskaper för registrerat fönster,AntiMicroX,gui-sv-reviewed-20260920,"UnixWindowInfoDialog
","Granskad filleverans. Endast färdiga, aktiva översättningar tas med; detta är inte ett påstående om separat registrerat radbeslut för varje oförändrad post.",project-context,633fc2cd9975f75d778dbb09,reviewed-file-delivery,https://github.com/yeager/translations/blob/67e6d27877c9cfd6b6dbc74bd852b10bdbe09c3c/AntiMicroX/gui-sv-reviewed-20260920.ts,22f0355841a3aff45068b5ff9c62c593486c1241c1d163f73b7d040bd90b9d5d,{}
7a206a25ecaae579cc27e0b9,Buttons,Knappar,AntiMicroX,gui-sv-reviewed-20260920,"JoystickStatusWindow
","Granskad filleverans. Endast färdiga, aktiva översättningar tas med; detta är inte ett påstående om separat registrerat radbeslut för varje oförändrad post.",project-context,e17594e766b0d2f7df1edadb,reviewed-file-delivery,https://github.com/yeager/translations/blob/67e6d27877c9cfd6b6dbc74bd852b10bdbe09c3c/AntiMicroX/gui-sv-reviewed-20260920.ts,22f0355841a3aff45068b5ff9c62c593486c1241c1d163f73b7d040bd90b9d5d,{}
7a4ee288912a0cfbce86afbe,Mouse Settings,Musinställningar,AntiMicroX,gui-sv-reviewed-20260920,"JoyControlStickEditDialog
","Granskad filleverans. Endast färdiga, aktiva översättningar tas med; detta är inte ett påstående om separat registrerat radbeslut för varje oförändrad post.",project-context,6796d8eb95aad8268bd26efe,reviewed-file-delivery,https://github.com/yeager/translations/blob/67e6d27877c9cfd6b6dbc74bd852b10bdbe09c3c/AntiMicroX/gui-sv-reviewed-20260920.ts,22f0355841a3aff45068b5ff9c62c593486c1241c1d163f73b7d040bd90b9d5d,{}
7ab0ca9ddbabab675892678b,None,Ingen,AntiMicroX,gui-sv-reviewed-20260920,"JoystickStatusWindow
","Granskad filleverans. Endast färdiga, aktiva översättningar tas med; detta är inte ett påstående om separat registrerat radbeslut för varje oförändrad post.",project-context,cb5ab1a47091acbfd4824818,reviewed-file-delivery,https://github.com/yeager/translations/blob/67e6d27877c9cfd6b6dbc74bd852b10bdbe09c3c/AntiMicroX/gui-sv-reviewed-20260920.ts,22f0355841a3aff45068b5ff9c62c593486c1241c1d163f73b7d040bd90b9d5d,{}
7b03f295b3725eea2af3f609,Set 3,Uppsättning 3,AntiMicroX,gui-sv-reviewed-20260920,"JoyTabWidget
","Granskad filleverans. Endast färdiga, aktiva översättningar tas med; detta är inte ett påstående om separat registrerat radbeslut för varje oförändrad post.",project-context,158b940c28f55faa36528eef,reviewed-file-delivery,https://github.com/yeager/translations/blob/67e6d27877c9cfd6b6dbc74bd852b10bdbe09c3c/AntiMicroX/gui-sv-reviewed-20260920.ts,22f0355841a3aff45068b5ff9c62c593486c1241c1d163f73b7d040bd90b9d5d,{}
7b50887510bf0ed6a664ba66,Português do Brasil,Portugisiska (Brasilien),AntiMicroX,gui-sv-reviewed-20260920,"MainSettingsDialog
","Granskad filleverans. Endast färdiga, aktiva översättningar tas med; detta är inte ett påstående om separat registrerat radbeslut för varje oförändrad post.",project-context,445c877bfb29567229cda0cf,reviewed-file-delivery,https://github.com/yeager/translations/blob/67e6d27877c9cfd6b6dbc74bd852b10bdbe09c3c/AntiMicroX/gui-sv-reviewed-20260920.ts,22f0355841a3aff45068b5ff9c62c593486c1241c1d163f73b7d040bd90b9d5d,{}
7b66a0e0ee92f2d83117961a,Positive Half Throttle,Positiv halvgas,AntiMicroX,gui-sv-reviewed-20260920,"AxisEditDialog
","Granskad filleverans. Endast färdiga, aktiva översättningar tas med; detta är inte ett påstående om separat registrerat radbeslut för varje oförändrad post.",project-context,c0f048dacbd37dc935cad849,reviewed-file-delivery,https://github.com/yeager/translations/blob/67e6d27877c9cfd6b6dbc74bd852b10bdbe09c3c/AntiMicroX/gui-sv-reviewed-20260920.ts,22f0355841a3aff45068b5ff9c62c593486c1241c1d163f73b7d040bd90b9d5d,{}
7bb98d0d3b6ef4bd78091517,Mouse (Vertical),Mus (lodrät),AntiMicroX,gui-sv-reviewed-20260920,"AxisEditDialog
","Granskad filleverans. Endast färdiga, aktiva översättningar tas med; detta är inte ett påstående om separat registrerat radbeslut för varje oförändrad post.",project-context,1fe2b846305902a7efe94bfb,reviewed-file-delivery,https://github.com/yeager/translations/blob/67e6d27877c9cfd6b6dbc74bd852b10bdbe09c3c/AntiMicroX/gui-sv-reviewed-20260920.ts,22f0355841a3aff45068b5ff9c62c593486c1241c1d163f73b7d040bd90b9d5d,{}
7be580d8db0fb0ab1215d16c,&Issues,&Problem,AntiMicroX,gui-sv-reviewed-20260920,"MainWindow
","Granskad filleverans. Endast färdiga, aktiva översättningar tas med; detta är inte ett påstående om separat registrerat radbeslut för varje oförändrad post.",project-context,a70edda0828a0b022aaace2c,reviewed-file-delivery,https://github.com/yeager/translations/blob/67e6d27877c9cfd6b6dbc74bd852b10bdbe09c3c/AntiMicroX/gui-sv-reviewed-20260920.ts,22f0355841a3aff45068b5ff9c62c593486c1241c1d163f73b7d040bd90b9d5d,{}
7be9cf6bc2033f3a748bf6ca,Mouse Settings,Musinställningar,AntiMicroX,gui-sv-reviewed-20260920,"JoyAxisContextMenu
","Granskad filleverans. Endast färdiga, aktiva översättningar tas med; detta är inte ett påstående om separat registrerat radbeslut för varje oförändrad post.",project-context,14871b5e67968ee3eee125d1,reviewed-file-delivery,https://github.com/yeager/translations/blob/67e6d27877c9cfd6b6dbc74bd852b10bdbe09c3c/AntiMicroX/gui-sv-reviewed-20260920.ts,22f0355841a3aff45068b5ff9c62c593486c1241c1d163f73b7d040bd90b9d5d,{}
7c3807f618bbe0cd7235c129,Wired,Trådbunden,AntiMicroX,gui-sv-reviewed-20260920,"JoystickStatusWindow
","Granskad filleverans. Endast färdiga, aktiva översättningar tas med; detta är inte ett påstående om separat registrerat radbeslut för varje oförändrad post.",project-context,4a464d08dff066f35c918f86,reviewed-file-delivery,https://github.com/yeager/translations/blob/67e6d27877c9cfd6b6dbc74bd852b10bdbe09c3c/AntiMicroX/gui-sv-reviewed-20260920.ts,22f0355841a3aff45068b5ff9c62c593486c1241c1d163f73b7d040bd90b9d5d,{}
7c4dfbbd28048982e455a0c1,Application:    ,Applikation:    ,AntiMicroX,gui-sv-reviewed-20260920,"AddEditAutoProfileDialog
","Granskad filleverans. Endast färdiga, aktiva översättningar tas med; detta är inte ett påstående om separat registrerat radbeslut för varje oförändrad post.",project-context,f72275e23a30c7d0dd98bcb1,reviewed-file-delivery,https://github.com/yeager/translations/blob/67e6d27877c9cfd6b6dbc74bd852b10bdbe09c3c/AntiMicroX/gui-sv-reviewed-20260920.ts,22f0355841a3aff45068b5ff9c62c593486c1241c1d163f73b7d040bd90b9d5d,{}
7c6c494bf04d07687b4d5a4e,Name,Namn,AntiMicroX,gui-sv-reviewed-20260920,"SetNamesDialog
","Granskad filleverans. Endast färdiga, aktiva översättningar tas med; detta är inte ett påstående om separat registrerat radbeslut för varje oförändrad post.",project-context,69087f32397826d8b0a48ef9,reviewed-file-delivery,https://github.com/yeager/translations/blob/67e6d27877c9cfd6b6dbc74bd852b10bdbe09c3c/AntiMicroX/gui-sv-reviewed-20260920.ts,22f0355841a3aff45068b5ff9c62c593486c1241c1d163f73b7d040bd90b9d5d,{}
7ca276a8a890ef5cee79609e,Profile file path is invalid.,Sökvägen till profilfilen är ogiltig.,AntiMicroX,gui-sv-reviewed-20260920,"EditAllDefaultAutoProfileDialog
","Granskad filleverans. Endast färdiga, aktiva översättningar tas med; detta är inte ett påstående om separat registrerat radbeslut för varje oförändrad post.",project-context,77798450f1ca18b89685c409,reviewed-file-delivery,https://github.com/yeager/translations/blob/67e6d27877c9cfd6b6dbc74bd852b10bdbe09c3c/AntiMicroX/gui-sv-reviewed-20260920.ts,22f0355841a3aff45068b5ff9c62c593486c1241c1d163f73b7d040bd90b9d5d,{}
7cd8609ac7bb4c5bac45dd14,Spring Settings,Fjäderinställningar,AntiMicroX,gui-sv-reviewed-20260920,"MouseSettingsDialog
","Granskad filleverans. Endast färdiga, aktiva översättningar tas med; detta är inte ett påstående om separat registrerat radbeslut för varje oförändrad post.",project-context,5c1def9d6bed598724219e31,reviewed-file-delivery,https://github.com/yeager/translations/blob/67e6d27877c9cfd6b6dbc74bd852b10bdbe09c3c/AntiMicroX/gui-sv-reviewed-20260920.ts,22f0355841a3aff45068b5ff9c62c593486c1241c1d163f73b7d040bd90b9d5d,{}
7cdf51f9fda3f9cfb3102212,Na&me:,Na&mn:,AntiMicroX,gui-sv-reviewed-20260920,"JoyControlStickEditDialog
","Granskad filleverans. Endast färdiga, aktiva översättningar tas med; detta är inte ett påstående om separat registrerat radbeslut för varje oförändrad post.",project-context,0c05fc0a1145287cfe51f56d,reviewed-file-delivery,https://github.com/yeager/translations/blob/67e6d27877c9cfd6b6dbc74bd852b10bdbe09c3c/AntiMicroX/gui-sv-reviewed-20260920.ts,22f0355841a3aff45068b5ff9c62c593486c1241c1d163f73b7d040bd90b9d5d,{}
7ce68d5bf093e678c277b229,event-generation-type,typ av händelsegenerering,AntiMicroX,gui-sv-reviewed-20260920,"main
","Granskad filleverans. Endast färdiga, aktiva översättningar tas med; detta är inte ett påstående om separat registrerat radbeslut för varje oförändrad post.",project-context,9ce9c7cac40e1fbdba099989,reviewed-file-delivery,https://github.com/yeager/translations/blob/67e6d27877c9cfd6b6dbc74bd852b10bdbe09c3c/AntiMicroX/gui-sv-reviewed-20260920.ts,22f0355841a3aff45068b5ff9c62c593486c1241c1d163f73b7d040bd90b9d5d,{}
7cf71a2c583052cee70e7c49,Press Time,Trycktid,AntiMicroX,gui-sv-reviewed-20260920,"AdvanceButtonDialog
","Granskad filleverans. Endast färdiga, aktiva översättningar tas med; detta är inte ett påstående om separat registrerat radbeslut för varje oförändrad post.",project-context,26883510aa67fb8686830730,reviewed-file-delivery,https://github.com/yeager/translations/blob/67e6d27877c9cfd6b6dbc74bd852b10bdbe09c3c/AntiMicroX/gui-sv-reviewed-20260920.ts,22f0355841a3aff45068b5ff9c62c593486c1241c1d163f73b7d040bd90b9d5d,{}
7d114e8ece2598bba5c22763,DPad,Riktningsplatta,AntiMicroX,gui-sv-reviewed-20260920,"GameControllerDPad
","Granskad filleverans. Endast färdiga, aktiva översättningar tas med; detta är inte ett påstående om separat registrerat radbeslut för varje oförändrad post.",project-context,86ccdc6f04b26f0a4f9c7e4b,reviewed-file-delivery,https://github.com/yeager/translations/blob/67e6d27877c9cfd6b6dbc74bd852b10bdbe09c3c/AntiMicroX/gui-sv-reviewed-20260920.ts,22f0355841a3aff45068b5ff9c62c593486c1241c1d163f73b7d040bd90b9d5d,{}
7e51616ca794ccb1e9d9ce05,Associate Profiles,Associera profiler,AntiMicroX,gui-sv-reviewed-20260920,"MainSettingsDialog
","Granskad filleverans. Endast färdiga, aktiva översättningar tas med; detta är inte ett påstående om separat registrerat radbeslut för varje oförändrad post.",project-context,61c10b9b8d9a8891af497436,reviewed-file-delivery,https://github.com/yeager/translations/blob/67e6d27877c9cfd6b6dbc74bd852b10bdbe09c3c/AntiMicroX/gui-sv-reviewed-20260920.ts,22f0355841a3aff45068b5ff9c62c593486c1241c1d163f73b7d040bd90b9d5d,{}
80900e8a0652dee56bc0bcd6,Timer:,Tidtagare:,AntiMicroX,gui-sv-reviewed-20260920,"WinAppProfileTimerDialog
","Granskad filleverans. Endast färdiga, aktiva översättningar tas med; detta är inte ett påstående om separat registrerat radbeslut för varje oförändrad post.",project-context,36d6e948a9aac30a2f989217,reviewed-file-delivery,https://github.com/yeager/translations/blob/67e6d27877c9cfd6b6dbc74bd852b10bdbe09c3c/AntiMicroX/gui-sv-reviewed-20260920.ts,22f0355841a3aff45068b5ff9c62c593486c1241c1d163f73b7d040bd90b9d5d,{}
809543361059d8143c8cbae3,Edit Settings,Redigera inställningar,AntiMicroX,gui-sv-reviewed-20260920,"MainSettingsDialog
","Granskad filleverans. Endast färdiga, aktiva översättningar tas med; detta är inte ett påstående om separat registrerat radbeslut för varje oförändrad post.",project-context,b7dff48b80830767ee523a30,reviewed-file-delivery,https://github.com/yeager/translations/blob/67e6d27877c9cfd6b6dbc74bd852b10bdbe09c3c/AntiMicroX/gui-sv-reviewed-20260920.ts,22f0355841a3aff45068b5ff9c62c593486c1241c1d163f73b7d040bd90b9d5d,{}
813ed14643bb909283e08531,Show low battery notification,Visa meddelande om låg batterinivå,AntiMicroX,gui-sv-reviewed-20260920,"MainSettingsDialog
","Granskad filleverans. Endast färdiga, aktiva översättningar tas med; detta är inte ett påstående om separat registrerat radbeslut för varje oförändrad post.",project-context,8030f38d86f36bfaaf25d84b,reviewed-file-delivery,https://github.com/yeager/translations/blob/67e6d27877c9cfd6b6dbc74bd852b10bdbe09c3c/AntiMicroX/gui-sv-reviewed-20260920.ts,22f0355841a3aff45068b5ff9c62c593486c1241c1d163f73b7d040bd90b9d5d,{}
82e12ed62292ce617018f134,NumPad,Numeriskt tangentbord,AntiMicroX,gui-sv-reviewed-20260920,"JoyControlStickContextMenu
","Granskad filleverans. Endast färdiga, aktiva översättningar tas med; detta är inte ett påstående om separat registrerat radbeslut för varje oförändrad post.",project-context,3026ac301103cda84cf3c772,reviewed-file-delivery,https://github.com/yeager/translations/blob/67e6d27877c9cfd6b6dbc74bd852b10bdbe09c3c/AntiMicroX/gui-sv-reviewed-20260920.ts,22f0355841a3aff45068b5ff9c62c593486c1241c1d163f73b7d040bd90b9d5d,{}
8339f8a1357d2fe96f0600ef,Yaw Left,Vrid åt vänster,AntiMicroX,gui-sv-reviewed-20260920,"JoyGyroscopeButton
","Granskad filleverans. Endast färdiga, aktiva översättningar tas med; detta är inte ett påstående om separat registrerat radbeslut för varje oförändrad post.",project-context,bf87b12f12201f8b629f2bbb,reviewed-file-delivery,https://github.com/yeager/translations/blob/67e6d27877c9cfd6b6dbc74bd852b10bdbe09c3c/AntiMicroX/gui-sv-reviewed-20260920.ts,22f0355841a3aff45068b5ff9c62c593486c1241c1d163f73b7d040bd90b9d5d,{}
8368946fab27af3a102f45dc,Execute,Utför,AntiMicroX,gui-sv-reviewed-20260920,"AdvanceButtonDialog
","Granskad filleverans. Endast färdiga, aktiva översättningar tas med; detta är inte ett påstående om separat registrerat radbeslut för varje oförändrad post.",project-context,aa3d1110cb5a4d0d8a5f25fd,reviewed-file-delivery,https://github.com/yeager/translations/blob/67e6d27877c9cfd6b6dbc74bd852b10bdbe09c3c/AntiMicroX/gui-sv-reviewed-20260920.ts,22f0355841a3aff45068b5ff9c62c593486c1241c1d163f73b7d040bd90b9d5d,{}
84801e2c85164d9cd6b42987,Select Set 3 One Way,Välj uppsättning 3 enkelriktat,AntiMicroX,gui-sv-reviewed-20260920,"AdvanceButtonDialog
","Granskad filleverans. Endast färdiga, aktiva översättningar tas med; detta är inte ett påstående om separat registrerat radbeslut för varje oförändrad post.",project-context,7128c0a4cf529cc5240a7aff,reviewed-file-delivery,https://github.com/yeager/translations/blob/67e6d27877c9cfd6b6dbc74bd852b10bdbe09c3c/AntiMicroX/gui-sv-reviewed-20260920.ts,22f0355841a3aff45068b5ff9c62c593486c1241c1d163f73b7d040bd90b9d5d,{}
84aeeef7fb8553c203d54af5,DEL,Del,AntiMicroX,gui-sv-reviewed-20260920,"VirtualKeyPushButton
","Granskad filleverans. Endast färdiga, aktiva översättningar tas med; detta är inte ett påstående om separat registrerat radbeslut för varje oförändrad post.",project-context,100bdb4f2cf7e4d320a262c4,reviewed-file-delivery,https://github.com/yeager/translations/blob/67e6d27877c9cfd6b6dbc74bd852b10bdbe09c3c/AntiMicroX/gui-sv-reviewed-20260920.ts,22f0355841a3aff45068b5ff9c62c593486c1241c1d163f73b7d040bd90b9d5d,{}
84d60b10bcbbbfd8462c75e0,Roll Right,Rotera åt höger,AntiMicroX,gui-sv-reviewed-20260920,"JoyGyroscopeButton
","Granskad filleverans. Endast färdiga, aktiva översättningar tas med; detta är inte ett påstående om separat registrerat radbeslut för varje oförändrad post.",project-context,cb75b9a0651bbe676b3cc943,reviewed-file-delivery,https://github.com/yeager/translations/blob/67e6d27877c9cfd6b6dbc74bd852b10bdbe09c3c/AntiMicroX/gui-sv-reviewed-20260920.ts,22f0355841a3aff45068b5ff9c62c593486c1241c1d163f73b7d040bd90b9d5d,{}
8548e04bb6afa2c1682072cd,Recent Profile Count:,Antal senaste profiler:,AntiMicroX,gui-sv-reviewed-20260920,"MainSettingsDialog
","Granskad filleverans. Endast färdiga, aktiva översättningar tas med; detta är inte ett påstående om separat registrerat radbeslut för varje oförändrad post.",project-context,0fbd5d6ffdb88ffd32263252,reviewed-file-delivery,https://github.com/yeager/translations/blob/67e6d27877c9cfd6b6dbc74bd852b10bdbe09c3c/AntiMicroX/gui-sv-reviewed-20260920.ts,22f0355841a3aff45068b5ff9c62c593486c1241c1d163f73b7d040bd90b9d5d,{}
856621aa17b1280c822a1778,Launch At Windows Startup,Starta vid Windows systemstart,AntiMicroX,gui-sv-reviewed-20260920,"MainSettingsDialog
","Granskad filleverans. Endast färdiga, aktiva översättningar tas med; detta är inte ett påstående om separat registrerat radbeslut för varje oförändrad post.",project-context,0a4c3a4cf7b78b777e0e4ffc,reviewed-file-delivery,https://github.com/yeager/translations/blob/67e6d27877c9cfd6b6dbc74bd852b10bdbe09c3c/AntiMicroX/gui-sv-reviewed-20260920.ts,22f0355841a3aff45068b5ff9c62c593486c1241c1d163f73b7d040bd90b9d5d,{}
865e379c72879a17c0c9f0af,Game Controller Mapping,Handkontrollmappning,AntiMicroX,gui-sv-reviewed-20260920,"GameControllerMappingDialog
","Granskad filleverans. Endast färdiga, aktiva översättningar tas med; detta är inte ett påstående om separat registrerat radbeslut för varje oförändrad post.",project-context,2e39db19df5603af3d2da47c,reviewed-file-delivery,https://github.com/yeager/translations/blob/67e6d27877c9cfd6b6dbc74bd852b10bdbe09c3c/AntiMicroX/gui-sv-reviewed-20260920.ts,22f0355841a3aff45068b5ff9c62c593486c1241c1d163f73b7d040bd90b9d5d,{}
86a9a526fedfb8f5d5d6b38c,Set 5,Uppsättning 5,AntiMicroX,gui-sv-reviewed-20260920,"JoyTabWidget
","Granskad filleverans. Endast färdiga, aktiva översättningar tas med; detta är inte ett påstående om separat registrerat radbeslut för varje oförändrad post.",project-context,5a1d8270fd4e52fa8ad30ac5,reviewed-file-delivery,https://github.com/yeager/translations/blob/67e6d27877c9cfd6b6dbc74bd852b10bdbe09c3c/AntiMicroX/gui-sv-reviewed-20260920.ts,22f0355841a3aff45068b5ff9c62c593486c1241c1d163f73b7d040bd90b9d5d,{}
86cf0e9d1cb82fa32d85f22a,Discard Controller Mapping?,Förkasta handkontrollmappning?,AntiMicroX,gui-sv-reviewed-20260920,"GameControllerMappingDialog
","Granskad filleverans. Endast färdiga, aktiva översättningar tas med; detta är inte ett påstående om separat registrerat radbeslut för varje oförändrad post.",project-context,3ab22bc50b35eda747e811fd,reviewed-file-delivery,https://github.com/yeager/translations/blob/67e6d27877c9cfd6b6dbc74bd852b10bdbe09c3c/AntiMicroX/gui-sv-reviewed-20260920.ts,22f0355841a3aff45068b5ff9c62c593486c1241c1d163f73b7d040bd90b9d5d,{}
87baf2d6d1155c6be2fad3c0,Keys: W | S,Tangenter: W | S,AntiMicroX,gui-sv-reviewed-20260920,"AxisEditDialog
","Granskad filleverans. Endast färdiga, aktiva översättningar tas med; detta är inte ett påstående om separat registrerat radbeslut för varje oförändrad post.",project-context,cb6f4b7ad740507b2136d83e,reviewed-file-delivery,https://github.com/yeager/translations/blob/67e6d27877c9cfd6b6dbc74bd852b10bdbe09c3c/AntiMicroX/gui-sv-reviewed-20260920.ts,22f0355841a3aff45068b5ff9c62c593486c1241c1d163f73b7d040bd90b9d5d,{}
88350b6877a4bb561cbfb8ca,Properties,Egenskaper,AntiMicroX,gui-sv-reviewed-20260920,"JoystickStatusWindow
","Granskad filleverans. Endast färdiga, aktiva översättningar tas med; detta är inte ett påstående om separat registrerat radbeslut för varje oförändrad post.",project-context,6edfd4c2d8353de89de48273,reviewed-file-delivery,https://github.com/yeager/translations/blob/67e6d27877c9cfd6b6dbc74bd852b10bdbe09c3c/AntiMicroX/gui-sv-reviewed-20260920.ts,22f0355841a3aff45068b5ff9c62c593486c1241c1d163f73b7d040bd90b9d5d,{}
883fdfb57e0ca9e292c97568,/sec.,/sek.,AntiMicroX,gui-sv-reviewed-20260920,"AdvanceButtonDialog
","Granskad filleverans. Endast färdiga, aktiva översättningar tas med; detta är inte ett påstående om separat registrerat radbeslut för varje oförändrad post.",project-context,64bd219ca5358843daf26a5b,reviewed-file-delivery,https://github.com/yeager/translations/blob/67e6d27877c9cfd6b6dbc74bd852b10bdbe09c3c/AntiMicroX/gui-sv-reviewed-20260920.ts,22f0355841a3aff45068b5ff9c62c593486c1241c1d163f73b7d040bd90b9d5d,{}
88afc616ffbd517aff78447c,Select Set 6 While Held,Välj uppsättning 6 medan den hålls nedtryckt,AntiMicroX,gui-sv-reviewed-20260920,"AdvanceButtonDialog
","Granskad filleverans. Endast färdiga, aktiva översättningar tas med; detta är inte ett påstående om separat registrerat radbeslut för varje oförändrad post.",project-context,0c4013f3e8b8f1f9b7ebb9ea,reviewed-file-delivery,https://github.com/yeager/translations/blob/67e6d27877c9cfd6b6dbc74bd852b10bdbe09c3c/AntiMicroX/gui-sv-reviewed-20260920.ts,22f0355841a3aff45068b5ff9c62c593486c1241c1d163f73b7d040bd90b9d5d,{}
89423897acd482bf2e3ef409,NumPad: KP_4 | KP_6,Numeriskt tangentbord: KP_4 | KP_6,AntiMicroX,gui-sv-reviewed-20260920,"AxisEditDialog
","Granskad filleverans. Endast färdiga, aktiva översättningar tas med; detta är inte ett påstående om separat registrerat radbeslut för varje oförändrad post.",project-context,2905837f3d734168945921fa,reviewed-file-delivery,https://github.com/yeager/translations/blob/67e6d27877c9cfd6b6dbc74bd852b10bdbe09c3c/AntiMicroX/gui-sv-reviewed-20260920.ts,22f0355841a3aff45068b5ff9c62c593486c1241c1d163f73b7d040bd90b9d5d,{}
896b2ca74080f536f1f09b71,Info,Information,AntiMicroX,gui-sv-reviewed-20260920,"MainSettingsDialog
","Granskad filleverans. Endast färdiga, aktiva översättningar tas med; detta är inte ett påstående om separat registrerat radbeslut för varje oförändrad post.",project-context,873e2a0f23a6e2fcc59f253f,reviewed-file-delivery,https://github.com/yeager/translations/blob/67e6d27877c9cfd6b6dbc74bd852b10bdbe09c3c/AntiMicroX/gui-sv-reviewed-20260920.ts,22f0355841a3aff45068b5ff9c62c593486c1241c1d163f73b7d040bd90b9d5d,{}
897597d963b962307e3a1ff6,value,värde,AntiMicroX,gui-sv-reviewed-20260920,"main
","Granskad filleverans. Endast färdiga, aktiva översättningar tas med; detta är inte ett påstående om separat registrerat radbeslut för varje oförändrad post.",project-context,970815994f196e320b20565a,reviewed-file-delivery,https://github.com/yeager/translations/blob/67e6d27877c9cfd6b6dbc74bd852b10bdbe09c3c/AntiMicroX/gui-sv-reviewed-20260920.ts,22f0355841a3aff45068b5ff9c62c593486c1241c1d163f73b7d040bd90b9d5d,{}
89981002bbb8dcba40e27253,Clear,Rensa,AntiMicroX,gui-sv-reviewed-20260920,"JoyButtonContextMenu
","Granskad filleverans. Endast färdiga, aktiva översättningar tas med; detta är inte ett påstående om separat registrerat radbeslut för varje oförändrad post.",project-context,31f176257adfe838bbc235da,reviewed-file-delivery,https://github.com/yeager/translations/blob/67e6d27877c9cfd6b6dbc74bd852b10bdbe09c3c/AntiMicroX/gui-sv-reviewed-20260920.ts,22f0355841a3aff45068b5ff9c62c593486c1241c1d163f73b7d040bd90b9d5d,{}
89a95872705640fe1d67ad66,Keys: A | D,Tangenter: A | D,AntiMicroX,gui-sv-reviewed-20260920,"AxisEditDialog
","Granskad filleverans. Endast färdiga, aktiva översättningar tas med; detta är inte ett påstående om separat registrerat radbeslut för varje oförändrad post.",project-context,5866f2acca9f3c4114d618aa,reviewed-file-delivery,https://github.com/yeager/translations/blob/67e6d27877c9cfd6b6dbc74bd852b10bdbe09c3c/AntiMicroX/gui-sv-reviewed-20260920.ts,22f0355841a3aff45068b5ff9c62c593486c1241c1d163f73b7d040bd90b9d5d,{}
89eb0818d99f87f599206037,Launch program in system tray only.,Starta endast programmet i systemfältet.,AntiMicroX,gui-sv-reviewed-20260920,"main
","Granskad filleverans. Endast färdiga, aktiva översättningar tas med; detta är inte ett påstående om separat registrerat radbeslut för varje oförändrad post.",project-context,820b4bbba274c18cd9f45259,reviewed-file-delivery,https://github.com/yeager/translations/blob/67e6d27877c9cfd6b6dbc74bd852b10bdbe09c3c/AntiMicroX/gui-sv-reviewed-20260920.ts,22f0355841a3aff45068b5ff9c62c593486c1241c1d163f73b7d040bd90b9d5d,{}
8a01239853f71c1229c661fa,SCLK,Scroll Lock,AntiMicroX,gui-sv-reviewed-20260920,"UInputHelper
","Granskad filleverans. Endast färdiga, aktiva översättningar tas med; detta är inte ett påstående om separat registrerat radbeslut för varje oförändrad post.",project-context,ad27f7a51fcbd7d04e0e2f91,reviewed-file-delivery,https://github.com/yeager/translations/blob/67e6d27877c9cfd6b6dbc74bd852b10bdbe09c3c/AntiMicroX/gui-sv-reviewed-20260920.ts,22f0355841a3aff45068b5ff9c62c593486c1241c1d163f73b7d040bd90b9d5d,{}
8a6edb9e6340d96efdd5eb28,CapsLock,Caps Lock,AntiMicroX,gui-sv-reviewed-20260920,"UInputHelper
","Granskad filleverans. Endast färdiga, aktiva översättningar tas med; detta är inte ett påstående om separat registrerat radbeslut för varje oförändrad post.",project-context,7052bd0742862f331be75ef3,reviewed-file-delivery,https://github.com/yeager/translations/blob/67e6d27877c9cfd6b6dbc74bd852b10bdbe09c3c/AntiMicroX/gui-sv-reviewed-20260920.ts,22f0355841a3aff45068b5ff9c62c593486c1241c1d163f73b7d040bd90b9d5d,{}
8a7d45ef9d8d1af480655e0e,Ctrl_R,Höger Ctrl,AntiMicroX,gui-sv-reviewed-20260920,"UInputHelper
","Granskad filleverans. Endast färdiga, aktiva översättningar tas med; detta är inte ett påstående om separat registrerat radbeslut för varje oförändrad post.",project-context,9b1a85413a6ed4bc0635d39a,reviewed-file-delivery,https://github.com/yeager/translations/blob/67e6d27877c9cfd6b6dbc74bd852b10bdbe09c3c/AntiMicroX/gui-sv-reviewed-20260920.ts,22f0355841a3aff45068b5ff9c62c593486c1241c1d163f73b7d040bd90b9d5d,{}
8b42ce46ff12c81684ee8e1a,Set 4,Uppsättning 4,AntiMicroX,gui-sv-reviewed-20260920,"SetNamesDialog
","Granskad filleverans. Endast färdiga, aktiva översättningar tas med; detta är inte ett påstående om separat registrerat radbeslut för varje oförändrad post.",project-context,44f276c36c7310707fe23e35,reviewed-file-delivery,https://github.com/yeager/translations/blob/67e6d27877c9cfd6b6dbc74bd852b10bdbe09c3c/AntiMicroX/gui-sv-reviewed-20260920.ts,22f0355841a3aff45068b5ff9c62c593486c1241c1d163f73b7d040bd90b9d5d,{}
8b46071b8046f59216b5a023,Roll Left,Rotera åt vänster,AntiMicroX,gui-sv-reviewed-20260920,"JoyGyroscopeButton
","Granskad filleverans. Endast färdiga, aktiva översättningar tas med; detta är inte ett påstående om separat registrerat radbeslut för varje oförändrad post.",project-context,e51af762f2f81a8be35740bb,reviewed-file-delivery,https://github.com/yeager/translations/blob/67e6d27877c9cfd6b6dbc74bd852b10bdbe09c3c/AntiMicroX/gui-sv-reviewed-20260920.ts,22f0355841a3aff45068b5ff9c62c593486c1241c1d163f73b7d040bd90b9d5d,{}
8bcf728176ce2ec68449c26e,Select Set 5 Two Way,Välj uppsättning 5 tvåvägs,AntiMicroX,gui-sv-reviewed-20260920,"AdvanceButtonDialog
","Granskad filleverans. Endast färdiga, aktiva översättningar tas med; detta är inte ett påstående om separat registrerat radbeslut för varje oförändrad post.",project-context,87a15ab8ac81a61ad2d70470,reviewed-file-delivery,https://github.com/yeager/translations/blob/67e6d27877c9cfd6b6dbc74bd852b10bdbe09c3c/AntiMicroX/gui-sv-reviewed-20260920.ts,22f0355841a3aff45068b5ff9c62c593486c1241c1d163f73b7d040bd90b9d5d,{}
8c7de34a1232c4d07f1265c9,Left Shoulder,Vänster axelknapp,AntiMicroX,gui-sv-reviewed-20260920,"GameControllerMappingDialog
","Granskad filleverans. Endast färdiga, aktiva översättningar tas med; detta är inte ett påstående om separat registrerat radbeslut för varje oförändrad post.",project-context,4cb09451f76dbb779b269db9,reviewed-file-delivery,https://github.com/yeager/translations/blob/67e6d27877c9cfd6b6dbc74bd852b10bdbe09c3c/AntiMicroX/gui-sv-reviewed-20260920.ts,22f0355841a3aff45068b5ff9c62c593486c1241c1d163f73b7d040bd90b9d5d,{}
8cde83f5f7068225e9cc4206,File is not an .exe file.,Filen är inte en .exe-fil.,AntiMicroX,gui-sv-reviewed-20260920,"AddEditAutoProfileDialog
","Granskad filleverans. Endast färdiga, aktiva översättningar tas med; detta är inte ett påstående om separat registrerat radbeslut för varje oförändrad post.",project-context,fe342fe9a1a395308e1ed771,reviewed-file-delivery,https://github.com/yeager/translations/blob/67e6d27877c9cfd6b6dbc74bd852b10bdbe09c3c/AntiMicroX/gui-sv-reviewed-20260920.ts,22f0355841a3aff45068b5ff9c62c593486c1241c1d163f73b7d040bd90b9d5d,{}
8d0a803da88e1307ee5f704b,Cursor,Markör,AntiMicroX,gui-sv-reviewed-20260920,"MouseSettingsDialog
","Granskad filleverans. Endast färdiga, aktiva översättningar tas med; detta är inte ett påstående om separat registrerat radbeslut för varje oförändrad post.",project-context,fb410199315b84363c91fc12,reviewed-file-delivery,https://github.com/yeager/translations/blob/67e6d27877c9cfd6b6dbc74bd852b10bdbe09c3c/AntiMicroX/gui-sv-reviewed-20260920.ts,22f0355841a3aff45068b5ff9c62c593486c1241c1d163f73b7d040bd90b9d5d,{}
8d10a4d8b53c2303788868e9,Last keyboard/mouse button:,Senaste tangentbords-/musknapp:,AntiMicroX,gui-sv-reviewed-20260920,"ButtonEditDialog
","Granskad filleverans. Endast färdiga, aktiva översättningar tas med; detta är inte ett påstående om separat registrerat radbeslut för varje oförändrad post.",project-context,6566a31df8c71b91f44d39c7,reviewed-file-delivery,https://github.com/yeager/translations/blob/67e6d27877c9cfd6b6dbc74bd852b10bdbe09c3c/AntiMicroX/gui-sv-reviewed-20260920.ts,22f0355841a3aff45068b5ff9c62c593486c1241c1d163f73b7d040bd90b9d5d,{}
8e82ba0b55236daf6b0d57d9,PrtSc,Print Screen,AntiMicroX,gui-sv-reviewed-20260920,"UInputHelper
","Granskad filleverans. Endast färdiga, aktiva översättningar tas med; detta är inte ett påstående om separat registrerat radbeslut för varje oförändrad post.",project-context,4be205bbfc97896587343612,reviewed-file-delivery,https://github.com/yeager/translations/blob/67e6d27877c9cfd6b6dbc74bd852b10bdbe09c3c/AntiMicroX/gui-sv-reviewed-20260920.ts,22f0355841a3aff45068b5ff9c62c593486c1241c1d163f73b7d040bd90b9d5d,{}
8ecd6554f6846f6665dd5b12,Button,Knapp,AntiMicroX,gui-sv-reviewed-20260920,"JoyButton
","Granskad filleverans. Endast färdiga, aktiva översättningar tas med; detta är inte ett påstående om separat registrerat radbeslut för varje oförändrad post.",project-context,1fd0be9f73dcd0f4e060ca32,reviewed-file-delivery,https://github.com/yeager/translations/blob/67e6d27877c9cfd6b6dbc74bd852b10bdbe09c3c/AntiMicroX/gui-sv-reviewed-20260920.ts,22f0355841a3aff45068b5ff9c62c593486c1241c1d163f73b7d040bd90b9d5d,{}
8ed897d9df15a2dce8b39cfb,Gyroscope,Gyroskop,AntiMicroX,gui-sv-reviewed-20260920,"Calibration
","Granskad filleverans. Endast färdiga, aktiva översättningar tas med; detta är inte ett påstående om separat registrerat radbeslut för varje oförändrad post.",project-context,3867a3464e583fa35ec689a0,reviewed-file-delivery,https://github.com/yeager/translations/blob/67e6d27877c9cfd6b6dbc74bd852b10bdbe09c3c/AntiMicroX/gui-sv-reviewed-20260920.ts,22f0355841a3aff45068b5ff9c62c593486c1241c1d163f73b7d040bd90b9d5d,{}
8f4c1ecd9adfd451f6a9d28d,Capture Application,Registrera program,AntiMicroX,gui-sv-reviewed-20260920,"WinAppProfileTimerDialog
","Granskad filleverans. Endast färdiga, aktiva översättningar tas med; detta är inte ett påstående om separat registrerat radbeslut för varje oförändrad post.",project-context,0e730279c3402a29835432c9,reviewed-file-delivery,https://github.com/yeager/translations/blob/67e6d27877c9cfd6b6dbc74bd852b10bdbe09c3c/AntiMicroX/gui-sv-reviewed-20260920.ts,22f0355841a3aff45068b5ff9c62c593486c1241c1d163f73b7d040bd90b9d5d,{}
8faac5011810cbca966de8cc,RS Click,Höger styrspaksklick,AntiMicroX,gui-sv-reviewed-20260920,"GameControllerSet
","Granskad filleverans. Endast färdiga, aktiva översättningar tas med; detta är inte ett påstående om separat registrerat radbeslut för varje oförändrad post.",project-context,222903d3c6308f638486dfc0,reviewed-file-delivery,https://github.com/yeager/translations/blob/67e6d27877c9cfd6b6dbc74bd852b10bdbe09c3c/AntiMicroX/gui-sv-reviewed-20260920.ts,22f0355841a3aff45068b5ff9c62c593486c1241c1d163f73b7d040bd90b9d5d,{}
8fcfe515c2abe40a0d00ca0d,Stick,Styrspak,AntiMicroX,gui-sv-reviewed-20260920,"JoyControlStick
","Granskad filleverans. Endast färdiga, aktiva översättningar tas med; detta är inte ett påstående om separat registrerat radbeslut för varje oförändrad post.",project-context,e9f498c6910e91587425e176,reviewed-file-delivery,https://github.com/yeager/translations/blob/67e6d27877c9cfd6b6dbc74bd852b10bdbe09c3c/AntiMicroX/gui-sv-reviewed-20260920.ts,22f0355841a3aff45068b5ff9c62c593486c1241c1d163f73b7d040bd90b9d5d,{}
908f9806e42561c6580c8065,Calc,Kalkylator,AntiMicroX,gui-sv-reviewed-20260920,"VirtualKeyboardMouseWidget
","Granskad filleverans. Endast färdiga, aktiva översättningar tas med; detta är inte ett påstående om separat registrerat radbeslut för varje oförändrad post.",project-context,89fbd6bb2ff4cffc574961f8,reviewed-file-delivery,https://github.com/yeager/translations/blob/67e6d27877c9cfd6b6dbc74bd852b10bdbe09c3c/AntiMicroX/gui-sv-reviewed-20260920.ts,22f0355841a3aff45068b5ff9c62c593486c1241c1d163f73b7d040bd90b9d5d,{}
90c42e7ec247520dcc606581,Select Set 8 While Held,Välj uppsättning 8 medan den hålls nedtryckt,AntiMicroX,gui-sv-reviewed-20260920,"AdvanceButtonDialog
","Granskad filleverans. Endast färdiga, aktiva översättningar tas med; detta är inte ett påstående om separat registrerat radbeslut för varje oförändrad post.",project-context,1f546c41124a1a59ea9d9692,reviewed-file-delivery,https://github.com/yeager/translations/blob/67e6d27877c9cfd6b6dbc74bd852b10bdbe09c3c/AntiMicroX/gui-sv-reviewed-20260920.ts,22f0355841a3aff45068b5ff9c62c593486c1241c1d163f73b7d040bd90b9d5d,{}
91329fa707740a718e46c1b3,Linear,Linjär,AntiMicroX,gui-sv-reviewed-20260920,"MouseSettingsDialog
","Granskad filleverans. Endast färdiga, aktiva översättningar tas med; detta är inte ett påstående om separat registrerat radbeslut för varje oförändrad post.",project-context,dbb5060723b897aa45a53cf4,reviewed-file-delivery,https://github.com/yeager/translations/blob/67e6d27877c9cfd6b6dbc74bd852b10bdbe09c3c/AntiMicroX/gui-sv-reviewed-20260920.ts,22f0355841a3aff45068b5ff9c62c593486c1241c1d163f73b7d040bd90b9d5d,{}
91ac3a33caf5edee56e9c10d,NumPad,Numeriskt tangentbord,AntiMicroX,gui-sv-reviewed-20260920,"DPadEditDialog
","Granskad filleverans. Endast färdiga, aktiva översättningar tas med; detta är inte ett påstående om separat registrerat radbeslut för varje oförändrad post.",project-context,bb5a38d2e185a4f004718e3f,reviewed-file-delivery,https://github.com/yeager/translations/blob/67e6d27877c9cfd6b6dbc74bd852b10bdbe09c3c/AntiMicroX/gui-sv-reviewed-20260920.ts,22f0355841a3aff45068b5ff9c62c593486c1241c1d163f73b7d040bd90b9d5d,{}
92a7c2d6fea49ce1160177b0,Select Set 3 Two Way,Välj uppsättning 3 tvåvägs,AntiMicroX,gui-sv-reviewed-20260920,"AdvanceButtonDialog
","Granskad filleverans. Endast färdiga, aktiva översättningar tas med; detta är inte ett påstående om separat registrerat radbeslut för varje oförändrad post.",project-context,b2a058d1267f2eb2bde819a2,reviewed-file-delivery,https://github.com/yeager/translations/blob/67e6d27877c9cfd6b6dbc74bd852b10bdbe09c3c/AntiMicroX/gui-sv-reviewed-20260920.ts,22f0355841a3aff45068b5ff9c62c593486c1241c1d163f73b7d040bd90b9d5d,{}
9313ce79e08f05192121dfc5,Native Key Value:,Inbyggt tangentvärde:,AntiMicroX,gui-sv-reviewed-20260920,"QKeyDisplayDialog
","Granskad filleverans. Endast färdiga, aktiva översättningar tas med; detta är inte ett påstående om separat registrerat radbeslut för varje oförändrad post.",project-context,451afe3816d6e7aec3a7d122,reviewed-file-delivery,https://github.com/yeager/translations/blob/67e6d27877c9cfd6b6dbc74bd852b10bdbe09c3c/AntiMicroX/gui-sv-reviewed-20260920.ts,22f0355841a3aff45068b5ff9c62c593486c1241c1d163f73b7d040bd90b9d5d,{}
933c30fb151a6eee0ffc933c,Easing Cubic,Mjuk kubisk,AntiMicroX,gui-sv-reviewed-20260920,"MouseSettingsDialog
","Granskad filleverans. Endast färdiga, aktiva översättningar tas med; detta är inte ett påstående om separat registrerat radbeslut för varje oförändrad post.",project-context,948b8f1966e12b60d606d0ce,reviewed-file-delivery,https://github.com/yeager/translations/blob/67e6d27877c9cfd6b6dbc74bd852b10bdbe09c3c/AntiMicroX/gui-sv-reviewed-20260920.ts,22f0355841a3aff45068b5ff9c62c593486c1241c1d163f73b7d040bd90b9d5d,{}
933c717d8b66e0ec026b536c,Error,Fel,AntiMicroX,gui-sv-reviewed-20260920,"MainSettingsDialog
","Granskad filleverans. Endast färdiga, aktiva översättningar tas med; detta är inte ett påstående om separat registrerat radbeslut för varje oförändrad post.",project-context,e275ba77909c50e4d49de919,reviewed-file-delivery,https://github.com/yeager/translations/blob/67e6d27877c9cfd6b6dbc74bd852b10bdbe09c3c/AntiMicroX/gui-sv-reviewed-20260920.ts,22f0355841a3aff45068b5ff9c62c593486c1241c1d163f73b7d040bd90b9d5d,{}
937fa8d0d4e1787044240b22,Axes,Axlar,AntiMicroX,gui-sv-reviewed-20260920,"JoystickStatusWindow
","Granskad filleverans. Endast färdiga, aktiva översättningar tas med; detta är inte ett påstående om separat registrerat radbeslut för varje oförändrad post.",project-context,63c7028b73f60f764eee31f1,reviewed-file-delivery,https://github.com/yeager/translations/blob/67e6d27877c9cfd6b6dbc74bd852b10bdbe09c3c/AntiMicroX/gui-sv-reviewed-20260920.ts,22f0355841a3aff45068b5ff9c62c593486c1241c1d163f73b7d040bd90b9d5d,{}
93cf9d30ecfdf1210c381dbe,DPad Down,Riktningsplatta ned,AntiMicroX,gui-sv-reviewed-20260920,"GameControllerMappingDialog
","Granskad filleverans. Endast färdiga, aktiva översättningar tas med; detta är inte ett påstående om separat registrerat radbeslut för varje oförändrad post.",project-context,01ef1ab42e13feecf155d6c9,reviewed-file-delivery,https://github.com/yeager/translations/blob/67e6d27877c9cfd6b6dbc74bd852b10bdbe09c3c/AntiMicroX/gui-sv-reviewed-20260920.ts,22f0355841a3aff45068b5ff9c62c593486c1241c1d163f73b7d040bd90b9d5d,{}
94473e8abeaf603863a75156,Arrows,Piltangenter,AntiMicroX,gui-sv-reviewed-20260920,"JoyControlStickEditDialog
","Granskad filleverans. Endast färdiga, aktiva översättningar tas med; detta är inte ett påstående om separat registrerat radbeslut för varje oförändrad post.",project-context,f717c4f1abbd317b9520f913,reviewed-file-delivery,https://github.com/yeager/translations/blob/67e6d27877c9cfd6b6dbc74bd852b10bdbe09c3c/AntiMicroX/gui-sv-reviewed-20260920.ts,22f0355841a3aff45068b5ff9c62c593486c1241c1d163f73b7d040bd90b9d5d,{}
9537bf7adfc9f7b01740fede,Alt_R,Höger Alt,AntiMicroX,gui-sv-reviewed-20260920,"UInputHelper
","Granskad filleverans. Endast färdiga, aktiva översättningar tas med; detta är inte ett påstående om separat registrerat radbeslut för varje oförändrad post.",project-context,bb56eec30883e5c7f8ba4981,reviewed-file-delivery,https://github.com/yeager/translations/blob/67e6d27877c9cfd6b6dbc74bd852b10bdbe09c3c/AntiMicroX/gui-sv-reviewed-20260920.ts,22f0355841a3aff45068b5ff9c62c593486c1241c1d163f73b7d040bd90b9d5d,{}
9571dc4abae6dedd9a686c16,Smoothing,Utjämning,AntiMicroX,gui-sv-reviewed-20260920,"MainSettingsDialog
","Granskad filleverans. Endast färdiga, aktiva översättningar tas med; detta är inte ett påstående om separat registrerat radbeslut för varje oförändrad post.",project-context,bd1954ac9f29054cc1ebea38,reviewed-file-delivery,https://github.com/yeager/translations/blob/67e6d27877c9cfd6b6dbc74bd852b10bdbe09c3c/AntiMicroX/gui-sv-reviewed-20260920.ts,22f0355841a3aff45068b5ff9c62c593486c1241c1d163f73b7d040bd90b9d5d,{}
961719be85543f449dfcc773,Tab,Tabb,AntiMicroX,gui-sv-reviewed-20260920,"UInputHelper
","Granskad filleverans. Endast färdiga, aktiva översättningar tas med; detta är inte ett påstående om separat registrerat radbeslut för varje oförändrad post.",project-context,c1d23e6f758c9d6c1d9f9514,reviewed-file-delivery,https://github.com/yeager/translations/blob/67e6d27877c9cfd6b6dbc74bd852b10bdbe09c3c/AntiMicroX/gui-sv-reviewed-20260920.ts,22f0355841a3aff45068b5ff9c62c593486c1241c1d163f73b7d040bd90b9d5d,{}
97179b0fc3591cd71d2229e4,Français,Franska,AntiMicroX,gui-sv-reviewed-20260920,"MainSettingsDialog
","Granskad filleverans. Endast färdiga, aktiva översättningar tas med; detta är inte ett påstående om separat registrerat radbeslut för varje oförändrad post.",project-context,227eb06aac5f8f2cb45b3ba0,reviewed-file-delivery,https://github.com/yeager/translations/blob/67e6d27877c9cfd6b6dbc74bd852b10bdbe09c3c/AntiMicroX/gui-sv-reviewed-20260920.ts,22f0355841a3aff45068b5ff9c62c593486c1241c1d163f73b7d040bd90b9d5d,{}
976d4142c6b8c5a590cca7c7,Key Checker,Tangentkontroll,AntiMicroX,gui-sv-reviewed-20260920,"QKeyDisplayDialog
","Granskad filleverans. Endast färdiga, aktiva översättningar tas med; detta är inte ett påstående om separat registrerat radbeslut för varje oförändrad post.",project-context,8e5a19352aa82e4b3cb61c88,reviewed-file-delivery,https://github.com/yeager/translations/blob/67e6d27877c9cfd6b6dbc74bd852b10bdbe09c3c/AntiMicroX/gui-sv-reviewed-20260920.ts,22f0355841a3aff45068b5ff9c62c593486c1241c1d163f73b7d040bd90b9d5d,{}
978e1bb18d076f50ab871996,Hold,Håll,AntiMicroX,gui-sv-reviewed-20260920,"AdvanceButtonDialog
","Granskad filleverans. Endast färdiga, aktiva översättningar tas med; detta är inte ett påstående om separat registrerat radbeslut för varje oförändrad post.",project-context,1a30a639ac45587ba4aabbab,reviewed-file-delivery,https://github.com/yeager/translations/blob/67e6d27877c9cfd6b6dbc74bd852b10bdbe09c3c/AntiMicroX/gui-sv-reviewed-20260920.ts,22f0355841a3aff45068b5ff9c62c593486c1241c1d163f73b7d040bd90b9d5d,{}
9790ea035b19d7b6872f4c38,Set 5,Uppsättning 5,AntiMicroX,gui-sv-reviewed-20260920,"SetNamesDialog
","Granskad filleverans. Endast färdiga, aktiva översättningar tas med; detta är inte ett påstående om separat registrerat radbeslut för varje oförändrad post.",project-context,7ffef176a4d2d19b9eb1b0c9,reviewed-file-delivery,https://github.com/yeager/translations/blob/67e6d27877c9cfd6b6dbc74bd852b10bdbe09c3c/AntiMicroX/gui-sv-reviewed-20260920.ts,22f0355841a3aff45068b5ff9c62c593486c1241c1d163f73b7d040bd90b9d5d,{}
97e7083e6d33d2b09250efdf,Virtual DPad 1,Virtuell riktningsplatta 1,AntiMicroX,gui-sv-reviewed-20260920,"AdvanceStickAssignmentDialog
","Granskad filleverans. Endast färdiga, aktiva översättningar tas med; detta är inte ett påstående om separat registrerat radbeslut för varje oförändrad post.",project-context,3b48b644e6a5c1676ae5117e,reviewed-file-delivery,https://github.com/yeager/translations/blob/67e6d27877c9cfd6b6dbc74bd852b10bdbe09c3c/AntiMicroX/gui-sv-reviewed-20260920.ts,22f0355841a3aff45068b5ff9c62c593486c1241c1d163f73b7d040bd90b9d5d,{}
97f69585bc8234237f8d38c5,Left Mouse Button,Vänster musknapp,AntiMicroX,gui-sv-reviewed-20260920,"JoyAxisContextMenu
","Granskad filleverans. Endast färdiga, aktiva översättningar tas med; detta är inte ett påstående om separat registrerat radbeslut för varje oförändrad post.",project-context,e13abf46db2ea6002d66c622,reviewed-file-delivery,https://github.com/yeager/translations/blob/67e6d27877c9cfd6b6dbc74bd852b10bdbe09c3c/AntiMicroX/gui-sv-reviewed-20260920.ts,22f0355841a3aff45068b5ff9c62c593486c1241c1d163f73b7d040bd90b9d5d,{}
98fd91aa8d3d39553100c1b7,Detect Window Properties,Upptäck fönsteregenskaper,AntiMicroX,gui-sv-reviewed-20260920,"AddEditAutoProfileDialog
","Granskad filleverans. Endast färdiga, aktiva översättningar tas med; detta är inte ett påstående om separat registrerat radbeslut för varje oförändrad post.",project-context,3a752875d52a31c9abf01a33,reviewed-file-delivery,https://github.com/yeager/translations/blob/67e6d27877c9cfd6b6dbc74bd852b10bdbe09c3c/AntiMicroX/gui-sv-reviewed-20260920.ts,22f0355841a3aff45068b5ff9c62c593486c1241c1d163f73b7d040bd90b9d5d,{}
99ec4100a90725917c7e4092,Rigid,Fast,AntiMicroX,gui-sv-reviewed-20260920,"AxisEditDialog
","Granskad filleverans. Endast färdiga, aktiva översättningar tas med; detta är inte ett påstående om separat registrerat radbeslut för varje oförändrad post.",project-context,e32cb219a6420d5630dfca7e,reviewed-file-delivery,https://github.com/yeager/translations/blob/67e6d27877c9cfd6b6dbc74bd852b10bdbe09c3c/AntiMicroX/gui-sv-reviewed-20260920.ts,22f0355841a3aff45068b5ff9c62c593486c1241c1d163f73b7d040bd90b9d5d,{}
9a012c9b7444543dfe7c94e7,Media Stop,Stoppa media,AntiMicroX,gui-sv-reviewed-20260920,"VirtualKeyboardMouseWidget
","Granskad filleverans. Endast färdiga, aktiva översättningar tas med; detta är inte ett påstående om separat registrerat radbeslut för varje oförändrad post.",project-context,7701deb8e828fb047cf47f89,reviewed-file-delivery,https://github.com/yeager/translations/blob/67e6d27877c9cfd6b6dbc74bd852b10bdbe09c3c/AntiMicroX/gui-sv-reviewed-20260920.ts,22f0355841a3aff45068b5ff9c62c593486c1241c1d163f73b7d040bd90b9d5d,{}
9a1af8915ef84eff06d2e782,Only mix slots,Endast mixningsplatser,AntiMicroX,gui-sv-reviewed-20260920,"AdvanceButtonDialog
","Granskad filleverans. Endast färdiga, aktiva översättningar tas med; detta är inte ett påstående om separat registrerat radbeslut för varje oförändrad post.",project-context,104e15e81410f35331d03f94,reviewed-file-delivery,https://github.com/yeager/translations/blob/67e6d27877c9cfd6b6dbc74bd852b10bdbe09c3c/AntiMicroX/gui-sv-reviewed-20260920.ts,22f0355841a3aff45068b5ff9c62c593486c1241c1d163f73b7d040bd90b9d5d,{}
9a7630db64b24618b3c7fb8a,Save As,Spara som,AntiMicroX,gui-sv-reviewed-20260920,"JoyTabWidget
","Granskad filleverans. Endast färdiga, aktiva översättningar tas med; detta är inte ett påstående om separat registrerat radbeslut för varje oförändrad post.",project-context,d6a82464a116e326b81d18fd,reviewed-file-delivery,https://github.com/yeager/translations/blob/67e6d27877c9cfd6b6dbc74bd852b10bdbe09c3c/AntiMicroX/gui-sv-reviewed-20260920.ts,22f0355841a3aff45068b5ff9c62c593486c1241c1d163f73b7d040bd90b9d5d,{}
9a8171a7db913103c788f37d,Set 1,Uppsättning 1,AntiMicroX,gui-sv-reviewed-20260920,"SetNamesDialog
","Granskad filleverans. Endast färdiga, aktiva översättningar tas med; detta är inte ett påstående om separat registrerat radbeslut för varje oförändrad post.",project-context,99a9a49166946df4d0d15809,reviewed-file-delivery,https://github.com/yeager/translations/blob/67e6d27877c9cfd6b6dbc74bd852b10bdbe09c3c/AntiMicroX/gui-sv-reviewed-20260920.ts,22f0355841a3aff45068b5ff9c62c593486c1241c1d163f73b7d040bd90b9d5d,{}
9a953448862e78153ee5a8dc,Game Controller:,Handkontroll:,AntiMicroX,gui-sv-reviewed-20260920,"JoystickStatusWindow
","Granskad filleverans. Endast färdiga, aktiva översättningar tas med; detta är inte ett påstående om separat registrerat radbeslut för varje oförändrad post.",project-context,20310ab43f5c5023a2a53cd0,reviewed-file-delivery,https://github.com/yeager/translations/blob/67e6d27877c9cfd6b6dbc74bd852b10bdbe09c3c/AntiMicroX/gui-sv-reviewed-20260920.ts,22f0355841a3aff45068b5ff9c62c593486c1241c1d163f73b7d040bd90b9d5d,{}
9ae0ea21c27e4b4415e0adb7,Shock,Stöt,AntiMicroX,gui-sv-reviewed-20260920,"JoyAccelerometerButton
","Granskad filleverans. Endast färdiga, aktiva översättningar tas med; detta är inte ett påstående om separat registrerat radbeslut för varje oförändrad post.",project-context,c43f76cf1417e53fdf16787f,reviewed-file-delivery,https://github.com/yeager/translations/blob/67e6d27877c9cfd6b6dbc74bd852b10bdbe09c3c/AntiMicroX/gui-sv-reviewed-20260920.ts,22f0355841a3aff45068b5ff9c62c593486c1241c1d163f73b7d040bd90b9d5d,{}
9b64df26b31be8a60789f908,Choose Executable,Välj körbar fil,AntiMicroX,gui-sv-reviewed-20260920,"AdvanceButtonDialog
","Granskad filleverans. Endast färdiga, aktiva översättningar tas med; detta är inte ett påstående om separat registrerat radbeslut för varje oförändrad post.",project-context,a6b9ee11afde87122cf90cb1,reviewed-file-delivery,https://github.com/yeager/translations/blob/67e6d27877c9cfd6b6dbc74bd852b10bdbe09c3c/AntiMicroX/gui-sv-reviewed-20260920.ts,22f0355841a3aff45068b5ff9c62c593486c1241c1d163f73b7d040bd90b9d5d,{}
9b8f32efb1c449b65ce9047a,&GitHub Page,&GitHub-sida,AntiMicroX,gui-sv-reviewed-20260920,"MainWindow
","Granskad filleverans. Endast färdiga, aktiva översättningar tas med; detta är inte ett påstående om separat registrerat radbeslut för varje oförändrad post.",project-context,a4949aeee02517c2256b7426,reviewed-file-delivery,https://github.com/yeager/translations/blob/67e6d27877c9cfd6b6dbc74bd852b10bdbe09c3c/AntiMicroX/gui-sv-reviewed-20260920.ts,22f0355841a3aff45068b5ff9c62c593486c1241c1d163f73b7d040bd90b9d5d,{}
9bed20934bc27b1cc5e2d137,Keyboard,Tangentbord,AntiMicroX,gui-sv-reviewed-20260920,"VirtualKeyboardMouseWidget
","Granskad filleverans. Endast färdiga, aktiva översättningar tas med; detta är inte ett påstående om separat registrerat radbeslut för varje oförändrad post.",project-context,3d4f8a860632951615d27e2e,reviewed-file-delivery,https://github.com/yeager/translations/blob/67e6d27877c9cfd6b6dbc74bd852b10bdbe09c3c/AntiMicroX/gui-sv-reviewed-20260920.ts,22f0355841a3aff45068b5ff9c62c593486c1241c1d163f73b7d040bd90b9d5d,{}
9c0d49205bc017227847122b,Mouse (Inverted Vertical),Mus (omvänd vertikal),AntiMicroX,gui-sv-reviewed-20260920,"JoyControlStickEditDialog
","Granskad filleverans. Endast färdiga, aktiva översättningar tas med; detta är inte ett påstående om separat registrerat radbeslut för varje oförändrad post.",project-context,3f91e9719fe2e846c5536620,reviewed-file-delivery,https://github.com/yeager/translations/blob/67e6d27877c9cfd6b6dbc74bd852b10bdbe09c3c/AntiMicroX/gui-sv-reviewed-20260920.ts,22f0355841a3aff45068b5ff9c62c593486c1241c1d163f73b7d040bd90b9d5d,{}
9c23b9caded12341e0934869,DPad,Riktningsplatta,AntiMicroX,gui-sv-reviewed-20260920,"JoyDPad
","Granskad filleverans. Endast färdiga, aktiva översättningar tas med; detta är inte ett påstående om separat registrerat radbeslut för varje oförändrad post.",project-context,cf00ca39c3ecbd588d302dfc,reviewed-file-delivery,https://github.com/yeager/translations/blob/67e6d27877c9cfd6b6dbc74bd852b10bdbe09c3c/AntiMicroX/gui-sv-reviewed-20260920.ts,22f0355841a3aff45068b5ff9c62c593486c1241c1d163f73b7d040bd90b9d5d,{}
9c4085df647cea37c2ffa9ce,Browser Search,Sök i webbläsaren,AntiMicroX,gui-sv-reviewed-20260920,"VirtualKeyboardMouseWidget
","Granskad filleverans. Endast färdiga, aktiva översättningar tas med; detta är inte ett påstående om separat registrerat radbeslut för varje oförändrad post.",project-context,7f477bc4428f14a62a26bec0,reviewed-file-delivery,https://github.com/yeager/translations/blob/67e6d27877c9cfd6b6dbc74bd852b10bdbe09c3c/AntiMicroX/gui-sv-reviewed-20260920.ts,22f0355841a3aff45068b5ff9c62c593486c1241c1d163f73b7d040bd90b9d5d,{}
9d73cb1e3588e3380b2db38f,Set 2,Uppsättning 2,AntiMicroX,gui-sv-reviewed-20260920,"JoyTabWidget
","Granskad filleverans. Endast färdiga, aktiva översättningar tas med; detta är inte ett påstående om separat registrerat radbeslut för varje oförändrad post.",project-context,c8549785804cae53a52d8b7d,reviewed-file-delivery,https://github.com/yeager/translations/blob/67e6d27877c9cfd6b6dbc74bd852b10bdbe09c3c/AntiMicroX/gui-sv-reviewed-20260920.ts,22f0355841a3aff45068b5ff9c62c593486c1241c1d163f73b7d040bd90b9d5d,{}
9dcc8012a817db7f69681103,Trigger,Avtryckare,AntiMicroX,gui-sv-reviewed-20260920,"GameControllerTrigger
","Granskad filleverans. Endast färdiga, aktiva översättningar tas med; detta är inte ett påstående om separat registrerat radbeslut för varje oförändrad post.",project-context,3fbf23bb2169c2c3a7ca1265,reviewed-file-delivery,https://github.com/yeager/translations/blob/67e6d27877c9cfd6b6dbc74bd852b10bdbe09c3c/AntiMicroX/gui-sv-reviewed-20260920.ts,22f0355841a3aff45068b5ff9c62c593486c1241c1d163f73b7d040bd90b9d5d,{}
9e00d89e507cb5c7689c5a65,Left,Vänster,AntiMicroX,gui-sv-reviewed-20260920,"JoyDPadButton
","Granskad filleverans. Endast färdiga, aktiva översättningar tas med; detta är inte ett påstående om separat registrerat radbeslut för varje oförändrad post.",project-context,a2081f5db401a046458795fe,reviewed-file-delivery,https://github.com/yeager/translations/blob/67e6d27877c9cfd6b6dbc74bd852b10bdbe09c3c/AntiMicroX/gui-sv-reviewed-20260920.ts,22f0355841a3aff45068b5ff9c62c593486c1241c1d163f73b7d040bd90b9d5d,{}
9e5be96e2b57876e1b586687,AntiMicro Profile,AntiMicro-profil,AntiMicroX,gui-sv-reviewed-20260920,"WinExtras
","Granskad filleverans. Endast färdiga, aktiva översättningar tas med; detta är inte ett påstående om separat registrerat radbeslut för varje oförändrad post.",project-context,b86da7e7af19b4bd549aa830,reviewed-file-delivery,https://github.com/yeager/translations/blob/67e6d27877c9cfd6b6dbc74bd852b10bdbe09c3c/AntiMicroX/gui-sv-reviewed-20260920.ts,22f0355841a3aff45068b5ff9c62c593486c1241c1d163f73b7d040bd90b9d5d,{}
9e685e58e4ad03e72e73c9d6,Disable?,Inaktivera?,AntiMicroX,gui-sv-reviewed-20260920,"MainSettingsDialog
","Granskad filleverans. Endast färdiga, aktiva översättningar tas med; detta är inte ett påstående om separat registrerat radbeslut för varje oförändrad post.",project-context,5c5cd0c98e15ec91864955e9,reviewed-file-delivery,https://github.com/yeager/translations/blob/67e6d27877c9cfd6b6dbc74bd852b10bdbe09c3c/AntiMicroX/gui-sv-reviewed-20260920.ts,22f0355841a3aff45068b5ff9c62c593486c1241c1d163f73b7d040bd90b9d5d,{}
9e73bf4de4854175c3c33529,Button,Knapp,AntiMicroX,gui-sv-reviewed-20260920,"JoyAxisButton
","Granskad filleverans. Endast färdiga, aktiva översättningar tas med; detta är inte ett påstående om separat registrerat radbeslut för varje oförändrad post.",project-context,e74c093b8326254d24dbd1a9,reviewed-file-delivery,https://github.com/yeager/translations/blob/67e6d27877c9cfd6b6dbc74bd852b10bdbe09c3c/AntiMicroX/gui-sv-reviewed-20260920.ts,22f0355841a3aff45068b5ff9c62c593486c1241c1d163f73b7d040bd90b9d5d,{}
9e9dfd8afd3902cb380cdb2c,Information About Window,Information om fönstret,AntiMicroX,gui-sv-reviewed-20260920,"CapturedWindowInfoDialog
","Granskad filleverans. Endast färdiga, aktiva översättningar tas med; detta är inte ett påstående om separat registrerat radbeslut för varje oförändrad post.",project-context,53475aa3b30e32ac13ac029a,reviewed-file-delivery,https://github.com/yeager/translations/blob/67e6d27877c9cfd6b6dbc74bd852b10bdbe09c3c/AntiMicroX/gui-sv-reviewed-20260920.ts,22f0355841a3aff45068b5ff9c62c593486c1241c1d163f73b7d040bd90b9d5d,{}
9eaf36751158c89b1ff7d7d0,Ease Out Quad,Mjuk kvadratisk uttoning,AntiMicroX,gui-sv-reviewed-20260920,"MouseSettingsDialog
","Granskad filleverans. Endast färdiga, aktiva översättningar tas med; detta är inte ett påstående om separat registrerat radbeslut för varje oförändrad post.",project-context,9e579a3e26f5cb6434f563ff,reviewed-file-delivery,https://github.com/yeager/translations/blob/67e6d27877c9cfd6b6dbc74bd852b10bdbe09c3c/AntiMicroX/gui-sv-reviewed-20260920.ts,22f0355841a3aff45068b5ff9c62c593486c1241c1d163f73b7d040bd90b9d5d,{}
9ff79d40884cdea1cb45e4e1,Current Axis Detection Dead Zone:,Aktuell identifieringsdödzon för axel:,AntiMicroX,gui-sv-reviewed-20260920,"GameControllerMappingDialog
","Granskad filleverans. Endast färdiga, aktiva översättningar tas med; detta är inte ett påstående om separat registrerat radbeslut för varje oförändrad post.",project-context,198d88b24ab791c787933973,reviewed-file-delivery,https://github.com/yeager/translations/blob/67e6d27877c9cfd6b6dbc74bd852b10bdbe09c3c/AntiMicroX/gui-sv-reviewed-20260920.ts,22f0355841a3aff45068b5ff9c62c593486c1241c1d163f73b7d040bd90b9d5d,{}
a005f9dd710927e4150e9802,Shift (R),Skift (H),AntiMicroX,gui-sv-reviewed-20260920,"VirtualKeyPushButton
","Granskad filleverans. Endast färdiga, aktiva översättningar tas med; detta är inte ett påstående om separat registrerat radbeslut för varje oförändrad post.",project-context,7ae06c5d6aecad86d93b5d03,reviewed-file-delivery,https://github.com/yeager/translations/blob/67e6d27877c9cfd6b6dbc74bd852b10bdbe09c3c/AntiMicroX/gui-sv-reviewed-20260920.ts,22f0355841a3aff45068b5ff9c62c593486c1241c1d163f73b7d040bd90b9d5d,{}
a097e6600251638de565dcec,location,plats,AntiMicroX,gui-sv-reviewed-20260920,"main
","Granskad filleverans. Endast färdiga, aktiva översättningar tas med; detta är inte ett påstående om separat registrerat radbeslut för varje oförändrad post.",project-context,d7947b6a02375a7486356986,reviewed-file-delivery,https://github.com/yeager/translations/blob/67e6d27877c9cfd6b6dbc74bd852b10bdbe09c3c/AntiMicroX/gui-sv-reviewed-20260920.ts,22f0355841a3aff45068b5ff9c62c593486c1241c1d163f73b7d040bd90b9d5d,{}
a0e451f7f28351bda8edf017,Mouse Settings,Musinställningar,AntiMicroX,gui-sv-reviewed-20260920,"DPadEditDialog
","Granskad filleverans. Endast färdiga, aktiva översättningar tas med; detta är inte ett påstående om separat registrerat radbeslut för varje oförändrad post.",project-context,47d9701bc88306218177d008,reviewed-file-delivery,https://github.com/yeager/translations/blob/67e6d27877c9cfd6b6dbc74bd852b10bdbe09c3c/AntiMicroX/gui-sv-reviewed-20260920.ts,22f0355841a3aff45068b5ff9c62c593486c1241c1d163f73b7d040bd90b9d5d,{}
a0e9e1258832d57762e8fb17,Set 2,Uppsättning 2,AntiMicroX,gui-sv-reviewed-20260920,"SetNamesDialog
","Granskad filleverans. Endast färdiga, aktiva översättningar tas med; detta är inte ett påstående om separat registrerat radbeslut för varje oförändrad post.",project-context,fef61f75a981eaf25b57a4a4,reviewed-file-delivery,https://github.com/yeager/translations/blob/67e6d27877c9cfd6b6dbc74bd852b10bdbe09c3c/AntiMicroX/gui-sv-reviewed-20260920.ts,22f0355841a3aff45068b5ff9c62c593486c1241c1d163f73b7d040bd90b9d5d,{}
a12bf5be8324ae25c72cf37f,Accel Denominator:,Accelerationsnämnare:,AntiMicroX,gui-sv-reviewed-20260920,"MainSettingsDialog
","Granskad filleverans. Endast färdiga, aktiva översättningar tas med; detta är inte ett påstående om separat registrerat radbeslut för varje oförändrad post.",project-context,e82aafef09f55693db031d6e,reviewed-file-delivery,https://github.com/yeager/translations/blob/67e6d27877c9cfd6b6dbc74bd852b10bdbe09c3c/AntiMicroX/gui-sv-reviewed-20260920.ts,22f0355841a3aff45068b5ff9c62c593486c1241c1d163f73b7d040bd90b9d5d,{}
a16fc77484ef5d8a451f66c9,Release,Släpp,AntiMicroX,gui-sv-reviewed-20260920,"JoyButtonSlot
","Granskad filleverans. Endast färdiga, aktiva översättningar tas med; detta är inte ett påstående om separat registrerat radbeslut för varje oförändrad post.",project-context,f853481d4d72fed309f7c040,reviewed-file-delivery,https://github.com/yeager/translations/blob/67e6d27877c9cfd6b6dbc74bd852b10bdbe09c3c/AntiMicroX/gui-sv-reviewed-20260920.ts,22f0355841a3aff45068b5ff9c62c593486c1241c1d163f73b7d040bd90b9d5d,{}
a22d06f40432629bbc4cbe59,Key Repeat,Tangentrepetition,AntiMicroX,gui-sv-reviewed-20260920,"MainSettingsDialog
","Granskad filleverans. Endast färdiga, aktiva översättningar tas med; detta är inte ett påstående om separat registrerat radbeslut för varje oförändrad post.",project-context,457ef7a5918ae5c83078f3ef,reviewed-file-delivery,https://github.com/yeager/translations/blob/67e6d27877c9cfd6b6dbc74bd852b10bdbe09c3c/AntiMicroX/gui-sv-reviewed-20260920.ts,22f0355841a3aff45068b5ff9c62c593486c1241c1d163f73b7d040bd90b9d5d,{}
a2db8e187a7689d074c32f06,Title,Titel,AntiMicroX,gui-sv-reviewed-20260920,"CapturedWindowInfoDialog
","Granskad filleverans. Endast färdiga, aktiva översättningar tas med; detta är inte ett påstående om separat registrerat radbeslut för varje oförändrad post.",project-context,c857734146e2602a75853010,reviewed-file-delivery,https://github.com/yeager/translations/blob/67e6d27877c9cfd6b6dbc74bd852b10bdbe09c3c/AntiMicroX/gui-sv-reviewed-20260920.ts,22f0355841a3aff45068b5ff9c62c593486c1241c1d163f73b7d040bd90b9d5d,{}
a33f58601b901f4cbaf1af77,Save changes to configuration file.,Spara ändringarna i konfigurationsfilen.,AntiMicroX,gui-sv-reviewed-20260920,"JoyTabWidget
","Granskad filleverans. Endast färdiga, aktiva översättningar tas med; detta är inte ett påstående om separat registrerat radbeslut för varje oförändrad post.",project-context,7428476ea84e838541fbf15f,reviewed-file-delivery,https://github.com/yeager/translations/blob/67e6d27877c9cfd6b6dbc74bd852b10bdbe09c3c/AntiMicroX/gui-sv-reviewed-20260920.ts,22f0355841a3aff45068b5ff9c62c593486c1241c1d163f73b7d040bd90b9d5d,{}
a34a31fb4ff03ee5a748e82b,Prev,Föregående,AntiMicroX,gui-sv-reviewed-20260920,"QObject
","Granskad filleverans. Endast färdiga, aktiva översättningar tas med; detta är inte ett påstående om separat registrerat radbeslut för varje oförändrad post.",project-context,05abe56ef9a4a226fd91120e,reviewed-file-delivery,https://github.com/yeager/translations/blob/67e6d27877c9cfd6b6dbc74bd852b10bdbe09c3c/AntiMicroX/gui-sv-reviewed-20260920.ts,22f0355841a3aff45068b5ff9c62c593486c1241c1d163f73b7d040bd90b9d5d,{}
a39b0f20c7a26bc026a42552,Enabled,Aktiverad,AntiMicroX,gui-sv-reviewed-20260920,"AdvanceStickAssignmentDialog
","Granskad filleverans. Endast färdiga, aktiva översättningar tas med; detta är inte ett påstående om separat registrerat radbeslut för varje oförändrad post.",project-context,52c1bc1b86bb36a191a7ae7b,reviewed-file-delivery,https://github.com/yeager/translations/blob/67e6d27877c9cfd6b6dbc74bd852b10bdbe09c3c/AntiMicroX/gui-sv-reviewed-20260920.ts,22f0355841a3aff45068b5ff9c62c593486c1241c1d163f73b7d040bd90b9d5d,{}
a3c3399791a34f691cd5b278,No set number was specified.,Inget uppsättningsnummer angavs.,AntiMicroX,gui-sv-reviewed-20260920,"QObject
","Granskad filleverans. Endast färdiga, aktiva översättningar tas med; detta är inte ett påstående om separat registrerat radbeslut för varje oförändrad post.",project-context,5c4b60eb1dfeff3cd9cc0092,reviewed-file-delivery,https://github.com/yeager/translations/blob/67e6d27877c9cfd6b6dbc74bd852b10bdbe09c3c/AntiMicroX/gui-sv-reviewed-20260920.ts,22f0355841a3aff45068b5ff9c62c593486c1241c1d163f73b7d040bd90b9d5d,{}
a4954714ab236844ac02008a,Space,Mellanslag,AntiMicroX,gui-sv-reviewed-20260920,"X11Extras
","Granskad filleverans. Endast färdiga, aktiva översättningar tas med; detta är inte ett påstående om separat registrerat radbeslut för varje oförändrad post.",project-context,4396b9d99dbb253c7c17a3e3,reviewed-file-delivery,https://github.com/yeager/translations/blob/67e6d27877c9cfd6b6dbc74bd852b10bdbe09c3c/AntiMicroX/gui-sv-reviewed-20260920.ts,22f0355841a3aff45068b5ff9c62c593486c1241c1d163f73b7d040bd90b9d5d,{}
a4d60406f6daf0d14cc9aa49,Backspace,Backsteg,AntiMicroX,gui-sv-reviewed-20260920,"X11Extras
","Granskad filleverans. Endast färdiga, aktiva översättningar tas med; detta är inte ett påstående om separat registrerat radbeslut för varje oförändrad post.",project-context,33209cf995a02d4a9597476d,reviewed-file-delivery,https://github.com/yeager/translations/blob/67e6d27877c9cfd6b6dbc74bd852b10bdbe09c3c/AntiMicroX/gui-sv-reviewed-20260920.ts,22f0355841a3aff45068b5ff9c62c593486c1241c1d163f73b7d040bd90b9d5d,{}
a4f59c62169f964c9993c57c,Mouse (Inverted Horizontal),Mus (omvänd horisontell),AntiMicroX,gui-sv-reviewed-20260920,"JoyControlStickEditDialog
","Granskad filleverans. Endast färdiga, aktiva översättningar tas med; detta är inte ett påstående om separat registrerat radbeslut för varje oförändrad post.",project-context,4b4b96bef2394c0d4589d5e4,reviewed-file-delivery,https://github.com/yeager/translations/blob/67e6d27877c9cfd6b6dbc74bd852b10bdbe09c3c/AntiMicroX/gui-sv-reviewed-20260920.ts,22f0355841a3aff45068b5ff9c62c593486c1241c1d163f73b7d040bd90b9d5d,{}
a501ef1fe5815209e75c6636,Reset,Återställ,AntiMicroX,gui-sv-reviewed-20260920,"MainSettingsDialog
","Granskad filleverans. Endast färdiga, aktiva översättningar tas med; detta är inte ett påstående om separat registrerat radbeslut för varje oförändrad post.",project-context,696be5f630e18ac5447c57f0,reviewed-file-delivery,https://github.com/yeager/translations/blob/67e6d27877c9cfd6b6dbc74bd852b10bdbe09c3c/AntiMicroX/gui-sv-reviewed-20260920.ts,22f0355841a3aff45068b5ff9c62c593486c1241c1d163f73b7d040bd90b9d5d,{}
a53192308ce882a739448662,[NO KEY],[INGEN TANGENT],AntiMicroX,gui-sv-reviewed-20260920,"AxisEditDialog
","Granskad filleverans. Endast färdiga, aktiva översättningar tas med; detta är inte ett påstående om separat registrerat radbeslut för varje oförändrad post.",project-context,03b2e0566a2f022c22cfb13d,reviewed-file-delivery,https://github.com/yeager/translations/blob/67e6d27877c9cfd6b6dbc74bd852b10bdbe09c3c/AntiMicroX/gui-sv-reviewed-20260920.ts,22f0355841a3aff45068b5ff9c62c593486c1241c1d163f73b7d040bd90b9d5d,{}
a56d1b11a61301f26114083c,Calibrating stick,Kalibrerar spaken,AntiMicroX,gui-sv-reviewed-20260920,"Calibration
","Granskad filleverans. Endast färdiga, aktiva översättningar tas med; detta är inte ett påstående om separat registrerat radbeslut för varje oförändrad post.",project-context,2f93f410b81325c37cbe68c5,reviewed-file-delivery,https://github.com/yeager/translations/blob/67e6d27877c9cfd6b6dbc74bd852b10bdbe09c3c/AntiMicroX/gui-sv-reviewed-20260920.ts,22f0355841a3aff45068b5ff9c62c593486c1241c1d163f73b7d040bd90b9d5d,{}
a5991ff3fec13f907216bc15,Join,Sammanfoga,AntiMicroX,gui-sv-reviewed-20260920,"AdvanceButtonDialog
","Granskad filleverans. Endast färdiga, aktiva översättningar tas med; detta är inte ett påstående om separat registrerat radbeslut för varje oförändrad post.",project-context,db9637f83af84ac41d60f698,reviewed-file-delivery,https://github.com/yeager/translations/blob/67e6d27877c9cfd6b6dbc74bd852b10bdbe09c3c/AntiMicroX/gui-sv-reviewed-20260920.ts,22f0355841a3aff45068b5ff9c62c593486c1241c1d163f73b7d040bd90b9d5d,{}
a5ea590dfd7d523df6b9830f,Back,Tillbaka,AntiMicroX,gui-sv-reviewed-20260920,"GameControllerSet
","Granskad filleverans. Endast färdiga, aktiva översättningar tas med; detta är inte ett påstående om separat registrerat radbeslut för varje oförändrad post.",project-context,9ffc029935d3b5172102f933,reviewed-file-delivery,https://github.com/yeager/translations/blob/67e6d27877c9cfd6b6dbc74bd852b10bdbe09c3c/AntiMicroX/gui-sv-reviewed-20260920.ts,22f0355841a3aff45068b5ff9c62c593486c1241c1d163f73b7d040bd90b9d5d,{}
a5f3908f2996714a9c9c7a0d,Browser Favorites,Webbläsarfavoriter,AntiMicroX,gui-sv-reviewed-20260920,"VirtualKeyboardMouseWidget
","Granskad filleverans. Endast färdiga, aktiva översättningar tas med; detta är inte ett påstående om separat registrerat radbeslut för varje oförändrad post.",project-context,359ca757d1ab70fb2516e7f7,reviewed-file-delivery,https://github.com/yeager/translations/blob/67e6d27877c9cfd6b6dbc74bd852b10bdbe09c3c/AntiMicroX/gui-sv-reviewed-20260920.ts,22f0355841a3aff45068b5ff9c62c593486c1241c1d163f73b7d040bd90b9d5d,{}
a624ac3198bba30e13f73019,Right Mouse Button,Höger musknapp,AntiMicroX,gui-sv-reviewed-20260920,"JoyAxisContextMenu
","Granskad filleverans. Endast färdiga, aktiva översättningar tas med; detta är inte ett påstående om separat registrerat radbeslut för varje oförändrad post.",project-context,885e184556bfaa491baa99cf,reviewed-file-delivery,https://github.com/yeager/translations/blob/67e6d27877c9cfd6b6dbc74bd852b10bdbe09c3c/AntiMicroX/gui-sv-reviewed-20260920.ts,22f0355841a3aff45068b5ff9c62c593486c1241c1d163f73b7d040bd90b9d5d,{}
a631179179a07cb58d8bbb49,Browser Refresh,Uppdatera webbläsaren,AntiMicroX,gui-sv-reviewed-20260920,"VirtualKeyboardMouseWidget
","Granskad filleverans. Endast färdiga, aktiva översättningar tas med; detta är inte ett påstående om separat registrerat radbeslut för varje oförändrad post.",project-context,8f4dafe3b78c00158ef83f42,reviewed-file-delivery,https://github.com/yeager/translations/blob/67e6d27877c9cfd6b6dbc74bd852b10bdbe09c3c/AntiMicroX/gui-sv-reviewed-20260920.ts,22f0355841a3aff45068b5ff9c62c593486c1241c1d163f73b7d040bd90b9d5d,{}
a65cb1ead675a02859eabc23,Left Trigger,Vänster avtryckare,AntiMicroX,gui-sv-reviewed-20260920,"GameControllerMappingDialog
","Granskad filleverans. Endast färdiga, aktiva översättningar tas med; detta är inte ett påstående om separat registrerat radbeslut för varje oförändrad post.",project-context,44f6777d172e316646745e01,reviewed-file-delivery,https://github.com/yeager/translations/blob/67e6d27877c9cfd6b6dbc74bd852b10bdbe09c3c/AntiMicroX/gui-sv-reviewed-20260920.ts,22f0355841a3aff45068b5ff9c62c593486c1241c1d163f73b7d040bd90b9d5d,{}
a6c67d0fdb151032dc00e71d,Key Press Time:,Nedtryckningstid för tangent:,AntiMicroX,gui-sv-reviewed-20260920,"ExtraProfileSettingsDialog
","Granskad filleverans. Endast färdiga, aktiva översättningar tas med; detta är inte ett påstående om separat registrerat radbeslut för varje oförändrad post.",project-context,20717185d7b59c2dcecc9f51,reviewed-file-delivery,https://github.com/yeager/translations/blob/67e6d27877c9cfd6b6dbc74bd852b10bdbe09c3c/AntiMicroX/gui-sv-reviewed-20260920.ts,22f0355841a3aff45068b5ff9c62c593486c1241c1d163f73b7d040bd90b9d5d,{}
a6f5ee995ff6ad037248c9b7,Left Stick X,Vänster styrspak X,AntiMicroX,gui-sv-reviewed-20260920,"GameControllerMappingDialog
","Granskad filleverans. Endast färdiga, aktiva översättningar tas med; detta är inte ett påstående om separat registrerat radbeslut för varje oförändrad post.",project-context,7f166d0c4ab74c8992417d63,reviewed-file-delivery,https://github.com/yeager/translations/blob/67e6d27877c9cfd6b6dbc74bd852b10bdbe09c3c/AntiMicroX/gui-sv-reviewed-20260920.ts,22f0355841a3aff45068b5ff9c62c593486c1241c1d163f73b7d040bd90b9d5d,{}
a801d8210088495312de9a81,Number:,Nummer:,AntiMicroX,gui-sv-reviewed-20260920,"JoystickStatusWindow
","Granskad filleverans. Endast färdiga, aktiva översättningar tas med; detta är inte ett påstående om separat registrerat radbeslut för varje oförändrad post.",project-context,297126604d35334199d2c24c,reviewed-file-delivery,https://github.com/yeager/translations/blob/67e6d27877c9cfd6b6dbc74bd852b10bdbe09c3c/AntiMicroX/gui-sv-reviewed-20260920.ts,22f0355841a3aff45068b5ff9c62c593486c1241c1d163f73b7d040bd90b9d5d,{}
a8c306e8ee501f90e3c60122,Negative Half Throttle,Negativ halvgas,AntiMicroX,gui-sv-reviewed-20260920,"AxisEditDialog
","Granskad filleverans. Endast färdiga, aktiva översättningar tas med; detta är inte ett påstående om separat registrerat radbeslut för varje oförändrad post.",project-context,7a9c86d9ed94e0660c6cb356,reviewed-file-delivery,https://github.com/yeager/translations/blob/67e6d27877c9cfd6b6dbc74bd852b10bdbe09c3c/AntiMicroX/gui-sv-reviewed-20260920.ts,22f0355841a3aff45068b5ff9c62c593486c1241c1d163f73b7d040bd90b9d5d,{}
a8f639cd253a856e94946e82,Disable Enhance Pointer Precision,Inaktivera förbättrad pekarprecision,AntiMicroX,gui-sv-reviewed-20260920,"MainSettingsDialog
","Granskad filleverans. Endast färdiga, aktiva översättningar tas med; detta är inte ett påstående om separat registrerat radbeslut för varje oförändrad post.",project-context,e07f34796e0f51fd031fb827,reviewed-file-delivery,https://github.com/yeager/translations/blob/67e6d27877c9cfd6b6dbc74bd852b10bdbe09c3c/AntiMicroX/gui-sv-reviewed-20260920.ts,22f0355841a3aff45068b5ff9c62c593486c1241c1d163f73b7d040bd90b9d5d,{}
a96ae7cb697bef4496d8d481,Diagonal Range:,Diagonalt område:,AntiMicroX,gui-sv-reviewed-20260920,"JoyControlStickEditDialog
","Granskad filleverans. Endast färdiga, aktiva översättningar tas med; detta är inte ett påstående om separat registrerat radbeslut för varje oförändrad post.",project-context,65cd548599a7a2ab2de21c46,reviewed-file-delivery,https://github.com/yeager/translations/blob/67e6d27877c9cfd6b6dbc74bd852b10bdbe09c3c/AntiMicroX/gui-sv-reviewed-20260920.ts,22f0355841a3aff45068b5ff9c62c593486c1241c1d163f73b7d040bd90b9d5d,{}
a9e22fb009bd739b7fffb548,Mouse Settings,Musinställningar,AntiMicroX,gui-sv-reviewed-20260920,"MouseDPadSettingsDialog
","Granskad filleverans. Endast färdiga, aktiva översättningar tas med; detta är inte ett påstående om separat registrerat radbeslut för varje oförändrad post.",project-context,82ab5b85acb2c3373e91ee35,reviewed-file-delivery,https://github.com/yeager/translations/blob/67e6d27877c9cfd6b6dbc74bd852b10bdbe09c3c/AntiMicroX/gui-sv-reviewed-20260920.ts,22f0355841a3aff45068b5ff9c62c593486c1241c1d163f73b7d040bd90b9d5d,{}
a9e8e18b573d1fe5e73dfd9f,Left,Vänster,AntiMicroX,gui-sv-reviewed-20260920,"UInputHelper
","Granskad filleverans. Endast färdiga, aktiva översättningar tas med; detta är inte ett påstående om separat registrerat radbeslut för varje oförändrad post.",project-context,c5e978b8fe804c0db8aa4d6b,reviewed-file-delivery,https://github.com/yeager/translations/blob/67e6d27877c9cfd6b6dbc74bd852b10bdbe09c3c/AntiMicroX/gui-sv-reviewed-20260920.ts,22f0355841a3aff45068b5ff9c62c593486c1241c1d163f73b7d040bd90b9d5d,{}
aa5eb41841b51cef04794b53,Path,Sökväg,AntiMicroX,gui-sv-reviewed-20260920,"UnixWindowInfoDialog
","Granskad filleverans. Endast färdiga, aktiva översättningar tas med; detta är inte ett påstående om separat registrerat radbeslut för varje oförändrad post.",project-context,3c737fe590ae63b979c33df9,reviewed-file-delivery,https://github.com/yeager/translations/blob/67e6d27877c9cfd6b6dbc74bd852b10bdbe09c3c/AntiMicroX/gui-sv-reviewed-20260920.ts,22f0355841a3aff45068b5ff9c62c593486c1241c1d163f73b7d040bd90b9d5d,{}
aa6b9d00547bc4b68a72f675,He&lp,&Hjälp,AntiMicroX,gui-sv-reviewed-20260920,"MainWindow
","Granskad filleverans. Endast färdiga, aktiva översättningar tas med; detta är inte ett påstående om separat registrerat radbeslut för varje oförändrad post.",project-context,4a83b5fa04024220e66f2deb,reviewed-file-delivery,https://github.com/yeager/translations/blob/67e6d27877c9cfd6b6dbc74bd852b10bdbe09c3c/AntiMicroX/gui-sv-reviewed-20260920.ts,22f0355841a3aff45068b5ff9c62c593486c1241c1d163f73b7d040bd90b9d5d,{}
aa805c4fca5fd7512267f2e7,Class,Klass,AntiMicroX,gui-sv-reviewed-20260920,"CapturedWindowInfoDialog
","Granskad filleverans. Endast färdiga, aktiva översättningar tas med; detta är inte ett påstående om separat registrerat radbeslut för varje oförändrad post.",project-context,dd23c8fc05e0b9464d92f638,reviewed-file-delivery,https://github.com/yeager/translations/blob/67e6d27877c9cfd6b6dbc74bd852b10bdbe09c3c/AntiMicroX/gui-sv-reviewed-20260920.ts,22f0355841a3aff45068b5ff9c62c593486c1241c1d163f73b7d040bd90b9d5d,{}
aa928208f51ab74aee915272,Game Controller,Handkontroll,AntiMicroX,gui-sv-reviewed-20260920,"GameController
","Granskad filleverans. Endast färdiga, aktiva översättningar tas med; detta är inte ett påstående om separat registrerat radbeslut för varje oförändrad post.",project-context,0ca62ef8a09025ee36c0f855,reviewed-file-delivery,https://github.com/yeager/translations/blob/67e6d27877c9cfd6b6dbc74bd852b10bdbe09c3c/AntiMicroX/gui-sv-reviewed-20260920.ts,22f0355841a3aff45068b5ff9c62c593486c1241c1d163f73b7d040bd90b9d5d,{}
aad72a3178c01009fd503967,Credits,Medverkande,AntiMicroX,gui-sv-reviewed-20260920,"AboutDialog
","Granskad filleverans. Endast färdiga, aktiva översättningar tas med; detta är inte ett påstående om separat registrerat radbeslut för varje oförändrad post.",project-context,096db69b49229136d2d99950,reviewed-file-delivery,https://github.com/yeager/translations/blob/67e6d27877c9cfd6b6dbc74bd852b10bdbe09c3c/AntiMicroX/gui-sv-reviewed-20260920.ts,22f0355841a3aff45068b5ff9c62c593486c1241c1d163f73b7d040bd90b9d5d,{}
ab30a71ad4e865514fec8573,Distance,Avstånd,AntiMicroX,gui-sv-reviewed-20260920,"AdvanceButtonDialog
","Granskad filleverans. Endast färdiga, aktiva översättningar tas med; detta är inte ett påstående om separat registrerat radbeslut för varje oförändrad post.",project-context,58e075326ff2602d92ce86ad,reviewed-file-delivery,https://github.com/yeager/translations/blob/67e6d27877c9cfd6b6dbc74bd852b10bdbe09c3c/AntiMicroX/gui-sv-reviewed-20260920.ts,22f0355841a3aff45068b5ff9c62c593486c1241c1d163f73b7d040bd90b9d5d,{}
ab7dfa5b2ffd626974cfb33c,Stick/Pad Assignment,Tilldelning av styrspak/riktningsplatta,AntiMicroX,gui-sv-reviewed-20260920,"AdvanceStickAssignmentDialog
","Granskad filleverans. Endast färdiga, aktiva översättningar tas med; detta är inte ett påstående om separat registrerat radbeslut för varje oförändrad post.",project-context,57feba4063f86af63cf4d445,reviewed-file-delivery,https://github.com/yeager/translations/blob/67e6d27877c9cfd6b6dbc74bd852b10bdbe09c3c/AntiMicroX/gui-sv-reviewed-20260920.ts,22f0355841a3aff45068b5ff9c62c593486c1241c1d163f73b7d040bd90b9d5d,{}
abaacb516d0735cef072fcba,Space,Mellanslag,AntiMicroX,gui-sv-reviewed-20260920,"UInputHelper
","Granskad filleverans. Endast färdiga, aktiva översättningar tas med; detta är inte ett påstående om separat registrerat radbeslut för varje oförändrad post.",project-context,8e9c39730783d3461ba8ad49,reviewed-file-delivery,https://github.com/yeager/translations/blob/67e6d27877c9cfd6b6dbc74bd852b10bdbe09c3c/AntiMicroX/gui-sv-reviewed-20260920.ts,22f0355841a3aff45068b5ff9c62c593486c1241c1d163f73b7d040bd90b9d5d,{}
abb5dcf4103b1467324c8c6d,Click,Klick,AntiMicroX,gui-sv-reviewed-20260920,"AxisEditDialog
","Granskad filleverans. Endast färdiga, aktiva översättningar tas med; detta är inte ett påstående om separat registrerat radbeslut för varje oförändrad post.",project-context,5954b80aa18c3b7503db12cd,reviewed-file-delivery,https://github.com/yeager/translations/blob/67e6d27877c9cfd6b6dbc74bd852b10bdbe09c3c/AntiMicroX/gui-sv-reviewed-20260920.ts,22f0355841a3aff45068b5ff9c62c593486c1241c1d163f73b7d040bd90b9d5d,{}
abf0cb54e8a2ca8f320785e9,Right Stick X,Höger styrspak X,AntiMicroX,gui-sv-reviewed-20260920,"GameControllerMappingDialog
","Granskad filleverans. Endast färdiga, aktiva översättningar tas med; detta är inte ett påstående om separat registrerat radbeslut för varje oförändrad post.",project-context,45c69fe7cb1ae6d1ec80c648,reviewed-file-delivery,https://github.com/yeager/translations/blob/67e6d27877c9cfd6b6dbc74bd852b10bdbe09c3c/AntiMicroX/gui-sv-reviewed-20260920.ts,22f0355841a3aff45068b5ff9c62c593486c1241c1d163f73b7d040bd90b9d5d,{}
ac0c2d586700b630a384b296,Unknown,Okänd,AntiMicroX,gui-sv-reviewed-20260920,"JoystickStatusWindow
","Granskad filleverans. Endast färdiga, aktiva översättningar tas med; detta är inte ett påstående om separat registrerat radbeslut för varje oförändrad post.",project-context,2d4636aeaae47af2f1f6b0cb,reviewed-file-delivery,https://github.com/yeager/translations/blob/67e6d27877c9cfd6b6dbc74bd852b10bdbe09c3c/AntiMicroX/gui-sv-reviewed-20260920.ts,22f0355841a3aff45068b5ff9c62c593486c1241c1d163f73b7d040bd90b9d5d,{}
ac2065ea3d89bf54c24d49f9,Spring Width:,Fjäderbredd:,AntiMicroX,gui-sv-reviewed-20260920,"MouseSettingsDialog
","Granskad filleverans. Endast färdiga, aktiva översättningar tas med; detta är inte ett påstående om separat registrerat radbeslut för varje oförändrad post.",project-context,cea9e9f450adfd23cbd3087d,reviewed-file-delivery,https://github.com/yeager/translations/blob/67e6d27877c9cfd6b6dbc74bd852b10bdbe09c3c/AntiMicroX/gui-sv-reviewed-20260920.ts,22f0355841a3aff45068b5ff9c62c593486c1241c1d163f73b7d040bd90b9d5d,{}
ac3adc4785cc1e0e6af298ee,Select Set 4 Two Way,Välj uppsättning 4 tvåvägs,AntiMicroX,gui-sv-reviewed-20260920,"AdvanceButtonDialog
","Granskad filleverans. Endast färdiga, aktiva översättningar tas med; detta är inte ett påstående om separat registrerat radbeslut för varje oförändrad post.",project-context,94a379ba038c0c0da829edd8,reviewed-file-delivery,https://github.com/yeager/translations/blob/67e6d27877c9cfd6b6dbc74bd852b10bdbe09c3c/AntiMicroX/gui-sv-reviewed-20260920.ts,22f0355841a3aff45068b5ff9c62c593486c1241c1d163f73b7d040bd90b9d5d,{}
acdeda9ee77fd00c9bdfdf2f,Quadratic Extreme,Extremt kvadratisk,AntiMicroX,gui-sv-reviewed-20260920,"MouseSettingsDialog
","Granskad filleverans. Endast färdiga, aktiva översättningar tas med; detta är inte ett påstående om separat registrerat radbeslut för varje oförändrad post.",project-context,be2af5c0f13facc1be45ac8c,reviewed-file-delivery,https://github.com/yeager/translations/blob/67e6d27877c9cfd6b6dbc74bd852b10bdbe09c3c/AntiMicroX/gui-sv-reviewed-20260920.ts,22f0355841a3aff45068b5ff9c62c593486c1241c1d163f73b7d040bd90b9d5d,{}
ad06fcce36443cba60942d2f,Change Together,Ändra tillsammans,AntiMicroX,gui-sv-reviewed-20260920,"MouseSettingsDialog
","Granskad filleverans. Endast färdiga, aktiva översättningar tas med; detta är inte ett påstående om separat registrerat radbeslut för varje oförändrad post.",project-context,608a3b46386e7a4cc40fec74,reviewed-file-delivery,https://github.com/yeager/translations/blob/67e6d27877c9cfd6b6dbc74bd852b10bdbe09c3c/AntiMicroX/gui-sv-reviewed-20260920.ts,22f0355841a3aff45068b5ff9c62c593486c1241c1d163f73b7d040bd90b9d5d,{}
ad67269f442744dae9b7dc11,PgUp,Page Up,AntiMicroX,gui-sv-reviewed-20260920,"UInputHelper
","Granskad filleverans. Endast färdiga, aktiva översättningar tas med; detta är inte ett påstående om separat registrerat radbeslut för varje oförändrad post.",project-context,ef3d79c1b7448d4ea6c6f0f9,reviewed-file-delivery,https://github.com/yeager/translations/blob/67e6d27877c9cfd6b6dbc74bd852b10bdbe09c3c/AntiMicroX/gui-sv-reviewed-20260920.ts,22f0355841a3aff45068b5ff9c62c593486c1241c1d163f73b7d040bd90b9d5d,{}
ad82d45d269bf1b756c85f0a,set partial title,ange deltitel,AntiMicroX,gui-sv-reviewed-20260920,"AddEditAutoProfileDialog
","Granskad filleverans. Endast färdiga, aktiva översättningar tas med; detta är inte ett påstående om separat registrerat radbeslut för varje oförändrad post.",project-context,afd4a30a4b58aaeafa846ae3,reviewed-file-delivery,https://github.com/yeager/translations/blob/67e6d27877c9cfd6b6dbc74bd852b10bdbe09c3c/AntiMicroX/gui-sv-reviewed-20260920.ts,22f0355841a3aff45068b5ff9c62c593486c1241c1d163f73b7d040bd90b9d5d,{}
ad83ad0222c9b1becc499808,Mouse (Inverted Vertical),Mus (omvänd vertikal),AntiMicroX,gui-sv-reviewed-20260920,"DPadEditDialog
","Granskad filleverans. Endast färdiga, aktiva översättningar tas med; detta är inte ett påstående om separat registrerat radbeslut för varje oförändrad post.",project-context,81f520b1493ddde89647abae,reviewed-file-delivery,https://github.com/yeager/translations/blob/67e6d27877c9cfd6b6dbc74bd852b10bdbe09c3c/AntiMicroX/gui-sv-reviewed-20260920.ts,22f0355841a3aff45068b5ff9c62c593486c1241c1d163f73b7d040bd90b9d5d,{}
adde269c81f8619647710238,Right Shoulder,Höger axelknapp,AntiMicroX,gui-sv-reviewed-20260920,"GameControllerMappingDialog
","Granskad filleverans. Endast färdiga, aktiva översättningar tas med; detta är inte ett påstående om separat registrerat radbeslut för varje oförändrad post.",project-context,bbb94920550e831aefc92571,reviewed-file-delivery,https://github.com/yeager/translations/blob/67e6d27877c9cfd6b6dbc74bd852b10bdbe09c3c/AntiMicroX/gui-sv-reviewed-20260920.ts,22f0355841a3aff45068b5ff9c62c593486c1241c1d163f73b7d040bd90b9d5d,{}
ae3b3b2ef626a7c5fa99a032,Yaw (°/s),Girning (°/s),AntiMicroX,gui-sv-reviewed-20260920,"JoySensorEditDialog
","Granskad filleverans. Endast färdiga, aktiva översättningar tas med; detta är inte ett påstående om separat registrerat radbeslut för varje oförändrad post.",project-context,0883da5cf11a6686b680dc3e,reviewed-file-delivery,https://github.com/yeager/translations/blob/67e6d27877c9cfd6b6dbc74bd852b10bdbe09c3c/AntiMicroX/gui-sv-reviewed-20260920.ts,22f0355841a3aff45068b5ff9c62c593486c1241c1d163f73b7d040bd90b9d5d,{}
aeaad4cf2a7ddc519b98234d,Select Default Profile Directory,Välj standardkatalog för profiler,AntiMicroX,gui-sv-reviewed-20260920,"MainSettingsDialog
","Granskad filleverans. Endast färdiga, aktiva översättningar tas med; detta är inte ett påstående om separat registrerat radbeslut för varje oförändrad post.",project-context,ea9c0271288f7b3a975a3338,reviewed-file-delivery,https://github.com/yeager/translations/blob/67e6d27877c9cfd6b6dbc74bd852b10bdbe09c3c/AntiMicroX/gui-sv-reviewed-20260920.ts,22f0355841a3aff45068b5ff9c62c593486c1241c1d163f73b7d040bd90b9d5d,{}
af042adfde552d58f5555f05,Eight Way,Åtta riktningar,AntiMicroX,gui-sv-reviewed-20260920,"JoyControlStickEditDialog
","Granskad filleverans. Endast färdiga, aktiva översättningar tas med; detta är inte ett påstående om separat registrerat radbeslut för varje oförändrad post.",project-context,dd1540b5521e06f9d3e61088,reviewed-file-delivery,https://github.com/yeager/translations/blob/67e6d27877c9cfd6b6dbc74bd852b10bdbe09c3c/AntiMicroX/gui-sv-reviewed-20260920.ts,22f0355841a3aff45068b5ff9c62c593486c1241c1d163f73b7d040bd90b9d5d,{}
af636c479977ff32eb212f3a,Accelerometer + Gyroscope,Accelerometer + gyroskop,AntiMicroX,gui-sv-reviewed-20260920,"JoystickStatusWindow
","Granskad filleverans. Endast färdiga, aktiva översättningar tas med; detta är inte ett påstående om separat registrerat radbeslut för varje oförändrad post.",project-context,a3111b3b8d6cb0fe5af1c814,reviewed-file-delivery,https://github.com/yeager/translations/blob/67e6d27877c9cfd6b6dbc74bd852b10bdbe09c3c/AntiMicroX/gui-sv-reviewed-20260920.ts,22f0355841a3aff45068b5ff9c62c593486c1241c1d163f73b7d040bd90b9d5d,{}
af92711257d712d4167b0acb,Left,Vänster,AntiMicroX,gui-sv-reviewed-20260920,"JoyControlStickButton
","Granskad filleverans. Endast färdiga, aktiva översättningar tas med; detta är inte ett påstående om separat registrerat radbeslut för varje oförändrad post.",project-context,449fa97fbbcb145bceaa82eb,reviewed-file-delivery,https://github.com/yeager/translations/blob/67e6d27877c9cfd6b6dbc74bd852b10bdbe09c3c/AntiMicroX/gui-sv-reviewed-20260920.ts,22f0355841a3aff45068b5ff9c62c593486c1241c1d163f73b7d040bd90b9d5d,{}
afdd85bef8b8a15aebb730f5,Mouse Settings - ,Musinställningar - ,AntiMicroX,gui-sv-reviewed-20260920,"MouseButtonSettingsDialog
","Granskad filleverans. Endast färdiga, aktiva översättningar tas med; detta är inte ett påstående om separat registrerat radbeslut för varje oförändrad post.",project-context,c91be8ce4762d96a3c5e4e3b,reviewed-file-delivery,https://github.com/yeager/translations/blob/67e6d27877c9cfd6b6dbc74bd852b10bdbe09c3c/AntiMicroX/gui-sv-reviewed-20260920.ts,22f0355841a3aff45068b5ff9c62c593486c1241c1d163f73b7d040bd90b9d5d,{}
b014f37c0cee996237207c9d,Mouse 9,Mus 9,AntiMicroX,gui-sv-reviewed-20260920,"VirtualKeyboardMouseWidget
Mouse","Granskad filleverans. Endast färdiga, aktiva översättningar tas med; detta är inte ett påstående om separat registrerat radbeslut för varje oförändrad post.",project-context,db21e720d3be19e0f1221496,reviewed-file-delivery,https://github.com/yeager/translations/blob/67e6d27877c9cfd6b6dbc74bd852b10bdbe09c3c/AntiMicroX/gui-sv-reviewed-20260920.ts,22f0355841a3aff45068b5ff9c62c593486c1241c1d163f73b7d040bd90b9d5d,{}
b0d41510bd2aec2bc14673cc,Battery:,Batteri:,AntiMicroX,gui-sv-reviewed-20260920,"JoystickStatusWindow
","Granskad filleverans. Endast färdiga, aktiva översättningar tas med; detta är inte ett påstående om separat registrerat radbeslut för varje oförändrad post.",project-context,cd1e725c6d1f8f47df34e4d4,reviewed-file-delivery,https://github.com/yeager/translations/blob/67e6d27877c9cfd6b6dbc74bd852b10bdbe09c3c/AntiMicroX/gui-sv-reviewed-20260920.ts,22f0355841a3aff45068b5ff9c62c593486c1241c1d163f73b7d040bd90b9d5d,{}
b15407cfc8105f0997fe6e3e,Specify the name of an axis.,Ange namnet på en axel.,AntiMicroX,gui-sv-reviewed-20260920,"AxisEditDialog
","Granskad filleverans. Endast färdiga, aktiva översättningar tas med; detta är inte ett påstående om separat registrerat radbeslut för varje oförändrad post.",project-context,554bb527f0650828bdf285c8,reviewed-file-delivery,https://github.com/yeager/translations/blob/67e6d27877c9cfd6b6dbc74bd852b10bdbe09c3c/AntiMicroX/gui-sv-reviewed-20260920.ts,22f0355841a3aff45068b5ff9c62c593486c1241c1d163f73b7d040bd90b9d5d,{}
b1f5e73c3e1b824e11cd350b,Default,Standard,AntiMicroX,gui-sv-reviewed-20260920,"MainSettingsDialog
","Granskad filleverans. Endast färdiga, aktiva översättningar tas med; detta är inte ett påstående om separat registrerat radbeslut för varje oförändrad post.",project-context,5f175aaadcecd8ab92f76d8f,reviewed-file-delivery,https://github.com/yeager/translations/blob/67e6d27877c9cfd6b6dbc74bd852b10bdbe09c3c/AntiMicroX/gui-sv-reviewed-20260920.ts,22f0355841a3aff45068b5ff9c62c593486c1241c1d163f73b7d040bd90b9d5d,{}
b25110c5395678949c756635,Enhanced Precision,Förbättrad precision,AntiMicroX,gui-sv-reviewed-20260920,"MouseSettingsDialog
","Granskad filleverans. Endast färdiga, aktiva översättningar tas med; detta är inte ett påstående om separat registrerat radbeslut för varje oförändrad post.",project-context,0808f493b7d050140f3be0a8,reviewed-file-delivery,https://github.com/yeager/translations/blob/67e6d27877c9cfd6b6dbc74bd852b10bdbe09c3c/AntiMicroX/gui-sv-reviewed-20260920.ts,22f0355841a3aff45068b5ff9c62c593486c1241c1d163f73b7d040bd90b9d5d,{}
b3183eee05ee91a5a74b40f2,Bearing:,Riktning:,AntiMicroX,gui-sv-reviewed-20260920,"JoyControlStickEditDialog
","Granskad filleverans. Endast färdiga, aktiva översättningar tas med; detta är inte ett påstående om separat registrerat radbeslut för varje oförändrad post.",project-context,f47f5bcf4afe074240d91f1b,reviewed-file-delivery,https://github.com/yeager/translations/blob/67e6d27877c9cfd6b6dbc74bd852b10bdbe09c3c/AntiMicroX/gui-sv-reviewed-20260920.ts,22f0355841a3aff45068b5ff9c62c593486c1241c1d163f73b7d040bd90b9d5d,{}
b36c116c12e0d898bbb3c24a,Name:,Namn:,AntiMicroX,gui-sv-reviewed-20260920,"AxisEditDialog
","Granskad filleverans. Endast färdiga, aktiva översättningar tas med; detta är inte ett påstående om separat registrerat radbeslut för varje oförändrad post.",project-context,c83506c90d0828b180065dc7,reviewed-file-delivery,https://github.com/yeager/translations/blob/67e6d27877c9cfd6b6dbc74bd852b10bdbe09c3c/AntiMicroX/gui-sv-reviewed-20260920.ts,22f0355841a3aff45068b5ff9c62c593486c1241c1d163f73b7d040bd90b9d5d,{}
b385078826b8218c46958cdd,SDL 2 Game Controller Mapping String,Mappningssträng för SDL 2-handkontroll,AntiMicroX,gui-sv-reviewed-20260920,"GameControllerMappingDialog
","Granskad filleverans. Endast färdiga, aktiva översättningar tas med; detta är inte ett påstående om separat registrerat radbeslut för varje oförändrad post.",project-context,e51a9dbcf4b98fcd4bf7417b,reviewed-file-delivery,https://github.com/yeager/translations/blob/67e6d27877c9cfd6b6dbc74bd852b10bdbe09c3c/AntiMicroX/gui-sv-reviewed-20260920.ts,22f0355841a3aff45068b5ff9c62c593486c1241c1d163f73b7d040bd90b9d5d,{}
b3f8769f34faeaca0797f101,Stick Delay:,Styrspaksfördröjning:,AntiMicroX,gui-sv-reviewed-20260920,"JoyControlStickEditDialog
","Granskad filleverans. Endast färdiga, aktiva översättningar tas med; detta är inte ett påstående om separat registrerat radbeslut för varje oförändrad post.",project-context,956f80012b0a8c56082d1570,reviewed-file-delivery,https://github.com/yeager/translations/blob/67e6d27877c9cfd6b6dbc74bd852b10bdbe09c3c/AntiMicroX/gui-sv-reviewed-20260920.ts,22f0355841a3aff45068b5ff9c62c593486c1241c1d163f73b7d040bd90b9d5d,{}
b46b1c389dc0b7a4a4e3b7a7,Pause,Paus,AntiMicroX,gui-sv-reviewed-20260920,"JoyButtonSlot
","Granskad filleverans. Endast färdiga, aktiva översättningar tas med; detta är inte ett påstående om separat registrerat radbeslut för varje oförändrad post.",project-context,bba0da669d428591cb5dd6bb,reviewed-file-delivery,https://github.com/yeager/translations/blob/67e6d27877c9cfd6b6dbc74bd852b10bdbe09c3c/AntiMicroX/gui-sv-reviewed-20260920.ts,22f0355841a3aff45068b5ff9c62c593486c1241c1d163f73b7d040bd90b9d5d,{}
b4a4b9b5eda82223c6da733d,AutoProfile (disabled in Wayland),Automatisk profil (inaktiverad i Wayland),AntiMicroX,gui-sv-reviewed-20260920,"MainSettingsDialog
","Granskad filleverans. Endast färdiga, aktiva översättningar tas med; detta är inte ett påstående om separat registrerat radbeslut för varje oförändrad post.",project-context,d72089d530adf6a8503a56d9,reviewed-file-delivery,https://github.com/yeager/translations/blob/67e6d27877c9cfd6b6dbc74bd852b10bdbe09c3c/AntiMicroX/gui-sv-reviewed-20260920.ts,22f0355841a3aff45068b5ff9c62c593486c1241c1d163f73b7d040bd90b9d5d,{}
b4f7f25871be1272f9d51ec8,Mouse (Inverted Horizontal + Vertical),Mus (omvänd horisontellt och vertikalt),AntiMicroX,gui-sv-reviewed-20260920,"JoyControlStickContextMenu
","Granskad filleverans. Endast färdiga, aktiva översättningar tas med; detta är inte ett påstående om separat registrerat radbeslut för varje oförändrad post.",project-context,a49eb24371faac6f2d8bc000,reviewed-file-delivery,https://github.com/yeager/translations/blob/67e6d27877c9cfd6b6dbc74bd852b10bdbe09c3c/AntiMicroX/gui-sv-reviewed-20260920.ts,22f0355841a3aff45068b5ff9c62c593486c1241c1d163f73b7d040bd90b9d5d,{}
b4fb6cfb2ff2b202f023e0bf,DPad Right,Riktningsplatta höger,AntiMicroX,gui-sv-reviewed-20260920,"GameControllerMappingDialog
","Granskad filleverans. Endast färdiga, aktiva översättningar tas med; detta är inte ett påstående om separat registrerat radbeslut för varje oförändrad post.",project-context,acb9c5e46f487336dc345db1,reviewed-file-delivery,https://github.com/yeager/translations/blob/67e6d27877c9cfd6b6dbc74bd852b10bdbe09c3c/AntiMicroX/gui-sv-reviewed-20260920.ts,22f0355841a3aff45068b5ff9c62c593486c1241c1d163f73b7d040bd90b9d5d,{}
b5ae9ba7fed4258455a5c772,General,Allmänt,AntiMicroX,gui-sv-reviewed-20260920,"MainSettingsDialog
","Granskad filleverans. Endast färdiga, aktiva översättningar tas med; detta är inte ett påstående om separat registrerat radbeslut för varje oförändrad post.",project-context,b9e46576d73f1ea33187ee20,reviewed-file-delivery,https://github.com/yeager/translations/blob/67e6d27877c9cfd6b6dbc74bd852b10bdbe09c3c/AntiMicroX/gui-sv-reviewed-20260920.ts,22f0355841a3aff45068b5ff9c62c593486c1241c1d163f73b7d040bd90b9d5d,{}
b6025a17dd58227c60d1325e,Assignments,Uppgifter,AntiMicroX,gui-sv-reviewed-20260920,"AdvanceButtonDialog
","Granskad filleverans. Endast färdiga, aktiva översättningar tas med; detta är inte ett påstående om separat registrerat radbeslut för varje oförändrad post.",project-context,0eb4498fefd6ca4ce7a2968e,reviewed-file-delivery,https://github.com/yeager/translations/blob/67e6d27877c9cfd6b6dbc74bd852b10bdbe09c3c/AntiMicroX/gui-sv-reviewed-20260920.ts,22f0355841a3aff45068b5ff9c62c593486c1241c1d163f73b7d040bd90b9d5d,{}
b6232cf8d3255c3bd80a2e26,Weight Modi&fier:,Viktmodi&fierare:,AntiMicroX,gui-sv-reviewed-20260920,"MainSettingsDialog
","Granskad filleverans. Endast färdiga, aktiva översättningar tas med; detta är inte ett påstående om separat registrerat radbeslut för varje oförändrad post.",project-context,4861d4c2a50f8e53c6e33725,reviewed-file-delivery,https://github.com/yeager/translations/blob/67e6d27877c9cfd6b6dbc74bd852b10bdbe09c3c/AntiMicroX/gui-sv-reviewed-20260920.ts,22f0355841a3aff45068b5ff9c62c593486c1241c1d163f73b7d040bd90b9d5d,{}
b8239fb2a14449f5e256a035,About Development,Om utvecklingen,AntiMicroX,gui-sv-reviewed-20260920,"AboutDialog
","Granskad filleverans. Endast färdiga, aktiva översättningar tas med; detta är inte ett påstående om separat registrerat radbeslut för varje oförändrad post.",project-context,5d7f5b6805f4bb915e4b2dbd,reviewed-file-delivery,https://github.com/yeager/translations/blob/67e6d27877c9cfd6b6dbc74bd852b10bdbe09c3c/AntiMicroX/gui-sv-reviewed-20260920.ts,22f0355841a3aff45068b5ff9c62c593486c1241c1d163f73b7d040bd90b9d5d,{}
b8f8394428c8d44fb285b93d,Na&me:,Na&mn:,AntiMicroX,gui-sv-reviewed-20260920,"JoySensorEditDialog
","Granskad filleverans. Endast färdiga, aktiva översättningar tas med; detta är inte ett påstående om separat registrerat radbeslut för varje oförändrad post.",project-context,fc8ab75084a8a8c244feb373,reviewed-file-delivery,https://github.com/yeager/translations/blob/67e6d27877c9cfd6b6dbc74bd852b10bdbe09c3c/AntiMicroX/gui-sv-reviewed-20260920.ts,22f0355841a3aff45068b5ff9c62c593486c1241c1d163f73b7d040bd90b9d5d,{}
b994dac9c8d523e66f5fd8a5,Del,Delete,AntiMicroX,gui-sv-reviewed-20260920,"UInputHelper
","Granskad filleverans. Endast färdiga, aktiva översättningar tas med; detta är inte ett påstående om separat registrerat radbeslut för varje oförändrad post.",project-context,9e3ded7435b69b7953741596,reviewed-file-delivery,https://github.com/yeager/translations/blob/67e6d27877c9cfd6b6dbc74bd852b10bdbe09c3c/AntiMicroX/gui-sv-reviewed-20260920.ts,22f0355841a3aff45068b5ff9c62c593486c1241c1d163f73b7d040bd90b9d5d,{}
b9e84a95006faa0da77af42f,Mail,E-post,AntiMicroX,gui-sv-reviewed-20260920,"QObject
","Granskad filleverans. Endast färdiga, aktiva översättningar tas med; detta är inte ett påstående om separat registrerat radbeslut för varje oförändrad post.",project-context,4b00ead54a200dad671c17e2,reviewed-file-delivery,https://github.com/yeager/translations/blob/67e6d27877c9cfd6b6dbc74bd852b10bdbe09c3c/AntiMicroX/gui-sv-reviewed-20260920.ts,22f0355841a3aff45068b5ff9c62c593486c1241c1d163f73b7d040bd90b9d5d,{}
ba771f7bf522480032cadaf2,Axes:,Axlar:,AntiMicroX,gui-sv-reviewed-20260920,"JoystickStatusWindow
","Granskad filleverans. Endast färdiga, aktiva översättningar tas med; detta är inte ett påstående om separat registrerat radbeslut för varje oförändrad post.",project-context,19e78af2c98f7b52a7c8c9da,reviewed-file-delivery,https://github.com/yeager/translations/blob/67e6d27877c9cfd6b6dbc74bd852b10bdbe09c3c/AntiMicroX/gui-sv-reviewed-20260920.ts,22f0355841a3aff45068b5ff9c62c593486c1241c1d163f73b7d040bd90b9d5d,{}
bb3cbddc104855af62cf4c6f,Path:,Sökväg:,AntiMicroX,gui-sv-reviewed-20260920,"CapturedWindowInfoDialog
","Granskad filleverans. Endast färdiga, aktiva översättningar tas med; detta är inte ett påstående om separat registrerat radbeslut för varje oförändrad post.",project-context,b7606374709148d4bc23d9f7,reviewed-file-delivery,https://github.com/yeager/translations/blob/67e6d27877c9cfd6b6dbc74bd852b10bdbe09c3c/AntiMicroX/gui-sv-reviewed-20260920.ts,22f0355841a3aff45068b5ff9c62c593486c1241c1d163f73b7d040bd90b9d5d,{}
bb4c9613eb00bf96f6abe96c,Back,Tillbaka,AntiMicroX,gui-sv-reviewed-20260920,"GameControllerMappingDialog
","Granskad filleverans. Endast färdiga, aktiva översättningar tas med; detta är inte ett påstående om separat registrerat radbeslut för varje oförändrad post.",project-context,22716a17a8a55d2d79f56069,reviewed-file-delivery,https://github.com/yeager/translations/blob/67e6d27877c9cfd6b6dbc74bd852b10bdbe09c3c/AntiMicroX/gui-sv-reviewed-20260920.ts,22f0355841a3aff45068b5ff9c62c593486c1241c1d163f73b7d040bd90b9d5d,{}
bbc0b98d6174710b13f62558,Quadratic,Kvadratisk,AntiMicroX,gui-sv-reviewed-20260920,"MouseSettingsDialog
","Granskad filleverans. Endast färdiga, aktiva översättningar tas med; detta är inte ett påstående om separat registrerat radbeslut för varje oförändrad post.",project-context,a8d366ee7ead52ef00bab4c2,reviewed-file-delivery,https://github.com/yeager/translations/blob/67e6d27877c9cfd6b6dbc74bd852b10bdbe09c3c/AntiMicroX/gui-sv-reviewed-20260920.ts,22f0355841a3aff45068b5ff9c62c593486c1241c1d163f73b7d040bd90b9d5d,{}
bc01f2b322a953023c8f55d0,NumPad,Numeriskt tangentbord,AntiMicroX,gui-sv-reviewed-20260920,"JoyControlStickEditDialog
","Granskad filleverans. Endast färdiga, aktiva översättningar tas med; detta är inte ett påstående om separat registrerat radbeslut för varje oförändrad post.",project-context,c695d59d17a38b190f674ebd,reviewed-file-delivery,https://github.com/yeager/translations/blob/67e6d27877c9cfd6b6dbc74bd852b10bdbe09c3c/AntiMicroX/gui-sv-reviewed-20260920.ts,22f0355841a3aff45068b5ff9c62c593486c1241c1d163f73b7d040bd90b9d5d,{}
bc1cf3da5900e5e10cafe467,&Update Joysticks,&Uppdatera styrspakar,AntiMicroX,gui-sv-reviewed-20260920,"MainWindow
","Granskad filleverans. Endast färdiga, aktiva översättningar tas med; detta är inte ett påstående om separat registrerat radbeslut för varje oförändrad post.",project-context,913c40b503b393508b4eb97d,reviewed-file-delivery,https://github.com/yeager/translations/blob/67e6d27877c9cfd6b6dbc74bd852b10bdbe09c3c/AntiMicroX/gui-sv-reviewed-20260920.ts,22f0355841a3aff45068b5ff9c62c593486c1241c1d163f73b7d040bd90b9d5d,{}
bc7f80befa822bf7257cd6fa,Cycle,Cykel,AntiMicroX,gui-sv-reviewed-20260920,"JoyButtonSlot
","Granskad filleverans. Endast färdiga, aktiva översättningar tas med; detta är inte ett påstående om separat registrerat radbeslut för varje oförändrad post.",project-context,b0447183ab5b483a5c364d10,reviewed-file-delivery,https://github.com/yeager/translations/blob/67e6d27877c9cfd6b6dbc74bd852b10bdbe09c3c/AntiMicroX/gui-sv-reviewed-20260920.ts,22f0355841a3aff45068b5ff9c62c593486c1241c1d163f73b7d040bd90b9d5d,{}
bc8d6496610442521fe7d2f7,offset,förskjutning,AntiMicroX,gui-sv-reviewed-20260920,"Calibration
","Granskad filleverans. Endast färdiga, aktiva översättningar tas med; detta är inte ett påstående om separat registrerat radbeslut för varje oförändrad post.",project-context,9e8bcf9416dbb9a31a378b2a,reviewed-file-delivery,https://github.com/yeager/translations/blob/67e6d27877c9cfd6b6dbc74bd852b10bdbe09c3c/AntiMicroX/gui-sv-reviewed-20260920.ts,22f0355841a3aff45068b5ff9c62c593486c1241c1d163f73b7d040bd90b9d5d,{}
bdce790578bf8f4a9bb9889f,Wheel Right,Mushjul höger,AntiMicroX,gui-sv-reviewed-20260920,"VirtualKeyboardMouseWidget
Mouse","Granskad filleverans. Endast färdiga, aktiva översättningar tas med; detta är inte ett påstående om separat registrerat radbeslut för varje oförändrad post.",project-context,7d9abd059142673f233f7163,reviewed-file-delivery,https://github.com/yeager/translations/blob/67e6d27877c9cfd6b6dbc74bd852b10bdbe09c3c/AntiMicroX/gui-sv-reviewed-20260920.ts,22f0355841a3aff45068b5ff9c62c593486c1241c1d163f73b7d040bd90b9d5d,{}
be205507c4053c0189edc4de,Log Files (*.log),Loggfiler (*.log),AntiMicroX,gui-sv-reviewed-20260920,"MainSettingsDialog
","Granskad filleverans. Endast färdiga, aktiva översättningar tas med; detta är inte ett påstående om separat registrerat radbeslut för varje oförändrad post.",project-context,9660a7e4d95174b8b7cebac0,reviewed-file-delivery,https://github.com/yeager/translations/blob/67e6d27877c9cfd6b6dbc74bd852b10bdbe09c3c/AntiMicroX/gui-sv-reviewed-20260920.ts,22f0355841a3aff45068b5ff9c62c593486c1241c1d163f73b7d040bd90b9d5d,{}
be2845b0dd567fc08df5a1d2,Execute program when slot is activated.,Kör programmet när platsen aktiveras.,AntiMicroX,gui-sv-reviewed-20260920,"AdvanceButtonDialog
","Granskad filleverans. Endast färdiga, aktiva översättningar tas med; detta är inte ett påstående om separat registrerat radbeslut för varje oförändrad post.",project-context,59f0fdd98ec8b68245dfb4da,reviewed-file-delivery,https://github.com/yeager/translations/blob/67e6d27877c9cfd6b6dbc74bd852b10bdbe09c3c/AntiMicroX/gui-sv-reviewed-20260920.ts,22f0355841a3aff45068b5ff9c62c593486c1241c1d163f73b7d040bd90b9d5d,{}
be5be13817b4069fcd75ef7d,Press Time,Trycktid,AntiMicroX,gui-sv-reviewed-20260920,"JoyButtonSlot
","Granskad filleverans. Endast färdiga, aktiva översättningar tas med; detta är inte ett påstående om separat registrerat radbeslut för varje oförändrad post.",project-context,13fe66d19db8ec25f7ab243c,reviewed-file-delivery,https://github.com/yeager/translations/blob/67e6d27877c9cfd6b6dbc74bd852b10bdbe09c3c/AntiMicroX/gui-sv-reviewed-20260920.ts,22f0355841a3aff45068b5ff9c62c593486c1241c1d163f73b7d040bd90b9d5d,{}
be902066ddce685012c4d769,Select Set 2 While Held,Välj uppsättning 2 medan den hålls nedtryckt,AntiMicroX,gui-sv-reviewed-20260920,"AdvanceButtonDialog
","Granskad filleverans. Endast färdiga, aktiva översättningar tas med; detta är inte ett påstående om separat registrerat radbeslut för varje oförändrad post.",project-context,bd493e8749e7a8573d162010,reviewed-file-delivery,https://github.com/yeager/translations/blob/67e6d27877c9cfd6b6dbc74bd852b10bdbe09c3c/AntiMicroX/gui-sv-reviewed-20260920.ts,22f0355841a3aff45068b5ff9c62c593486c1241c1d163f73b7d040bd90b9d5d,{}
be98d0ce837a2e687debe4aa,Not selected slot,Ej valda platser,AntiMicroX,gui-sv-reviewed-20260920,"AdvanceButtonDialog
","Granskad filleverans. Endast färdiga, aktiva översättningar tas med; detta är inte ett påstående om separat registrerat radbeslut för varje oförändrad post.",project-context,585ed8c5c71d4d3526a49978,reviewed-file-delivery,https://github.com/yeager/translations/blob/67e6d27877c9cfd6b6dbc74bd852b10bdbe09c3c/AntiMicroX/gui-sv-reviewed-20260920.ts,22f0355841a3aff45068b5ff9c62c593486c1241c1d163f73b7d040bd90b9d5d,{}
bf0df50b3bb390c2ebe50e15,[NO KEY],[INGEN TANGENT],AntiMicroX,gui-sv-reviewed-20260920,"JoyButton
","Granskad filleverans. Endast färdiga, aktiva översättningar tas med; detta är inte ett påstående om separat registrerat radbeslut för varje oförändrad post.",project-context,6236e7f60f413c1aa8df559e,reviewed-file-delivery,https://github.com/yeager/translations/blob/67e6d27877c9cfd6b6dbc74bd852b10bdbe09c3c/AntiMicroX/gui-sv-reviewed-20260920.ts,22f0355841a3aff45068b5ff9c62c593486c1241c1d163f73b7d040bd90b9d5d,{}
bf9e0ab8706db441c0c6124c,log-type,loggtyp,AntiMicroX,gui-sv-reviewed-20260920,"main
","Granskad filleverans. Endast färdiga, aktiva översättningar tas med; detta är inte ett påstående om separat registrerat radbeslut för varje oförändrad post.",project-context,904a5175692a851f3310b392,reviewed-file-delivery,https://github.com/yeager/translations/blob/67e6d27877c9cfd6b6dbc74bd852b10bdbe09c3c/AntiMicroX/gui-sv-reviewed-20260920.ts,22f0355841a3aff45068b5ff9c62c593486c1241c1d163f73b7d040bd90b9d5d,{}
c07d923d3c4c2914c399e188,Placeholder,Platshållare,AntiMicroX,gui-sv-reviewed-20260920,"ButtonEditDialog
","Granskad filleverans. Endast färdiga, aktiva översättningar tas med; detta är inte ett påstående om separat registrerat radbeslut för varje oförändrad post.",project-context,69a4df93a0ccbb09680dc786,reviewed-file-delivery,https://github.com/yeager/translations/blob/67e6d27877c9cfd6b6dbc74bd852b10bdbe09c3c/AntiMicroX/gui-sv-reviewed-20260920.ts,22f0355841a3aff45068b5ff9c62c593486c1241c1d163f73b7d040bd90b9d5d,{}
c11b1b2f599cf0b65236b66c,Select,Välj,AntiMicroX,gui-sv-reviewed-20260920,"AddEditAutoProfileDialog
","Granskad filleverans. Endast färdiga, aktiva översättningar tas med; detta är inte ett påstående om separat registrerat radbeslut för varje oförändrad post.",project-context,5ec3aa6446cbd7ff064753a9,reviewed-file-delivery,https://github.com/yeager/translations/blob/67e6d27877c9cfd6b6dbc74bd852b10bdbe09c3c/AntiMicroX/gui-sv-reviewed-20260920.ts,22f0355841a3aff45068b5ff9c62c593486c1241c1d163f73b7d040bd90b9d5d,{}
c1b020cfae0ef5b89c331c5d,Open Config,Öppna konfigurationen,AntiMicroX,gui-sv-reviewed-20260920,"JoyTabWidget
","Granskad filleverans. Endast färdiga, aktiva översättningar tas med; detta är inte ett påstående om separat registrerat radbeslut för varje oförändrad post.",project-context,d797bfa1dc7cdb363a4fe5cb,reviewed-file-delivery,https://github.com/yeager/translations/blob/67e6d27877c9cfd6b6dbc74bd852b10bdbe09c3c/AntiMicroX/gui-sv-reviewed-20260920.ts,22f0355841a3aff45068b5ff9c62c593486c1241c1d163f73b7d040bd90b9d5d,{}
c1d68b0a3c6d832799856bfb,Mouse Speed Settings,Inställningar för mushastighet,AntiMicroX,gui-sv-reviewed-20260920,"MouseSettingsDialog
","Granskad filleverans. Endast färdiga, aktiva översättningar tas med; detta är inte ett påstående om separat registrerat radbeslut för varje oförändrad post.",project-context,cc430287e1a7ed9f4aed3e50,reviewed-file-delivery,https://github.com/yeager/translations/blob/67e6d27877c9cfd6b6dbc74bd852b10bdbe09c3c/AntiMicroX/gui-sv-reviewed-20260920.ts,22f0355841a3aff45068b5ff9c62c593486c1241c1d163f73b7d040bd90b9d5d,{}
c1f247c21706d854184c9516,None,Ingen,AntiMicroX,gui-sv-reviewed-20260920,"JoyAxisContextMenu
","Granskad filleverans. Endast färdiga, aktiva översättningar tas med; detta är inte ett påstående om separat registrerat radbeslut för varje oförändrad post.",project-context,e04b80dfbac822c77177dbdc,reviewed-file-delivery,https://github.com/yeager/translations/blob/67e6d27877c9cfd6b6dbc74bd852b10bdbe09c3c/AntiMicroX/gui-sv-reviewed-20260920.ts,22f0355841a3aff45068b5ff9c62c593486c1241c1d163f73b7d040bd90b9d5d,{}
c20390ed881cfa435f8eb950,4 Way Diagonal,4-vägs diagonalt,AntiMicroX,gui-sv-reviewed-20260920,"DPadContextMenu
","Granskad filleverans. Endast färdiga, aktiva översättningar tas med; detta är inte ett påstående om separat registrerat radbeslut för varje oförändrad post.",project-context,e496e513880348b250de4d05,reviewed-file-delivery,https://github.com/yeager/translations/blob/67e6d27877c9cfd6b6dbc74bd852b10bdbe09c3c/AntiMicroX/gui-sv-reviewed-20260920.ts,22f0355841a3aff45068b5ff9c62c593486c1241c1d163f73b7d040bd90b9d5d,{}
c2b05e2810fb6eef2690a295,Auto Reset Cycle After,Automatisk återställning av cykel efter,AntiMicroX,gui-sv-reviewed-20260920,"AdvanceButtonDialog
","Granskad filleverans. Endast färdiga, aktiva översättningar tas med; detta är inte ett påstående om separat registrerat radbeslut för varje oförändrad post.",project-context,aab74e4b769affb3f45ba135,reviewed-file-delivery,https://github.com/yeager/translations/blob/67e6d27877c9cfd6b6dbc74bd852b10bdbe09c3c/AntiMicroX/gui-sv-reviewed-20260920.ts,22f0355841a3aff45068b5ff9c62c593486c1241c1d163f73b7d040bd90b9d5d,{}
c2cb24185b78d690072bfc3f,Calibrating accelerometer,Kalibrerar accelerometern,AntiMicroX,gui-sv-reviewed-20260920,"Calibration
","Granskad filleverans. Endast färdiga, aktiva översättningar tas med; detta är inte ett påstående om separat registrerat radbeslut för varje oförändrad post.",project-context,7cb0f020420baec281f68689,reviewed-file-delivery,https://github.com/yeager/translations/blob/67e6d27877c9cfd6b6dbc74bd852b10bdbe09c3c/AntiMicroX/gui-sv-reviewed-20260920.ts,22f0355841a3aff45068b5ff9c62c593486c1241c1d163f73b7d040bd90b9d5d,{}
c2e3e44ca4fc6fbd4db36d3c,Sensors:,Sensorer:,AntiMicroX,gui-sv-reviewed-20260920,"JoystickStatusWindow
","Granskad filleverans. Endast färdiga, aktiva översättningar tas med; detta är inte ett påstående om separat registrerat radbeslut för varje oförändrad post.",project-context,680b01de639292b70fad79d7,reviewed-file-delivery,https://github.com/yeager/translations/blob/67e6d27877c9cfd6b6dbc74bd852b10bdbe09c3c/AntiMicroX/gui-sv-reviewed-20260920.ts,22f0355841a3aff45068b5ff9c62c593486c1241c1d163f73b7d040bd90b9d5d,{}
c330224d05433b3286b21b74,Time:,Tid:,AntiMicroX,gui-sv-reviewed-20260920,"AdvanceButtonDialog
","Granskad filleverans. Endast färdiga, aktiva översättningar tas med; detta är inte ett påstående om separat registrerat radbeslut för varje oförändrad post.",project-context,32af08d1a56161e26d082c94,reviewed-file-delivery,https://github.com/yeager/translations/blob/67e6d27877c9cfd6b6dbc74bd852b10bdbe09c3c/AntiMicroX/gui-sv-reviewed-20260920.ts,22f0355841a3aff45068b5ff9c62c593486c1241c1d163f73b7d040bd90b9d5d,{}
c35b58fdc3c0e47e0b11449d,Super (L),Super (V),AntiMicroX,gui-sv-reviewed-20260920,"VirtualKeyPushButton
","Granskad filleverans. Endast färdiga, aktiva översättningar tas med; detta är inte ett påstående om separat registrerat radbeslut för varje oförändrad post.",project-context,e294def327850339835c5751,reviewed-file-delivery,https://github.com/yeager/translations/blob/67e6d27877c9cfd6b6dbc74bd852b10bdbe09c3c/AntiMicroX/gui-sv-reviewed-20260920.ts,22f0355841a3aff45068b5ff9c62c593486c1241c1d163f73b7d040bd90b9d5d,{}
c3c460d4073e78f506cbc28a,Right Button,Höger musknapp,AntiMicroX,gui-sv-reviewed-20260920,"VirtualKeyboardMouseWidget
Mouse","Granskad filleverans. Endast färdiga, aktiva översättningar tas med; detta är inte ett påstående om separat registrerat radbeslut för varje oförändrad post.",project-context,39ceefcadf80fe842c6c176e,reviewed-file-delivery,https://github.com/yeager/translations/blob/67e6d27877c9cfd6b6dbc74bd852b10bdbe09c3c/AntiMicroX/gui-sv-reviewed-20260920.ts,22f0355841a3aff45068b5ff9c62c593486c1241c1d163f73b7d040bd90b9d5d,{}
c43849c63a3b21a85c42ced6,Last button,Senaste knapp,AntiMicroX,gui-sv-reviewed-20260920,"QObject
","Granskad filleverans. Endast färdiga, aktiva översättningar tas med; detta är inte ett påstående om separat registrerat radbeslut för varje oförändrad post.",project-context,3e81a437e288ad20e7d7d0d6,reviewed-file-delivery,https://github.com/yeager/translations/blob/67e6d27877c9cfd6b6dbc74bd852b10bdbe09c3c/AntiMicroX/gui-sv-reviewed-20260920.ts,22f0355841a3aff45068b5ff9c62c593486c1241c1d163f73b7d040bd90b9d5d,{}
c52daa4eebf604fe94d7ac30,Calibrating gyroscope,Kalibrerar gyroskopet,AntiMicroX,gui-sv-reviewed-20260920,"Calibration
","Granskad filleverans. Endast färdiga, aktiva översättningar tas med; detta är inte ett påstående om separat registrerat radbeslut för varje oförändrad post.",project-context,4bd6fdac6ed0dc864596c931,reviewed-file-delivery,https://github.com/yeager/translations/blob/67e6d27877c9cfd6b6dbc74bd852b10bdbe09c3c/AntiMicroX/gui-sv-reviewed-20260920.ts,22f0355841a3aff45068b5ff9c62c593486c1241c1d163f73b7d040bd90b9d5d,{}
c53657308eb1f89dc28f2283,Unknown current slot,Okänd aktuell plats,AntiMicroX,gui-sv-reviewed-20260920,"AdvanceButtonDialog
","Granskad filleverans. Endast färdiga, aktiva översättningar tas med; detta är inte ett påstående om separat registrerat radbeslut för varje oförändrad post.",project-context,c95fefeb97384f708db32ce9,reviewed-file-delivery,https://github.com/yeager/translations/blob/67e6d27877c9cfd6b6dbc74bd852b10bdbe09c3c/AntiMicroX/gui-sv-reviewed-20260920.ts,22f0355841a3aff45068b5ff9c62c593486c1241c1d163f73b7d040bd90b9d5d,{}
c5d02e1f201382383a4061f0,L Trigger,Vänster avtryckare,AntiMicroX,gui-sv-reviewed-20260920,"GameControllerSet
","Granskad filleverans. Endast färdiga, aktiva översättningar tas med; detta är inte ett påstående om separat registrerat radbeslut för varje oförändrad post.",project-context,5db90fd9948ebf7d0aae7690,reviewed-file-delivery,https://github.com/yeager/translations/blob/67e6d27877c9cfd6b6dbc74bd852b10bdbe09c3c/AntiMicroX/gui-sv-reviewed-20260920.ts,22f0355841a3aff45068b5ff9c62c593486c1241c1d163f73b7d040bd90b9d5d,{}
c5dc3edc86ccfb5179a61c88,Italiano,Italienska,AntiMicroX,gui-sv-reviewed-20260920,"MainSettingsDialog
","Granskad filleverans. Endast färdiga, aktiva översättningar tas med; detta är inte ett påstående om separat registrerat radbeslut för varje oförändrad post.",project-context,3bb8c8862fe2049d116b193f,reviewed-file-delivery,https://github.com/yeager/translations/blob/67e6d27877c9cfd6b6dbc74bd852b10bdbe09c3c/AntiMicroX/gui-sv-reviewed-20260920.ts,22f0355841a3aff45068b5ff9c62c593486c1241c1d163f73b7d040bd90b9d5d,{}
c65d96ccab752e56db07e713,Browse,Bläddra,AntiMicroX,gui-sv-reviewed-20260920,"EditAllDefaultAutoProfileDialog
","Granskad filleverans. Endast färdiga, aktiva översättningar tas med; detta är inte ett påstående om separat registrerat radbeslut för varje oförändrad post.",project-context,0b982ac175d74d20d08b5352,reviewed-file-delivery,https://github.com/yeager/translations/blob/67e6d27877c9cfd6b6dbc74bd852b10bdbe09c3c/AntiMicroX/gui-sv-reviewed-20260920.ts,22f0355841a3aff45068b5ff9c62c593486c1241c1d163f73b7d040bd90b9d5d,{}
c7041acd615436f0d451a88a,Mouse Settings,Musinställningar,AntiMicroX,gui-sv-reviewed-20260920,"MouseControlStickSettingsDialog
","Granskad filleverans. Endast färdiga, aktiva översättningar tas med; detta är inte ett påstående om separat registrerat radbeslut för varje oförändrad post.",project-context,8bd3e37e63ae63321ed5a31f,reviewed-file-delivery,https://github.com/yeager/translations/blob/67e6d27877c9cfd6b6dbc74bd852b10bdbe09c3c/AntiMicroX/gui-sv-reviewed-20260920.ts,22f0355841a3aff45068b5ff9c62c593486c1241c1d163f73b7d040bd90b9d5d,{}
c739e9ac27c9230ca74bccff,Acceleration (m/s^2):,Acceleration (m/s²):,AntiMicroX,gui-sv-reviewed-20260920,"JoySensorEditDialog
","Granskad filleverans. Endast färdiga, aktiva översättningar tas med; detta är inte ett påstående om separat registrerat radbeslut för varje oförändrad post.",project-context,35f17bbdd4da9892b2d53646,reviewed-file-delivery,https://github.com/yeager/translations/blob/67e6d27877c9cfd6b6dbc74bd852b10bdbe09c3c/AntiMicroX/gui-sv-reviewed-20260920.ts,22f0355841a3aff45068b5ff9c62c593486c1241c1d163f73b7d040bd90b9d5d,{}
c7757472e9ad08dba6e9b921,Save Profile Changes?,Spara profiländringar?,AntiMicroX,gui-sv-reviewed-20260920,"JoyTabWidget
","Granskad filleverans. Endast färdiga, aktiva översättningar tas med; detta är inte ett påstående om separat registrerat radbeslut för varje oförändrad post.",project-context,47deaeb56e35f34f2358b6de,reviewed-file-delivery,https://github.com/yeager/translations/blob/67e6d27877c9cfd6b6dbc74bd852b10bdbe09c3c/AntiMicroX/gui-sv-reviewed-20260920.ts,22f0355841a3aff45068b5ff9c62c593486c1241c1d163f73b7d040bd90b9d5d,{}
c829ab57469e32eddb22cb8a,Profile,Profil,AntiMicroX,gui-sv-reviewed-20260920,"MainSettingsDialog
","Granskad filleverans. Endast färdiga, aktiva översättningar tas med; detta är inte ett påstående om separat registrerat radbeslut för varje oförändrad post.",project-context,0f52edf11e3aa658636ee320,reviewed-file-delivery,https://github.com/yeager/translations/blob/67e6d27877c9cfd6b6dbc74bd852b10bdbe09c3c/AntiMicroX/gui-sv-reviewed-20260920.ts,22f0355841a3aff45068b5ff9c62c593486c1241c1d163f73b7d040bd90b9d5d,{}
c8959e0418402f0ff4070b76,&Mouse Speed Mod:,&Mushastighetsmod:,AntiMicroX,gui-sv-reviewed-20260920,"AdvanceButtonDialog
","Granskad filleverans. Endast färdiga, aktiva översättningar tas med; detta är inte ett påstående om separat registrerat radbeslut för varje oförändrad post.",project-context,d43391a086a2c685cc9febda,reviewed-file-delivery,https://github.com/yeager/translations/blob/67e6d27877c9cfd6b6dbc74bd852b10bdbe09c3c/AntiMicroX/gui-sv-reviewed-20260920.ts,22f0355841a3aff45068b5ff9c62c593486c1241c1d163f73b7d040bd90b9d5d,{}
c92e8aea4bd860e3011023b6,Steps,Steg,AntiMicroX,gui-sv-reviewed-20260920,"Calibration
","Granskad filleverans. Endast färdiga, aktiva översättningar tas med; detta är inte ett påstående om separat registrerat radbeslut för varje oförändrad post.",project-context,a3f5235d5772aaf24333c38e,reviewed-file-delivery,https://github.com/yeager/translations/blob/67e6d27877c9cfd6b6dbc74bd852b10bdbe09c3c/AntiMicroX/gui-sv-reviewed-20260920.ts,22f0355841a3aff45068b5ff9c62c593486c1241c1d163f73b7d040bd90b9d5d,{}
c935aca7c76bc7490db11529,Gyroscope,Gyroskop,AntiMicroX,gui-sv-reviewed-20260920,"JoyGyroscopeSensor
","Granskad filleverans. Endast färdiga, aktiva översättningar tas med; detta är inte ett påstående om separat registrerat radbeslut för varje oförändrad post.",project-context,8a736018bc125ef1ec979c4d,reviewed-file-delivery,https://github.com/yeager/translations/blob/67e6d27877c9cfd6b6dbc74bd852b10bdbe09c3c/AntiMicroX/gui-sv-reviewed-20260920.ts,22f0355841a3aff45068b5ff9c62c593486c1241c1d163f73b7d040bd90b9d5d,{}
c9eb6a81788b5801926b1cb9,Set Change,Uppsättningsbyte,AntiMicroX,gui-sv-reviewed-20260920,"AdvanceButtonDialog
","Granskad filleverans. Endast färdiga, aktiva översättningar tas med; detta är inte ett påstående om separat registrerat radbeslut för varje oförändrad post.",project-context,b0c275b4475ddb3c7d7fb81a,reviewed-file-delivery,https://github.com/yeager/translations/blob/67e6d27877c9cfd6b6dbc74bd852b10bdbe09c3c/AntiMicroX/gui-sv-reviewed-20260920.ts,22f0355841a3aff45068b5ff9c62c593486c1241c1d163f73b7d040bd90b9d5d,{}
cac82cf9b307648d7f17e0f5,Battery level of controller,Handkontrollens batterinivå,AntiMicroX,gui-sv-reviewed-20260920,"JoyTabWidget
","Granskad filleverans. Endast färdiga, aktiva översättningar tas med; detta är inte ett påstående om separat registrerat radbeslut för varje oförändrad post.",project-context,b6e22f5559df8ba5930fd915,reviewed-file-delivery,https://github.com/yeager/translations/blob/67e6d27877c9cfd6b6dbc74bd852b10bdbe09c3c/AntiMicroX/gui-sv-reviewed-20260920.ts,22f0355841a3aff45068b5ff9c62c593486c1241c1d163f73b7d040bd90b9d5d,{}
cb268b1856e3f5d9860349e9,Last Axis Event:,Senaste axelhändelse:,AntiMicroX,gui-sv-reviewed-20260920,"GameControllerMappingDialog
","Granskad filleverans. Endast färdiga, aktiva översättningar tas med; detta är inte ett påstående om separat registrerat radbeslut för varje oförändrad post.",project-context,91696c4c2a13ab4cdc85feb8,reviewed-file-delivery,https://github.com/yeager/translations/blob/67e6d27877c9cfd6b6dbc74bd852b10bdbe09c3c/AntiMicroX/gui-sv-reviewed-20260920.ts,22f0355841a3aff45068b5ff9c62c593486c1241c1d163f73b7d040bd90b9d5d,{}
cbc0c8fa21abbe5de055f876,Set 7,Uppsättning 7,AntiMicroX,gui-sv-reviewed-20260920,"JoyTabWidget
","Granskad filleverans. Endast färdiga, aktiva översättningar tas med; detta är inte ett påstående om separat registrerat radbeslut för varje oförändrad post.",project-context,3576da9cd7b746a38cdbe226,reviewed-file-delivery,https://github.com/yeager/translations/blob/67e6d27877c9cfd6b6dbc74bd852b10bdbe09c3c/AntiMicroX/gui-sv-reviewed-20260920.ts,22f0355841a3aff45068b5ff9c62c593486c1241c1d163f73b7d040bd90b9d5d,{}
cc3d294263825dda29d21c6f,Set 3,Uppsättning 3,AntiMicroX,gui-sv-reviewed-20260920,"SetNamesDialog
","Granskad filleverans. Endast färdiga, aktiva översättningar tas med; detta är inte ett påstående om separat registrerat radbeslut för varje oförändrad post.",project-context,91b39370bdcb047f9838e5c2,reviewed-file-delivery,https://github.com/yeager/translations/blob/67e6d27877c9cfd6b6dbc74bd852b10bdbe09c3c/AntiMicroX/gui-sv-reviewed-20260920.ts,22f0355841a3aff45068b5ff9c62c593486c1241c1d163f73b7d040bd90b9d5d,{}
cc618003fccdd47bd66680ec,Specify the name of a button.,Ange namnet på en knapp.,AntiMicroX,gui-sv-reviewed-20260920,"ButtonEditDialog
","Granskad filleverans. Endast färdiga, aktiva översättningar tas med; detta är inte ett påstående om separat registrerat radbeslut för varje oförändrad post.",project-context,46689c4e66e904f64c4d7847,reviewed-file-delivery,https://github.com/yeager/translations/blob/67e6d27877c9cfd6b6dbc74bd852b10bdbe09c3c/AntiMicroX/gui-sv-reviewed-20260920.ts,22f0355841a3aff45068b5ff9c62c593486c1241c1d163f73b7d040bd90b9d5d,{}
ccdf8648f1311bc799407e3e,Class,Klass,AntiMicroX,gui-sv-reviewed-20260920,"MainSettingsDialog
","Granskad filleverans. Endast färdiga, aktiva översättningar tas med; detta är inte ett påstående om separat registrerat radbeslut för varje oförändrad post.",project-context,8d69fcdf01c59a1fd7da8acb,reviewed-file-delivery,https://github.com/yeager/translations/blob/67e6d27877c9cfd6b6dbc74bd852b10bdbe09c3c/AntiMicroX/gui-sv-reviewed-20260920.ts,22f0355841a3aff45068b5ff9c62c593486c1241c1d163f73b7d040bd90b9d5d,{}
cd206ad21178a944b2199e2f,Run as Administrator?,Kör som administratör?,AntiMicroX,gui-sv-reviewed-20260920,"MainWindow
","Granskad filleverans. Endast färdiga, aktiva översättningar tas med; detta är inte ett påstående om separat registrerat radbeslut för varje oförändrad post.",project-context,cc2cab05ca9101528afa663a,reviewed-file-delivery,https://github.com/yeager/translations/blob/67e6d27877c9cfd6b6dbc74bd852b10bdbe09c3c/AntiMicroX/gui-sv-reviewed-20260920.ts,22f0355841a3aff45068b5ff9c62c593486c1241c1d163f73b7d040bd90b9d5d,{}
cd3ce3d4209486fc875dc37b,Advanced,Avancerad,AntiMicroX,gui-sv-reviewed-20260920,"MainSettingsDialog
","Granskad filleverans. Endast färdiga, aktiva översättningar tas med; detta är inte ett påstående om separat registrerat radbeslut för varje oförändrad post.",project-context,bb767acdd6c3e80b74c0aecb,reviewed-file-delivery,https://github.com/yeager/translations/blob/67e6d27877c9cfd6b6dbc74bd852b10bdbe09c3c/AntiMicroX/gui-sv-reviewed-20260920.ts,22f0355841a3aff45068b5ff9c62c593486c1241c1d163f73b7d040bd90b9d5d,{}
cefdaa88203ad1480fb908a3,INS,Ins,AntiMicroX,gui-sv-reviewed-20260920,"VirtualKeyPushButton
","Granskad filleverans. Endast färdiga, aktiva översättningar tas med; detta är inte ett påstående om separat registrerat radbeslut för varje oförändrad post.",project-context,a828f414d58f32634ce335db,reviewed-file-delivery,https://github.com/yeager/translations/blob/67e6d27877c9cfd6b6dbc74bd852b10bdbe09c3c/AntiMicroX/gui-sv-reviewed-20260920.ts,22f0355841a3aff45068b5ff9c62c593486c1241c1d163f73b7d040bd90b9d5d,{}
cf6c27bff1d4dd55f1c2a988,&Quit,&Avsluta,AntiMicroX,gui-sv-reviewed-20260920,"MainWindow
","Granskad filleverans. Endast färdiga, aktiva översättningar tas med; detta är inte ett påstående om separat registrerat radbeslut för varje oförändrad post.",project-context,1aee84f93dd5b3acfcf175cb,reviewed-file-delivery,https://github.com/yeager/translations/blob/67e6d27877c9cfd6b6dbc74bd852b10bdbe09c3c/AntiMicroX/gui-sv-reviewed-20260920.ts,22f0355841a3aff45068b5ff9c62c593486c1241c1d163f73b7d040bd90b9d5d,{}
cf999d4c9c73b09c23278829,ESC,Esc,AntiMicroX,gui-sv-reviewed-20260920,"X11Extras
","Granskad filleverans. Endast färdiga, aktiva översättningar tas med; detta är inte ett påstående om separat registrerat radbeslut för varje oförändrad post.",project-context,2609ef6bfcc3187e8d860202,reviewed-file-delivery,https://github.com/yeager/translations/blob/67e6d27877c9cfd6b6dbc74bd852b10bdbe09c3c/AntiMicroX/gui-sv-reviewed-20260920.ts,22f0355841a3aff45068b5ff9c62c593486c1241c1d163f73b7d040bd90b9d5d,{}
cfb91e5e6c837b916fe35340,Quick Set,Snabbinställning,AntiMicroX,gui-sv-reviewed-20260920,"QuickSetDialog
","Granskad filleverans. Endast färdiga, aktiva översättningar tas med; detta är inte ett påstående om separat registrerat radbeslut för varje oförändrad post.",project-context,00e8e9b317780c5d737a59b2,reviewed-file-delivery,https://github.com/yeager/translations/blob/67e6d27877c9cfd6b6dbc74bd852b10bdbe09c3c/AntiMicroX/gui-sv-reviewed-20260920.ts,22f0355841a3aff45068b5ff9c62c593486c1241c1d163f73b7d040bd90b9d5d,{}
cff2d63279eda16f4c6c4334,Programs (*.exe),Program (*.exe),AntiMicroX,gui-sv-reviewed-20260920,"AddEditAutoProfileDialog
","Granskad filleverans. Endast färdiga, aktiva översättningar tas med; detta är inte ett påstående om separat registrerat radbeslut för varje oförändrad post.",project-context,a5a4092507182a78f79d29e0,reviewed-file-delivery,https://github.com/yeager/translations/blob/67e6d27877c9cfd6b6dbc74bd852b10bdbe09c3c/AntiMicroX/gui-sv-reviewed-20260920.ts,22f0355841a3aff45068b5ff9c62c593486c1241c1d163f73b7d040bd90b9d5d,{}
d01fd09a235ed58208a2cd46,Mouse Settings,Musinställningar,AntiMicroX,gui-sv-reviewed-20260920,"VirtualKeyboardMouseWidget
","Granskad filleverans. Endast färdiga, aktiva översättningar tas med; detta är inte ett påstående om separat registrerat radbeslut för varje oförändrad post.",project-context,4c114b5fae9632952be8d08b,reviewed-file-delivery,https://github.com/yeager/translations/blob/67e6d27877c9cfd6b6dbc74bd852b10bdbe09c3c/AntiMicroX/gui-sv-reviewed-20260920.ts,22f0355841a3aff45068b5ff9c62c593486c1241c1d163f73b7d040bd90b9d5d,{}
d04ebe8f79cb14f46931b14c,Arrows,Piltangenter,AntiMicroX,gui-sv-reviewed-20260920,"DPadContextMenu
","Granskad filleverans. Endast färdiga, aktiva översättningar tas med; detta är inte ett påstående om separat registrerat radbeslut för varje oförändrad post.",project-context,56dbd952b132cdc3a41e1658,reviewed-file-delivery,https://github.com/yeager/translations/blob/67e6d27877c9cfd6b6dbc74bd852b10bdbe09c3c/AntiMicroX/gui-sv-reviewed-20260920.ts,22f0355841a3aff45068b5ff9c62c593486c1241c1d163f73b7d040bd90b9d5d,{}
d09c2081b16c3f0517543470,Media Play,Spela upp media,AntiMicroX,gui-sv-reviewed-20260920,"VirtualKeyboardMouseWidget
","Granskad filleverans. Endast färdiga, aktiva översättningar tas med; detta är inte ett påstående om separat registrerat radbeslut för varje oförändrad post.",project-context,9b96b27c1a2b4442426c39f9,reviewed-file-delivery,https://github.com/yeager/translations/blob/67e6d27877c9cfd6b6dbc74bd852b10bdbe09c3c/AntiMicroX/gui-sv-reviewed-20260920.ts,22f0355841a3aff45068b5ff9c62c593486c1241c1d163f73b7d040bd90b9d5d,{}
d0b343d3c5d00a3a7b92cb4d,Yes,Ja,AntiMicroX,gui-sv-reviewed-20260920,"JoystickStatusWindow
","Granskad filleverans. Endast färdiga, aktiva översättningar tas med; detta är inte ett påstående om separat registrerat radbeslut för varje oförändrad post.",project-context,836b36b99ddec8ae6ecb3056,reviewed-file-delivery,https://github.com/yeager/translations/blob/67e6d27877c9cfd6b6dbc74bd852b10bdbe09c3c/AntiMicroX/gui-sv-reviewed-20260920.ts,22f0355841a3aff45068b5ff9c62c593486c1241c1d163f73b7d040bd90b9d5d,{}
d102b67b961b086f05673c0c,Square Stick:,Fyrkantig styrspak:,AntiMicroX,gui-sv-reviewed-20260920,"JoyControlStickEditDialog
","Granskad filleverans. Endast färdiga, aktiva översättningar tas med; detta är inte ett påstående om separat registrerat radbeslut för varje oförändrad post.",project-context,0cf2752e50c9a8cb0221ef46,reviewed-file-delivery,https://github.com/yeager/translations/blob/67e6d27877c9cfd6b6dbc74bd852b10bdbe09c3c/AntiMicroX/gui-sv-reviewed-20260920.ts,22f0355841a3aff45068b5ff9c62c593486c1241c1d163f73b7d040bd90b9d5d,{}
d17ff10774bc3968f9357181,Choose your keyboard key,Välj tangent på tangentbordet,AntiMicroX,gui-sv-reviewed-20260920,"ButtonEditDialog
","Granskad filleverans. Endast färdiga, aktiva översättningar tas med; detta är inte ett påstående om separat registrerat radbeslut för varje oförändrad post.",project-context,3282be70b62187a0e564ae8b,reviewed-file-delivery,https://github.com/yeager/translations/blob/67e6d27877c9cfd6b6dbc74bd852b10bdbe09c3c/AntiMicroX/gui-sv-reviewed-20260920.ts,22f0355841a3aff45068b5ff9c62c593486c1241c1d163f73b7d040bd90b9d5d,{}
d1fe7a2587b7e954bd7250a3,Failed to open event generator. Exiting.,Det gick inte att öppna händelsegeneratorn. Avslutar.,AntiMicroX,gui-sv-reviewed-20260920,"QObject
","Granskad filleverans. Endast färdiga, aktiva översättningar tas med; detta är inte ett påstående om separat registrerat radbeslut för varje oförändrad post.",project-context,ae172de4cd08639f9dfc33e0,reviewed-file-delivery,https://github.com/yeager/translations/blob/67e6d27877c9cfd6b6dbc74bd852b10bdbe09c3c/AntiMicroX/gui-sv-reviewed-20260920.ts,22f0355841a3aff45068b5ff9c62c593486c1241c1d163f73b7d040bd90b9d5d,{}
d254c83f4287efb3005dc49c,Class:,Klass:,AntiMicroX,gui-sv-reviewed-20260920,"UnixWindowInfoDialog
","Granskad filleverans. Endast färdiga, aktiva översättningar tas med; detta är inte ett påstående om separat registrerat radbeslut för varje oförändrad post.",project-context,2dd8f8d8bfb973d112a5be2c,reviewed-file-delivery,https://github.com/yeager/translations/blob/67e6d27877c9cfd6b6dbc74bd852b10bdbe09c3c/AntiMicroX/gui-sv-reviewed-20260920.ts,22f0355841a3aff45068b5ff9c62c593486c1241c1d163f73b7d040bd90b9d5d,{}
d2cd0f6f72cdbd1c31d80c24,Arrows,Piltangenter,AntiMicroX,gui-sv-reviewed-20260920,"DPadEditDialog
","Granskad filleverans. Endast färdiga, aktiva översättningar tas med; detta är inte ett påstående om separat registrerat radbeslut för varje oförändrad post.",project-context,2bde5dc70a725d273056567a,reviewed-file-delivery,https://github.com/yeager/translations/blob/67e6d27877c9cfd6b6dbc74bd852b10bdbe09c3c/AntiMicroX/gui-sv-reviewed-20260920.ts,22f0355841a3aff45068b5ff9c62c593486c1241c1d163f73b7d040bd90b9d5d,{}
d2e2f509cf7629b0650de903,Sticks,Styrspakar,AntiMicroX,gui-sv-reviewed-20260920,"AdvanceStickAssignmentDialog
","Granskad filleverans. Endast färdiga, aktiva översättningar tas med; detta är inte ett påstående om separat registrerat radbeslut för varje oförändrad post.",project-context,5b7fe11c89f97c958a89094b,reviewed-file-delivery,https://github.com/yeager/translations/blob/67e6d27877c9cfd6b6dbc74bd852b10bdbe09c3c/AntiMicroX/gui-sv-reviewed-20260920.ts,22f0355841a3aff45068b5ff9c62c593486c1241c1d163f73b7d040bd90b9d5d,{}
d2f7c218cb295e2b71d26159,Arrows: Up | Down,Piltangenter: Upp | Ned,AntiMicroX,gui-sv-reviewed-20260920,"JoyAxisContextMenu
","Granskad filleverans. Endast färdiga, aktiva översättningar tas med; detta är inte ett påstående om separat registrerat radbeslut för varje oförändrad post.",project-context,07c79d18c455873649a7e165,reviewed-file-delivery,https://github.com/yeager/translations/blob/67e6d27877c9cfd6b6dbc74bd852b10bdbe09c3c/AntiMicroX/gui-sv-reviewed-20260920.ts,22f0355841a3aff45068b5ff9c62c593486c1241c1d163f73b7d040bd90b9d5d,{}
d3e72ab178e2138feef7a5d2,Delay:,Fördröjning:,AntiMicroX,gui-sv-reviewed-20260920,"MainSettingsDialog
","Granskad filleverans. Endast färdiga, aktiva översättningar tas med; detta är inte ett påstående om separat registrerat radbeslut för varje oförändrad post.",project-context,6d71fd031a8e042fa77eb7a0,reviewed-file-delivery,https://github.com/yeager/translations/blob/67e6d27877c9cfd6b6dbc74bd852b10bdbe09c3c/AntiMicroX/gui-sv-reviewed-20260920.ts,22f0355841a3aff45068b5ff9c62c593486c1241c1d163f73b7d040bd90b9d5d,{}
d41b98f57f912cbdcfae77c1,Volume Mute,Stäng av ljudet,AntiMicroX,gui-sv-reviewed-20260920,"VirtualKeyboardMouseWidget
","Granskad filleverans. Endast färdiga, aktiva översättningar tas med; detta är inte ett påstående om separat registrerat radbeslut för varje oförändrad post.",project-context,5897c240d286bcf567d2bf56,reviewed-file-delivery,https://github.com/yeager/translations/blob/67e6d27877c9cfd6b6dbc74bd852b10bdbe09c3c/AntiMicroX/gui-sv-reviewed-20260920.ts,22f0355841a3aff45068b5ff9c62c593486c1241c1d163f73b7d040bd90b9d5d,{}
d479408b07d2dab1bfc9389b,Auto Load Last Opened Profile,Läs in senast öppnade profil automatiskt,AntiMicroX,gui-sv-reviewed-20260920,"MainSettingsDialog
","Granskad filleverans. Endast färdiga, aktiva översättningar tas med; detta är inte ett påstående om separat registrerat radbeslut för varje oförändrad post.",project-context,2b0d97f5690eaf2cfe9e5587,reviewed-file-delivery,https://github.com/yeager/translations/blob/67e6d27877c9cfd6b6dbc74bd852b10bdbe09c3c/AntiMicroX/gui-sv-reviewed-20260920.ts,22f0355841a3aff45068b5ff9c62c593486c1241c1d163f73b7d040bd90b9d5d,{}
d5987bc8e42861662012aed8,Select Set 5 While Held,Välj uppsättning 5 medan den hålls nedtryckt,AntiMicroX,gui-sv-reviewed-20260920,"AdvanceButtonDialog
","Granskad filleverans. Endast färdiga, aktiva översättningar tas med; detta är inte ett påstående om separat registrerat radbeslut för varje oförändrad post.",project-context,b507ec1f55735a15234f2ac9,reviewed-file-delivery,https://github.com/yeager/translations/blob/67e6d27877c9cfd6b6dbc74bd852b10bdbe09c3c/AntiMicroX/gui-sv-reviewed-20260920.ts,22f0355841a3aff45068b5ff9c62c593486c1241c1d163f73b7d040bd90b9d5d,{}
d6292d9efab3ed94b4611efd,Super_R,Höger Super,AntiMicroX,gui-sv-reviewed-20260920,"UInputHelper
","Granskad filleverans. Endast färdiga, aktiva översättningar tas med; detta är inte ett påstående om separat registrerat radbeslut för varje oförändrad post.",project-context,07010b49d20aba1f347b9320,reviewed-file-delivery,https://github.com/yeager/translations/blob/67e6d27877c9cfd6b6dbc74bd852b10bdbe09c3c/AntiMicroX/gui-sv-reviewed-20260920.ts,22f0355841a3aff45068b5ff9c62c593486c1241c1d163f73b7d040bd90b9d5d,{}
d62b3b211078f9a2322024b5,Empty execution path,Tom körsökväg,AntiMicroX,gui-sv-reviewed-20260920,"AdvanceButtonDialog
","Granskad filleverans. Endast färdiga, aktiva översättningar tas med; detta är inte ett påstående om separat registrerat radbeslut för varje oförändrad post.",project-context,2c1119bb6d36e919c2f5d61a,reviewed-file-delivery,https://github.com/yeager/translations/blob/67e6d27877c9cfd6b6dbc74bd852b10bdbe09c3c/AntiMicroX/gui-sv-reviewed-20260920.ts,22f0355841a3aff45068b5ff9c62c593486c1241c1d163f73b7d040bd90b9d5d,{}
d6d9c639b0ae1d1cf5c66838,DEL,Del,AntiMicroX,gui-sv-reviewed-20260920,"X11Extras
","Granskad filleverans. Endast färdiga, aktiva översättningar tas med; detta är inte ett påstående om separat registrerat radbeslut för varje oförändrad post.",project-context,24982dff59f5098441aeefc7,reviewed-file-delivery,https://github.com/yeager/translations/blob/67e6d27877c9cfd6b6dbc74bd852b10bdbe09c3c/AntiMicroX/gui-sv-reviewed-20260920.ts,22f0355841a3aff45068b5ff9c62c593486c1241c1d163f73b7d040bd90b9d5d,{}
d6e0251a8d3b467826114720,Warning,Varning,AntiMicroX,gui-sv-reviewed-20260920,"MainSettingsDialog
","Granskad filleverans. Endast färdiga, aktiva översättningar tas med; detta är inte ett påstående om separat registrerat radbeslut för varje oförändrad post.",project-context,bfa36d5c76268a83e465eb48,reviewed-file-delivery,https://github.com/yeager/translations/blob/67e6d27877c9cfd6b6dbc74bd852b10bdbe09c3c/AntiMicroX/gui-sv-reviewed-20260920.ts,22f0355841a3aff45068b5ff9c62c593486c1241c1d163f73b7d040bd90b9d5d,{}
d6e95cecf439f7489b416195,Launch in Tray,Starta i systemfältet,AntiMicroX,gui-sv-reviewed-20260920,"MainSettingsDialog
","Granskad filleverans. Endast färdiga, aktiva översättningar tas med; detta är inte ett påstående om separat registrerat radbeslut för varje oförändrad post.",project-context,b68eb05ee112bf27684cd992,reviewed-file-delivery,https://github.com/yeager/translations/blob/67e6d27877c9cfd6b6dbc74bd852b10bdbe09c3c/AntiMicroX/gui-sv-reviewed-20260920.ts,22f0355841a3aff45068b5ff9c62c593486c1241c1d163f73b7d040bd90b9d5d,{}
d7d9eab39fe9d57d1d917866,Update Button,Uppdatera knapp,AntiMicroX,gui-sv-reviewed-20260920,"MainWindow
","Granskad filleverans. Endast färdiga, aktiva översättningar tas med; detta är inte ett påstående om separat registrerat radbeslut för varje oförändrad post.",project-context,f9e9a294432d12499a3328af,reviewed-file-delivery,https://github.com/yeager/translations/blob/67e6d27877c9cfd6b6dbc74bd852b10bdbe09c3c/AntiMicroX/gui-sv-reviewed-20260920.ts,22f0355841a3aff45068b5ff9c62c593486c1241c1d163f73b7d040bd90b9d5d,{}
d7da82e0fd79a27791aca734,4 Way Cardinal,4-vägs med huvudriktningar,AntiMicroX,gui-sv-reviewed-20260920,"JoyControlStickContextMenu
","Granskad filleverans. Endast färdiga, aktiva översättningar tas med; detta är inte ett påstående om separat registrerat radbeslut för varje oförändrad post.",project-context,5d22bc85d56300a6466665b4,reviewed-file-delivery,https://github.com/yeager/translations/blob/67e6d27877c9cfd6b6dbc74bd852b10bdbe09c3c/AntiMicroX/gui-sv-reviewed-20260920.ts,22f0355841a3aff45068b5ff9c62c593486c1241c1d163f73b7d040bd90b9d5d,{}
d7db70f1dbb048af6f9c65a8,Set 7,Uppsättning 7,AntiMicroX,gui-sv-reviewed-20260920,"SetNamesDialog
","Granskad filleverans. Endast färdiga, aktiva översättningar tas med; detta är inte ett påstående om separat registrerat radbeslut för varje oförändrad post.",project-context,3ec52e5b6d89187bb886c42e,reviewed-file-delivery,https://github.com/yeager/translations/blob/67e6d27877c9cfd6b6dbc74bd852b10bdbe09c3c/AntiMicroX/gui-sv-reviewed-20260920.ts,22f0355841a3aff45068b5ff9c62c593486c1241c1d163f73b7d040bd90b9d5d,{}
d837d43581078a8b645e12bc,Spring Height:,Fjäderhöjd:,AntiMicroX,gui-sv-reviewed-20260920,"MouseSettingsDialog
","Granskad filleverans. Endast färdiga, aktiva översättningar tas med; detta är inte ett påstående om separat registrerat radbeslut för varje oförändrad post.",project-context,e4e9218d7bfeec5eb5b1d652,reviewed-file-delivery,https://github.com/yeager/translations/blob/67e6d27877c9cfd6b6dbc74bd852b10bdbe09c3c/AntiMicroX/gui-sv-reviewed-20260920.ts,22f0355841a3aff45068b5ff9c62c593486c1241c1d163f73b7d040bd90b9d5d,{}
d8f4f18fb07b39290c48ad2c,Y Axis:,Y-axel:,AntiMicroX,gui-sv-reviewed-20260920,"AdvanceStickAssignmentDialog
","Granskad filleverans. Endast färdiga, aktiva översättningar tas med; detta är inte ett påstående om separat registrerat radbeslut för varje oförändrad post.",project-context,af3a88206c1bd77e6cdeec4c,reviewed-file-delivery,https://github.com/yeager/translations/blob/67e6d27877c9cfd6b6dbc74bd852b10bdbe09c3c/AntiMicroX/gui-sv-reviewed-20260920.ts,22f0355841a3aff45068b5ff9c62c593486c1241c1d163f73b7d040bd90b9d5d,{}
d92b038278b00dec612b99ac,&Calibration,&Kalibrering,AntiMicroX,gui-sv-reviewed-20260920,"MainWindow
","Granskad filleverans. Endast färdiga, aktiva översättningar tas med; detta är inte ett påstående om separat registrerat radbeslut för varje oförändrad post.",project-context,42e8263d07a8ea761cf3c3a0,reviewed-file-delivery,https://github.com/yeager/translations/blob/67e6d27877c9cfd6b6dbc74bd852b10bdbe09c3c/AntiMicroX/gui-sv-reviewed-20260920.ts,22f0355841a3aff45068b5ff9c62c593486c1241c1d163f73b7d040bd90b9d5d,{}
d95c57ae69cd7fe9b9378db3,4 Way Cardinal,4-vägs med huvudriktningar,AntiMicroX,gui-sv-reviewed-20260920,"DPadEditDialog
","Granskad filleverans. Endast färdiga, aktiva översättningar tas med; detta är inte ett påstående om separat registrerat radbeslut för varje oförändrad post.",project-context,65378d74bfce622d1e0bd5f9,reviewed-file-delivery,https://github.com/yeager/translations/blob/67e6d27877c9cfd6b6dbc74bd852b10bdbe09c3c/AntiMicroX/gui-sv-reviewed-20260920.ts,22f0355841a3aff45068b5ff9c62c593486c1241c1d163f73b7d040bd90b9d5d,{}
da711ac04ac0039970f98d7f,English,Engelska,AntiMicroX,gui-sv-reviewed-20260920,"MainSettingsDialog
","Granskad filleverans. Endast färdiga, aktiva översättningar tas med; detta är inte ett påstående om separat registrerat radbeslut för varje oförändrad post.",project-context,4e104a5400800a776af14a51,reviewed-file-delivery,https://github.com/yeager/translations/blob/67e6d27877c9cfd6b6dbc74bd852b10bdbe09c3c/AntiMicroX/gui-sv-reviewed-20260920.ts,22f0355841a3aff45068b5ff9c62c593486c1241c1d163f73b7d040bd90b9d5d,{}
dc6c9bf5afb2b513d56b41d5,4 Way Diagonal,4-vägs diagonalt,AntiMicroX,gui-sv-reviewed-20260920,"JoyControlStickEditDialog
","Granskad filleverans. Endast färdiga, aktiva översättningar tas med; detta är inte ett påstående om separat registrerat radbeslut för varje oförändrad post.",project-context,7a2725a08f0d43e56fa4c7f1,reviewed-file-delivery,https://github.com/yeager/translations/blob/67e6d27877c9cfd6b6dbc74bd852b10bdbe09c3c/AntiMicroX/gui-sv-reviewed-20260920.ts,22f0355841a3aff45068b5ff9c62c593486c1241c1d163f73b7d040bd90b9d5d,{}
dcbaa18335e36d9b2ab7bfc1,About &Qt,Om &Qt,AntiMicroX,gui-sv-reviewed-20260920,"MainWindow
","Granskad filleverans. Endast färdiga, aktiva översättningar tas med; detta är inte ett påstående om separat registrerat radbeslut för varje oförändrad post.",project-context,0cbacb670512af35f0dd27e3,reviewed-file-delivery,https://github.com/yeager/translations/blob/67e6d27877c9cfd6b6dbc74bd852b10bdbe09c3c/AntiMicroX/gui-sv-reviewed-20260920.ts,22f0355841a3aff45068b5ff9c62c593486c1241c1d163f73b7d040bd90b9d5d,{}
dd9bed108621f3b8c1c36a7d,Language,Språk,AntiMicroX,gui-sv-reviewed-20260920,"MainSettingsDialog
","Granskad filleverans. Endast färdiga, aktiva översättningar tas med; detta är inte ett påstående om separat registrerat radbeslut för varje oförändrad post.",project-context,ef44535694194deb0e85222a,reviewed-file-delivery,https://github.com/yeager/translations/blob/67e6d27877c9cfd6b6dbc74bd852b10bdbe09c3c/AntiMicroX/gui-sv-reviewed-20260920.ts,22f0355841a3aff45068b5ff9c62c593486c1241c1d163f73b7d040bd90b9d5d,{}
dd9f52353b38f64e16dc99f8,Clear All,Rensa alla,AntiMicroX,gui-sv-reviewed-20260920,"AdvanceButtonDialog
","Granskad filleverans. Endast färdiga, aktiva översättningar tas med; detta är inte ett påstående om separat registrerat radbeslut för varje oförändrad post.",project-context,a2aab0ed3723de76115bdbdb,reviewed-file-delivery,https://github.com/yeager/translations/blob/67e6d27877c9cfd6b6dbc74bd852b10bdbe09c3c/AntiMicroX/gui-sv-reviewed-20260920.ts,22f0355841a3aff45068b5ff9c62c593486c1241c1d163f73b7d040bd90b9d5d,{}
dda955612f466145e6011de7,Wheel Left,Mushjul vänster,AntiMicroX,gui-sv-reviewed-20260920,"VirtualKeyboardMouseWidget
Mouse","Granskad filleverans. Endast färdiga, aktiva översättningar tas med; detta är inte ett påstående om separat registrerat radbeslut för varje oförändrad post.",project-context,68965943921684621c74a5b3,reviewed-file-delivery,https://github.com/yeager/translations/blob/67e6d27877c9cfd6b6dbc74bd852b10bdbe09c3c/AntiMicroX/gui-sv-reviewed-20260920.ts,22f0355841a3aff45068b5ff9c62c593486c1241c1d163f73b7d040bd90b9d5d,{}
ddc3063d82ef3378f2563149,Play,Spela upp,AntiMicroX,gui-sv-reviewed-20260920,"UInputHelper
","Granskad filleverans. Endast färdiga, aktiva översättningar tas med; detta är inte ett påstående om separat registrerat radbeslut för varje oförändrad post.",project-context,fe245875951b5d066804bf33,reviewed-file-delivery,https://github.com/yeager/translations/blob/67e6d27877c9cfd6b6dbc74bd852b10bdbe09c3c/AntiMicroX/gui-sv-reviewed-20260920.ts,22f0355841a3aff45068b5ff9c62c593486c1241c1d163f73b7d040bd90b9d5d,{}
de78be2dc4124d2f7bcfe838,L Shoulder,Vänster axelknapp,AntiMicroX,gui-sv-reviewed-20260920,"GameControllerSet
","Granskad filleverans. Endast färdiga, aktiva översättningar tas med; detta är inte ett påstående om separat registrerat radbeslut för varje oförändrad post.",project-context,4a2e45992e756013b6ecf505,reviewed-file-delivery,https://github.com/yeager/translations/blob/67e6d27877c9cfd6b6dbc74bd852b10bdbe09c3c/AntiMicroX/gui-sv-reviewed-20260920.ts,22f0355841a3aff45068b5ff9c62c593486c1241c1d163f73b7d040bd90b9d5d,{}
de85fb02329c25ae345495c7,Class,Klass,AntiMicroX,gui-sv-reviewed-20260920,"UnixWindowInfoDialog
","Granskad filleverans. Endast färdiga, aktiva översättningar tas med; detta är inte ett påstående om separat registrerat radbeslut för varje oförändrad post.",project-context,2ad8e9690e23047ba4dcb717,reviewed-file-delivery,https://github.com/yeager/translations/blob/67e6d27877c9cfd6b6dbc74bd852b10bdbe09c3c/AntiMicroX/gui-sv-reviewed-20260920.ts,22f0355841a3aff45068b5ff9c62c593486c1241c1d163f73b7d040bd90b9d5d,{}
dea07703e39460f8521b90dd,Select Set 7 Two Way,Välj uppsättning 7 tvåvägs,AntiMicroX,gui-sv-reviewed-20260920,"AdvanceButtonDialog
","Granskad filleverans. Endast färdiga, aktiva översättningar tas med; detta är inte ett påstående om separat registrerat radbeslut för varje oförändrad post.",project-context,ea307aa4dbde8f703846d3a3,reviewed-file-delivery,https://github.com/yeager/translations/blob/67e6d27877c9cfd6b6dbc74bd852b10bdbe09c3c/AntiMicroX/gui-sv-reviewed-20260920.ts,22f0355841a3aff45068b5ff9c62c593486c1241c1d163f73b7d040bd90b9d5d,{}
df0bbd5d9168aaf245cec39b,Eight Way,Åtta riktningar,AntiMicroX,gui-sv-reviewed-20260920,"JoyControlStickContextMenu
","Granskad filleverans. Endast färdiga, aktiva översättningar tas med; detta är inte ett påstående om separat registrerat radbeslut för varje oförändrad post.",project-context,99f48b610559241d383cb687,reviewed-file-delivery,https://github.com/yeager/translations/blob/67e6d27877c9cfd6b6dbc74bd852b10bdbe09c3c/AntiMicroX/gui-sv-reviewed-20260920.ts,22f0355841a3aff45068b5ff9c62c593486c1241c1d163f73b7d040bd90b9d5d,{}
df431437fe2779117d18cff5,Button 5,Musknapp 5,AntiMicroX,gui-sv-reviewed-20260920,"VirtualKeyboardMouseWidget
Mouse","Granskad filleverans. Endast färdiga, aktiva översättningar tas med; detta är inte ett påstående om separat registrerat radbeslut för varje oförändrad post.",project-context,f291380ef79ce8490e3bae09,reviewed-file-delivery,https://github.com/yeager/translations/blob/67e6d27877c9cfd6b6dbc74bd852b10bdbe09c3c/AntiMicroX/gui-sv-reviewed-20260920.ts,22f0355841a3aff45068b5ff9c62c593486c1241c1d163f73b7d040bd90b9d5d,{}
df5a85d3523dcd8b4dcaae72,Mute,Tysta,AntiMicroX,gui-sv-reviewed-20260920,"QObject
","Granskad filleverans. Endast färdiga, aktiva översättningar tas med; detta är inte ett påstående om separat registrerat radbeslut för varje oförändrad post.",project-context,c78cc3207bce410df45bbf4b,reviewed-file-delivery,https://github.com/yeager/translations/blob/67e6d27877c9cfd6b6dbc74bd852b10bdbe09c3c/AntiMicroX/gui-sv-reviewed-20260920.ts,22f0355841a3aff45068b5ff9c62c593486c1241c1d163f73b7d040bd90b9d5d,{}
dfa0a0a1b910a984747db20e,Yaw Right,Vrid åt höger,AntiMicroX,gui-sv-reviewed-20260920,"JoyGyroscopeButton
","Granskad filleverans. Endast färdiga, aktiva översättningar tas med; detta är inte ett påstående om separat registrerat radbeslut för varje oförändrad post.",project-context,a5b8c85ce5cae961a3e68f0b,reviewed-file-delivery,https://github.com/yeager/translations/blob/67e6d27877c9cfd6b6dbc74bd852b10bdbe09c3c/AntiMicroX/gui-sv-reviewed-20260920.ts,22f0355841a3aff45068b5ff9c62c593486c1241c1d163f73b7d040bd90b9d5d,{}
dfcc0cda77369569b978f562,Select Set 7 While Held,Välj uppsättning 7 medan den hålls nedtryckt,AntiMicroX,gui-sv-reviewed-20260920,"AdvanceButtonDialog
","Granskad filleverans. Endast färdiga, aktiva översättningar tas med; detta är inte ett påstående om separat registrerat radbeslut för varje oförändrad post.",project-context,88503ef735c8278927600a2e,reviewed-file-delivery,https://github.com/yeager/translations/blob/67e6d27877c9cfd6b6dbc74bd852b10bdbe09c3c/AntiMicroX/gui-sv-reviewed-20260920.ts,22f0355841a3aff45068b5ff9c62c593486c1241c1d163f73b7d040bd90b9d5d,{}
e016043d5ea2b39040b2c92e,Set Name Settings,Inställningar för uppsättningsnamn,AntiMicroX,gui-sv-reviewed-20260920,"SetNamesDialog
","Granskad filleverans. Endast färdiga, aktiva översättningar tas med; detta är inte ett påstående om separat registrerat radbeslut för varje oförändrad post.",project-context,a90779bf3df0f475ccd64ca1,reviewed-file-delivery,https://github.com/yeager/translations/blob/67e6d27877c9cfd6b6dbc74bd852b10bdbe09c3c/AntiMicroX/gui-sv-reviewed-20260920.ts,22f0355841a3aff45068b5ff9c62c593486c1241c1d163f73b7d040bd90b9d5d,{}
e1392ecfdeadaa58024931cf,Hide Empty Buttons,Dölj tomma knappar,AntiMicroX,gui-sv-reviewed-20260920,"MainSettingsDialog
","Granskad filleverans. Endast färdiga, aktiva översättningar tas med; detta är inte ett påstående om separat registrerat radbeslut för varje oförändrad post.",project-context,08108bf35c0253005f423084,reviewed-file-delivery,https://github.com/yeager/translations/blob/67e6d27877c9cfd6b6dbc74bd852b10bdbe09c3c/AntiMicroX/gui-sv-reviewed-20260920.ts,22f0355841a3aff45068b5ff9c62c593486c1241c1d163f73b7d040bd90b9d5d,{}
e20acf020aedaf10d0df66e1,Mouse (Inverted Vertical),Mus (omvänd vertikal),AntiMicroX,gui-sv-reviewed-20260920,"JoySensorPreset
","Granskad filleverans. Endast färdiga, aktiva översättningar tas med; detta är inte ett påstående om separat registrerat radbeslut för varje oförändrad post.",project-context,dabe1bfaadd0ba4b49dc2d40,reviewed-file-delivery,https://github.com/yeager/translations/blob/67e6d27877c9cfd6b6dbc74bd852b10bdbe09c3c/AntiMicroX/gui-sv-reviewed-20260920.ts,22f0355841a3aff45068b5ff9c62c593486c1241c1d163f73b7d040bd90b9d5d,{}
e22374cf856aa660accdd083,Set 4,Uppsättning 4,AntiMicroX,gui-sv-reviewed-20260920,"JoyTabWidget
","Granskad filleverans. Endast färdiga, aktiva översättningar tas med; detta är inte ett påstående om separat registrerat radbeslut för varje oförändrad post.",project-context,b727bd2be9b70fbcb218b14e,reviewed-file-delivery,https://github.com/yeager/translations/blob/67e6d27877c9cfd6b6dbc74bd852b10bdbe09c3c/AntiMicroX/gui-sv-reviewed-20260920.ts,22f0355841a3aff45068b5ff9c62c593486c1241c1d163f73b7d040bd90b9d5d,{}
e2758c548666ed378ad4bf30,Insert,Infoga,AntiMicroX,gui-sv-reviewed-20260920,"AdvanceButtonDialog
","Granskad filleverans. Endast färdiga, aktiva översättningar tas med; detta är inte ett påstående om separat registrerat radbeslut för varje oförändrad post.",project-context,5c4d8a580a8abf3aed2f4e28,reviewed-file-delivery,https://github.com/yeager/translations/blob/67e6d27877c9cfd6b6dbc74bd852b10bdbe09c3c/AntiMicroX/gui-sv-reviewed-20260920.ts,22f0355841a3aff45068b5ff9c62c593486c1241c1d163f73b7d040bd90b9d5d,{}
e2b90025ef11a9de042938de,Roll (°):,Rotation (°):,AntiMicroX,gui-sv-reviewed-20260920,"JoySensorEditDialog
","Granskad filleverans. Endast färdiga, aktiva översättningar tas med; detta är inte ett påstående om separat registrerat radbeslut för varje oförändrad post.",project-context,b710cc69168c5a7456f6b29b,reviewed-file-delivery,https://github.com/yeager/translations/blob/67e6d27877c9cfd6b6dbc74bd852b10bdbe09c3c/AntiMicroX/gui-sv-reviewed-20260920.ts,22f0355841a3aff45068b5ff9c62c593486c1241c1d163f73b7d040bd90b9d5d,{}
e2cd9c97f5c6cda0c345e272,Left Stick Y,Vänster styrspak Y,AntiMicroX,gui-sv-reviewed-20260920,"GameControllerMappingDialog
","Granskad filleverans. Endast färdiga, aktiva översättningar tas med; detta är inte ett påstående om separat registrerat radbeslut för varje oförändrad post.",project-context,29f774f3f885b6d7780afc7f,reviewed-file-delivery,https://github.com/yeager/translations/blob/67e6d27877c9cfd6b6dbc74bd852b10bdbe09c3c/AntiMicroX/gui-sv-reviewed-20260920.ts,22f0355841a3aff45068b5ff9c62c593486c1241c1d163f73b7d040bd90b9d5d,{}
e2ceb69d790e40df4dd33d99,Event Handler:,Händelsehanterare:,AntiMicroX,gui-sv-reviewed-20260920,"QKeyDisplayDialog
","Granskad filleverans. Endast färdiga, aktiva översättningar tas med; detta är inte ett påstående om separat registrerat radbeslut för varje oförändrad post.",project-context,f4e58541cf919f1ea90acd43,reviewed-file-delivery,https://github.com/yeager/translations/blob/67e6d27877c9cfd6b6dbc74bd852b10bdbe09c3c/AntiMicroX/gui-sv-reviewed-20260920.ts,22f0355841a3aff45068b5ff9c62c593486c1241c1d163f73b7d040bd90b9d5d,{}
e2fa8c9b14af1bd4e91dca31,Reset settings,Återställ inställningar,AntiMicroX,gui-sv-reviewed-20260920,"Calibration
","Granskad filleverans. Endast färdiga, aktiva översättningar tas med; detta är inte ett påstående om separat registrerat radbeslut för varje oförändrad post.",project-context,c32edbd05d62223d92a4d5d8,reviewed-file-delivery,https://github.com/yeager/translations/blob/67e6d27877c9cfd6b6dbc74bd852b10bdbe09c3c/AntiMicroX/gui-sv-reviewed-20260920.ts,22f0355841a3aff45068b5ff9c62c593486c1241c1d163f73b7d040bd90b9d5d,{}
e3418e99f215a07d313f563b,Mouse (Inverted Horizontal + Vertical),Mus (omvänd horisontellt och vertikalt),AntiMicroX,gui-sv-reviewed-20260920,"DPadEditDialog
","Granskad filleverans. Endast färdiga, aktiva översättningar tas med; detta är inte ett påstående om separat registrerat radbeslut för varje oförändrad post.",project-context,a061e46a1b1baa2d4ae7d5ef,reviewed-file-delivery,https://github.com/yeager/translations/blob/67e6d27877c9cfd6b6dbc74bd852b10bdbe09c3c/AntiMicroX/gui-sv-reviewed-20260920.ts,22f0355841a3aff45068b5ff9c62c593486c1241c1d163f73b7d040bd90b9d5d,{}
e38ee3538dbd004ba18f21b9,Stick/Pad Assign,Tilldelning av styrspak/riktningsplatta,AntiMicroX,gui-sv-reviewed-20260920,"JoyTabWidget
","Granskad filleverans. Endast färdiga, aktiva översättningar tas med; detta är inte ett påstående om separat registrerat radbeslut för varje oförändrad post.",project-context,50d8d13f221e6f20c3217f55,reviewed-file-delivery,https://github.com/yeager/translations/blob/67e6d27877c9cfd6b6dbc74bd852b10bdbe09c3c/AntiMicroX/gui-sv-reviewed-20260920.ts,22f0355841a3aff45068b5ff9c62c593486c1241c1d163f73b7d040bd90b9d5d,{}
e41139cd2de5c0dcf74c5052,Mouse (Horizontal),Mus (vågrät),AntiMicroX,gui-sv-reviewed-20260920,"JoyAxisContextMenu
","Granskad filleverans. Endast färdiga, aktiva översättningar tas med; detta är inte ett påstående om separat registrerat radbeslut för varje oförändrad post.",project-context,3b3f77de973dfa8e87a53dee,reviewed-file-delivery,https://github.com/yeager/translations/blob/67e6d27877c9cfd6b6dbc74bd852b10bdbe09c3c/AntiMicroX/gui-sv-reviewed-20260920.ts,22f0355841a3aff45068b5ff9c62c593486c1241c1d163f73b7d040bd90b9d5d,{}
e488f6fa42778390ec8641ba,Not checked slots,Ej markerade platser,AntiMicroX,gui-sv-reviewed-20260920,"AdvanceButtonDialog
","Granskad filleverans. Endast färdiga, aktiva översättningar tas med; detta är inte ett påstående om separat registrerat radbeslut för varje oförändrad post.",project-context,996894e4e784dee1925910ee,reviewed-file-delivery,https://github.com/yeager/translations/blob/67e6d27877c9cfd6b6dbc74bd852b10bdbe09c3c/AntiMicroX/gui-sv-reviewed-20260920.ts,22f0355841a3aff45068b5ff9c62c593486c1241c1d163f73b7d040bd90b9d5d,{}
e48bc29401eefba2ff039732,File doesn't exist,Filen finns inte,AntiMicroX,gui-sv-reviewed-20260920,"AdvanceButtonDialog
","Granskad filleverans. Endast färdiga, aktiva översättningar tas med; detta är inte ett påstående om separat registrerat radbeslut för varje oförändrad post.",project-context,b9572444c6519520ab62ac5c,reviewed-file-delivery,https://github.com/yeager/translations/blob/67e6d27877c9cfd6b6dbc74bd852b10bdbe09c3c/AntiMicroX/gui-sv-reviewed-20260920.ts,22f0355841a3aff45068b5ff9c62c593486c1241c1d163f73b7d040bd90b9d5d,{}
e674963bd5190c88200220a2,PGDN,PgDn,AntiMicroX,gui-sv-reviewed-20260920,"VirtualKeyPushButton
","Granskad filleverans. Endast färdiga, aktiva översättningar tas med; detta är inte ett påstående om separat registrerat radbeslut för varje oförändrad post.",project-context,00d54a1ac5ce39f9fa701e75,reviewed-file-delivery,https://github.com/yeager/translations/blob/67e6d27877c9cfd6b6dbc74bd852b10bdbe09c3c/AntiMicroX/gui-sv-reviewed-20260920.ts,22f0355841a3aff45068b5ff9c62c593486c1241c1d163f73b7d040bd90b9d5d,{}
e7404a84e9e31801e13f3103,Mouse (Vertical),Mus (lodrät),AntiMicroX,gui-sv-reviewed-20260920,"JoyAxisContextMenu
","Granskad filleverans. Endast färdiga, aktiva översättningar tas med; detta är inte ett påstående om separat registrerat radbeslut för varje oförändrad post.",project-context,88b59f75f2c27850feb58a49,reviewed-file-delivery,https://github.com/yeager/translations/blob/67e6d27877c9cfd6b6dbc74bd852b10bdbe09c3c/AntiMicroX/gui-sv-reviewed-20260920.ts,22f0355841a3aff45068b5ff9c62c593486c1241c1d163f73b7d040bd90b9d5d,{}
e7bb0ccca755ec2138e0fce7,List Joysticks:,Lista styrspakar:,AntiMicroX,gui-sv-reviewed-20260920,"QObject
","Granskad filleverans. Endast färdiga, aktiva översättningar tas med; detta är inte ett påstående om separat registrerat radbeslut för varje oförändrad post.",project-context,38ad94da6ae83c9ce678b2d6,reviewed-file-delivery,https://github.com/yeager/translations/blob/67e6d27877c9cfd6b6dbc74bd852b10bdbe09c3c/AntiMicroX/gui-sv-reviewed-20260920.ts,22f0355841a3aff45068b5ff9c62c593486c1241c1d163f73b7d040bd90b9d5d,{}
e7d8f03a504f78281ff74ce3,VDPad,Virtuell DPad,AntiMicroX,gui-sv-reviewed-20260920,"VDPad
","Granskad filleverans. Endast färdiga, aktiva översättningar tas med; detta är inte ett påstående om separat registrerat radbeslut för varje oförändrad post.",project-context,d6b2403c3da471e792b8308d,reviewed-file-delivery,https://github.com/yeager/translations/blob/67e6d27877c9cfd6b6dbc74bd852b10bdbe09c3c/AntiMicroX/gui-sv-reviewed-20260920.ts,22f0355841a3aff45068b5ff9c62c593486c1241c1d163f73b7d040bd90b9d5d,{}
e7f7da5ff560a41c9bec0519,DPad Up,Riktningsplatta upp,AntiMicroX,gui-sv-reviewed-20260920,"GameControllerMappingDialog
","Granskad filleverans. Endast färdiga, aktiva översättningar tas med; detta är inte ett påstående om separat registrerat radbeslut för varje oförändrad post.",project-context,7aebfda6021eea8a48a2db8c,reviewed-file-delivery,https://github.com/yeager/translations/blob/67e6d27877c9cfd6b6dbc74bd852b10bdbe09c3c/AntiMicroX/gui-sv-reviewed-20260920.ts,22f0355841a3aff45068b5ff9c62c593486c1241c1d163f73b7d040bd90b9d5d,{}
e84e7a5f3b6fa51e2510e2d0, times/s, gånger/s,AntiMicroX,gui-sv-reviewed-20260920,"MainSettingsDialog
","Granskad filleverans. Endast färdiga, aktiva översättningar tas med; detta är inte ett påstående om separat registrerat radbeslut för varje oförändrad post.",project-context,5acb53be2c2eae3ef862519d,reviewed-file-delivery,https://github.com/yeager/translations/blob/67e6d27877c9cfd6b6dbc74bd852b10bdbe09c3c/AntiMicroX/gui-sv-reviewed-20260920.ts,22f0355841a3aff45068b5ff9c62c593486c1241c1d163f73b7d040bd90b9d5d,{}
e9b990befc8794f522e69305,Arrows: Up | Down,Piltangenter: Upp | Ned,AntiMicroX,gui-sv-reviewed-20260920,"AxisEditDialog
","Granskad filleverans. Endast färdiga, aktiva översättningar tas med; detta är inte ett påstående om separat registrerat radbeslut för varje oförändrad post.",project-context,11e500ecd3b8c873e57a9393,reviewed-file-delivery,https://github.com/yeager/translations/blob/67e6d27877c9cfd6b6dbc74bd852b10bdbe09c3c/AntiMicroX/gui-sv-reviewed-20260920.ts,22f0355841a3aff45068b5ff9c62c593486c1241c1d163f73b7d040bd90b9d5d,{}
e9fe9b0de42b50491acc53d1,Cycle,Cykel,AntiMicroX,gui-sv-reviewed-20260920,"AdvanceButtonDialog
","Granskad filleverans. Endast färdiga, aktiva översättningar tas med; detta är inte ett påstående om separat registrerat radbeslut för varje oförändrad post.",project-context,86723bfcf0495a0c3f936560,reviewed-file-delivery,https://github.com/yeager/translations/blob/67e6d27877c9cfd6b6dbc74bd852b10bdbe09c3c/AntiMicroX/gui-sv-reviewed-20260920.ts,22f0355841a3aff45068b5ff9c62c593486c1241c1d163f73b7d040bd90b9d5d,{}
ea10ce467532190e3e5eb165,NumPad,Numeriskt tangentbord,AntiMicroX,gui-sv-reviewed-20260920,"DPadContextMenu
","Granskad filleverans. Endast färdiga, aktiva översättningar tas med; detta är inte ett påstående om separat registrerat radbeslut för varje oförändrad post.",project-context,fe40c539c1801b1835ae4da2,reviewed-file-delivery,https://github.com/yeager/translations/blob/67e6d27877c9cfd6b6dbc74bd852b10bdbe09c3c/AntiMicroX/gui-sv-reviewed-20260920.ts,22f0355841a3aff45068b5ff9c62c593486c1241c1d163f73b7d040bd90b9d5d,{}
ea3e1f3e68b50ae9df4da4ad,Input to calibrate:,Inmatning att kalibrera:,AntiMicroX,gui-sv-reviewed-20260920,"Calibration
","Granskad filleverans. Endast färdiga, aktiva översättningar tas med; detta är inte ett påstående om separat registrerat radbeslut för varje oförändrad post.",project-context,17e4adc06956d995c230272a,reviewed-file-delivery,https://github.com/yeager/translations/blob/67e6d27877c9cfd6b6dbc74bd852b10bdbe09c3c/AntiMicroX/gui-sv-reviewed-20260920.ts,22f0355841a3aff45068b5ff9c62c593486c1241c1d163f73b7d040bd90b9d5d,{}
eae3b87cf64a0fe62d064c91,Unknown log level: ,Okänd loggnivå:,AntiMicroX,gui-sv-reviewed-20260920,"QObject
","Granskad filleverans. Endast färdiga, aktiva översättningar tas med; detta är inte ett påstående om separat registrerat radbeslut för varje oförändrad post.",project-context,ce96e439b853c9f42ae18c0f,reviewed-file-delivery,https://github.com/yeager/translations/blob/67e6d27877c9cfd6b6dbc74bd852b10bdbe09c3c/AntiMicroX/gui-sv-reviewed-20260920.ts,22f0355841a3aff45068b5ff9c62c593486c1241c1d163f73b7d040bd90b9d5d,{}
eb1e88e131354cd18657f401,Save Log File As,Spara loggfil som,AntiMicroX,gui-sv-reviewed-20260920,"MainSettingsDialog
","Granskad filleverans. Endast färdiga, aktiva översättningar tas med; detta är inte ett påstående om separat registrerat radbeslut för varje oförändrad post.",project-context,dbe4603b2fc60392583c6384,reviewed-file-delivery,https://github.com/yeager/translations/blob/67e6d27877c9cfd6b6dbc74bd852b10bdbe09c3c/AntiMicroX/gui-sv-reviewed-20260920.ts,22f0355841a3aff45068b5ff9c62c593486c1241c1d163f73b7d040bd90b9d5d,{}
ec0a0a030e8901038dde6b23,Applications,Program,AntiMicroX,gui-sv-reviewed-20260920,"VirtualKeyboardMouseWidget
","Granskad filleverans. Endast färdiga, aktiva översättningar tas med; detta är inte ett påstående om separat registrerat radbeslut för varje oförändrad post.",project-context,8e440152a235e243e649b7c1,reviewed-file-delivery,https://github.com/yeager/translations/blob/67e6d27877c9cfd6b6dbc74bd852b10bdbe09c3c/AntiMicroX/gui-sv-reviewed-20260920.ts,22f0355841a3aff45068b5ff9c62c593486c1241c1d163f73b7d040bd90b9d5d,{}
ec3360652c9d02b4df3a9e3b,Toggle,Växla,AntiMicroX,gui-sv-reviewed-20260920,"AdvanceButtonDialog
","Granskad filleverans. Endast färdiga, aktiva översättningar tas med; detta är inte ett påstående om separat registrerat radbeslut för varje oförändrad post.",project-context,0df7425a0b20843a0b67bfe8,reviewed-file-delivery,https://github.com/yeager/translations/blob/67e6d27877c9cfd6b6dbc74bd852b10bdbe09c3c/AntiMicroX/gui-sv-reviewed-20260920.ts,22f0355841a3aff45068b5ff9c62c593486c1241c1d163f73b7d040bd90b9d5d,{}
ec3cb857bbe36748c38809c0,Pitch Down,Luta nedåt,AntiMicroX,gui-sv-reviewed-20260920,"JoyGyroscopeButton
","Granskad filleverans. Endast färdiga, aktiva översättningar tas med; detta är inte ett påstående om separat registrerat radbeslut för varje oförändrad post.",project-context,f070b5cabc4c02c9002b61a9,reviewed-file-delivery,https://github.com/yeager/translations/blob/67e6d27877c9cfd6b6dbc74bd852b10bdbe09c3c/AntiMicroX/gui-sv-reviewed-20260920.ts,22f0355841a3aff45068b5ff9c62c593486c1241c1d163f73b7d040bd90b9d5d,{}
ec6942c122ca1ac02d04f70c,Open Config,Öppna konfigurationen,AntiMicroX,gui-sv-reviewed-20260920,"EditAllDefaultAutoProfileDialog
","Granskad filleverans. Endast färdiga, aktiva översättningar tas med; detta är inte ett påstående om separat registrerat radbeslut för varje oförändrad post.",project-context,384de27fa0e78b5dfe4becaf,reviewed-file-delivery,https://github.com/yeager/translations/blob/67e6d27877c9cfd6b6dbc74bd852b10bdbe09c3c/AntiMicroX/gui-sv-reviewed-20260920.ts,22f0355841a3aff45068b5ff9c62c593486c1241c1d163f73b7d040bd90b9d5d,{}
ece41c49ba08994dcff8f745,Mouse Settings,Musinställningar,AntiMicroX,gui-sv-reviewed-20260920,"JoySensorContextMenu
","Granskad filleverans. Endast färdiga, aktiva översättningar tas med; detta är inte ett påstående om separat registrerat radbeslut för varje oförändrad post.",project-context,186288f6a87063f4fd4e5c91,reviewed-file-delivery,https://github.com/yeager/translations/blob/67e6d27877c9cfd6b6dbc74bd852b10bdbe09c3c/AntiMicroX/gui-sv-reviewed-20260920.ts,22f0355841a3aff45068b5ff9c62c593486c1241c1d163f73b7d040bd90b9d5d,{}
ed4f2db48f0882b22f2046c7,Captured Window Properties,Inhämtade fönsteregenskaper,AntiMicroX,gui-sv-reviewed-20260920,"CapturedWindowInfoDialog
","Granskad filleverans. Endast färdiga, aktiva översättningar tas med; detta är inte ett påstående om separat registrerat radbeslut för varje oförändrad post.",project-context,381f766f63caad95505fdc9f,reviewed-file-delivery,https://github.com/yeager/translations/blob/67e6d27877c9cfd6b6dbc74bd852b10bdbe09c3c/AntiMicroX/gui-sv-reviewed-20260920.ts,22f0355841a3aff45068b5ff9c62c593486c1241c1d163f73b7d040bd90b9d5d,{}
eddb067d32a23d1820765293,[NO KEY],[INGEN TANGENT],AntiMicroX,gui-sv-reviewed-20260920,"UInputHelper
","Granskad filleverans. Endast färdiga, aktiva översättningar tas med; detta är inte ett påstående om separat registrerat radbeslut för varje oförändrad post.",project-context,83405b785b7c009dee7b60c6,reviewed-file-delivery,https://github.com/yeager/translations/blob/67e6d27877c9cfd6b6dbc74bd852b10bdbe09c3c/AntiMicroX/gui-sv-reviewed-20260920.ts,22f0355841a3aff45068b5ff9c62c593486c1241c1d163f73b7d040bd90b9d5d,{}
eddb3d058dcda0a9f133fe37,Set Select,Uppsättningsval,AntiMicroX,gui-sv-reviewed-20260920,"JoyButtonContextMenu
","Granskad filleverans. Endast färdiga, aktiva översättningar tas med; detta är inte ett påstående om separat registrerat radbeslut för varje oförändrad post.",project-context,d2fec13a70896b8b5c8d4edb,reviewed-file-delivery,https://github.com/yeager/translations/blob/67e6d27877c9cfd6b6dbc74bd852b10bdbe09c3c/AntiMicroX/gui-sv-reviewed-20260920.ts,22f0355841a3aff45068b5ff9c62c593486c1241c1d163f73b7d040bd90b9d5d,{}
ee063bedf0101eb805d29bb0,Mouse (Inverted Vertical),Mus (omvänd vertikal),AntiMicroX,gui-sv-reviewed-20260920,"JoyControlStickContextMenu
","Granskad filleverans. Endast färdiga, aktiva översättningar tas med; detta är inte ett påstående om separat registrerat radbeslut för varje oförändrad post.",project-context,c2afbcd4a76cc550b3df6afd,reviewed-file-delivery,https://github.com/yeager/translations/blob/67e6d27877c9cfd6b6dbc74bd852b10bdbe09c3c/AntiMicroX/gui-sv-reviewed-20260920.ts,22f0355841a3aff45068b5ff9c62c593486c1241c1d163f73b7d040bd90b9d5d,{}
ee889c58b8c3e3a0abf53ddf,Space,Mellanslag,AntiMicroX,gui-sv-reviewed-20260920,"VirtualKeyPushButton
","Granskad filleverans. Endast färdiga, aktiva översättningar tas med; detta är inte ett påstående om separat registrerat radbeslut för varje oförändrad post.",project-context,caacc5219286e33626a00d19,reviewed-file-delivery,https://github.com/yeager/translations/blob/67e6d27877c9cfd6b6dbc74bd852b10bdbe09c3c/AntiMicroX/gui-sv-reviewed-20260920.ts,22f0355841a3aff45068b5ff9c62c593486c1241c1d163f73b7d040bd90b9d5d,{}
eeb24302bc964819506e4926,Toggle,Växla,AntiMicroX,gui-sv-reviewed-20260920,"JoyButtonContextMenu
","Granskad filleverans. Endast färdiga, aktiva översättningar tas med; detta är inte ett påstående om separat registrerat radbeslut för varje oförändrad post.",project-context,e7c4c61e6e281c081264a240,reviewed-file-delivery,https://github.com/yeager/translations/blob/67e6d27877c9cfd6b6dbc74bd852b10bdbe09c3c/AntiMicroX/gui-sv-reviewed-20260920.ts,22f0355841a3aff45068b5ff9c62c593486c1241c1d163f73b7d040bd90b9d5d,{}
eed7afdd28574a599e9cf8a6,Mouse Settings - ,Musinställningar - ,AntiMicroX,gui-sv-reviewed-20260920,"MouseAxisSettingsDialog
","Granskad filleverans. Endast färdiga, aktiva översättningar tas med; detta är inte ett påstående om separat registrerat radbeslut för varje oförändrad post.",project-context,c945cf37e1f57d68b4791030,reviewed-file-delivery,https://github.com/yeager/translations/blob/67e6d27877c9cfd6b6dbc74bd852b10bdbe09c3c/AntiMicroX/gui-sv-reviewed-20260920.ts,22f0355841a3aff45068b5ff9c62c593486c1241c1d163f73b7d040bd90b9d5d,{}
ef43440dfc3e98130f078149,Tab,Tabb,AntiMicroX,gui-sv-reviewed-20260920,"VirtualKeyPushButton
","Granskad filleverans. Endast färdiga, aktiva översättningar tas med; detta är inte ett påstående om separat registrerat radbeslut för varje oförändrad post.",project-context,313c0c3448e1e13f106ce49f,reviewed-file-delivery,https://github.com/yeager/translations/blob/67e6d27877c9cfd6b6dbc74bd852b10bdbe09c3c/AntiMicroX/gui-sv-reviewed-20260920.ts,22f0355841a3aff45068b5ff9c62c593486c1241c1d163f73b7d040bd90b9d5d,{}
ef47b18566b09bcb787b86e8,Next,Nästa,AntiMicroX,gui-sv-reviewed-20260920,"QObject
","Granskad filleverans. Endast färdiga, aktiva översättningar tas med; detta är inte ett påstående om separat registrerat radbeslut för varje oförändrad post.",project-context,5c149aab346f03d6719bf720,reviewed-file-delivery,https://github.com/yeager/translations/blob/67e6d27877c9cfd6b6dbc74bd852b10bdbe09c3c/AntiMicroX/gui-sv-reviewed-20260920.ts,22f0355841a3aff45068b5ff9c62c593486c1241c1d163f73b7d040bd90b9d5d,{}
ef6b9cf5079455f633bb49ac,Pause,Paus,AntiMicroX,gui-sv-reviewed-20260920,"UInputHelper
","Granskad filleverans. Endast färdiga, aktiva översättningar tas med; detta är inte ett påstående om separat registrerat radbeslut för varje oförändrad post.",project-context,8620387883a74204966456a8,reviewed-file-delivery,https://github.com/yeager/translations/blob/67e6d27877c9cfd6b6dbc74bd852b10bdbe09c3c/AntiMicroX/gui-sv-reviewed-20260920.ts,22f0355841a3aff45068b5ff9c62c593486c1241c1d163f73b7d040bd90b9d5d,{}
ef83defe08e7c1b7c90431ea,Refresh Rate:,Uppdateringsintervall:,AntiMicroX,gui-sv-reviewed-20260920,"MainSettingsDialog
","Granskad filleverans. Endast färdiga, aktiva översättningar tas med; detta är inte ett påstående om separat registrerat radbeslut för varje oförändrad post.",project-context,4b1982bd4208d8c9fd4f4fbe,reviewed-file-delivery,https://github.com/yeager/translations/blob/67e6d27877c9cfd6b6dbc74bd852b10bdbe09c3c/AntiMicroX/gui-sv-reviewed-20260920.ts,22f0355841a3aff45068b5ff9c62c593486c1241c1d163f73b7d040bd90b9d5d,{}
efeaa7d7c5ed1a7f6bd3855b,Details,Detaljer,AntiMicroX,gui-sv-reviewed-20260920,"JoystickStatusWindow
","Granskad filleverans. Endast färdiga, aktiva översättningar tas med; detta är inte ett påstående om separat registrerat radbeslut för varje oförändrad post.",project-context,d5eabe155936a226a429a1fc,reviewed-file-delivery,https://github.com/yeager/translations/blob/67e6d27877c9cfd6b6dbc74bd852b10bdbe09c3c/AntiMicroX/gui-sv-reviewed-20260920.ts,22f0355841a3aff45068b5ff9c62c593486c1241c1d163f73b7d040bd90b9d5d,{}
f03128c5b341e72262a970ab,Next,Nästa,AntiMicroX,gui-sv-reviewed-20260920,"UInputHelper
","Granskad filleverans. Endast färdiga, aktiva översättningar tas med; detta är inte ett påstående om separat registrerat radbeslut för varje oförändrad post.",project-context,8be2e83ed9a5a9a778faefc2,reviewed-file-delivery,https://github.com/yeager/translations/blob/67e6d27877c9cfd6b6dbc74bd852b10bdbe09c3c/AntiMicroX/gui-sv-reviewed-20260920.ts,22f0355841a3aff45068b5ff9c62c593486c1241c1d163f73b7d040bd90b9d5d,{}
f06c68e97ae72ecde5bd10e0,Quick Set,Snabbinställning,AntiMicroX,gui-sv-reviewed-20260920,"JoyTabWidget
","Granskad filleverans. Endast färdiga, aktiva översättningar tas med; detta är inte ett påstående om separat registrerat radbeslut för varje oförändrad post.",project-context,0226dbb7cf0431e0693511c8,reviewed-file-delivery,https://github.com/yeager/translations/blob/67e6d27877c9cfd6b6dbc74bd852b10bdbe09c3c/AntiMicroX/gui-sv-reviewed-20260920.ts,22f0355841a3aff45068b5ff9c62c593486c1241c1d163f73b7d040bd90b9d5d,{}
f14bca37e34e852fcd8de368,Window:,Fönster:,AntiMicroX,gui-sv-reviewed-20260920,"AddEditAutoProfileDialog
","Granskad filleverans. Endast färdiga, aktiva översättningar tas med; detta är inte ett påstående om separat registrerat radbeslut för varje oförändrad post.",project-context,ab290d2805216daa54984d9c,reviewed-file-delivery,https://github.com/yeager/translations/blob/67e6d27877c9cfd6b6dbc74bd852b10bdbe09c3c/AntiMicroX/gui-sv-reviewed-20260920.ts,22f0355841a3aff45068b5ff9c62c593486c1241c1d163f73b7d040bd90b9d5d,{}
f1c271d15f7052e4e6fd0e74,Delay:,Fördröjning:,AntiMicroX,gui-sv-reviewed-20260920,"AdvanceButtonDialog
","Granskad filleverans. Endast färdiga, aktiva översättningar tas med; detta är inte ett påstående om separat registrerat radbeslut för varje oförändrad post.",project-context,f4788510e8499de542174a29,reviewed-file-delivery,https://github.com/yeager/translations/blob/67e6d27877c9cfd6b6dbc74bd852b10bdbe09c3c/AntiMicroX/gui-sv-reviewed-20260920.ts,22f0355841a3aff45068b5ff9c62c593486c1241c1d163f73b7d040bd90b9d5d,{}
f1df36327974535d31ca8139,Keys: W | S,Tangenter: W | S,AntiMicroX,gui-sv-reviewed-20260920,"JoyAxisContextMenu
","Granskad filleverans. Endast färdiga, aktiva översättningar tas med; detta är inte ett påstående om separat registrerat radbeslut för varje oförändrad post.",project-context,bc624523866c488c0a3958a6,reviewed-file-delivery,https://github.com/yeager/translations/blob/67e6d27877c9cfd6b6dbc74bd852b10bdbe09c3c/AntiMicroX/gui-sv-reviewed-20260920.ts,22f0355841a3aff45068b5ff9c62c593486c1241c1d163f73b7d040bd90b9d5d,{}
f22b9e699818226608ddfd67,Browser Home,Webbläsarens startsida,AntiMicroX,gui-sv-reviewed-20260920,"VirtualKeyboardMouseWidget
","Granskad filleverans. Endast färdiga, aktiva översättningar tas med; detta är inte ett påstående om separat registrerat radbeslut för varje oförändrad post.",project-context,fd4e9dd0bd04a7b1a4ef603f,reviewed-file-delivery,https://github.com/yeager/translations/blob/67e6d27877c9cfd6b6dbc74bd852b10bdbe09c3c/AntiMicroX/gui-sv-reviewed-20260920.ts,22f0355841a3aff45068b5ff9c62c593486c1241c1d163f73b7d040bd90b9d5d,{}
f235fa4835657f5ba016e3c0,Left,Vänster,AntiMicroX,gui-sv-reviewed-20260920,"VirtualKeyboardMouseWidget
Mouse","Granskad filleverans. Endast färdiga, aktiva översättningar tas med; detta är inte ett påstående om separat registrerat radbeslut för varje oförändrad post.",project-context,d029c0e1df74386809e45ad2,reviewed-file-delivery,https://github.com/yeager/translations/blob/67e6d27877c9cfd6b6dbc74bd852b10bdbe09c3c/AntiMicroX/gui-sv-reviewed-20260920.ts,22f0355841a3aff45068b5ff9c62c593486c1241c1d163f73b7d040bd90b9d5d,{}
f25381af2a2c14eeb974f50a,Select Program,Välj program,AntiMicroX,gui-sv-reviewed-20260920,"AddEditAutoProfileDialog
","Granskad filleverans. Endast färdiga, aktiva översättningar tas med; detta är inte ett påstående om separat registrerat radbeslut för varje oförändrad post.",project-context,c505659693fdbc9668a0c77f,reviewed-file-delivery,https://github.com/yeager/translations/blob/67e6d27877c9cfd6b6dbc74bd852b10bdbe09c3c/AntiMicroX/gui-sv-reviewed-20260920.ts,22f0355841a3aff45068b5ff9c62c593486c1241c1d163f73b7d040bd90b9d5d,{}
f26971b7444d6ecf94e1a385,Select Set 1 One Way,Välj uppsättning 1 enkelriktat,AntiMicroX,gui-sv-reviewed-20260920,"AdvanceButtonDialog
","Granskad filleverans. Endast färdiga, aktiva översättningar tas med; detta är inte ett påstående om separat registrerat radbeslut för varje oförändrad post.",project-context,bcc9a1cd027349c870d86fa1,reviewed-file-delivery,https://github.com/yeager/translations/blob/67e6d27877c9cfd6b6dbc74bd852b10bdbe09c3c/AntiMicroX/gui-sv-reviewed-20260920.ts,22f0355841a3aff45068b5ff9c62c593486c1241c1d163f73b7d040bd90b9d5d,{}
f2a03d1e340e71c747ea626f,Right Trigger,Höger avtryckare,AntiMicroX,gui-sv-reviewed-20260920,"GameControllerMappingDialog
","Granskad filleverans. Endast färdiga, aktiva översättningar tas med; detta är inte ett påstående om separat registrerat radbeslut för varje oförändrad post.",project-context,4ad483f0e41eed191fd8f2b5,reviewed-file-delivery,https://github.com/yeager/translations/blob/67e6d27877c9cfd6b6dbc74bd852b10bdbe09c3c/AntiMicroX/gui-sv-reviewed-20260920.ts,22f0355841a3aff45068b5ff9c62c593486c1241c1d163f73b7d040bd90b9d5d,{}
f2eb3f5acb4f0aa457691e18,Right Mouse Button,Höger musknapp,AntiMicroX,gui-sv-reviewed-20260920,"AxisEditDialog
","Granskad filleverans. Endast färdiga, aktiva översättningar tas med; detta är inte ett påstående om separat registrerat radbeslut för varje oförändrad post.",project-context,357e702da12a0aaf75097a8b,reviewed-file-delivery,https://github.com/yeager/translations/blob/67e6d27877c9cfd6b6dbc74bd852b10bdbe09c3c/AntiMicroX/gui-sv-reviewed-20260920.ts,22f0355841a3aff45068b5ff9c62c593486c1241c1d163f73b7d040bd90b9d5d,{}
f33d58df1dccdc9c59a892dd,S&ettings,&Inställningar,AntiMicroX,gui-sv-reviewed-20260920,"MainWindow
","Granskad filleverans. Endast färdiga, aktiva översättningar tas med; detta är inte ett påstående om separat registrerat radbeslut för varje oförändrad post.",project-context,73b30e4981668c11d79d447e,reviewed-file-delivery,https://github.com/yeager/translations/blob/67e6d27877c9cfd6b6dbc74bd852b10bdbe09c3c/AntiMicroX/gui-sv-reviewed-20260920.ts,22f0355841a3aff45068b5ff9c62c593486c1241c1d163f73b7d040bd90b9d5d,{}
f51320e35793bc1b91070e50,Mouse (Inverted Horizontal),Mus (omvänd horisontell),AntiMicroX,gui-sv-reviewed-20260920,"JoyAxisContextMenu
","Granskad filleverans. Endast färdiga, aktiva översättningar tas med; detta är inte ett påstående om separat registrerat radbeslut för varje oförändrad post.",project-context,5a52746126ae7dc099b0d126,reviewed-file-delivery,https://github.com/yeager/translations/blob/67e6d27877c9cfd6b6dbc74bd852b10bdbe09c3c/AntiMicroX/gui-sv-reviewed-20260920.ts,22f0355841a3aff45068b5ff9c62c593486c1241c1d163f73b7d040bd90b9d5d,{}
f5206adc910f6922346ac72a,Attach the numeric keypad,Anslut det numeriska tangentbordet,AntiMicroX,gui-sv-reviewed-20260920,"ButtonEditDialog
","Granskad filleverans. Endast färdiga, aktiva översättningar tas med; detta är inte ett påstående om separat registrerat radbeslut för varje oförändrad post.",project-context,535dfe1424204b620c44d551,reviewed-file-delivery,https://github.com/yeager/translations/blob/67e6d27877c9cfd6b6dbc74bd852b10bdbe09c3c/AntiMicroX/gui-sv-reviewed-20260920.ts,22f0355841a3aff45068b5ff9c62c593486c1241c1d163f73b7d040bd90b9d5d,{}
f5efafd3416b5d293122aa7f,Shift (L),Skift (V),AntiMicroX,gui-sv-reviewed-20260920,"VirtualKeyPushButton
","Granskad filleverans. Endast färdiga, aktiva översättningar tas med; detta är inte ett påstående om separat registrerat radbeslut för varje oförändrad post.",project-context,89e5f20bcd33b2d3142802fe,reviewed-file-delivery,https://github.com/yeager/translations/blob/67e6d27877c9cfd6b6dbc74bd852b10bdbe09c3c/AntiMicroX/gui-sv-reviewed-20260920.ts,22f0355841a3aff45068b5ff9c62c593486c1241c1d163f73b7d040bd90b9d5d,{}
f600acf9f9eba02cb1aaa126,Mouse (Inverted Horizontal + Vertical),Mus (omvänd horisontellt och vertikalt),AntiMicroX,gui-sv-reviewed-20260920,"JoyControlStickEditDialog
","Granskad filleverans. Endast färdiga, aktiva översättningar tas med; detta är inte ett påstående om separat registrerat radbeslut för varje oförändrad post.",project-context,0bb85574559ea0189cbd61f1,reviewed-file-delivery,https://github.com/yeager/translations/blob/67e6d27877c9cfd6b6dbc74bd852b10bdbe09c3c/AntiMicroX/gui-sv-reviewed-20260920.ts,22f0355841a3aff45068b5ff9c62c593486c1241c1d163f73b7d040bd90b9d5d,{}
f62b6235f316b24e27cc843e,Toggle,Växla,AntiMicroX,gui-sv-reviewed-20260920,"ButtonEditDialog
","Granskad filleverans. Endast färdiga, aktiva översättningar tas med; detta är inte ett påstående om separat registrerat radbeslut för varje oförändrad post.",project-context,007f2f128a7fe6da97eff496,reviewed-file-delivery,https://github.com/yeager/translations/blob/67e6d27877c9cfd6b6dbc74bd852b10bdbe09c3c/AntiMicroX/gui-sv-reviewed-20260920.ts,22f0355841a3aff45068b5ff9c62c593486c1241c1d163f73b7d040bd90b9d5d,{}
f639e5d9b6cb6c04ddf53033,NumPad: KP_8 | KP_2,Numeriskt tangentbord: KP_8 | KP_2,AntiMicroX,gui-sv-reviewed-20260920,"AxisEditDialog
","Granskad filleverans. Endast färdiga, aktiva översättningar tas med; detta är inte ett påstående om separat registrerat radbeslut för varje oförändrad post.",project-context,15a4f7ca3b8fed33d789d055,reviewed-file-delivery,https://github.com/yeager/translations/blob/67e6d27877c9cfd6b6dbc74bd852b10bdbe09c3c/AntiMicroX/gui-sv-reviewed-20260920.ts,22f0355841a3aff45068b5ff9c62c593486c1241c1d163f73b7d040bd90b9d5d,{}
f68879cf09800812e54783d2,Buttons:,Knappar:,AntiMicroX,gui-sv-reviewed-20260920,"JoystickStatusWindow
","Granskad filleverans. Endast färdiga, aktiva översättningar tas med; detta är inte ett påstående om separat registrerat radbeslut för varje oförändrad post.",project-context,b9400738a4bc07034bf3d74c,reviewed-file-delivery,https://github.com/yeager/translations/blob/67e6d27877c9cfd6b6dbc74bd852b10bdbe09c3c/AntiMicroX/gui-sv-reviewed-20260920.ts,22f0355841a3aff45068b5ff9c62c593486c1241c1d163f73b7d040bd90b9d5d,{}
f689faf08e9956f621ee78ff,Select Set 4 One Way,Välj uppsättning 4 enkelriktat,AntiMicroX,gui-sv-reviewed-20260920,"AdvanceButtonDialog
","Granskad filleverans. Endast färdiga, aktiva översättningar tas med; detta är inte ett påstående om separat registrerat radbeslut för varje oförändrad post.",project-context,b2edd37708ed54bd652d4622,reviewed-file-delivery,https://github.com/yeager/translations/blob/67e6d27877c9cfd6b6dbc74bd852b10bdbe09c3c/AntiMicroX/gui-sv-reviewed-20260920.ts,22f0355841a3aff45068b5ff9c62c593486c1241c1d163f73b7d040bd90b9d5d,{}
f6936531d383d9549f140be8,Release,Släpp,AntiMicroX,gui-sv-reviewed-20260920,"AdvanceButtonDialog
","Granskad filleverans. Endast färdiga, aktiva översättningar tas med; detta är inte ett påstående om separat registrerat radbeslut för varje oförändrad post.",project-context,821cbafe8a7cb62d2162476e,reviewed-file-delivery,https://github.com/yeager/translations/blob/67e6d27877c9cfd6b6dbc74bd852b10bdbe09c3c/AntiMicroX/gui-sv-reviewed-20260920.ts,22f0355841a3aff45068b5ff9c62c593486c1241c1d163f73b7d040bd90b9d5d,{}
f6c33763bc2d76864dcf9812,gain,förstärkning,AntiMicroX,gui-sv-reviewed-20260920,"Calibration
","Granskad filleverans. Endast färdiga, aktiva översättningar tas med; detta är inte ett påstående om separat registrerat radbeslut för varje oförändrad post.",project-context,bdb957b809035eb0b75e59ee,reviewed-file-delivery,https://github.com/yeager/translations/blob/67e6d27877c9cfd6b6dbc74bd852b10bdbe09c3c/AntiMicroX/gui-sv-reviewed-20260920.ts,22f0355841a3aff45068b5ff9c62c593486c1241c1d163f73b7d040bd90b9d5d,{}
f775d44da77677baed1160e6,Path,Sökväg,AntiMicroX,gui-sv-reviewed-20260920,"CapturedWindowInfoDialog
","Granskad filleverans. Endast färdiga, aktiva översättningar tas med; detta är inte ett påstående om separat registrerat radbeslut för varje oförändrad post.",project-context,bebbfa72cd95e32a6b06bf9b,reviewed-file-delivery,https://github.com/yeager/translations/blob/67e6d27877c9cfd6b6dbc74bd852b10bdbe09c3c/AntiMicroX/gui-sv-reviewed-20260920.ts,22f0355841a3aff45068b5ff9c62c593486c1241c1d163f73b7d040bd90b9d5d,{}
f7d804b9d35beb789199ae6e,PRTSC,PrtSc,AntiMicroX,gui-sv-reviewed-20260920,"VirtualKeyPushButton
","Granskad filleverans. Endast färdiga, aktiva översättningar tas med; detta är inte ett påstående om separat registrerat radbeslut för varje oförändrad post.",project-context,5ee91e164f871b977f175d95,reviewed-file-delivery,https://github.com/yeager/translations/blob/67e6d27877c9cfd6b6dbc74bd852b10bdbe09c3c/AntiMicroX/gui-sv-reviewed-20260920.ts,22f0355841a3aff45068b5ff9c62c593486c1241c1d163f73b7d040bd90b9d5d,{}
f809d6b89369ddc3f5d1100e,Load,Ladda,AntiMicroX,gui-sv-reviewed-20260920,"AdvanceButtonDialog
","Granskad filleverans. Endast färdiga, aktiva översättningar tas med; detta är inte ett påstående om separat registrerat radbeslut för varje oförändrad post.",project-context,6c4ae1cc75e68efd7c306b0e,reviewed-file-delivery,https://github.com/yeager/translations/blob/67e6d27877c9cfd6b6dbc74bd852b10bdbe09c3c/AntiMicroX/gui-sv-reviewed-20260920.ts,22f0355841a3aff45068b5ff9c62c593486c1241c1d163f73b7d040bd90b9d5d,{}
f81576691f634cff3da75bc6,Middle Button,Mittenknapp,AntiMicroX,gui-sv-reviewed-20260920,"VirtualKeyboardMouseWidget
Mouse","Granskad filleverans. Endast färdiga, aktiva översättningar tas med; detta är inte ett påstående om separat registrerat radbeslut för varje oförändrad post.",project-context,1b45febc4163e73eb8521369,reviewed-file-delivery,https://github.com/yeager/translations/blob/67e6d27877c9cfd6b6dbc74bd852b10bdbe09c3c/AntiMicroX/gui-sv-reviewed-20260920.ts,22f0355841a3aff45068b5ff9c62c593486c1241c1d163f73b7d040bd90b9d5d,{}
f8797c47f342fd7324c6fddd,VolUp,Höj volymen,AntiMicroX,gui-sv-reviewed-20260920,"UInputHelper
","Granskad filleverans. Endast färdiga, aktiva översättningar tas med; detta är inte ett påstående om separat registrerat radbeslut för varje oförändrad post.",project-context,f82a0466220f4081046d7759,reviewed-file-delivery,https://github.com/yeager/translations/blob/67e6d27877c9cfd6b6dbc74bd852b10bdbe09c3c/AntiMicroX/gui-sv-reviewed-20260920.ts,22f0355841a3aff45068b5ff9c62c593486c1241c1d163f73b7d040bd90b9d5d,{}
f8941d4e3ce0bc6be49dec04,Wheel Down,Mushjul ned,AntiMicroX,gui-sv-reviewed-20260920,"VirtualKeyboardMouseWidget
Mouse","Granskad filleverans. Endast färdiga, aktiva översättningar tas med; detta är inte ett påstående om separat registrerat radbeslut för varje oförändrad post.",project-context,a0bdef327c70a25b6f6bec8f,reviewed-file-delivery,https://github.com/yeager/translations/blob/67e6d27877c9cfd6b6dbc74bd852b10bdbe09c3c/AntiMicroX/gui-sv-reviewed-20260920.ts,22f0355841a3aff45068b5ff9c62c593486c1241c1d163f73b7d040bd90b9d5d,{}
f8a24d574815e713a7966bd4,&App,&Program,AntiMicroX,gui-sv-reviewed-20260920,"MainWindow
","Granskad filleverans. Endast färdiga, aktiva översättningar tas med; detta är inte ett påstående om separat registrerat radbeslut för varje oförändrad post.",project-context,aa03e11a555acf1614a1d47f,reviewed-file-delivery,https://github.com/yeager/translations/blob/67e6d27877c9cfd6b6dbc74bd852b10bdbe09c3c/AntiMicroX/gui-sv-reviewed-20260920.ts,22f0355841a3aff45068b5ff9c62c593486c1241c1d163f73b7d040bd90b9d5d,{}
f8abc328b00ccd424c29de8a,Mouse (Inverted Horizontal),Mus (omvänd horisontell),AntiMicroX,gui-sv-reviewed-20260920,"JoyControlStickContextMenu
","Granskad filleverans. Endast färdiga, aktiva översättningar tas med; detta är inte ett påstående om separat registrerat radbeslut för varje oförändrad post.",project-context,ac6da8ecc8b57bd95e464dee,reviewed-file-delivery,https://github.com/yeager/translations/blob/67e6d27877c9cfd6b6dbc74bd852b10bdbe09c3c/AntiMicroX/gui-sv-reviewed-20260920.ts,22f0355841a3aff45068b5ff9c62c593486c1241c1d163f73b7d040bd90b9d5d,{}
f8ad58d067bbc6582a0cfd29,antimicro Key Value:,AntiMicroX-tangentvärde:,AntiMicroX,gui-sv-reviewed-20260920,"QKeyDisplayDialog
","Granskad filleverans. Endast färdiga, aktiva översättningar tas med; detta är inte ett påstående om separat registrerat radbeslut för varje oförändrad post.",project-context,16d1a64eabd4227206cc8db2,reviewed-file-delivery,https://github.com/yeager/translations/blob/67e6d27877c9cfd6b6dbc74bd852b10bdbe09c3c/AntiMicroX/gui-sv-reviewed-20260920.ts,22f0355841a3aff45068b5ff9c62c593486c1241c1d163f73b7d040bd90b9d5d,{}
f91d7552a0c6e1dd8025e5ae,Eight Way,Åtta riktningar,AntiMicroX,gui-sv-reviewed-20260920,"DPadContextMenu
","Granskad filleverans. Endast färdiga, aktiva översättningar tas med; detta är inte ett påstående om separat registrerat radbeslut för varje oförändrad post.",project-context,20f20f021ca940d656ac9926,reviewed-file-delivery,https://github.com/yeager/translations/blob/67e6d27877c9cfd6b6dbc74bd852b10bdbe09c3c/AntiMicroX/gui-sv-reviewed-20260920.ts,22f0355841a3aff45068b5ff9c62c593486c1241c1d163f73b7d040bd90b9d5d,{}
f99ff9edba7a8bfc07d52abf,Seconds,Sekunder,AntiMicroX,gui-sv-reviewed-20260920,"WinAppProfileTimerDialog
","Granskad filleverans. Endast färdiga, aktiva översättningar tas med; detta är inte ett påstående om separat registrerat radbeslut för varje oförändrad post.",project-context,5fb0a3818c8fb0fded874d74,reviewed-file-delivery,https://github.com/yeager/translations/blob/67e6d27877c9cfd6b6dbc74bd852b10bdbe09c3c/AntiMicroX/gui-sv-reviewed-20260920.ts,22f0355841a3aff45068b5ff9c62c593486c1241c1d163f73b7d040bd90b9d5d,{}
f9bcdc5ffc137aeeadf0f711,Super_L,Vänster Super,AntiMicroX,gui-sv-reviewed-20260920,"UInputHelper
","Granskad filleverans. Endast färdiga, aktiva översättningar tas med; detta är inte ett påstående om separat registrerat radbeslut för varje oförändrad post.",project-context,3e2468c1f54135fc2ca37263,reviewed-file-delivery,https://github.com/yeager/translations/blob/67e6d27877c9cfd6b6dbc74bd852b10bdbe09c3c/AntiMicroX/gui-sv-reviewed-20260920.ts,22f0355841a3aff45068b5ff9c62c593486c1241c1d163f73b7d040bd90b9d5d,{}
f9ef2b00b76ed9d4d5152e61,Dead Zone:,Dödzon:,AntiMicroX,gui-sv-reviewed-20260920,"AxisEditDialog
","Granskad filleverans. Endast färdiga, aktiva översättningar tas med; detta är inte ett påstående om separat registrerat radbeslut för varje oförändrad post.",project-context,d733b37c9f6a913092f704e7,reviewed-file-delivery,https://github.com/yeager/translations/blob/67e6d27877c9cfd6b6dbc74bd852b10bdbe09c3c/AntiMicroX/gui-sv-reviewed-20260920.ts,22f0355841a3aff45068b5ff9c62c593486c1241c1d163f73b7d040bd90b9d5d,{}
fa07ddc6dd8514dd4cd10b8d,Hold,Håll,AntiMicroX,gui-sv-reviewed-20260920,"JoyButtonSlot
","Granskad filleverans. Endast färdiga, aktiva översättningar tas med; detta är inte ett påstående om separat registrerat radbeslut för varje oförändrad post.",project-context,77723d73feee6e35b3983c29,reviewed-file-delivery,https://github.com/yeager/translations/blob/67e6d27877c9cfd6b6dbc74bd852b10bdbe09c3c/AntiMicroX/gui-sv-reviewed-20260920.ts,22f0355841a3aff45068b5ff9c62c593486c1241c1d163f73b7d040bd90b9d5d,{}
fa236b80f9d122d19efd3d05,Shift_R,Höger Skift,AntiMicroX,gui-sv-reviewed-20260920,"UInputHelper
","Granskad filleverans. Endast färdiga, aktiva översättningar tas med; detta är inte ett påstående om separat registrerat radbeslut för varje oförändrad post.",project-context,0de7258723b310ec78f67c0f,reviewed-file-delivery,https://github.com/yeager/translations/blob/67e6d27877c9cfd6b6dbc74bd852b10bdbe09c3c/AntiMicroX/gui-sv-reviewed-20260920.ts,22f0355841a3aff45068b5ff9c62c593486c1241c1d163f73b7d040bd90b9d5d,{}
fa4a6cc546c10142d665e358,Pause,Paus,AntiMicroX,gui-sv-reviewed-20260920,"QObject
","Granskad filleverans. Endast färdiga, aktiva översättningar tas med; detta är inte ett påstående om separat registrerat radbeslut för varje oförändrad post.",project-context,7b75675290163903293cd35d,reviewed-file-delivery,https://github.com/yeager/translations/blob/67e6d27877c9cfd6b6dbc74bd852b10bdbe09c3c/AntiMicroX/gui-sv-reviewed-20260920.ts,22f0355841a3aff45068b5ff9c62c593486c1241c1d163f73b7d040bd90b9d5d,{}
fa68f888b8997c9e338cec2f,Play/Pause,Spela upp/Pausa,AntiMicroX,gui-sv-reviewed-20260920,"QObject
","Granskad filleverans. Endast färdiga, aktiva översättningar tas med; detta är inte ett påstående om separat registrerat radbeslut för varje oförändrad post.",project-context,d74d1b099ebff2c1d47df286,reviewed-file-delivery,https://github.com/yeager/translations/blob/67e6d27877c9cfd6b6dbc74bd852b10bdbe09c3c/AntiMicroX/gui-sv-reviewed-20260920.ts,22f0355841a3aff45068b5ff9c62c593486c1241c1d163f73b7d040bd90b9d5d,{}
fb7fdc205b7da6d22c8e3bf9,Device,Enhet,AntiMicroX,gui-sv-reviewed-20260920,"MainSettingsDialog
","Granskad filleverans. Endast färdiga, aktiva översättningar tas med; detta är inte ett påstående om separat registrerat radbeslut för varje oförändrad post.",project-context,356430eb9644cc60c70e0ba7,reviewed-file-delivery,https://github.com/yeager/translations/blob/67e6d27877c9cfd6b6dbc74bd852b10bdbe09c3c/AntiMicroX/gui-sv-reviewed-20260920.ts,22f0355841a3aff45068b5ff9c62c593486c1241c1d163f73b7d040bd90b9d5d,{}
fc088bc8581387b8bf6a9848,Names,Namn,AntiMicroX,gui-sv-reviewed-20260920,"JoyTabWidget
","Granskad filleverans. Endast färdiga, aktiva översättningar tas med; detta är inte ett påstående om separat registrerat radbeslut för varje oförändrad post.",project-context,4e0ce7387b0d4803bad063d4,reviewed-file-delivery,https://github.com/yeager/translations/blob/67e6d27877c9cfd6b6dbc74bd852b10bdbe09c3c/AntiMicroX/gui-sv-reviewed-20260920.ts,22f0355841a3aff45068b5ff9c62c593486c1241c1d163f73b7d040bd90b9d5d,{}
fc12227d8b857b452eb27242,Ctrl (L),Ctrl (V),AntiMicroX,gui-sv-reviewed-20260920,"VirtualKeyPushButton
","Granskad filleverans. Endast färdiga, aktiva översättningar tas med; detta är inte ett påstående om separat registrerat radbeslut för varje oförändrad post.",project-context,caa1d47b0da1a3eb7fdd37c4,reviewed-file-delivery,https://github.com/yeager/translations/blob/67e6d27877c9cfd6b6dbc74bd852b10bdbe09c3c/AntiMicroX/gui-sv-reviewed-20260920.ts,22f0355841a3aff45068b5ff9c62c593486c1241c1d163f73b7d040bd90b9d5d,{}
fc258c4778233b283ae7a3de,Disabled,Inaktiverad,AntiMicroX,gui-sv-reviewed-20260920,"AdvanceButtonDialog
","Granskad filleverans. Endast färdiga, aktiva översättningar tas med; detta är inte ett påstående om separat registrerat radbeslut för varje oförändrad post.",project-context,66239ad9a4fa06f844b97756,reviewed-file-delivery,https://github.com/yeager/translations/blob/67e6d27877c9cfd6b6dbc74bd852b10bdbe09c3c/AntiMicroX/gui-sv-reviewed-20260920.ts,22f0355841a3aff45068b5ff9c62c593486c1241c1d163f73b7d040bd90b9d5d,{}
fd9e2697bb20f799df80fd81,Pro&file:,Pro&fil:,AntiMicroX,gui-sv-reviewed-20260920,"AddEditAutoProfileDialog
","Granskad filleverans. Endast färdiga, aktiva översättningar tas med; detta är inte ett påstående om separat registrerat radbeslut för varje oförändrad post.",project-context,f60857f3aa37bf538a2235e0,reviewed-file-delivery,https://github.com/yeager/translations/blob/67e6d27877c9cfd6b6dbc74bd852b10bdbe09c3c/AntiMicroX/gui-sv-reviewed-20260920.ts,22f0355841a3aff45068b5ff9c62c593486c1241c1d163f73b7d040bd90b9d5d,{}
fdffa0c190071d65c83d421e,Split,Dela,AntiMicroX,gui-sv-reviewed-20260920,"AdvanceButtonDialog
","Granskad filleverans. Endast färdiga, aktiva översättningar tas med; detta är inte ett påstående om separat registrerat radbeslut för varje oförändrad post.",project-context,2ae130fb0868f41ef8572608,reviewed-file-delivery,https://github.com/yeager/translations/blob/67e6d27877c9cfd6b6dbc74bd852b10bdbe09c3c/AntiMicroX/gui-sv-reviewed-20260920.ts,22f0355841a3aff45068b5ff9c62c593486c1241c1d163f73b7d040bd90b9d5d,{}
fe4a33d65923b3e2e7dd2c6a,Mouse Settings,Musinställningar,AntiMicroX,gui-sv-reviewed-20260920,"MouseSettingsDialog
","Granskad filleverans. Endast färdiga, aktiva översättningar tas med; detta är inte ett påstående om separat registrerat radbeslut för varje oförändrad post.",project-context,1e793c6072ec7cf3f02c77b9,reviewed-file-delivery,https://github.com/yeager/translations/blob/67e6d27877c9cfd6b6dbc74bd852b10bdbe09c3c/AntiMicroX/gui-sv-reviewed-20260920.ts,22f0355841a3aff45068b5ff9c62c593486c1241c1d163f73b7d040bd90b9d5d,{}
ff34b147c274cf1ff8d35efd,Pause,Paus,AntiMicroX,gui-sv-reviewed-20260920,"AdvanceButtonDialog
","Granskad filleverans. Endast färdiga, aktiva översättningar tas med; detta är inte ett påstående om separat registrerat radbeslut för varje oförändrad post.",project-context,8a63f03cedd794fa1b3e384f,reviewed-file-delivery,https://github.com/yeager/translations/blob/67e6d27877c9cfd6b6dbc74bd852b10bdbe09c3c/AntiMicroX/gui-sv-reviewed-20260920.ts,22f0355841a3aff45068b5ff9c62c593486c1241c1d163f73b7d040bd90b9d5d,{}
ff656f6d674d7f626d0684da,Save,Spara,AntiMicroX,gui-sv-reviewed-20260920,"Calibration
","Granskad filleverans. Endast färdiga, aktiva översättningar tas med; detta är inte ett påstående om separat registrerat radbeslut för varje oförändrad post.",project-context,6ec3bd28f0eb1cc2d5089467,reviewed-file-delivery,https://github.com/yeager/translations/blob/67e6d27877c9cfd6b6dbc74bd852b10bdbe09c3c/AntiMicroX/gui-sv-reviewed-20260920.ts,22f0355841a3aff45068b5ff9c62c593486c1241c1d163f73b7d040bd90b9d5d,{}
ffa3aa0781d98f6f1b15d2ae,Save,Spara,AntiMicroX,gui-sv-reviewed-20260920,"JoyTabWidget
","Granskad filleverans. Endast färdiga, aktiva översättningar tas med; detta är inte ett påstående om separat registrerat radbeslut för varje oförändrad post.",project-context,54abeaa2cf13d3bb8ab119de,reviewed-file-delivery,https://github.com/yeager/translations/blob/67e6d27877c9cfd6b6dbc74bd852b10bdbe09c3c/AntiMicroX/gui-sv-reviewed-20260920.ts,22f0355841a3aff45068b5ff9c62c593486c1241c1d163f73b7d040bd90b9d5d,{}
