id,source,canonical,project,component,context,note,scope,review_id,publication_status,reference,evidence_sha256,source_evidence
00119514039877bd7fce86d0,Import certificate,Importera certifikat,Bitwarden,sv-bitwarden-mobile-full-review-20260919,ImportCertificate,,project-context,0ddf682231320e803b4c2e19,reviewed-receipt,https://github.com/yeager/translations/blob/67e6d27877c9cfd6b6dbc74bd852b10bdbe09c3c/Bitwarden/sv-bitwarden-mobile-full-review-20260919.json,4e3887d6b78b4b084fa488b7680906187a4c12a0328977d8af4e98e7b1b94781,{}
003dc5a477a67208181ae994,Email address,E-postadress,Bitwarden,sv-bitwarden-mobile-full-review-20260919,EmailAddress,,project-context,dd1d0dbefcc10f3b128c3484,reviewed-receipt,https://github.com/yeager/translations/blob/67e6d27877c9cfd6b6dbc74bd852b10bdbe09c3c/Bitwarden/sv-bitwarden-mobile-full-review-20260919.json,4e3887d6b78b4b084fa488b7680906187a4c12a0328977d8af4e98e7b1b94781,{}
00676bae51d58a7b6416e667,Deleting your account,Raderar ditt konto,Bitwarden,sv-bitwarden-mobile-full-review-20260919,DeletingYourAccount,,project-context,1b3db7409ac7b0ceceb5ed6e,reviewed-receipt,https://github.com/yeager/translations/blob/67e6d27877c9cfd6b6dbc74bd852b10bdbe09c3c/Bitwarden/sv-bitwarden-mobile-full-review-20260919.json,4e3887d6b78b4b084fa488b7680906187a4c12a0328977d8af4e98e7b1b94781,{}
006ba4de5d74a11e98764353,Login approved,Inloggning godkänd,Bitwarden,sv-bitwarden-mobile-full-review-20260919,login_approved,,project-context,542b3e08a1fcb4b33456b7ce,reviewed-receipt,https://github.com/yeager/translations/blob/67e6d27877c9cfd6b6dbc74bd852b10bdbe09c3c/Bitwarden/sv-bitwarden-mobile-full-review-20260919.json,4e3887d6b78b4b084fa488b7680906187a4c12a0328977d8af4e98e7b1b94781,{}
006c7189424f467fbd1d613a,Too many failed biometrics attempts.,För många misslyckade biometriska försök.,Bitwarden,sv-bitwarden-mobile-full-review-20260919,too_many_failed_biometric_attempts,,project-context,4f8f095e0153bb7047c2e482,reviewed-receipt,https://github.com/yeager/translations/blob/67e6d27877c9cfd6b6dbc74bd852b10bdbe09c3c/Bitwarden/sv-bitwarden-mobile-full-review-20260919.json,4e3887d6b78b4b084fa488b7680906187a4c12a0328977d8af4e98e7b1b94781,{}
0070160f02b9dc0b1c8e9c03,Immediately,Omedelbart,Bitwarden,sv-bitwarden-mobile-full-review-20260919,Immediately,,project-context,82ee096f5ff87a50307793d6,reviewed-receipt,https://github.com/yeager/translations/blob/67e6d27877c9cfd6b6dbc74bd852b10bdbe09c3c/Bitwarden/sv-bitwarden-mobile-full-review-20260919.json,4e3887d6b78b4b084fa488b7680906187a4c12a0328977d8af4e98e7b1b94781,{}
00ee94d5c6110276ddaefa87,Turn on now,Aktivera nu,Bitwarden,sv-bitwarden-mobile-full-review-20260919,TurnOnNow,,project-context,3bcee296d7a21072f780f359,reviewed-receipt,https://github.com/yeager/translations/blob/67e6d27877c9cfd6b6dbc74bd852b10bdbe09c3c/Bitwarden/sv-bitwarden-mobile-full-review-20260919.json,4e3887d6b78b4b084fa488b7680906187a4c12a0328977d8af4e98e7b1b94781,{}
011b4b7562cfbb1dc0d7aae4,Private key,Privat nyckel,Bitwarden,sv-bitwarden-mobile-full-review-20260919,PrivateKey,,project-context,994f8cad44402ef7eafc5672,reviewed-receipt,https://github.com/yeager/translations/blob/67e6d27877c9cfd6b6dbc74bd852b10bdbe09c3c/Bitwarden/sv-bitwarden-mobile-full-review-20260919.json,4e3887d6b78b4b084fa488b7680906187a4c12a0328977d8af4e98e7b1b94781,{}
016afaba8075548c304ad654,Toggle visibility,Växla synlighet,Bitwarden,sv-bitwarden-mobile-full-review-20260919,ToggleVisibility,,project-context,23bea396dab3a9ee3aafd254,reviewed-receipt,https://github.com/yeager/translations/blob/67e6d27877c9cfd6b6dbc74bd852b10bdbe09c3c/Bitwarden/sv-bitwarden-mobile-full-review-20260919.json,4e3887d6b78b4b084fa488b7680906187a4c12a0328977d8af4e98e7b1b94781,{}
018b93dffb0a6b4d1f90deb2,Issuing authority,Utfärdande myndighet,Bitwarden,sv-bitwarden-mobile-full-review-20260919,issuing_authority,,project-context,7f24ddd105c34a0fd6032d50,reviewed-receipt,https://github.com/yeager/translations/blob/67e6d27877c9cfd6b6dbc74bd852b10bdbe09c3c/Bitwarden/sv-bitwarden-mobile-full-review-20260919.json,4e3887d6b78b4b084fa488b7680906187a4c12a0328977d8af4e98e7b1b94781,{}
019ac3110885d27f760ec465,Past 30 days,Senaste 30 dagarna,Bitwarden,sv-bitwarden-mobile-full-review-20260919,past_thirty_days,,project-context,6ae992bea623a42e34269cec,reviewed-receipt,https://github.com/yeager/translations/blob/67e6d27877c9cfd6b6dbc74bd852b10bdbe09c3c/Bitwarden/sv-bitwarden-mobile-full-review-20260919.json,4e3887d6b78b4b084fa488b7680906187a4c12a0328977d8af4e98e7b1b94781,{}
01bae0a6df25825a5a8f3e0c,File,Fil,Bitwarden,sv-bitwarden-mobile-full-review-20260919,File,,project-context,7d6d222d693434f6ddc54db6,reviewed-receipt,https://github.com/yeager/translations/blob/67e6d27877c9cfd6b6dbc74bd852b10bdbe09c3c/Bitwarden/sv-bitwarden-mobile-full-review-20260919.json,4e3887d6b78b4b084fa488b7680906187a4c12a0328977d8af4e98e7b1b94781,{}
01cf2bac0bedfad6c34b8cca,Export vault to another app,Exportera valv till en annan app,Bitwarden,sv-bitwarden-mobile-full-review-20260919,ExportVaultToAnotherApp,,project-context,6da6867e558af065d0a05c34,reviewed-receipt,https://github.com/yeager/translations/blob/67e6d27877c9cfd6b6dbc74bd852b10bdbe09c3c/Bitwarden/sv-bitwarden-mobile-full-review-20260919.json,4e3887d6b78b4b084fa488b7680906187a4c12a0328977d8af4e98e7b1b94781,{}
01e61638d056e94ddf3301dd,Preview unavailable,Förhandsvisning inte tillgänglig,Bitwarden,sv-bitwarden-mobile-full-review-20260919,preview_unavailable,,project-context,4a87a226689aa27ce6240805,reviewed-receipt,https://github.com/yeager/translations/blob/67e6d27877c9cfd6b6dbc74bd852b10bdbe09c3c/Bitwarden/sv-bitwarden-mobile-full-review-20260919.json,4e3887d6b78b4b084fa488b7680906187a4c12a0328977d8af4e98e7b1b94781,{}
0213886c63622a5ca3613b05,Time,Tid,Bitwarden,sv-bitwarden-mobile-full-review-20260919,Time,,project-context,36bb85e172aeea77b1606ced,reviewed-receipt,https://github.com/yeager/translations/blob/67e6d27877c9cfd6b6dbc74bd852b10bdbe09c3c/Bitwarden/sv-bitwarden-mobile-full-review-20260919.json,4e3887d6b78b4b084fa488b7680906187a4c12a0328977d8af4e98e7b1b94781,{}
0274aa478ec856df2003cf1e,Attachment deleted,Bilaga borttagen,Bitwarden,sv-bitwarden-mobile-full-review-20260919,attachment_deleted,,project-context,5e2ef4df439e137eadb177e1,reviewed-receipt,https://github.com/yeager/translations/blob/67e6d27877c9cfd6b6dbc74bd852b10bdbe09c3c/Bitwarden/sv-bitwarden-mobile-full-review-20260919.json,4e3887d6b78b4b084fa488b7680906187a4c12a0328977d8af4e98e7b1b94781,{}
028b9deed1a1d16c4d794cfe,Fingerprint phrase,Fingeravtrycksfras,Bitwarden,sv-bitwarden-mobile-full-review-20260919,fingerprint_phrase,,project-context,a9c85f827a48bad8eda3ac14,reviewed-receipt,https://github.com/yeager/translations/blob/67e6d27877c9cfd6b6dbc74bd852b10bdbe09c3c/Bitwarden/sv-bitwarden-mobile-full-review-20260919.json,4e3887d6b78b4b084fa488b7680906187a4c12a0328977d8af4e98e7b1b94781,{}
02966c300c651ed850e9f086,Allow sync on refresh,Aktivera synkronisering vid uppdatering,Bitwarden,sv-bitwarden-mobile-full-review-20260919,enable_sync_on_refresh,,project-context,e9c5776187e6226bcc63fc84,reviewed-receipt,https://github.com/yeager/translations/blob/67e6d27877c9cfd6b6dbc74bd852b10bdbe09c3c/Bitwarden/sv-bitwarden-mobile-full-review-20260919.json,4e3887d6b78b4b084fa488b7680906187a4c12a0328977d8af4e98e7b1b94781,{}
0301884c0534bf67b48baf6f,Import from another app,Importera från en annan app,Bitwarden,sv-bitwarden-mobile-full-review-20260919,import_from_another_app,,project-context,c90b069fe86d543aaaa71f6f,reviewed-receipt,https://github.com/yeager/translations/blob/67e6d27877c9cfd6b6dbc74bd852b10bdbe09c3c/Bitwarden/sv-bitwarden-mobile-full-review-20260919.json,4e3887d6b78b4b084fa488b7680906187a4c12a0328977d8af4e98e7b1b94781,{}
0318309ee8eeb9be2957a0b1,Word separator,Ordavgränsare,Bitwarden,sv-bitwarden-mobile-full-review-20260919,word_separator,,project-context,5b8a7745d8f710067aa3620a,reviewed-receipt,https://github.com/yeager/translations/blob/67e6d27877c9cfd6b6dbc74bd852b10bdbe09c3c/Bitwarden/sv-bitwarden-mobile-full-review-20260919.json,4e3887d6b78b4b084fa488b7680906187a4c12a0328977d8af4e98e7b1b94781,{}
037e35d4da0cb9c85f4de7a6,Bank account,Bankkonto,Bitwarden,sv-bitwarden-mobile-full-review-20260919,TypeBankAccount,,project-context,b5d31b4e120f07b0226195df,reviewed-receipt,https://github.com/yeager/translations/blob/67e6d27877c9cfd6b6dbc74bd852b10bdbe09c3c/Bitwarden/sv-bitwarden-mobile-full-review-20260919.json,4e3887d6b78b4b084fa488b7680906187a4c12a0328977d8af4e98e7b1b94781,{}
0399e277000f711937c813ae,Update payment,Uppdatera betalning,Bitwarden,sv-bitwarden-mobile-full-review-20260919,UpdatePayment,,project-context,7792360bf4e6e915215ab7f7,reviewed-receipt,https://github.com/yeager/translations/blob/67e6d27877c9cfd6b6dbc74bd852b10bdbe09c3c/Bitwarden/sv-bitwarden-mobile-full-review-20260919.json,4e3887d6b78b4b084fa488b7680906187a4c12a0328977d8af4e98e7b1b94781,{}
03a9dc65624ee39a7774b188,Invalid email addresses,Ogiltiga e-postadresser,Bitwarden,sv-bitwarden-mobile-full-review-20260919,invalid_email_addresses,,project-context,42a7bce344377da12507b9d8,reviewed-receipt,https://github.com/yeager/translations/blob/67e6d27877c9cfd6b6dbc74bd852b10bdbe09c3c/Bitwarden/sv-bitwarden-mobile-full-review-20260919.json,4e3887d6b78b4b084fa488b7680906187a4c12a0328977d8af4e98e7b1b94781,{}
0418c8ccf81f167ef91bc687,Who can view,Vem kan se,Bitwarden,sv-bitwarden-mobile-full-review-20260919,WhoCanView,,project-context,82606fe7c1a0d1721d657ee6,reviewed-receipt,https://github.com/yeager/translations/blob/67e6d27877c9cfd6b6dbc74bd852b10bdbe09c3c/Bitwarden/sv-bitwarden-mobile-full-review-20260919.json,4e3887d6b78b4b084fa488b7680906187a4c12a0328977d8af4e98e7b1b94781,{}
0460ac9d0c217d84fd175c4b,July,Juli,Bitwarden,sv-bitwarden-mobile-full-review-20260919,july,,project-context,5b92cccbc4ac39b90536d831,reviewed-receipt,https://github.com/yeager/translations/blob/67e6d27877c9cfd6b6dbc74bd852b10bdbe09c3c/Bitwarden/sv-bitwarden-mobile-full-review-20260919.json,4e3887d6b78b4b084fa488b7680906187a4c12a0328977d8af4e98e7b1b94781,{}
049fcab13bca2fc08d1b85ec,Starts with,Börjar med,Bitwarden,sv-bitwarden-mobile-full-review-20260919,StartsWith,,project-context,f57adc199cad36b2ae5ad11b,reviewed-receipt,https://github.com/yeager/translations/blob/67e6d27877c9cfd6b6dbc74bd852b10bdbe09c3c/Bitwarden/sv-bitwarden-mobile-full-review-20260919.json,4e3887d6b78b4b084fa488b7680906187a4c12a0328977d8af4e98e7b1b94781,{}
04acd44840fef8b9ee6aac76,Password hint,Lösenordsledtråd,Bitwarden,sv-bitwarden-mobile-full-review-20260919,password_hint,,project-context,1bc23a4511a1ab3564f3f10d,reviewed-receipt,https://github.com/yeager/translations/blob/67e6d27877c9cfd6b6dbc74bd852b10bdbe09c3c/Bitwarden/sv-bitwarden-mobile-full-review-20260919.json,4e3887d6b78b4b084fa488b7680906187a4c12a0328977d8af4e98e7b1b94781,{}
04d34ac7441e4237e381220f,Error loading certificate,Fel vid inläsning av certifikat,Bitwarden,sv-bitwarden-mobile-full-review-20260919,error_loading_certificate,,project-context,de55c1bc9dc174526720095e,reviewed-receipt,https://github.com/yeager/translations/blob/67e6d27877c9cfd6b6dbc74bd852b10bdbe09c3c/Bitwarden/sv-bitwarden-mobile-full-review-20260919.json,4e3887d6b78b4b084fa488b7680906187a4c12a0328977d8af4e98e7b1b94781,{}
0502ecea8550b92569693521,Recovery code,Återställningskod,Bitwarden,sv-bitwarden-mobile-full-review-20260919,RecoveryCodeTitle,,project-context,bf6bf731be3071a72741cd98,reviewed-receipt,https://github.com/yeager/translations/blob/67e6d27877c9cfd6b6dbc74bd852b10bdbe09c3c/Bitwarden/sv-bitwarden-mobile-full-review-20260919.json,4e3887d6b78b4b084fa488b7680906187a4c12a0328977d8af4e98e7b1b94781,{}
05249936ba9d6cca43b7bd55,7 days,7 dagar,Bitwarden,sv-bitwarden-mobile-full-review-20260919,seven_days,,project-context,b4ff86f321c2f1a05dcbe30d,reviewed-receipt,https://github.com/yeager/translations/blob/67e6d27877c9cfd6b6dbc74bd852b10bdbe09c3c/Bitwarden/sv-bitwarden-mobile-full-review-20260919.json,4e3887d6b78b4b084fa488b7680906187a4c12a0328977d8af4e98e7b1b94781,{}
054e77a4236aeb9f75b0b977,No URIs blocked,Inga blockerade URI:er,Bitwarden,sv-bitwarden-mobile-full-review-20260919,no_uris_blocked,,project-context,39b507c945a74792856cde2e,reviewed-receipt,https://github.com/yeager/translations/blob/67e6d27877c9cfd6b6dbc74bd852b10bdbe09c3c/Bitwarden/sv-bitwarden-mobile-full-review-20260919.json,4e3887d6b78b4b084fa488b7680906187a4c12a0328977d8af4e98e7b1b94781,{}
055348a66b1f00013254bdaf,Import saved logins,Importera sparade inloggningar,Bitwarden,sv-bitwarden-mobile-full-review-20260919,ImportSavedLogins,,project-context,52819d417c727af7bb2ebc99,reviewed-receipt,https://github.com/yeager/translations/blob/67e6d27877c9cfd6b6dbc74bd852b10bdbe09c3c/Bitwarden/sv-bitwarden-mobile-full-review-20260919.json,4e3887d6b78b4b084fa488b7680906187a4c12a0328977d8af4e98e7b1b94781,{}
055ecc420e6f4db47305f588,Copy routing number,Kopiera routingnummer,Bitwarden,sv-bitwarden-mobile-full-review-20260919,CopyRoutingNumber,,project-context,7c0d002b554ce5d291d5133f,reviewed-receipt,https://github.com/yeager/translations/blob/67e6d27877c9cfd6b6dbc74bd852b10bdbe09c3c/Bitwarden/sv-bitwarden-mobile-full-review-20260919.json,4e3887d6b78b4b084fa488b7680906187a4c12a0328977d8af4e98e7b1b94781,{}
05627a9f75b333fd89fb59b9,Minimum numbers,Minsta antal siffror,Bitwarden,sv-bitwarden-mobile-full-review-20260919,min_numbers,,project-context,829167c4ffd823669584b19c,reviewed-receipt,https://github.com/yeager/translations/blob/67e6d27877c9cfd6b6dbc74bd852b10bdbe09c3c/Bitwarden/sv-bitwarden-mobile-full-review-20260919.json,4e3887d6b78b4b084fa488b7680906187a4c12a0328977d8af4e98e7b1b94781,{}
0591a55fa12c9b4c12641abc,Choose file,Välj fil,Bitwarden,sv-bitwarden-mobile-full-review-20260919,choose_file,,project-context,e2131b9de791df8314c2fecb,reviewed-receipt,https://github.com/yeager/translations/blob/67e6d27877c9cfd6b6dbc74bd852b10bdbe09c3c/Bitwarden/sv-bitwarden-mobile-full-review-20260919.json,4e3887d6b78b4b084fa488b7680906187a4c12a0328977d8af4e98e7b1b94781,{}
05a4989ee7d5b2efcb772c51,Setting up Autofill…,Ställer in Autofyll…,Bitwarden,sv-bitwarden-mobile-full-review-20260919,SettingUpAutofill,,project-context,128be0cbaa485395eebb0304,reviewed-receipt,https://github.com/yeager/translations/blob/67e6d27877c9cfd6b6dbc74bd852b10bdbe09c3c/Bitwarden/sv-bitwarden-mobile-full-review-20260919.json,4e3887d6b78b4b084fa488b7680906187a4c12a0328977d8af4e98e7b1b94781,{}
05afee3bb2cdfe6697b17246,Send details,Skicka information,Bitwarden,sv-bitwarden-mobile-full-review-20260919,SendDetails,,project-context,a232eaba219b035a9e6c790f,reviewed-receipt,https://github.com/yeager/translations/blob/67e6d27877c9cfd6b6dbc74bd852b10bdbe09c3c/Bitwarden/sv-bitwarden-mobile-full-review-20260919.json,4e3887d6b78b4b084fa488b7680906187a4c12a0328977d8af4e98e7b1b94781,{}
05b4a1cba147f8fd028f2210,Loading,Laddar,Bitwarden,sv-bitwarden-mobile-full-review-20260919,Loading,,project-context,b550e57d12380e312935788d,reviewed-receipt,https://github.com/yeager/translations/blob/67e6d27877c9cfd6b6dbc74bd852b10bdbe09c3c/Bitwarden/sv-bitwarden-mobile-full-review-20260919.json,4e3887d6b78b4b084fa488b7680906187a4c12a0328977d8af4e98e7b1b94781,{}
05dbef6a42a98dae5291c0d7,Unable to read certificate.,Det går inte att läsa certifikatet.,Bitwarden,sv-bitwarden-mobile-full-review-20260919,unable_to_read_certificate,,project-context,54c3cafcc2bb4ee01a0b1c6a,reviewed-receipt,https://github.com/yeager/translations/blob/67e6d27877c9cfd6b6dbc74bd852b10bdbe09c3c/Bitwarden/sv-bitwarden-mobile-full-review-20260919.json,4e3887d6b78b4b084fa488b7680906187a4c12a0328977d8af4e98e7b1b94781,{}
060e05b5593396a531fbf7c2,Minimum special,Minsta antal speciella tecken,Bitwarden,sv-bitwarden-mobile-full-review-20260919,min_special,,project-context,edb60a32a02848c6bb4e04d3,reviewed-receipt,https://github.com/yeager/translations/blob/67e6d27877c9cfd6b6dbc74bd852b10bdbe09c3c/Bitwarden/sv-bitwarden-mobile-full-review-20260919.json,4e3887d6b78b4b084fa488b7680906187a4c12a0328977d8af4e98e7b1b94781,{}
065e16d886ccf62b30f633ad,API server URL,API-server-URL,Bitwarden,sv-bitwarden-mobile-full-review-20260919,ApiUrl,,project-context,c0b137dcbea3aae443fc39ae,reviewed-receipt,https://github.com/yeager/translations/blob/67e6d27877c9cfd6b6dbc74bd852b10bdbe09c3c/Bitwarden/sv-bitwarden-mobile-full-review-20260919.json,4e3887d6b78b4b084fa488b7680906187a4c12a0328977d8af4e98e7b1b94781,{}
0661af9d89ed24b508c4d0e8,Syncing logins…,Synkroniserar inloggningar…,Bitwarden,sv-bitwarden-mobile-full-review-20260919,SyncingLogins,,project-context,f7de339923bbbe026a3e4b8a,reviewed-receipt,https://github.com/yeager/translations/blob/67e6d27877c9cfd6b6dbc74bd852b10bdbe09c3c/Bitwarden/sv-bitwarden-mobile-full-review-20260919.json,4e3887d6b78b4b084fa488b7680906187a4c12a0328977d8af4e98e7b1b94781,{}
06811a92d0134ba69257ff45,Use your email provider’s subaddress capabilities,Använd din e-postleverantörs underadressförmågor,Bitwarden,sv-bitwarden-mobile-full-review-20260919,PlusAddressedEmailDescription,,project-context,2148ebd05e76482aae0ff49b,reviewed-receipt,https://github.com/yeager/translations/blob/67e6d27877c9cfd6b6dbc74bd852b10bdbe09c3c/Bitwarden/sv-bitwarden-mobile-full-review-20260919.json,4e3887d6b78b4b084fa488b7680906187a4c12a0328977d8af4e98e7b1b94781,{}
06c761ae105213196382b7f0,Secure file storage,Säker fillagring,Bitwarden,sv-bitwarden-mobile-full-review-20260919,SecureFileStorage,,project-context,2f2ba759d36abd17eb31ce20,reviewed-receipt,https://github.com/yeager/translations/blob/67e6d27877c9cfd6b6dbc74bd852b10bdbe09c3c/Bitwarden/sv-bitwarden-mobile-full-review-20260919.json,4e3887d6b78b4b084fa488b7680906187a4c12a0328977d8af4e98e7b1b94781,{}
06feb5ce4aaf7c3cf89dc008,Share link,Dela länk,Bitwarden,sv-bitwarden-mobile-full-review-20260919,share_link,,project-context,acd161918d48ba8052b6e623,reviewed-receipt,https://github.com/yeager/translations/blob/67e6d27877c9cfd6b6dbc74bd852b10bdbe09c3c/Bitwarden/sv-bitwarden-mobile-full-review-20260919.json,4e3887d6b78b4b084fa488b7680906187a4c12a0328977d8af4e98e7b1b94781,{}
07065c4edc42f88655057c3f,Bitwarden help center,Bitwarden Hjälpcenter,Bitwarden,sv-bitwarden-mobile-full-review-20260919,bitwarden_help_center,,project-context,823c0467cc84ee1906854ff1,reviewed-receipt,https://github.com/yeager/translations/blob/67e6d27877c9cfd6b6dbc74bd852b10bdbe09c3c/Bitwarden/sv-bitwarden-mobile-full-review-20260919.json,4e3887d6b78b4b084fa488b7680906187a4c12a0328977d8af4e98e7b1b94781,{}
0715f8db731a027ccb262435,Syncing…,Synkroniserar…,Bitwarden,sv-bitwarden-mobile-full-review-20260919,syncing,,project-context,62598b140d75cc123d769286,reviewed-receipt,https://github.com/yeager/translations/blob/67e6d27877c9cfd6b6dbc74bd852b10bdbe09c3c/Bitwarden/sv-bitwarden-mobile-full-review-20260919.json,4e3887d6b78b4b084fa488b7680906187a4c12a0328977d8af4e98e7b1b94781,{}
07181d3e75ea8f1c6f84fbb1,Pricing unavailable,Prisinformation inte tillgänglig,Bitwarden,sv-bitwarden-mobile-full-review-20260919,PricingUnavailable,,project-context,79d2ffc7e86a5de92ad66c69,reviewed-receipt,https://github.com/yeager/translations/blob/67e6d27877c9cfd6b6dbc74bd852b10bdbe09c3c/Bitwarden/sv-bitwarden-mobile-full-review-20260919.json,4e3887d6b78b4b084fa488b7680906187a4c12a0328977d8af4e98e7b1b94781,{}
072c772cdd77d2beda833209,Bitwarden tools,Bitwarden-verktyg,Bitwarden,sv-bitwarden-mobile-full-review-20260919,BitwardenTools,,project-context,0bf83d3bf5180c9cec6199ac,reviewed-receipt,https://github.com/yeager/translations/blob/67e6d27877c9cfd6b6dbc74bd852b10bdbe09c3c/Bitwarden/sv-bitwarden-mobile-full-review-20260919.json,4e3887d6b78b4b084fa488b7680906187a4c12a0328977d8af4e98e7b1b94781,{}
075030402eeca4dbc3188a78,April,april,Bitwarden,sv-bitwarden-mobile-full-review-20260919,April,,project-context,47b960e1dc59755951825db6,reviewed-receipt,https://github.com/yeager/translations/blob/67e6d27877c9cfd6b6dbc74bd852b10bdbe09c3c/Bitwarden/sv-bitwarden-mobile-full-review-20260919.json,4e3887d6b78b4b084fa488b7680906187a4c12a0328977d8af4e98e7b1b94781,{}
077d2c348916870cf93753c1,Import client certificate,Importera klientcertifikat,Bitwarden,sv-bitwarden-mobile-full-review-20260919,ImportClientCertificate,,project-context,15c610fac4a81170c992cd91,reviewed-receipt,https://github.com/yeager/translations/blob/67e6d27877c9cfd6b6dbc74bd852b10bdbe09c3c/Bitwarden/sv-bitwarden-mobile-full-review-20260919.json,4e3887d6b78b4b084fa488b7680906187a4c12a0328977d8af4e98e7b1b94781,{}
07801395440d51ccd69c3ef3,SSH keys,SSH-nycklar,Bitwarden,sv-bitwarden-mobile-full-review-20260919,ssh_keys,,project-context,76735f72ebdee1435b5ad75a,reviewed-receipt,https://github.com/yeager/translations/blob/67e6d27877c9cfd6b6dbc74bd852b10bdbe09c3c/Bitwarden/sv-bitwarden-mobile-full-review-20260919.json,4e3887d6b78b4b084fa488b7680906187a4c12a0328977d8af4e98e7b1b94781,{}
07ad9804a27f5d1640672f09,Device verification,Enhetsverifiering,Bitwarden,sv-bitwarden-mobile-full-review-20260919,device_verification,,project-context,8d7a1d5c4f8769fc8f01e043,reviewed-receipt,https://github.com/yeager/translations/blob/67e6d27877c9cfd6b6dbc74bd852b10bdbe09c3c/Bitwarden/sv-bitwarden-mobile-full-review-20260919.json,4e3887d6b78b4b084fa488b7680906187a4c12a0328977d8af4e98e7b1b94781,{}
07b540510b108ad45387351d,Item saved,Objektet uppdaterades,Bitwarden,sv-bitwarden-mobile-full-review-20260919,item_updated,,project-context,e41bf1073176f3b88cde7908,reviewed-receipt,https://github.com/yeager/translations/blob/67e6d27877c9cfd6b6dbc74bd852b10bdbe09c3c/Bitwarden/sv-bitwarden-mobile-full-review-20260919.json,4e3887d6b78b4b084fa488b7680906187a4c12a0328977d8af4e98e7b1b94781,{}
07c53482aa0233ffa8c9929d,Got it,Jag fattar,Bitwarden,sv-bitwarden-mobile-full-review-20260919,got_it,,project-context,f3bead3d7fc8a090471335b7,reviewed-receipt,https://github.com/yeager/translations/blob/67e6d27877c9cfd6b6dbc74bd852b10bdbe09c3c/Bitwarden/sv-bitwarden-mobile-full-review-20260919.json,4e3887d6b78b4b084fa488b7680906187a4c12a0328977d8af4e98e7b1b94781,{}
07d075bf83aec879f6b280d7,Import certificate,Importera certifikat,Bitwarden,sv-bitwarden-mobile-full-review-20260919,import_certificate,,project-context,15f0c429128be8016b86d4e3,reviewed-receipt,https://github.com/yeager/translations/blob/67e6d27877c9cfd6b6dbc74bd852b10bdbe09c3c/Bitwarden/sv-bitwarden-mobile-full-review-20260919.json,4e3887d6b78b4b084fa488b7680906187a4c12a0328977d8af4e98e7b1b94781,{}
07e55556d2bf79bf0601c71c,Import logins later,Importera inloggningar senare,Bitwarden,sv-bitwarden-mobile-full-review-20260919,import_logins_later,,project-context,100d9d2d51f6649f8b839a78,reviewed-receipt,https://github.com/yeager/translations/blob/67e6d27877c9cfd6b6dbc74bd852b10bdbe09c3c/Bitwarden/sv-bitwarden-mobile-full-review-20260919.json,4e3887d6b78b4b084fa488b7680906187a4c12a0328977d8af4e98e7b1b94781,{}
07feee6e41f470d8a13dbcba,Account details,Kontouppgifter,Bitwarden,sv-bitwarden-mobile-full-review-20260919,AccountDetails,,project-context,9190ec189cb637c6b8171980,reviewed-receipt,https://github.com/yeager/translations/blob/67e6d27877c9cfd6b6dbc74bd852b10bdbe09c3c/Bitwarden/sv-bitwarden-mobile-full-review-20260919.json,4e3887d6b78b4b084fa488b7680906187a4c12a0328977d8af4e98e7b1b94781,{}
0850188c70b749e6fa19f14e,Keep your credentials secure,Håll dina uppgifter säkra,Bitwarden,sv-bitwarden-mobile-full-review-20260919,keep_your_credential_secure,,project-context,b72204c586be64445d0b79f6,reviewed-receipt,https://github.com/yeager/translations/blob/67e6d27877c9cfd6b6dbc74bd852b10bdbe09c3c/Bitwarden/sv-bitwarden-mobile-full-review-20260919.json,4e3887d6b78b4b084fa488b7680906187a4c12a0328977d8af4e98e7b1b94781,{}
08c5e17353cf9b170acbd828,Preview,Förhandsgranska,Bitwarden,sv-bitwarden-mobile-full-review-20260919,preview,,project-context,1be37ef6e8cf6a38428e1eab,reviewed-receipt,https://github.com/yeager/translations/blob/67e6d27877c9cfd6b6dbc74bd852b10bdbe09c3c/Bitwarden/sv-bitwarden-mobile-full-review-20260919.json,4e3887d6b78b4b084fa488b7680906187a4c12a0328977d8af4e98e7b1b94781,{}
08c7155822c4c3a0d4947194,Copy note,Kopiera anteckning,Bitwarden,sv-bitwarden-mobile-full-review-20260919,copy_notes,,project-context,ae5e6892f981ea40c5398015,reviewed-receipt,https://github.com/yeager/translations/blob/67e6d27877c9cfd6b6dbc74bd852b10bdbe09c3c/Bitwarden/sv-bitwarden-mobile-full-review-20260919.json,4e3887d6b78b4b084fa488b7680906187a4c12a0328977d8af4e98e7b1b94781,{}
08ea95243e7b432f6b1ad74d,Turn on autofill later?,Slå på autofyll senare?,Bitwarden,sv-bitwarden-mobile-full-review-20260919,TurnOnAutoFillLaterQuestion,,project-context,2332acdf1354f95ac7652fdd,reviewed-receipt,https://github.com/yeager/translations/blob/67e6d27877c9cfd6b6dbc74bd852b10bdbe09c3c/Bitwarden/sv-bitwarden-mobile-full-review-20260919.json,4e3887d6b78b4b084fa488b7680906187a4c12a0328977d8af4e98e7b1b94781,{}
08ee1e09181b22a476af3762,Add bank account,Lägg till bankkonto,Bitwarden,sv-bitwarden-mobile-full-review-20260919,AddBankAccount,,project-context,ce86780a4cdf5bacb41a876f,reviewed-receipt,https://github.com/yeager/translations/blob/67e6d27877c9cfd6b6dbc74bd852b10bdbe09c3c/Bitwarden/sv-bitwarden-mobile-full-review-20260919.json,4e3887d6b78b4b084fa488b7680906187a4c12a0328977d8af4e98e7b1b94781,{}
090220b28f736fe82537d476,Edit file Send,Redigera fil Skicka,Bitwarden,sv-bitwarden-mobile-full-review-20260919,edit_file_send,,project-context,6a25c771a44dcbb069d383de,reviewed-receipt,https://github.com/yeager/translations/blob/67e6d27877c9cfd6b6dbc74bd852b10bdbe09c3c/Bitwarden/sv-bitwarden-mobile-full-review-20260919.json,4e3887d6b78b4b084fa488b7680906187a4c12a0328977d8af4e98e7b1b94781,{}
0919e6b5d8af0373dfb17ec1,New to Bitwarden?,Ny i Bitwarden?,Bitwarden,sv-bitwarden-mobile-full-review-20260919,new_to_bitwarden,,project-context,2abea3e4d6adf631693157c4,reviewed-receipt,https://github.com/yeager/translations/blob/67e6d27877c9cfd6b6dbc74bd852b10bdbe09c3c/Bitwarden/sv-bitwarden-mobile-full-review-20260919.json,4e3887d6b78b4b084fa488b7680906187a4c12a0328977d8af4e98e7b1b94781,{}
092942a01fe0768dc5b9262e,Copy phone number,Kopiera telefonnummer,Bitwarden,sv-bitwarden-mobile-full-review-20260919,copy_phone,,project-context,de80097e6226a1f9fdc8ef51,reviewed-receipt,https://github.com/yeager/translations/blob/67e6d27877c9cfd6b6dbc74bd852b10bdbe09c3c/Bitwarden/sv-bitwarden-mobile-full-review-20260919.json,4e3887d6b78b4b084fa488b7680906187a4c12a0328977d8af4e98e7b1b94781,{}
0945e223c55df5542b51a2cb,Master password hint,Huvudlösenordsledtråd,Bitwarden,sv-bitwarden-mobile-full-review-20260919,master_password_hint_not_specified,,project-context,a56f8415d44b359527752acb,reviewed-receipt,https://github.com/yeager/translations/blob/67e6d27877c9cfd6b6dbc74bd852b10bdbe09c3c/Bitwarden/sv-bitwarden-mobile-full-review-20260919.json,4e3887d6b78b4b084fa488b7680906187a4c12a0328977d8af4e98e7b1b94781,{}
094eb97e9cc88988fbad9440,Create Verification code,Skapa verifieringskod,Bitwarden,sv-bitwarden-mobile-full-review-20260919,create_verification_code,,project-context,1d9f6a0d88ff7411c94c3a02,reviewed-receipt,https://github.com/yeager/translations/blob/67e6d27877c9cfd6b6dbc74bd852b10bdbe09c3c/Bitwarden/sv-bitwarden-mobile-full-review-20260919.json,4e3887d6b78b4b084fa488b7680906187a4c12a0328977d8af4e98e7b1b94781,{}
0959a2ac767e14320dc7be0f,Account creation restricted,Kontoskapande begränsat,Bitwarden,sv-bitwarden-mobile-full-review-20260919,AccountCreationRestricted,,project-context,09982e8e3bae8de7390818f9,reviewed-receipt,https://github.com/yeager/translations/blob/67e6d27877c9cfd6b6dbc74bd852b10bdbe09c3c/Bitwarden/sv-bitwarden-mobile-full-review-20260919.json,4e3887d6b78b4b084fa488b7680906187a4c12a0328977d8af4e98e7b1b94781,{}
09e7fcbb50d0f1cef649ab37,Approve with my other device,Godkänn med min andra enhet,Bitwarden,sv-bitwarden-mobile-full-review-20260919,approve_with_my_other_device,,project-context,1f3bf812e67677b2b7eed89d,reviewed-receipt,https://github.com/yeager/translations/blob/67e6d27877c9cfd6b6dbc74bd852b10bdbe09c3c/Bitwarden/sv-bitwarden-mobile-full-review-20260919.json,4e3887d6b78b4b084fa488b7680906187a4c12a0328977d8af4e98e7b1b94781,{}
0a0f5af7c0e567a089a6b6b3,Vaults,Valv,Bitwarden,sv-bitwarden-mobile-full-review-20260919,vaults,,project-context,ba449cb98305e73b88be7412,reviewed-receipt,https://github.com/yeager/translations/blob/67e6d27877c9cfd6b6dbc74bd852b10bdbe09c3c/Bitwarden/sv-bitwarden-mobile-full-review-20260919.json,4e3887d6b78b4b084fa488b7680906187a4c12a0328977d8af4e98e7b1b94781,{}
0a0fdf9208895f8116fe8c03,Folder saved,Mappen uppdaterades,Bitwarden,sv-bitwarden-mobile-full-review-20260919,FolderUpdated,,project-context,f0758b70a08dd8a10a10a1c3,reviewed-receipt,https://github.com/yeager/translations/blob/67e6d27877c9cfd6b6dbc74bd852b10bdbe09c3c/Bitwarden/sv-bitwarden-mobile-full-review-20260919.json,4e3887d6b78b4b084fa488b7680906187a4c12a0328977d8af4e98e7b1b94781,{}
0a1105467762d51e2c563942,Copy license number,Kopiera licensnummer,Bitwarden,sv-bitwarden-mobile-full-review-20260919,CopyLicenseNumber,,project-context,4d2fca919cd574912f4b2369,reviewed-receipt,https://github.com/yeager/translations/blob/67e6d27877c9cfd6b6dbc74bd852b10bdbe09c3c/Bitwarden/sv-bitwarden-mobile-full-review-20260919.json,4e3887d6b78b4b084fa488b7680906187a4c12a0328977d8af4e98e7b1b94781,{}
0a1e6852b4d601ceda21dd20,First name,Förnamn,Bitwarden,sv-bitwarden-mobile-full-review-20260919,first_name,,project-context,12ab4558e7de78328cdc95ac,reviewed-receipt,https://github.com/yeager/translations/blob/67e6d27877c9cfd6b6dbc74bd852b10bdbe09c3c/Bitwarden/sv-bitwarden-mobile-full-review-20260919.json,4e3887d6b78b4b084fa488b7680906187a4c12a0328977d8af4e98e7b1b94781,{}
0a42b59f03e938e43b555cd9,Past 7 days,Senaste 7 dagarna,Bitwarden,sv-bitwarden-mobile-full-review-20260919,PastSevenDays,,project-context,7e4ab5bf7ca4fb865c4e3294,reviewed-receipt,https://github.com/yeager/translations/blob/67e6d27877c9cfd6b6dbc74bd852b10bdbe09c3c/Bitwarden/sv-bitwarden-mobile-full-review-20260919.json,4e3887d6b78b4b084fa488b7680906187a4c12a0328977d8af4e98e7b1b94781,{}
0a50a92e55269c183fd1a786,Estimated tax,Beräknad skatt,Bitwarden,sv-bitwarden-mobile-full-review-20260919,EstimatedTax,,project-context,b0ec369ccfac47f13a382943,reviewed-receipt,https://github.com/yeager/translations/blob/67e6d27877c9cfd6b6dbc74bd852b10bdbe09c3c/Bitwarden/sv-bitwarden-mobile-full-review-20260919.json,4e3887d6b78b4b084fa488b7680906187a4c12a0328977d8af4e98e7b1b94781,{}
0a76ab07c920d5355a1ef447,The environment URLs have been saved.,Miljö-URL:erna har sparats.,Bitwarden,sv-bitwarden-mobile-full-review-20260919,EnvironmentSaved,,project-context,aa573788547744341268b5c4,reviewed-receipt,https://github.com/yeager/translations/blob/67e6d27877c9cfd6b6dbc74bd852b10bdbe09c3c/Bitwarden/sv-bitwarden-mobile-full-review-20260919.json,4e3887d6b78b4b084fa488b7680906187a4c12a0328977d8af4e98e7b1b94781,{}
0a99fd85056a60fad125a8ab,Sync with Bitwarden app,Synkronisera med Bitwarden-appen,Bitwarden,sv-bitwarden-mobile-full-review-20260919,SyncWithBitwardenApp,,project-context,b5925033657bd45605bb197d,reviewed-receipt,https://github.com/yeager/translations/blob/67e6d27877c9cfd6b6dbc74bd852b10bdbe09c3c/Bitwarden/sv-bitwarden-mobile-full-review-20260919.json,4e3887d6b78b4b084fa488b7680906187a4c12a0328977d8af4e98e7b1b94781,{}
0aad48237cae6a5607c780e8,Verification code created,Verifieringskod skapades,Bitwarden,sv-bitwarden-mobile-full-review-20260919,verification_code_created,,project-context,fd8d786919d559acba548470,reviewed-receipt,https://github.com/yeager/translations/blob/67e6d27877c9cfd6b6dbc74bd852b10bdbe09c3c/Bitwarden/sv-bitwarden-mobile-full-review-20260919.json,4e3887d6b78b4b084fa488b7680906187a4c12a0328977d8af4e98e7b1b94781,{}
0b3add12c82b2b11c71ba0e1,Not you?,Är det inte du?,Bitwarden,sv-bitwarden-mobile-full-review-20260919,NotYou,,project-context,c25f3f4eabcb9bdf2e8389e5,reviewed-receipt,https://github.com/yeager/translations/blob/67e6d27877c9cfd6b6dbc74bd852b10bdbe09c3c/Bitwarden/sv-bitwarden-mobile-full-review-20260919.json,4e3887d6b78b4b084fa488b7680906187a4c12a0328977d8af4e98e7b1b94781,{}
0b4cd67c29d95b56e1171e01,Require master password on app restart?,Kräv huvudlösenord vid omstart av appen?,Bitwarden,sv-bitwarden-mobile-full-review-20260919,require_master_password_on_app_restart,,project-context,c446182c43f53cfd76768116,reviewed-receipt,https://github.com/yeager/translations/blob/67e6d27877c9cfd6b6dbc74bd852b10bdbe09c3c/Bitwarden/sv-bitwarden-mobile-full-review-20260919.json,4e3887d6b78b4b084fa488b7680906187a4c12a0328977d8af4e98e7b1b94781,{}
0b969b57abc920cff0c4b4b6,Line of credit,Kreditlinje,Bitwarden,sv-bitwarden-mobile-full-review-20260919,LineOfCredit,,project-context,561060181dc2ee6ac89ec86d,reviewed-receipt,https://github.com/yeager/translations/blob/67e6d27877c9cfd6b6dbc74bd852b10bdbe09c3c/Bitwarden/sv-bitwarden-mobile-full-review-20260919.json,4e3887d6b78b4b084fa488b7680906187a4c12a0328977d8af4e98e7b1b94781,{}
0bc01bc41835a095d8c33d8a,Plan,Prenumeration,Bitwarden,sv-bitwarden-mobile-full-review-20260919,plan,,project-context,f379f60cc45c16d4bb8a4d44,reviewed-receipt,https://github.com/yeager/translations/blob/67e6d27877c9cfd6b6dbc74bd852b10bdbe09c3c/Bitwarden/sv-bitwarden-mobile-full-review-20260919.json,4e3887d6b78b4b084fa488b7680906187a4c12a0328977d8af4e98e7b1b94781,{}
0bc7d69464d187f48fa97d1f,View note,Visa not,Bitwarden,sv-bitwarden-mobile-full-review-20260919,ViewNote,,project-context,259ab8c0536a2e0f24cfb032,reviewed-receipt,https://github.com/yeager/translations/blob/67e6d27877c9cfd6b6dbc74bd852b10bdbe09c3c/Bitwarden/sv-bitwarden-mobile-full-review-20260919.json,4e3887d6b78b4b084fa488b7680906187a4c12a0328977d8af4e98e7b1b94781,{}
0bfc39539b8b637e749e820e,3 OF 3,3 AV 3,Bitwarden,sv-bitwarden-mobile-full-review-20260919,coachmark_3_of_3,,project-context,803f30e751e520d5584d12f9,reviewed-receipt,https://github.com/yeager/translations/blob/67e6d27877c9cfd6b6dbc74bd852b10bdbe09c3c/Bitwarden/sv-bitwarden-mobile-full-review-20260919.json,4e3887d6b78b4b084fa488b7680906187a4c12a0328977d8af4e98e7b1b94781,{}
0c225e78299de68efce0f002,Remember email,Kom ihåg e-post,Bitwarden,sv-bitwarden-mobile-full-review-20260919,remember_email,,project-context,94b52f656fd43c2d711e6b1e,reviewed-receipt,https://github.com/yeager/translations/blob/67e6d27877c9cfd6b6dbc74bd852b10bdbe09c3c/Bitwarden/sv-bitwarden-mobile-full-review-20260919.json,4e3887d6b78b4b084fa488b7680906187a4c12a0328977d8af4e98e7b1b94781,{}
0c7b08feca579812c2c50233,Request admin approval,Be om godkännande från administratör,Bitwarden,sv-bitwarden-mobile-full-review-20260919,RequestAdminApproval,,project-context,58f0d5155663587f1b885913,reviewed-receipt,https://github.com/yeager/translations/blob/67e6d27877c9cfd6b6dbc74bd852b10bdbe09c3c/Bitwarden/sv-bitwarden-mobile-full-review-20260919.json,4e3887d6b78b4b084fa488b7680906187a4c12a0328977d8af4e98e7b1b94781,{}
0ca5516fed8d063e9d0f6464,Copy TOTP,Kopiera TOTP,Bitwarden,sv-bitwarden-mobile-full-review-20260919,CopyTotp,,project-context,2365301c00e38bf69cb68343,reviewed-receipt,https://github.com/yeager/translations/blob/67e6d27877c9cfd6b6dbc74bd852b10bdbe09c3c/Bitwarden/sv-bitwarden-mobile-full-review-20260919.json,4e3887d6b78b4b084fa488b7680906187a4c12a0328977d8af4e98e7b1b94781,{}
0cee4ce49f5c2936757a4458,Download Attachment,Ladda ned bilaga,Bitwarden,sv-bitwarden-mobile-full-review-20260919,download_attachment,,project-context,7ec22ad0aef166509aca5c34,reviewed-receipt,https://github.com/yeager/translations/blob/67e6d27877c9cfd6b6dbc74bd852b10bdbe09c3c/Bitwarden/sv-bitwarden-mobile-full-review-20260919.json,4e3887d6b78b4b084fa488b7680906187a4c12a0328977d8af4e98e7b1b94781,{}
0cf4e606ea52b1e5297c4c75,Edit license,Redigera licens,Bitwarden,sv-bitwarden-mobile-full-review-20260919,EditLicense,,project-context,c7dbf9c2cd16985ffa50286b,reviewed-receipt,https://github.com/yeager/translations/blob/67e6d27877c9cfd6b6dbc74bd852b10bdbe09c3c/Bitwarden/sv-bitwarden-mobile-full-review-20260919.json,4e3887d6b78b4b084fa488b7680906187a4c12a0328977d8af4e98e7b1b94781,{}
0d30c887d1058ecabd85ae4c,Show website icons,Visa webbplatsikoner,Bitwarden,sv-bitwarden-mobile-full-review-20260919,ShowWebsiteIcons,,project-context,ff04c59ae4bfb12c0f24a58f,reviewed-receipt,https://github.com/yeager/translations/blob/67e6d27877c9cfd6b6dbc74bd852b10bdbe09c3c/Bitwarden/sv-bitwarden-mobile-full-review-20260919.json,4e3887d6b78b4b084fa488b7680906187a4c12a0328977d8af4e98e7b1b94781,{}
0d31050233c12fc339fa7e36,Your new account has been created!,Ditt nya konto har skapats!,Bitwarden,sv-bitwarden-mobile-full-review-20260919,account_created_success,,project-context,688373ea5e5916c548a3e6ba,reviewed-receipt,https://github.com/yeager/translations/blob/67e6d27877c9cfd6b6dbc74bd852b10bdbe09c3c/Bitwarden/sv-bitwarden-mobile-full-review-20260919.json,4e3887d6b78b4b084fa488b7680906187a4c12a0328977d8af4e98e7b1b94781,{}
0d5ee9cb79d439996bb1572c,There are no items to list,Det finns inga objekt att visa,Bitwarden,sv-bitwarden-mobile-full-review-20260919,ThereAreNoItemsToList,,project-context,cfa490ff1754733606511cfd,reviewed-receipt,https://github.com/yeager/translations/blob/67e6d27877c9cfd6b6dbc74bd852b10bdbe09c3c/Bitwarden/sv-bitwarden-mobile-full-review-20260919.json,4e3887d6b78b4b084fa488b7680906187a4c12a0328977d8af4e98e7b1b94781,{}
0d939a0b797b0e923c62f51e,Passport saved,Pass sparat,Bitwarden,sv-bitwarden-mobile-full-review-20260919,passport_saved,,project-context,8d8d257d319836b7daf1cd35,reviewed-receipt,https://github.com/yeager/translations/blob/67e6d27877c9cfd6b6dbc74bd852b10bdbe09c3c/Bitwarden/sv-bitwarden-mobile-full-review-20260919.json,4e3887d6b78b4b084fa488b7680906187a4c12a0328977d8af4e98e7b1b94781,{}
0dd073b1e40e55d2563c460b,Master password re-prompt help,Återupprepa huvudlösenord hjälp,Bitwarden,sv-bitwarden-mobile-full-review-20260919,master_password_re_prompt_help,,project-context,9ba2c2e37246287c2d91d6f8,reviewed-receipt,https://github.com/yeager/translations/blob/67e6d27877c9cfd6b6dbc74bd852b10bdbe09c3c/Bitwarden/sv-bitwarden-mobile-full-review-20260919.json,4e3887d6b78b4b084fa488b7680906187a4c12a0328977d8af4e98e7b1b94781,{}
0e2f1bc13e40d599672fd319,Account,Konto,Bitwarden,sv-bitwarden-mobile-full-review-20260919,account,,project-context,5fdd06d9600c9ba0dd5df93e,reviewed-receipt,https://github.com/yeager/translations/blob/67e6d27877c9cfd6b6dbc74bd852b10bdbe09c3c/Bitwarden/sv-bitwarden-mobile-full-review-20260919.json,4e3887d6b78b4b084fa488b7680906187a4c12a0328977d8af4e98e7b1b94781,{}
0e2f2048e7ca49f0ea7402cf,Reactivate app extension,Återaktivera apptillägg,Bitwarden,sv-bitwarden-mobile-full-review-20260919,ReactivateAppExtension,,project-context,ba0789324a9726f26a01b53c,reviewed-receipt,https://github.com/yeager/translations/blob/67e6d27877c9cfd6b6dbc74bd852b10bdbe09c3c/Bitwarden/sv-bitwarden-mobile-full-review-20260919.json,4e3887d6b78b4b084fa488b7680906187a4c12a0328977d8af4e98e7b1b94781,{}
0e56e854ff7a6f88aa68a399,Check your email,Kontrollera din e-post,Bitwarden,sv-bitwarden-mobile-full-review-20260919,check_your_email,,project-context,9f9e49a13cb93907a1e85c23,reviewed-receipt,https://github.com/yeager/translations/blob/67e6d27877c9cfd6b6dbc74bd852b10bdbe09c3c/Bitwarden/sv-bitwarden-mobile-full-review-20260919.json,4e3887d6b78b4b084fa488b7680906187a4c12a0328977d8af4e98e7b1b94781,{}
0e7f8baf7a92816fddb1af2a,"Password is visible, tap to hide.","Lösenordet är synligt, tryck för att dölja.",Bitwarden,sv-bitwarden-mobile-full-review-20260919,PasswordIsVisibleTapToHide,,project-context,93c5ccc050a2543673d65a38,reviewed-receipt,https://github.com/yeager/translations/blob/67e6d27877c9cfd6b6dbc74bd852b10bdbe09c3c/Bitwarden/sv-bitwarden-mobile-full-review-20260919.json,4e3887d6b78b4b084fa488b7680906187a4c12a0328977d8af4e98e7b1b94781,{}
0ebe1c676cc1467d1a4739a6,Local codes,Lokala koder,Bitwarden,sv-bitwarden-mobile-full-review-20260919,LocalCodes,,project-context,ea42f4786437aaa8347723a1,reviewed-receipt,https://github.com/yeager/translations/blob/67e6d27877c9cfd6b6dbc74bd852b10bdbe09c3c/Bitwarden/sv-bitwarden-mobile-full-review-20260919.json,4e3887d6b78b4b084fa488b7680906187a4c12a0328977d8af4e98e7b1b94781,{}
0edaa94e2aa89402f5f6c2fe,Your subscription needs attention,Din prenumeration kräver åtgärd,Bitwarden,sv-bitwarden-mobile-full-review-20260919,SubscriptionNeedsAttention,,project-context,1fea5134ea03b0574840494f,reviewed-receipt,https://github.com/yeager/translations/blob/67e6d27877c9cfd6b6dbc74bd852b10bdbe09c3c/Bitwarden/sv-bitwarden-mobile-full-review-20260919.json,4e3887d6b78b4b084fa488b7680906187a4c12a0328977d8af4e98e7b1b94781,{}
0f0e98a9ef61d603f1ac6519,More options,Fler alternativ,Bitwarden,sv-bitwarden-mobile-full-review-20260919,more_options,,project-context,7fb2a72e1aba40ed59a1037f,reviewed-receipt,https://github.com/yeager/translations/blob/67e6d27877c9cfd6b6dbc74bd852b10bdbe09c3c/Bitwarden/sv-bitwarden-mobile-full-review-20260919.json,4e3887d6b78b4b084fa488b7680906187a4c12a0328977d8af4e98e7b1b94781,{}
0f221ff8b5f882cc2c9e92ed,Identity,Identitet,Bitwarden,sv-bitwarden-mobile-full-review-20260919,type_identity,,project-context,fe10eb7b0a19ca8d6ecb8dd4,reviewed-receipt,https://github.com/yeager/translations/blob/67e6d27877c9cfd6b6dbc74bd852b10bdbe09c3c/Bitwarden/sv-bitwarden-mobile-full-review-20260919.json,4e3887d6b78b4b084fa488b7680906187a4c12a0328977d8af4e98e7b1b94781,{}
0f28bf6f5b48f8eb088d84b0,Appearance,Utseende,Bitwarden,sv-bitwarden-mobile-full-review-20260919,Appearance,,project-context,85a5ec1911419024b7fe2aef,reviewed-receipt,https://github.com/yeager/translations/blob/67e6d27877c9cfd6b6dbc74bd852b10bdbe09c3c/Bitwarden/sv-bitwarden-mobile-full-review-20260919.json,4e3887d6b78b4b084fa488b7680906187a4c12a0328977d8af4e98e7b1b94781,{}
0f8241e72ef1291345d2dc5b,See upcoming codes in the list,Se kommande koder i listan,Bitwarden,sv-bitwarden-mobile-full-review-20260919,see_upcoming_codes_in_the_list,,project-context,58862742b97d519087c51d41,reviewed-receipt,https://github.com/yeager/translations/blob/67e6d27877c9cfd6b6dbc74bd852b10bdbe09c3c/Bitwarden/sv-bitwarden-mobile-full-review-20260919.json,4e3887d6b78b4b084fa488b7680906187a4c12a0328977d8af4e98e7b1b94781,{}
0fb2e92415f0894b1f678ed7,Web vault server URL,Webbvalvsserver-URL,Bitwarden,sv-bitwarden-mobile-full-review-20260919,WebVaultUrl,,project-context,6f249585d2e582b432e79b66,reviewed-receipt,https://github.com/yeager/translations/blob/67e6d27877c9cfd6b6dbc74bd852b10bdbe09c3c/Bitwarden/sv-bitwarden-mobile-full-review-20260919.json,4e3887d6b78b4b084fa488b7680906187a4c12a0328977d8af4e98e7b1b94781,{}
0fbf471032da535925d1d777,Key Connector domain:,Key Connector-domän:,Bitwarden,sv-bitwarden-mobile-full-review-20260919,KeyConnectorDomain,,project-context,330da5bac04be4bcc72ae58b,reviewed-receipt,https://github.com/yeager/translations/blob/67e6d27877c9cfd6b6dbc74bd852b10bdbe09c3c/Bitwarden/sv-bitwarden-mobile-full-review-20260919.json,4e3887d6b78b4b084fa488b7680906187a4c12a0328977d8af4e98e7b1b94781,{}
0ffc9c5fba35b65b951e02b0,Language,Språk,Bitwarden,sv-bitwarden-mobile-full-review-20260919,language,,project-context,a97feaa2ed6c29cfbfd43268,reviewed-receipt,https://github.com/yeager/translations/blob/67e6d27877c9cfd6b6dbc74bd852b10bdbe09c3c/Bitwarden/sv-bitwarden-mobile-full-review-20260919.json,4e3887d6b78b4b084fa488b7680906187a4c12a0328977d8af4e98e7b1b94781,{}
100c86f8ac4df15ffd00642c,You will be notified once approved.,Du kommer att meddelas vid godkännande.,Bitwarden,sv-bitwarden-mobile-full-review-20260919,you_will_be_notified_once_approved,,project-context,ebca6c73942773876183c1c3,reviewed-receipt,https://github.com/yeager/translations/blob/67e6d27877c9cfd6b6dbc74bd852b10bdbe09c3c/Bitwarden/sv-bitwarden-mobile-full-review-20260919.json,4e3887d6b78b4b084fa488b7680906187a4c12a0328977d8af4e98e7b1b94781,{}
100fd25bc04dfff7add2faaa,Autofill,Autofyll,Bitwarden,sv-bitwarden-mobile-full-review-20260919,autofill_noun,,project-context,c1a168f6236bde7f323b966f,reviewed-receipt,https://github.com/yeager/translations/blob/67e6d27877c9cfd6b6dbc74bd852b10bdbe09c3c/Bitwarden/sv-bitwarden-mobile-full-review-20260919.json,4e3887d6b78b4b084fa488b7680906187a4c12a0328977d8af4e98e7b1b94781,{}
101f383be4fae0ac047f0c81,Save here,Spara här,Bitwarden,sv-bitwarden-mobile-full-review-20260919,SaveHere,,project-context,c7fbcc6041607cc331cd312a,reviewed-receipt,https://github.com/yeager/translations/blob/67e6d27877c9cfd6b6dbc74bd852b10bdbe09c3c/Bitwarden/sv-bitwarden-mobile-full-review-20260919.json,4e3887d6b78b4b084fa488b7680906187a4c12a0328977d8af4e98e7b1b94781,{}
1022fee8f6533bb1b64536dc,Edit,Redigera,Bitwarden,sv-bitwarden-mobile-full-review-20260919,Edit,,project-context,c4e045c4edd2e3192c2ebb03,reviewed-receipt,https://github.com/yeager/translations/blob/67e6d27877c9cfd6b6dbc74bd852b10bdbe09c3c/Bitwarden/sv-bitwarden-mobile-full-review-20260919.json,4e3887d6b78b4b084fa488b7680906187a4c12a0328977d8af4e98e7b1b94781,{}
10cd108f31fd18f0e0031ff9,2. Tap “Passwords”,2. Tryck på “Lösenord”,Bitwarden,sv-bitwarden-mobile-full-review-20260919,AutofillTurnOn2,,project-context,041ac1eaa91154d293c9d3e0,reviewed-receipt,https://github.com/yeager/translations/blob/67e6d27877c9cfd6b6dbc74bd852b10bdbe09c3c/Bitwarden/sv-bitwarden-mobile-full-review-20260919.json,4e3887d6b78b4b084fa488b7680906187a4c12a0328977d8af4e98e7b1b94781,{}
1123ab62e0e1044c0f1b7212,Built-in authenticator,Inbyggd autenticator,Bitwarden,sv-bitwarden-mobile-full-review-20260919,built_in_authenticator,,project-context,954fef8f5f1c572252a380e2,reviewed-receipt,https://github.com/yeager/translations/blob/67e6d27877c9cfd6b6dbc74bd852b10bdbe09c3c/Bitwarden/sv-bitwarden-mobile-full-review-20260919.json,4e3887d6b78b4b084fa488b7680906187a4c12a0328977d8af4e98e7b1b94781,{}
1147a970d4bcc2ed6ed45c4f,Remove account,Ta bort konto,Bitwarden,sv-bitwarden-mobile-full-review-20260919,RemoveAccount,,project-context,16e2c810e98b5c37f1f14290,reviewed-receipt,https://github.com/yeager/translations/blob/67e6d27877c9cfd6b6dbc74bd852b10bdbe09c3c/Bitwarden/sv-bitwarden-mobile-full-review-20260919.json,4e3887d6b78b4b084fa488b7680906187a4c12a0328977d8af4e98e7b1b94781,{}
11b02be49e0b04677bfb4138,Import logins later?,Importera inloggningar senare?,Bitwarden,sv-bitwarden-mobile-full-review-20260919,ImportLoginsLaterQuestion,,project-context,5d0fd72164a43befbd7e3e28,reviewed-receipt,https://github.com/yeager/translations/blob/67e6d27877c9cfd6b6dbc74bd852b10bdbe09c3c/Bitwarden/sv-bitwarden-mobile-full-review-20260919.json,4e3887d6b78b4b084fa488b7680906187a4c12a0328977d8af4e98e7b1b94781,{}
11bf281536d2f1a666da68b4,Server URL,Server-URL,Bitwarden,sv-bitwarden-mobile-full-review-20260919,server_url,,project-context,f6f62918d771e9984cb6445d,reviewed-receipt,https://github.com/yeager/translations/blob/67e6d27877c9cfd6b6dbc74bd852b10bdbe09c3c/Bitwarden/sv-bitwarden-mobile-full-review-20260919.json,4e3887d6b78b4b084fa488b7680906187a4c12a0328977d8af4e98e7b1b94781,{}
11e284f65730806082695253,All vaults,Alla valv,Bitwarden,sv-bitwarden-mobile-full-review-20260919,AllVaults,,project-context,d436bf923cae635c3448ec24,reviewed-receipt,https://github.com/yeager/translations/blob/67e6d27877c9cfd6b6dbc74bd852b10bdbe09c3c/Bitwarden/sv-bitwarden-mobile-full-review-20260919.json,4e3887d6b78b4b084fa488b7680906187a4c12a0328977d8af4e98e7b1b94781,{}
1203baf120702566ae8d7321,Logging in on,Logga in på,Bitwarden,sv-bitwarden-mobile-full-review-20260919,LoggingInOn,,project-context,6c421cdf9784985264762d33,reviewed-receipt,https://github.com/yeager/translations/blob/67e6d27877c9cfd6b6dbc74bd852b10bdbe09c3c/Bitwarden/sv-bitwarden-mobile-full-review-20260919.json,4e3887d6b78b4b084fa488b7680906187a4c12a0328977d8af4e98e7b1b94781,{}
1211338da0ca142266d2ac86,Contain one or more uppercase characters,Innehålla en eller flera versaler,Bitwarden,sv-bitwarden-mobile-full-review-20260919,policy_in_effect_uppercase,,project-context,4fb8080a83ae0e0fb94711cb,reviewed-receipt,https://github.com/yeager/translations/blob/67e6d27877c9cfd6b6dbc74bd852b10bdbe09c3c/Bitwarden/sv-bitwarden-mobile-full-review-20260919.json,4e3887d6b78b4b084fa488b7680906187a4c12a0328977d8af4e98e7b1b94781,{}
126bac5bb61da46a6946e358,Address,Adress,Bitwarden,sv-bitwarden-mobile-full-review-20260919,Address,,project-context,6e382ce334cc69caa49b7eb2,reviewed-receipt,https://github.com/yeager/translations/blob/67e6d27877c9cfd6b6dbc74bd852b10bdbe09c3c/Bitwarden/sv-bitwarden-mobile-full-review-20260919.json,4e3887d6b78b4b084fa488b7680906187a4c12a0328977d8af4e98e7b1b94781,{}
127374e5fedda31a474a2e97,June,Juni,Bitwarden,sv-bitwarden-mobile-full-review-20260919,June,,project-context,956997a0d6e4f3929657b6a0,reviewed-receipt,https://github.com/yeager/translations/blob/67e6d27877c9cfd6b6dbc74bd852b10bdbe09c3c/Bitwarden/sv-bitwarden-mobile-full-review-20260919.json,4e3887d6b78b4b084fa488b7680906187a4c12a0328977d8af4e98e7b1b94781,{}
12c1260aaf95b4c24fc80465,Account fingerprint phrase,Kontots fingeravtrycksfras,Bitwarden,sv-bitwarden-mobile-full-review-20260919,account_fingerprint_phrase,,project-context,73184f7c3722916856cf2fdd,reviewed-receipt,https://github.com/yeager/translations/blob/67e6d27877c9cfd6b6dbc74bd852b10bdbe09c3c/Bitwarden/sv-bitwarden-mobile-full-review-20260919.json,4e3887d6b78b4b084fa488b7680906187a4c12a0328977d8af4e98e7b1b94781,{}
12e3b19e90b5e0521f0786cd,Search vault,Sök i valvet,Bitwarden,sv-bitwarden-mobile-full-review-20260919,search_vault,,project-context,da24d9dcb525e3622926891c,reviewed-receipt,https://github.com/yeager/translations/blob/67e6d27877c9cfd6b6dbc74bd852b10bdbe09c3c/Bitwarden/sv-bitwarden-mobile-full-review-20260919.json,4e3887d6b78b4b084fa488b7680906187a4c12a0328977d8af4e98e7b1b94781,{}
13326d88fe5881b10ff3f33d,Login credentials,Inloggningsuppgifter,Bitwarden,sv-bitwarden-mobile-full-review-20260919,LoginCredentials,,project-context,bcf4ea06c368fa01e064b33f,reviewed-receipt,https://github.com/yeager/translations/blob/67e6d27877c9cfd6b6dbc74bd852b10bdbe09c3c/Bitwarden/sv-bitwarden-mobile-full-review-20260919.json,4e3887d6b78b4b084fa488b7680906187a4c12a0328977d8af4e98e7b1b94781,{}
135eb22271f811927930fbc6,Hidden,Dold,Bitwarden,sv-bitwarden-mobile-full-review-20260919,field_type_hidden,,project-context,17bf95136d15de26e3cd5e6a,reviewed-receipt,https://github.com/yeager/translations/blob/67e6d27877c9cfd6b6dbc74bd852b10bdbe09c3c/Bitwarden/sv-bitwarden-mobile-full-review-20260919.json,4e3887d6b78b4b084fa488b7680906187a4c12a0328977d8af4e98e7b1b94781,{}
137f46c08016fe986cd7459b,Default (System),Standard (System),Bitwarden,sv-bitwarden-mobile-full-review-20260919,DefaultSystem,,project-context,6d0a7daba727d364d1bb30f6,reviewed-receipt,https://github.com/yeager/translations/blob/67e6d27877c9cfd6b6dbc74bd852b10bdbe09c3c/Bitwarden/sv-bitwarden-mobile-full-review-20260919.json,4e3887d6b78b4b084fa488b7680906187a4c12a0328977d8af4e98e7b1b94781,{}
13a79b05049e36aa016dc805,Restart Premium,Starta om Premium,Bitwarden,sv-bitwarden-mobile-full-review-20260919,RestartPremium,,project-context,739fe477f2db8bdfd643b9fc,reviewed-receipt,https://github.com/yeager/translations/blob/67e6d27877c9cfd6b6dbc74bd852b10bdbe09c3c/Bitwarden/sv-bitwarden-mobile-full-review-20260919.json,4e3887d6b78b4b084fa488b7680906187a4c12a0328977d8af4e98e7b1b94781,{}
13c1c96f005b48d7503360c8,Send updated,Skicka uppdaterat,Bitwarden,sv-bitwarden-mobile-full-review-20260919,SendUpdated,,project-context,4c14f473097f8ac90d68df19,reviewed-receipt,https://github.com/yeager/translations/blob/67e6d27877c9cfd6b6dbc74bd852b10bdbe09c3c/Bitwarden/sv-bitwarden-mobile-full-review-20260919.json,4e3887d6b78b4b084fa488b7680906187a4c12a0328977d8af4e98e7b1b94781,{}
13e7c3ec8bf736fe8e1dc2f1,Collapse advanced options,Fäll in avancerade alternativ,Bitwarden,sv-bitwarden-mobile-full-review-20260919,collapse_advanced_options,,project-context,43e145e9b332cbd57e555972,reviewed-receipt,https://github.com/yeager/translations/blob/67e6d27877c9cfd6b6dbc74bd852b10bdbe09c3c/Bitwarden/sv-bitwarden-mobile-full-review-20260919.json,4e3887d6b78b4b084fa488b7680906187a4c12a0328977d8af4e98e7b1b94781,{}
13ed8a7f450ff7ef8f3452e0,Passport type,Passtyp,Bitwarden,sv-bitwarden-mobile-full-review-20260919,PassportType,,project-context,a9995d22ccc41dd9d6075a35,reviewed-receipt,https://github.com/yeager/translations/blob/67e6d27877c9cfd6b6dbc74bd852b10bdbe09c3c/Bitwarden/sv-bitwarden-mobile-full-review-20260919.json,4e3887d6b78b4b084fa488b7680906187a4c12a0328977d8af4e98e7b1b94781,{}
1413129d76c5792e3eeed0ac,What makes a password strong?,Vad gör ett lösenord starkt?,Bitwarden,sv-bitwarden-mobile-full-review-20260919,what_makes_a_password_strong,,project-context,da1e2c62e98b91f1bcf4481e,reviewed-receipt,https://github.com/yeager/translations/blob/67e6d27877c9cfd6b6dbc74bd852b10bdbe09c3c/Bitwarden/sv-bitwarden-mobile-full-review-20260919.json,4e3887d6b78b4b084fa488b7680906187a4c12a0328977d8af4e98e7b1b94781,{}
141d58cdd100d668103af868,Syncing complete,Synkronisering slutförd,Bitwarden,sv-bitwarden-mobile-full-review-20260919,syncing_complete,,project-context,7e06898f74135d9a5220fa28,reviewed-receipt,https://github.com/yeager/translations/blob/67e6d27877c9cfd6b6dbc74bd852b10bdbe09c3c/Bitwarden/sv-bitwarden-mobile-full-review-20260919.json,4e3887d6b78b4b084fa488b7680906187a4c12a0328977d8af4e98e7b1b94781,{}
14429b4ed7e95aae3d6cf260,Item saved,Objektet uppdaterades,Bitwarden,sv-bitwarden-mobile-full-review-20260919,ItemUpdated,,project-context,f122f5d8c1c92a7b163d495a,reviewed-receipt,https://github.com/yeager/translations/blob/67e6d27877c9cfd6b6dbc74bd852b10bdbe09c3c/Bitwarden/sv-bitwarden-mobile-full-review-20260919.json,4e3887d6b78b4b084fa488b7680906187a4c12a0328977d8af4e98e7b1b94781,{}
144e606d1207d0dfda2787d6,Move to Organization,Flytta till organisation,Bitwarden,sv-bitwarden-mobile-full-review-20260919,move_to_organization,,project-context,8f9fcc0acf9dd635d0d55f47,reviewed-receipt,https://github.com/yeager/translations/blob/67e6d27877c9cfd6b6dbc74bd852b10bdbe09c3c/Bitwarden/sv-bitwarden-mobile-full-review-20260919.json,4e3887d6b78b4b084fa488b7680906187a4c12a0328977d8af4e98e7b1b94781,{}
1497ac77dd52dd1d721cdc9e,Billing amount,Faktureringsbelopp,Bitwarden,sv-bitwarden-mobile-full-review-20260919,billing_amount,,project-context,17b54e8a6c19b7f8e6745c3d,reviewed-receipt,https://github.com/yeager/translations/blob/67e6d27877c9cfd6b6dbc74bd852b10bdbe09c3c/Bitwarden/sv-bitwarden-mobile-full-review-20260919.json,4e3887d6b78b4b084fa488b7680906187a4c12a0328977d8af4e98e7b1b94781,{}
149c6c4ed74afb1575f5282f,Uppercase (A to Z),Versaler (A till Ö),Bitwarden,sv-bitwarden-mobile-full-review-20260919,UppercaseAtoZ,,project-context,10361d292b4f664ceb57ff5a,reviewed-receipt,https://github.com/yeager/translations/blob/67e6d27877c9cfd6b6dbc74bd852b10bdbe09c3c/Bitwarden/sv-bitwarden-mobile-full-review-20260919.json,4e3887d6b78b4b084fa488b7680906187a4c12a0328977d8af4e98e7b1b94781,{}
14b186f0ba988580e61e5078,Invalid certificate chain,Ogiltig certifikatkedja,Bitwarden,sv-bitwarden-mobile-full-review-20260919,invalid_certificate_chain,,project-context,f991b0033f61a0ed06f5162d,reviewed-receipt,https://github.com/yeager/translations/blob/67e6d27877c9cfd6b6dbc74bd852b10bdbe09c3c/Bitwarden/sv-bitwarden-mobile-full-review-20260919.json,4e3887d6b78b4b084fa488b7680906187a4c12a0328977d8af4e98e7b1b94781,{}
151a5445b4ea1a90f06dc107,No logs recorded,Inga loggar inspelade,Bitwarden,sv-bitwarden-mobile-full-review-20260919,NoLogsRecorded,,project-context,7290b81e967987fdd6da2ada,reviewed-receipt,https://github.com/yeager/translations/blob/67e6d27877c9cfd6b6dbc74bd852b10bdbe09c3c/Bitwarden/sv-bitwarden-mobile-full-review-20260919.json,4e3887d6b78b4b084fa488b7680906187a4c12a0328977d8af4e98e7b1b94781,{}
15827c368ffad2f8c8f58365,View identity,Visa identitet,Bitwarden,sv-bitwarden-mobile-full-review-20260919,ViewIdentity,,project-context,75228c4bfd98d0810dc9350c,reviewed-receipt,https://github.com/yeager/translations/blob/67e6d27877c9cfd6b6dbc74bd852b10bdbe09c3c/Bitwarden/sv-bitwarden-mobile-full-review-20260919.json,4e3887d6b78b4b084fa488b7680906187a4c12a0328977d8af4e98e7b1b94781,{}
1592ff9b68fba7ec74515123,November,november,Bitwarden,sv-bitwarden-mobile-full-review-20260919,november,,project-context,fe4d4dcd4afc72dbb4908f18,reviewed-receipt,https://github.com/yeager/translations/blob/67e6d27877c9cfd6b6dbc74bd852b10bdbe09c3c/Bitwarden/sv-bitwarden-mobile-full-review-20260919.json,4e3887d6b78b4b084fa488b7680906187a4c12a0328977d8af4e98e7b1b94781,{}
15a9b62c3a501d2d52d43637,Learn more about autofill,Läs mer om autofyll,Bitwarden,sv-bitwarden-mobile-full-review-20260919,LearnMoreAboutAutofill,,project-context,07725ba3fe8e0e843eacccf4,reviewed-receipt,https://github.com/yeager/translations/blob/67e6d27877c9cfd6b6dbc74bd852b10bdbe09c3c/Bitwarden/sv-bitwarden-mobile-full-review-20260919.json,4e3887d6b78b4b084fa488b7680906187a4c12a0328977d8af4e98e7b1b94781,{}
15cd67fd0554b625025af73a,Local network access required,Lokal nätverksåtkomst krävs,Bitwarden,sv-bitwarden-mobile-full-review-20260919,local_network_access_required,,project-context,6b8650a494f9a67821f151f1,reviewed-receipt,https://github.com/yeager/translations/blob/67e6d27877c9cfd6b6dbc74bd852b10bdbe09c3c/Bitwarden/sv-bitwarden-mobile-full-review-20260919.json,4e3887d6b78b4b084fa488b7680906187a4c12a0328977d8af4e98e7b1b94781,{}
15cf2f04b2e4e38892914681,Refresh period,Uppdateringstid,Bitwarden,sv-bitwarden-mobile-full-review-20260919,RefreshPeriod,,project-context,27284731a2916babe03af437,reviewed-receipt,https://github.com/yeager/translations/blob/67e6d27877c9cfd6b6dbc74bd852b10bdbe09c3c/Bitwarden/sv-bitwarden-mobile-full-review-20260919.json,4e3887d6b78b4b084fa488b7680906187a4c12a0328977d8af4e98e7b1b94781,{}
15de9ae5df96bda4c28988f9,API access token (required),API-åtkomsttoken (krävs),Bitwarden,sv-bitwarden-mobile-full-review-20260919,api_access_token_required_parenthesis,,project-context,91488d32d9523fa0c0204495,reviewed-receipt,https://github.com/yeager/translations/blob/67e6d27877c9cfd6b6dbc74bd852b10bdbe09c3c/Bitwarden/sv-bitwarden-mobile-full-review-20260919.json,4e3887d6b78b4b084fa488b7680906187a4c12a0328977d8af4e98e7b1b94781,{}
15ff40850dd9c83bcf1f9dc8,Encryption settings updated,Krypteringsinställningar uppdaterade,Bitwarden,sv-bitwarden-mobile-full-review-20260919,EncryptionSettingsUpdated,,project-context,bde1676bf3054906a0712589,reviewed-receipt,https://github.com/yeager/translations/blob/67e6d27877c9cfd6b6dbc74bd852b10bdbe09c3c/Bitwarden/sv-bitwarden-mobile-full-review-20260919.json,4e3887d6b78b4b084fa488b7680906187a4c12a0328977d8af4e98e7b1b94781,{}
1639d63513529b68e9412a37,Add item,Lägg till objekt,Bitwarden,sv-bitwarden-mobile-full-review-20260919,AddItem,,project-context,95c1fc2acbd7c59a01fc6057,reviewed-receipt,https://github.com/yeager/translations/blob/67e6d27877c9cfd6b6dbc74bd852b10bdbe09c3c/Bitwarden/sv-bitwarden-mobile-full-review-20260919.json,4e3887d6b78b4b084fa488b7680906187a4c12a0328977d8af4e98e7b1b94781,{}
164208f0a5dea57658c0f063,Use Optic ID To Unlock,Använd Optic ID för att låsa upp,Bitwarden,sv-bitwarden-mobile-full-review-20260919,UseOpticIDToUnlock,,project-context,9b00341764f7c7e5d21dd5c6,reviewed-receipt,https://github.com/yeager/translations/blob/67e6d27877c9cfd6b6dbc74bd852b10bdbe09c3c/Bitwarden/sv-bitwarden-mobile-full-review-20260919.json,4e3887d6b78b4b084fa488b7680906187a4c12a0328977d8af4e98e7b1b94781,{}
1682c7011dc6974cb7d9cb4a,Biometric verification,Biometrisk verifiering,Bitwarden,sv-bitwarden-mobile-full-review-20260919,biometrics_direction,,project-context,93338f36e81e09dc1a38f6d3,reviewed-receipt,https://github.com/yeager/translations/blob/67e6d27877c9cfd6b6dbc74bd852b10bdbe09c3c/Bitwarden/sv-bitwarden-mobile-full-review-20260919.json,4e3887d6b78b4b084fa488b7680906187a4c12a0328977d8af4e98e7b1b94781,{}
1692daddb9ad689df41dd081,Minimum numbers,Minsta antal siffror,Bitwarden,sv-bitwarden-mobile-full-review-20260919,MinNumbers,,project-context,36979a78103e28b0b2c63107,reviewed-receipt,https://github.com/yeager/translations/blob/67e6d27877c9cfd6b6dbc74bd852b10bdbe09c3c/Bitwarden/sv-bitwarden-mobile-full-review-20260919.json,4e3887d6b78b4b084fa488b7680906187a4c12a0328977d8af4e98e7b1b94781,{}
16989c13892c65a4a7ab3208,Re-type master password (required),Skriv in huvudlösenordet igen (krävs),Bitwarden,sv-bitwarden-mobile-full-review-20260919,RetypeMasterPasswordRequired,,project-context,cd638fd76faec0c352b2f7bf,reviewed-receipt,https://github.com/yeager/translations/blob/67e6d27877c9cfd6b6dbc74bd852b10bdbe09c3c/Bitwarden/sv-bitwarden-mobile-full-review-20260919.json,4e3887d6b78b4b084fa488b7680906187a4c12a0328977d8af4e98e7b1b94781,{}
16afc85f6407160f44d2524c,The certificate has expired.,Certifikatet har löpt ut.,Bitwarden,sv-bitwarden-mobile-full-review-20260919,TheCertificateHasExpired,,project-context,9cd5c5b46c734262fd747dd1,reviewed-receipt,https://github.com/yeager/translations/blob/67e6d27877c9cfd6b6dbc74bd852b10bdbe09c3c/Bitwarden/sv-bitwarden-mobile-full-review-20260919.json,4e3887d6b78b4b084fa488b7680906187a4c12a0328977d8af4e98e7b1b94781,{}
16c192d679c8240bb6948998,Log deleted,Loggen raderad,Bitwarden,sv-bitwarden-mobile-full-review-20260919,log_deleted,,project-context,149714198327d4005b47d2d4,reviewed-receipt,https://github.com/yeager/translations/blob/67e6d27877c9cfd6b6dbc74bd852b10bdbe09c3c/Bitwarden/sv-bitwarden-mobile-full-review-20260919.json,4e3887d6b78b4b084fa488b7680906187a4c12a0328977d8af4e98e7b1b94781,{}
16da921f6f4a8abbb8de606a,Master password hint,Ledtråd till huvudlösenord,Bitwarden,sv-bitwarden-mobile-full-review-20260919,MasterPasswordHint,,project-context,32e09c9255a830a4c0f1d65a,reviewed-receipt,https://github.com/yeager/translations/blob/67e6d27877c9cfd6b6dbc74bd852b10bdbe09c3c/Bitwarden/sv-bitwarden-mobile-full-review-20260919.json,4e3887d6b78b4b084fa488b7680906187a4c12a0328977d8af4e98e7b1b94781,{}
16fbb0328750568a82ee717d,Allow screen capture,Tillåt skärmdump,Bitwarden,sv-bitwarden-mobile-full-review-20260919,allow_screen_capture,,project-context,f61944336a20e909c58948cd,reviewed-receipt,https://github.com/yeager/translations/blob/67e6d27877c9cfd6b6dbc74bd852b10bdbe09c3c/Bitwarden/sv-bitwarden-mobile-full-review-20260919.json,4e3887d6b78b4b084fa488b7680906187a4c12a0328977d8af4e98e7b1b94781,{}
16fd08ff000d07cfd859d99b,Import items,Importera objekt,Bitwarden,sv-bitwarden-mobile-full-review-20260919,ImportItems,,project-context,bb2139a809bd2187f2b28857,reviewed-receipt,https://github.com/yeager/translations/blob/67e6d27877c9cfd6b6dbc74bd852b10bdbe09c3c/Bitwarden/sv-bitwarden-mobile-full-review-20260919.json,4e3887d6b78b4b084fa488b7680906187a4c12a0328977d8af4e98e7b1b94781,{}
171310caa69e222b181d4fa8,Expired,Upphört,Bitwarden,sv-bitwarden-mobile-full-review-20260919,Expired,,project-context,2d35b2c83d1cab314a9e7433,reviewed-receipt,https://github.com/yeager/translations/blob/67e6d27877c9cfd6b6dbc74bd852b10bdbe09c3c/Bitwarden/sv-bitwarden-mobile-full-review-20260919.json,4e3887d6b78b4b084fa488b7680906187a4c12a0328977d8af4e98e7b1b94781,{}
1739cbdd74e4a00ec6cc850e,Passkeys not supported for this app,Inloggningsnycklar stöds inte för den här appen,Bitwarden,sv-bitwarden-mobile-full-review-20260919,passkeys_not_supported_for_this_app,,project-context,1b8d8b48dc21b4195a86760f,reviewed-receipt,https://github.com/yeager/translations/blob/67e6d27877c9cfd6b6dbc74bd852b10bdbe09c3c/Bitwarden/sv-bitwarden-mobile-full-review-20260919.json,4e3887d6b78b4b084fa488b7680906187a4c12a0328977d8af4e98e7b1b94781,{}
1789298c39ef809d2580c392,Log out all accounts,Logga ut från alla konton,Bitwarden,sv-bitwarden-mobile-full-review-20260919,LogOutAllAccounts,,project-context,91b778b06d6115e989de445c,reviewed-receipt,https://github.com/yeager/translations/blob/67e6d27877c9cfd6b6dbc74bd852b10bdbe09c3c/Bitwarden/sv-bitwarden-mobile-full-review-20260919.json,4e3887d6b78b4b084fa488b7680906187a4c12a0328977d8af4e98e7b1b94781,{}
17a7d54c67e00d00ad6249e2,Make a copy,Skapa en kopia,Bitwarden,sv-bitwarden-mobile-full-review-20260919,MakeACopy,,project-context,49a1b00f5b7f9b76ff402168,reviewed-receipt,https://github.com/yeager/translations/blob/67e6d27877c9cfd6b6dbc74bd852b10bdbe09c3c/Bitwarden/sv-bitwarden-mobile-full-review-20260919.json,4e3887d6b78b4b084fa488b7680906187a4c12a0328977d8af4e98e7b1b94781,{}
17bf88fac9d875de9fc0c6fe,Prevent account lockout,Förhindra spärr av konto,Bitwarden,sv-bitwarden-mobile-full-review-20260919,PreventAccountLockout,,project-context,94f648b2b38d2bbf11ef5a80,reviewed-receipt,https://github.com/yeager/translations/blob/67e6d27877c9cfd6b6dbc74bd852b10bdbe09c3c/Bitwarden/sv-bitwarden-mobile-full-review-20260919.json,4e3887d6b78b4b084fa488b7680906187a4c12a0328977d8af4e98e7b1b94781,{}
17c8d9c379227f7f3fed0577,Back,Tillbaka,Bitwarden,sv-bitwarden-mobile-full-review-20260919,Back,,project-context,e16280aed1a8f56e0d8fa526,reviewed-receipt,https://github.com/yeager/translations/blob/67e6d27877c9cfd6b6dbc74bd852b10bdbe09c3c/Bitwarden/sv-bitwarden-mobile-full-review-20260919.json,4e3887d6b78b4b084fa488b7680906187a4c12a0328977d8af4e98e7b1b94781,{}
17c99ab17ba2bc55cdfc37b7,Submit crash logs,Skicka kraschloggar,Bitwarden,sv-bitwarden-mobile-full-review-20260919,submit_crash_logs,,project-context,4ab67d9d7fb72f94dac853be,reviewed-receipt,https://github.com/yeager/translations/blob/67e6d27877c9cfd6b6dbc74bd852b10bdbe09c3c/Bitwarden/sv-bitwarden-mobile-full-review-20260919.json,4e3887d6b78b4b084fa488b7680906187a4c12a0328977d8af4e98e7b1b94781,{}
17d65180c3b4484a46f082ef,January,Januari,Bitwarden,sv-bitwarden-mobile-full-review-20260919,January,,project-context,939d3a6fa2dc85f72eaa8ec9,reviewed-receipt,https://github.com/yeager/translations/blob/67e6d27877c9cfd6b6dbc74bd852b10bdbe09c3c/Bitwarden/sv-bitwarden-mobile-full-review-20260919.json,4e3887d6b78b4b084fa488b7680906187a4c12a0328977d8af4e98e7b1b94781,{}
17dd0f3636f75b340c66d280,Birth place,Födelseort,Bitwarden,sv-bitwarden-mobile-full-review-20260919,BirthPlace,,project-context,8a09e042e070bba128a4c64f,reviewed-receipt,https://github.com/yeager/translations/blob/67e6d27877c9cfd6b6dbc74bd852b10bdbe09c3c/Bitwarden/sv-bitwarden-mobile-full-review-20260919.json,4e3887d6b78b4b084fa488b7680906187a4c12a0328977d8af4e98e7b1b94781,{}
18206e127969993db59fe8fa,There are no items to list.,Det finns inga objekt att visa.,Bitwarden,sv-bitwarden-mobile-full-review-20260919,NoItemsToList,,project-context,ab39b474f654c0f7ff438cf6,reviewed-receipt,https://github.com/yeager/translations/blob/67e6d27877c9cfd6b6dbc74bd852b10bdbe09c3c/Bitwarden/sv-bitwarden-mobile-full-review-20260919.json,4e3887d6b78b4b084fa488b7680906187a4c12a0328977d8af4e98e7b1b94781,{}
1822d80dda588839720e201d,January,Januari,Bitwarden,sv-bitwarden-mobile-full-review-20260919,january,,project-context,583b53570c5c059cd51d39f2,reviewed-receipt,https://github.com/yeager/translations/blob/67e6d27877c9cfd6b6dbc74bd852b10bdbe09c3c/Bitwarden/sv-bitwarden-mobile-full-review-20260919.json,4e3887d6b78b4b084fa488b7680906187a4c12a0328977d8af4e98e7b1b94781,{}
18315ca7a92dc640f7528290,Recently active:,Senast aktiv:,Bitwarden,sv-bitwarden-mobile-full-review-20260919,RecentlyActiveLabel,,project-context,b09c2043d0ad0654e8764325,reviewed-receipt,https://github.com/yeager/translations/blob/67e6d27877c9cfd6b6dbc74bd852b10bdbe09c3c/Bitwarden/sv-bitwarden-mobile-full-review-20260919.json,4e3887d6b78b4b084fa488b7680906187a4c12a0328977d8af4e98e7b1b94781,{}
1832ce803cce397ddc66a72a,Regular expression,Reguljärt uttryck,Bitwarden,sv-bitwarden-mobile-full-review-20260919,RegEx,,project-context,52533e68cf43709ddac4e961,reviewed-receipt,https://github.com/yeager/translations/blob/67e6d27877c9cfd6b6dbc74bd852b10bdbe09c3c/Bitwarden/sv-bitwarden-mobile-full-review-20260919.json,4e3887d6b78b4b084fa488b7680906187a4c12a0328977d8af4e98e7b1b94781,{}
18429f8e86fe19c2c70dc268,About privileged applications,Om privilegierade applikationer,Bitwarden,sv-bitwarden-mobile-full-review-20260919,about_privileged_applications,,project-context,1b1186823ce63faa2d2e2e7e,reviewed-receipt,https://github.com/yeager/translations/blob/67e6d27877c9cfd6b6dbc74bd852b10bdbe09c3c/Bitwarden/sv-bitwarden-mobile-full-review-20260919.json,4e3887d6b78b4b084fa488b7680906187a4c12a0328977d8af4e98e7b1b94781,{}
18a1926a28a1ae39e4e0af8e,Clone,Klona,Bitwarden,sv-bitwarden-mobile-full-review-20260919,clone,,project-context,6ec067139ce08d168fb967a4,reviewed-receipt,https://github.com/yeager/translations/blob/67e6d27877c9cfd6b6dbc74bd852b10bdbe09c3c/Bitwarden/sv-bitwarden-mobile-full-review-20260919.json,4e3887d6b78b4b084fa488b7680906187a4c12a0328977d8af4e98e7b1b94781,{}
18b1032cead7b73860947bb6,Installed apps,Installerade appar,Bitwarden,sv-bitwarden-mobile-full-review-20260919,installed_apps,,project-context,0be8caa1dc7a8548e7b2b0db,reviewed-receipt,https://github.com/yeager/translations/blob/67e6d27877c9cfd6b6dbc74bd852b10bdbe09c3c/Bitwarden/sv-bitwarden-mobile-full-review-20260919.json,4e3887d6b78b4b084fa488b7680906187a4c12a0328977d8af4e98e7b1b94781,{}
18efe5b79bea09202e606886,Devices,Enheter,Bitwarden,sv-bitwarden-mobile-full-review-20260919,devices,,project-context,3e1ff1de922c7107ba05f9b4,reviewed-receipt,https://github.com/yeager/translations/blob/67e6d27877c9cfd6b6dbc74bd852b10bdbe09c3c/Bitwarden/sv-bitwarden-mobile-full-review-20260919.json,4e3887d6b78b4b084fa488b7680906187a4c12a0328977d8af4e98e7b1b94781,{}
18f496bb8e78ed43543dd603,Change email address,Ändra e-postadress,Bitwarden,sv-bitwarden-mobile-full-review-20260919,ChangeEmailAddress,,project-context,39bf0d9b070a2220e431b8e1,reviewed-receipt,https://github.com/yeager/translations/blob/67e6d27877c9cfd6b6dbc74bd852b10bdbe09c3c/Bitwarden/sv-bitwarden-mobile-full-review-20260919.json,4e3887d6b78b4b084fa488b7680906187a4c12a0328977d8af4e98e7b1b94781,{}
18fc65796e2b8bb7aa1b72d8,Move,Flytta,Bitwarden,sv-bitwarden-mobile-full-review-20260919,Move,,project-context,23a53ae03703282941da220d,reviewed-receipt,https://github.com/yeager/translations/blob/67e6d27877c9cfd6b6dbc74bd852b10bdbe09c3c/Bitwarden/sv-bitwarden-mobile-full-review-20260919.json,4e3887d6b78b4b084fa488b7680906187a4c12a0328977d8af4e98e7b1b94781,{}
19c560faf4fa568f0dd96ea3,Syncing logins…,Synkroniserar inloggningar…,Bitwarden,sv-bitwarden-mobile-full-review-20260919,syncing_logins_loading_message,,project-context,4a1eef71db6ebb8f012c6739,reviewed-receipt,https://github.com/yeager/translations/blob/67e6d27877c9cfd6b6dbc74bd852b10bdbe09c3c/Bitwarden/sv-bitwarden-mobile-full-review-20260919.json,4e3887d6b78b4b084fa488b7680906187a4c12a0328977d8af4e98e7b1b94781,{}
19d608297f6dfe6b4b92e7aa,Confirm file password,Bekräfta fillösenord,Bitwarden,sv-bitwarden-mobile-full-review-20260919,ConfirmFilePassword,,project-context,1fe5c7541265b81dfeb4d13c,reviewed-receipt,https://github.com/yeager/translations/blob/67e6d27877c9cfd6b6dbc74bd852b10bdbe09c3c/Bitwarden/sv-bitwarden-mobile-full-review-20260919.json,4e3887d6b78b4b084fa488b7680906187a4c12a0328977d8af4e98e7b1b94781,{}
19e380f7e4ffc73fd59c1ea7,Text to share,Text att dela,Bitwarden,sv-bitwarden-mobile-full-review-20260919,TextToShare,,project-context,b6758a2c41b5f4f8efcccfc4,reviewed-receipt,https://github.com/yeager/translations/blob/67e6d27877c9cfd6b6dbc74bd852b10bdbe09c3c/Bitwarden/sv-bitwarden-mobile-full-review-20260919.json,4e3887d6b78b4b084fa488b7680906187a4c12a0328977d8af4e98e7b1b94781,{}
19e62720175a3042ad0e4486,Owner,Ägare,Bitwarden,sv-bitwarden-mobile-full-review-20260919,owner,,project-context,0a43623a747d59e6917a5fce,reviewed-receipt,https://github.com/yeager/translations/blob/67e6d27877c9cfd6b6dbc74bd852b10bdbe09c3c/Bitwarden/sv-bitwarden-mobile-full-review-20260919.json,4e3887d6b78b4b084fa488b7680906187a4c12a0328977d8af4e98e7b1b94781,{}
19fd4766779fd78598094ed7,Passkey will not be copied,Inloggningsnyckeln kommer inte kopieras,Bitwarden,sv-bitwarden-mobile-full-review-20260919,PasskeyWillNotBeCopied,,project-context,835aaa1c19442f9c7a881654,reviewed-receipt,https://github.com/yeager/translations/blob/67e6d27877c9cfd6b6dbc74bd852b10bdbe09c3c/Bitwarden/sv-bitwarden-mobile-full-review-20260919.json,4e3887d6b78b4b084fa488b7680906187a4c12a0328977d8af4e98e7b1b94781,{}
1a4d0593b39473c21bbe758e,Select language,Välj språk,Bitwarden,sv-bitwarden-mobile-full-review-20260919,SelectLanguage,,project-context,3cbfdb1f1b4e2d568b1709ae,reviewed-receipt,https://github.com/yeager/translations/blob/67e6d27877c9cfd6b6dbc74bd852b10bdbe09c3c/Bitwarden/sv-bitwarden-mobile-full-review-20260919.json,4e3887d6b78b4b084fa488b7680906187a4c12a0328977d8af4e98e7b1b94781,{}
1aa2108c8c29945ab4131775,Leave organization,Lämna organisation,Bitwarden,sv-bitwarden-mobile-full-review-20260919,LeaveOrganization,,project-context,e6b641dd29627679d6da7c43,reviewed-receipt,https://github.com/yeager/translations/blob/67e6d27877c9cfd6b6dbc74bd852b10bdbe09c3c/Bitwarden/sv-bitwarden-mobile-full-review-20260919.json,4e3887d6b78b4b084fa488b7680906187a4c12a0328977d8af4e98e7b1b94781,{}
1aa861ed157440290625e0bc,No pending requests,Inga väntande förfrågningar,Bitwarden,sv-bitwarden-mobile-full-review-20260919,no_pending_requests,,project-context,8d8f62e51f7be22ba7fac568,reviewed-receipt,https://github.com/yeager/translations/blob/67e6d27877c9cfd6b6dbc74bd852b10bdbe09c3c/Bitwarden/sv-bitwarden-mobile-full-review-20260919.json,4e3887d6b78b4b084fa488b7680906187a4c12a0328977d8af4e98e7b1b94781,{}
1ab3d489f12eba73aaa81878,Passkey,Inloggningsnyckel,Bitwarden,sv-bitwarden-mobile-full-review-20260919,Passkey,,project-context,4ec5c4f267839f4142a90085,reviewed-receipt,https://github.com/yeager/translations/blob/67e6d27877c9cfd6b6dbc74bd852b10bdbe09c3c/Bitwarden/sv-bitwarden-mobile-full-review-20260919.json,4e3887d6b78b4b084fa488b7680906187a4c12a0328977d8af4e98e7b1b94781,{}
1adacbf9676a1cbe76afed26,Edit identity,Redigera identitet,Bitwarden,sv-bitwarden-mobile-full-review-20260919,edit_identity,,project-context,d7413ccd45968e40c8bdafbf,reviewed-receipt,https://github.com/yeager/translations/blob/67e6d27877c9cfd6b6dbc74bd852b10bdbe09c3c/Bitwarden/sv-bitwarden-mobile-full-review-20260919.json,4e3887d6b78b4b084fa488b7680906187a4c12a0328977d8af4e98e7b1b94781,{}
1afe2f2bda5766acb0dcf4ef,Number of words,Antal ord,Bitwarden,sv-bitwarden-mobile-full-review-20260919,number_of_words,,project-context,a9853a2cb70bdf839e537d9e,reviewed-receipt,https://github.com/yeager/translations/blob/67e6d27877c9cfd6b6dbc74bd852b10bdbe09c3c/Bitwarden/sv-bitwarden-mobile-full-review-20260919.json,4e3887d6b78b4b084fa488b7680906187a4c12a0328977d8af4e98e7b1b94781,{}
1b2ac748adc55b34f5c8ce4a,Shared folders,Delade mappar,Bitwarden,sv-bitwarden-mobile-full-review-20260919,SharedFolders,,project-context,8b9416b8540c354bf033e6e3,reviewed-receipt,https://github.com/yeager/translations/blob/67e6d27877c9cfd6b6dbc74bd852b10bdbe09c3c/Bitwarden/sv-bitwarden-mobile-full-review-20260919.json,4e3887d6b78b4b084fa488b7680906187a4c12a0328977d8af4e98e7b1b94781,{}
1b5b9348112dfac1dc0c8200,License number,Körkortsnummer,Bitwarden,sv-bitwarden-mobile-full-review-20260919,LicenseNumber,,project-context,2652d4e8f5d04c9355b11092,reviewed-receipt,https://github.com/yeager/translations/blob/67e6d27877c9cfd6b6dbc74bd852b10bdbe09c3c/Bitwarden/sv-bitwarden-mobile-full-review-20260919.json,4e3887d6b78b4b084fa488b7680906187a4c12a0328977d8af4e98e7b1b94781,{}
1b5c6ed164595a814e5d64a1,Autofill services,Tjänster för automatisk ifyllnad,Bitwarden,sv-bitwarden-mobile-full-review-20260919,autofill_services,,project-context,80409086566d0c73b00a091f,reviewed-receipt,https://github.com/yeager/translations/blob/67e6d27877c9cfd6b6dbc74bd852b10bdbe09c3c/Bitwarden/sv-bitwarden-mobile-full-review-20260919.json,4e3887d6b78b4b084fa488b7680906187a4c12a0328977d8af4e98e7b1b94781,{}
1b8b58be0d87fb2785b7ee62,March,Mars,Bitwarden,sv-bitwarden-mobile-full-review-20260919,march,,project-context,fcdefabece6becd0fb3b5536,reviewed-receipt,https://github.com/yeager/translations/blob/67e6d27877c9cfd6b6dbc74bd852b10bdbe09c3c/Bitwarden/sv-bitwarden-mobile-full-review-20260919.json,4e3887d6b78b4b084fa488b7680906187a4c12a0328977d8af4e98e7b1b94781,{}
1b90513f92abbb927db9598a,Last sync:,Senaste synkronisering:,Bitwarden,sv-bitwarden-mobile-full-review-20260919,LastSync,,project-context,0ab28c79228481ce75dbb785,reviewed-receipt,https://github.com/yeager/translations/blob/67e6d27877c9cfd6b6dbc74bd852b10bdbe09c3c/Bitwarden/sv-bitwarden-mobile-full-review-20260919.json,4e3887d6b78b4b084fa488b7680906187a4c12a0328977d8af4e98e7b1b94781,{}
1b922810469faba7d10dbb91,Use Chrome autofill integration,Använd Chrome autofyll-integration,Bitwarden,sv-bitwarden-mobile-full-review-20260919,use_chrome_autofill_integration,,project-context,0a46b00edba88db299c3c55e,reviewed-receipt,https://github.com/yeager/translations/blob/67e6d27877c9cfd6b6dbc74bd852b10bdbe09c3c/Bitwarden/sv-bitwarden-mobile-full-review-20260919.json,4e3887d6b78b4b084fa488b7680906187a4c12a0328977d8af4e98e7b1b94781,{}
1c4491b74eda05d696fb6d0a,Decryption error,Dekrypteringsfel,Bitwarden,sv-bitwarden-mobile-full-review-20260919,decryption_error,,project-context,8c45ab1596552b067f158ac0,reviewed-receipt,https://github.com/yeager/translations/blob/67e6d27877c9cfd6b6dbc74bd852b10bdbe09c3c/Bitwarden/sv-bitwarden-mobile-full-review-20260919.json,4e3887d6b78b4b084fa488b7680906187a4c12a0328977d8af4e98e7b1b94781,{}
1c923142b26f86faeaaf7ef2,Verify your account email address,Verifiera e-postadressen för ditt konto,Bitwarden,sv-bitwarden-mobile-full-review-20260919,verify_your_account_email_address,,project-context,6e6c23fedb63974cc75b9ca0,reviewed-receipt,https://github.com/yeager/translations/blob/67e6d27877c9cfd6b6dbc74bd852b10bdbe09c3c/Bitwarden/sv-bitwarden-mobile-full-review-20260919.json,4e3887d6b78b4b084fa488b7680906187a4c12a0328977d8af4e98e7b1b94781,{}
1c9e82bbb8c1a2b1639a866c,Passphrase,Lösenordsfras,Bitwarden,sv-bitwarden-mobile-full-review-20260919,passphrase,,project-context,4c958c53e4f4dd4981ba1427,reviewed-receipt,https://github.com/yeager/translations/blob/67e6d27877c9cfd6b6dbc74bd852b10bdbe09c3c/Bitwarden/sv-bitwarden-mobile-full-review-20260919.json,4e3887d6b78b4b084fa488b7680906187a4c12a0328977d8af4e98e7b1b94781,{}
1cd97913112107dbfbf7bde0,Given name,Förnamn,Bitwarden,sv-bitwarden-mobile-full-review-20260919,given_name,,project-context,486a2be4f9a1d5d2ef552388,reviewed-receipt,https://github.com/yeager/translations/blob/67e6d27877c9cfd6b6dbc74bd852b10bdbe09c3c/Bitwarden/sv-bitwarden-mobile-full-review-20260919.json,4e3887d6b78b4b084fa488b7680906187a4c12a0328977d8af4e98e7b1b94781,{}
1d1922ede6bfca65dc8f2048,Value,Värde,Bitwarden,sv-bitwarden-mobile-full-review-20260919,value,,project-context,d430314fdfadcd13e1fd5852,reviewed-receipt,https://github.com/yeager/translations/blob/67e6d27877c9cfd6b6dbc74bd852b10bdbe09c3c/Bitwarden/sv-bitwarden-mobile-full-review-20260919.json,4e3887d6b78b4b084fa488b7680906187a4c12a0328977d8af4e98e7b1b94781,{}
1d1f1d58c24a23a0e619bc8d,Copy address,Kopiera adress,Bitwarden,sv-bitwarden-mobile-full-review-20260919,copy_address,,project-context,0fd0b97397bab5f9005fa80b,reviewed-receipt,https://github.com/yeager/translations/blob/67e6d27877c9cfd6b6dbc74bd852b10bdbe09c3c/Bitwarden/sv-bitwarden-mobile-full-review-20260919.json,4e3887d6b78b4b084fa488b7680906187a4c12a0328977d8af4e98e7b1b94781,{}
1d3974db9cab66601ea39ef5,Replace certificate,Ersätt certifikat,Bitwarden,sv-bitwarden-mobile-full-review-20260919,ReplaceCertificate,,project-context,a86df6513524d261a8abf6b3,reviewed-receipt,https://github.com/yeager/translations/blob/67e6d27877c9cfd6b6dbc74bd852b10bdbe09c3c/Bitwarden/sv-bitwarden-mobile-full-review-20260919.json,4e3887d6b78b4b084fa488b7680906187a4c12a0328977d8af4e98e7b1b94781,{}
1d3c073fd6c6285b73b1c40d,August,Augusti,Bitwarden,sv-bitwarden-mobile-full-review-20260919,august,,project-context,e4dbf2657fc9b2ce416158a7,reviewed-receipt,https://github.com/yeager/translations/blob/67e6d27877c9cfd6b6dbc74bd852b10bdbe09c3c/Bitwarden/sv-bitwarden-mobile-full-review-20260919.json,4e3887d6b78b4b084fa488b7680906187a4c12a0328977d8af4e98e7b1b94781,{}
1d3ea3fa5e6535d45d436e31,Generate passphrase,Generera lösenordsfras,Bitwarden,sv-bitwarden-mobile-full-review-20260919,GeneratePassphrase,,project-context,f83f2bffb8eb3b1a2e15ee2f,reviewed-receipt,https://github.com/yeager/translations/blob/67e6d27877c9cfd6b6dbc74bd852b10bdbe09c3c/Bitwarden/sv-bitwarden-mobile-full-review-20260919.json,4e3887d6b78b4b084fa488b7680906187a4c12a0328977d8af4e98e7b1b94781,{}
1d95f27200ed8f5c1d9eafa9,Off,Av,Bitwarden,sv-bitwarden-mobile-full-review-20260919,Off,,project-context,a4e45c6a37e7d64fb9a2600d,reviewed-receipt,https://github.com/yeager/translations/blob/67e6d27877c9cfd6b6dbc74bd852b10bdbe09c3c/Bitwarden/sv-bitwarden-mobile-full-review-20260919.json,4e3887d6b78b4b084fa488b7680906187a4c12a0328977d8af4e98e7b1b94781,{}
1da36e0401e7e9b352e4fc0a,Continue to complete WebAuthn verification.,Fortsätt för att slutföra WebAuthn-verifieringen.,Bitwarden,sv-bitwarden-mobile-full-review-20260919,continue_to_complete_web_authn_verification,,project-context,9711f52d525a1d04322c27b7,reviewed-receipt,https://github.com/yeager/translations/blob/67e6d27877c9cfd6b6dbc74bd852b10bdbe09c3c/Bitwarden/sv-bitwarden-mobile-full-review-20260919.json,4e3887d6b78b4b084fa488b7680906187a4c12a0328977d8af4e98e7b1b94781,{}
1daac0cac2123ebd60df318f,Syncing complete,Synkroniseringen slutfördes,Bitwarden,sv-bitwarden-mobile-full-review-20260919,SyncingComplete,,project-context,267ec17c670548d75ed47e06,reviewed-receipt,https://github.com/yeager/translations/blob/67e6d27877c9cfd6b6dbc74bd852b10bdbe09c3c/Bitwarden/sv-bitwarden-mobile-full-review-20260919.json,4e3887d6b78b4b084fa488b7680906187a4c12a0328977d8af4e98e7b1b94781,{}
1db3b149242ee5c712e8f5d4,Link,Länk,Bitwarden,sv-bitwarden-mobile-full-review-20260919,link,,project-context,0a4eb3ebcd4bc4ed90532c40,reviewed-receipt,https://github.com/yeager/translations/blob/67e6d27877c9cfd6b6dbc74bd852b10bdbe09c3c/Bitwarden/sv-bitwarden-mobile-full-review-20260919.json,4e3887d6b78b4b084fa488b7680906187a4c12a0328977d8af4e98e7b1b94781,{}
1db8950dad1c87a4ac5fc585,Passkey removed,Passkey borttagen,Bitwarden,sv-bitwarden-mobile-full-review-20260919,PasskeyRemoved,,project-context,7506f47bc6509465d0c34c02,reviewed-receipt,https://github.com/yeager/translations/blob/67e6d27877c9cfd6b6dbc74bd852b10bdbe09c3c/Bitwarden/sv-bitwarden-mobile-full-review-20260919.json,4e3887d6b78b4b084fa488b7680906187a4c12a0328977d8af4e98e7b1b94781,{}
1dc75330845e389e43b7886e,Favorites,Favoriter,Bitwarden,sv-bitwarden-mobile-full-review-20260919,Favorites,,project-context,d4775567b51f51fc3dd7a606,reviewed-receipt,https://github.com/yeager/translations/blob/67e6d27877c9cfd6b6dbc74bd852b10bdbe09c3c/Bitwarden/sv-bitwarden-mobile-full-review-20260919.json,4e3887d6b78b4b084fa488b7680906187a4c12a0328977d8af4e98e7b1b94781,{}
1df13e4d397aa1954b1408cb,Passkeys,Inloggningsnycklar,Bitwarden,sv-bitwarden-mobile-full-review-20260919,passkeys,,project-context,fdd971a00a82eb3d80d6c285,reviewed-receipt,https://github.com/yeager/translations/blob/67e6d27877c9cfd6b6dbc74bd852b10bdbe09c3c/Bitwarden/sv-bitwarden-mobile-full-review-20260919.json,4e3887d6b78b4b084fa488b7680906187a4c12a0328977d8af4e98e7b1b94781,{}
1e13a3b70c6fdb3c818a17f4,Private note,Privat notering,Bitwarden,sv-bitwarden-mobile-full-review-20260919,PrivateNote,,project-context,6720a209419a412c8666ca6a,reviewed-receipt,https://github.com/yeager/translations/blob/67e6d27877c9cfd6b6dbc74bd852b10bdbe09c3c/Bitwarden/sv-bitwarden-mobile-full-review-20260919.json,4e3887d6b78b4b084fa488b7680906187a4c12a0328977d8af4e98e7b1b94781,{}
1e17a529d175376ca43096bc,Leave organization,Lämna organisation,Bitwarden,sv-bitwarden-mobile-full-review-20260919,leave_organization,,project-context,9ed1b2ab90177d717dfd7f92,reviewed-receipt,https://github.com/yeager/translations/blob/67e6d27877c9cfd6b6dbc74bd852b10bdbe09c3c/Bitwarden/sv-bitwarden-mobile-full-review-20260919.json,4e3887d6b78b4b084fa488b7680906187a4c12a0328977d8af4e98e7b1b94781,{}
1e2a4a71105bbefe45358c74,Select time,Välj tid,Bitwarden,sv-bitwarden-mobile-full-review-20260919,select_time,,project-context,fbe3ab5ba13d035a58d8832d,reviewed-receipt,https://github.com/yeager/translations/blob/67e6d27877c9cfd6b6dbc74bd852b10bdbe09c3c/Bitwarden/sv-bitwarden-mobile-full-review-20260919.json,4e3887d6b78b4b084fa488b7680906187a4c12a0328977d8af4e98e7b1b94781,{}
1e51cac571d30263525ec770,Send code,Send-kod,Bitwarden,sv-bitwarden-mobile-full-review-20260919,send_code,,project-context,13937a2b20f202b88a555df3,reviewed-receipt,https://github.com/yeager/translations/blob/67e6d27877c9cfd6b6dbc74bd852b10bdbe09c3c/Bitwarden/sv-bitwarden-mobile-full-review-20260919.json,4e3887d6b78b4b084fa488b7680906187a4c12a0328977d8af4e98e7b1b94781,{}
1eaf824d5dd91c8dffa630bb,Choose three or four random words,Välj tre eller fyra slumpmässiga ord,Bitwarden,sv-bitwarden-mobile-full-review-20260919,ChooseThreeOrFourRandomWords,,project-context,83061a1a547091b179e706c3,reviewed-receipt,https://github.com/yeager/translations/blob/67e6d27877c9cfd6b6dbc74bd852b10bdbe09c3c/Bitwarden/sv-bitwarden-mobile-full-review-20260919.json,4e3887d6b78b4b084fa488b7680906187a4c12a0328977d8af4e98e7b1b94781,{}
1ec9c2b2ed180090295997dd,Storage cost,Lagringskostnad,Bitwarden,sv-bitwarden-mobile-full-review-20260919,storage_cost,,project-context,7474bed00cf074321ddfaac0,reviewed-receipt,https://github.com/yeager/translations/blob/67e6d27877c9cfd6b6dbc74bd852b10bdbe09c3c/Bitwarden/sv-bitwarden-mobile-full-review-20260919.json,4e3887d6b78b4b084fa488b7680906187a4c12a0328977d8af4e98e7b1b94781,{}
1f028ad5e6e54af9ec705490,Notes,Anteckningar,Bitwarden,sv-bitwarden-mobile-full-review-20260919,notes,,project-context,a3269688c3cd60fe62e055e3,reviewed-receipt,https://github.com/yeager/translations/blob/67e6d27877c9cfd6b6dbc74bd852b10bdbe09c3c/Bitwarden/sv-bitwarden-mobile-full-review-20260919.json,4e3887d6b78b4b084fa488b7680906187a4c12a0328977d8af4e98e7b1b94781,{}
1f0a0d42ecf25f1ee0b2590a,2 days,2 dagar,Bitwarden,sv-bitwarden-mobile-full-review-20260919,two_days,,project-context,172a2b1a79b93c97ca624785,reviewed-receipt,https://github.com/yeager/translations/blob/67e6d27877c9cfd6b6dbc74bd852b10bdbe09c3c/Bitwarden/sv-bitwarden-mobile-full-review-20260919.json,4e3887d6b78b4b084fa488b7680906187a4c12a0328977d8af4e98e7b1b94781,{}
1f19a3dedb3e30651b0d1f57,September,september,Bitwarden,sv-bitwarden-mobile-full-review-20260919,September,,project-context,f86f9a97b57dea5a885566ed,reviewed-receipt,https://github.com/yeager/translations/blob/67e6d27877c9cfd6b6dbc74bd852b10bdbe09c3c/Bitwarden/sv-bitwarden-mobile-full-review-20260919.json,4e3887d6b78b4b084fa488b7680906187a4c12a0328977d8af4e98e7b1b94781,{}
1f24a4dc3f9cf2aeaf7f2a0f,Copy national identification number,Kopiera personnummer,Bitwarden,sv-bitwarden-mobile-full-review-20260919,copy_national_identification_number,,project-context,c7bf666d8df856c9a666ac1c,reviewed-receipt,https://github.com/yeager/translations/blob/67e6d27877c9cfd6b6dbc74bd852b10bdbe09c3c/Bitwarden/sv-bitwarden-mobile-full-review-20260919.json,4e3887d6b78b4b084fa488b7680906187a4c12a0328977d8af4e98e7b1b94781,{}
1f3a8007c8aaf2de8f544a5d,Delete account,Radera konto,Bitwarden,sv-bitwarden-mobile-full-review-20260919,delete_account,,project-context,d12af98553ba960a7ce88404,reviewed-receipt,https://github.com/yeager/translations/blob/67e6d27877c9cfd6b6dbc74bd852b10bdbe09c3c/Bitwarden/sv-bitwarden-mobile-full-review-20260919.json,4e3887d6b78b4b084fa488b7680906187a4c12a0328977d8af4e98e7b1b94781,{}
1f82da5ae317948a0b66e0cc,Certificate used for client authentication.,Certifikat som används för klientautentisering.,Bitwarden,sv-bitwarden-mobile-full-review-20260919,certificate_used_for_client_authentication,,project-context,62649a2fe32d4666feae1af1,reviewed-receipt,https://github.com/yeager/translations/blob/67e6d27877c9cfd6b6dbc74bd852b10bdbe09c3c/Bitwarden/sv-bitwarden-mobile-full-review-20260919.json,4e3887d6b78b4b084fa488b7680906187a4c12a0328977d8af4e98e7b1b94781,{}
1f89de0046f7abe2bf240a21,Remember this device,Kom ihåg denna enhet,Bitwarden,sv-bitwarden-mobile-full-review-20260919,RememberThisDevice,,project-context,657034395c8824d354347ff5,reviewed-receipt,https://github.com/yeager/translations/blob/67e6d27877c9cfd6b6dbc74bd852b10bdbe09c3c/Bitwarden/sv-bitwarden-mobile-full-review-20260919.json,4e3887d6b78b4b084fa488b7680906187a4c12a0328977d8af4e98e7b1b94781,{}
1fc0c8054f0cf211e01d67ca,Login requested,Inloggning begärd,Bitwarden,sv-bitwarden-mobile-full-review-20260919,log_in_requested,,project-context,b7d9edcaaf1270f6aa82c6eb,reviewed-receipt,https://github.com/yeager/translations/blob/67e6d27877c9cfd6b6dbc74bd852b10bdbe09c3c/Bitwarden/sv-bitwarden-mobile-full-review-20260919.json,4e3887d6b78b4b084fa488b7680906187a4c12a0328977d8af4e98e7b1b94781,{}
1fe1eeaea8e6eb4768b68bf6,US,USA,Bitwarden,sv-bitwarden-mobile-full-review-20260919,US,,project-context,bb323fef26959d09abb29f7d,reviewed-receipt,https://github.com/yeager/translations/blob/67e6d27877c9cfd6b6dbc74bd852b10bdbe09c3c/Bitwarden/sv-bitwarden-mobile-full-review-20260919.json,4e3887d6b78b4b084fa488b7680906187a4c12a0328977d8af4e98e7b1b94781,{}
1ff3286eb23910af5bd9f541,AutoFill activated!,Automatisk ifyllnad aktiverat!,Bitwarden,sv-bitwarden-mobile-full-review-20260919,AutofillActivated,,project-context,6f64bd762ef924a41ec0993f,reviewed-receipt,https://github.com/yeager/translations/blob/67e6d27877c9cfd6b6dbc74bd852b10bdbe09c3c/Bitwarden/sv-bitwarden-mobile-full-review-20260919.json,4e3887d6b78b4b084fa488b7680906187a4c12a0328977d8af4e98e7b1b94781,{}
1ff9d0f7a957e3d1fe904b8c,Passport details,Passuppgifter,Bitwarden,sv-bitwarden-mobile-full-review-20260919,passport_details,,project-context,aa92cd232f484970ffca9c32,reviewed-receipt,https://github.com/yeager/translations/blob/67e6d27877c9cfd6b6dbc74bd852b10bdbe09c3c/Bitwarden/sv-bitwarden-mobile-full-review-20260919.json,4e3887d6b78b4b084fa488b7680906187a4c12a0328977d8af4e98e7b1b94781,{}
2028b0de10353c1faf37f16e,Login,Inloggning,Bitwarden,sv-bitwarden-mobile-full-review-20260919,TypeLogin,,project-context,32ada5da7549336bdcd12a0e,reviewed-receipt,https://github.com/yeager/translations/blob/67e6d27877c9cfd6b6dbc74bd852b10bdbe09c3c/Bitwarden/sv-bitwarden-mobile-full-review-20260919.json,4e3887d6b78b4b084fa488b7680906187a4c12a0328977d8af4e98e7b1b94781,{}
203801a2767a8ad5af6ab313,Add new attachment,Lägg till ny bilaga,Bitwarden,sv-bitwarden-mobile-full-review-20260919,AddNewAttachment,,project-context,f371be89ce043422909fec01,reviewed-receipt,https://github.com/yeager/translations/blob/67e6d27877c9cfd6b6dbc74bd852b10bdbe09c3c/Bitwarden/sv-bitwarden-mobile-full-review-20260919.json,4e3887d6b78b4b084fa488b7680906187a4c12a0328977d8af4e98e7b1b94781,{}
203a39b900d34a2f0553bfc1,Organization policy restriction,Begränsning enligt organisationspolicy,Bitwarden,sv-bitwarden-mobile-full-review-20260919,OrganizationPolicyRestriction,,project-context,93258d495d9a60cb546c612d,reviewed-receipt,https://github.com/yeager/translations/blob/67e6d27877c9cfd6b6dbc74bd852b10bdbe09c3c/Bitwarden/sv-bitwarden-mobile-full-review-20260919.json,4e3887d6b78b4b084fa488b7680906187a4c12a0328977d8af4e98e7b1b94781,{}
2068b379ecff727da2303549,Secure note saved,Säker anteckning sparad,Bitwarden,sv-bitwarden-mobile-full-review-20260919,SecureNoteSaved,,project-context,3ad6675ede20104ce1ae00cc,reviewed-receipt,https://github.com/yeager/translations/blob/67e6d27877c9cfd6b6dbc74bd852b10bdbe09c3c/Bitwarden/sv-bitwarden-mobile-full-review-20260919.json,4e3887d6b78b4b084fa488b7680906187a4c12a0328977d8af4e98e7b1b94781,{}
209194d1db227589132b6e14,Account synced from Bitwarden app,Konto synkroniserat från Bitwarden-appen,Bitwarden,sv-bitwarden-mobile-full-review-20260919,account_synced_from_bitwarden_app,,project-context,65a631e4682945e692d55b3d,reviewed-receipt,https://github.com/yeager/translations/blob/67e6d27877c9cfd6b6dbc74bd852b10bdbe09c3c/Bitwarden/sv-bitwarden-mobile-full-review-20260919.json,4e3887d6b78b4b084fa488b7680906187a4c12a0328977d8af4e98e7b1b94781,{}
20a19b3334f925d89386e9c2,Launch Duo,Starta Duo,Bitwarden,sv-bitwarden-mobile-full-review-20260919,launch_duo,,project-context,d16f27c3f7111844e94df844,reviewed-receipt,https://github.com/yeager/translations/blob/67e6d27877c9cfd6b6dbc74bd852b10bdbe09c3c/Bitwarden/sv-bitwarden-mobile-full-review-20260919.json,4e3887d6b78b4b084fa488b7680906187a4c12a0328977d8af4e98e7b1b94781,{}
20c00190566380e2d3096a80,Use dynamic colors?,Använd dynamiska färger?,Bitwarden,sv-bitwarden-mobile-full-review-20260919,use_dynamic_colors_question,,project-context,b82510d9d84d371bd9d11c1f,reviewed-receipt,https://github.com/yeager/translations/blob/67e6d27877c9cfd6b6dbc74bd852b10bdbe09c3c/Bitwarden/sv-bitwarden-mobile-full-review-20260919.json,4e3887d6b78b4b084fa488b7680906187a4c12a0328977d8af4e98e7b1b94781,{}
20c0e3e063287eb1589411c2,Money market,Penningmarknad,Bitwarden,sv-bitwarden-mobile-full-review-20260919,money_market,,project-context,6955d633910a2bbab01ed81e,reviewed-receipt,https://github.com/yeager/translations/blob/67e6d27877c9cfd6b6dbc74bd852b10bdbe09c3c/Bitwarden/sv-bitwarden-mobile-full-review-20260919.json,4e3887d6b78b4b084fa488b7680906187a4c12a0328977d8af4e98e7b1b94781,{}
2134093fb27654a1b5a32a75,State / Province,Län,Bitwarden,sv-bitwarden-mobile-full-review-20260919,state_province,,project-context,a2275a213c9d21e6c17671e7,reviewed-receipt,https://github.com/yeager/translations/blob/67e6d27877c9cfd6b6dbc74bd852b10bdbe09c3c/Bitwarden/sv-bitwarden-mobile-full-review-20260919.json,4e3887d6b78b4b084fa488b7680906187a4c12a0328977d8af4e98e7b1b94781,{}
213870631fe11bf8a2caaffe,Learn about organizations,Läs mer om organisationer,Bitwarden,sv-bitwarden-mobile-full-review-20260919,learn_org,,project-context,93a0a663c185bca07b9e8e66,reviewed-receipt,https://github.com/yeager/translations/blob/67e6d27877c9cfd6b6dbc74bd852b10bdbe09c3c/Bitwarden/sv-bitwarden-mobile-full-review-20260919.json,4e3887d6b78b4b084fa488b7680906187a4c12a0328977d8af4e98e7b1b94781,{}
21403598033056e04a4613af,November,november,Bitwarden,sv-bitwarden-mobile-full-review-20260919,November,,project-context,02e664ed039dc493e5ccc107,reviewed-receipt,https://github.com/yeager/translations/blob/67e6d27877c9cfd6b6dbc74bd852b10bdbe09c3c/Bitwarden/sv-bitwarden-mobile-full-review-20260919.json,4e3887d6b78b4b084fa488b7680906187a4c12a0328977d8af4e98e7b1b94781,{}
2147c08ab6548ec0a91f6461,Authenticator key,Autentiseringsnyckel (TOTP),Bitwarden,sv-bitwarden-mobile-full-review-20260919,authenticator_key,,project-context,5e2dd1e0728c41663cf5f4e8,reviewed-receipt,https://github.com/yeager/translations/blob/67e6d27877c9cfd6b6dbc74bd852b10bdbe09c3c/Bitwarden/sv-bitwarden-mobile-full-review-20260919.json,4e3887d6b78b4b084fa488b7680906187a4c12a0328977d8af4e98e7b1b94781,{}
214f1a5ef9ed5189c1ab9066,Owner,Ägare,Bitwarden,sv-bitwarden-mobile-full-review-20260919,Owner,,project-context,7ba50c6631183604ab2ccdfa,reviewed-receipt,https://github.com/yeager/translations/blob/67e6d27877c9cfd6b6dbc74bd852b10bdbe09c3c/Bitwarden/sv-bitwarden-mobile-full-review-20260919.json,4e3887d6b78b4b084fa488b7680906187a4c12a0328977d8af4e98e7b1b94781,{}
21a65fe4ea2cb42e08537c2b,Log in with device,Logga in med enhet,Bitwarden,sv-bitwarden-mobile-full-review-20260919,log_in_with_device,,project-context,a9041831df61a9a4c424a44d,reviewed-receipt,https://github.com/yeager/translations/blob/67e6d27877c9cfd6b6dbc74bd852b10bdbe09c3c/Bitwarden/sv-bitwarden-mobile-full-review-20260919.json,4e3887d6b78b4b084fa488b7680906187a4c12a0328977d8af4e98e7b1b94781,{}
21ba2fd1a963089aa2eb2680,Generate password,Generera lösenord,Bitwarden,sv-bitwarden-mobile-full-review-20260919,generate_password,,project-context,8bbecff9db065eeac7904dfc,reviewed-receipt,https://github.com/yeager/translations/blob/67e6d27877c9cfd6b6dbc74bd852b10bdbe09c3c/Bitwarden/sv-bitwarden-mobile-full-review-20260919.json,4e3887d6b78b4b084fa488b7680906187a4c12a0328977d8af4e98e7b1b94781,{}
21cc690003cc08e64d9539e8,Client certificate (mTLS),Klientcertifikat (mTLS),Bitwarden,sv-bitwarden-mobile-full-review-20260919,ClientCertificateMtls,,project-context,e436345f18ea0410fac1d339,reviewed-receipt,https://github.com/yeager/translations/blob/67e6d27877c9cfd6b6dbc74bd852b10bdbe09c3c/Bitwarden/sv-bitwarden-mobile-full-review-20260919.json,4e3887d6b78b4b084fa488b7680906187a4c12a0328977d8af4e98e7b1b94781,{}
21dfe0e99bf57960362c2f2c,Save here,Spara här,Bitwarden,sv-bitwarden-mobile-full-review-20260919,save_here,,project-context,620a02c9b951c7bb954c81d0,reviewed-receipt,https://github.com/yeager/translations/blob/67e6d27877c9cfd6b6dbc74bd852b10bdbe09c3c/Bitwarden/sv-bitwarden-mobile-full-review-20260919.json,4e3887d6b78b4b084fa488b7680906187a4c12a0328977d8af4e98e7b1b94781,{}
21fe4c5a947e30f890b294dc,Length,Längd,Bitwarden,sv-bitwarden-mobile-full-review-20260919,Length,,project-context,7f517eff6f861f9688e36be9,reviewed-receipt,https://github.com/yeager/translations/blob/67e6d27877c9cfd6b6dbc74bd852b10bdbe09c3c/Bitwarden/sv-bitwarden-mobile-full-review-20260919.json,4e3887d6b78b4b084fa488b7680906187a4c12a0328977d8af4e98e7b1b94781,{}
220e192d1a5a790a1341dd7e,Options,Alternativ,Bitwarden,sv-bitwarden-mobile-full-review-20260919,options,,project-context,11f491c46a563fbe86dbc692,reviewed-receipt,https://github.com/yeager/translations/blob/67e6d27877c9cfd6b6dbc74bd852b10bdbe09c3c/Bitwarden/sv-bitwarden-mobile-full-review-20260919.json,4e3887d6b78b4b084fa488b7680906187a4c12a0328977d8af4e98e7b1b94781,{}
2218958231cd3ade3a0bd7dd,30 days,30 dagar,Bitwarden,sv-bitwarden-mobile-full-review-20260919,thirty_days,,project-context,2d6f6b598a69531c5ef8231c,reviewed-receipt,https://github.com/yeager/translations/blob/67e6d27877c9cfd6b6dbc74bd852b10bdbe09c3c/Bitwarden/sv-bitwarden-mobile-full-review-20260919.json,4e3887d6b78b4b084fa488b7680906187a4c12a0328977d8af4e98e7b1b94781,{}
2224096f402d74a19eb292ab,Switched to next available account,Bytte till nästa tillgängliga konto,Bitwarden,sv-bitwarden-mobile-full-review-20260919,AccountSwitchedAutomatically,,project-context,2e0650b083485ecc3f02db7e,reviewed-receipt,https://github.com/yeager/translations/blob/67e6d27877c9cfd6b6dbc74bd852b10bdbe09c3c/Bitwarden/sv-bitwarden-mobile-full-review-20260919.json,4e3887d6b78b4b084fa488b7680906187a4c12a0328977d8af4e98e7b1b94781,{}
2227d4184e607097fa278458,Disabled,Inaktiverad,Bitwarden,sv-bitwarden-mobile-full-review-20260919,disabled,,project-context,b77ab2d7bd0834367b578b5a,reviewed-receipt,https://github.com/yeager/translations/blob/67e6d27877c9cfd6b6dbc74bd852b10bdbe09c3c/Bitwarden/sv-bitwarden-mobile-full-review-20260919.json,4e3887d6b78b4b084fa488b7680906187a4c12a0328977d8af4e98e7b1b94781,{}
225dd6a1404ced6c58f26471,Maximum access count,Maximalt antal åtkomster,Bitwarden,sv-bitwarden-mobile-full-review-20260919,maximum_access_count,,project-context,f4c43e87ef51464d5494fe03,reviewed-receipt,https://github.com/yeager/translations/blob/67e6d27877c9cfd6b6dbc74bd852b10bdbe09c3c/Bitwarden/sv-bitwarden-mobile-full-review-20260919.json,4e3887d6b78b4b084fa488b7680906187a4c12a0328977d8af4e98e7b1b94781,{}
226742e0fef4837d41e59955,"Send sensitive information, safely",Skicka känslig information på ett säkert sätt,Bitwarden,sv-bitwarden-mobile-full-review-20260919,SendSensitiveInformationSafely,,project-context,204df17c90b76df7398018e8,reviewed-receipt,https://github.com/yeager/translations/blob/67e6d27877c9cfd6b6dbc74bd852b10bdbe09c3c/Bitwarden/sv-bitwarden-mobile-full-review-20260919.json,4e3887d6b78b4b084fa488b7680906187a4c12a0328977d8af4e98e7b1b94781,{}
226c589828c49b803bcdf056,Confirming your upgrade…,Bekräftar din uppgradering…,Bitwarden,sv-bitwarden-mobile-full-review-20260919,confirming_your_upgrade,,project-context,1e141c8f4f4f830e7011a01e,reviewed-receipt,https://github.com/yeager/translations/blob/67e6d27877c9cfd6b6dbc74bd852b10bdbe09c3c/Bitwarden/sv-bitwarden-mobile-full-review-20260919.json,4e3887d6b78b4b084fa488b7680906187a4c12a0328977d8af4e98e7b1b94781,{}
2275bc6124fe5b9094d6f8a1,Yes,Ja,Bitwarden,sv-bitwarden-mobile-full-review-20260919,Yes,,project-context,eee849cf5f1a33d36fa58d6f,reviewed-receipt,https://github.com/yeager/translations/blob/67e6d27877c9cfd6b6dbc74bd852b10bdbe09c3c/Bitwarden/sv-bitwarden-mobile-full-review-20260919.json,4e3887d6b78b4b084fa488b7680906187a4c12a0328977d8af4e98e7b1b94781,{}
22bb4739511e399991101258,Password generator,Lösenordsgenerator,Bitwarden,sv-bitwarden-mobile-full-review-20260919,password_generator,,project-context,4dc87de2258e84bd26861b36,reviewed-receipt,https://github.com/yeager/translations/blob/67e6d27877c9cfd6b6dbc74bd852b10bdbe09c3c/Bitwarden/sv-bitwarden-mobile-full-review-20260919.json,4e3887d6b78b4b084fa488b7680906187a4c12a0328977d8af4e98e7b1b94781,{}
22c9d43d76fee5f4bc08329f,Email (required),E-post (obligatoriskt),Bitwarden,sv-bitwarden-mobile-full-review-20260919,EmailRequiredParenthesis,,project-context,fb73f39a0d1b203f1b678ff1,reviewed-receipt,https://github.com/yeager/translations/blob/67e6d27877c9cfd6b6dbc74bd852b10bdbe09c3c/Bitwarden/sv-bitwarden-mobile-full-review-20260919.json,4e3887d6b78b4b084fa488b7680906187a4c12a0328977d8af4e98e7b1b94781,{}
22eb08edab5a71cfb4ece2a2,Advanced options,Avancerade inställningar,Bitwarden,sv-bitwarden-mobile-full-review-20260919,advanced_options,,project-context,cc6935a2ef3f5f72b6360a76,reviewed-receipt,https://github.com/yeager/translations/blob/67e6d27877c9cfd6b6dbc74bd852b10bdbe09c3c/Bitwarden/sv-bitwarden-mobile-full-review-20260919.json,4e3887d6b78b4b084fa488b7680906187a4c12a0328977d8af4e98e7b1b94781,{}
230815b24d96f7ffb66d55d0,Continue to privacy policy?,Fortsätt till Integritetspolicy?,Bitwarden,sv-bitwarden-mobile-full-review-20260919,ContinueToPrivacyPolicy,,project-context,4fc788e411ee86a95fbab9af,reviewed-receipt,https://github.com/yeager/translations/blob/67e6d27877c9cfd6b6dbc74bd852b10bdbe09c3c/Bitwarden/sv-bitwarden-mobile-full-review-20260919.json,4e3887d6b78b4b084fa488b7680906187a4c12a0328977d8af4e98e7b1b94781,{}
230a1c364df49e67ba681800,Search codes,Sök koder,Bitwarden,sv-bitwarden-mobile-full-review-20260919,search_codes,,project-context,f97fbf72e883289d98567dd6,reviewed-receipt,https://github.com/yeager/translations/blob/67e6d27877c9cfd6b6dbc74bd852b10bdbe09c3c/Bitwarden/sv-bitwarden-mobile-full-review-20260919.json,4e3887d6b78b4b084fa488b7680906187a4c12a0328977d8af4e98e7b1b94781,{}
2375c5b443755dc3e8ac9aa8,Recorded logs,Inspelade loggar,Bitwarden,sv-bitwarden-mobile-full-review-20260919,recorded_logs_title,,project-context,3ae6ac29ee50dce416b782b1,reviewed-receipt,https://github.com/yeager/translations/blob/67e6d27877c9cfd6b6dbc74bd852b10bdbe09c3c/Bitwarden/sv-bitwarden-mobile-full-review-20260919.json,4e3887d6b78b4b084fa488b7680906187a4c12a0328977d8af4e98e7b1b94781,{}
23bbb44e7c606cb8008d265c,Opening checkout…,Öppnar utcheckning…,Bitwarden,sv-bitwarden-mobile-full-review-20260919,opening_checkout,,project-context,69b21bb3fd246ef761656b19,reviewed-receipt,https://github.com/yeager/translations/blob/67e6d27877c9cfd6b6dbc74bd852b10bdbe09c3c/Bitwarden/sv-bitwarden-mobile-full-review-20260919.json,4e3887d6b78b4b084fa488b7680906187a4c12a0328977d8af4e98e7b1b94781,{}
2429bb2ecddbad49df246a64,File password,Fillösenord,Bitwarden,sv-bitwarden-mobile-full-review-20260919,file_password,,project-context,5fd17b889885451a7ef2d6d0,reviewed-receipt,https://github.com/yeager/translations/blob/67e6d27877c9cfd6b6dbc74bd852b10bdbe09c3c/Bitwarden/sv-bitwarden-mobile-full-review-20260919.json,4e3887d6b78b4b084fa488b7680906187a4c12a0328977d8af4e98e7b1b94781,{}
2467d28155e59e7efed31f24,Share error details,Dela felinformation,Bitwarden,sv-bitwarden-mobile-full-review-20260919,ShareErrorDetails,,project-context,1968d8388ef62bf6a747db83,reviewed-receipt,https://github.com/yeager/translations/blob/67e6d27877c9cfd6b6dbc74bd852b10bdbe09c3c/Bitwarden/sv-bitwarden-mobile-full-review-20260919.json,4e3887d6b78b4b084fa488b7680906187a4c12a0328977d8af4e98e7b1b94781,{}
246c4239deb34bdb063704b5,Password history,Lösenordshistorik,Bitwarden,sv-bitwarden-mobile-full-review-20260919,password_history,,project-context,7c832f645151db1065909eeb,reviewed-receipt,https://github.com/yeager/translations/blob/67e6d27877c9cfd6b6dbc74bd852b10bdbe09c3c/Bitwarden/sv-bitwarden-mobile-full-review-20260919.json,4e3887d6b78b4b084fa488b7680906187a4c12a0328977d8af4e98e7b1b94781,{}
249973d1ac85f60c73e377b4,Cardholder name,Kortinnehavarens namn,Bitwarden,sv-bitwarden-mobile-full-review-20260919,cardholder_name,,project-context,1e129c43bdd7a2fd60f7ad7b,reviewed-receipt,https://github.com/yeager/translations/blob/67e6d27877c9cfd6b6dbc74bd852b10bdbe09c3c/Bitwarden/sv-bitwarden-mobile-full-review-20260919.json,4e3887d6b78b4b084fa488b7680906187a4c12a0328977d8af4e98e7b1b94781,{}
24b46051c61cdf1dc0621924,Deny login,Neka inloggning,Bitwarden,sv-bitwarden-mobile-full-review-20260919,DenyLogIn,,project-context,05bc3bb14f6cefbbde75bf8d,reviewed-receipt,https://github.com/yeager/translations/blob/67e6d27877c9cfd6b6dbc74bd852b10bdbe09c3c/Bitwarden/sv-bitwarden-mobile-full-review-20260919.json,4e3887d6b78b4b084fa488b7680906187a4c12a0328977d8af4e98e7b1b94781,{}
24d4390eb0a8ad224a742c37,Authenticator key,Autentiseringsnyckel,Bitwarden,sv-bitwarden-mobile-full-review-20260919,AuthenticatorKey,,project-context,37f7ea348cd6b636754f16e5,reviewed-receipt,https://github.com/yeager/translations/blob/67e6d27877c9cfd6b6dbc74bd852b10bdbe09c3c/Bitwarden/sv-bitwarden-mobile-full-review-20260919.json,4e3887d6b78b4b084fa488b7680906187a4c12a0328977d8af4e98e7b1b94781,{}
24d6bb03f6612ccf6a6f4205,Continue to Help center?,Fortsätt till Hjälpcenter?,Bitwarden,sv-bitwarden-mobile-full-review-20260919,continue_to_help_center,,project-context,b304c21b4888d31726e7a293,reviewed-receipt,https://github.com/yeager/translations/blob/67e6d27877c9cfd6b6dbc74bd852b10bdbe09c3c/Bitwarden/sv-bitwarden-mobile-full-review-20260919.json,4e3887d6b78b4b084fa488b7680906187a4c12a0328977d8af4e98e7b1b94781,{}
254dc419c3996fa28103386f,Organization identifier,Organisationens identifierare,Bitwarden,sv-bitwarden-mobile-full-review-20260919,OrgIdentifier,,project-context,4d87ade37e97ea2720ca62b6,reviewed-receipt,https://github.com/yeager/translations/blob/67e6d27877c9cfd6b6dbc74bd852b10bdbe09c3c/Bitwarden/sv-bitwarden-mobile-full-review-20260919.json,4e3887d6b78b4b084fa488b7680906187a4c12a0328977d8af4e98e7b1b94781,{}
258464080cd7a99b0485341c,Capitalize,Versalisera,Bitwarden,sv-bitwarden-mobile-full-review-20260919,capitalize,,project-context,52926258796c7254f47ebc53,reviewed-receipt,https://github.com/yeager/translations/blob/67e6d27877c9cfd6b6dbc74bd852b10bdbe09c3c/Bitwarden/sv-bitwarden-mobile-full-review-20260919.json,4e3887d6b78b4b084fa488b7680906187a4c12a0328977d8af4e98e7b1b94781,{}
2598a1566de1a95d324f19d2,October,Oktober,Bitwarden,sv-bitwarden-mobile-full-review-20260919,october,,project-context,a0ea29367b037afd617140c6,reviewed-receipt,https://github.com/yeager/translations/blob/67e6d27877c9cfd6b6dbc74bd852b10bdbe09c3c/Bitwarden/sv-bitwarden-mobile-full-review-20260919.json,4e3887d6b78b4b084fa488b7680906187a4c12a0328977d8af4e98e7b1b94781,{}
25b4b48954a38e45470d9187,Estimated tax,Beräknad skatt,Bitwarden,sv-bitwarden-mobile-full-review-20260919,estimated_tax,,project-context,47cc5b74ac7fe0e2d7c168ed,reviewed-receipt,https://github.com/yeager/translations/blob/67e6d27877c9cfd6b6dbc74bd852b10bdbe09c3c/Bitwarden/sv-bitwarden-mobile-full-review-20260919.json,4e3887d6b78b4b084fa488b7680906187a4c12a0328977d8af4e98e7b1b94781,{}
25d3bdbbdec3a0356ee278f4,2 OF 6,2 AV 6,Bitwarden,sv-bitwarden-mobile-full-review-20260919,coachmark_2_of_6,,project-context,327ec57eb4f4ac81ee04e1a7,reviewed-receipt,https://github.com/yeager/translations/blob/67e6d27877c9cfd6b6dbc74bd852b10bdbe09c3c/Bitwarden/sv-bitwarden-mobile-full-review-20260919.json,4e3887d6b78b4b084fa488b7680906187a4c12a0328977d8af4e98e7b1b94781,{}
25f685fb221d143822e87042,Next code,Nästa kod,Bitwarden,sv-bitwarden-mobile-full-review-20260919,NextCode,,project-context,ffc8576924e07728749b2b18,reviewed-receipt,https://github.com/yeager/translations/blob/67e6d27877c9cfd6b6dbc74bd852b10bdbe09c3c/Bitwarden/sv-bitwarden-mobile-full-review-20260919.json,4e3887d6b78b4b084fa488b7680906187a4c12a0328977d8af4e98e7b1b94781,{}
2600d266b60ccd727218d749,No,Nej,Bitwarden,sv-bitwarden-mobile-full-review-20260919,No,,project-context,c7da5690bb5e6770461db848,reviewed-receipt,https://github.com/yeager/translations/blob/67e6d27877c9cfd6b6dbc74bd852b10bdbe09c3c/Bitwarden/sv-bitwarden-mobile-full-review-20260919.json,4e3887d6b78b4b084fa488b7680906187a4c12a0328977d8af4e98e7b1b94781,{}
261eba0395409c904e2a4659,PIN,PIN-kod,Bitwarden,sv-bitwarden-mobile-full-review-20260919,PIN,,project-context,deb80fb08c070fb03be84f67,reviewed-receipt,https://github.com/yeager/translations/blob/67e6d27877c9cfd6b6dbc74bd852b10bdbe09c3c/Bitwarden/sv-bitwarden-mobile-full-review-20260919.json,4e3887d6b78b4b084fa488b7680906187a4c12a0328977d8af4e98e7b1b94781,{}
2649c4ec367022bc87866eaa,Expiration date,Utgångsdatum,Bitwarden,sv-bitwarden-mobile-full-review-20260919,expiration_date,,project-context,2b7dacf1096744294d02c828,reviewed-receipt,https://github.com/yeager/translations/blob/67e6d27877c9cfd6b6dbc74bd852b10bdbe09c3c/Bitwarden/sv-bitwarden-mobile-full-review-20260919.json,4e3887d6b78b4b084fa488b7680906187a4c12a0328977d8af4e98e7b1b94781,{}
26634940152b482d303f4e13,Strong,Starkt,Bitwarden,sv-bitwarden-mobile-full-review-20260919,strong,,project-context,9e9674f9c8ccaf5931c1447f,reviewed-receipt,https://github.com/yeager/translations/blob/67e6d27877c9cfd6b6dbc74bd852b10bdbe09c3c/Bitwarden/sv-bitwarden-mobile-full-review-20260919.json,4e3887d6b78b4b084fa488b7680906187a4c12a0328977d8af4e98e7b1b94781,{}
2695471030420f4a206f4df9,Update master password,Uppdatera huvudlösenord,Bitwarden,sv-bitwarden-mobile-full-review-20260919,update_master_password,,project-context,50d7f44c9a8e8b50816e7430,reviewed-receipt,https://github.com/yeager/translations/blob/67e6d27877c9cfd6b6dbc74bd852b10bdbe09c3c/Bitwarden/sv-bitwarden-mobile-full-review-20260919.json,4e3887d6b78b4b084fa488b7680906187a4c12a0328977d8af4e98e7b1b94781,{}
26c47b87ad27eb44884459d0,Deletion date,Raderingsdatum,Bitwarden,sv-bitwarden-mobile-full-review-20260919,DeletionDate,,project-context,6e203919ad47841692585599,reviewed-receipt,https://github.com/yeager/translations/blob/67e6d27877c9cfd6b6dbc74bd852b10bdbe09c3c/Bitwarden/sv-bitwarden-mobile-full-review-20260919.json,4e3887d6b78b4b084fa488b7680906187a4c12a0328977d8af4e98e7b1b94781,{}
26c5e6e89241db7c4b9613a8,Learn more,Läs mer,Bitwarden,sv-bitwarden-mobile-full-review-20260919,learn_more,,project-context,2b361ab74e9376ae051d9714,reviewed-receipt,https://github.com/yeager/translations/blob/67e6d27877c9cfd6b6dbc74bd852b10bdbe09c3c/Bitwarden/sv-bitwarden-mobile-full-review-20260919.json,4e3887d6b78b4b084fa488b7680906187a4c12a0328977d8af4e98e7b1b94781,{}
26efc7593d924269fec2b270,Login initiated,Inloggning påbörjad,Bitwarden,sv-bitwarden-mobile-full-review-20260919,log_in_initiated,,project-context,cf0d89fdfb9888fd3bd76824,reviewed-receipt,https://github.com/yeager/translations/blob/67e6d27877c9cfd6b6dbc74bd852b10bdbe09c3c/Bitwarden/sv-bitwarden-mobile-full-review-20260919.json,4e3887d6b78b4b084fa488b7680906187a4c12a0328977d8af4e98e7b1b94781,{}
27068ca76c0fcb1aa1aba2c2,Scan card,Skanna kort,Bitwarden,sv-bitwarden-mobile-full-review-20260919,ScanCard,,project-context,8cada1f1283552277d494775,reviewed-receipt,https://github.com/yeager/translations/blob/67e6d27877c9cfd6b6dbc74bd852b10bdbe09c3c/Bitwarden/sv-bitwarden-mobile-full-review-20260919.json,4e3887d6b78b4b084fa488b7680906187a4c12a0328977d8af4e98e7b1b94781,{}
270b4952d68c90d9660ef08f,Email Type,E-posttyp,Bitwarden,sv-bitwarden-mobile-full-review-20260919,EmailType,,project-context,b661463d4540bbdd58d7f04b,reviewed-receipt,https://github.com/yeager/translations/blob/67e6d27877c9cfd6b6dbc74bd852b10bdbe09c3c/Bitwarden/sv-bitwarden-mobile-full-review-20260919.json,4e3887d6b78b4b084fa488b7680906187a4c12a0328977d8af4e98e7b1b94781,{}
274c78666cedeb29db22106a,Types,Typer,Bitwarden,sv-bitwarden-mobile-full-review-20260919,Types,,project-context,5511e06f6e2642085c6195e6,reviewed-receipt,https://github.com/yeager/translations/blob/67e6d27877c9cfd6b6dbc74bd852b10bdbe09c3c/Bitwarden/sv-bitwarden-mobile-full-review-20260919.json,4e3887d6b78b4b084fa488b7680906187a4c12a0328977d8af4e98e7b1b94781,{}
277301ee9630c2c24324311d,Brand,Märke,Bitwarden,sv-bitwarden-mobile-full-review-20260919,brand,,project-context,77a849022d328255e6f97edc,reviewed-receipt,https://github.com/yeager/translations/blob/67e6d27877c9cfd6b6dbc74bd852b10bdbe09c3c/Bitwarden/sv-bitwarden-mobile-full-review-20260919.json,4e3887d6b78b4b084fa488b7680906187a4c12a0328977d8af4e98e7b1b94781,{}
2779ed22bc4887eed1161727,URI match detection,Matchning av URI,Bitwarden,sv-bitwarden-mobile-full-review-20260919,uri_match_detection,,project-context,9da59e3c5cb93b254be22bc3,reviewed-receipt,https://github.com/yeager/translations/blob/67e6d27877c9cfd6b6dbc74bd852b10bdbe09c3c/Bitwarden/sv-bitwarden-mobile-full-review-20260919.json,4e3887d6b78b4b084fa488b7680906187a4c12a0328977d8af4e98e7b1b94781,{}
277bcf8f02e0d01ce2e0198f,Warning,Varning,Bitwarden,sv-bitwarden-mobile-full-review-20260919,warning,,project-context,d835a3c6ec0a0c3d68ac8731,reviewed-receipt,https://github.com/yeager/translations/blob/67e6d27877c9cfd6b6dbc74bd852b10bdbe09c3c/Bitwarden/sv-bitwarden-mobile-full-review-20260919.json,4e3887d6b78b4b084fa488b7680906187a4c12a0328977d8af4e98e7b1b94781,{}
278d88bc2030179a4b165c1a,Yubico security key,YubiKey-säkerhetsnyckel,Bitwarden,sv-bitwarden-mobile-full-review-20260919,yubi_key_title,,project-context,296dfb9841233ab8605d77b4,reviewed-receipt,https://github.com/yeager/translations/blob/67e6d27877c9cfd6b6dbc74bd852b10bdbe09c3c/Bitwarden/sv-bitwarden-mobile-full-review-20260919.json,4e3887d6b78b4b084fa488b7680906187a4c12a0328977d8af4e98e7b1b94781,{}
278fb36bbdedacd85e8d8894,Login saved,Inloggning sparad,Bitwarden,sv-bitwarden-mobile-full-review-20260919,login_saved,,project-context,33ebdaf15ff752a2775db14d,reviewed-receipt,https://github.com/yeager/translations/blob/67e6d27877c9cfd6b6dbc74bd852b10bdbe09c3c/Bitwarden/sv-bitwarden-mobile-full-review-20260919.json,4e3887d6b78b4b084fa488b7680906187a4c12a0328977d8af4e98e7b1b94781,{}
27cfa1cbb94fc75633b6b786,Sync with the Bitwarden app,Synkronisera med Bitwarden-appen,Bitwarden,sv-bitwarden-mobile-full-review-20260919,sync_with_the_bitwarden_app,,project-context,5223e5fa7b930a051cb362ff,reviewed-receipt,https://github.com/yeager/translations/blob/67e6d27877c9cfd6b6dbc74bd852b10bdbe09c3c/Bitwarden/sv-bitwarden-mobile-full-review-20260919.json,4e3887d6b78b4b084fa488b7680906187a4c12a0328977d8af4e98e7b1b94781,{}
2807967e224010fa55818330,Create account on,Skapa konto på,Bitwarden,sv-bitwarden-mobile-full-review-20260919,create_account_on,,project-context,d9d7237d835319e7d4a7eef1,reviewed-receipt,https://github.com/yeager/translations/blob/67e6d27877c9cfd6b6dbc74bd852b10bdbe09c3c/Bitwarden/sv-bitwarden-mobile-full-review-20260919.json,4e3887d6b78b4b084fa488b7680906187a4c12a0328977d8af4e98e7b1b94781,{}
28417d413ac046166a10a407,Got it,Jag fattar,Bitwarden,sv-bitwarden-mobile-full-review-20260919,GotIt,,project-context,a65b89ac5bee40ecde9d8306,reviewed-receipt,https://github.com/yeager/translations/blob/67e6d27877c9cfd6b6dbc74bd852b10bdbe09c3c/Bitwarden/sv-bitwarden-mobile-full-review-20260919.json,4e3887d6b78b4b084fa488b7680906187a4c12a0328977d8af4e98e7b1b94781,{}
28529d3d1dcb3ff02fd95f04,Select account,Välj konto,Bitwarden,sv-bitwarden-mobile-full-review-20260919,select_account,,project-context,83ea62eedc71b3823677963d,reviewed-receipt,https://github.com/yeager/translations/blob/67e6d27877c9cfd6b6dbc74bd852b10bdbe09c3c/Bitwarden/sv-bitwarden-mobile-full-review-20260919.json,4e3887d6b78b4b084fa488b7680906187a4c12a0328977d8af4e98e7b1b94781,{}
2881d2e130acb2eaf4fa142d,Items transferred,Objekt överförda,Bitwarden,sv-bitwarden-mobile-full-review-20260919,items_transferred,,project-context,5eb0ceb2323232af7566712e,reviewed-receipt,https://github.com/yeager/translations/blob/67e6d27877c9cfd6b6dbc74bd852b10bdbe09c3c/Bitwarden/sv-bitwarden-mobile-full-review-20260919.json,4e3887d6b78b4b084fa488b7680906187a4c12a0328977d8af4e98e7b1b94781,{}
289fe0d2b8eee391d4929b4a,Organization,Organisation,Bitwarden,sv-bitwarden-mobile-full-review-20260919,organization,,project-context,90f7835afde3ba8b4bbcd94e,reviewed-receipt,https://github.com/yeager/translations/blob/67e6d27877c9cfd6b6dbc74bd852b10bdbe09c3c/Bitwarden/sv-bitwarden-mobile-full-review-20260919.json,4e3887d6b78b4b084fa488b7680906187a4c12a0328977d8af4e98e7b1b94781,{}
28a9b7ecf4a0f4381096fee7,Popup (shows over input field),Popup (visas över inmatningsfältet),Bitwarden,sv-bitwarden-mobile-full-review-20260919,autofill_suggestions_popup,,project-context,44eb5b9b8a559a24e595b052,reviewed-receipt,https://github.com/yeager/translations/blob/67e6d27877c9cfd6b6dbc74bd852b10bdbe09c3c/Bitwarden/sv-bitwarden-mobile-full-review-20260919.json,4e3887d6b78b4b084fa488b7680906187a4c12a0328977d8af4e98e7b1b94781,{}
28abefac17a560d3bad848af,Authenticator key help,Hjälp med autentiseringsnyckel,Bitwarden,sv-bitwarden-mobile-full-review-20260919,authenticator_key_help,,project-context,906b6fce8197df91a256d38a,reviewed-receipt,https://github.com/yeager/translations/blob/67e6d27877c9cfd6b6dbc74bd852b10bdbe09c3c/Bitwarden/sv-bitwarden-mobile-full-review-20260919.json,4e3887d6b78b4b084fa488b7680906187a4c12a0328977d8af4e98e7b1b94781,{}
28bd01ed8faf5ac059db1ca5,Middle name,Mellannamn,Bitwarden,sv-bitwarden-mobile-full-review-20260919,middle_name,,project-context,15bf5eb2e2aba1b3c8c78c39,reviewed-receipt,https://github.com/yeager/translations/blob/67e6d27877c9cfd6b6dbc74bd852b10bdbe09c3c/Bitwarden/sv-bitwarden-mobile-full-review-20260919.json,4e3887d6b78b4b084fa488b7680906187a4c12a0328977d8af4e98e7b1b94781,{}
28d5ea81b0fe94ae222c26e1,Logging in…,Loggar in…,Bitwarden,sv-bitwarden-mobile-full-review-20260919,logging_in,,project-context,1db8fa927dcfe58738980543,reviewed-receipt,https://github.com/yeager/translations/blob/67e6d27877c9cfd6b6dbc74bd852b10bdbe09c3c/Bitwarden/sv-bitwarden-mobile-full-review-20260919.json,4e3887d6b78b4b084fa488b7680906187a4c12a0328977d8af4e98e7b1b94781,{}
28e0a85335108924cde56b84,Logins imported,Inloggningar importerade,Bitwarden,sv-bitwarden-mobile-full-review-20260919,logins_imported,,project-context,dc3d52ded566bcfca5fb2c1b,reviewed-receipt,https://github.com/yeager/translations/blob/67e6d27877c9cfd6b6dbc74bd852b10bdbe09c3c/Bitwarden/sv-bitwarden-mobile-full-review-20260919.json,4e3887d6b78b4b084fa488b7680906187a4c12a0328977d8af4e98e7b1b94781,{}
29322b9632d7ecdbc750b185,Hide,Dölj,Bitwarden,sv-bitwarden-mobile-full-review-20260919,hide,,project-context,2f2f1c56c62bc0e783de53b3,reviewed-receipt,https://github.com/yeager/translations/blob/67e6d27877c9cfd6b6dbc74bd852b10bdbe09c3c/Bitwarden/sv-bitwarden-mobile-full-review-20260919.json,4e3887d6b78b4b084fa488b7680906187a4c12a0328977d8af4e98e7b1b94781,{}
293500e15c676105f27424d0,Edit license,Redigera licens,Bitwarden,sv-bitwarden-mobile-full-review-20260919,edit_license,,project-context,6785b9ef03b7b0b530220d46,reviewed-receipt,https://github.com/yeager/translations/blob/67e6d27877c9cfd6b6dbc74bd852b10bdbe09c3c/Bitwarden/sv-bitwarden-mobile-full-review-20260919.json,4e3887d6b78b4b084fa488b7680906187a4c12a0328977d8af4e98e7b1b94781,{}
2966ceba592d2763abe0b385,Saving items…,Sparar objekt…,Bitwarden,sv-bitwarden-mobile-full-review-20260919,saving_items,,project-context,2f060e62fc40f220edb776de,reviewed-receipt,https://github.com/yeager/translations/blob/67e6d27877c9cfd6b6dbc74bd852b10bdbe09c3c/Bitwarden/sv-bitwarden-mobile-full-review-20260919.json,4e3887d6b78b4b084fa488b7680906187a4c12a0328977d8af4e98e7b1b94781,{}
2968c4a3c79cba510ddfe766,Log in,Logga in,Bitwarden,sv-bitwarden-mobile-full-review-20260919,log_in_verb,,project-context,c3f2db2e286e300c7270510f,reviewed-receipt,https://github.com/yeager/translations/blob/67e6d27877c9cfd6b6dbc74bd852b10bdbe09c3c/Bitwarden/sv-bitwarden-mobile-full-review-20260919.json,4e3887d6b78b4b084fa488b7680906187a4c12a0328977d8af4e98e7b1b94781,{}
29827b43588f44764c38bfb4,User ID copied to the clipboard,Användar-ID kopierat till urklipp,Bitwarden,sv-bitwarden-mobile-full-review-20260919,UserIDCopiedToTheClipboard,,project-context,932bd60d7e0367782c62d318,reviewed-receipt,https://github.com/yeager/translations/blob/67e6d27877c9cfd6b6dbc74bd852b10bdbe09c3c/Bitwarden/sv-bitwarden-mobile-full-review-20260919.json,4e3887d6b78b4b084fa488b7680906187a4c12a0328977d8af4e98e7b1b94781,{}
2989579621ed3e3351a8848b,Mr,Herr,Bitwarden,sv-bitwarden-mobile-full-review-20260919,Mr,,project-context,633c34dd930a04c5bdf74abb,reviewed-receipt,https://github.com/yeager/translations/blob/67e6d27877c9cfd6b6dbc74bd852b10bdbe09c3c/Bitwarden/sv-bitwarden-mobile-full-review-20260919.json,4e3887d6b78b4b084fa488b7680906187a4c12a0328977d8af4e98e7b1b94781,{}
29c67040f77ec092b1ac4e2f,I understand,Jag förstår,Bitwarden,sv-bitwarden-mobile-full-review-20260919,i_understand,,project-context,2be63b5f3b4964015c8594a7,reviewed-receipt,https://github.com/yeager/translations/blob/67e6d27877c9cfd6b6dbc74bd852b10bdbe09c3c/Bitwarden/sv-bitwarden-mobile-full-review-20260919.json,4e3887d6b78b4b084fa488b7680906187a4c12a0328977d8af4e98e7b1b94781,{}
2a39aca69ef6e62e89952fff,Recovery code,Återställningskod,Bitwarden,sv-bitwarden-mobile-full-review-20260919,recovery_code_title,,project-context,7ad20351efe3aad5339d42d6,reviewed-receipt,https://github.com/yeager/translations/blob/67e6d27877c9cfd6b6dbc74bd852b10bdbe09c3c/Bitwarden/sv-bitwarden-mobile-full-review-20260919.json,4e3887d6b78b4b084fa488b7680906187a4c12a0328977d8af4e98e7b1b94781,{}
2a473018bd87615b91458340,Self-host server URL,URL för server med egen värd,Bitwarden,sv-bitwarden-mobile-full-review-20260919,self_host_server_url,,project-context,6118fc85b2f9c06182c99768,reviewed-receipt,https://github.com/yeager/translations/blob/67e6d27877c9cfd6b6dbc74bd852b10bdbe09c3c/Bitwarden/sv-bitwarden-mobile-full-review-20260919.json,4e3887d6b78b4b084fa488b7680906187a4c12a0328977d8af4e98e7b1b94781,{}
2a5a6bce06a9c1598eab1209,Continue,Fortsätt,Bitwarden,sv-bitwarden-mobile-full-review-20260919,continue_text,,project-context,a8a0b2dc344dbc8abe5bb421,reviewed-receipt,https://github.com/yeager/translations/blob/67e6d27877c9cfd6b6dbc74bd852b10bdbe09c3c/Bitwarden/sv-bitwarden-mobile-full-review-20260919.json,4e3887d6b78b4b084fa488b7680906187a4c12a0328977d8af4e98e7b1b94781,{}
2a66eed30e8ecbc1caef2e66,Decline,Neka,Bitwarden,sv-bitwarden-mobile-full-review-20260919,decline,,project-context,7677657e1fb6259d60e41c3b,reviewed-receipt,https://github.com/yeager/translations/blob/67e6d27877c9cfd6b6dbc74bd852b10bdbe09c3c/Bitwarden/sv-bitwarden-mobile-full-review-20260919.json,4e3887d6b78b4b084fa488b7680906187a4c12a0328977d8af4e98e7b1b94781,{}
2a9535112fd69d42e7a0721d,Minimum special,Minsta antal speciella tecken,Bitwarden,sv-bitwarden-mobile-full-review-20260919,MinSpecial,,project-context,a1fba32cfb2dda476d019d84,reviewed-receipt,https://github.com/yeager/translations/blob/67e6d27877c9cfd6b6dbc74bd852b10bdbe09c3c/Bitwarden/sv-bitwarden-mobile-full-review-20260919.json,4e3887d6b78b4b084fa488b7680906187a4c12a0328977d8af4e98e7b1b94781,{}
2aab5e197f53d559b1947151,Weak Master Password,Svagt huvudlösenord,Bitwarden,sv-bitwarden-mobile-full-review-20260919,WeakMasterPassword,,project-context,f4f3a23be5a59045b46821fc,reviewed-receipt,https://github.com/yeager/translations/blob/67e6d27877c9cfd6b6dbc74bd852b10bdbe09c3c/Bitwarden/sv-bitwarden-mobile-full-review-20260919.json,4e3887d6b78b4b084fa488b7680906187a4c12a0328977d8af4e98e7b1b94781,{}
2ac3b5079ba169c06ca8b6e2,Login,Inloggning,Bitwarden,sv-bitwarden-mobile-full-review-20260919,log_in_noun,,project-context,7b916766da21a28d34309866,reviewed-receipt,https://github.com/yeager/translations/blob/67e6d27877c9cfd6b6dbc74bd852b10bdbe09c3c/Bitwarden/sv-bitwarden-mobile-full-review-20260919.json,4e3887d6b78b4b084fa488b7680906187a4c12a0328977d8af4e98e7b1b94781,{}
2af143e88af31ca01e86dcf6,Submit,Skicka,Bitwarden,sv-bitwarden-mobile-full-review-20260919,submit,,project-context,f34e675c863ba68d192d1f6b,reviewed-receipt,https://github.com/yeager/translations/blob/67e6d27877c9cfd6b6dbc74bd852b10bdbe09c3c/Bitwarden/sv-bitwarden-mobile-full-review-20260919.json,4e3887d6b78b4b084fa488b7680906187a4c12a0328977d8af4e98e7b1b94781,{}
2af5cc3728756d4d1b5008d8,Search Sends,Sök bland Send,Bitwarden,sv-bitwarden-mobile-full-review-20260919,search_sends,,project-context,edb5971c8fb6289f916ba534,reviewed-receipt,https://github.com/yeager/translations/blob/67e6d27877c9cfd6b6dbc74bd852b10bdbe09c3c/Bitwarden/sv-bitwarden-mobile-full-review-20260919.json,4e3887d6b78b4b084fa488b7680906187a4c12a0328977d8af4e98e7b1b94781,{}
2b04e2f65f0a4905c3ae42cf,Items to import,Objekt att importera,Bitwarden,sv-bitwarden-mobile-full-review-20260919,items_to_import,,project-context,ba0d894a061fc958d48fc7fc,reviewed-receipt,https://github.com/yeager/translations/blob/67e6d27877c9cfd6b6dbc74bd852b10bdbe09c3c/Bitwarden/sv-bitwarden-mobile-full-review-20260919.json,4e3887d6b78b4b084fa488b7680906187a4c12a0328977d8af4e98e7b1b94781,{}
2b19365aba7253e911e46aa0,Share all,Dela alla,Bitwarden,sv-bitwarden-mobile-full-review-20260919,ShareAll,,project-context,281d79368da5045fba24afa2,reviewed-receipt,https://github.com/yeager/translations/blob/67e6d27877c9cfd6b6dbc74bd852b10bdbe09c3c/Bitwarden/sv-bitwarden-mobile-full-review-20260919.json,4e3887d6b78b4b084fa488b7680906187a4c12a0328977d8af4e98e7b1b94781,{}
2b728aab84898ad1c750bda1,There are no folders to list.,Det finns inga mappar att lista.,Bitwarden,sv-bitwarden-mobile-full-review-20260919,no_folders_to_list,,project-context,32c82d2f47c046690aaf0475,reviewed-receipt,https://github.com/yeager/translations/blob/67e6d27877c9cfd6b6dbc74bd852b10bdbe09c3c/Bitwarden/sv-bitwarden-mobile-full-review-20260919.json,4e3887d6b78b4b084fa488b7680906187a4c12a0328977d8af4e98e7b1b94781,{}
2be55908db234281dc448f20,Personal details,Personuppgifter,Bitwarden,sv-bitwarden-mobile-full-review-20260919,PersonalDetails,,project-context,79a2dcf7e452c371ce1414da,reviewed-receipt,https://github.com/yeager/translations/blob/67e6d27877c9cfd6b6dbc74bd852b10bdbe09c3c/Bitwarden/sv-bitwarden-mobile-full-review-20260919.json,4e3887d6b78b4b084fa488b7680906187a4c12a0328977d8af4e98e7b1b94781,{}
2bef7fb74fd106219eab6240,Archive item,Arkivera objekt,Bitwarden,sv-bitwarden-mobile-full-review-20260919,archive_item,,project-context,71afe9edfe4c01f2dceacf2f,reviewed-receipt,https://github.com/yeager/translations/blob/67e6d27877c9cfd6b6dbc74bd852b10bdbe09c3c/Bitwarden/sv-bitwarden-mobile-full-review-20260919.json,4e3887d6b78b4b084fa488b7680906187a4c12a0328977d8af4e98e7b1b94781,{}
2c1bbf2eaad32f5e712ad50b,Website (URI),Webbplats (URI),Bitwarden,sv-bitwarden-mobile-full-review-20260919,website_uri,,project-context,ac1c2fa3747fcc50818f3668,reviewed-receipt,https://github.com/yeager/translations/blob/67e6d27877c9cfd6b6dbc74bd852b10bdbe09c3c/Bitwarden/sv-bitwarden-mobile-full-review-20260919.json,4e3887d6b78b4b084fa488b7680906187a4c12a0328977d8af4e98e7b1b94781,{}
2c1f246200bdf2a8dbada3c8,Certificate installed,Certifikat installerat,Bitwarden,sv-bitwarden-mobile-full-review-20260919,certificate_installed,,project-context,5f96660d9750ff1ea42a0968,reviewed-receipt,https://github.com/yeager/translations/blob/67e6d27877c9cfd6b6dbc74bd852b10bdbe09c3c/Bitwarden/sv-bitwarden-mobile-full-review-20260919.json,4e3887d6b78b4b084fa488b7680906187a4c12a0328977d8af4e98e7b1b94781,{}
2c8bb426f833ef6f22841359,Re-type new master password (required),Skriv in det nya huvudlösenordet (krävs),Bitwarden,sv-bitwarden-mobile-full-review-20260919,retype_new_master_password_required,,project-context,203708e29628e645a486173c,reviewed-receipt,https://github.com/yeager/translations/blob/67e6d27877c9cfd6b6dbc74bd852b10bdbe09c3c/Bitwarden/sv-bitwarden-mobile-full-review-20260919.json,4e3887d6b78b4b084fa488b7680906187a4c12a0328977d8af4e98e7b1b94781,{}
2cd93ee7c848499733bb6530,Restart registration,Starta om registrering,Bitwarden,sv-bitwarden-mobile-full-review-20260919,restart_registration,,project-context,37013600a5b90e40e00eaa06,reviewed-receipt,https://github.com/yeager/translations/blob/67e6d27877c9cfd6b6dbc74bd852b10bdbe09c3c/Bitwarden/sv-bitwarden-mobile-full-review-20260919.json,4e3887d6b78b4b084fa488b7680906187a4c12a0328977d8af4e98e7b1b94781,{}
2d08534352b091786ee2d80f,Light,Ljust,Bitwarden,sv-bitwarden-mobile-full-review-20260919,Light,,project-context,86160946c71b1465c5d30dd7,reviewed-receipt,https://github.com/yeager/translations/blob/67e6d27877c9cfd6b6dbc74bd852b10bdbe09c3c/Bitwarden/sv-bitwarden-mobile-full-review-20260919.json,4e3887d6b78b4b084fa488b7680906187a4c12a0328977d8af4e98e7b1b94781,{}
2d5dd3eee76d9c050d286e03,Organization identifier,Organisationens identifierare,Bitwarden,sv-bitwarden-mobile-full-review-20260919,org_identifier,,project-context,7d7b3a21b1ef163e93c1afbe,reviewed-receipt,https://github.com/yeager/translations/blob/67e6d27877c9cfd6b6dbc74bd852b10bdbe09c3c/Bitwarden/sv-bitwarden-mobile-full-review-20260919.json,4e3887d6b78b4b084fa488b7680906187a4c12a0328977d8af4e98e7b1b94781,{}
2d69ee4b7ad651f9215b1228,Issuing country,Utfärdande land,Bitwarden,sv-bitwarden-mobile-full-review-20260919,IssuingCountry,,project-context,9ffba3923d3b043db4b28271,reviewed-receipt,https://github.com/yeager/translations/blob/67e6d27877c9cfd6b6dbc74bd852b10bdbe09c3c/Bitwarden/sv-bitwarden-mobile-full-review-20260919.json,4e3887d6b78b4b084fa488b7680906187a4c12a0328977d8af4e98e7b1b94781,{}
2d8dc4265be24f54963874ac,Bitwarden Tools,Bitwarden-verktyg,Bitwarden,sv-bitwarden-mobile-full-review-20260919,bitwarden_tools,,project-context,0e5d743d7cf0fa34b7853229,reviewed-receipt,https://github.com/yeager/translations/blob/67e6d27877c9cfd6b6dbc74bd852b10bdbe09c3c/Bitwarden/sv-bitwarden-mobile-full-review-20260919.json,4e3887d6b78b4b084fa488b7680906187a4c12a0328977d8af4e98e7b1b94781,{}
2da3c87bab7be20a508e6abd,Unable to download file.,Kunde ej hämta fil.,Bitwarden,sv-bitwarden-mobile-full-review-20260919,unable_to_download_file,,project-context,7a024e1a59a54921778cd6be,reviewed-receipt,https://github.com/yeager/translations/blob/67e6d27877c9cfd6b6dbc74bd852b10bdbe09c3c/Bitwarden/sv-bitwarden-mobile-full-review-20260919.json,4e3887d6b78b4b084fa488b7680906187a4c12a0328977d8af4e98e7b1b94781,{}
2db2401e90ad1fd154c4c24c,Archiving,Arkiverar,Bitwarden,sv-bitwarden-mobile-full-review-20260919,archiving,,project-context,99a40e48d5fb89626855f8d0,reviewed-receipt,https://github.com/yeager/translations/blob/67e6d27877c9cfd6b6dbc74bd852b10bdbe09c3c/Bitwarden/sv-bitwarden-mobile-full-review-20260919.json,4e3887d6b78b4b084fa488b7680906187a4c12a0328977d8af4e98e7b1b94781,{}
2de80de594827feff2094ea5,Vaults,Valv,Bitwarden,sv-bitwarden-mobile-full-review-20260919,Vaults,,project-context,b43af118100c8185a6d9deb9,reviewed-receipt,https://github.com/yeager/translations/blob/67e6d27877c9cfd6b6dbc74bd852b10bdbe09c3c/Bitwarden/sv-bitwarden-mobile-full-review-20260919.json,4e3887d6b78b4b084fa488b7680906187a4c12a0328977d8af4e98e7b1b94781,{}
2e0fe1d3f07af27e8f519b27,Last sync:,Senaste synkronisering:,Bitwarden,sv-bitwarden-mobile-full-review-20260919,last_sync,,project-context,10df17fb04b1b79061220306,reviewed-receipt,https://github.com/yeager/translations/blob/67e6d27877c9cfd6b6dbc74bd852b10bdbe09c3c/Bitwarden/sv-bitwarden-mobile-full-review-20260919.json,4e3887d6b78b4b084fa488b7680906187a4c12a0328977d8af4e98e7b1b94781,{}
2e52c8ad1815f5a9487449a0,Submitting…,Skickar in…,Bitwarden,sv-bitwarden-mobile-full-review-20260919,Submitting,,project-context,2b6cd4afe7d45d00ba0c1653,reviewed-receipt,https://github.com/yeager/translations/blob/67e6d27877c9cfd6b6dbc74bd852b10bdbe09c3c/Bitwarden/sv-bitwarden-mobile-full-review-20260919.json,4e3887d6b78b4b084fa488b7680906187a4c12a0328977d8af4e98e7b1b94781,{}
2e5541722915d2187ace5017,Cannot delete account,Det går inte att radera kontot,Bitwarden,sv-bitwarden-mobile-full-review-20260919,CannotDeleteAccount,,project-context,8378162c784fe4be955a353d,reviewed-receipt,https://github.com/yeager/translations/blob/67e6d27877c9cfd6b6dbc74bd852b10bdbe09c3c/Bitwarden/sv-bitwarden-mobile-full-review-20260919.json,4e3887d6b78b4b084fa488b7680906187a4c12a0328977d8af4e98e7b1b94781,{}
2e96914cc877ec4412befbed,Account,Konto,Bitwarden,sv-bitwarden-mobile-full-review-20260919,Account,,project-context,d2205adcffd6e5ff4d36522d,reviewed-receipt,https://github.com/yeager/translations/blob/67e6d27877c9cfd6b6dbc74bd852b10bdbe09c3c/Bitwarden/sv-bitwarden-mobile-full-review-20260919.json,4e3887d6b78b4b084fa488b7680906187a4c12a0328977d8af4e98e7b1b94781,{}
2eaca035d18a8be2be8adf51,Master password (required),Huvudlösenord (obligatoriskt),Bitwarden,sv-bitwarden-mobile-full-review-20260919,master_password_required,,project-context,6b30692d7d7950bd636a7fd4,reviewed-receipt,https://github.com/yeager/translations/blob/67e6d27877c9cfd6b6dbc74bd852b10bdbe09c3c/Bitwarden/sv-bitwarden-mobile-full-review-20260919.json,4e3887d6b78b4b084fa488b7680906187a4c12a0328977d8af4e98e7b1b94781,{}
2f3b811d19414081cf667d30,Number,Nummer,Bitwarden,sv-bitwarden-mobile-full-review-20260919,number,,project-context,fa5dda9e408c1656caad3e55,reviewed-receipt,https://github.com/yeager/translations/blob/67e6d27877c9cfd6b6dbc74bd852b10bdbe09c3c/Bitwarden/sv-bitwarden-mobile-full-review-20260919.json,4e3887d6b78b4b084fa488b7680906187a4c12a0328977d8af4e98e7b1b94781,{}
2f50dd751960124b7bc74d51,Card,Kort,Bitwarden,sv-bitwarden-mobile-full-review-20260919,type_card,,project-context,517e4d1ed02b8777dbbd40f3,reviewed-receipt,https://github.com/yeager/translations/blob/67e6d27877c9cfd6b6dbc74bd852b10bdbe09c3c/Bitwarden/sv-bitwarden-mobile-full-review-20260919.json,4e3887d6b78b4b084fa488b7680906187a4c12a0328977d8af4e98e7b1b94781,{}
2f554367e9fc835b94c21e94,Accept transfer,Godkänn överföring,Bitwarden,sv-bitwarden-mobile-full-review-20260919,AcceptTransfer,,project-context,3896f29f1547d4e1414a890f,reviewed-receipt,https://github.com/yeager/translations/blob/67e6d27877c9cfd6b6dbc74bd852b10bdbe09c3c/Bitwarden/sv-bitwarden-mobile-full-review-20260919.json,4e3887d6b78b4b084fa488b7680906187a4c12a0328977d8af4e98e7b1b94781,{}
2f93afb7449b3323826f94d9,Social Security number,Personnummer,Bitwarden,sv-bitwarden-mobile-full-review-20260919,ssn,,project-context,7499eb9163dbafc3a3683c84,reviewed-receipt,https://github.com/yeager/translations/blob/67e6d27877c9cfd6b6dbc74bd852b10bdbe09c3c/Bitwarden/sv-bitwarden-mobile-full-review-20260919.json,4e3887d6b78b4b084fa488b7680906187a4c12a0328977d8af4e98e7b1b94781,{}
2f95c533020c8d62c3edb046,Encryption settings updated,Krypteringsinställningar uppdaterade,Bitwarden,sv-bitwarden-mobile-full-review-20260919,encryption_settings_updated,,project-context,b91c520e65e5c2de209f37da,reviewed-receipt,https://github.com/yeager/translations/blob/67e6d27877c9cfd6b6dbc74bd852b10bdbe09c3c/Bitwarden/sv-bitwarden-mobile-full-review-20260919.json,4e3887d6b78b4b084fa488b7680906187a4c12a0328977d8af4e98e7b1b94781,{}
2fc52ca999aab59cfcf562f7,Account security,Kontosäkerhet,Bitwarden,sv-bitwarden-mobile-full-review-20260919,AccountSecurity,,project-context,754b81eeb410d4fadda1579e,reviewed-receipt,https://github.com/yeager/translations/blob/67e6d27877c9cfd6b6dbc74bd852b10bdbe09c3c/Bitwarden/sv-bitwarden-mobile-full-review-20260919.json,4e3887d6b78b4b084fa488b7680906187a4c12a0328977d8af4e98e7b1b94781,{}
2fdb6b689fdd99e61ba86c72,Settings,Inställningar,Bitwarden,sv-bitwarden-mobile-full-review-20260919,Settings,,project-context,0cc1c7257a9cbfb3051b5ed2,reviewed-receipt,https://github.com/yeager/translations/blob/67e6d27877c9cfd6b6dbc74bd852b10bdbe09c3c/Bitwarden/sv-bitwarden-mobile-full-review-20260919.json,4e3887d6b78b4b084fa488b7680906187a4c12a0328977d8af4e98e7b1b94781,{}
3000503438db69ecc615441c,Close,Stäng,Bitwarden,sv-bitwarden-mobile-full-review-20260919,close,,project-context,f99537a891b398d642f730d6,reviewed-receipt,https://github.com/yeager/translations/blob/67e6d27877c9cfd6b6dbc74bd852b10bdbe09c3c/Bitwarden/sv-bitwarden-mobile-full-review-20260919.json,4e3887d6b78b4b084fa488b7680906187a4c12a0328977d8af4e98e7b1b94781,{}
3033a2ab6588de0c1e1a62bd,Set up authenticator key,Konfigurera autentiseringsnyckel,Bitwarden,sv-bitwarden-mobile-full-review-20260919,SetUpAuthenticatorKey,,project-context,dc1e55ce1a0b9580de7147db,reviewed-receipt,https://github.com/yeager/translations/blob/67e6d27877c9cfd6b6dbc74bd852b10bdbe09c3c/Bitwarden/sv-bitwarden-mobile-full-review-20260919.json,4e3887d6b78b4b084fa488b7680906187a4c12a0328977d8af4e98e7b1b94781,{}
303e927b9b21b36201c5e5a1,Contain one or more lowercase characters,Innehålla en eller flera gemener,Bitwarden,sv-bitwarden-mobile-full-review-20260919,policy_in_effect_lowercase,,project-context,a71c8bf3263771b5ec23179e,reviewed-receipt,https://github.com/yeager/translations/blob/67e6d27877c9cfd6b6dbc74bd852b10bdbe09c3c/Bitwarden/sv-bitwarden-mobile-full-review-20260919.json,4e3887d6b78b4b084fa488b7680906187a4c12a0328977d8af4e98e7b1b94781,{}
3043c2c98c32a00af1690002,Cardholder name,Kortinnehavarens namn,Bitwarden,sv-bitwarden-mobile-full-review-20260919,CardholderName,,project-context,711bbb37717904e7eb98df47,reviewed-receipt,https://github.com/yeager/translations/blob/67e6d27877c9cfd6b6dbc74bd852b10bdbe09c3c/Bitwarden/sv-bitwarden-mobile-full-review-20260919.json,4e3887d6b78b4b084fa488b7680906187a4c12a0328977d8af4e98e7b1b94781,{}
3056ba64710446780b156351,Enable local network access,Aktivera lokal nätverksåtkomst,Bitwarden,sv-bitwarden-mobile-full-review-20260919,enable_local_network_access,,project-context,c1f4a6b150deb49d78c80d11,reviewed-receipt,https://github.com/yeager/translations/blob/67e6d27877c9cfd6b6dbc74bd852b10bdbe09c3c/Bitwarden/sv-bitwarden-mobile-full-review-20260919.json,4e3887d6b78b4b084fa488b7680906187a4c12a0328977d8af4e98e7b1b94781,{}
3060d3e3a05dc2467fdbe29c,"Security, prioritized","Säkerhet, prioriterat",Bitwarden,sv-bitwarden-mobile-full-review-20260919,security_prioritized,,project-context,f9b77bc28c3e8c9fb75b4157,reviewed-receipt,https://github.com/yeager/translations/blob/67e6d27877c9cfd6b6dbc74bd852b10bdbe09c3c/Bitwarden/sv-bitwarden-mobile-full-review-20260919.json,4e3887d6b78b4b084fa488b7680906187a4c12a0328977d8af4e98e7b1b94781,{}
30628eb24a808e64f0ceb8d0,Custom,Anpassad,Bitwarden,sv-bitwarden-mobile-full-review-20260919,custom,,project-context,3ed712c6e0669fc3f5ca603e,reviewed-receipt,https://github.com/yeager/translations/blob/67e6d27877c9cfd6b6dbc74bd852b10bdbe09c3c/Bitwarden/sv-bitwarden-mobile-full-review-20260919.json,4e3887d6b78b4b084fa488b7680906187a4c12a0328977d8af4e98e7b1b94781,{}
30c2e58ab1b28f280f1c91bb,Master password,Huvudlösenord,Bitwarden,sv-bitwarden-mobile-full-review-20260919,master_password,,project-context,02b591d2fe751b232e6431f9,reviewed-receipt,https://github.com/yeager/translations/blob/67e6d27877c9cfd6b6dbc74bd852b10bdbe09c3c/Bitwarden/sv-bitwarden-mobile-full-review-20260919.json,4e3887d6b78b4b084fa488b7680906187a4c12a0328977d8af4e98e7b1b94781,{}
30c8c0197c45999b91433fbb,Unlock with PIN code,Lås upp med PIN-kod,Bitwarden,sv-bitwarden-mobile-full-review-20260919,unlock_with_pin,,project-context,df2c520d98d39fd3f545431e,reviewed-receipt,https://github.com/yeager/translations/blob/67e6d27877c9cfd6b6dbc74bd852b10bdbe09c3c/Bitwarden/sv-bitwarden-mobile-full-review-20260919.json,4e3887d6b78b4b084fa488b7680906187a4c12a0328977d8af4e98e7b1b94781,{}
30ef8f6961adf3ee5478a5f2,Sync now,Synkronisera nu,Bitwarden,sv-bitwarden-mobile-full-review-20260919,SyncNow,,project-context,29e07e9704d484ce46cacb6d,reviewed-receipt,https://github.com/yeager/translations/blob/67e6d27877c9cfd6b6dbc74bd852b10bdbe09c3c/Bitwarden/sv-bitwarden-mobile-full-review-20260919.json,4e3887d6b78b4b084fa488b7680906187a4c12a0328977d8af4e98e7b1b94781,{}
30f7fa270646a90125dc335f,Go back,Gå tillbaka,Bitwarden,sv-bitwarden-mobile-full-review-20260919,GoBack,,project-context,542a455c1f9bf245eb5198c9,reviewed-receipt,https://github.com/yeager/translations/blob/67e6d27877c9cfd6b6dbc74bd852b10bdbe09c3c/Bitwarden/sv-bitwarden-mobile-full-review-20260919.json,4e3887d6b78b4b084fa488b7680906187a4c12a0328977d8af4e98e7b1b94781,{}
314d56bd2a88b4af6f65897b,Introducing Archive,Introducerar arkiv,Bitwarden,sv-bitwarden-mobile-full-review-20260919,IntroducingArchive,,project-context,2a3fa9379322c8a9b4b560ed,reviewed-receipt,https://github.com/yeager/translations/blob/67e6d27877c9cfd6b6dbc74bd852b10bdbe09c3c/Bitwarden/sv-bitwarden-mobile-full-review-20260919.json,4e3887d6b78b4b084fa488b7680906187a4c12a0328977d8af4e98e7b1b94781,{}
3166dd2ad72d265f7a443372,Experiencing an issue?,Upplever du ett problem?,Bitwarden,sv-bitwarden-mobile-full-review-20260919,experiencing_an_issue,,project-context,fc91058eb0d8dd0f80e89be7,reviewed-receipt,https://github.com/yeager/translations/blob/67e6d27877c9cfd6b6dbc74bd852b10bdbe09c3c/Bitwarden/sv-bitwarden-mobile-full-review-20260919.json,4e3887d6b78b4b084fa488b7680906187a4c12a0328977d8af4e98e7b1b94781,{}
3170fb127ad771fa2ac2c0a0,Update payment,Uppdatera betalning,Bitwarden,sv-bitwarden-mobile-full-review-20260919,subscription_status_update_payment,,project-context,f402644e41607cf741b6f004,reviewed-receipt,https://github.com/yeager/translations/blob/67e6d27877c9cfd6b6dbc74bd852b10bdbe09c3c/Bitwarden/sv-bitwarden-mobile-full-review-20260919.json,4e3887d6b78b4b084fa488b7680906187a4c12a0328977d8af4e98e7b1b94781,{}
319eb20cf53a97eee8a4d0fb,Get started,Kom igång,Bitwarden,sv-bitwarden-mobile-full-review-20260919,GetStarted,,project-context,2d938740945f109c24ddd982,reviewed-receipt,https://github.com/yeager/translations/blob/67e6d27877c9cfd6b6dbc74bd852b10bdbe09c3c/Bitwarden/sv-bitwarden-mobile-full-review-20260919.json,4e3887d6b78b4b084fa488b7680906187a4c12a0328977d8af4e98e7b1b94781,{}
31ddbbc49f92865676b28e48,Pending cancellation,Avbokning väntar,Bitwarden,sv-bitwarden-mobile-full-review-20260919,PendingCancellation,,project-context,2abb957ace0c349815b217e7,reviewed-receipt,https://github.com/yeager/translations/blob/67e6d27877c9cfd6b6dbc74bd852b10bdbe09c3c/Bitwarden/sv-bitwarden-mobile-full-review-20260919.json,4e3887d6b78b4b084fa488b7680906187a4c12a0328977d8af4e98e7b1b94781,{}
31ec587bf1d8d58564491f77,Unable to archive selected item.,Det går inte att arkivera valt objekt.,Bitwarden,sv-bitwarden-mobile-full-review-20260919,unable_to_archive_selected_item,,project-context,d55b15e7e490592f77fc959e,reviewed-receipt,https://github.com/yeager/translations/blob/67e6d27877c9cfd6b6dbc74bd852b10bdbe09c3c/Bitwarden/sv-bitwarden-mobile-full-review-20260919.json,4e3887d6b78b4b084fa488b7680906187a4c12a0328977d8af4e98e7b1b94781,{}
3206c492ba1d983849642389,External link,Extern länk,Bitwarden,sv-bitwarden-mobile-full-review-20260919,external_link,,project-context,997c5a41c77af4dbeab5ee1e,reviewed-receipt,https://github.com/yeager/translations/blob/67e6d27877c9cfd6b6dbc74bd852b10bdbe09c3c/Bitwarden/sv-bitwarden-mobile-full-review-20260919.json,4e3887d6b78b4b084fa488b7680906187a4c12a0328977d8af4e98e7b1b94781,{}
320dfbb45aa9a4f730d229d2,Certificate password incorrect,Certifikatets lösenord är felaktigt,Bitwarden,sv-bitwarden-mobile-full-review-20260919,certificate_password_incorrect,,project-context,00dfe6566a46f45f565f97a8,reviewed-receipt,https://github.com/yeager/translations/blob/67e6d27877c9cfd6b6dbc74bd852b10bdbe09c3c/Bitwarden/sv-bitwarden-mobile-full-review-20260919.json,4e3887d6b78b4b084fa488b7680906187a4c12a0328977d8af4e98e7b1b94781,{}
3241446d9306aa4211109add,Organization,Organisation,Bitwarden,sv-bitwarden-mobile-full-review-20260919,Organization,,project-context,75234fb00ff5f1d5b6b02005,reviewed-receipt,https://github.com/yeager/translations/blob/67e6d27877c9cfd6b6dbc74bd852b10bdbe09c3c/Bitwarden/sv-bitwarden-mobile-full-review-20260919.json,4e3887d6b78b4b084fa488b7680906187a4c12a0328977d8af4e98e7b1b94781,{}
324fa8b6dab70b5dfc821027,Help,Hjälp,Bitwarden,sv-bitwarden-mobile-full-review-20260919,help,,project-context,393a2429e3b4f812ea1e7bdf,reviewed-receipt,https://github.com/yeager/translations/blob/67e6d27877c9cfd6b6dbc74bd852b10bdbe09c3c/Bitwarden/sv-bitwarden-mobile-full-review-20260919.json,4e3887d6b78b4b084fa488b7680906187a4c12a0328977d8af4e98e7b1b94781,{}
3309cac9ffab316dbd94ab49,Remove,Ta bort,Bitwarden,sv-bitwarden-mobile-full-review-20260919,remove,,project-context,14b5330f2d827d3eda7f988d,reviewed-receipt,https://github.com/yeager/translations/blob/67e6d27877c9cfd6b6dbc74bd852b10bdbe09c3c/Bitwarden/sv-bitwarden-mobile-full-review-20260919.json,4e3887d6b78b4b084fa488b7680906187a4c12a0328977d8af4e98e7b1b94781,{}
331c8c6e40f2a8c9329275cd,Passwords,Lösenord,Bitwarden,sv-bitwarden-mobile-full-review-20260919,passwords,,project-context,f2b4615ff1a895723c29db39,reviewed-receipt,https://github.com/yeager/translations/blob/67e6d27877c9cfd6b6dbc74bd852b10bdbe09c3c/Bitwarden/sv-bitwarden-mobile-full-review-20260919.json,4e3887d6b78b4b084fa488b7680906187a4c12a0328977d8af4e98e7b1b94781,{}
3343d59aeb9b4069d28b0f10,Confirm Key Connector domain,Bekräfta Key Connector-domän,Bitwarden,sv-bitwarden-mobile-full-review-20260919,confirm_key_connector_domain,,project-context,7888cfd60b3c87974669f52c,reviewed-receipt,https://github.com/yeager/translations/blob/67e6d27877c9cfd6b6dbc74bd852b10bdbe09c3c/Bitwarden/sv-bitwarden-mobile-full-review-20260919.json,4e3887d6b78b4b084fa488b7680906187a4c12a0328977d8af4e98e7b1b94781,{}
33501ae4d60071b69755193c,Expand advanced options,Expandera avancerade alternativ,Bitwarden,sv-bitwarden-mobile-full-review-20260919,expand_advanced_options,,project-context,347f76ba37d64edccc8c8338,reviewed-receipt,https://github.com/yeager/translations/blob/67e6d27877c9cfd6b6dbc74bd852b10bdbe09c3c/Bitwarden/sv-bitwarden-mobile-full-review-20260919.json,4e3887d6b78b4b084fa488b7680906187a4c12a0328977d8af4e98e7b1b94781,{}
338b8a7cfd4a8dcf64d69a13,View recorded logs,Visa inspelade loggar,Bitwarden,sv-bitwarden-mobile-full-review-20260919,ViewRecordedLogs,,project-context,a82adfea9bc7f22a92a4dda4,reviewed-receipt,https://github.com/yeager/translations/blob/67e6d27877c9cfd6b6dbc74bd852b10bdbe09c3c/Bitwarden/sv-bitwarden-mobile-full-review-20260919.json,4e3887d6b78b4b084fa488b7680906187a4c12a0328977d8af4e98e7b1b94781,{}
33a512e842dabd6b2482088e,Edit text Send,Redigera text Skicka,Bitwarden,sv-bitwarden-mobile-full-review-20260919,edit_text_send,,project-context,05f5af5745f257a1cc69dfcf,reviewed-receipt,https://github.com/yeager/translations/blob/67e6d27877c9cfd6b6dbc74bd852b10bdbe09c3c/Bitwarden/sv-bitwarden-mobile-full-review-20260919.json,4e3887d6b78b4b084fa488b7680906187a4c12a0328977d8af4e98e7b1b94781,{}
33a98dc55f79fca67a9f3b3c,Approve with master password,Godkänn med huvudlösenord,Bitwarden,sv-bitwarden-mobile-full-review-20260919,ApproveWithMasterPassword,,project-context,39cf524866aaa4cb1f841538,reviewed-receipt,https://github.com/yeager/translations/blob/67e6d27877c9cfd6b6dbc74bd852b10bdbe09c3c/Bitwarden/sv-bitwarden-mobile-full-review-20260919.json,4e3887d6b78b4b084fa488b7680906187a4c12a0328977d8af4e98e7b1b94781,{}
33b9b774a3b91ea467279e08,Folders,Mappar,Bitwarden,sv-bitwarden-mobile-full-review-20260919,Folders,,project-context,3613dae561cb8d0a710d9ca9,reviewed-receipt,https://github.com/yeager/translations/blob/67e6d27877c9cfd6b6dbc74bd852b10bdbe09c3c/Bitwarden/sv-bitwarden-mobile-full-review-20260919.json,4e3887d6b78b4b084fa488b7680906187a4c12a0328977d8af4e98e7b1b94781,{}
33fbac496d51d76e2ac47d8f,License,Licens,Bitwarden,sv-bitwarden-mobile-full-review-20260919,TypeLicense,,project-context,982a31b2626dbb624866576a,reviewed-receipt,https://github.com/yeager/translations/blob/67e6d27877c9cfd6b6dbc74bd852b10bdbe09c3c/Bitwarden/sv-bitwarden-mobile-full-review-20260919.json,4e3887d6b78b4b084fa488b7680906187a4c12a0328977d8af4e98e7b1b94781,{}
344caf0ba999d08e927763a3,Bitwarden web vault,Bitwarden webbvalv,Bitwarden,sv-bitwarden-mobile-full-review-20260919,WebVault,,project-context,1d6717e4c532a306cdd01566,reviewed-receipt,https://github.com/yeager/translations/blob/67e6d27877c9cfd6b6dbc74bd852b10bdbe09c3c/Bitwarden/sv-bitwarden-mobile-full-review-20260919.json,4e3887d6b78b4b084fa488b7680906187a4c12a0328977d8af4e98e7b1b94781,{}
34c375f94165a09c808fb819,Give your vault a head start,Ge ditt valv ett försprång,Bitwarden,sv-bitwarden-mobile-full-review-20260919,GiveYourVaultAHeadStart,,project-context,13409dca5ae1513f62026f47,reviewed-receipt,https://github.com/yeager/translations/blob/67e6d27877c9cfd6b6dbc74bd852b10bdbe09c3c/Bitwarden/sv-bitwarden-mobile-full-review-20260919.json,4e3887d6b78b4b084fa488b7680906187a4c12a0328977d8af4e98e7b1b94781,{}
34e110a40b721a59d046a06f,New master password (required),Nytt huvudlösenord (krävs),Bitwarden,sv-bitwarden-mobile-full-review-20260919,new_master_password_required,,project-context,de6d48175e083fbf764b3393,reviewed-receipt,https://github.com/yeager/translations/blob/67e6d27877c9cfd6b6dbc74bd852b10bdbe09c3c/Bitwarden/sv-bitwarden-mobile-full-review-20260919.json,4e3887d6b78b4b084fa488b7680906187a4c12a0328977d8af4e98e7b1b94781,{}
350127d85b816e0183442dd8,None,Ingen,Bitwarden,sv-bitwarden-mobile-full-review-20260919,None,,project-context,e2cdfbb6b1ecf88d05af5543,reviewed-receipt,https://github.com/yeager/translations/blob/67e6d27877c9cfd6b6dbc74bd852b10bdbe09c3c/Bitwarden/sv-bitwarden-mobile-full-review-20260919.json,4e3887d6b78b4b084fa488b7680906187a4c12a0328977d8af4e98e7b1b94781,{}
350afa11a43880fa255481bd,Clear SSO cookies,Rensa SSO-cookies,Bitwarden,sv-bitwarden-mobile-full-review-20260919,ClearSsoCookies,,project-context,e46101b5924a32111e5acf47,reviewed-receipt,https://github.com/yeager/translations/blob/67e6d27877c9cfd6b6dbc74bd852b10bdbe09c3c/Bitwarden/sv-bitwarden-mobile-full-review-20260919.json,4e3887d6b78b4b084fa488b7680906187a4c12a0328977d8af4e98e7b1b94781,{}
35526f5ff5da3eb89f717162,Login,Inloggning,Bitwarden,sv-bitwarden-mobile-full-review-20260919,type_login,,project-context,fdb6f977818207d01520f8ba,reviewed-receipt,https://github.com/yeager/translations/blob/67e6d27877c9cfd6b6dbc74bd852b10bdbe09c3c/Bitwarden/sv-bitwarden-mobile-full-review-20260919.json,4e3887d6b78b4b084fa488b7680906187a4c12a0328977d8af4e98e7b1b94781,{}
35a7733de16bebf25ba7ee4f,Folder deleted.,Mapp borttagen.,Bitwarden,sv-bitwarden-mobile-full-review-20260919,folder_deleted,,project-context,1da08b35d831d00d36c40caf,reviewed-receipt,https://github.com/yeager/translations/blob/67e6d27877c9cfd6b6dbc74bd852b10bdbe09c3c/Bitwarden/sv-bitwarden-mobile-full-review-20260919.json,4e3887d6b78b4b084fa488b7680906187a4c12a0328977d8af4e98e7b1b94781,{}
35c5167680d209ee202a88f9,Match detection,Matchning,Bitwarden,sv-bitwarden-mobile-full-review-20260919,match_detection,,project-context,4753c9289701915343599680,reviewed-receipt,https://github.com/yeager/translations/blob/67e6d27877c9cfd6b6dbc74bd852b10bdbe09c3c/Bitwarden/sv-bitwarden-mobile-full-review-20260919.json,4e3887d6b78b4b084fa488b7680906187a4c12a0328977d8af4e98e7b1b94781,{}
35e9f09e2ed7982401e7fdb1,View text Send,Visa text Skicka,Bitwarden,sv-bitwarden-mobile-full-review-20260919,ViewTextSend,,project-context,4c75fb7d5a4e29b0f2b0e143,reviewed-receipt,https://github.com/yeager/translations/blob/67e6d27877c9cfd6b6dbc74bd852b10bdbe09c3c/Bitwarden/sv-bitwarden-mobile-full-review-20260919.json,4e3887d6b78b4b084fa488b7680906187a4c12a0328977d8af4e98e7b1b94781,{}
35ff3faed8c6935dc312759a,Mrs,Fru,Bitwarden,sv-bitwarden-mobile-full-review-20260919,mrs,,project-context,44989f940ceda8f3dfb2e683,reviewed-receipt,https://github.com/yeager/translations/blob/67e6d27877c9cfd6b6dbc74bd852b10bdbe09c3c/Bitwarden/sv-bitwarden-mobile-full-review-20260919.json,4e3887d6b78b4b084fa488b7680906187a4c12a0328977d8af4e98e7b1b94781,{}
36354c895743d3128a725f76,Add website,Lägg till webbplats,Bitwarden,sv-bitwarden-mobile-full-review-20260919,AddWebsite,,project-context,f937c9606e636f86bb6f3f0d,reviewed-receipt,https://github.com/yeager/translations/blob/67e6d27877c9cfd6b6dbc74bd852b10bdbe09c3c/Bitwarden/sv-bitwarden-mobile-full-review-20260919.json,4e3887d6b78b4b084fa488b7680906187a4c12a0328977d8af4e98e7b1b94781,{}
364e37667b7a23ad8d6b0a81,Upgrade pending,Uppgradering väntar,Bitwarden,sv-bitwarden-mobile-full-review-20260919,UpgradePending,,project-context,f173a95867ab5809c92fa384,reviewed-receipt,https://github.com/yeager/translations/blob/67e6d27877c9cfd6b6dbc74bd852b10bdbe09c3c/Bitwarden/sv-bitwarden-mobile-full-review-20260919.json,4e3887d6b78b4b084fa488b7680906187a4c12a0328977d8af4e98e7b1b94781,{}
364fcac51ee6695556bffb14,Number of digits,Antal siffror,Bitwarden,sv-bitwarden-mobile-full-review-20260919,NumberOfDigits,,project-context,6144fa78a4fb8f6f5d92b5dc,reviewed-receipt,https://github.com/yeager/translations/blob/67e6d27877c9cfd6b6dbc74bd852b10bdbe09c3c/Bitwarden/sv-bitwarden-mobile-full-review-20260919.json,4e3887d6b78b4b084fa488b7680906187a4c12a0328977d8af4e98e7b1b94781,{}
3655499dce3b76a0fe352cd0,Download the Bitwarden app,Ladda ner Bitwarden-appen,Bitwarden,sv-bitwarden-mobile-full-review-20260919,download_bitwarden_card_title,,project-context,0381471e02fd7a5634be9ddf,reviewed-receipt,https://github.com/yeager/translations/blob/67e6d27877c9cfd6b6dbc74bd852b10bdbe09c3c/Bitwarden/sv-bitwarden-mobile-full-review-20260919.json,4e3887d6b78b4b084fa488b7680906187a4c12a0328977d8af4e98e7b1b94781,{}
366da60cc047dfc62ab04588,Refresh period,Uppdateringstid,Bitwarden,sv-bitwarden-mobile-full-review-20260919,refresh_period,,project-context,9aaec0ae5e634b26381121e3,reviewed-receipt,https://github.com/yeager/translations/blob/67e6d27877c9cfd6b6dbc74bd852b10bdbe09c3c/Bitwarden/sv-bitwarden-mobile-full-review-20260919.json,4e3887d6b78b4b084fa488b7680906187a4c12a0328977d8af4e98e7b1b94781,{}
36a68128c14d8f73a69bc543,IP address,IP-adress,Bitwarden,sv-bitwarden-mobile-full-review-20260919,ip_address,,project-context,15d5bb2fbd14bd77beba0f82,reviewed-receipt,https://github.com/yeager/translations/blob/67e6d27877c9cfd6b6dbc74bd852b10bdbe09c3c/Bitwarden/sv-bitwarden-mobile-full-review-20260919.json,4e3887d6b78b4b084fa488b7680906187a4c12a0328977d8af4e98e7b1b94781,{}
36c69ab6fce6d11a816cac7f,Light,Ljust,Bitwarden,sv-bitwarden-mobile-full-review-20260919,light,,project-context,89c5d86472562d49cf597c40,reviewed-receipt,https://github.com/yeager/translations/blob/67e6d27877c9cfd6b6dbc74bd852b10bdbe09c3c/Bitwarden/sv-bitwarden-mobile-full-review-20260919.json,4e3887d6b78b4b084fa488b7680906187a4c12a0328977d8af4e98e7b1b94781,{}
37628cc18ec056c231e7a7ef,Use this passphrase,Använd den här lösenordsfrasen,Bitwarden,sv-bitwarden-mobile-full-review-20260919,UseThisPassphrase,,project-context,9f21a59bbd75a77bc76a045c,reviewed-receipt,https://github.com/yeager/translations/blob/67e6d27877c9cfd6b6dbc74bd852b10bdbe09c3c/Bitwarden/sv-bitwarden-mobile-full-review-20260919.json,4e3887d6b78b4b084fa488b7680906187a4c12a0328977d8af4e98e7b1b94781,{}
376fe6dd66f5cd72b1017557,Include number,Inkludera siffra,Bitwarden,sv-bitwarden-mobile-full-review-20260919,IncludeNumber,,project-context,ae65880583866e222cd7ccb9,reviewed-receipt,https://github.com/yeager/translations/blob/67e6d27877c9cfd6b6dbc74bd852b10bdbe09c3c/Bitwarden/sv-bitwarden-mobile-full-review-20260919.json,4e3887d6b78b4b084fa488b7680906187a4c12a0328977d8af4e98e7b1b94781,{}
377f6fc744ea988d1197207c,Turn on autofill,Slå på Autofyll,Bitwarden,sv-bitwarden-mobile-full-review-20260919,turn_on_autofill,,project-context,faf580fe8b9fe82f4231e1c5,reviewed-receipt,https://github.com/yeager/translations/blob/67e6d27877c9cfd6b6dbc74bd852b10bdbe09c3c/Bitwarden/sv-bitwarden-mobile-full-review-20260919.json,4e3887d6b78b4b084fa488b7680906187a4c12a0328977d8af4e98e7b1b94781,{}
37b737c6b2ab48f0a023dc24,Flight recorder on,Färdskrivare på,Bitwarden,sv-bitwarden-mobile-full-review-20260919,flight_recorder_banner_title,,project-context,055b454599ffdddcfc3098a9,reviewed-receipt,https://github.com/yeager/translations/blob/67e6d27877c9cfd6b6dbc74bd852b10bdbe09c3c/Bitwarden/sv-bitwarden-mobile-full-review-20260919.json,4e3887d6b78b4b084fa488b7680906187a4c12a0328977d8af4e98e7b1b94781,{}
3801b1760c9c1e57032126e1,First name,Förnamn,Bitwarden,sv-bitwarden-mobile-full-review-20260919,FirstName,,project-context,6dcea55cdf9b20da4001f978,reviewed-receipt,https://github.com/yeager/translations/blob/67e6d27877c9cfd6b6dbc74bd852b10bdbe09c3c/Bitwarden/sv-bitwarden-mobile-full-review-20260919.json,4e3887d6b78b4b084fa488b7680906187a4c12a0328977d8af4e98e7b1b94781,{}
383fca85f711f6a1f1fcf984,Add login,Lägg till inloggning,Bitwarden,sv-bitwarden-mobile-full-review-20260919,add_login,,project-context,1dbb2d8b2db90abbcecc7111,reviewed-receipt,https://github.com/yeager/translations/blob/67e6d27877c9cfd6b6dbc74bd852b10bdbe09c3c/Bitwarden/sv-bitwarden-mobile-full-review-20260919.json,4e3887d6b78b4b084fa488b7680906187a4c12a0328977d8af4e98e7b1b94781,{}
385fc56ec2052ae9a379a069,Remove passkey,Ta bort inloggningsnyckel,Bitwarden,sv-bitwarden-mobile-full-review-20260919,remove_passkey,,project-context,ef45c19d44e504da12a4dd18,reviewed-receipt,https://github.com/yeager/translations/blob/67e6d27877c9cfd6b6dbc74bd852b10bdbe09c3c/Bitwarden/sv-bitwarden-mobile-full-review-20260919.json,4e3887d6b78b4b084fa488b7680906187a4c12a0328977d8af4e98e7b1b94781,{}
389cb9debc04841239e53bcb,Session timeout action,Åtgärd när tidsgränsen uppnås,Bitwarden,sv-bitwarden-mobile-full-review-20260919,session_timeout_action,,project-context,47ab63e952b0ce63eca48b35,reviewed-receipt,https://github.com/yeager/translations/blob/67e6d27877c9cfd6b6dbc74bd852b10bdbe09c3c/Bitwarden/sv-bitwarden-mobile-full-review-20260919.json,4e3887d6b78b4b084fa488b7680906187a4c12a0328977d8af4e98e7b1b94781,{}
38b84b8113bd0240d53a1727,5. Select “Bitwarden”,5. Välj “Bitwarden”,Bitwarden,sv-bitwarden-mobile-full-review-20260919,AutofillTurnOn5,,project-context,d206252eed1b5977c283d416,reviewed-receipt,https://github.com/yeager/translations/blob/67e6d27877c9cfd6b6dbc74bd852b10bdbe09c3c/Bitwarden/sv-bitwarden-mobile-full-review-20260919.json,4e3887d6b78b4b084fa488b7680906187a4c12a0328977d8af4e98e7b1b94781,{}
38c7557c29471e1159dfd469,Unarchive,Avarkivera,Bitwarden,sv-bitwarden-mobile-full-review-20260919,Unarchive,,project-context,35047f91af08d78d4a1545cc,reviewed-receipt,https://github.com/yeager/translations/blob/67e6d27877c9cfd6b6dbc74bd852b10bdbe09c3c/Bitwarden/sv-bitwarden-mobile-full-review-20260919.json,4e3887d6b78b4b084fa488b7680906187a4c12a0328977d8af4e98e7b1b94781,{}
38cf6545d73123e1b7261bb0,Exporting failed,Exporteringen misslyckades,Bitwarden,sv-bitwarden-mobile-full-review-20260919,ExportingFailed,,project-context,b20149422065011ee8de76c2,reviewed-receipt,https://github.com/yeager/translations/blob/67e6d27877c9cfd6b6dbc74bd852b10bdbe09c3c/Bitwarden/sv-bitwarden-mobile-full-review-20260919.json,4e3887d6b78b4b084fa488b7680906187a4c12a0328977d8af4e98e7b1b94781,{}
38df6a11ee6280d3b6427848,Continue to privacy policy?,Fortsätt till Integritetspolicy?,Bitwarden,sv-bitwarden-mobile-full-review-20260919,continue_to_privacy_policy,,project-context,c8c807ad2f272ca610aca676,reviewed-receipt,https://github.com/yeager/translations/blob/67e6d27877c9cfd6b6dbc74bd852b10bdbe09c3c/Bitwarden/sv-bitwarden-mobile-full-review-20260919.json,4e3887d6b78b4b084fa488b7680906187a4c12a0328977d8af4e98e7b1b94781,{}
3905bd773042cd0d5e01ebba,Default URI match detection,Standardmatchning för URI,Bitwarden,sv-bitwarden-mobile-full-review-20260919,DefaultUriMatchDetection,,project-context,ba6ce4d0415052c3ad807af4,reviewed-receipt,https://github.com/yeager/translations/blob/67e6d27877c9cfd6b6dbc74bd852b10bdbe09c3c/Bitwarden/sv-bitwarden-mobile-full-review-20260919.json,4e3887d6b78b4b084fa488b7680906187a4c12a0328977d8af4e98e7b1b94781,{}
3918262886c0665d3e56fa95,License class,Licensklass,Bitwarden,sv-bitwarden-mobile-full-review-20260919,license_class,,project-context,c97681c20f345f12e1bf0812,reviewed-receipt,https://github.com/yeager/translations/blob/67e6d27877c9cfd6b6dbc74bd852b10bdbe09c3c/Bitwarden/sv-bitwarden-mobile-full-review-20260919.json,4e3887d6b78b4b084fa488b7680906187a4c12a0328977d8af4e98e7b1b94781,{}
39462a18968a8f59fc83bf39,Autofill,Autofyll,Bitwarden,sv-bitwarden-mobile-full-review-20260919,Autofill,,project-context,6f22d9f9cde57d62fd2e680e,reviewed-receipt,https://github.com/yeager/translations/blob/67e6d27877c9cfd6b6dbc74bd852b10bdbe09c3c/Bitwarden/sv-bitwarden-mobile-full-review-20260919.json,4e3887d6b78b4b084fa488b7680906187a4c12a0328977d8af4e98e7b1b94781,{}
3946b4735ba744529ef79478,Remove passkey,Ta bort nyckeln,Bitwarden,sv-bitwarden-mobile-full-review-20260919,RemovePasskey,,project-context,9f125a2e47dec104a2739fae,reviewed-receipt,https://github.com/yeager/translations/blob/67e6d27877c9cfd6b6dbc74bd852b10bdbe09c3c/Bitwarden/sv-bitwarden-mobile-full-review-20260919.json,4e3887d6b78b4b084fa488b7680906187a4c12a0328977d8af4e98e7b1b94781,{}
394eea7acc22bd0c464e1300,Copy TOTP automatically,Kopiera TOTP automatiskt,Bitwarden,sv-bitwarden-mobile-full-review-20260919,copy_totp_automatically,,project-context,f857731b32b52f9eab43a338,reviewed-receipt,https://github.com/yeager/translations/blob/67e6d27877c9cfd6b6dbc74bd852b10bdbe09c3c/Bitwarden/sv-bitwarden-mobile-full-review-20260919.json,4e3887d6b78b4b084fa488b7680906187a4c12a0328977d8af4e98e7b1b94781,{}
395124ee3eeb0679ac809bea,Saving…,Sparar…,Bitwarden,sv-bitwarden-mobile-full-review-20260919,Saving,,project-context,a57ed152090342193264f6c2,reviewed-receipt,https://github.com/yeager/translations/blob/67e6d27877c9cfd6b6dbc74bd852b10bdbe09c3c/Bitwarden/sv-bitwarden-mobile-full-review-20260919.json,4e3887d6b78b4b084fa488b7680906187a4c12a0328977d8af4e98e7b1b94781,{}
395f63d60c4467ad8de24a87,Secure note saved,Säker anteckning sparad,Bitwarden,sv-bitwarden-mobile-full-review-20260919,secure_note_saved,,project-context,7dc8b753f0b2d7ec37c5b824,reviewed-receipt,https://github.com/yeager/translations/blob/67e6d27877c9cfd6b6dbc74bd852b10bdbe09c3c/Bitwarden/sv-bitwarden-mobile-full-review-20260919.json,4e3887d6b78b4b084fa488b7680906187a4c12a0328977d8af4e98e7b1b94781,{}
3961cda6c010bfe5a6cdee93,About,Om,Bitwarden,sv-bitwarden-mobile-full-review-20260919,about,,project-context,b61810ba6d29940c9aa3536f,reviewed-receipt,https://github.com/yeager/translations/blob/67e6d27877c9cfd6b6dbc74bd852b10bdbe09c3c/Bitwarden/sv-bitwarden-mobile-full-review-20260919.json,4e3887d6b78b4b084fa488b7680906187a4c12a0328977d8af4e98e7b1b94781,{}
3992f3ad803f21210b9d0030,Opening checkout…,Öppnar utcheckning…,Bitwarden,sv-bitwarden-mobile-full-review-20260919,OpeningCheckout,,project-context,07cafcdba409dab9804f484f,reviewed-receipt,https://github.com/yeager/translations/blob/67e6d27877c9cfd6b6dbc74bd852b10bdbe09c3c/Bitwarden/sv-bitwarden-mobile-full-review-20260919.json,4e3887d6b78b4b084fa488b7680906187a4c12a0328977d8af4e98e7b1b94781,{}
39b0dc772034c66458757c91,Hide my email address from recipients,Dölj min e-postadress för mottagare,Bitwarden,sv-bitwarden-mobile-full-review-20260919,hide_email,,project-context,0b90b15ce3dfd7dcb1a30394,reviewed-receipt,https://github.com/yeager/translations/blob/67e6d27877c9cfd6b6dbc74bd852b10bdbe09c3c/Bitwarden/sv-bitwarden-mobile-full-review-20260919.json,4e3887d6b78b4b084fa488b7680906187a4c12a0328977d8af4e98e7b1b94781,{}
39d62ea08759c927a4effec5,Add SSH key,Lägg till SSH-nyckel,Bitwarden,sv-bitwarden-mobile-full-review-20260919,AddSSHKey,,project-context,41e7f24ac09703279ce12f32,reviewed-receipt,https://github.com/yeager/translations/blob/67e6d27877c9cfd6b6dbc74bd852b10bdbe09c3c/Bitwarden/sv-bitwarden-mobile-full-review-20260919.json,4e3887d6b78b4b084fa488b7680906187a4c12a0328977d8af4e98e7b1b94781,{}
3a097cb59dc6c17f8cbe24ca,Add folder,Lägg till mapp,Bitwarden,sv-bitwarden-mobile-full-review-20260919,add_folder,,project-context,cf9234718a3e03ec88ca22ec,reviewed-receipt,https://github.com/yeager/translations/blob/67e6d27877c9cfd6b6dbc74bd852b10bdbe09c3c/Bitwarden/sv-bitwarden-mobile-full-review-20260919.json,4e3887d6b78b4b084fa488b7680906187a4c12a0328977d8af4e98e7b1b94781,{}
3a1513d98c4c97fa5eb38f68,Passkey removed,Inloggningsnyckel borttagen,Bitwarden,sv-bitwarden-mobile-full-review-20260919,passkey_removed,,project-context,0ebf6c3d2807ae3c44d0027c,reviewed-receipt,https://github.com/yeager/translations/blob/67e6d27877c9cfd6b6dbc74bd852b10bdbe09c3c/Bitwarden/sv-bitwarden-mobile-full-review-20260919.json,4e3887d6b78b4b084fa488b7680906187a4c12a0328977d8af4e98e7b1b94781,{}
3a359306768b177a69b16f09,Enable flight recorder,Aktivera färdskrivare,Bitwarden,sv-bitwarden-mobile-full-review-20260919,EnableFlightRecorder,,project-context,940258920cddc929f14a5322,reviewed-receipt,https://github.com/yeager/translations/blob/67e6d27877c9cfd6b6dbc74bd852b10bdbe09c3c/Bitwarden/sv-bitwarden-mobile-full-review-20260919.json,4e3887d6b78b4b084fa488b7680906187a4c12a0328977d8af4e98e7b1b94781,{}
3a54a58155df240eaabbbcba,Forwarded email alias,Vidarebefordrat e-postalias,Bitwarden,sv-bitwarden-mobile-full-review-20260919,forwarded_email_alias,,project-context,369f9bb281190ce0367d17d8,reviewed-receipt,https://github.com/yeager/translations/blob/67e6d27877c9cfd6b6dbc74bd852b10bdbe09c3c/Bitwarden/sv-bitwarden-mobile-full-review-20260919.json,4e3887d6b78b4b084fa488b7680906187a4c12a0328977d8af4e98e7b1b94781,{}
3a65b53fdbd5759b7adc97d9,Trusted by Google,Betrodd av Google,Bitwarden,sv-bitwarden-mobile-full-review-20260919,trusted_by_google,,project-context,dbdc77fe89460cbb4297dff7,reviewed-receipt,https://github.com/yeager/translations/blob/67e6d27877c9cfd6b6dbc74bd852b10bdbe09c3c/Bitwarden/sv-bitwarden-mobile-full-review-20260919.json,4e3887d6b78b4b084fa488b7680906187a4c12a0328977d8af4e98e7b1b94781,{}
3a8fddb1e2eedd55bf990d9c,Expires tomorrow,Går ut imorgon,Bitwarden,sv-bitwarden-mobile-full-review-20260919,ExpiresTomorrow,,project-context,bbab7a839923a241ba5e63d4,reviewed-receipt,https://github.com/yeager/translations/blob/67e6d27877c9cfd6b6dbc74bd852b10bdbe09c3c/Bitwarden/sv-bitwarden-mobile-full-review-20260919.json,4e3887d6b78b4b084fa488b7680906187a4c12a0328977d8af4e98e7b1b94781,{}
3aea5298b874d90a190926b2,Flight recorder,Färdskrivare,Bitwarden,sv-bitwarden-mobile-full-review-20260919,FlightRecorder,,project-context,e06a2d45d53370dcfe2ad175,reviewed-receipt,https://github.com/yeager/translations/blob/67e6d27877c9cfd6b6dbc74bd852b10bdbe09c3c/Bitwarden/sv-bitwarden-mobile-full-review-20260919.json,4e3887d6b78b4b084fa488b7680906187a4c12a0328977d8af4e98e7b1b94781,{}
3af73ce3578cf770a42c2531,API key (required),API-nyckel (krävs),Bitwarden,sv-bitwarden-mobile-full-review-20260919,APIKeyRequiredParenthesis,,project-context,60ee02d0fd2065db41daa543,reviewed-receipt,https://github.com/yeager/translations/blob/67e6d27877c9cfd6b6dbc74bd852b10bdbe09c3c/Bitwarden/sv-bitwarden-mobile-full-review-20260919.json,4e3887d6b78b4b084fa488b7680906187a4c12a0328977d8af4e98e7b1b94781,{}
3b529bea3df032db5a83aba7,Launch browser,Starta webbläsare,Bitwarden,sv-bitwarden-mobile-full-review-20260919,launch_browser,,project-context,f2b3c5f3103edc0c2c5c8fcb,reviewed-receipt,https://github.com/yeager/translations/blob/67e6d27877c9cfd6b6dbc74bd852b10bdbe09c3c/Bitwarden/sv-bitwarden-mobile-full-review-20260919.json,4e3887d6b78b4b084fa488b7680906187a4c12a0328977d8af4e98e7b1b94781,{}
3b86ebec755fa73bfee9d1ff,Theme,Tema,Bitwarden,sv-bitwarden-mobile-full-review-20260919,Theme,,project-context,f768854f498a31905f0a18af,reviewed-receipt,https://github.com/yeager/translations/blob/67e6d27877c9cfd6b6dbc74bd852b10bdbe09c3c/Bitwarden/sv-bitwarden-mobile-full-review-20260919.json,4e3887d6b78b4b084fa488b7680906187a4c12a0328977d8af4e98e7b1b94781,{}
3b979378980a5c5a03ae4a52,Clear clipboard,Rensa urklipp,Bitwarden,sv-bitwarden-mobile-full-review-20260919,ClearClipboard,,project-context,1de281f766369ace7b54582c,reviewed-receipt,https://github.com/yeager/translations/blob/67e6d27877c9cfd6b6dbc74bd852b10bdbe09c3c/Bitwarden/sv-bitwarden-mobile-full-review-20260919.json,4e3887d6b78b4b084fa488b7680906187a4c12a0328977d8af4e98e7b1b94781,{}
3b9f0145060932b672a8b5c3,Combine those words together,Kombinera dessa ord tillsammans,Bitwarden,sv-bitwarden-mobile-full-review-20260919,CombineThoseWordsTogether,,project-context,2c03494f76477db706b03f65,reviewed-receipt,https://github.com/yeager/translations/blob/67e6d27877c9cfd6b6dbc74bd852b10bdbe09c3c/Bitwarden/sv-bitwarden-mobile-full-review-20260919.json,4e3887d6b78b4b084fa488b7680906187a4c12a0328977d8af4e98e7b1b94781,{}
3bd9ad21af541be6542bd826,Submit,Skicka,Bitwarden,sv-bitwarden-mobile-full-review-20260919,Submit,,project-context,45bda56862bfcf95ead98a11,reviewed-receipt,https://github.com/yeager/translations/blob/67e6d27877c9cfd6b6dbc74bd852b10bdbe09c3c/Bitwarden/sv-bitwarden-mobile-full-review-20260919.json,4e3887d6b78b4b084fa488b7680906187a4c12a0328977d8af4e98e7b1b94781,{}
3c140cc51e4e8c00d42d491b,Continue to complete WebAuthn verification.,Fortsätt för att slutföra WebAuthn verifieringen.,Bitwarden,sv-bitwarden-mobile-full-review-20260919,ContinueToCompleteWebAuthnVerification,,project-context,6272c3e21433ad8f7b3bf50f,reviewed-receipt,https://github.com/yeager/translations/blob/67e6d27877c9cfd6b6dbc74bd852b10bdbe09c3c/Bitwarden/sv-bitwarden-mobile-full-review-20260919.json,4e3887d6b78b4b084fa488b7680906187a4c12a0328977d8af4e98e7b1b94781,{}
3c2ea81ec1782ebe70c89ca6,Bank contact phone,Bankens kontakttelefon,Bitwarden,sv-bitwarden-mobile-full-review-20260919,bank_contact_phone,,project-context,181bbf7c49b201ea56bef211,reviewed-receipt,https://github.com/yeager/translations/blob/67e6d27877c9cfd6b6dbc74bd852b10bdbe09c3c/Bitwarden/sv-bitwarden-mobile-full-review-20260919.json,4e3887d6b78b4b084fa488b7680906187a4c12a0328977d8af4e98e7b1b94781,{}
3c5308fcc7605c0e76c6a8d5,Autofill and save,Fyll i automatiskt och spara,Bitwarden,sv-bitwarden-mobile-full-review-20260919,autofill_and_save,,project-context,648354c9a703a179d7d0737c,reviewed-receipt,https://github.com/yeager/translations/blob/67e6d27877c9cfd6b6dbc74bd852b10bdbe09c3c/Bitwarden/sv-bitwarden-mobile-full-review-20260919.json,4e3887d6b78b4b084fa488b7680906187a4c12a0328977d8af4e98e7b1b94781,{}
3c58a6f985d810a25e1b23dc,Number,Nummer,Bitwarden,sv-bitwarden-mobile-full-review-20260919,Number,,project-context,a6e2bff5620d535c818be1d5,reviewed-receipt,https://github.com/yeager/translations/blob/67e6d27877c9cfd6b6dbc74bd852b10bdbe09c3c/Bitwarden/sv-bitwarden-mobile-full-review-20260919.json,4e3887d6b78b4b084fa488b7680906187a4c12a0328977d8af4e98e7b1b94781,{}
3c6b2fb0a511ea4c7ef8a207,Resend code,Skicka koden igen,Bitwarden,sv-bitwarden-mobile-full-review-20260919,resend_code,,project-context,b935aa46414a9feea152ee17,reviewed-receipt,https://github.com/yeager/translations/blob/67e6d27877c9cfd6b6dbc74bd852b10bdbe09c3c/Bitwarden/sv-bitwarden-mobile-full-review-20260919.json,4e3887d6b78b4b084fa488b7680906187a4c12a0328977d8af4e98e7b1b94781,{}
3c775b47080744d0512c545b,Delete all,Radera alla,Bitwarden,sv-bitwarden-mobile-full-review-20260919,DeleteAll,,project-context,b61d183a97afe27092062fd8,reviewed-receipt,https://github.com/yeager/translations/blob/67e6d27877c9cfd6b6dbc74bd852b10bdbe09c3c/Bitwarden/sv-bitwarden-mobile-full-review-20260919.json,4e3887d6b78b4b084fa488b7680906187a4c12a0328977d8af4e98e7b1b94781,{}
3c79d426ac0fb3e71eeae3b7,Address 1,Adress 1,Bitwarden,sv-bitwarden-mobile-full-review-20260919,Address1,,project-context,f8152bdad69e3a86d2a394a4,reviewed-receipt,https://github.com/yeager/translations/blob/67e6d27877c9cfd6b6dbc74bd852b10bdbe09c3c/Bitwarden/sv-bitwarden-mobile-full-review-20260919.json,4e3887d6b78b4b084fa488b7680906187a4c12a0328977d8af4e98e7b1b94781,{}
3ca65e483a9ae3d465d56a32,Confirm,Bekräfta,Bitwarden,sv-bitwarden-mobile-full-review-20260919,confirm,,project-context,31fad25de38fc12e220037c8,reviewed-receipt,https://github.com/yeager/translations/blob/67e6d27877c9cfd6b6dbc74bd852b10bdbe09c3c/Bitwarden/sv-bitwarden-mobile-full-review-20260919.json,4e3887d6b78b4b084fa488b7680906187a4c12a0328977d8af4e98e7b1b94781,{}
3ccde166cb27c7f604b7fb5e,Restore,Återställ,Bitwarden,sv-bitwarden-mobile-full-review-20260919,restore,,project-context,8a64da26fb94b551f39c219d,reviewed-receipt,https://github.com/yeager/translations/blob/67e6d27877c9cfd6b6dbc74bd852b10bdbe09c3c/Bitwarden/sv-bitwarden-mobile-full-review-20260919.json,4e3887d6b78b4b084fa488b7680906187a4c12a0328977d8af4e98e7b1b94781,{}
3cdbad23213f74b74397609b,Catch-all email,E-post med catch-all,Bitwarden,sv-bitwarden-mobile-full-review-20260919,catch_all_email,,project-context,0e38c86c5b75446b98c63bab,reviewed-receipt,https://github.com/yeager/translations/blob/67e6d27877c9cfd6b6dbc74bd852b10bdbe09c3c/Bitwarden/sv-bitwarden-mobile-full-review-20260919.json,4e3887d6b78b4b084fa488b7680906187a4c12a0328977d8af4e98e7b1b94781,{}
3cf70fc9e586f6873fc31b6b,Account creation restricted,Kontoskapande begränsat,Bitwarden,sv-bitwarden-mobile-full-review-20260919,account_creation_restricted,,project-context,c97ccf3c9180b2f68dbd9f5e,reviewed-receipt,https://github.com/yeager/translations/blob/67e6d27877c9cfd6b6dbc74bd852b10bdbe09c3c/Bitwarden/sv-bitwarden-mobile-full-review-20260919.json,4e3887d6b78b4b084fa488b7680906187a4c12a0328977d8af4e98e7b1b94781,{}
3cfbd26b2e43c15bd91fa4b2,Need some inspiration?,Behöver du lite inspiration?,Bitwarden,sv-bitwarden-mobile-full-review-20260919,NeedSomeInspiration?,,project-context,e6f57d8854789280e1dcf8b9,reviewed-receipt,https://github.com/yeager/translations/blob/67e6d27877c9cfd6b6dbc74bd852b10bdbe09c3c/Bitwarden/sv-bitwarden-mobile-full-review-20260919.json,4e3887d6b78b4b084fa488b7680906187a4c12a0328977d8af4e98e7b1b94781,{}
3d2ca51bcca6f93d620ded66,This is taking longer than expected,Detta tar längre tid än väntat,Bitwarden,sv-bitwarden-mobile-full-review-20260919,ThisIsTakingLongerThanExpected,,project-context,fddb5cede2886e918e8df64d,reviewed-receipt,https://github.com/yeager/translations/blob/67e6d27877c9cfd6b6dbc74bd852b10bdbe09c3c/Bitwarden/sv-bitwarden-mobile-full-review-20260919.json,4e3887d6b78b4b084fa488b7680906187a4c12a0328977d8af4e98e7b1b94781,{}
3d363f9fd4abb3321d489556,Licenses,Licenser,Bitwarden,sv-bitwarden-mobile-full-review-20260919,Licenses,,project-context,76cd16f63567e31614a03b69,reviewed-receipt,https://github.com/yeager/translations/blob/67e6d27877c9cfd6b6dbc74bd852b10bdbe09c3c/Bitwarden/sv-bitwarden-mobile-full-review-20260919.json,4e3887d6b78b4b084fa488b7680906187a4c12a0328977d8af4e98e7b1b94781,{}
3d59c335d3dc9156511d9d5f,Add bank account,Lägg till bankkonto,Bitwarden,sv-bitwarden-mobile-full-review-20260919,add_bank_account,,project-context,a541e46586346f035ef9c162,reviewed-receipt,https://github.com/yeager/translations/blob/67e6d27877c9cfd6b6dbc74bd852b10bdbe09c3c/Bitwarden/sv-bitwarden-mobile-full-review-20260919.json,4e3887d6b78b4b084fa488b7680906187a4c12a0328977d8af4e98e7b1b94781,{}
3d5ea0c167f3c7686f17c7a4,Login denied,Inloggning nekad,Bitwarden,sv-bitwarden-mobile-full-review-20260919,LogInDenied,,project-context,fcd69ec53c1fafb645f5b5c4,reviewed-receipt,https://github.com/yeager/translations/blob/67e6d27877c9cfd6b6dbc74bd852b10bdbe09c3c/Bitwarden/sv-bitwarden-mobile-full-review-20260919.json,4e3887d6b78b4b084fa488b7680906187a4c12a0328977d8af4e98e7b1b94781,{}
3d61dd4f686337e74cf6bf3b,Autofill passwords,Autofyll lösenord,Bitwarden,sv-bitwarden-mobile-full-review-20260919,AutofillPasswords,,project-context,24415d06de3eab48a1c957d6,reviewed-receipt,https://github.com/yeager/translations/blob/67e6d27877c9cfd6b6dbc74bd852b10bdbe09c3c/Bitwarden/sv-bitwarden-mobile-full-review-20260919.json,4e3887d6b78b4b084fa488b7680906187a4c12a0328977d8af4e98e7b1b94781,{}
3d76bed6dd8ee1a39bdd0d2a,5 minutes,5 minuter,Bitwarden,sv-bitwarden-mobile-full-review-20260919,five_minutes,,project-context,4ed4f720b21a86ce5ee289d3,reviewed-receipt,https://github.com/yeager/translations/blob/67e6d27877c9cfd6b6dbc74bd852b10bdbe09c3c/Bitwarden/sv-bitwarden-mobile-full-review-20260919.json,4e3887d6b78b4b084fa488b7680906187a4c12a0328977d8af4e98e7b1b94781,{}
3d87474890d7632ff643ea16,Save passkey as new login,Spara inloggningsnyckel som ny inloggning,Bitwarden,sv-bitwarden-mobile-full-review-20260919,save_passkey_as_new_login,,project-context,b2d8c2d47eaaea0e454a3f4f,reviewed-receipt,https://github.com/yeager/translations/blob/67e6d27877c9cfd6b6dbc74bd852b10bdbe09c3c/Bitwarden/sv-bitwarden-mobile-full-review-20260919.json,4e3887d6b78b4b084fa488b7680906187a4c12a0328977d8af4e98e7b1b94781,{}
3d924fd9bef1d688778a9f95,Card,Kort,Bitwarden,sv-bitwarden-mobile-full-review-20260919,TypeCard,,project-context,51459d15519dfd2a55fe89ee,reviewed-receipt,https://github.com/yeager/translations/blob/67e6d27877c9cfd6b6dbc74bd852b10bdbe09c3c/Bitwarden/sv-bitwarden-mobile-full-review-20260919.json,4e3887d6b78b4b084fa488b7680906187a4c12a0328977d8af4e98e7b1b94781,{}
3d95fc41bcbc5bde65576a78,Logins,Inloggningar,Bitwarden,sv-bitwarden-mobile-full-review-20260919,logins,,project-context,6bda69a75332dd51075f3bef,reviewed-receipt,https://github.com/yeager/translations/blob/67e6d27877c9cfd6b6dbc74bd852b10bdbe09c3c/Bitwarden/sv-bitwarden-mobile-full-review-20260919.json,4e3887d6b78b4b084fa488b7680906187a4c12a0328977d8af4e98e7b1b94781,{}
3daf40d8318caef40b82d998,All logs deleted,Alla loggar raderade,Bitwarden,sv-bitwarden-mobile-full-review-20260919,AllLogsDeleted,,project-context,51def9c9c7e1bc18f7c1e1b4,reviewed-receipt,https://github.com/yeager/translations/blob/67e6d27877c9cfd6b6dbc74bd852b10bdbe09c3c/Bitwarden/sv-bitwarden-mobile-full-review-20260919.json,4e3887d6b78b4b084fa488b7680906187a4c12a0328977d8af4e98e7b1b94781,{}
3db81240ecc44e53b9f1e5ec,Account already added,Kontot har redan lagts till,Bitwarden,sv-bitwarden-mobile-full-review-20260919,AccountAlreadyAdded,,project-context,93f6c708481980d663b421ed,reviewed-receipt,https://github.com/yeager/translations/blob/67e6d27877c9cfd6b6dbc74bd852b10bdbe09c3c/Bitwarden/sv-bitwarden-mobile-full-review-20260919.json,4e3887d6b78b4b084fa488b7680906187a4c12a0328977d8af4e98e7b1b94781,{}
3dff8cca7a82a461c2f3a042,Verification codes imported,Verifieringskoder importerade,Bitwarden,sv-bitwarden-mobile-full-review-20260919,ItemsImported,,project-context,c2a6a508fb688a8da7607f2d,reviewed-receipt,https://github.com/yeager/translations/blob/67e6d27877c9cfd6b6dbc74bd852b10bdbe09c3c/Bitwarden/sv-bitwarden-mobile-full-review-20260919.json,4e3887d6b78b4b084fa488b7680906187a4c12a0328977d8af4e98e7b1b94781,{}
3e1d97bb5785d3e08b1e5deb,Deleting…,Raderar…,Bitwarden,sv-bitwarden-mobile-full-review-20260919,deleting,,project-context,db775ce5db5fe94dbcdaff8f,reviewed-receipt,https://github.com/yeager/translations/blob/67e6d27877c9cfd6b6dbc74bd852b10bdbe09c3c/Bitwarden/sv-bitwarden-mobile-full-review-20260919.json,4e3887d6b78b4b084fa488b7680906187a4c12a0328977d8af4e98e7b1b94781,{}
3e1e4601e139e2b3d849b2f3,Deny login,Neka inloggning,Bitwarden,sv-bitwarden-mobile-full-review-20260919,deny_log_in,,project-context,6351267303846c4a19ecbf4e,reviewed-receipt,https://github.com/yeager/translations/blob/67e6d27877c9cfd6b6dbc74bd852b10bdbe09c3c/Bitwarden/sv-bitwarden-mobile-full-review-20260919.json,4e3887d6b78b4b084fa488b7680906187a4c12a0328977d8af4e98e7b1b94781,{}
3e42f28e83b9274bdc62c446,Log in to Bitwarden,Logga in på Bitwarden,Bitwarden,sv-bitwarden-mobile-full-review-20260919,LogInToBitwarden,,project-context,fa36a132dbd074091963a9c5,reviewed-receipt,https://github.com/yeager/translations/blob/67e6d27877c9cfd6b6dbc74bd852b10bdbe09c3c/Bitwarden/sv-bitwarden-mobile-full-review-20260919.json,4e3887d6b78b4b084fa488b7680906187a4c12a0328977d8af4e98e7b1b94781,{}
3e555b7ac1f72956407ca850,Maximum access count,Maximalt antal åtkomster,Bitwarden,sv-bitwarden-mobile-full-review-20260919,MaximumAccessCount,,project-context,95de7314aee16f8e0d95277d,reviewed-receipt,https://github.com/yeager/translations/blob/67e6d27877c9cfd6b6dbc74bd852b10bdbe09c3c/Bitwarden/sv-bitwarden-mobile-full-review-20260919.json,4e3887d6b78b4b084fa488b7680906187a4c12a0328977d8af4e98e7b1b94781,{}
3e9b7b5538db75fc4a750c4c,OTP type,OTP-typ,Bitwarden,sv-bitwarden-mobile-full-review-20260919,otp_type,,project-context,2dd3085b41136b7fe793c56d,reviewed-receipt,https://github.com/yeager/translations/blob/67e6d27877c9cfd6b6dbc74bd852b10bdbe09c3c/Bitwarden/sv-bitwarden-mobile-full-review-20260919.json,4e3887d6b78b4b084fa488b7680906187a4c12a0328977d8af4e98e7b1b94781,{}
3ef8bcb488eff5f4bb3e129c,Self-host server URL,URL för server med egen värd,Bitwarden,sv-bitwarden-mobile-full-review-20260919,SelfHostServerURL,,project-context,0423df0f01ef40aceb9cf5e8,reviewed-receipt,https://github.com/yeager/translations/blob/67e6d27877c9cfd6b6dbc74bd852b10bdbe09c3c/Bitwarden/sv-bitwarden-mobile-full-review-20260919.json,4e3887d6b78b4b084fa488b7680906187a4c12a0328977d8af4e98e7b1b94781,{}
3efe399375804f1bf0424806,per month,per månad,Bitwarden,sv-bitwarden-mobile-full-review-20260919,PerMonthVoiceOver,,project-context,9cc52163b5dc14fb98feae25,reviewed-receipt,https://github.com/yeager/translations/blob/67e6d27877c9cfd6b6dbc74bd852b10bdbe09c3c/Bitwarden/sv-bitwarden-mobile-full-review-20260919.json,4e3887d6b78b4b084fa488b7680906187a4c12a0328977d8af4e98e7b1b94781,{}
3f0967f09d9d672d562521a6,API server URL,API-server-URL,Bitwarden,sv-bitwarden-mobile-full-review-20260919,api_url,,project-context,af0f416095c22b9ccde5ec24,reviewed-receipt,https://github.com/yeager/translations/blob/67e6d27877c9cfd6b6dbc74bd852b10bdbe09c3c/Bitwarden/sv-bitwarden-mobile-full-review-20260919.json,4e3887d6b78b4b084fa488b7680906187a4c12a0328977d8af4e98e7b1b94781,{}
3f812f208263c3c22ed88e53,Delete,Radera,Bitwarden,sv-bitwarden-mobile-full-review-20260919,delete,,project-context,2fe91039236f2a6472739d2b,reviewed-receipt,https://github.com/yeager/translations/blob/67e6d27877c9cfd6b6dbc74bd852b10bdbe09c3c/Bitwarden/sv-bitwarden-mobile-full-review-20260919.json,4e3887d6b78b4b084fa488b7680906187a4c12a0328977d8af4e98e7b1b94781,{}
3fbed3c46dba36f0d0b482db,About Send,Om Send,Bitwarden,sv-bitwarden-mobile-full-review-20260919,about_send,,project-context,412d777255012706158a695c,reviewed-receipt,https://github.com/yeager/translations/blob/67e6d27877c9cfd6b6dbc74bd852b10bdbe09c3c/Bitwarden/sv-bitwarden-mobile-full-review-20260919.json,4e3887d6b78b4b084fa488b7680906187a4c12a0328977d8af4e98e7b1b94781,{}
3fd983bab46bf9b0f342de68,Sending,Skickar,Bitwarden,sv-bitwarden-mobile-full-review-20260919,sending,,project-context,d18191be23ee7f5fe577aa38,reviewed-receipt,https://github.com/yeager/translations/blob/67e6d27877c9cfd6b6dbc74bd852b10bdbe09c3c/Bitwarden/sv-bitwarden-mobile-full-review-20260919.json,4e3887d6b78b4b084fa488b7680906187a4c12a0328977d8af4e98e7b1b94781,{}
3fed95d2f486268ce09a499f,Trusted by the Community,Betrodd av gemenskapen,Bitwarden,sv-bitwarden-mobile-full-review-20260919,trusted_by_the_community,,project-context,0f26a9e3355bc9e08f9ac321,reviewed-receipt,https://github.com/yeager/translations/blob/67e6d27877c9cfd6b6dbc74bd852b10bdbe09c3c/Bitwarden/sv-bitwarden-mobile-full-review-20260919.json,4e3887d6b78b4b084fa488b7680906187a4c12a0328977d8af4e98e7b1b94781,{}
3ff6fdc78bbfb5916d6a20cf,My folder,Min mapp,Bitwarden,sv-bitwarden-mobile-full-review-20260919,MyFolder,,project-context,3a38b745fed3e3f297327c31,reviewed-receipt,https://github.com/yeager/translations/blob/67e6d27877c9cfd6b6dbc74bd852b10bdbe09c3c/Bitwarden/sv-bitwarden-mobile-full-review-20260919.json,4e3887d6b78b4b084fa488b7680906187a4c12a0328977d8af4e98e7b1b94781,{}
402dad7b11ee6fef0c728e61,Match detection,Matchning,Bitwarden,sv-bitwarden-mobile-full-review-20260919,MatchDetection,,project-context,093ffc71e94a0f1239ae7bef,reviewed-receipt,https://github.com/yeager/translations/blob/67e6d27877c9cfd6b6dbc74bd852b10bdbe09c3c/Bitwarden/sv-bitwarden-mobile-full-review-20260919.json,4e3887d6b78b4b084fa488b7680906187a4c12a0328977d8af4e98e7b1b94781,{}
403fb706d910d212a05f29c1,Copy IBAN,Kopiera IBAN,Bitwarden,sv-bitwarden-mobile-full-review-20260919,copy_iban,,project-context,322705fe6896a2da84d1113b,reviewed-receipt,https://github.com/yeager/translations/blob/67e6d27877c9cfd6b6dbc74bd852b10bdbe09c3c/Bitwarden/sv-bitwarden-mobile-full-review-20260919.json,4e3887d6b78b4b084fa488b7680906187a4c12a0328977d8af4e98e7b1b94781,{}
405758c3b1958f20bb072bd8,Clear,Rensa,Bitwarden,sv-bitwarden-mobile-full-review-20260919,Clear,,project-context,32fd880f26a492d8b97ec437,reviewed-receipt,https://github.com/yeager/translations/blob/67e6d27877c9cfd6b6dbc74bd852b10bdbe09c3c/Bitwarden/sv-bitwarden-mobile-full-review-20260919.json,4e3887d6b78b4b084fa488b7680906187a4c12a0328977d8af4e98e7b1b94781,{}
40769fdf69702563f8f9092e,Show next code,Visa nästa kod,Bitwarden,sv-bitwarden-mobile-full-review-20260919,show_next_code,,project-context,cb4a94b948f3643044dd758c,reviewed-receipt,https://github.com/yeager/translations/blob/67e6d27877c9cfd6b6dbc74bd852b10bdbe09c3c/Bitwarden/sv-bitwarden-mobile-full-review-20260919.json,4e3887d6b78b4b084fa488b7680906187a4c12a0328977d8af4e98e7b1b94781,{}
40ffc6b59abf1db3a38317b9,Expiration date,Utgångsdatum,Bitwarden,sv-bitwarden-mobile-full-review-20260919,ExpirationDate,,project-context,6e048438fb1e5cebeeff9be6,reviewed-receipt,https://github.com/yeager/translations/blob/67e6d27877c9cfd6b6dbc74bd852b10bdbe09c3c/Bitwarden/sv-bitwarden-mobile-full-review-20260919.json,4e3887d6b78b4b084fa488b7680906187a4c12a0328977d8af4e98e7b1b94781,{}
411adee5d3e97f0874bd3cd8,Receive 24/7 priority support,Få 24/7 prioritetssupport,Bitwarden,sv-bitwarden-mobile-full-review-20260919,receive_24_7_priority_support,,project-context,2aa60923325fa1bb0eaf32ea,reviewed-receipt,https://github.com/yeager/translations/blob/67e6d27877c9cfd6b6dbc74bd852b10bdbe09c3c/Bitwarden/sv-bitwarden-mobile-full-review-20260919.json,4e3887d6b78b4b084fa488b7680906187a4c12a0328977d8af4e98e7b1b94781,{}
4160377355a2860b753f7ba8,Export vault,Exportera valv,Bitwarden,sv-bitwarden-mobile-full-review-20260919,export_vault,,project-context,15ca3c573c0a73b8d0c463ce,reviewed-receipt,https://github.com/yeager/translations/blob/67e6d27877c9cfd6b6dbc74bd852b10bdbe09c3c/Bitwarden/sv-bitwarden-mobile-full-review-20260919.json,4e3887d6b78b4b084fa488b7680906187a4c12a0328977d8af4e98e7b1b94781,{}
41894e1bb122dd82f49512ac,Ms,Fröken,Bitwarden,sv-bitwarden-mobile-full-review-20260919,Ms,,project-context,13bf1b7965716cd77f9efad2,reviewed-receipt,https://github.com/yeager/translations/blob/67e6d27877c9cfd6b6dbc74bd852b10bdbe09c3c/Bitwarden/sv-bitwarden-mobile-full-review-20260919.json,4e3887d6b78b4b084fa488b7680906187a4c12a0328977d8af4e98e7b1b94781,{}
41c6e7a97386b6c052138237,Item transfer,Överföring av objekt,Bitwarden,sv-bitwarden-mobile-full-review-20260919,ItemTransfer,,project-context,f2f4c302100f68afc639afc7,reviewed-receipt,https://github.com/yeager/translations/blob/67e6d27877c9cfd6b6dbc74bd852b10bdbe09c3c/Bitwarden/sv-bitwarden-mobile-full-review-20260919.json,4e3887d6b78b4b084fa488b7680906187a4c12a0328977d8af4e98e7b1b94781,{}
41d74f8705595f4bac281f12,Vault exported successfully,Valvet exporterades,Bitwarden,sv-bitwarden-mobile-full-review-20260919,export_vault_success,,project-context,c2ae18aa2767c3b2d131db84,reviewed-receipt,https://github.com/yeager/translations/blob/67e6d27877c9cfd6b6dbc74bd852b10bdbe09c3c/Bitwarden/sv-bitwarden-mobile-full-review-20260919.json,4e3887d6b78b4b084fa488b7680906187a4c12a0328977d8af4e98e7b1b94781,{}
41df7f2bceab137eab6cc505,Send,Skicka,Bitwarden,sv-bitwarden-mobile-full-review-20260919,send,,project-context,6e10e5b09827a249bd14a51c,reviewed-receipt,https://github.com/yeager/translations/blob/67e6d27877c9cfd6b6dbc74bd852b10bdbe09c3c/Bitwarden/sv-bitwarden-mobile-full-review-20260919.json,4e3887d6b78b4b084fa488b7680906187a4c12a0328977d8af4e98e7b1b94781,{}
41ff66093be8bed387a28fcd,Account setup,Kontoinställningar,Bitwarden,sv-bitwarden-mobile-full-review-20260919,account_setup,,project-context,79a009955e03d36af038f440,reviewed-receipt,https://github.com/yeager/translations/blob/67e6d27877c9cfd6b6dbc74bd852b10bdbe09c3c/Bitwarden/sv-bitwarden-mobile-full-review-20260919.json,4e3887d6b78b4b084fa488b7680906187a4c12a0328977d8af4e98e7b1b94781,{}
421cf116ff42c24c482df694,User verification,Användarverifiering,Bitwarden,sv-bitwarden-mobile-full-review-20260919,user_verification_direction,,project-context,4dc0d757ec0032f81d6192b5,reviewed-receipt,https://github.com/yeager/translations/blob/67e6d27877c9cfd6b6dbc74bd852b10bdbe09c3c/Bitwarden/sv-bitwarden-mobile-full-review-20260919.json,4e3887d6b78b4b084fa488b7680906187a4c12a0328977d8af4e98e7b1b94781,{}
423e77ba25295161f5e6acae,Download the browser extension,Hämta ner webbläsartillägget,Bitwarden,sv-bitwarden-mobile-full-review-20260919,DownloadTheBrowserExtension,,project-context,b1abd24a846642768fb4957f,reviewed-receipt,https://github.com/yeager/translations/blob/67e6d27877c9cfd6b6dbc74bd852b10bdbe09c3c/Bitwarden/sv-bitwarden-mobile-full-review-20260919.json,4e3887d6b78b4b084fa488b7680906187a4c12a0328977d8af4e98e7b1b94781,{}
424218761381904c7ec7b537,Sending to archive…,Skickar till arkivet…,Bitwarden,sv-bitwarden-mobile-full-review-20260919,SendingToArchive,,project-context,45340073967c6ae9cebcadb2,reviewed-receipt,https://github.com/yeager/translations/blob/67e6d27877c9cfd6b6dbc74bd852b10bdbe09c3c/Bitwarden/sv-bitwarden-mobile-full-review-20260919.json,4e3887d6b78b4b084fa488b7680906187a4c12a0328977d8af4e98e7b1b94781,{}
428e578153041e48d3570071,Number of digits,Antal siffror,Bitwarden,sv-bitwarden-mobile-full-review-20260919,number_of_digits,,project-context,b252c18fc76909c2d9378e3f,reviewed-receipt,https://github.com/yeager/translations/blob/67e6d27877c9cfd6b6dbc74bd852b10bdbe09c3c/Bitwarden/sv-bitwarden-mobile-full-review-20260919.json,4e3887d6b78b4b084fa488b7680906187a4c12a0328977d8af4e98e7b1b94781,{}
429bc4bd0fa1d6d83c54e882,Import logins,Importera inloggningar,Bitwarden,sv-bitwarden-mobile-full-review-20260919,ImportLogins,,project-context,b0774ae30ad33db063e386f9,reviewed-receipt,https://github.com/yeager/translations/blob/67e6d27877c9cfd6b6dbc74bd852b10bdbe09c3c/Bitwarden/sv-bitwarden-mobile-full-review-20260919.json,4e3887d6b78b4b084fa488b7680906187a4c12a0328977d8af4e98e7b1b94781,{}
42a0d130d29f18954df5dc5c,Account successfully created!,Ditt konto har skapats!,Bitwarden,sv-bitwarden-mobile-full-review-20260919,AccountSuccessfullyCreated,,project-context,cf45d0a698442ae294c60c95,reviewed-receipt,https://github.com/yeager/translations/blob/67e6d27877c9cfd6b6dbc74bd852b10bdbe09c3c/Bitwarden/sv-bitwarden-mobile-full-review-20260919.json,4e3887d6b78b4b084fa488b7680906187a4c12a0328977d8af4e98e7b1b94781,{}
42a400aa97195913be2e7ec1,Re-type new master password (required),Skriv in det nya huvudlösenordet (krävs),Bitwarden,sv-bitwarden-mobile-full-review-20260919,RetypeNewMasterPasswordRequired,,project-context,69a6fd667876c9d189fe028d,reviewed-receipt,https://github.com/yeager/translations/blob/67e6d27877c9cfd6b6dbc74bd852b10bdbe09c3c/Bitwarden/sv-bitwarden-mobile-full-review-20260919.json,4e3887d6b78b4b084fa488b7680906187a4c12a0328977d8af4e98e7b1b94781,{}
42b2d8f020de3e7fec61557b,Self-hosted,Lokalt installerad,Bitwarden,sv-bitwarden-mobile-full-review-20260919,self_hosted,,project-context,da8f346a93d806739ae5725e,reviewed-receipt,https://github.com/yeager/translations/blob/67e6d27877c9cfd6b6dbc74bd852b10bdbe09c3c/Bitwarden/sv-bitwarden-mobile-full-review-20260919.json,4e3887d6b78b4b084fa488b7680906187a4c12a0328977d8af4e98e7b1b94781,{}
42eafb5d3a02ee6b076c70a9,Use this username,Använd det här användarnamnet,Bitwarden,sv-bitwarden-mobile-full-review-20260919,UseThisUsername,,project-context,9ecaa43241405641243cea95,reviewed-receipt,https://github.com/yeager/translations/blob/67e6d27877c9cfd6b6dbc74bd852b10bdbe09c3c/Bitwarden/sv-bitwarden-mobile-full-review-20260919.json,4e3887d6b78b4b084fa488b7680906187a4c12a0328977d8af4e98e7b1b94781,{}
42ebda6c70a99c8f7186217a,Autofill,Autofyll,Bitwarden,sv-bitwarden-mobile-full-review-20260919,autofill_verb,,project-context,ce4428896fa1813a8dc9f4bd,reviewed-receipt,https://github.com/yeager/translations/blob/67e6d27877c9cfd6b6dbc74bd852b10bdbe09c3c/Bitwarden/sv-bitwarden-mobile-full-review-20260919.json,4e3887d6b78b4b084fa488b7680906187a4c12a0328977d8af4e98e7b1b94781,{}
42f21bf03f1a621e20b459d7,Decline and leave,Avböj och lämna,Bitwarden,sv-bitwarden-mobile-full-review-20260919,DeclineAndLeave,,project-context,bdcaab0d59290de1d2bba12a,reviewed-receipt,https://github.com/yeager/translations/blob/67e6d27877c9cfd6b6dbc74bd852b10bdbe09c3c/Bitwarden/sv-bitwarden-mobile-full-review-20260919.json,4e3887d6b78b4b084fa488b7680906187a4c12a0328977d8af4e98e7b1b94781,{}
4382434166957dec88330941,View card,Visa kort,Bitwarden,sv-bitwarden-mobile-full-review-20260919,ViewCard,,project-context,49b5965bef4d50cfe72d31e3,reviewed-receipt,https://github.com/yeager/translations/blob/67e6d27877c9cfd6b6dbc74bd852b10bdbe09c3c/Bitwarden/sv-bitwarden-mobile-full-review-20260919.json,4e3887d6b78b4b084fa488b7680906187a4c12a0328977d8af4e98e7b1b94781,{}
43b1febf7cc158cade60c275,Select,Välj,Bitwarden,sv-bitwarden-mobile-full-review-20260919,select,,project-context,c1c66d627df01a679248cc2c,reviewed-receipt,https://github.com/yeager/translations/blob/67e6d27877c9cfd6b6dbc74bd852b10bdbe09c3c/Bitwarden/sv-bitwarden-mobile-full-review-20260919.json,4e3887d6b78b4b084fa488b7680906187a4c12a0328977d8af4e98e7b1b94781,{}
43b660ea58088ebb33fe41e5,Run reports to find risky passwords,Kör rapporter för att hitta riskfyllda lösenord,Bitwarden,sv-bitwarden-mobile-full-review-20260919,RunReportsToFindRiskyPasswords,,project-context,f49ab4481930a3f61585ecb5,reviewed-receipt,https://github.com/yeager/translations/blob/67e6d27877c9cfd6b6dbc74bd852b10bdbe09c3c/Bitwarden/sv-bitwarden-mobile-full-review-20260919.json,4e3887d6b78b4b084fa488b7680906187a4c12a0328977d8af4e98e7b1b94781,{}
43f0921e8e862e1bcbcbe072,Card details,Begär kort,Bitwarden,sv-bitwarden-mobile-full-review-20260919,CardDetails,,project-context,6b5c1dadf647974d5ad67047,reviewed-receipt,https://github.com/yeager/translations/blob/67e6d27877c9cfd6b6dbc74bd852b10bdbe09c3c/Bitwarden/sv-bitwarden-mobile-full-review-20260919.json,4e3887d6b78b4b084fa488b7680906187a4c12a0328977d8af4e98e7b1b94781,{}
4452b68591ee61c0e67bd48b,Edit item,Redigera objekt,Bitwarden,sv-bitwarden-mobile-full-review-20260919,EditItem,,project-context,d334449602bb436b27c38e6d,reviewed-receipt,https://github.com/yeager/translations/blob/67e6d27877c9cfd6b6dbc74bd852b10bdbe09c3c/Bitwarden/sv-bitwarden-mobile-full-review-20260919.json,4e3887d6b78b4b084fa488b7680906187a4c12a0328977d8af4e98e7b1b94781,{}
448610b2db2bf28e754c7c94,Choose system certificate,Välj systemcertifikat,Bitwarden,sv-bitwarden-mobile-full-review-20260919,choose_system_certificate,,project-context,3eb3335d1f5d542302223a46,reviewed-receipt,https://github.com/yeager/translations/blob/67e6d27877c9cfd6b6dbc74bd852b10bdbe09c3c/Bitwarden/sv-bitwarden-mobile-full-review-20260919.json,4e3887d6b78b4b084fa488b7680906187a4c12a0328977d8af4e98e7b1b94781,{}
449ba6936d05ac1743ced196,Today,Idag,Bitwarden,sv-bitwarden-mobile-full-review-20260919,Today,,project-context,9b754389fcbe58124d0a2de3,reviewed-receipt,https://github.com/yeager/translations/blob/67e6d27877c9cfd6b6dbc74bd852b10bdbe09c3c/Bitwarden/sv-bitwarden-mobile-full-review-20260919.json,4e3887d6b78b4b084fa488b7680906187a4c12a0328977d8af4e98e7b1b94781,{}
44a458b6c079c23479f61c1e,Cards,Kort,Bitwarden,sv-bitwarden-mobile-full-review-20260919,cards,,project-context,57c45f0d226d9aff162c56f2,reviewed-receipt,https://github.com/yeager/translations/blob/67e6d27877c9cfd6b6dbc74bd852b10bdbe09c3c/Bitwarden/sv-bitwarden-mobile-full-review-20260919.json,4e3887d6b78b4b084fa488b7680906187a4c12a0328977d8af4e98e7b1b94781,{}
44a7d35a80230cef85f6d8f4,Expiration month,Utgångsmånad,Bitwarden,sv-bitwarden-mobile-full-review-20260919,ExpirationMonth,,project-context,1a5a677e4338eb9f08b4fea6,reviewed-receipt,https://github.com/yeager/translations/blob/67e6d27877c9cfd6b6dbc74bd852b10bdbe09c3c/Bitwarden/sv-bitwarden-mobile-full-review-20260919.json,4e3887d6b78b4b084fa488b7680906187a4c12a0328977d8af4e98e7b1b94781,{}
44afacd34a4b91e2aebacca2,No passwords to list.,Inga lösenord att lista.,Bitwarden,sv-bitwarden-mobile-full-review-20260919,NoPasswordsToList,,project-context,30582b241d10c0cd221abd59,reviewed-receipt,https://github.com/yeager/translations/blob/67e6d27877c9cfd6b6dbc74bd852b10bdbe09c3c/Bitwarden/sv-bitwarden-mobile-full-review-20260919.json,4e3887d6b78b4b084fa488b7680906187a4c12a0328977d8af4e98e7b1b94781,{}
44b81bf7ea2bc4380f4c03cf,Use this username,Använd det här användarnamnet,Bitwarden,sv-bitwarden-mobile-full-review-20260919,use_this_username,,project-context,6859170db00b2a158d0b3717,reviewed-receipt,https://github.com/yeager/translations/blob/67e6d27877c9cfd6b6dbc74bd852b10bdbe09c3c/Bitwarden/sv-bitwarden-mobile-full-review-20260919.json,4e3887d6b78b4b084fa488b7680906187a4c12a0328977d8af4e98e7b1b94781,{}
44f8e9686f8d498d2efa62f0,Copy fingerprint,Kopiera fingeravtryck,Bitwarden,sv-bitwarden-mobile-full-review-20260919,copy_fingerprint,,project-context,933517272fe0c55a5c3d790d,reviewed-receipt,https://github.com/yeager/translations/blob/67e6d27877c9cfd6b6dbc74bd852b10bdbe09c3c/Bitwarden/sv-bitwarden-mobile-full-review-20260919.json,4e3887d6b78b4b084fa488b7680906187a4c12a0328977d8af4e98e7b1b94781,{}
450501827f2f80d373030c95,Edit login,Redigera inloggning,Bitwarden,sv-bitwarden-mobile-full-review-20260919,edit_login,,project-context,639cd11ec3e533b145316784,reviewed-receipt,https://github.com/yeager/translations/blob/67e6d27877c9cfd6b6dbc74bd852b10bdbe09c3c/Bitwarden/sv-bitwarden-mobile-full-review-20260919.json,4e3887d6b78b4b084fa488b7680906187a4c12a0328977d8af4e98e7b1b94781,{}
45253ec6c88ff03d24816678,Turn on fill assist,Aktivera Fill Assist,Bitwarden,sv-bitwarden-mobile-full-review-20260919,TurnOnFillAssist,,project-context,03a8df2903296759be2f45bb,reviewed-receipt,https://github.com/yeager/translations/blob/67e6d27877c9cfd6b6dbc74bd852b10bdbe09c3c/Bitwarden/sv-bitwarden-mobile-full-review-20260919.json,4e3887d6b78b4b084fa488b7680906187a4c12a0328977d8af4e98e7b1b94781,{}
455ee8f0d067fce045971d6a,Invalid verification code,Ogiltig verifieringskod,Bitwarden,sv-bitwarden-mobile-full-review-20260919,invalid_verification_code,,project-context,b41555b49ea99054c09ca2d3,reviewed-receipt,https://github.com/yeager/translations/blob/67e6d27877c9cfd6b6dbc74bd852b10bdbe09c3c/Bitwarden/sv-bitwarden-mobile-full-review-20260919.json,4e3887d6b78b4b084fa488b7680906187a4c12a0328977d8af4e98e7b1b94781,{}
4565a49863ff05cb31b7e96c,Add account,Lägg till konto,Bitwarden,sv-bitwarden-mobile-full-review-20260919,AddAccount,,project-context,3cb5a298511b33e4ad7cabb1,reviewed-receipt,https://github.com/yeager/translations/blob/67e6d27877c9cfd6b6dbc74bd852b10bdbe09c3c/Bitwarden/sv-bitwarden-mobile-full-review-20260919.json,4e3887d6b78b4b084fa488b7680906187a4c12a0328977d8af4e98e7b1b94781,{}
457209a53346cd622af99bfd,Name is required.,Namn krävs.,Bitwarden,sv-bitwarden-mobile-full-review-20260919,name_is_required,,project-context,4b08400b81e46534de707246,reviewed-receipt,https://github.com/yeager/translations/blob/67e6d27877c9cfd6b6dbc74bd852b10bdbe09c3c/Bitwarden/sv-bitwarden-mobile-full-review-20260919.json,4e3887d6b78b4b084fa488b7680906187a4c12a0328977d8af4e98e7b1b94781,{}
45bd564f32091488135d059b,Copy license number,Kopiera licensnummer,Bitwarden,sv-bitwarden-mobile-full-review-20260919,copy_license_number,,project-context,57afe52b5118f7d2843d278d,reviewed-receipt,https://github.com/yeager/translations/blob/67e6d27877c9cfd6b6dbc74bd852b10bdbe09c3c/Bitwarden/sv-bitwarden-mobile-full-review-20260919.json,4e3887d6b78b4b084fa488b7680906187a4c12a0328977d8af4e98e7b1b94781,{}
45d99c945f1de6e93c9a30c4,Continue to Stripe?,Fortsätt till Stripe?,Bitwarden,sv-bitwarden-mobile-full-review-20260919,continue_to_stripe,,project-context,829c05da2ff67b44d65c8dac,reviewed-receipt,https://github.com/yeager/translations/blob/67e6d27877c9cfd6b6dbc74bd852b10bdbe09c3c/Bitwarden/sv-bitwarden-mobile-full-review-20260919.json,4e3887d6b78b4b084fa488b7680906187a4c12a0328977d8af4e98e7b1b94781,{}
45e82a173b86b6b96d8355a9,Loading subscription…,Laddar prenumeration…,Bitwarden,sv-bitwarden-mobile-full-review-20260919,loading_subscription,,project-context,7dcc0790a96d6e9b9b20c5fd,reviewed-receipt,https://github.com/yeager/translations/blob/67e6d27877c9cfd6b6dbc74bd852b10bdbe09c3c/Bitwarden/sv-bitwarden-mobile-full-review-20260919.json,4e3887d6b78b4b084fa488b7680906187a4c12a0328977d8af4e98e7b1b94781,{}
4616e20dfa252f71fc5a9de7,Remove password,Ta bort lösenord,Bitwarden,sv-bitwarden-mobile-full-review-20260919,RemovePassword,,project-context,087b1235ce208dd501580db0,reviewed-receipt,https://github.com/yeager/translations/blob/67e6d27877c9cfd6b6dbc74bd852b10bdbe09c3c/Bitwarden/sv-bitwarden-mobile-full-review-20260919.json,4e3887d6b78b4b084fa488b7680906187a4c12a0328977d8af4e98e7b1b94781,{}
463a46ff9c811ed1914136eb,Identity server URL,Identitetsserver-URL,Bitwarden,sv-bitwarden-mobile-full-review-20260919,IdentityUrl,,project-context,f601c5388055f6194a031671,reviewed-receipt,https://github.com/yeager/translations/blob/67e6d27877c9cfd6b6dbc74bd852b10bdbe09c3c/Bitwarden/sv-bitwarden-mobile-full-review-20260919.json,4e3887d6b78b4b084fa488b7680906187a4c12a0328977d8af4e98e7b1b94781,{}
463d7fa15b2e444157347338,Save to Bitwarden,Spara till Bitwarden,Bitwarden,sv-bitwarden-mobile-full-review-20260919,SaveToBitwarden,,project-context,5c78c1c8b1a0ada7ee7a1c20,reviewed-receipt,https://github.com/yeager/translations/blob/67e6d27877c9cfd6b6dbc74bd852b10bdbe09c3c/Bitwarden/sv-bitwarden-mobile-full-review-20260919.json,4e3887d6b78b4b084fa488b7680906187a4c12a0328977d8af4e98e7b1b94781,{}
4676472b8df2ba321c8fe0b3,Types,Typer,Bitwarden,sv-bitwarden-mobile-full-review-20260919,types,,project-context,30d40f5614d299bdde3e744a,reviewed-receipt,https://github.com/yeager/translations/blob/67e6d27877c9cfd6b6dbc74bd852b10bdbe09c3c/Bitwarden/sv-bitwarden-mobile-full-review-20260919.json,4e3887d6b78b4b084fa488b7680906187a4c12a0328977d8af4e98e7b1b94781,{}
46771dc93588ae773e82e633,Your Premium subscription ended,Ditt Premium-abonnemang avslutades,Bitwarden,sv-bitwarden-mobile-full-review-20260919,your_premium_subscription_ended,,project-context,83591e2cd854e1f7702eb338,reviewed-receipt,https://github.com/yeager/translations/blob/67e6d27877c9cfd6b6dbc74bd852b10bdbe09c3c/Bitwarden/sv-bitwarden-mobile-full-review-20260919.json,4e3887d6b78b4b084fa488b7680906187a4c12a0328977d8af4e98e7b1b94781,{}
468a00c01dfb7bc008c8e33a,Archived,Arkiverade,Bitwarden,sv-bitwarden-mobile-full-review-20260919,Archived,,project-context,053b88465ac603d0756097da,reviewed-receipt,https://github.com/yeager/translations/blob/67e6d27877c9cfd6b6dbc74bd852b10bdbe09c3c/Bitwarden/sv-bitwarden-mobile-full-review-20260919.json,4e3887d6b78b4b084fa488b7680906187a4c12a0328977d8af4e98e7b1b94781,{}
46aab295d10dce4e162d2231,Expired,Upphört,Bitwarden,sv-bitwarden-mobile-full-review-20260919,subscription_status_expired,,project-context,3cecd6999323b3eb96d02a37,reviewed-receipt,https://github.com/yeager/translations/blob/67e6d27877c9cfd6b6dbc74bd852b10bdbe09c3c/Bitwarden/sv-bitwarden-mobile-full-review-20260919.json,4e3887d6b78b4b084fa488b7680906187a4c12a0328977d8af4e98e7b1b94781,{}
46aedce3a0da401260e6c977,Almost done!,Nästan färdigt!,Bitwarden,sv-bitwarden-mobile-full-review-20260919,ExtensionAlmostDone,,project-context,57cc10df2b5640c81a70fec2,reviewed-receipt,https://github.com/yeager/translations/blob/67e6d27877c9cfd6b6dbc74bd852b10bdbe09c3c/Bitwarden/sv-bitwarden-mobile-full-review-20260919.json,4e3887d6b78b4b084fa488b7680906187a4c12a0328977d8af4e98e7b1b94781,{}
470567b9fe590e823955b4f5,Card saved,Kort sparat,Bitwarden,sv-bitwarden-mobile-full-review-20260919,card_saved,,project-context,23b467721e4763539c247d68,reviewed-receipt,https://github.com/yeager/translations/blob/67e6d27877c9cfd6b6dbc74bd852b10bdbe09c3c/Bitwarden/sv-bitwarden-mobile-full-review-20260919.json,4e3887d6b78b4b084fa488b7680906187a4c12a0328977d8af4e98e7b1b94781,{}
4713c912735ab8cdd952d596,Resending,Skickar igen,Bitwarden,sv-bitwarden-mobile-full-review-20260919,resending,,project-context,503e3cbf494a48c834f5db88,reviewed-receipt,https://github.com/yeager/translations/blob/67e6d27877c9cfd6b6dbc74bd852b10bdbe09c3c/Bitwarden/sv-bitwarden-mobile-full-review-20260919.json,4e3887d6b78b4b084fa488b7680906187a4c12a0328977d8af4e98e7b1b94781,{}
473b4309f6161cf7693db761,Certificate of deposit,Inlåningsbevis,Bitwarden,sv-bitwarden-mobile-full-review-20260919,certificate_of_deposit,,project-context,9f102b977b4c250c95fae748,reviewed-receipt,https://github.com/yeager/translations/blob/67e6d27877c9cfd6b6dbc74bd852b10bdbe09c3c/Bitwarden/sv-bitwarden-mobile-full-review-20260919.json,4e3887d6b78b4b084fa488b7680906187a4c12a0328977d8af4e98e7b1b94781,{}
473c50cc0cf46ddd383bfbd4,Invalid email address.,Ogiltig e-postadress.,Bitwarden,sv-bitwarden-mobile-full-review-20260919,invalid_email,,project-context,418bf7c5beee31acc430da04,reviewed-receipt,https://github.com/yeager/translations/blob/67e6d27877c9cfd6b6dbc74bd852b10bdbe09c3c/Bitwarden/sv-bitwarden-mobile-full-review-20260919.json,4e3887d6b78b4b084fa488b7680906187a4c12a0328977d8af4e98e7b1b94781,{}
4754f69f6b08dbff1e966db0,No,Nej,Bitwarden,sv-bitwarden-mobile-full-review-20260919,no,,project-context,08fad57ec69210b2d4bc0556,reviewed-receipt,https://github.com/yeager/translations/blob/67e6d27877c9cfd6b6dbc74bd852b10bdbe09c3c/Bitwarden/sv-bitwarden-mobile-full-review-20260919.json,4e3887d6b78b4b084fa488b7680906187a4c12a0328977d8af4e98e7b1b94781,{}
475e91e878638ffacc9b56fc,Copy branch number,Kopiera kontorsnummer,Bitwarden,sv-bitwarden-mobile-full-review-20260919,copy_branch_number,,project-context,1e1e689e870c76bc734bd71f,reviewed-receipt,https://github.com/yeager/translations/blob/67e6d27877c9cfd6b6dbc74bd852b10bdbe09c3c/Bitwarden/sv-bitwarden-mobile-full-review-20260919.json,4e3887d6b78b4b084fa488b7680906187a4c12a0328977d8af4e98e7b1b94781,{}
4762a6cf263af0e4a98971f8,Export failed,Exporten misslyckades,Bitwarden,sv-bitwarden-mobile-full-review-20260919,ExportFailed,,project-context,28c51167841fd6aeb6e7233c,reviewed-receipt,https://github.com/yeager/translations/blob/67e6d27877c9cfd6b6dbc74bd852b10bdbe09c3c/Bitwarden/sv-bitwarden-mobile-full-review-20260919.json,4e3887d6b78b4b084fa488b7680906187a4c12a0328977d8af4e98e7b1b94781,{}
4792d90763315b9e72ab06e9,Items to export,Objekt att exportera,Bitwarden,sv-bitwarden-mobile-full-review-20260919,ItemsToExport,,project-context,863c90c0c1eca730c3fb78ae,reviewed-receipt,https://github.com/yeager/translations/blob/67e6d27877c9cfd6b6dbc74bd852b10bdbe09c3c/Bitwarden/sv-bitwarden-mobile-full-review-20260919.json,4e3887d6b78b4b084fa488b7680906187a4c12a0328977d8af4e98e7b1b94781,{}
47c0169eafb901dbf79afd83,Generate master password,Generera huvudlösenord,Bitwarden,sv-bitwarden-mobile-full-review-20260919,generate_master_password,,project-context,2a725084fa0fa2130c1f61c1,reviewed-receipt,https://github.com/yeager/translations/blob/67e6d27877c9cfd6b6dbc74bd852b10bdbe09c3c/Bitwarden/sv-bitwarden-mobile-full-review-20260919.json,4e3887d6b78b4b084fa488b7680906187a4c12a0328977d8af4e98e7b1b94781,{}
47c6e63c26dc3b2a0271f01d,open calendar,öppna kalender,Bitwarden,sv-bitwarden-mobile-full-review-20260919,open_calendar,,project-context,63c834cbe4f1c09126d046dc,reviewed-receipt,https://github.com/yeager/translations/blob/67e6d27877c9cfd6b6dbc74bd852b10bdbe09c3c/Bitwarden/sv-bitwarden-mobile-full-review-20260919.json,4e3887d6b78b4b084fa488b7680906187a4c12a0328977d8af4e98e7b1b94781,{}
47dfc53ba3e1094f7df5d779,Skip for now,Hoppa över nu,Bitwarden,sv-bitwarden-mobile-full-review-20260919,skip_for_now,,project-context,ca3f40fdcae07f5ce19ff73b,reviewed-receipt,https://github.com/yeager/translations/blob/67e6d27877c9cfd6b6dbc74bd852b10bdbe09c3c/Bitwarden/sv-bitwarden-mobile-full-review-20260919.json,4e3887d6b78b4b084fa488b7680906187a4c12a0328977d8af4e98e7b1b94781,{}
4820057bd697517e316fc875,Help with server geolocations,Hjälp med servergeolokalisering.,Bitwarden,sv-bitwarden-mobile-full-review-20260919,help_with_server_geolocations,,project-context,bb4edfb628b833f37c35d374,reviewed-receipt,https://github.com/yeager/translations/blob/67e6d27877c9cfd6b6dbc74bd852b10bdbe09c3c/Bitwarden/sv-bitwarden-mobile-full-review-20260919.json,4e3887d6b78b4b084fa488b7680906187a4c12a0328977d8af4e98e7b1b94781,{}
486969938d0dd386d0f361fe,Expiration year,Utgångsår,Bitwarden,sv-bitwarden-mobile-full-review-20260919,expiration_year,,project-context,161c483ece28c4fa60881238,reviewed-receipt,https://github.com/yeager/translations/blob/67e6d27877c9cfd6b6dbc74bd852b10bdbe09c3c/Bitwarden/sv-bitwarden-mobile-full-review-20260919.json,4e3887d6b78b4b084fa488b7680906187a4c12a0328977d8af4e98e7b1b94781,{}
4875ffd12568028c8151c5dd,Check password for data breaches,Kontrollera lösenord för dataintrång,Bitwarden,sv-bitwarden-mobile-full-review-20260919,CheckPasswordForDataBreaches,,project-context,a6f6d0a8186b3487cbc73c62,reviewed-receipt,https://github.com/yeager/translations/blob/67e6d27877c9cfd6b6dbc74bd852b10bdbe09c3c/Bitwarden/sv-bitwarden-mobile-full-review-20260919.json,4e3887d6b78b4b084fa488b7680906187a4c12a0328977d8af4e98e7b1b94781,{}
487bf9c0ae77dc83db5d690a,Flight recorder on,Färdskrivare på,Bitwarden,sv-bitwarden-mobile-full-review-20260919,FlightRecorderOn,,project-context,b56374e21619d956f299f819,reviewed-receipt,https://github.com/yeager/translations/blob/67e6d27877c9cfd6b6dbc74bd852b10bdbe09c3c/Bitwarden/sv-bitwarden-mobile-full-review-20260919.json,4e3887d6b78b4b084fa488b7680906187a4c12a0328977d8af4e98e7b1b94781,{}
48b666fcd78f8bb20113ac9f,Email address,E-postadress,Bitwarden,sv-bitwarden-mobile-full-review-20260919,email_address,,project-context,fab2c0261541dd36ea471483,reviewed-receipt,https://github.com/yeager/translations/blob/67e6d27877c9cfd6b6dbc74bd852b10bdbe09c3c/Bitwarden/sv-bitwarden-mobile-full-review-20260919.json,4e3887d6b78b4b084fa488b7680906187a4c12a0328977d8af4e98e7b1b94781,{}
48d921bf06c3735dd7a276dd,Plus addressed email,Plusadresserad e-post,Bitwarden,sv-bitwarden-mobile-full-review-20260919,PlusAddressedEmail,,project-context,65bb1c9a9214c34a964955cb,reviewed-receipt,https://github.com/yeager/translations/blob/67e6d27877c9cfd6b6dbc74bd852b10bdbe09c3c/Bitwarden/sv-bitwarden-mobile-full-review-20260919.json,4e3887d6b78b4b084fa488b7680906187a4c12a0328977d8af4e98e7b1b94781,{}
48db73d9fe05942528bbb32e,Future dates unavailable,Framtida datum är inte tillgängliga,Bitwarden,sv-bitwarden-mobile-delta-published-20260919,FutureDatesUnavailable,,project-context,4f7de97af3699e89b1bba3a4,reviewed-receipt,https://github.com/yeager/translations/blob/67e6d27877c9cfd6b6dbc74bd852b10bdbe09c3c/Bitwarden/sv-bitwarden-mobile-delta-published-20260919.json,80a55c506c0fec3704f86cc2f97704b36b342d597df0c8896b715cd3648e06ac,{}
48ed2e0e88113de78631a95d,All Sends,Alla Sends,Bitwarden,sv-bitwarden-mobile-full-review-20260919,AllSends,,project-context,e1b065d8c693ea5847fdff8b,reviewed-receipt,https://github.com/yeager/translations/blob/67e6d27877c9cfd6b6dbc74bd852b10bdbe09c3c/Bitwarden/sv-bitwarden-mobile-full-review-20260919.json,4e3887d6b78b4b084fa488b7680906187a4c12a0328977d8af4e98e7b1b94781,{}
4957b64ce73f87f857b668a5,"Items are expanded, click to collapse.","Objekt är expanderade, klicka för att fälla in.",Bitwarden,sv-bitwarden-mobile-full-review-20260919,items_expanded_click_to_collapse,,project-context,b7ce04e70a58b2f7748e3bb9,reviewed-receipt,https://github.com/yeager/translations/blob/67e6d27877c9cfd6b6dbc74bd852b10bdbe09c3c/Bitwarden/sv-bitwarden-mobile-full-review-20260919.json,4e3887d6b78b4b084fa488b7680906187a4c12a0328977d8af4e98e7b1b94781,{}
4960852560eec4130b4b842a,Matching items,Matchande objekt,Bitwarden,sv-bitwarden-mobile-full-review-20260919,MatchingItems,,project-context,21caf45a61d989f535887b34,reviewed-receipt,https://github.com/yeager/translations/blob/67e6d27877c9cfd6b6dbc74bd852b10bdbe09c3c/Bitwarden/sv-bitwarden-mobile-full-review-20260919.json,4e3887d6b78b4b084fa488b7680906187a4c12a0328977d8af4e98e7b1b94781,{}
4a2e0961c856ae30328837a8,Keep documents safe and encrypted,Håll dokument säkra och krypterade,Bitwarden,sv-bitwarden-mobile-full-review-20260919,KeepDocumentsSafeAndEncrypted,,project-context,193bb41bec8f97e23f878ccc,reviewed-receipt,https://github.com/yeager/translations/blob/67e6d27877c9cfd6b6dbc74bd852b10bdbe09c3c/Bitwarden/sv-bitwarden-mobile-full-review-20260919.json,4e3887d6b78b4b084fa488b7680906187a4c12a0328977d8af4e98e7b1b94781,{}
4a3b4944eaa7bf1b10c85cc6,Personal Details,Personlig information,Bitwarden,sv-bitwarden-mobile-full-review-20260919,personal_details,,project-context,133d8d2b1e1fb2e27f9db8f1,reviewed-receipt,https://github.com/yeager/translations/blob/67e6d27877c9cfd6b6dbc74bd852b10bdbe09c3c/Bitwarden/sv-bitwarden-mobile-full-review-20260919.json,4e3887d6b78b4b084fa488b7680906187a4c12a0328977d8af4e98e7b1b94781,{}
4a795c693b803f8d9f9ff87c,File,Fil,Bitwarden,sv-bitwarden-mobile-full-review-20260919,file,,project-context,c555f788b5eb3cee22796415,reviewed-receipt,https://github.com/yeager/translations/blob/67e6d27877c9cfd6b6dbc74bd852b10bdbe09c3c/Bitwarden/sv-bitwarden-mobile-full-review-20260919.json,4e3887d6b78b4b084fa488b7680906187a4c12a0328977d8af4e98e7b1b94781,{}
4a7c8cd887672a1f7db81066,An error has occurred,Ett fel har inträffat,Bitwarden,sv-bitwarden-mobile-full-review-20260919,an_error_has_occurred,,project-context,c9f29b1706a60e9b798f3c74,reviewed-receipt,https://github.com/yeager/translations/blob/67e6d27877c9cfd6b6dbc74bd852b10bdbe09c3c/Bitwarden/sv-bitwarden-mobile-full-review-20260919.json,4e3887d6b78b4b084fa488b7680906187a4c12a0328977d8af4e98e7b1b94781,{}
4a8667538cbe7b3dd9463544,Add passport,Lägg till pass,Bitwarden,sv-bitwarden-mobile-full-review-20260919,add_passport,,project-context,5f2cc7c0483218e7d56ead3e,reviewed-receipt,https://github.com/yeager/translations/blob/67e6d27877c9cfd6b6dbc74bd852b10bdbe09c3c/Bitwarden/sv-bitwarden-mobile-full-review-20260919.json,4e3887d6b78b4b084fa488b7680906187a4c12a0328977d8af4e98e7b1b94781,{}
4a90fc85a12ea4581ca622f4,Continue to app store?,Fortsätt till appbutiken?,Bitwarden,sv-bitwarden-mobile-full-review-20260919,ContinueToAppStore,,project-context,05184b0dd152f61e2866aa47,reviewed-receipt,https://github.com/yeager/translations/blob/67e6d27877c9cfd6b6dbc74bd852b10bdbe09c3c/Bitwarden/sv-bitwarden-mobile-full-review-20260919.json,4e3887d6b78b4b084fa488b7680906187a4c12a0328977d8af4e98e7b1b94781,{}
4a9b7c6755bf8388562ba6a9,Sending to trash…,Skickar till papperskorg…,Bitwarden,sv-bitwarden-mobile-full-review-20260919,soft_deleting,,project-context,d2682dcb1107739272255f1a,reviewed-receipt,https://github.com/yeager/translations/blob/67e6d27877c9cfd6b6dbc74bd852b10bdbe09c3c/Bitwarden/sv-bitwarden-mobile-full-review-20260919.json,4e3887d6b78b4b084fa488b7680906187a4c12a0328977d8af4e98e7b1b94781,{}
4a9ee388e0a0bccab8295989,There are no collections to list.,Det finns inga samlingar att visa.,Bitwarden,sv-bitwarden-mobile-full-review-20260919,NoCollectionsToList,,project-context,65ef98104e33ca55eba63de6,reviewed-receipt,https://github.com/yeager/translations/blob/67e6d27877c9cfd6b6dbc74bd852b10bdbe09c3c/Bitwarden/sv-bitwarden-mobile-full-review-20260919.json,4e3887d6b78b4b084fa488b7680906187a4c12a0328977d8af4e98e7b1b94781,{}
4ad299d58a4fb8ef789ea1b9,File,Fil,Bitwarden,sv-bitwarden-mobile-full-review-20260919,type_file,,project-context,f913cc2f988bb0fcf34615e0,reviewed-receipt,https://github.com/yeager/translations/blob/67e6d27877c9cfd6b6dbc74bd852b10bdbe09c3c/Bitwarden/sv-bitwarden-mobile-full-review-20260919.json,4e3887d6b78b4b084fa488b7680906187a4c12a0328977d8af4e98e7b1b94781,{}
4b2ce2ef2d583bcebce17fb0,Trouble logging in?,Problem med att logga in?,Bitwarden,sv-bitwarden-mobile-full-review-20260919,trouble_logging_in,,project-context,17081d098a224bdb6450a4f7,reviewed-receipt,https://github.com/yeager/translations/blob/67e6d27877c9cfd6b6dbc74bd852b10bdbe09c3c/Bitwarden/sv-bitwarden-mobile-full-review-20260919.json,4e3887d6b78b4b084fa488b7680906187a4c12a0328977d8af4e98e7b1b94781,{}
4b460a3959ab9b12fbf92f93,Show vault,Visa valv,Bitwarden,sv-bitwarden-mobile-full-review-20260919,ShowVault,,project-context,eb8f37a75cf077854dbccfb1,reviewed-receipt,https://github.com/yeager/translations/blob/67e6d27877c9cfd6b6dbc74bd852b10bdbe09c3c/Bitwarden/sv-bitwarden-mobile-full-review-20260919.json,4e3887d6b78b4b084fa488b7680906187a4c12a0328977d8af4e98e7b1b94781,{}
4b52a35e96fe786bf21907e9,Use biometrics to unlock,Använd biometri för att låsa upp,Bitwarden,sv-bitwarden-mobile-full-review-20260919,use_biometrics_to_unlock,,project-context,282976b4dcfe74e3bd36d712,reviewed-receipt,https://github.com/yeager/translations/blob/67e6d27877c9cfd6b6dbc74bd852b10bdbe09c3c/Bitwarden/sv-bitwarden-mobile-full-review-20260919.json,4e3887d6b78b4b084fa488b7680906187a4c12a0328977d8af4e98e7b1b94781,{}
4b576f87ad33d8f0a646646a,Add note,Lägg till anteckning,Bitwarden,sv-bitwarden-mobile-full-review-20260919,add_note,,project-context,4d237f1a89c6f19760ffdd23,reviewed-receipt,https://github.com/yeager/translations/blob/67e6d27877c9cfd6b6dbc74bd852b10bdbe09c3c/Bitwarden/sv-bitwarden-mobile-full-review-20260919.json,4e3887d6b78b4b084fa488b7680906187a4c12a0328977d8af4e98e7b1b94781,{}
4b8345b2de914ed69475c687,Show next code,Visa nästa kod,Bitwarden,sv-bitwarden-mobile-full-review-20260919,ShowNextCode,,project-context,34bc603df29ba6494d578dfa,reviewed-receipt,https://github.com/yeager/translations/blob/67e6d27877c9cfd6b6dbc74bd852b10bdbe09c3c/Bitwarden/sv-bitwarden-mobile-full-review-20260919.json,4e3887d6b78b4b084fa488b7680906187a4c12a0328977d8af4e98e7b1b94781,{}
4ba5816824235f543798ad65,No accounts available,Inga konton tillgängliga,Bitwarden,sv-bitwarden-mobile-full-review-20260919,no_accounts_available,,project-context,f218580148005c686e818cad,reviewed-receipt,https://github.com/yeager/translations/blob/67e6d27877c9cfd6b6dbc74bd852b10bdbe09c3c/Bitwarden/sv-bitwarden-mobile-full-review-20260919.json,4e3887d6b78b4b084fa488b7680906187a4c12a0328977d8af4e98e7b1b94781,{}
4bb0346565647b94564aebf7,Camera,Kamera,Bitwarden,sv-bitwarden-mobile-full-review-20260919,Camera,,project-context,634222e1b81d678870088372,reviewed-receipt,https://github.com/yeager/translations/blob/67e6d27877c9cfd6b6dbc74bd852b10bdbe09c3c/Bitwarden/sv-bitwarden-mobile-full-review-20260919.json,4e3887d6b78b4b084fa488b7680906187a4c12a0328977d8af4e98e7b1b94781,{}
4c39f78fbac9de25d349582a,Continue,Fortsätt,Bitwarden,sv-bitwarden-mobile-full-review-20260919,Continue,,project-context,292e7f2363adb9823afba7d7,reviewed-receipt,https://github.com/yeager/translations/blob/67e6d27877c9cfd6b6dbc74bd852b10bdbe09c3c/Bitwarden/sv-bitwarden-mobile-full-review-20260919.json,4e3887d6b78b4b084fa488b7680906187a4c12a0328977d8af4e98e7b1b94781,{}
4c75d681527c9d739ff89d01,Logins,Inloggningar,Bitwarden,sv-bitwarden-mobile-full-review-20260919,Logins,,project-context,525afa1f8f9d0e7f63cfce82,reviewed-receipt,https://github.com/yeager/translations/blob/67e6d27877c9cfd6b6dbc74bd852b10bdbe09c3c/Bitwarden/sv-bitwarden-mobile-full-review-20260919.json,4e3887d6b78b4b084fa488b7680906187a4c12a0328977d8af4e98e7b1b94781,{}
4c7d4d98881306ea9bb25871,Mr,Herr,Bitwarden,sv-bitwarden-mobile-full-review-20260919,mr,,project-context,f612c37bc2a5e3ea8aebbf59,reviewed-receipt,https://github.com/yeager/translations/blob/67e6d27877c9cfd6b6dbc74bd852b10bdbe09c3c/Bitwarden/sv-bitwarden-mobile-full-review-20260919.json,4e3887d6b78b4b084fa488b7680906187a4c12a0328977d8af4e98e7b1b94781,{}
4ca5fa5a86001e54202a71a7,Last name,Efternamn,Bitwarden,sv-bitwarden-mobile-full-review-20260919,LastName,,project-context,af17f4aff898f8e3a802ae09,reviewed-receipt,https://github.com/yeager/translations/blob/67e6d27877c9cfd6b6dbc74bd852b10bdbe09c3c/Bitwarden/sv-bitwarden-mobile-full-review-20260919.json,4e3887d6b78b4b084fa488b7680906187a4c12a0328977d8af4e98e7b1b94781,{}
4cc2cb9106428f2a8a927718,Icons server URL,Ikonserver-URL,Bitwarden,sv-bitwarden-mobile-full-review-20260919,IconsUrl,,project-context,3bdbbfa37bf485d8ea050393,reviewed-receipt,https://github.com/yeager/translations/blob/67e6d27877c9cfd6b6dbc74bd852b10bdbe09c3c/Bitwarden/sv-bitwarden-mobile-full-review-20260919.json,4e3887d6b78b4b084fa488b7680906187a4c12a0328977d8af4e98e7b1b94781,{}
4ce1ef2af41622963668a126,Linked,Länkad,Bitwarden,sv-bitwarden-mobile-full-review-20260919,field_type_linked,,project-context,db228ac11ab87daaaf246ca2,reviewed-receipt,https://github.com/yeager/translations/blob/67e6d27877c9cfd6b6dbc74bd852b10bdbe09c3c/Bitwarden/sv-bitwarden-mobile-full-review-20260919.json,4e3887d6b78b4b084fa488b7680906187a4c12a0328977d8af4e98e7b1b94781,{}
4ceb9bb6ecb40402e7b47817,Launch WebAuthn,Starta WebAuthn,Bitwarden,sv-bitwarden-mobile-full-review-20260919,LaunchWebAuthn,,project-context,00de6b1e1f1489963e48086c,reviewed-receipt,https://github.com/yeager/translations/blob/67e6d27877c9cfd6b6dbc74bd852b10bdbe09c3c/Bitwarden/sv-bitwarden-mobile-full-review-20260919.json,4e3887d6b78b4b084fa488b7680906187a4c12a0328977d8af4e98e7b1b94781,{}
4d2c3f145caf7f434a3c8bf7,Need another option?,Behöver du fler alternativ?,Bitwarden,sv-bitwarden-mobile-full-review-20260919,NeedAnotherOption,,project-context,ca519539fdc936beb814b445,reviewed-receipt,https://github.com/yeager/translations/blob/67e6d27877c9cfd6b6dbc74bd852b10bdbe09c3c/Bitwarden/sv-bitwarden-mobile-full-review-20260919.json,4e3887d6b78b4b084fa488b7680906187a4c12a0328977d8af4e98e7b1b94781,{}
4d3545efe3b1f1199d483b20,Item moved to archive,Objektet flyttat till arkiv,Bitwarden,sv-bitwarden-mobile-full-review-20260919,ItemMovedToArchive,,project-context,b52e0eb1a041b75ed22b886d,reviewed-receipt,https://github.com/yeager/translations/blob/67e6d27877c9cfd6b6dbc74bd852b10bdbe09c3c/Bitwarden/sv-bitwarden-mobile-full-review-20260919.json,4e3887d6b78b4b084fa488b7680906187a4c12a0328977d8af4e98e7b1b94781,{}
4d3f435480c06f7e809f1761,Authenticate WebAuthn,Autentisera WebAuthn,Bitwarden,sv-bitwarden-mobile-full-review-20260919,fido2_authenticate_web_authn,,project-context,efd3133107aebf4675bc1df1,reviewed-receipt,https://github.com/yeager/translations/blob/67e6d27877c9cfd6b6dbc74bd852b10bdbe09c3c/Bitwarden/sv-bitwarden-mobile-full-review-20260919.json,4e3887d6b78b4b084fa488b7680906187a4c12a0328977d8af4e98e7b1b94781,{}
4d7962cdb7f0734aa1e25074,Full name,Fullständigt namn,Bitwarden,sv-bitwarden-mobile-full-review-20260919,FullName,,project-context,4873d3a3ce72a6625439ccb8,reviewed-receipt,https://github.com/yeager/translations/blob/67e6d27877c9cfd6b6dbc74bd852b10bdbe09c3c/Bitwarden/sv-bitwarden-mobile-full-review-20260919.json,4e3887d6b78b4b084fa488b7680906187a4c12a0328977d8af4e98e7b1b94781,{}
4e6023509f9383c8d6f7cecb,Random word,Slumpmässigt ord,Bitwarden,sv-bitwarden-mobile-full-review-20260919,RandomWord,,project-context,e05c599627e69365c2acadaa,reviewed-receipt,https://github.com/yeager/translations/blob/67e6d27877c9cfd6b6dbc74bd852b10bdbe09c3c/Bitwarden/sv-bitwarden-mobile-full-review-20260919.json,4e3887d6b78b4b084fa488b7680906187a4c12a0328977d8af4e98e7b1b94781,{}
4ecf0e487ac4cc10c8a736c6,Unable to unarchive selected item.,Det går inte att avarkivera valt objekt.,Bitwarden,sv-bitwarden-mobile-full-review-20260919,unable_to_unarchive_selected_item,,project-context,c9e3487b52df91d320722afa,reviewed-receipt,https://github.com/yeager/translations/blob/67e6d27877c9cfd6b6dbc74bd852b10bdbe09c3c/Bitwarden/sv-bitwarden-mobile-full-review-20260919.json,4e3887d6b78b4b084fa488b7680906187a4c12a0328977d8af4e98e7b1b94781,{}
4edb8977f1b07a45127d7ed6,Open generator,Öppna generatorn,Bitwarden,sv-bitwarden-mobile-full-review-20260919,OpenGenerator,,project-context,d71fa98a0e579a8dac0fcb92,reviewed-receipt,https://github.com/yeager/translations/blob/67e6d27877c9cfd6b6dbc74bd852b10bdbe09c3c/Bitwarden/sv-bitwarden-mobile-full-review-20260919.json,4e3887d6b78b4b084fa488b7680906187a4c12a0328977d8af4e98e7b1b94781,{}
4ef89998d58ce1a856b96c90,masterPasswordUnlock cleared.,masterPasswordUnlock rensad.,Bitwarden,sv-bitwarden-mobile-full-review-20260919,MasterPasswordUnlockCleared,,project-context,e25b5bfa8b2c18264fa56ecf,reviewed-receipt,https://github.com/yeager/translations/blob/67e6d27877c9cfd6b6dbc74bd852b10bdbe09c3c/Bitwarden/sv-bitwarden-mobile-full-review-20260919.json,4e3887d6b78b4b084fa488b7680906187a4c12a0328977d8af4e98e7b1b94781,{}
4ef936e4d52cef3726fad550,Add TOTP,Lägg till TOTP,Bitwarden,sv-bitwarden-mobile-full-review-20260919,add_totp,,project-context,23d56c8c5b5b666f33bd936a,reviewed-receipt,https://github.com/yeager/translations/blob/67e6d27877c9cfd6b6dbc74bd852b10bdbe09c3c/Bitwarden/sv-bitwarden-mobile-full-review-20260919.json,4e3887d6b78b4b084fa488b7680906187a4c12a0328977d8af4e98e7b1b94781,{}
4efa6c75af5822eb2988c39e,Bank account saved,Bankkonto sparat,Bitwarden,sv-bitwarden-mobile-full-review-20260919,BankAccountSaved,,project-context,5c7f565d5f4bb5eeb10c15ea,reviewed-receipt,https://github.com/yeager/translations/blob/67e6d27877c9cfd6b6dbc74bd852b10bdbe09c3c/Bitwarden/sv-bitwarden-mobile-full-review-20260919.json,4e3887d6b78b4b084fa488b7680906187a4c12a0328977d8af4e98e7b1b94781,{}
4f2f3783b363fce5f79865fb,Turn on browser autofill integration later?,Slå på integration för autofyll i webbläsaren senare?,Bitwarden,sv-bitwarden-mobile-full-review-20260919,turn_on_browser_autofill_integration_later,,project-context,dacbda23f477e7a8cb669852,reviewed-receipt,https://github.com/yeager/translations/blob/67e6d27877c9cfd6b6dbc74bd852b10bdbe09c3c/Bitwarden/sv-bitwarden-mobile-full-review-20260919.json,4e3887d6b78b4b084fa488b7680906187a4c12a0328977d8af4e98e7b1b94781,{}
4f37df90387eebb7e5123b01,Vault import successful,Import av valv lyckades,Bitwarden,sv-bitwarden-mobile-full-review-20260919,import_success,,project-context,3c48ab0455d0f16ca930551b,reviewed-receipt,https://github.com/yeager/translations/blob/67e6d27877c9cfd6b6dbc74bd852b10bdbe09c3c/Bitwarden/sv-bitwarden-mobile-full-review-20260919.json,4e3887d6b78b4b084fa488b7680906187a4c12a0328977d8af4e98e7b1b94781,{}
4f4e122cf97d00e1e31ef482,Plan,Prenumeration,Bitwarden,sv-bitwarden-mobile-full-review-20260919,Plan,,project-context,c4c64da567ace534fc7e0e53,reviewed-receipt,https://github.com/yeager/translations/blob/67e6d27877c9cfd6b6dbc74bd852b10bdbe09c3c/Bitwarden/sv-bitwarden-mobile-full-review-20260919.json,4e3887d6b78b4b084fa488b7680906187a4c12a0328977d8af4e98e7b1b94781,{}
4f51a57a724682db66288985,Edit Send,Redigera Send,Bitwarden,sv-bitwarden-mobile-full-review-20260919,edit_send,,project-context,ca8a3c6b462e30150cf88ce6,reviewed-receipt,https://github.com/yeager/translations/blob/67e6d27877c9cfd6b6dbc74bd852b10bdbe09c3c/Bitwarden/sv-bitwarden-mobile-full-review-20260919.json,4e3887d6b78b4b084fa488b7680906187a4c12a0328977d8af4e98e7b1b94781,{}
4f595cec8a22d593c6676964,New master password hint,Hämta huvudlösenordsledtråd,Bitwarden,sv-bitwarden-mobile-full-review-20260919,NewMasterPasswordHint,,project-context,b4653065fdf76ece9bb7129e,reviewed-receipt,https://github.com/yeager/translations/blob/67e6d27877c9cfd6b6dbc74bd852b10bdbe09c3c/Bitwarden/sv-bitwarden-mobile-full-review-20260919.json,4e3887d6b78b4b084fa488b7680906187a4c12a0328977d8af4e98e7b1b94781,{}
4fad840282d0a236c4f234f2,Past 14 days,Senaste 14 dagarna,Bitwarden,sv-bitwarden-mobile-full-review-20260919,PastFourteenDays,,project-context,71c71fa37a7415edbef83d8f,reviewed-receipt,https://github.com/yeager/translations/blob/67e6d27877c9cfd6b6dbc74bd852b10bdbe09c3c/Bitwarden/sv-bitwarden-mobile-full-review-20260919.json,4e3887d6b78b4b084fa488b7680906187a4c12a0328977d8af4e98e7b1b94781,{}
4fce2fc3793334b8a27f804c,Archive,Arkiv,Bitwarden,sv-bitwarden-mobile-full-review-20260919,archive_verb,,project-context,6366a2889117f10d81fcd510,reviewed-receipt,https://github.com/yeager/translations/blob/67e6d27877c9cfd6b6dbc74bd852b10bdbe09c3c/Bitwarden/sv-bitwarden-mobile-full-review-20260919.json,4e3887d6b78b4b084fa488b7680906187a4c12a0328977d8af4e98e7b1b94781,{}
501a11d4a31f069bc10783c8,Add passport,Lägg till pass,Bitwarden,sv-bitwarden-mobile-full-review-20260919,AddPassport,,project-context,7c428bdb75dc353f19f8e1d4,reviewed-receipt,https://github.com/yeager/translations/blob/67e6d27877c9cfd6b6dbc74bd852b10bdbe09c3c/Bitwarden/sv-bitwarden-mobile-full-review-20260919.json,4e3887d6b78b4b084fa488b7680906187a4c12a0328977d8af4e98e7b1b94781,{}
50369990a3ff3f73d5658070,Closes date picker,Stänger datumväljaren,Bitwarden,sv-bitwarden-mobile-delta-published-20260919,ClosesDatePicker,,project-context,7f5a53525b147a22bbb78348,reviewed-receipt,https://github.com/yeager/translations/blob/67e6d27877c9cfd6b6dbc74bd852b10bdbe09c3c/Bitwarden/sv-bitwarden-mobile-delta-published-20260919.json,80a55c506c0fec3704f86cc2f97704b36b342d597df0c8896b715cd3648e06ac,{}
5054d299e1d4500619aa4cf2,This item is archived.,Detta objekt är arkiverat.,Bitwarden,sv-bitwarden-mobile-full-review-20260919,ThisItemIsArchived,,project-context,1c387ff6c5618fe41801396f,reviewed-receipt,https://github.com/yeager/translations/blob/67e6d27877c9cfd6b6dbc74bd852b10bdbe09c3c/Bitwarden/sv-bitwarden-mobile-full-review-20260919.json,4e3887d6b78b4b084fa488b7680906187a4c12a0328977d8af4e98e7b1b94781,{}
50855a9ebf421df2da2d3ee4,Privileged apps,Privilegierade appar,Bitwarden,sv-bitwarden-mobile-full-review-20260919,privileged_apps,,project-context,d92cd28d51d136fea2c85fb7,reviewed-receipt,https://github.com/yeager/translations/blob/67e6d27877c9cfd6b6dbc74bd852b10bdbe09c3c/Bitwarden/sv-bitwarden-mobile-full-review-20260919.json,4e3887d6b78b4b084fa488b7680906187a4c12a0328977d8af4e98e7b1b94781,{}
50c35b15fce63032f6752e44,Copy TOTP automatically,Kopiera TOTP automatiskt,Bitwarden,sv-bitwarden-mobile-full-review-20260919,CopyTotpAutomatically,,project-context,e3c16948a6457a5d3b751a77,reviewed-receipt,https://github.com/yeager/translations/blob/67e6d27877c9cfd6b6dbc74bd852b10bdbe09c3c/Bitwarden/sv-bitwarden-mobile-full-review-20260919.json,4e3887d6b78b4b084fa488b7680906187a4c12a0328977d8af4e98e7b1b94781,{}
51133d1341ba98165f1962b2,Please do not close the app.,Stäng inte appen.,Bitwarden,sv-bitwarden-mobile-full-review-20260919,PleaseDoNotCloseTheApp,,project-context,b802f85f18da333a6236b369,reviewed-receipt,https://github.com/yeager/translations/blob/67e6d27877c9cfd6b6dbc74bd852b10bdbe09c3c/Bitwarden/sv-bitwarden-mobile-full-review-20260919.json,4e3887d6b78b4b084fa488b7680906187a4c12a0328977d8af4e98e7b1b94781,{}
5119c334ccd0f46744c4c481,Invalid PIN. Try again.,Ogiltig PIN-kod. Försök igen.,Bitwarden,sv-bitwarden-mobile-full-review-20260919,InvalidPIN,,project-context,4a2e782be1a3deb310ccc27d,reviewed-receipt,https://github.com/yeager/translations/blob/67e6d27877c9cfd6b6dbc74bd852b10bdbe09c3c/Bitwarden/sv-bitwarden-mobile-full-review-20260919.json,4e3887d6b78b4b084fa488b7680906187a4c12a0328977d8af4e98e7b1b94781,{}
515f9c5f3e304b534c397c61,Add code,Lägg till kod,Bitwarden,sv-bitwarden-mobile-full-review-20260919,add_code,,project-context,38536b7d6594617bca6194bf,reviewed-receipt,https://github.com/yeager/translations/blob/67e6d27877c9cfd6b6dbc74bd852b10bdbe09c3c/Bitwarden/sv-bitwarden-mobile-full-review-20260919.json,4e3887d6b78b4b084fa488b7680906187a4c12a0328977d8af4e98e7b1b94781,{}
51b7be0a1ca275db09d71d37,Retry export,Försök på nytt med export,Bitwarden,sv-bitwarden-mobile-full-review-20260919,RetryExport,,project-context,9732e5d6a1633db9d60e6e83,reviewed-receipt,https://github.com/yeager/translations/blob/67e6d27877c9cfd6b6dbc74bd852b10bdbe09c3c/Bitwarden/sv-bitwarden-mobile-full-review-20260919.json,4e3887d6b78b4b084fa488b7680906187a4c12a0328977d8af4e98e7b1b94781,{}
51e6bac70cb2280eed51b9c8,Unlock advanced protection,Lås upp avancerat skydd,Bitwarden,sv-bitwarden-mobile-full-review-20260919,UnlockAdvancedProtection,,project-context,21d6c89b9cd26af38ec983e3,reviewed-receipt,https://github.com/yeager/translations/blob/67e6d27877c9cfd6b6dbc74bd852b10bdbe09c3c/Bitwarden/sv-bitwarden-mobile-full-review-20260919.json,4e3887d6b78b4b084fa488b7680906187a4c12a0328977d8af4e98e7b1b94781,{}
51ea99b419710ea3bf22200d,Item moved to vault,Objekt flyttat till valv,Bitwarden,sv-bitwarden-mobile-full-review-20260919,item_moved_to_vault,,project-context,3fd9e0982552f6b17ebe9c1b,reviewed-receipt,https://github.com/yeager/translations/blob/67e6d27877c9cfd6b6dbc74bd852b10bdbe09c3c/Bitwarden/sv-bitwarden-mobile-full-review-20260919.json,4e3887d6b78b4b084fa488b7680906187a4c12a0328977d8af4e98e7b1b94781,{}
51f0dff37b9a181a7133b05c,Create a hint,Skapa en ledtråd,Bitwarden,sv-bitwarden-mobile-full-review-20260919,CreateAHint,,project-context,3bef538041fd6c9caa14fc07,reviewed-receipt,https://github.com/yeager/translations/blob/67e6d27877c9cfd6b6dbc74bd852b10bdbe09c3c/Bitwarden/sv-bitwarden-mobile-full-review-20260919.json,4e3887d6b78b4b084fa488b7680906187a4c12a0328977d8af4e98e7b1b94781,{}
525ef723a63a8690fd81a446,Add a trusted emergency contact,Lägg till en betrodd nödkontakt,Bitwarden,sv-bitwarden-mobile-full-review-20260919,add_a_trusted_emergency_contact,,project-context,6cf3cf21a871bbb595040273,reviewed-receipt,https://github.com/yeager/translations/blob/67e6d27877c9cfd6b6dbc74bd852b10bdbe09c3c/Bitwarden/sv-bitwarden-mobile-full-review-20260919.json,4e3887d6b78b4b084fa488b7680906187a4c12a0328977d8af4e98e7b1b94781,{}
526933866d73817765f4c97a,Sex,Kön,Bitwarden,sv-bitwarden-mobile-full-review-20260919,sex,,project-context,b8a02f967813705a66eab7d3,reviewed-receipt,https://github.com/yeager/translations/blob/67e6d27877c9cfd6b6dbc74bd852b10bdbe09c3c/Bitwarden/sv-bitwarden-mobile-full-review-20260919.json,4e3887d6b78b4b084fa488b7680906187a4c12a0328977d8af4e98e7b1b94781,{}
527b53555fa6665b65cf14c5,Security,Säkerhet,Bitwarden,sv-bitwarden-mobile-full-review-20260919,security,,project-context,e3dfd5503c09694a280b954e,reviewed-receipt,https://github.com/yeager/translations/blob/67e6d27877c9cfd6b6dbc74bd852b10bdbe09c3c/Bitwarden/sv-bitwarden-mobile-full-review-20260919.json,4e3887d6b78b4b084fa488b7680906187a4c12a0328977d8af4e98e7b1b94781,{}
52c8ec3a52ac47a6d1fc9a0f,Import error,Fel vid import,Bitwarden,sv-bitwarden-mobile-full-review-20260919,ImportError,,project-context,b4e28f914d4d551f2560263f,reviewed-receipt,https://github.com/yeager/translations/blob/67e6d27877c9cfd6b6dbc74bd852b10bdbe09c3c/Bitwarden/sv-bitwarden-mobile-full-review-20260919.json,4e3887d6b78b4b084fa488b7680906187a4c12a0328977d8af4e98e7b1b94781,{}
52ff7336d433b99d3c190ca4,Fingerprint,Fingeravtryck,Bitwarden,sv-bitwarden-mobile-full-review-20260919,Fingerprint,,project-context,0a7c217fbdec7d835727c67c,reviewed-receipt,https://github.com/yeager/translations/blob/67e6d27877c9cfd6b6dbc74bd852b10bdbe09c3c/Bitwarden/sv-bitwarden-mobile-full-review-20260919.json,4e3887d6b78b4b084fa488b7680906187a4c12a0328977d8af4e98e7b1b94781,{}
531827a20bd68622a1a8ae82,Change master password,Ändra huvudlösenord,Bitwarden,sv-bitwarden-mobile-full-review-20260919,change_master_password,,project-context,bf0516725f036d1e56026c6f,reviewed-receipt,https://github.com/yeager/translations/blob/67e6d27877c9cfd6b6dbc74bd852b10bdbe09c3c/Bitwarden/sv-bitwarden-mobile-full-review-20260919.json,4e3887d6b78b4b084fa488b7680906187a4c12a0328977d8af4e98e7b1b94781,{}
532a8b7133b6e53db55d002b,Step 3 of 3,Steg 3 av 3,Bitwarden,sv-bitwarden-mobile-full-review-20260919,step_3_of_3,,project-context,433ef1c1f03daa7362742b53,reviewed-receipt,https://github.com/yeager/translations/blob/67e6d27877c9cfd6b6dbc74bd852b10bdbe09c3c/Bitwarden/sv-bitwarden-mobile-full-review-20260919.json,4e3887d6b78b4b084fa488b7680906187a4c12a0328977d8af4e98e7b1b94781,{}
5339917a8071b823bbd99e3c,Copy note,Kopiera anteckningar,Bitwarden,sv-bitwarden-mobile-full-review-20260919,CopyNotes,,project-context,2530b1fabaa1be4989c0bb42,reviewed-receipt,https://github.com/yeager/translations/blob/67e6d27877c9cfd6b6dbc74bd852b10bdbe09c3c/Bitwarden/sv-bitwarden-mobile-full-review-20260919.json,4e3887d6b78b4b084fa488b7680906187a4c12a0328977d8af4e98e7b1b94781,{}
533be1d229313d7d298d8eed,Learn about new logins,Lär dig mer om nya inloggningar,Bitwarden,sv-bitwarden-mobile-full-review-20260919,LearnAboutNewLogins,,project-context,8a2e334e7655da6d6f55abc3,reviewed-receipt,https://github.com/yeager/translations/blob/67e6d27877c9cfd6b6dbc74bd852b10bdbe09c3c/Bitwarden/sv-bitwarden-mobile-full-review-20260919.json,4e3887d6b78b4b084fa488b7680906187a4c12a0328977d8af4e98e7b1b94781,{}
5342b2f54b24192af69aadda,Re-type master password,Ange huvudlösenordet igen,Bitwarden,sv-bitwarden-mobile-full-review-20260919,retype_master_password,,project-context,7ea955a0ab2df6d4396190c7,reviewed-receipt,https://github.com/yeager/translations/blob/67e6d27877c9cfd6b6dbc74bd852b10bdbe09c3c/Bitwarden/sv-bitwarden-mobile-full-review-20260919.json,4e3887d6b78b4b084fa488b7680906187a4c12a0328977d8af4e98e7b1b94781,{}
535b88e6da5fe6172de0ac1b,1 day,1 dag,Bitwarden,sv-bitwarden-mobile-full-review-20260919,one_day,,project-context,0057fcbe983ff7116efae7d4,reviewed-receipt,https://github.com/yeager/translations/blob/67e6d27877c9cfd6b6dbc74bd852b10bdbe09c3c/Bitwarden/sv-bitwarden-mobile-full-review-20260919.json,4e3887d6b78b4b084fa488b7680906187a4c12a0328977d8af4e98e7b1b94781,{}
535be5f7b78e8e2ef5f11d05,New text Send,Ny text Skicka,Bitwarden,sv-bitwarden-mobile-full-review-20260919,new_text_send,,project-context,207bf6a9e32dac1ebde69061,reviewed-receipt,https://github.com/yeager/translations/blob/67e6d27877c9cfd6b6dbc74bd852b10bdbe09c3c/Bitwarden/sv-bitwarden-mobile-full-review-20260919.json,4e3887d6b78b4b084fa488b7680906187a4c12a0328977d8af4e98e7b1b94781,{}
53a82ecb624d16bdaf8869b5,Unknown account,Okänt konto,Bitwarden,sv-bitwarden-mobile-full-review-20260919,UnknownAccount,,project-context,825b7869c919e89a4a1a14d0,reviewed-receipt,https://github.com/yeager/translations/blob/67e6d27877c9cfd6b6dbc74bd852b10bdbe09c3c/Bitwarden/sv-bitwarden-mobile-full-review-20260919.json,4e3887d6b78b4b084fa488b7680906187a4c12a0328977d8af4e98e7b1b94781,{}
5416fe2717308e91c96e3ce5,Issuing authority,Utfärdande myndighet,Bitwarden,sv-bitwarden-mobile-full-review-20260919,IssuingAuthority,,project-context,1fa256dca600c62a272f222c,reviewed-receipt,https://github.com/yeager/translations/blob/67e6d27877c9cfd6b6dbc74bd852b10bdbe09c3c/Bitwarden/sv-bitwarden-mobile-full-review-20260919.json,4e3887d6b78b4b084fa488b7680906187a4c12a0328977d8af4e98e7b1b94781,{}
542753a4d4f2bc353ba116f8,Syncing…,Synkroniserar…,Bitwarden,sv-bitwarden-mobile-full-review-20260919,Syncing,,project-context,c21088c1f99dd6b34acb5793,reviewed-receipt,https://github.com/yeager/translations/blob/67e6d27877c9cfd6b6dbc74bd852b10bdbe09c3c/Bitwarden/sv-bitwarden-mobile-full-review-20260919.json,4e3887d6b78b4b084fa488b7680906187a4c12a0328977d8af4e98e7b1b94781,{}
54c9cf03403d58f8b9a61723,Item moved to archive,Objektet flyttat till arkivet,Bitwarden,sv-bitwarden-mobile-full-review-20260919,item_moved_to_archived,,project-context,f332889223b8ee958bfac5f9,reviewed-receipt,https://github.com/yeager/translations/blob/67e6d27877c9cfd6b6dbc74bd852b10bdbe09c3c/Bitwarden/sv-bitwarden-mobile-full-review-20260919.json,4e3887d6b78b4b084fa488b7680906187a4c12a0328977d8af4e98e7b1b94781,{}
555b75578460586a181633aa,Resend notification,Skicka avisering igen,Bitwarden,sv-bitwarden-mobile-full-review-20260919,ResendNotification,,project-context,7e00a73786e5b05e71e8711e,reviewed-receipt,https://github.com/yeager/translations/blob/67e6d27877c9cfd6b6dbc74bd852b10bdbe09c3c/Bitwarden/sv-bitwarden-mobile-full-review-20260919.json,4e3887d6b78b4b084fa488b7680906187a4c12a0328977d8af4e98e7b1b94781,{}
5566674256f7082e73a0c663,Continue to Stripe?,Fortsätt till Stripe?,Bitwarden,sv-bitwarden-mobile-full-review-20260919,ContinueToStripe,,project-context,304c3d6b212e0f354990cd3f,reviewed-receipt,https://github.com/yeager/translations/blob/67e6d27877c9cfd6b6dbc74bd852b10bdbe09c3c/Bitwarden/sv-bitwarden-mobile-full-review-20260919.json,4e3887d6b78b4b084fa488b7680906187a4c12a0328977d8af4e98e7b1b94781,{}
5567fbde2b70c3884bd2b99b,Export vault to a file,Exportera valv till en fil,Bitwarden,sv-bitwarden-mobile-full-review-20260919,ExportVaultToAFile,,project-context,ac63c8382ddb8d96b1ee7a96,reviewed-receipt,https://github.com/yeager/translations/blob/67e6d27877c9cfd6b6dbc74bd852b10bdbe09c3c/Bitwarden/sv-bitwarden-mobile-full-review-20260919.json,4e3887d6b78b4b084fa488b7680906187a4c12a0328977d8af4e98e7b1b94781,{}
55752c7c6630dffcbcf90236,Check if password has been exposed.,Kontrollera om lösenordet har avslöjats.,Bitwarden,sv-bitwarden-mobile-full-review-20260919,CheckPassword,,project-context,df9ed054cbde86c1eb173bdc,reviewed-receipt,https://github.com/yeager/translations/blob/67e6d27877c9cfd6b6dbc74bd852b10bdbe09c3c/Bitwarden/sv-bitwarden-mobile-full-review-20260919.json,4e3887d6b78b4b084fa488b7680906187a4c12a0328977d8af4e98e7b1b94781,{}
559f20beff20f8dd35368b4d,Allow automatic syncing,Aktivera automatisk synkronisering,Bitwarden,sv-bitwarden-mobile-full-review-20260919,EnableAutomaticSyncing,,project-context,775844bba429fbf9b0369004,reviewed-receipt,https://github.com/yeager/translations/blob/67e6d27877c9cfd6b6dbc74bd852b10bdbe09c3c/Bitwarden/sv-bitwarden-mobile-full-review-20260919.json,4e3887d6b78b4b084fa488b7680906187a4c12a0328977d8af4e98e7b1b94781,{}
55b9afa9d152f883c75fdb0d,Random word,Slumpmässigt ord,Bitwarden,sv-bitwarden-mobile-full-review-20260919,random_word,,project-context,4cfebd2ff74f578d60f85af1,reviewed-receipt,https://github.com/yeager/translations/blob/67e6d27877c9cfd6b6dbc74bd852b10bdbe09c3c/Bitwarden/sv-bitwarden-mobile-full-review-20260919.json,4e3887d6b78b4b084fa488b7680906187a4c12a0328977d8af4e98e7b1b94781,{}
5602b8219949701f76d72dfe,Use Brave autofill integration,Använd Brave autofyll-integration,Bitwarden,sv-bitwarden-mobile-full-review-20260919,use_brave_autofill_integration,,project-context,295bb9fa57261626cab447ab,reviewed-receipt,https://github.com/yeager/translations/blob/67e6d27877c9cfd6b6dbc74bd852b10bdbe09c3c/Bitwarden/sv-bitwarden-mobile-full-review-20260919.json,4e3887d6b78b4b084fa488b7680906187a4c12a0328977d8af4e98e7b1b94781,{}
56363089496b1f0d8e116f05,Key is invalid.,Nyckeln är ogiltig.,Bitwarden,sv-bitwarden-mobile-full-review-20260919,key_is_invalid,,project-context,fd8997841dbe04501d14c7e1,reviewed-receipt,https://github.com/yeager/translations/blob/67e6d27877c9cfd6b6dbc74bd852b10bdbe09c3c/Bitwarden/sv-bitwarden-mobile-full-review-20260919.json,4e3887d6b78b4b084fa488b7680906187a4c12a0328977d8af4e98e7b1b94781,{}
563d5c64c67ace000babd0b9,Unlocked,Upplåst,Bitwarden,sv-bitwarden-mobile-full-review-20260919,AccountUnlocked,,project-context,834752916bd37e2bb8d93807,reviewed-receipt,https://github.com/yeager/translations/blob/67e6d27877c9cfd6b6dbc74bd852b10bdbe09c3c/Bitwarden/sv-bitwarden-mobile-full-review-20260919.json,4e3887d6b78b4b084fa488b7680906187a4c12a0328977d8af4e98e7b1b94781,{}
566d02c45f07be5c216f7d8a,Choose your master password,Välj ditt huvudlösenord,Bitwarden,sv-bitwarden-mobile-full-review-20260919,ChooseYourMasterPassword,,project-context,fd6083b931dd3ada5a9ee388,reviewed-receipt,https://github.com/yeager/translations/blob/67e6d27877c9cfd6b6dbc74bd852b10bdbe09c3c/Bitwarden/sv-bitwarden-mobile-full-review-20260919.json,4e3887d6b78b4b084fa488b7680906187a4c12a0328977d8af4e98e7b1b94781,{}
56e1a9ae7c29a34999a3c83d,License class,Licensklass,Bitwarden,sv-bitwarden-mobile-full-review-20260919,LicenseClass,,project-context,697253f1f880b133ae0dcaa6,reviewed-receipt,https://github.com/yeager/translations/blob/67e6d27877c9cfd6b6dbc74bd852b10bdbe09c3c/Bitwarden/sv-bitwarden-mobile-full-review-20260919.json,4e3887d6b78b4b084fa488b7680906187a4c12a0328977d8af4e98e7b1b94781,{}
577500d04d005930bf23993a,Data exported successfully,Dataexporten lyckades,Bitwarden,sv-bitwarden-mobile-full-review-20260919,export_success,,project-context,b1fc8cab1ff21f9c3799370e,reviewed-receipt,https://github.com/yeager/translations/blob/67e6d27877c9cfd6b6dbc74bd852b10bdbe09c3c/Bitwarden/sv-bitwarden-mobile-full-review-20260919.json,4e3887d6b78b4b084fa488b7680906187a4c12a0328977d8af4e98e7b1b94781,{}
57a2d85236ba0fc540221805,Verify your master password,Verifiera ditt huvudlösenord,Bitwarden,sv-bitwarden-mobile-full-review-20260919,verify_your_master_password,,project-context,69d57adf637ff658add8e335,reviewed-receipt,https://github.com/yeager/translations/blob/67e6d27877c9cfd6b6dbc74bd852b10bdbe09c3c/Bitwarden/sv-bitwarden-mobile-full-review-20260919.json,4e3887d6b78b4b084fa488b7680906187a4c12a0328977d8af4e98e7b1b94781,{}
57e566d4fbb0113d69e8f62c,Important,Viktigt,Bitwarden,sv-bitwarden-mobile-full-review-20260919,Important,,project-context,0e3a69606713e9a282dbfe7e,reviewed-receipt,https://github.com/yeager/translations/blob/67e6d27877c9cfd6b6dbc74bd852b10bdbe09c3c/Bitwarden/sv-bitwarden-mobile-full-review-20260919.json,4e3887d6b78b4b084fa488b7680906187a4c12a0328977d8af4e98e7b1b94781,{}
58005ee073b37b20e4816053,View bank account,Visa bankkonto,Bitwarden,sv-bitwarden-mobile-full-review-20260919,view_bank_account,,project-context,df0f9957135bad7c0d7d49d2,reviewed-receipt,https://github.com/yeager/translations/blob/67e6d27877c9cfd6b6dbc74bd852b10bdbe09c3c/Bitwarden/sv-bitwarden-mobile-full-review-20260919.json,4e3887d6b78b4b084fa488b7680906187a4c12a0328977d8af4e98e7b1b94781,{}
58240cfef0d3a482ad8ad387,Save,Spara,Bitwarden,sv-bitwarden-mobile-full-review-20260919,Save,,project-context,2c019d84de965afaa5de180b,reviewed-receipt,https://github.com/yeager/translations/blob/67e6d27877c9cfd6b6dbc74bd852b10bdbe09c3c/Bitwarden/sv-bitwarden-mobile-full-review-20260919.json,4e3887d6b78b4b084fa488b7680906187a4c12a0328977d8af4e98e7b1b94781,{}
5828a662992c3f583687f120,Use Face ID To Unlock,Använd Face ID för att låsa upp,Bitwarden,sv-bitwarden-mobile-full-review-20260919,UseFaceIDToUnlock,,project-context,bb515b72122cf07e12fe2d49,reviewed-receipt,https://github.com/yeager/translations/blob/67e6d27877c9cfd6b6dbc74bd852b10bdbe09c3c/Bitwarden/sv-bitwarden-mobile-full-review-20260919.json,4e3887d6b78b4b084fa488b7680906187a4c12a0328977d8af4e98e7b1b94781,{}
582ed9a1ab6655157600c000,Code sent!,Kod har skickats!,Bitwarden,sv-bitwarden-mobile-full-review-20260919,CodeSent,,project-context,c9e6e57f9065bd868d8da73b,reviewed-receipt,https://github.com/yeager/translations/blob/67e6d27877c9cfd6b6dbc74bd852b10bdbe09c3c/Bitwarden/sv-bitwarden-mobile-full-review-20260919.json,4e3887d6b78b4b084fa488b7680906187a4c12a0328977d8af4e98e7b1b94781,{}
587044a2fa685eacba4887a4,Attachment saved successfully,Bilagan sparades,Bitwarden,sv-bitwarden-mobile-full-review-20260919,save_attachment_success,,project-context,624e2d7297a851bc6bd33b8e,reviewed-receipt,https://github.com/yeager/translations/blob/67e6d27877c9cfd6b6dbc74bd852b10bdbe09c3c/Bitwarden/sv-bitwarden-mobile-full-review-20260919.json,4e3887d6b78b4b084fa488b7680906187a4c12a0328977d8af4e98e7b1b94781,{}
587afc5564e3e0a1888d7e4b,Export,Exportera,Bitwarden,sv-bitwarden-mobile-full-review-20260919,Export,,project-context,5a8a1cf993ab1b17e5d6e90d,reviewed-receipt,https://github.com/yeager/translations/blob/67e6d27877c9cfd6b6dbc74bd852b10bdbe09c3c/Bitwarden/sv-bitwarden-mobile-full-review-20260919.json,4e3887d6b78b4b084fa488b7680906187a4c12a0328977d8af4e98e7b1b94781,{}
587c67212ecfe956f02cbf23,SWIFT code,SWIFT-kod,Bitwarden,sv-bitwarden-mobile-full-review-20260919,SwiftCode,,project-context,5419e1dc727a79d237d52733,reviewed-receipt,https://github.com/yeager/translations/blob/67e6d27877c9cfd6b6dbc74bd852b10bdbe09c3c/Bitwarden/sv-bitwarden-mobile-full-review-20260919.json,4e3887d6b78b4b084fa488b7680906187a4c12a0328977d8af4e98e7b1b94781,{}
588b9af8d1317eecd115c9dc,Switched to next available account,Bytte till nästa tillgängliga konto,Bitwarden,sv-bitwarden-mobile-full-review-20260919,account_switched_automatically,,project-context,bed38743183d30b04f3f5528,reviewed-receipt,https://github.com/yeager/translations/blob/67e6d27877c9cfd6b6dbc74bd852b10bdbe09c3c/Bitwarden/sv-bitwarden-mobile-full-review-20260919.json,4e3887d6b78b4b084fa488b7680906187a4c12a0328977d8af4e98e7b1b94781,{}
588d0d222b40d1970e57ba3b,PIN,PIN-kod,Bitwarden,sv-bitwarden-mobile-full-review-20260919,pin,,project-context,afdf80ab6d3cd4f17ebd171f,reviewed-receipt,https://github.com/yeager/translations/blob/67e6d27877c9cfd6b6dbc74bd852b10bdbe09c3c/Bitwarden/sv-bitwarden-mobile-full-review-20260919.json,4e3887d6b78b4b084fa488b7680906187a4c12a0328977d8af4e98e7b1b94781,{}
58c5b1a55c9ba51201137d40,Bank contact phone,Bankens kontakttelefon,Bitwarden,sv-bitwarden-mobile-full-review-20260919,BankContactPhone,,project-context,ff90fdb3a53b1c7c0bd27109,reviewed-receipt,https://github.com/yeager/translations/blob/67e6d27877c9cfd6b6dbc74bd852b10bdbe09c3c/Bitwarden/sv-bitwarden-mobile-full-review-20260919.json,4e3887d6b78b4b084fa488b7680906187a4c12a0328977d8af4e98e7b1b94781,{}
58ca3564f1d802b20ac2d26d,Send link,Send-länk,Bitwarden,sv-bitwarden-mobile-full-review-20260919,send_link,,project-context,f8ae01bce24b78ea2a513901,reviewed-receipt,https://github.com/yeager/translations/blob/67e6d27877c9cfd6b6dbc74bd852b10bdbe09c3c/Bitwarden/sv-bitwarden-mobile-full-review-20260919.json,4e3887d6b78b4b084fa488b7680906187a4c12a0328977d8af4e98e7b1b94781,{}
59331dc1e133677894403a89,Import items,Importera objekt,Bitwarden,sv-bitwarden-mobile-full-review-20260919,import_items,,project-context,f5276b8764db33d98d4d9c68,reviewed-receipt,https://github.com/yeager/translations/blob/67e6d27877c9cfd6b6dbc74bd852b10bdbe09c3c/Bitwarden/sv-bitwarden-mobile-full-review-20260919.json,4e3887d6b78b4b084fa488b7680906187a4c12a0328977d8af4e98e7b1b94781,{}
594d0e0f90799b04fcf00c3f,Add identity,Lägg till identitet,Bitwarden,sv-bitwarden-mobile-full-review-20260919,AddIdentity,,project-context,9b8c705dfcb45b59da18336d,reviewed-receipt,https://github.com/yeager/translations/blob/67e6d27877c9cfd6b6dbc74bd852b10bdbe09c3c/Bitwarden/sv-bitwarden-mobile-full-review-20260919.json,4e3887d6b78b4b084fa488b7680906187a4c12a0328977d8af4e98e7b1b94781,{}
594d8b632780518381bdc13c,Identification,Identifiering,Bitwarden,sv-bitwarden-mobile-full-review-20260919,identification,,project-context,68273156e5a6f774c51b7603,reviewed-receipt,https://github.com/yeager/translations/blob/67e6d27877c9cfd6b6dbc74bd852b10bdbe09c3c/Bitwarden/sv-bitwarden-mobile-full-review-20260919.json,4e3887d6b78b4b084fa488b7680906187a4c12a0328977d8af4e98e7b1b94781,{}
5957a061c867efbec348f5e8,Password,Lösenord,Bitwarden,sv-bitwarden-mobile-full-review-20260919,password,,project-context,c5a8730bb1b842e0a4a0cbbb,reviewed-receipt,https://github.com/yeager/translations/blob/67e6d27877c9cfd6b6dbc74bd852b10bdbe09c3c/Bitwarden/sv-bitwarden-mobile-full-review-20260919.json,4e3887d6b78b4b084fa488b7680906187a4c12a0328977d8af4e98e7b1b94781,{}
59a0da6c1010b3253160c0f3,You’re all set!,Du är klar!,Bitwarden,sv-bitwarden-mobile-full-review-20260919,youre_all_set,,project-context,f268e8753c5fb1fd0a57f5c9,reviewed-receipt,https://github.com/yeager/translations/blob/67e6d27877c9cfd6b6dbc74bd852b10bdbe09c3c/Bitwarden/sv-bitwarden-mobile-full-review-20260919.json,4e3887d6b78b4b084fa488b7680906187a4c12a0328977d8af4e98e7b1b94781,{}
59ca9cfb2a5caaa825128a41,No vaults to list.,Det finns inga valv att lista.,Bitwarden,sv-bitwarden-mobile-full-review-20260919,no_vaults_to_list,,project-context,40a2688a8b44233f14198f1c,reviewed-receipt,https://github.com/yeager/translations/blob/67e6d27877c9cfd6b6dbc74bd852b10bdbe09c3c/Bitwarden/sv-bitwarden-mobile-full-review-20260919.json,4e3887d6b78b4b084fa488b7680906187a4c12a0328977d8af4e98e7b1b94781,{}
5a13b5bd99c90b6235452567,Item restored,Objekt återställt,Bitwarden,sv-bitwarden-mobile-full-review-20260919,item_restored,,project-context,395aa7859f60069fecf99501,reviewed-receipt,https://github.com/yeager/translations/blob/67e6d27877c9cfd6b6dbc74bd852b10bdbe09c3c/Bitwarden/sv-bitwarden-mobile-full-review-20260919.json,4e3887d6b78b4b084fa488b7680906187a4c12a0328977d8af4e98e7b1b94781,{}
5a4a709ece57dafe502a2899,Scan complete,Skanningen är färdig,Bitwarden,sv-bitwarden-mobile-full-review-20260919,ScanComplete,,project-context,5a24ce22902e84699abf726a,reviewed-receipt,https://github.com/yeager/translations/blob/67e6d27877c9cfd6b6dbc74bd852b10bdbe09c3c/Bitwarden/sv-bitwarden-mobile-full-review-20260919.json,4e3887d6b78b4b084fa488b7680906187a4c12a0328977d8af4e98e7b1b94781,{}
5a4c1f07fd86595d629e8eb1,Save passkey as new login,Spara inloggningsnyckel som ny inloggning,Bitwarden,sv-bitwarden-mobile-full-review-20260919,SavePasskeyAsNewLogin,,project-context,8c8260a6dd59fdad17190788,reviewed-receipt,https://github.com/yeager/translations/blob/67e6d27877c9cfd6b6dbc74bd852b10bdbe09c3c/Bitwarden/sv-bitwarden-mobile-full-review-20260919.json,4e3887d6b78b4b084fa488b7680906187a4c12a0328977d8af4e98e7b1b94781,{}
5a5f1aca87edb21039e50047,View SSH key,Visa SSH-nyckel,Bitwarden,sv-bitwarden-mobile-full-review-20260919,ViewSSHKey,,project-context,729433c52d7aa4e5cd070900,reviewed-receipt,https://github.com/yeager/translations/blob/67e6d27877c9cfd6b6dbc74bd852b10bdbe09c3c/Bitwarden/sv-bitwarden-mobile-full-review-20260919.json,4e3887d6b78b4b084fa488b7680906187a4c12a0328977d8af4e98e7b1b94781,{}
5a61416e75cf13ba2080d0ba,Past 14 days,Senaste 14 dagarna,Bitwarden,sv-bitwarden-mobile-full-review-20260919,past_fourteen_days,,project-context,0c886bf483e9f50dbc52a98d,reviewed-receipt,https://github.com/yeager/translations/blob/67e6d27877c9cfd6b6dbc74bd852b10bdbe09c3c/Bitwarden/sv-bitwarden-mobile-full-review-20260919.json,4e3887d6b78b4b084fa488b7680906187a4c12a0328977d8af4e98e7b1b94781,{}
5a98804755c00bffbcc48daa,Copy username,Kopiera användarnamn,Bitwarden,sv-bitwarden-mobile-full-review-20260919,copy_username,,project-context,9467a2d3cc51edf8752148aa,reviewed-receipt,https://github.com/yeager/translations/blob/67e6d27877c9cfd6b6dbc74bd852b10bdbe09c3c/Bitwarden/sv-bitwarden-mobile-full-review-20260919.json,4e3887d6b78b4b084fa488b7680906187a4c12a0328977d8af4e98e7b1b94781,{}
5ae14c2f715a67e40b2d03dd,Send name (required),Skicka namn (krävs),Bitwarden,sv-bitwarden-mobile-full-review-20260919,send_name_required,,project-context,438c999d22e28d70fa2bf3e9,reviewed-receipt,https://github.com/yeager/translations/blob/67e6d27877c9cfd6b6dbc74bd852b10bdbe09c3c/Bitwarden/sv-bitwarden-mobile-full-review-20260919.json,4e3887d6b78b4b084fa488b7680906187a4c12a0328977d8af4e98e7b1b94781,{}
5afaee2f57adcd91698d6a09,Cannot delete your account,Det går inte att radera ditt konto,Bitwarden,sv-bitwarden-mobile-full-review-20260919,cannot_delete_your_account,,project-context,7441342c5e70898547462d36,reviewed-receipt,https://github.com/yeager/translations/blob/67e6d27877c9cfd6b6dbc74bd852b10bdbe09c3c/Bitwarden/sv-bitwarden-mobile-full-review-20260919.json,4e3887d6b78b4b084fa488b7680906187a4c12a0328977d8af4e98e7b1b94781,{}
5b0cc091cbbaf6abf44b02f0,Turn on fill assist,Aktivera Fill Assist,Bitwarden,sv-bitwarden-mobile-full-review-20260919,turn_on_fill_assist,,project-context,d7c8f734e58c6aad0a4970ab,reviewed-receipt,https://github.com/yeager/translations/blob/67e6d27877c9cfd6b6dbc74bd852b10bdbe09c3c/Bitwarden/sv-bitwarden-mobile-full-review-20260919.json,4e3887d6b78b4b084fa488b7680906187a4c12a0328977d8af4e98e7b1b94781,{}
5b7e8a7d5f8bee672701c28e,Edit blocked URI,Redigera blockerad URI,Bitwarden,sv-bitwarden-mobile-full-review-20260919,edit_blocked_uri,,project-context,5e5ab7e3628b226c23611ccc,reviewed-receipt,https://github.com/yeager/translations/blob/67e6d27877c9cfd6b6dbc74bd852b10bdbe09c3c/Bitwarden/sv-bitwarden-mobile-full-review-20260919.json,4e3887d6b78b4b084fa488b7680906187a4c12a0328977d8af4e98e7b1b94781,{}
5bba5af61e4fba399cc94ee2,Generate username,Generera användarnamn,Bitwarden,sv-bitwarden-mobile-full-review-20260919,generate_username,,project-context,fcad4d200748a26a7b96f899,reviewed-receipt,https://github.com/yeager/translations/blob/67e6d27877c9cfd6b6dbc74bd852b10bdbe09c3c/Bitwarden/sv-bitwarden-mobile-full-review-20260919.json,4e3887d6b78b4b084fa488b7680906187a4c12a0328977d8af4e98e7b1b94781,{}
5bf44cd79b21e83ddd247e19,Log in with master password,Logga in med huvudlösenord,Bitwarden,sv-bitwarden-mobile-full-review-20260919,log_in_with_master_password,,project-context,570a14c622034e7a2d025e45,reviewed-receipt,https://github.com/yeager/translations/blob/67e6d27877c9cfd6b6dbc74bd852b10bdbe09c3c/Bitwarden/sv-bitwarden-mobile-full-review-20260919.json,4e3887d6b78b4b084fa488b7680906187a4c12a0328977d8af4e98e7b1b94781,{}
5bfdb93db4a241728aa114a2,Use the web app,Använd webbappen,Bitwarden,sv-bitwarden-mobile-full-review-20260919,use_the_web_app,,project-context,adbfc9132f833fe8fecca3bb,reviewed-receipt,https://github.com/yeager/translations/blob/67e6d27877c9cfd6b6dbc74bd852b10bdbe09c3c/Bitwarden/sv-bitwarden-mobile-full-review-20260919.json,4e3887d6b78b4b084fa488b7680906187a4c12a0328977d8af4e98e7b1b94781,{}
5c143dde33e2e73df5ea6131,Set up later?,Ställ in senare?,Bitwarden,sv-bitwarden-mobile-full-review-20260919,SetUpLaterQuestion,,project-context,631ff2889ac765632a8daa80,reviewed-receipt,https://github.com/yeager/translations/blob/67e6d27877c9cfd6b6dbc74bd852b10bdbe09c3c/Bitwarden/sv-bitwarden-mobile-full-review-20260919.json,4e3887d6b78b4b084fa488b7680906187a4c12a0328977d8af4e98e7b1b94781,{}
5c30bfb384662953ee8f9f11,Deleting your account is permanent,Radering av ditt konto är permanent,Bitwarden,sv-bitwarden-mobile-full-review-20260919,DeletingYourAccountIsPermanent,,project-context,e7a31e93b3162025042e0091,reviewed-receipt,https://github.com/yeager/translations/blob/67e6d27877c9cfd6b6dbc74bd852b10bdbe09c3c/Bitwarden/sv-bitwarden-mobile-full-review-20260919.json,4e3887d6b78b4b084fa488b7680906187a4c12a0328977d8af4e98e7b1b94781,{}
5c3f3cef972e46a403e2cbfd,Copy SWIFT code,Kopiera SWIFT-kod,Bitwarden,sv-bitwarden-mobile-full-review-20260919,copy_swift_code,,project-context,13b6360270c4d3bea4b1646a,reviewed-receipt,https://github.com/yeager/translations/blob/67e6d27877c9cfd6b6dbc74bd852b10bdbe09c3c/Bitwarden/sv-bitwarden-mobile-full-review-20260919.json,4e3887d6b78b4b084fa488b7680906187a4c12a0328977d8af4e98e7b1b94781,{}
5c62ff28c50e0b3cd6859c0e,Current master password (required),Aktuellt huvudlösenord (krävs),Bitwarden,sv-bitwarden-mobile-full-review-20260919,CurrentMasterPasswordRequired,,project-context,16017cad0d3872685388193c,reviewed-receipt,https://github.com/yeager/translations/blob/67e6d27877c9cfd6b6dbc74bd852b10bdbe09c3c/Bitwarden/sv-bitwarden-mobile-full-review-20260919.json,4e3887d6b78b4b084fa488b7680906187a4c12a0328977d8af4e98e7b1b94781,{}
5c692106e52296e88aa0bb69,Verify master password,Bekräfta huvudlösenord,Bitwarden,sv-bitwarden-mobile-full-review-20260919,VerifyMasterPassword,,project-context,9d3532795f38785d4c6bc02b,reviewed-receipt,https://github.com/yeager/translations/blob/67e6d27877c9cfd6b6dbc74bd852b10bdbe09c3c/Bitwarden/sv-bitwarden-mobile-full-review-20260919.json,4e3887d6b78b4b084fa488b7680906187a4c12a0328977d8af4e98e7b1b94781,{}
5c83a15e7f467f6f5600bc0c,Copy link,Kopiera länk,Bitwarden,sv-bitwarden-mobile-full-review-20260919,CopyLink,,project-context,76638cbaac8ab36d99d875b0,reviewed-receipt,https://github.com/yeager/translations/blob/67e6d27877c9cfd6b6dbc74bd852b10bdbe09c3c/Bitwarden/sv-bitwarden-mobile-full-review-20260919.json,4e3887d6b78b4b084fa488b7680906187a4c12a0328977d8af4e98e7b1b94781,{}
5c961858c3dfee938eb4ab79,Log out,Logga ut,Bitwarden,sv-bitwarden-mobile-full-review-20260919,LogOut,,project-context,c9db84d05c5657e36ed9af09,reviewed-receipt,https://github.com/yeager/translations/blob/67e6d27877c9cfd6b6dbc74bd852b10bdbe09c3c/Bitwarden/sv-bitwarden-mobile-full-review-20260919.json,4e3887d6b78b4b084fa488b7680906187a4c12a0328977d8af4e98e7b1b94781,{}
5c9660df939da2c334532857,Savings,Sparkonto,Bitwarden,sv-bitwarden-mobile-full-review-20260919,Savings,,project-context,ab5d886f9e52c912ab18eac4,reviewed-receipt,https://github.com/yeager/translations/blob/67e6d27877c9cfd6b6dbc74bd852b10bdbe09c3c/Bitwarden/sv-bitwarden-mobile-full-review-20260919.json,4e3887d6b78b4b084fa488b7680906187a4c12a0328977d8af4e98e7b1b94781,{}
5cc2fcc1921d07e6cf0ccdb8,Use dynamic colors,Använd dynamiska färger,Bitwarden,sv-bitwarden-mobile-full-review-20260919,use_dynamic_colors,,project-context,635a9724034826be76c1e0ce,reviewed-receipt,https://github.com/yeager/translations/blob/67e6d27877c9cfd6b6dbc74bd852b10bdbe09c3c/Bitwarden/sv-bitwarden-mobile-full-review-20260919.json,4e3887d6b78b4b084fa488b7680906187a4c12a0328977d8af4e98e7b1b94781,{}
5cc949db0c0575c3eb7980ec,Passports,Pass,Bitwarden,sv-bitwarden-mobile-full-review-20260919,Passports,,project-context,d16abe8de5dd2849ca468cf6,reviewed-receipt,https://github.com/yeager/translations/blob/67e6d27877c9cfd6b6dbc74bd852b10bdbe09c3c/Bitwarden/sv-bitwarden-mobile-full-review-20260919.json,4e3887d6b78b4b084fa488b7680906187a4c12a0328977d8af4e98e7b1b94781,{}
5cddb203e1bb68b6a532672f,Surname,Efternamn,Bitwarden,sv-bitwarden-mobile-full-review-20260919,surname,,project-context,69bc442cc3ae0307c285f226,reviewed-receipt,https://github.com/yeager/translations/blob/67e6d27877c9cfd6b6dbc74bd852b10bdbe09c3c/Bitwarden/sv-bitwarden-mobile-full-review-20260919.json,4e3887d6b78b4b084fa488b7680906187a4c12a0328977d8af4e98e7b1b94781,{}
5d38ad68b77cc1ae74fbc169,Trash,Papperskorg,Bitwarden,sv-bitwarden-mobile-full-review-20260919,Trash,,project-context,5da07670f83f84ea6a130c18,reviewed-receipt,https://github.com/yeager/translations/blob/67e6d27877c9cfd6b6dbc74bd852b10bdbe09c3c/Bitwarden/sv-bitwarden-mobile-full-review-20260919.json,4e3887d6b78b4b084fa488b7680906187a4c12a0328977d8af4e98e7b1b94781,{}
5d6a4ceb7046c5ea3c4eec63,Request admin approval,Be om godkännande från administratör,Bitwarden,sv-bitwarden-mobile-full-review-20260919,request_admin_approval,,project-context,aff44c88631e1283cfa09c39,reviewed-receipt,https://github.com/yeager/translations/blob/67e6d27877c9cfd6b6dbc74bd852b10bdbe09c3c/Bitwarden/sv-bitwarden-mobile-full-review-20260919.json,4e3887d6b78b4b084fa488b7680906187a4c12a0328977d8af4e98e7b1b94781,{}
5d6d3d3f66bfb6fba0a2547c,Autofill passwords,Autofyll lösenord,Bitwarden,sv-bitwarden-mobile-full-review-20260919,autofill_passwords,,project-context,491f58f8994e13a1c280bfaa,reviewed-receipt,https://github.com/yeager/translations/blob/67e6d27877c9cfd6b6dbc74bd852b10bdbe09c3c/Bitwarden/sv-bitwarden-mobile-full-review-20260919.json,4e3887d6b78b4b084fa488b7680906187a4c12a0328977d8af4e98e7b1b94781,{}
5d7f722c90b717a659664b95,Security code,Säkerhetskod,Bitwarden,sv-bitwarden-mobile-full-review-20260919,security_code,,project-context,e33afafc0563b9e7bd5fa4e6,reviewed-receipt,https://github.com/yeager/translations/blob/67e6d27877c9cfd6b6dbc74bd852b10bdbe09c3c/Bitwarden/sv-bitwarden-mobile-full-review-20260919.json,4e3887d6b78b4b084fa488b7680906187a4c12a0328977d8af4e98e7b1b94781,{}
5d9b20f4bc2ef7a10c251a6c,Key,Nyckel,Bitwarden,sv-bitwarden-mobile-full-review-20260919,key,,project-context,af40e90266dbd105aa83352b,reviewed-receipt,https://github.com/yeager/translations/blob/67e6d27877c9cfd6b6dbc74bd852b10bdbe09c3c/Bitwarden/sv-bitwarden-mobile-full-review-20260919.json,4e3887d6b78b4b084fa488b7680906187a4c12a0328977d8af4e98e7b1b94781,{}
5dbe89bc9bd4641dd96e0c05,Item details,Objektinformation,Bitwarden,sv-bitwarden-mobile-full-review-20260919,item_details,,project-context,0ec916ab63e2318698563f28,reviewed-receipt,https://github.com/yeager/translations/blob/67e6d27877c9cfd6b6dbc74bd852b10bdbe09c3c/Bitwarden/sv-bitwarden-mobile-full-review-20260919.json,4e3887d6b78b4b084fa488b7680906187a4c12a0328977d8af4e98e7b1b94781,{}
5df1661297868b351aeaf5be,Last name,Efternamn,Bitwarden,sv-bitwarden-mobile-full-review-20260919,last_name,,project-context,dcbe1d854a7706d18dcd2bd9,reviewed-receipt,https://github.com/yeager/translations/blob/67e6d27877c9cfd6b6dbc74bd852b10bdbe09c3c/Bitwarden/sv-bitwarden-mobile-full-review-20260919.json,4e3887d6b78b4b084fa488b7680906187a4c12a0328977d8af4e98e7b1b94781,{}
5df975f66e623ffcb8e96c4b,Get instant access to your passwords!,Få omedelbar tillgång till dina lösenord!,Bitwarden,sv-bitwarden-mobile-full-review-20260919,ExtensionInstantAccess,,project-context,eacce9b7a18b27d538856aaf,reviewed-receipt,https://github.com/yeager/translations/blob/67e6d27877c9cfd6b6dbc74bd852b10bdbe09c3c/Bitwarden/sv-bitwarden-mobile-full-review-20260919.json,4e3887d6b78b4b084fa488b7680906187a4c12a0328977d8af4e98e7b1b94781,{}
5dfa71df40dbaa0d13fd790f,Copy account number,Kopiera kontonummer,Bitwarden,sv-bitwarden-mobile-full-review-20260919,copy_account_number,,project-context,e9dd3e366dcb6cb8ee22dc67,reviewed-receipt,https://github.com/yeager/translations/blob/67e6d27877c9cfd6b6dbc74bd852b10bdbe09c3c/Bitwarden/sv-bitwarden-mobile-full-review-20260919.json,4e3887d6b78b4b084fa488b7680906187a4c12a0328977d8af4e98e7b1b94781,{}
5e0c706c72e0c50b4567434b,Required Information Missing,Nödvändig information saknas,Bitwarden,sv-bitwarden-mobile-full-review-20260919,RequiredInformationMissing,,project-context,629bd823919d34153ece152c,reviewed-receipt,https://github.com/yeager/translations/blob/67e6d27877c9cfd6b6dbc74bd852b10bdbe09c3c/Bitwarden/sv-bitwarden-mobile-full-review-20260919.json,4e3887d6b78b4b084fa488b7680906187a4c12a0328977d8af4e98e7b1b94781,{}
5e14c91f5674644c546a5e18,Launch tutorial,Starta handledning,Bitwarden,sv-bitwarden-mobile-full-review-20260919,launch_tutorial,,project-context,5612b7091af04911e90ded69,reviewed-receipt,https://github.com/yeager/translations/blob/67e6d27877c9cfd6b6dbc74bd852b10bdbe09c3c/Bitwarden/sv-bitwarden-mobile-full-review-20260919.json,4e3887d6b78b4b084fa488b7680906187a4c12a0328977d8af4e98e7b1b94781,{}
5e1dde02890f31458646659d,Type,Typ,Bitwarden,sv-bitwarden-mobile-full-review-20260919,type,,project-context,0ff588c9912d20813ede3803,reviewed-receipt,https://github.com/yeager/translations/blob/67e6d27877c9cfd6b6dbc74bd852b10bdbe09c3c/Bitwarden/sv-bitwarden-mobile-full-review-20260919.json,4e3887d6b78b4b084fa488b7680906187a4c12a0328977d8af4e98e7b1b94781,{}
5e3dbcc152d372f8e9d6df60,Payment not received yet,Betalning ej mottagen ännu,Bitwarden,sv-bitwarden-mobile-full-review-20260919,payment_not_received_yet,,project-context,98fba09d97972181b5f0d520,reviewed-receipt,https://github.com/yeager/translations/blob/67e6d27877c9cfd6b6dbc74bd852b10bdbe09c3c/Bitwarden/sv-bitwarden-mobile-full-review-20260919.json,4e3887d6b78b4b084fa488b7680906187a4c12a0328977d8af4e98e7b1b94781,{}
5e51236b20a7fa57549a61b5,Internet connection required,Internetanslutning krävs,Bitwarden,sv-bitwarden-mobile-full-review-20260919,InternetConnectionRequiredTitle,,project-context,2e5f5e411c1bc4167f49386d,reviewed-receipt,https://github.com/yeager/translations/blob/67e6d27877c9cfd6b6dbc74bd852b10bdbe09c3c/Bitwarden/sv-bitwarden-mobile-full-review-20260919.json,4e3887d6b78b4b084fa488b7680906187a4c12a0328977d8af4e98e7b1b94781,{}
5e72dcaa6d2486dcb1a897d5,Download now,Ladda ner nu,Bitwarden,sv-bitwarden-mobile-full-review-20260919,download_now,,project-context,1cc0ea46147ab82366cbe8a8,reviewed-receipt,https://github.com/yeager/translations/blob/67e6d27877c9cfd6b6dbc74bd852b10bdbe09c3c/Bitwarden/sv-bitwarden-mobile-full-review-20260919.json,4e3887d6b78b4b084fa488b7680906187a4c12a0328977d8af4e98e7b1b94781,{}
5f1b6415c297c9b972b90d59,Learn about new logins,Lär dig mer om nya inloggningar,Bitwarden,sv-bitwarden-mobile-full-review-20260919,learn_about_new_logins,,project-context,8050030988f54e77a7109ba4,reviewed-receipt,https://github.com/yeager/translations/blob/67e6d27877c9cfd6b6dbc74bd852b10bdbe09c3c/Bitwarden/sv-bitwarden-mobile-full-review-20260919.json,4e3887d6b78b4b084fa488b7680906187a4c12a0328977d8af4e98e7b1b94781,{}
5f280d500e9e2547a2bbf4ea,Domain name (required),Domännamn (obligatoriskt),Bitwarden,sv-bitwarden-mobile-full-review-20260919,domain_name_required_parenthesis,,project-context,c9ad368f881524db6e53b3dc,reviewed-receipt,https://github.com/yeager/translations/blob/67e6d27877c9cfd6b6dbc74bd852b10bdbe09c3c/Bitwarden/sv-bitwarden-mobile-full-review-20260919.json,4e3887d6b78b4b084fa488b7680906187a4c12a0328977d8af4e98e7b1b94781,{}
5f4cdd514cc4e931230e4e4a,Web app,Webbapp,Bitwarden,sv-bitwarden-mobile-full-review-20260919,WebVault2,,project-context,43543392b9db9df802b0c97e,reviewed-receipt,https://github.com/yeager/translations/blob/67e6d27877c9cfd6b6dbc74bd852b10bdbe09c3c/Bitwarden/sv-bitwarden-mobile-full-review-20260919.json,4e3887d6b78b4b084fa488b7680906187a4c12a0328977d8af4e98e7b1b94781,{}
5f993c8b7b979eaaff6d8c21,15 minutes,15 minuter,Bitwarden,sv-bitwarden-mobile-full-review-20260919,fifteen_minutes,,project-context,6a875a6ffb98a3c8c648d710,reviewed-receipt,https://github.com/yeager/translations/blob/67e6d27877c9cfd6b6dbc74bd852b10bdbe09c3c/Bitwarden/sv-bitwarden-mobile-full-review-20260919.json,4e3887d6b78b4b084fa488b7680906187a4c12a0328977d8af4e98e7b1b94781,{}
5f9b9827e5e22bc721253242,Money market,Penningmarknad,Bitwarden,sv-bitwarden-mobile-full-review-20260919,MoneyMarket,,project-context,e01ede5137172e3d603d8ce1,reviewed-receipt,https://github.com/yeager/translations/blob/67e6d27877c9cfd6b6dbc74bd852b10bdbe09c3c/Bitwarden/sv-bitwarden-mobile-full-review-20260919.json,4e3887d6b78b4b084fa488b7680906187a4c12a0328977d8af4e98e7b1b94781,{}
5fb4ccb6558f05341cfd6995,Device type,Enhetstyp,Bitwarden,sv-bitwarden-mobile-full-review-20260919,device_type,,project-context,807e100a7d7dcf723ec3eaa2,reviewed-receipt,https://github.com/yeager/translations/blob/67e6d27877c9cfd6b6dbc74bd852b10bdbe09c3c/Bitwarden/sv-bitwarden-mobile-full-review-20260919.json,4e3887d6b78b4b084fa488b7680906187a4c12a0328977d8af4e98e7b1b94781,{}
5fc4b06e8d3ac24a33a6c28b,Keep documents safe and encrypted,Håll dokument säkra och krypterade,Bitwarden,sv-bitwarden-mobile-full-review-20260919,keep_documents_safe_and_encrypted,,project-context,6e56989f3c3ef1c8fb6d5504,reviewed-receipt,https://github.com/yeager/translations/blob/67e6d27877c9cfd6b6dbc74bd852b10bdbe09c3c/Bitwarden/sv-bitwarden-mobile-full-review-20260919.json,4e3887d6b78b4b084fa488b7680906187a4c12a0328977d8af4e98e7b1b94781,{}
601c32affcf84dad59baf589,Expiration year,Utgångsår,Bitwarden,sv-bitwarden-mobile-full-review-20260919,ExpirationYear,,project-context,0d38b47ed2cd606d5d71975c,reviewed-receipt,https://github.com/yeager/translations/blob/67e6d27877c9cfd6b6dbc74bd852b10bdbe09c3c/Bitwarden/sv-bitwarden-mobile-full-review-20260919.json,4e3887d6b78b4b084fa488b7680906187a4c12a0328977d8af4e98e7b1b94781,{}
6035859b227e729fd98eb056,Logging in…,Loggar in…,Bitwarden,sv-bitwarden-mobile-full-review-20260919,LoggingIn,,project-context,f2b903d4f628652260f1e985,reviewed-receipt,https://github.com/yeager/translations/blob/67e6d27877c9cfd6b6dbc74bd852b10bdbe09c3c/Bitwarden/sv-bitwarden-mobile-full-review-20260919.json,4e3887d6b78b4b084fa488b7680906187a4c12a0328977d8af4e98e7b1b94781,{}
60496b419ccf15c6ec202046,File could not be processed,Filen kunde inte behandlas,Bitwarden,sv-bitwarden-mobile-full-review-20260919,FileCouldNotBeProcessed,,project-context,d03203ab241e69bc906e6de4,reviewed-receipt,https://github.com/yeager/translations/blob/67e6d27877c9cfd6b6dbc74bd852b10bdbe09c3c/Bitwarden/sv-bitwarden-mobile-full-review-20260919.json,4e3887d6b78b4b084fa488b7680906187a4c12a0328977d8af4e98e7b1b94781,{}
6069c7b6dd103124d79ffe19,Backup,Säkerhetskopiera,Bitwarden,sv-bitwarden-mobile-full-review-20260919,Backup,,project-context,b7876039a0c79798adeeff7c,reviewed-receipt,https://github.com/yeager/translations/blob/67e6d27877c9cfd6b6dbc74bd852b10bdbe09c3c/Bitwarden/sv-bitwarden-mobile-full-review-20260919.json,4e3887d6b78b4b084fa488b7680906187a4c12a0328977d8af4e98e7b1b94781,{}
60724df1e70533a419ab1017,Allow authenticator syncing,Tillåt synkronisering av autentiserare,Bitwarden,sv-bitwarden-mobile-full-review-20260919,AllowAuthenticatorSyncing,,project-context,46d6778485e01dc4356ddd28,reviewed-receipt,https://github.com/yeager/translations/blob/67e6d27877c9cfd6b6dbc74bd852b10bdbe09c3c/Bitwarden/sv-bitwarden-mobile-full-review-20260919.json,4e3887d6b78b4b084fa488b7680906187a4c12a0328977d8af4e98e7b1b94781,{}
607321efde0e10a86bd6d5db,Storage cost,Lagringskostnad,Bitwarden,sv-bitwarden-mobile-full-review-20260919,StorageCost,,project-context,f98439ed7e9df2bb46eec200,reviewed-receipt,https://github.com/yeager/translations/blob/67e6d27877c9cfd6b6dbc74bd852b10bdbe09c3c/Bitwarden/sv-bitwarden-mobile-full-review-20260919.json,4e3887d6b78b4b084fa488b7680906187a4c12a0328977d8af4e98e7b1b94781,{}
6077e5833bc2e0d4eb032bc1,Language change requires app restart,Ändring av språk kräver att appen startas om,Bitwarden,sv-bitwarden-mobile-full-review-20260919,LanguageChangeRequiresAppRestart,,project-context,b1ac3acd54a7da80dd44f61b,reviewed-receipt,https://github.com/yeager/translations/blob/67e6d27877c9cfd6b6dbc74bd852b10bdbe09c3c/Bitwarden/sv-bitwarden-mobile-full-review-20260919.json,4e3887d6b78b4b084fa488b7680906187a4c12a0328977d8af4e98e7b1b94781,{}
607e8444c368a2962243fba0,City / Town,Ort,Bitwarden,sv-bitwarden-mobile-full-review-20260919,city_town,,project-context,7bbcd79bbc0c08b0c417def3,reviewed-receipt,https://github.com/yeager/translations/blob/67e6d27877c9cfd6b6dbc74bd852b10bdbe09c3c/Bitwarden/sv-bitwarden-mobile-full-review-20260919.json,4e3887d6b78b4b084fa488b7680906187a4c12a0328977d8af4e98e7b1b94781,{}
60896cc8a1a469a46dd9de62,Set master password,Ange huvudlösenord,Bitwarden,sv-bitwarden-mobile-full-review-20260919,SetMasterPassword,,project-context,a8459cbeca5029327e60c5bf,reviewed-receipt,https://github.com/yeager/translations/blob/67e6d27877c9cfd6b6dbc74bd852b10bdbe09c3c/Bitwarden/sv-bitwarden-mobile-full-review-20260919.json,4e3887d6b78b4b084fa488b7680906187a4c12a0328977d8af4e98e7b1b94781,{}
6098fc708d5b11208d7e7c5f,All vaults,Alla valv,Bitwarden,sv-bitwarden-mobile-full-review-20260919,all_vaults,,project-context,f45c6ba3a4dbcd2bc05347d9,reviewed-receipt,https://github.com/yeager/translations/blob/67e6d27877c9cfd6b6dbc74bd852b10bdbe09c3c/Bitwarden/sv-bitwarden-mobile-full-review-20260919.json,4e3887d6b78b4b084fa488b7680906187a4c12a0328977d8af4e98e7b1b94781,{}
60cb8db44a90417399be90a8,import help,importhjälp,Bitwarden,sv-bitwarden-mobile-full-review-20260919,import_help,,project-context,abaa00fa509546f57d55643b,reviewed-receipt,https://github.com/yeager/translations/blob/67e6d27877c9cfd6b6dbc74bd852b10bdbe09c3c/Bitwarden/sv-bitwarden-mobile-full-review-20260919.json,4e3887d6b78b4b084fa488b7680906187a4c12a0328977d8af4e98e7b1b94781,{}
60ea944e9f0b77215f7e0455,Favorite,Favorit,Bitwarden,sv-bitwarden-mobile-full-review-20260919,Favorite,,project-context,d28a49976af7ccd1736b2568,reviewed-receipt,https://github.com/yeager/translations/blob/67e6d27877c9cfd6b6dbc74bd852b10bdbe09c3c/Bitwarden/sv-bitwarden-mobile-full-review-20260919.json,4e3887d6b78b4b084fa488b7680906187a4c12a0328977d8af4e98e7b1b94781,{}
6108d8b6d9b1f2642866743a,Create account,Skapa konto,Bitwarden,sv-bitwarden-mobile-full-review-20260919,CreateAccount,,project-context,3447ba28a7a2877c09f1f5da,reviewed-receipt,https://github.com/yeager/translations/blob/67e6d27877c9cfd6b6dbc74bd852b10bdbe09c3c/Bitwarden/sv-bitwarden-mobile-full-review-20260919.json,4e3887d6b78b4b084fa488b7680906187a4c12a0328977d8af4e98e7b1b94781,{}
614282e58a143a61d361d7ce,Nationality,Nationalitet,Bitwarden,sv-bitwarden-mobile-full-review-20260919,Nationality,,project-context,59b92219c00adbf09986f1aa,reviewed-receipt,https://github.com/yeager/translations/blob/67e6d27877c9cfd6b6dbc74bd852b10bdbe09c3c/Bitwarden/sv-bitwarden-mobile-full-review-20260919.json,4e3887d6b78b4b084fa488b7680906187a4c12a0328977d8af4e98e7b1b94781,{}
616ecbb9773cba15cbc3ea51,Access help and troubleshooting documentation here,Hitta dokumentation för felsökning och hjälp här,Bitwarden,sv-bitwarden-mobile-full-review-20260919,access_help_and_troubleshooting_documentation_here,,project-context,8c1bb3aa3a86af04b56127ad,reviewed-receipt,https://github.com/yeager/translations/blob/67e6d27877c9cfd6b6dbc74bd852b10bdbe09c3c/Bitwarden/sv-bitwarden-mobile-full-review-20260919.json,4e3887d6b78b4b084fa488b7680906187a4c12a0328977d8af4e98e7b1b94781,{}
61b3eaf2c1651bad36a8d07e,Flag accounts with inactive 2FA,Flagga konton med inaktiv 2FA,Bitwarden,sv-bitwarden-mobile-full-review-20260919,FlagAccountsWithInactive2fa,,project-context,7fb1bbf96d4af80b6680833a,reviewed-receipt,https://github.com/yeager/translations/blob/67e6d27877c9cfd6b6dbc74bd852b10bdbe09c3c/Bitwarden/sv-bitwarden-mobile-full-review-20260919.json,4e3887d6b78b4b084fa488b7680906187a4c12a0328977d8af4e98e7b1b94781,{}
61b87501ee4672f58825591b,Receive 24/7 priority support,Få 24/7 prioritetssupport,Bitwarden,sv-bitwarden-mobile-full-review-20260919,Receive247PrioritySupport,,project-context,5f520de19af6a58e486be885,reviewed-receipt,https://github.com/yeager/translations/blob/67e6d27877c9cfd6b6dbc74bd852b10bdbe09c3c/Bitwarden/sv-bitwarden-mobile-full-review-20260919.json,4e3887d6b78b4b084fa488b7680906187a4c12a0328977d8af4e98e7b1b94781,{}
622c5965a35fa86aab44c733,You left the organization,Du lämnade organisationen,Bitwarden,sv-bitwarden-mobile-full-review-20260919,YouLeftTheOrganization,,project-context,648c66ad8fd57ead22a6a6fe,reviewed-receipt,https://github.com/yeager/translations/blob/67e6d27877c9cfd6b6dbc74bd852b10bdbe09c3c/Bitwarden/sv-bitwarden-mobile-full-review-20260919.json,4e3887d6b78b4b084fa488b7680906187a4c12a0328977d8af4e98e7b1b94781,{}
623e0c8b4674b6e0098e5192,Confirm your identity to continue.,Bekräfta din identitet för att fortsätta.,Bitwarden,sv-bitwarden-mobile-full-review-20260919,confirm_your_identity,,project-context,8b588ed31dd7b46288ccc25d,reviewed-receipt,https://github.com/yeager/translations/blob/67e6d27877c9cfd6b6dbc74bd852b10bdbe09c3c/Bitwarden/sv-bitwarden-mobile-full-review-20260919.json,4e3887d6b78b4b084fa488b7680906187a4c12a0328977d8af4e98e7b1b94781,{}
627f399f0be28dec121df1c4,No logs recorded,Inga loggar registrerade,Bitwarden,sv-bitwarden-mobile-full-review-20260919,no_logs_recorded,,project-context,90871e1ee15c386dcc598d37,reviewed-receipt,https://github.com/yeager/translations/blob/67e6d27877c9cfd6b6dbc74bd852b10bdbe09c3c/Bitwarden/sv-bitwarden-mobile-full-review-20260919.json,4e3887d6b78b4b084fa488b7680906187a4c12a0328977d8af4e98e7b1b94781,{}
628488dfdd34f103efc5bea0,Security code,Säkerhetskod,Bitwarden,sv-bitwarden-mobile-full-review-20260919,SecurityCode,,project-context,20bf8caa08e6e7ef5b50b950,reviewed-receipt,https://github.com/yeager/translations/blob/67e6d27877c9cfd6b6dbc74bd852b10bdbe09c3c/Bitwarden/sv-bitwarden-mobile-full-review-20260919.json,4e3887d6b78b4b084fa488b7680906187a4c12a0328977d8af4e98e7b1b94781,{}
62b3593675b467b5ffca0782,Breeze through 2FA with built-in codes,Klara 2FA enkelt med inbyggda koder,Bitwarden,sv-bitwarden-mobile-full-review-20260919,breeze_through_2fa_with_built_in_codes,,project-context,d3b7a251e3e7cd95c3cbe053,reviewed-receipt,https://github.com/yeager/translations/blob/67e6d27877c9cfd6b6dbc74bd852b10bdbe09c3c/Bitwarden/sv-bitwarden-mobile-full-review-20260919.json,4e3887d6b78b4b084fa488b7680906187a4c12a0328977d8af4e98e7b1b94781,{}
62b406983720e1e0e0f42d0e,Service,Tjänst,Bitwarden,sv-bitwarden-mobile-full-review-20260919,Service,,project-context,0e0aed0798ab7f5463b015ec,reviewed-receipt,https://github.com/yeager/translations/blob/67e6d27877c9cfd6b6dbc74bd852b10bdbe09c3c/Bitwarden/sv-bitwarden-mobile-full-review-20260919.json,4e3887d6b78b4b084fa488b7680906187a4c12a0328977d8af4e98e7b1b94781,{}
62b7248b15f1b49d0becc126,Log in,Logga in,Bitwarden,sv-bitwarden-mobile-full-review-20260919,LogIn,,project-context,6cf56a67de86004aed96e297,reviewed-receipt,https://github.com/yeager/translations/blob/67e6d27877c9cfd6b6dbc74bd852b10bdbe09c3c/Bitwarden/sv-bitwarden-mobile-full-review-20260919.json,4e3887d6b78b4b084fa488b7680906187a4c12a0328977d8af4e98e7b1b94781,{}
63347848f55040df6ea8d4e5,Exposed Master Password,Huvudlösenordet har exponerats,Bitwarden,sv-bitwarden-mobile-full-review-20260919,exposed_master_password,,project-context,935afb0fb91d18cfa4fe0963,reviewed-receipt,https://github.com/yeager/translations/blob/67e6d27877c9cfd6b6dbc74bd852b10bdbe09c3c/Bitwarden/sv-bitwarden-mobile-full-review-20260919.json,4e3887d6b78b4b084fa488b7680906187a4c12a0328977d8af4e98e7b1b94781,{}
6336eccb9639847cf1350ca4,Lock all accounts,Lås alla konton,Bitwarden,sv-bitwarden-mobile-full-review-20260919,LockAllAccounts,,project-context,bb2875d9cdcbf8d13071cf9a,reviewed-receipt,https://github.com/yeager/translations/blob/67e6d27877c9cfd6b6dbc74bd852b10bdbe09c3c/Bitwarden/sv-bitwarden-mobile-full-review-20260919.json,4e3887d6b78b4b084fa488b7680906187a4c12a0328977d8af4e98e7b1b94781,{}
6349850d73e16d78a220e63c,Resend notification,Skicka avisering igen,Bitwarden,sv-bitwarden-mobile-full-review-20260919,resend_notification,,project-context,7ca26837db7e5ecbc7c29659,reviewed-receipt,https://github.com/yeager/translations/blob/67e6d27877c9cfd6b6dbc74bd852b10bdbe09c3c/Bitwarden/sv-bitwarden-mobile-full-review-20260919.json,4e3887d6b78b4b084fa488b7680906187a4c12a0328977d8af4e98e7b1b94781,{}
63524b5bec5b3a628d02b8ed,First login:,Första inloggningen:,Bitwarden,sv-bitwarden-mobile-full-review-20260919,FirstLoginLabel,,project-context,c0793737f09e8363bd99e741,reviewed-receipt,https://github.com/yeager/translations/blob/67e6d27877c9cfd6b6dbc74bd852b10bdbe09c3c/Bitwarden/sv-bitwarden-mobile-full-review-20260919.json,4e3887d6b78b4b084fa488b7680906187a4c12a0328977d8af4e98e7b1b94781,{}
63796c6d64caa16ba6a9c893,Continue to web app?,Fortsätt till webbapp?,Bitwarden,sv-bitwarden-mobile-full-review-20260919,ContinueToWebApp,,project-context,4070df49cf4f7dca2cccfdef,reviewed-receipt,https://github.com/yeager/translations/blob/67e6d27877c9cfd6b6dbc74bd852b10bdbe09c3c/Bitwarden/sv-bitwarden-mobile-full-review-20260919.json,4e3887d6b78b4b084fa488b7680906187a4c12a0328977d8af4e98e7b1b94781,{}
63bc3064c058f24509349fe7,An error has occurred.,Ett fel har inträffat.,Bitwarden,sv-bitwarden-mobile-full-review-20260919,AnErrorHasOccurred,,project-context,fe54d2a9448c72a6378b6ca6,reviewed-receipt,https://github.com/yeager/translations/blob/67e6d27877c9cfd6b6dbc74bd852b10bdbe09c3c/Bitwarden/sv-bitwarden-mobile-full-review-20260919.json,4e3887d6b78b4b084fa488b7680906187a4c12a0328977d8af4e98e7b1b94781,{}
63f3c17b83469683fa2ac57f,No items imported,Inga objekt importerades,Bitwarden,sv-bitwarden-mobile-full-review-20260919,no_items_imported,,project-context,2e2588aae4ede136f390ea2d,reviewed-receipt,https://github.com/yeager/translations/blob/67e6d27877c9cfd6b6dbc74bd852b10bdbe09c3c/Bitwarden/sv-bitwarden-mobile-full-review-20260919.json,4e3887d6b78b4b084fa488b7680906187a4c12a0328977d8af4e98e7b1b94781,{}
640cedd464fed6bb1d728279,Trash,Papperskorg,Bitwarden,sv-bitwarden-mobile-full-review-20260919,trash,,project-context,7d3cc2fef8d3447b396fff56,reviewed-receipt,https://github.com/yeager/translations/blob/67e6d27877c9cfd6b6dbc74bd852b10bdbe09c3c/Bitwarden/sv-bitwarden-mobile-full-review-20260919.json,4e3887d6b78b4b084fa488b7680906187a4c12a0328977d8af4e98e7b1b94781,{}
6426e3d95e81bc9a3a5efe2f,Copy last name,Kopiera efternamn,Bitwarden,sv-bitwarden-mobile-full-review-20260919,copy_last_name,,project-context,a85f80758a20ae565003857d,reviewed-receipt,https://github.com/yeager/translations/blob/67e6d27877c9cfd6b6dbc74bd852b10bdbe09c3c/Bitwarden/sv-bitwarden-mobile-full-review-20260919.json,4e3887d6b78b4b084fa488b7680906187a4c12a0328977d8af4e98e7b1b94781,{}
642926f45a4a56ddbd74ebc2,View all log in options,Visa alla inloggningsalternativ,Bitwarden,sv-bitwarden-mobile-full-review-20260919,ViewAllLoginOptions,,project-context,168ff657aecb9f89aca02f78,reviewed-receipt,https://github.com/yeager/translations/blob/67e6d27877c9cfd6b6dbc74bd852b10bdbe09c3c/Bitwarden/sv-bitwarden-mobile-full-review-20260919.json,4e3887d6b78b4b084fa488b7680906187a4c12a0328977d8af4e98e7b1b94781,{}
642b7ab1b44a504c1121a319,Filter items by vault,Filtrera objekt efter valv,Bitwarden,sv-bitwarden-mobile-full-review-20260919,FilterByVault,,project-context,eb094bd1468679cec4f7cffe,reviewed-receipt,https://github.com/yeager/translations/blob/67e6d27877c9cfd6b6dbc74bd852b10bdbe09c3c/Bitwarden/sv-bitwarden-mobile-full-review-20260919.json,4e3887d6b78b4b084fa488b7680906187a4c12a0328977d8af4e98e7b1b94781,{}
64379c9dfcd16848861c5f42,Copy TOTP,Kopiera TOTP,Bitwarden,sv-bitwarden-mobile-full-review-20260919,copy_totp,,project-context,e61009e21c6c513545967bd6,reviewed-receipt,https://github.com/yeager/translations/blob/67e6d27877c9cfd6b6dbc74bd852b10bdbe09c3c/Bitwarden/sv-bitwarden-mobile-full-review-20260919.json,4e3887d6b78b4b084fa488b7680906187a4c12a0328977d8af4e98e7b1b94781,{}
648d8540b96df56e0b300504,Collections,Samlingar,Bitwarden,sv-bitwarden-mobile-full-review-20260919,Collections,,project-context,d006e89c545a5fabd768d185,reviewed-receipt,https://github.com/yeager/translations/blob/67e6d27877c9cfd6b6dbc74bd852b10bdbe09c3c/Bitwarden/sv-bitwarden-mobile-full-review-20260919.json,4e3887d6b78b4b084fa488b7680906187a4c12a0328977d8af4e98e7b1b94781,{}
64c551f5e776f836f10d1071,Use the web app,Använd webbappen,Bitwarden,sv-bitwarden-mobile-full-review-20260919,UseTheWebApp,,project-context,a37b6dbe87bb1d3a535a80b4,reviewed-receipt,https://github.com/yeager/translations/blob/67e6d27877c9cfd6b6dbc74bd852b10bdbe09c3c/Bitwarden/sv-bitwarden-mobile-full-review-20260919.json,4e3887d6b78b4b084fa488b7680906187a4c12a0328977d8af4e98e7b1b94781,{}
64f6a7f27bad7f660367ddd4,3 OF 6,3 AV 6,Bitwarden,sv-bitwarden-mobile-full-review-20260919,coachmark_3_of_6,,project-context,3cc4d1eca49f8571e4d3f3d2,reviewed-receipt,https://github.com/yeager/translations/blob/67e6d27877c9cfd6b6dbc74bd852b10bdbe09c3c/Bitwarden/sv-bitwarden-mobile-full-review-20260919.json,4e3887d6b78b4b084fa488b7680906187a4c12a0328977d8af4e98e7b1b94781,{}
64fe0433feec1eb6df721409,Two-step login,Tvåfaktorsautentisering,Bitwarden,sv-bitwarden-mobile-full-review-20260919,two_step_login,,project-context,62510df8c966509a430967a6,reviewed-receipt,https://github.com/yeager/translations/blob/67e6d27877c9cfd6b6dbc74bd852b10bdbe09c3c/Bitwarden/sv-bitwarden-mobile-full-review-20260919.json,4e3887d6b78b4b084fa488b7680906187a4c12a0328977d8af4e98e7b1b94781,{}
6500e5260ba318b92f24fdf9,Upgraded to Premium,Uppgraderad till Premium,Bitwarden,sv-bitwarden-mobile-full-review-20260919,UpgradedToPremium,,project-context,48e19637d7e6fec276022016,reviewed-receipt,https://github.com/yeager/translations/blob/67e6d27877c9cfd6b6dbc74bd852b10bdbe09c3c/Bitwarden/sv-bitwarden-mobile-full-review-20260919.json,4e3887d6b78b4b084fa488b7680906187a4c12a0328977d8af4e98e7b1b94781,{}
650c1abed61a45564e8eebdd,Client certificate (mTLS),Klientcertifikat (mTLS),Bitwarden,sv-bitwarden-mobile-full-review-20260919,client_certificate_mtls,,project-context,693a4eae9347d1d1ca044e30,reviewed-receipt,https://github.com/yeager/translations/blob/67e6d27877c9cfd6b6dbc74bd852b10bdbe09c3c/Bitwarden/sv-bitwarden-mobile-full-review-20260919.json,4e3887d6b78b4b084fa488b7680906187a4c12a0328977d8af4e98e7b1b94781,{}
651ff737f8c7dd38214b07c9,Loading,Laddar,Bitwarden,sv-bitwarden-mobile-full-review-20260919,loading,,project-context,342ff889ff4baa4aca25b88d,reviewed-receipt,https://github.com/yeager/translations/blob/67e6d27877c9cfd6b6dbc74bd852b10bdbe09c3c/Bitwarden/sv-bitwarden-mobile-full-review-20260919.json,4e3887d6b78b4b084fa488b7680906187a4c12a0328977d8af4e98e7b1b94781,{}
653a670520888fc888f7a0fd,Continue to web app?,Fortsätt till webbapp?,Bitwarden,sv-bitwarden-mobile-full-review-20260919,continue_to_web_app,,project-context,860c7c6c68b1b9247a6a733f,reviewed-receipt,https://github.com/yeager/translations/blob/67e6d27877c9cfd6b6dbc74bd852b10bdbe09c3c/Bitwarden/sv-bitwarden-mobile-full-review-20260919.json,4e3887d6b78b4b084fa488b7680906187a4c12a0328977d8af4e98e7b1b94781,{}
6579d08a36086360ca008818,Privacy Policy,Integritetspolicy,Bitwarden,sv-bitwarden-mobile-full-review-20260919,PrivacyPolicy,,project-context,8ce02a2a156578316fa9599d,reviewed-receipt,https://github.com/yeager/translations/blob/67e6d27877c9cfd6b6dbc74bd852b10bdbe09c3c/Bitwarden/sv-bitwarden-mobile-full-review-20260919.json,4e3887d6b78b4b084fa488b7680906187a4c12a0328977d8af4e98e7b1b94781,{}
6580e2496e6ce00b65ac4f50,Login Credentials,Inloggningsuppgifter,Bitwarden,sv-bitwarden-mobile-full-review-20260919,login_credentials,,project-context,a2924d2eb71a6a2c750d8dd6,reviewed-receipt,https://github.com/yeager/translations/blob/67e6d27877c9cfd6b6dbc74bd852b10bdbe09c3c/Bitwarden/sv-bitwarden-mobile-full-review-20260919.json,4e3887d6b78b4b084fa488b7680906187a4c12a0328977d8af4e98e7b1b94781,{}
6588e1e24dc5322f510751c0,Set up unlock,Ställ in upplåsning,Bitwarden,sv-bitwarden-mobile-full-review-20260919,set_up_unlock,,project-context,fcbf9aa91347e4ddb2a00fa7,reviewed-receipt,https://github.com/yeager/translations/blob/67e6d27877c9cfd6b6dbc74bd852b10bdbe09c3c/Bitwarden/sv-bitwarden-mobile-full-review-20260919.json,4e3887d6b78b4b084fa488b7680906187a4c12a0328977d8af4e98e7b1b94781,{}
65a394a06fcec94a766495b7,Copy passphrase,Kopiera lösenfras,Bitwarden,sv-bitwarden-mobile-full-review-20260919,CopyPassphrase,,project-context,ca587849ca17bdbc7856481a,reviewed-receipt,https://github.com/yeager/translations/blob/67e6d27877c9cfd6b6dbc74bd852b10bdbe09c3c/Bitwarden/sv-bitwarden-mobile-full-review-20260919.json,4e3887d6b78b4b084fa488b7680906187a4c12a0328977d8af4e98e7b1b94781,{}
65d459f076a6429c1363ef4e,Use biometrics to unlock,Använd biometri för att låsa upp,Bitwarden,sv-bitwarden-mobile-full-review-20260919,UseBiometricsToUnlock,,project-context,80742e885da4515de08a41c3,reviewed-receipt,https://github.com/yeager/translations/blob/67e6d27877c9cfd6b6dbc74bd852b10bdbe09c3c/Bitwarden/sv-bitwarden-mobile-full-review-20260919.json,4e3887d6b78b4b084fa488b7680906187a4c12a0328977d8af4e98e7b1b94781,{}
66421c0d32d81eec1ec80cd7,Passports,Pass,Bitwarden,sv-bitwarden-mobile-full-review-20260919,passports,,project-context,d2a4b425d1c3fda103a5079d,reviewed-receipt,https://github.com/yeager/translations/blob/67e6d27877c9cfd6b6dbc74bd852b10bdbe09c3c/Bitwarden/sv-bitwarden-mobile-full-review-20260919.json,4e3887d6b78b4b084fa488b7680906187a4c12a0328977d8af4e98e7b1b94781,{}
665f44c1dfb39956f7e95b8e,"Send sensitive information, safely","Skicka känslig information, säkert",Bitwarden,sv-bitwarden-mobile-full-review-20260919,send_sensitive_information_safely,,project-context,e712bcf06b436702e7ca67b1,reviewed-receipt,https://github.com/yeager/translations/blob/67e6d27877c9cfd6b6dbc74bd852b10bdbe09c3c/Bitwarden/sv-bitwarden-mobile-full-review-20260919.json,4e3887d6b78b4b084fa488b7680906187a4c12a0328977d8af4e98e7b1b94781,{}
666671db6a84de3373c9a958,Starts with,Börjar med,Bitwarden,sv-bitwarden-mobile-full-review-20260919,starts_with,,project-context,1038a4c09291ec9d50222fcc,reviewed-receipt,https://github.com/yeager/translations/blob/67e6d27877c9cfd6b6dbc74bd852b10bdbe09c3c/Bitwarden/sv-bitwarden-mobile-full-review-20260919.json,4e3887d6b78b4b084fa488b7680906187a4c12a0328977d8af4e98e7b1b94781,{}
666c802420fb0799cca57775,Download the Bitwarden app,Ladda ner Bitwarden-appen,Bitwarden,sv-bitwarden-mobile-full-review-20260919,DownloadTheBitwardenApp,,project-context,6e2c212662792a4237d26369,reviewed-receipt,https://github.com/yeager/translations/blob/67e6d27877c9cfd6b6dbc74bd852b10bdbe09c3c/Bitwarden/sv-bitwarden-mobile-full-review-20260919.json,4e3887d6b78b4b084fa488b7680906187a4c12a0328977d8af4e98e7b1b94781,{}
66b1e8f549c5ab5d539a7e6c,Contact your admin to regain access.,Kontakta administratören för att återfå åtkomst.,Bitwarden,sv-bitwarden-mobile-full-review-20260919,ContactYourAdminToRegainAccess,,project-context,0898349af501b3d9aadc05e1,reviewed-receipt,https://github.com/yeager/translations/blob/67e6d27877c9cfd6b6dbc74bd852b10bdbe09c3c/Bitwarden/sv-bitwarden-mobile-full-review-20260919.json,4e3887d6b78b4b084fa488b7680906187a4c12a0328977d8af4e98e7b1b94781,{}
66e76b515a10fe69077c3a04,Unable to import your items,Det går inte att importera dina objekt,Bitwarden,sv-bitwarden-mobile-full-review-20260919,unable_to_import_your_items,,project-context,df5c4f3773abaacf95e5bbf8,reviewed-receipt,https://github.com/yeager/translations/blob/67e6d27877c9cfd6b6dbc74bd852b10bdbe09c3c/Bitwarden/sv-bitwarden-mobile-full-review-20260919.json,4e3887d6b78b4b084fa488b7680906187a4c12a0328977d8af4e98e7b1b94781,{}
6747dfbf604d66b9855a0e28,Syncing logins…,Synkroniserar inloggningar…,Bitwarden,sv-bitwarden-mobile-lint-fixes-published-20260919,SyncingLogins,,project-context,6330f36d51140bb38f476a53,reviewed-receipt,https://github.com/yeager/translations/blob/67e6d27877c9cfd6b6dbc74bd852b10bdbe09c3c/Bitwarden/sv-bitwarden-mobile-lint-fixes-published-20260919.json,b718e67ef827f6e9044a4980161854a72414c67066b327264251649b44b932d1,{}
675216bee0d82f672ad5b7d6,June,Juni,Bitwarden,sv-bitwarden-mobile-full-review-20260919,june,,project-context,96f21c3c0ce2213ef3f0071f,reviewed-receipt,https://github.com/yeager/translations/blob/67e6d27877c9cfd6b6dbc74bd852b10bdbe09c3c/Bitwarden/sv-bitwarden-mobile-full-review-20260919.json,4e3887d6b78b4b084fa488b7680906187a4c12a0328977d8af4e98e7b1b94781,{}
6789e875b97c32ae1fc43952,Sending code,Skickar kod,Bitwarden,sv-bitwarden-mobile-full-review-20260919,SendingCode,,project-context,204880177f416c428da47058,reviewed-receipt,https://github.com/yeager/translations/blob/67e6d27877c9cfd6b6dbc74bd852b10bdbe09c3c/Bitwarden/sv-bitwarden-mobile-full-review-20260919.json,4e3887d6b78b4b084fa488b7680906187a4c12a0328977d8af4e98e7b1b94781,{}
67bb6e4976b582889313c3e1,Code sent!,Kod har skickats!,Bitwarden,sv-bitwarden-mobile-full-review-20260919,code_sent,,project-context,c71f11f8ede61659fcb0a04e,reviewed-receipt,https://github.com/yeager/translations/blob/67e6d27877c9cfd6b6dbc74bd852b10bdbe09c3c/Bitwarden/sv-bitwarden-mobile-full-review-20260919.json,4e3887d6b78b4b084fa488b7680906187a4c12a0328977d8af4e98e7b1b94781,{}
67c705aa4f58dd0bd0435962,Yes,Ja,Bitwarden,sv-bitwarden-mobile-full-review-20260919,yes,,project-context,2730757a4c49e5b4c213e218,reviewed-receipt,https://github.com/yeager/translations/blob/67e6d27877c9cfd6b6dbc74bd852b10bdbe09c3c/Bitwarden/sv-bitwarden-mobile-full-review-20260919.json,4e3887d6b78b4b084fa488b7680906187a4c12a0328977d8af4e98e7b1b94781,{}
67ebad14669f5f7ab04abe58,Theme,Tema,Bitwarden,sv-bitwarden-mobile-full-review-20260919,theme,,project-context,bec1c3a537eb4ddd2bca6d29,reviewed-receipt,https://github.com/yeager/translations/blob/67e6d27877c9cfd6b6dbc74bd852b10bdbe09c3c/Bitwarden/sv-bitwarden-mobile-full-review-20260919.json,4e3887d6b78b4b084fa488b7680906187a4c12a0328977d8af4e98e7b1b94781,{}
67f7ecb0673142282fdd880c,Failed to decrypt cipher. Contact support.,Misslyckades med att dekryptera chiffer. Kontakta supporten.,Bitwarden,sv-bitwarden-mobile-full-review-20260919,failed_to_decrypt_cipher_contact_support,,project-context,7bbf3c1735040d503101a400,reviewed-receipt,https://github.com/yeager/translations/blob/67e6d27877c9cfd6b6dbc74bd852b10bdbe09c3c/Bitwarden/sv-bitwarden-mobile-full-review-20260919.json,4e3887d6b78b4b084fa488b7680906187a4c12a0328977d8af4e98e7b1b94781,{}
6811d61a24ce35386623691d,Folder,Mapp,Bitwarden,sv-bitwarden-mobile-full-review-20260919,folder,,project-context,09919ac566f39209f83768cf,reviewed-receipt,https://github.com/yeager/translations/blob/67e6d27877c9cfd6b6dbc74bd852b10bdbe09c3c/Bitwarden/sv-bitwarden-mobile-full-review-20260919.json,4e3887d6b78b4b084fa488b7680906187a4c12a0328977d8af4e98e7b1b94781,{}
6881e195e0d8dfc9992db4e1,Display autofill suggestions,Visa förslag på autofyllning,Bitwarden,sv-bitwarden-mobile-full-review-20260919,display_autofill_suggestions,,project-context,2a6a55fdc5e2f159d7fdd7db,reviewed-receipt,https://github.com/yeager/translations/blob/67e6d27877c9cfd6b6dbc74bd852b10bdbe09c3c/Bitwarden/sv-bitwarden-mobile-full-review-20260919.json,4e3887d6b78b4b084fa488b7680906187a4c12a0328977d8af4e98e7b1b94781,{}
689665a12474f751fc50df2f,Address 3,Adress 3,Bitwarden,sv-bitwarden-mobile-full-review-20260919,address3,,project-context,ca2b1911e9640accfe4cad5d,reviewed-receipt,https://github.com/yeager/translations/blob/67e6d27877c9cfd6b6dbc74bd852b10bdbe09c3c/Bitwarden/sv-bitwarden-mobile-full-review-20260919.json,4e3887d6b78b4b084fa488b7680906187a4c12a0328977d8af4e98e7b1b94781,{}
68a301acc28f23e2bd098235,Anyone with the link,Vem som helst med länken,Bitwarden,sv-bitwarden-mobile-full-review-20260919,AnyoneWithTheLink,,project-context,f3afe0d7cddd9727c805bc8d,reviewed-receipt,https://github.com/yeager/translations/blob/67e6d27877c9cfd6b6dbc74bd852b10bdbe09c3c/Bitwarden/sv-bitwarden-mobile-full-review-20260919.json,4e3887d6b78b4b084fa488b7680906187a4c12a0328977d8af4e98e7b1b94781,{}
68edb2ee56dbce0c830126ba,Edit card,Redigera kort,Bitwarden,sv-bitwarden-mobile-full-review-20260919,edit_card,,project-context,d4d171b58a0a83f4e49ed922,reviewed-receipt,https://github.com/yeager/translations/blob/67e6d27877c9cfd6b6dbc74bd852b10bdbe09c3c/Bitwarden/sv-bitwarden-mobile-full-review-20260919.json,4e3887d6b78b4b084fa488b7680906187a4c12a0328977d8af4e98e7b1b94781,{}
68fbae001ff8216f63d4a92e,Remove master password,Ta bort huvudlösenord,Bitwarden,sv-bitwarden-mobile-full-review-20260919,remove_master_password,,project-context,5d883df781526c6f8343c2d2,reviewed-receipt,https://github.com/yeager/translations/blob/67e6d27877c9cfd6b6dbc74bd852b10bdbe09c3c/Bitwarden/sv-bitwarden-mobile-full-review-20260919.json,4e3887d6b78b4b084fa488b7680906187a4c12a0328977d8af4e98e7b1b94781,{}
690b8bd001a3d31f4243c64d,Use this password,Använd det här lösenordet,Bitwarden,sv-bitwarden-mobile-full-review-20260919,use_this_password,,project-context,b6a5ad4cf6ab31543d5e960c,reviewed-receipt,https://github.com/yeager/translations/blob/67e6d27877c9cfd6b6dbc74bd852b10bdbe09c3c/Bitwarden/sv-bitwarden-mobile-full-review-20260919.json,4e3887d6b78b4b084fa488b7680906187a4c12a0328977d8af4e98e7b1b94781,{}
69c4e7d09ee6c4ea8a502dbd,Contact your admin to regain access.,Kontakta administratören för att återfå åtkomst.,Bitwarden,sv-bitwarden-mobile-full-review-20260919,contact_your_admin_to_regain_access,,project-context,bfa4daad29701a3510ffd8ba,reviewed-receipt,https://github.com/yeager/translations/blob/67e6d27877c9cfd6b6dbc74bd852b10bdbe09c3c/Bitwarden/sv-bitwarden-mobile-full-review-20260919.json,4e3887d6b78b4b084fa488b7680906187a4c12a0328977d8af4e98e7b1b94781,{}
69de0eab52dbb1225ef316d3,September,september,Bitwarden,sv-bitwarden-mobile-full-review-20260919,september,,project-context,82b217adf140e0511de2c3a5,reviewed-receipt,https://github.com/yeager/translations/blob/67e6d27877c9cfd6b6dbc74bd852b10bdbe09c3c/Bitwarden/sv-bitwarden-mobile-full-review-20260919.json,4e3887d6b78b4b084fa488b7680906187a4c12a0328977d8af4e98e7b1b94781,{}
69ff9b92dccb8a4584d05154,Account fingerprint phrase,Kontots fingeravtrycksfras,Bitwarden,sv-bitwarden-mobile-full-review-20260919,AccountFingerprintPhrase,,project-context,9f1213546507b24b6f470148,reviewed-receipt,https://github.com/yeager/translations/blob/67e6d27877c9cfd6b6dbc74bd852b10bdbe09c3c/Bitwarden/sv-bitwarden-mobile-full-review-20260919.json,4e3887d6b78b4b084fa488b7680906187a4c12a0328977d8af4e98e7b1b94781,{}
6a056858c916f735f1b61720,Identify unsecure websites,Identifiera osäkra webbplatser,Bitwarden,sv-bitwarden-mobile-full-review-20260919,IdentifyUnsecureWebsites,,project-context,61c8701235da6f95d1b320ec,reviewed-receipt,https://github.com/yeager/translations/blob/67e6d27877c9cfd6b6dbc74bd852b10bdbe09c3c/Bitwarden/sv-bitwarden-mobile-full-review-20260919.json,4e3887d6b78b4b084fa488b7680906187a4c12a0328977d8af4e98e7b1b94781,{}
6a0c8e0d475ed92477192a30,Filter items by vault,Filtrera objekt efter valv,Bitwarden,sv-bitwarden-mobile-full-review-20260919,filter_by_vault,,project-context,68ad76288a9c2ef87e696401,reviewed-receipt,https://github.com/yeager/translations/blob/67e6d27877c9cfd6b6dbc74bd852b10bdbe09c3c/Bitwarden/sv-bitwarden-mobile-full-review-20260919.json,4e3887d6b78b4b084fa488b7680906187a4c12a0328977d8af4e98e7b1b94781,{}
6a1bd495c81235c859484d92,Enterprise single sign-on,Single Sign-On för företag,Bitwarden,sv-bitwarden-mobile-full-review-20260919,log_in_sso,,project-context,b3c0ea7101cdaaf93607aca2,reviewed-receipt,https://github.com/yeager/translations/blob/67e6d27877c9cfd6b6dbc74bd852b10bdbe09c3c/Bitwarden/sv-bitwarden-mobile-full-review-20260919.json,4e3887d6b78b4b084fa488b7680906187a4c12a0328977d8af4e98e7b1b94781,{}
6a3dba00d0c82822ab248281,Total,Totalt,Bitwarden,sv-bitwarden-mobile-full-review-20260919,Total,,project-context,4f53c1c3223230583d48ce13,reviewed-receipt,https://github.com/yeager/translations/blob/67e6d27877c9cfd6b6dbc74bd852b10bdbe09c3c/Bitwarden/sv-bitwarden-mobile-full-review-20260919.json,4e3887d6b78b4b084fa488b7680906187a4c12a0328977d8af4e98e7b1b94781,{}
6a54706c64b2621ff28735d1,Add,Skapa,Bitwarden,sv-bitwarden-mobile-full-review-20260919,Add,,project-context,acd66052d2cfbbb963f0e0ac,reviewed-receipt,https://github.com/yeager/translations/blob/67e6d27877c9cfd6b6dbc74bd852b10bdbe09c3c/Bitwarden/sv-bitwarden-mobile-full-review-20260919.json,4e3887d6b78b4b084fa488b7680906187a4c12a0328977d8af4e98e7b1b94781,{}
6a8f648b83fed0bd474433dd,Certificate alias,Alias för certifikat,Bitwarden,sv-bitwarden-mobile-full-review-20260919,certificate_alias,,project-context,298d68b9b69c1ca39869bc98,reviewed-receipt,https://github.com/yeager/translations/blob/67e6d27877c9cfd6b6dbc74bd852b10bdbe09c3c/Bitwarden/sv-bitwarden-mobile-full-review-20260919.json,4e3887d6b78b4b084fa488b7680906187a4c12a0328977d8af4e98e7b1b94781,{}
6a92125e6d95855d1310b21c,Contain one or more numbers,Innehålla en eller flera siffror,Bitwarden,sv-bitwarden-mobile-full-review-20260919,PolicyInEffectNumbers,,project-context,9c3100c123e1681eea207d61,reviewed-receipt,https://github.com/yeager/translations/blob/67e6d27877c9cfd6b6dbc74bd852b10bdbe09c3c/Bitwarden/sv-bitwarden-mobile-full-review-20260919.json,4e3887d6b78b4b084fa488b7680906187a4c12a0328977d8af4e98e7b1b94781,{}
6ab511018111769858f625a0,Import,Importera,Bitwarden,sv-bitwarden-mobile-full-review-20260919,Import,,project-context,1fdccce4676c41c4dc403c5b,reviewed-receipt,https://github.com/yeager/translations/blob/67e6d27877c9cfd6b6dbc74bd852b10bdbe09c3c/Bitwarden/sv-bitwarden-mobile-full-review-20260919.json,4e3887d6b78b4b084fa488b7680906187a4c12a0328977d8af4e98e7b1b94781,{}
6ab9014b8a5c1ed4b1a72fdb,Get started,Kom igång,Bitwarden,sv-bitwarden-mobile-full-review-20260919,get_started,,project-context,07fbc6de9d3c0412263fc276,reviewed-receipt,https://github.com/yeager/translations/blob/67e6d27877c9cfd6b6dbc74bd852b10bdbe09c3c/Bitwarden/sv-bitwarden-mobile-full-review-20260919.json,4e3887d6b78b4b084fa488b7680906187a4c12a0328977d8af4e98e7b1b94781,{}
6affefc9227e0b06a8ccf520,Add note,Lägg till anteckning,Bitwarden,sv-bitwarden-mobile-full-review-20260919,AddNote,,project-context,8986bd16412449c188bdb06a,reviewed-receipt,https://github.com/yeager/translations/blob/67e6d27877c9cfd6b6dbc74bd852b10bdbe09c3c/Bitwarden/sv-bitwarden-mobile-full-review-20260919.json,4e3887d6b78b4b084fa488b7680906187a4c12a0328977d8af4e98e7b1b94781,{}
6b0c0a912459943e9c8d13b5,Update your encryption settings,Uppdatera dina krypteringsinställningar,Bitwarden,sv-bitwarden-mobile-full-review-20260919,UpdateYourEncryptionSettings,,project-context,1217a1bfc4d9e38ef1bb3f34,reviewed-receipt,https://github.com/yeager/translations/blob/67e6d27877c9cfd6b6dbc74bd852b10bdbe09c3c/Bitwarden/sv-bitwarden-mobile-full-review-20260919.json,4e3887d6b78b4b084fa488b7680906187a4c12a0328977d8af4e98e7b1b94781,{}
6b6758fbe8c557daee13bd49,Enter your PIN code.,Ange din PIN-kod.,Bitwarden,sv-bitwarden-mobile-full-review-20260919,EnterPIN,,project-context,40c8ad758d126baa39162e2a,reviewed-receipt,https://github.com/yeager/translations/blob/67e6d27877c9cfd6b6dbc74bd852b10bdbe09c3c/Bitwarden/sv-bitwarden-mobile-full-review-20260919.json,4e3887d6b78b4b084fa488b7680906187a4c12a0328977d8af4e98e7b1b94781,{}
6b762d77ec5b9125f0577559,Open password generator,Öppna lösenordsgeneratorn,Bitwarden,sv-bitwarden-mobile-full-review-20260919,OpenPasswordGenerator,,project-context,0b12297139eef4d9be70b3f6,reviewed-receipt,https://github.com/yeager/translations/blob/67e6d27877c9cfd6b6dbc74bd852b10bdbe09c3c/Bitwarden/sv-bitwarden-mobile-full-review-20260919.json,4e3887d6b78b4b084fa488b7680906187a4c12a0328977d8af4e98e7b1b94781,{}
6bc711fa08d27d9785c9718f,Master password re-prompt,Återupprepa huvudlösenord,Bitwarden,sv-bitwarden-mobile-full-review-20260919,password_prompt,,project-context,d8c5614e7a29e523aa44de17,reviewed-receipt,https://github.com/yeager/translations/blob/67e6d27877c9cfd6b6dbc74bd852b10bdbe09c3c/Bitwarden/sv-bitwarden-mobile-full-review-20260919.json,4e3887d6b78b4b084fa488b7680906187a4c12a0328977d8af4e98e7b1b94781,{}
6c032fdb9f63b145505362ca,Change the application’s color theme,Ändra applikationens färgtema,Bitwarden,sv-bitwarden-mobile-full-review-20260919,theme_description,,project-context,43c9aeef15b4478bf3e3f274,reviewed-receipt,https://github.com/yeager/translations/blob/67e6d27877c9cfd6b6dbc74bd852b10bdbe09c3c/Bitwarden/sv-bitwarden-mobile-full-review-20260919.json,4e3887d6b78b4b084fa488b7680906187a4c12a0328977d8af4e98e7b1b94781,{}
6c1b8f6c4243d7a3d4916fa1,Desktop,Skrivbord,Bitwarden,sv-bitwarden-mobile-full-review-20260919,Desktop,,project-context,fd3fac75ed2df77c89a709f0,reviewed-receipt,https://github.com/yeager/translations/blob/67e6d27877c9cfd6b6dbc74bd852b10bdbe09c3c/Bitwarden/sv-bitwarden-mobile-full-review-20260919.json,4e3887d6b78b4b084fa488b7680906187a4c12a0328977d8af4e98e7b1b94781,{}
6c31ce853ba7e8263fa53632,Currently unable to login with SSO,Det gick för närvarande inte att logga in med SSO,Bitwarden,sv-bitwarden-mobile-full-review-20260919,login_sso_error,,project-context,55faf69a556d4f9dbe18ddba,reviewed-receipt,https://github.com/yeager/translations/blob/67e6d27877c9cfd6b6dbc74bd852b10bdbe09c3c/Bitwarden/sv-bitwarden-mobile-full-review-20260919.json,4e3887d6b78b4b084fa488b7680906187a4c12a0328977d8af4e98e7b1b94781,{}
6c461eb130b0c04700cd81a5,24 hours,24 timmar,Bitwarden,sv-bitwarden-mobile-full-review-20260919,flight_recorder_twenty_four_hours,,project-context,470372c064c39d2eb649a25e,reviewed-receipt,https://github.com/yeager/translations/blob/67e6d27877c9cfd6b6dbc74bd852b10bdbe09c3c/Bitwarden/sv-bitwarden-mobile-full-review-20260919.json,4e3887d6b78b4b084fa488b7680906187a4c12a0328977d8af4e98e7b1b94781,{}
6c58fadf632c51f552d15aa5,Confirm vault export,Bekräfta export av valv,Bitwarden,sv-bitwarden-mobile-full-review-20260919,export_vault_confirmation_title,,project-context,f2c8989ddc16f9f30c581f93,reviewed-receipt,https://github.com/yeager/translations/blob/67e6d27877c9cfd6b6dbc74bd852b10bdbe09c3c/Bitwarden/sv-bitwarden-mobile-full-review-20260919.json,4e3887d6b78b4b084fa488b7680906187a4c12a0328977d8af4e98e7b1b94781,{}
6c89a74861c8f81d26b418fe,Copy link,Kopiera länk,Bitwarden,sv-bitwarden-mobile-full-review-20260919,copy_link,,project-context,dfc99b5e0c226c538d58cb92,reviewed-receipt,https://github.com/yeager/translations/blob/67e6d27877c9cfd6b6dbc74bd852b10bdbe09c3c/Bitwarden/sv-bitwarden-mobile-full-review-20260919.json,4e3887d6b78b4b084fa488b7680906187a4c12a0328977d8af4e98e7b1b94781,{}
6c90b9fac0ba54d74f76cd10,Immediately,Omedelbart,Bitwarden,sv-bitwarden-mobile-full-review-20260919,immediately,,project-context,e468f577e562332082206546,reviewed-receipt,https://github.com/yeager/translations/blob/67e6d27877c9cfd6b6dbc74bd852b10bdbe09c3c/Bitwarden/sv-bitwarden-mobile-full-review-20260919.json,4e3887d6b78b4b084fa488b7680906187a4c12a0328977d8af4e98e7b1b94781,{}
6cd2d32a011dabc897434726,Restart registration,Starta om registreringen,Bitwarden,sv-bitwarden-mobile-full-review-20260919,RestartRegistration,,project-context,bac8285e36615143ecb0959a,reviewed-receipt,https://github.com/yeager/translations/blob/67e6d27877c9cfd6b6dbc74bd852b10bdbe09c3c/Bitwarden/sv-bitwarden-mobile-full-review-20260919.json,4e3887d6b78b4b084fa488b7680906187a4c12a0328977d8af4e98e7b1b94781,{}
6d160d9b42c51eeb3f41626c,License details,Licensuppgifter,Bitwarden,sv-bitwarden-mobile-full-review-20260919,LicenseDetails,,project-context,161eccc4458f379128fa174d,reviewed-receipt,https://github.com/yeager/translations/blob/67e6d27877c9cfd6b6dbc74bd852b10bdbe09c3c/Bitwarden/sv-bitwarden-mobile-full-review-20260919.json,4e3887d6b78b4b084fa488b7680906187a4c12a0328977d8af4e98e7b1b94781,{}
6d333661a630a96cbf48a6fc,Enable notifications,Aktivera aviseringar,Bitwarden,sv-bitwarden-mobile-full-review-20260919,enable_notifications,,project-context,ca511326f4a3c3fd67b8a87d,reviewed-receipt,https://github.com/yeager/translations/blob/67e6d27877c9cfd6b6dbc74bd852b10bdbe09c3c/Bitwarden/sv-bitwarden-mobile-full-review-20260919.json,4e3887d6b78b4b084fa488b7680906187a4c12a0328977d8af4e98e7b1b94781,{}
6dbb189e723b37fb95122532,Invalid verification code,Ogiltig verifieringskod,Bitwarden,sv-bitwarden-mobile-full-review-20260919,InvalidVerificationCode,,project-context,9b37e974b05c11e0955f5e47,reviewed-receipt,https://github.com/yeager/translations/blob/67e6d27877c9cfd6b6dbc74bd852b10bdbe09c3c/Bitwarden/sv-bitwarden-mobile-full-review-20260919.json,4e3887d6b78b4b084fa488b7680906187a4c12a0328977d8af4e98e7b1b94781,{}
6ddfbdaf53e62dfc451504bd,Account number,Kontonummer,Bitwarden,sv-bitwarden-mobile-full-review-20260919,account_number,,project-context,ba46c87349dbac3a874e3d2b,reviewed-receipt,https://github.com/yeager/translations/blob/67e6d27877c9cfd6b6dbc74bd852b10bdbe09c3c/Bitwarden/sv-bitwarden-mobile-full-review-20260919.json,4e3887d6b78b4b084fa488b7680906187a4c12a0328977d8af4e98e7b1b94781,{}
6e07aa7d7401e78a67ff7796,Verification codes,Verifieringskoder,Bitwarden,sv-bitwarden-mobile-full-review-20260919,VerificationCodes,,project-context,b74a611a6b3d0566ce1f0fb0,reviewed-receipt,https://github.com/yeager/translations/blob/67e6d27877c9cfd6b6dbc74bd852b10bdbe09c3c/Bitwarden/sv-bitwarden-mobile-full-review-20260919.json,4e3887d6b78b4b084fa488b7680906187a4c12a0328977d8af4e98e7b1b94781,{}
6e0e05718e2d5e77ff9694ff,Investment/brokerage,Investering/mäklare,Bitwarden,sv-bitwarden-mobile-full-review-20260919,investment_brokerage,,project-context,9f5857a2c5d07eb5c07a4531,reviewed-receipt,https://github.com/yeager/translations/blob/67e6d27877c9cfd6b6dbc74bd852b10bdbe09c3c/Bitwarden/sv-bitwarden-mobile-full-review-20260919.json,4e3887d6b78b4b084fa488b7680906187a4c12a0328977d8af4e98e7b1b94781,{}
6e1031fe966ea83506789f91,View card,Visa kort,Bitwarden,sv-bitwarden-mobile-full-review-20260919,view_card,,project-context,e0205074e9d7888e358f824e,reviewed-receipt,https://github.com/yeager/translations/blob/67e6d27877c9cfd6b6dbc74bd852b10bdbe09c3c/Bitwarden/sv-bitwarden-mobile-full-review-20260919.json,4e3887d6b78b4b084fa488b7680906187a4c12a0328977d8af4e98e7b1b94781,{}
6e39a33164086834cd0a0676,Custom fields,Anpassade fält,Bitwarden,sv-bitwarden-mobile-full-review-20260919,custom_fields,,project-context,cfbff4fc3dd5d3104d3e17db,reviewed-receipt,https://github.com/yeager/translations/blob/67e6d27877c9cfd6b6dbc74bd852b10bdbe09c3c/Bitwarden/sv-bitwarden-mobile-full-review-20260919.json,4e3887d6b78b4b084fa488b7680906187a4c12a0328977d8af4e98e7b1b94781,{}
6e5980b4433826e23ec8f03d,Import Successful!,Importen lyckades!,Bitwarden,sv-bitwarden-mobile-full-review-20260919,import_successful,,project-context,00b7c458815e0762f62d1e60,reviewed-receipt,https://github.com/yeager/translations/blob/67e6d27877c9cfd6b6dbc74bd852b10bdbe09c3c/Bitwarden/sv-bitwarden-mobile-full-review-20260919.json,4e3887d6b78b4b084fa488b7680906187a4c12a0328977d8af4e98e7b1b94781,{}
6e6d8c2061fe42de3a16a480,Use Chrome Beta autofill integration,Använd integration för autofyll med Chrome Beta,Bitwarden,sv-bitwarden-mobile-full-review-20260919,use_chrome_beta_autofill_integration,,project-context,598be5cb056ab6b1758ced4f,reviewed-receipt,https://github.com/yeager/translations/blob/67e6d27877c9cfd6b6dbc74bd852b10bdbe09c3c/Bitwarden/sv-bitwarden-mobile-full-review-20260919.json,4e3887d6b78b4b084fa488b7680906187a4c12a0328977d8af4e98e7b1b94781,{}
6f70da78368dd702f3a289e7,SSH key,SSH-nyckel,Bitwarden,sv-bitwarden-mobile-full-review-20260919,SSHKey,,project-context,1b5363e5ccb409eeca5dbac2,reviewed-receipt,https://github.com/yeager/translations/blob/67e6d27877c9cfd6b6dbc74bd852b10bdbe09c3c/Bitwarden/sv-bitwarden-mobile-full-review-20260919.json,4e3887d6b78b4b084fa488b7680906187a4c12a0328977d8af4e98e7b1b94781,{}
6f9a02cfbf8e92ee21e2d197,Custom timeout,Anpassad tidsgräns,Bitwarden,sv-bitwarden-mobile-full-review-20260919,custom_timeout,,project-context,d256550e44458e06d692778e,reviewed-receipt,https://github.com/yeager/translations/blob/67e6d27877c9cfd6b6dbc74bd852b10bdbe09c3c/Bitwarden/sv-bitwarden-mobile-full-review-20260919.json,4e3887d6b78b4b084fa488b7680906187a4c12a0328977d8af4e98e7b1b94781,{}
6fc94344eebe997c4998e55f,Card Details,Kortuppgifter,Bitwarden,sv-bitwarden-mobile-full-review-20260919,card_details,,project-context,21a545fc9db0ddb92c95faa8,reviewed-receipt,https://github.com/yeager/translations/blob/67e6d27877c9cfd6b6dbc74bd852b10bdbe09c3c/Bitwarden/sv-bitwarden-mobile-full-review-20260919.json,4e3887d6b78b4b084fa488b7680906187a4c12a0328977d8af4e98e7b1b94781,{}
704552f08b1e4289955f051d,SSH key,SSH-nyckel,Bitwarden,sv-bitwarden-mobile-full-review-20260919,type_ssh_key,,project-context,04547b7d864e9fd90810a75c,reviewed-receipt,https://github.com/yeager/translations/blob/67e6d27877c9cfd6b6dbc74bd852b10bdbe09c3c/Bitwarden/sv-bitwarden-mobile-full-review-20260919.json,4e3887d6b78b4b084fa488b7680906187a4c12a0328977d8af4e98e7b1b94781,{}
707c1bc482d8ceb0d9d5affd,Exposed Master Password,Huvudlösenordet har exponerats,Bitwarden,sv-bitwarden-mobile-full-review-20260919,ExposedMasterPassword,,project-context,7ca27f34087b9a8d0cd901b3,reviewed-receipt,https://github.com/yeager/translations/blob/67e6d27877c9cfd6b6dbc74bd852b10bdbe09c3c/Bitwarden/sv-bitwarden-mobile-full-review-20260919.json,4e3887d6b78b4b084fa488b7680906187a4c12a0328977d8af4e98e7b1b94781,{}
70997e99f0a7084960b5abb7,6 OF 6,6 AV 6,Bitwarden,sv-bitwarden-mobile-full-review-20260919,coachmark_6_of_6,,project-context,cc1a1b9b88f517baf0488029,reviewed-receipt,https://github.com/yeager/translations/blob/67e6d27877c9cfd6b6dbc74bd852b10bdbe09c3c/Bitwarden/sv-bitwarden-mobile-full-review-20260919.json,4e3887d6b78b4b084fa488b7680906187a4c12a0328977d8af4e98e7b1b94781,{}
70d03ec536677fa4e73f0958,1 OF 6,1 AV 6,Bitwarden,sv-bitwarden-mobile-full-review-20260919,coachmark_1_of_6,,project-context,93bd5cb3f162d3da46a87451,reviewed-receipt,https://github.com/yeager/translations/blob/67e6d27877c9cfd6b6dbc74bd852b10bdbe09c3c/Bitwarden/sv-bitwarden-mobile-full-review-20260919.json,4e3887d6b78b4b084fa488b7680906187a4c12a0328977d8af4e98e7b1b94781,{}
70ec987d71ca5bfda7c7420f,Import Logins,Importera inloggningar,Bitwarden,sv-bitwarden-mobile-full-review-20260919,import_logins,,project-context,4ed63554616c6e7dcc680381,reviewed-receipt,https://github.com/yeager/translations/blob/67e6d27877c9cfd6b6dbc74bd852b10bdbe09c3c/Bitwarden/sv-bitwarden-mobile-full-review-20260919.json,4e3887d6b78b4b084fa488b7680906187a4c12a0328977d8af4e98e7b1b94781,{}
70fa8118957d0c3e5b4c9fc1,Extension,Webbläsartillägg,Bitwarden,sv-bitwarden-mobile-full-review-20260919,BrowserExtension,,project-context,fde907ca5133a26dc7fe0b4d,reviewed-receipt,https://github.com/yeager/translations/blob/67e6d27877c9cfd6b6dbc74bd852b10bdbe09c3c/Bitwarden/sv-bitwarden-mobile-full-review-20260919.json,4e3887d6b78b4b084fa488b7680906187a4c12a0328977d8af4e98e7b1b94781,{}
710afc247940f3e2d7d5da1d,Additional options,Ytterligare alternativ,Bitwarden,sv-bitwarden-mobile-full-review-20260919,additional_options,,project-context,b6b5e97abcde37658a64474e,reviewed-receipt,https://github.com/yeager/translations/blob/67e6d27877c9cfd6b6dbc74bd852b10bdbe09c3c/Bitwarden/sv-bitwarden-mobile-full-review-20260919.json,4e3887d6b78b4b084fa488b7680906187a4c12a0328977d8af4e98e7b1b94781,{}
713b36c94fbdd25086a75f31,API access token,API-åtkomsttoken,Bitwarden,sv-bitwarden-mobile-full-review-20260919,api_access_token,,project-context,2c104c62f45eca8ce2bad51d,reviewed-receipt,https://github.com/yeager/translations/blob/67e6d27877c9cfd6b6dbc74bd852b10bdbe09c3c/Bitwarden/sv-bitwarden-mobile-full-review-20260919.json,4e3887d6b78b4b084fa488b7680906187a4c12a0328977d8af4e98e7b1b94781,{}
717688ab384ef2524dd9850f,Item information,Objektinformation,Bitwarden,sv-bitwarden-mobile-full-review-20260919,ItemInformation,,project-context,a6c3e57285005763383ff4b4,reviewed-receipt,https://github.com/yeager/translations/blob/67e6d27877c9cfd6b6dbc74bd852b10bdbe09c3c/Bitwarden/sv-bitwarden-mobile-full-review-20260919.json,4e3887d6b78b4b084fa488b7680906187a4c12a0328977d8af4e98e7b1b94781,{}
71b4e66dcf40297ada5f649a,Logging in on,Logga in på,Bitwarden,sv-bitwarden-mobile-full-review-20260919,logging_in_on,,project-context,bb83054b248a1b703148a24e,reviewed-receipt,https://github.com/yeager/translations/blob/67e6d27877c9cfd6b6dbc74bd852b10bdbe09c3c/Bitwarden/sv-bitwarden-mobile-full-review-20260919.json,4e3887d6b78b4b084fa488b7680906187a4c12a0328977d8af4e98e7b1b94781,{}
71beca0cfadf5fe7775ea5ee,Zip / Postal code,Postnummer,Bitwarden,sv-bitwarden-mobile-full-review-20260919,zip_postal_code,,project-context,3992fd36fa73bf40c1fdfae8,reviewed-receipt,https://github.com/yeager/translations/blob/67e6d27877c9cfd6b6dbc74bd852b10bdbe09c3c/Bitwarden/sv-bitwarden-mobile-full-review-20260919.json,4e3887d6b78b4b084fa488b7680906187a4c12a0328977d8af4e98e7b1b94781,{}
71f3ca4726dbf495439926dc,Delete all,Radera alla,Bitwarden,sv-bitwarden-mobile-full-review-20260919,delete_all,,project-context,2f7876199d92a00197d90dfd,reviewed-receipt,https://github.com/yeager/translations/blob/67e6d27877c9cfd6b6dbc74bd852b10bdbe09c3c/Bitwarden/sv-bitwarden-mobile-full-review-20260919.json,4e3887d6b78b4b084fa488b7680906187a4c12a0328977d8af4e98e7b1b94781,{}
7214975a2e778e4691c92502,No logins were imported,Inga inloggningar importerades,Bitwarden,sv-bitwarden-mobile-full-review-20260919,no_logins_were_imported,,project-context,a464b3608f82e6146b5a3657,reviewed-receipt,https://github.com/yeager/translations/blob/67e6d27877c9cfd6b6dbc74bd852b10bdbe09c3c/Bitwarden/sv-bitwarden-mobile-full-review-20260919.json,4e3887d6b78b4b084fa488b7680906187a4c12a0328977d8af4e98e7b1b94781,{}
722e816140df33c15d457553,Unlocked,Upplåst,Bitwarden,sv-bitwarden-mobile-full-review-20260919,account_unlocked,,project-context,d5d45667351966db1058abf4,reviewed-receipt,https://github.com/yeager/translations/blob/67e6d27877c9cfd6b6dbc74bd852b10bdbe09c3c/Bitwarden/sv-bitwarden-mobile-full-review-20260919.json,4e3887d6b78b4b084fa488b7680906187a4c12a0328977d8af4e98e7b1b94781,{}
7233ebfe8a6fa8ae8fd8f551,Copy name on account,Kopiera namn på konto,Bitwarden,sv-bitwarden-mobile-full-review-20260919,copy_name_on_account,,project-context,1bf3578c8f0d5ec066ff0937,reviewed-receipt,https://github.com/yeager/translations/blob/67e6d27877c9cfd6b6dbc74bd852b10bdbe09c3c/Bitwarden/sv-bitwarden-mobile-full-review-20260919.json,4e3887d6b78b4b084fa488b7680906187a4c12a0328977d8af4e98e7b1b94781,{}
72391b2ee823b786a32f43da,Name on account,Namn på konto,Bitwarden,sv-bitwarden-mobile-full-review-20260919,name_on_account,,project-context,c6be45496c47d226b05364f7,reviewed-receipt,https://github.com/yeager/translations/blob/67e6d27877c9cfd6b6dbc74bd852b10bdbe09c3c/Bitwarden/sv-bitwarden-mobile-full-review-20260919.json,4e3887d6b78b4b084fa488b7680906187a4c12a0328977d8af4e98e7b1b94781,{}
7247a87cbd967cf73cee9c5e,Skip,Hoppa över,Bitwarden,sv-bitwarden-mobile-full-review-20260919,skip,,project-context,ee31f8bec6c778333423a917,reviewed-receipt,https://github.com/yeager/translations/blob/67e6d27877c9cfd6b6dbc74bd852b10bdbe09c3c/Bitwarden/sv-bitwarden-mobile-full-review-20260919.json,4e3887d6b78b4b084fa488b7680906187a4c12a0328977d8af4e98e7b1b94781,{}
725a393c78d9773ed82c7696,Remove master password,Ta bort huvudlösenord,Bitwarden,sv-bitwarden-mobile-full-review-20260919,RemoveMasterPassword,,project-context,2069daffcf8820f4edccaf26,reviewed-receipt,https://github.com/yeager/translations/blob/67e6d27877c9cfd6b6dbc74bd852b10bdbe09c3c/Bitwarden/sv-bitwarden-mobile-full-review-20260919.json,4e3887d6b78b4b084fa488b7680906187a4c12a0328977d8af4e98e7b1b94781,{}
7274d61c9d9b9b9f82a01b43,Title,Titel,Bitwarden,sv-bitwarden-mobile-full-review-20260919,title,,project-context,f4417f6fbdb0446bc7a16a76,reviewed-receipt,https://github.com/yeager/translations/blob/67e6d27877c9cfd6b6dbc74bd852b10bdbe09c3c/Bitwarden/sv-bitwarden-mobile-full-review-20260919.json,4e3887d6b78b4b084fa488b7680906187a4c12a0328977d8af4e98e7b1b94781,{}
7294c1d209b9fcee674bb683,On app restart,Vid omstart av appen,Bitwarden,sv-bitwarden-mobile-full-review-20260919,OnRestart,,project-context,0aac0c06ffe7f880badb9e35,reviewed-receipt,https://github.com/yeager/translations/blob/67e6d27877c9cfd6b6dbc74bd852b10bdbe09c3c/Bitwarden/sv-bitwarden-mobile-full-review-20260919.json,4e3887d6b78b4b084fa488b7680906187a4c12a0328977d8af4e98e7b1b94781,{}
729fa627f861f7b0f6166031,Take me to the app settings,Ta mig till appinställningarna,Bitwarden,sv-bitwarden-mobile-full-review-20260919,take_me_to_app_settings,,project-context,ddcf3629e00d155eb9b67b9a,reviewed-receipt,https://github.com/yeager/translations/blob/67e6d27877c9cfd6b6dbc74bd852b10bdbe09c3c/Bitwarden/sv-bitwarden-mobile-full-review-20260919.json,4e3887d6b78b4b084fa488b7680906187a4c12a0328977d8af4e98e7b1b94781,{}
72a8da2e1ec8186785bdb9a1,Contain one or more numbers,Innehålla en eller flera siffror,Bitwarden,sv-bitwarden-mobile-full-review-20260919,policy_in_effect_numbers,,project-context,008b3ba798c81be87551160c,reviewed-receipt,https://github.com/yeager/translations/blob/67e6d27877c9cfd6b6dbc74bd852b10bdbe09c3c/Bitwarden/sv-bitwarden-mobile-full-review-20260919.json,4e3887d6b78b4b084fa488b7680906187a4c12a0328977d8af4e98e7b1b94781,{}
72db5499d9b70260bee5f8ab,Later,Senare,Bitwarden,sv-bitwarden-mobile-full-review-20260919,later,,project-context,076ca4bf432d09228bb0538e,reviewed-receipt,https://github.com/yeager/translations/blob/67e6d27877c9cfd6b6dbc74bd852b10bdbe09c3c/Bitwarden/sv-bitwarden-mobile-full-review-20260919.json,4e3887d6b78b4b084fa488b7680906187a4c12a0328977d8af4e98e7b1b94781,{}
72fa77027d1d320e0decfb3f,December,december,Bitwarden,sv-bitwarden-mobile-full-review-20260919,december,,project-context,d42550e11ba4a7ebba7ee595,reviewed-receipt,https://github.com/yeager/translations/blob/67e6d27877c9cfd6b6dbc74bd852b10bdbe09c3c/Bitwarden/sv-bitwarden-mobile-full-review-20260919.json,4e3887d6b78b4b084fa488b7680906187a4c12a0328977d8af4e98e7b1b94781,{}
735c7346782bc56b354a4c82,Copy first name,Kopiera förnamn,Bitwarden,sv-bitwarden-mobile-full-review-20260919,copy_first_name,,project-context,326f613db6bb0d2e03529454,reviewed-receipt,https://github.com/yeager/translations/blob/67e6d27877c9cfd6b6dbc74bd852b10bdbe09c3c/Bitwarden/sv-bitwarden-mobile-full-review-20260919.json,4e3887d6b78b4b084fa488b7680906187a4c12a0328977d8af4e98e7b1b94781,{}
737118a1447de3e492ecb63c,Log in to Bitwarden,Logga in på Bitwarden,Bitwarden,sv-bitwarden-mobile-full-review-20260919,login_to_bitwarden,,project-context,64a368d84a20af773dd94f09,reviewed-receipt,https://github.com/yeager/translations/blob/67e6d27877c9cfd6b6dbc74bd852b10bdbe09c3c/Bitwarden/sv-bitwarden-mobile-full-review-20260919.json,4e3887d6b78b4b084fa488b7680906187a4c12a0328977d8af4e98e7b1b94781,{}
7396eb543d8fa958461b73b0,Account already added,Kontot har redan lagts till,Bitwarden,sv-bitwarden-mobile-full-review-20260919,account_already_added,,project-context,1491063f9e9f77b42a91e51e,reviewed-receipt,https://github.com/yeager/translations/blob/67e6d27877c9cfd6b6dbc74bd852b10bdbe09c3c/Bitwarden/sv-bitwarden-mobile-full-review-20260919.json,4e3887d6b78b4b084fa488b7680906187a4c12a0328977d8af4e98e7b1b94781,{}
73d6418e48b8c90f907fe9a6,Lock app,Lås app,Bitwarden,sv-bitwarden-mobile-full-review-20260919,lock_app,,project-context,2bee7155777c0b1a65be40c4,reviewed-receipt,https://github.com/yeager/translations/blob/67e6d27877c9cfd6b6dbc74bd852b10bdbe09c3c/Bitwarden/sv-bitwarden-mobile-full-review-20260919.json,4e3887d6b78b4b084fa488b7680906187a4c12a0328977d8af4e98e7b1b94781,{}
73e0882941062d8fa8520b18,Host,Värd,Bitwarden,sv-bitwarden-mobile-full-review-20260919,Host,,project-context,0cc36641e4ba94727a0699d7,reviewed-receipt,https://github.com/yeager/translations/blob/67e6d27877c9cfd6b6dbc74bd852b10bdbe09c3c/Bitwarden/sv-bitwarden-mobile-full-review-20260919.json,4e3887d6b78b4b084fa488b7680906187a4c12a0328977d8af4e98e7b1b94781,{}
73e4cbc69c85194e9739b7c9,Routing number,Routingnummer,Bitwarden,sv-bitwarden-mobile-full-review-20260919,RoutingNumber,,project-context,cecc68d79e23792aa948937e,reviewed-receipt,https://github.com/yeager/translations/blob/67e6d27877c9cfd6b6dbc74bd852b10bdbe09c3c/Bitwarden/sv-bitwarden-mobile-full-review-20260919.json,4e3887d6b78b4b084fa488b7680906187a4c12a0328977d8af4e98e7b1b94781,{}
74292f1922d63495306e2b38,Max access count reached,Det maximala antalet åtkomster har uppnåtts,Bitwarden,sv-bitwarden-mobile-full-review-20260919,maximum_access_count_reached,,project-context,4b42ed0a3119099ef6553c7a,reviewed-receipt,https://github.com/yeager/translations/blob/67e6d27877c9cfd6b6dbc74bd852b10bdbe09c3c/Bitwarden/sv-bitwarden-mobile-full-review-20260919.json,4e3887d6b78b4b084fa488b7680906187a4c12a0328977d8af4e98e7b1b94781,{}
744ae4a5e59062149d91f52e,Having trouble with autofill?,Har du problem med autofyllning?,Bitwarden,sv-bitwarden-mobile-full-review-20260919,having_trouble_with_autofill,,project-context,a1a604c793787846e19593eb,reviewed-receipt,https://github.com/yeager/translations/blob/67e6d27877c9cfd6b6dbc74bd852b10bdbe09c3c/Bitwarden/sv-bitwarden-mobile-full-review-20260919.json,4e3887d6b78b4b084fa488b7680906187a4c12a0328977d8af4e98e7b1b94781,{}
745af49ac404bfaa608e69d6,3. Tap “AutoFill Passwords”,3. Tryck på ”Autofyll lösenord”,Bitwarden,sv-bitwarden-mobile-full-review-20260919,AutofillTurnOn3,,project-context,7f0528e466491827c9ae2310,reviewed-receipt,https://github.com/yeager/translations/blob/67e6d27877c9cfd6b6dbc74bd852b10bdbe09c3c/Bitwarden/sv-bitwarden-mobile-full-review-20260919.json,4e3887d6b78b4b084fa488b7680906187a4c12a0328977d8af4e98e7b1b94781,{}
748b22719cf2cc1fa17f2bf2,Decline all requests,Avvisa alla förfrågningar,Bitwarden,sv-bitwarden-mobile-full-review-20260919,decline_all_requests,,project-context,25c1bd7b1ef6f0937dcb1684,reviewed-receipt,https://github.com/yeager/translations/blob/67e6d27877c9cfd6b6dbc74bd852b10bdbe09c3c/Bitwarden/sv-bitwarden-mobile-full-review-20260919.json,4e3887d6b78b4b084fa488b7680906187a4c12a0328977d8af4e98e7b1b94781,{}
74aab0fb4894cf09328d7c6f,API key (required),API-nyckel (obligatoriskt),Bitwarden,sv-bitwarden-mobile-full-review-20260919,api_key_required_parenthesis,,project-context,03c0dd8b70f7246c05bbd9eb,reviewed-receipt,https://github.com/yeager/translations/blob/67e6d27877c9cfd6b6dbc74bd852b10bdbe09c3c/Bitwarden/sv-bitwarden-mobile-full-review-20260919.json,4e3887d6b78b4b084fa488b7680906187a4c12a0328977d8af4e98e7b1b94781,{}
74d5a7a6380db14128ec95b3,Remember,Kom ihåg,Bitwarden,sv-bitwarden-mobile-full-review-20260919,remember,,project-context,1c59680edb7049d30f825db2,reviewed-receipt,https://github.com/yeager/translations/blob/67e6d27877c9cfd6b6dbc74bd852b10bdbe09c3c/Bitwarden/sv-bitwarden-mobile-full-review-20260919.json,4e3887d6b78b4b084fa488b7680906187a4c12a0328977d8af4e98e7b1b94781,{}
7501d2699174ab0ef298b45f,Continue to Bitwarden,Fortsätt till Bitwarden,Bitwarden,sv-bitwarden-mobile-full-review-20260919,ContinueToBitwarden,,project-context,fb43652b9a76eca3dd2fa312,reviewed-receipt,https://github.com/yeager/translations/blob/67e6d27877c9cfd6b6dbc74bd852b10bdbe09c3c/Bitwarden/sv-bitwarden-mobile-full-review-20260919.json,4e3887d6b78b4b084fa488b7680906187a4c12a0328977d8af4e98e7b1b94781,{}
7504b7e7566505f76784673a,Okay,Okej,Bitwarden,sv-bitwarden-mobile-full-review-20260919,okay,,project-context,d4510a2f28d0eda07797a5fa,reviewed-receipt,https://github.com/yeager/translations/blob/67e6d27877c9cfd6b6dbc74bd852b10bdbe09c3c/Bitwarden/sv-bitwarden-mobile-full-review-20260919.json,4e3887d6b78b4b084fa488b7680906187a4c12a0328977d8af4e98e7b1b94781,{}
7513a1b35de38f644a56f836,Explore the generator,Utforska generatorn,Bitwarden,sv-bitwarden-mobile-full-review-20260919,explore_the_generator,,project-context,2e3566b14607da552c40a587,reviewed-receipt,https://github.com/yeager/translations/blob/67e6d27877c9cfd6b6dbc74bd852b10bdbe09c3c/Bitwarden/sv-bitwarden-mobile-full-review-20260919.json,4e3887d6b78b4b084fa488b7680906187a4c12a0328977d8af4e98e7b1b94781,{}
752bc73aa65c6856a7ec6a04,Issuing state / province,Utfärdande delstat / provins,Bitwarden,sv-bitwarden-mobile-full-review-20260919,IssuingStateProvince,,project-context,31ea37a15d10a94ef98d93a9,reviewed-receipt,https://github.com/yeager/translations/blob/67e6d27877c9cfd6b6dbc74bd852b10bdbe09c3c/Bitwarden/sv-bitwarden-mobile-full-review-20260919.json,4e3887d6b78b4b084fa488b7680906187a4c12a0328977d8af4e98e7b1b94781,{}
754821706f65b72beaa5e849,Autofill with Bitwarden,Autofyll med Bitwarden,Bitwarden,sv-bitwarden-mobile-full-review-20260919,AutofillWithBitwarden,,project-context,123af54f8a755ca9626ba51a,reviewed-receipt,https://github.com/yeager/translations/blob/67e6d27877c9cfd6b6dbc74bd852b10bdbe09c3c/Bitwarden/sv-bitwarden-mobile-full-review-20260919.json,4e3887d6b78b4b084fa488b7680906187a4c12a0328977d8af4e98e7b1b94781,{}
759706ad899dd0df6d217666,Shared folders,Delade mappar,Bitwarden,sv-bitwarden-mobile-full-review-20260919,shared_folders,,project-context,9dd4b8852f21a924b4bb7c59,reviewed-receipt,https://github.com/yeager/translations/blob/67e6d27877c9cfd6b6dbc74bd852b10bdbe09c3c/Bitwarden/sv-bitwarden-mobile-full-review-20260919.json,4e3887d6b78b4b084fa488b7680906187a4c12a0328977d8af4e98e7b1b94781,{}
75a7d1e5cb5ff6ffe55b4553,Login denied,Inloggning nekad,Bitwarden,sv-bitwarden-mobile-full-review-20260919,log_in_denied,,project-context,4e9105bb1f8808ee36c2c2af,reviewed-receipt,https://github.com/yeager/translations/blob/67e6d27877c9cfd6b6dbc74bd852b10bdbe09c3c/Bitwarden/sv-bitwarden-mobile-full-review-20260919.json,4e3887d6b78b4b084fa488b7680906187a4c12a0328977d8af4e98e7b1b94781,{}
75b30aa833db9e6a3e8c5755,National identification number,Personnummer,Bitwarden,sv-bitwarden-mobile-full-review-20260919,national_identification_number,,project-context,cf052aa4057e9e1651e1d0fe,reviewed-receipt,https://github.com/yeager/translations/blob/67e6d27877c9cfd6b6dbc74bd852b10bdbe09c3c/Bitwarden/sv-bitwarden-mobile-full-review-20260919.json,4e3887d6b78b4b084fa488b7680906187a4c12a0328977d8af4e98e7b1b94781,{}
75dbe9ffd2384308254f4e6d,February,Februari,Bitwarden,sv-bitwarden-mobile-full-review-20260919,February,,project-context,d701484515dbf20b7a91dc41,reviewed-receipt,https://github.com/yeager/translations/blob/67e6d27877c9cfd6b6dbc74bd852b10bdbe09c3c/Bitwarden/sv-bitwarden-mobile-full-review-20260919.json,4e3887d6b78b4b084fa488b7680906187a4c12a0328977d8af4e98e7b1b94781,{}
75f2374fc0f6c111d28655a1,1 week,1 vecka,Bitwarden,sv-bitwarden-mobile-full-review-20260919,flight_recorder_one_week,,project-context,44c3b36d7bf764f24e3cedf0,reviewed-receipt,https://github.com/yeager/translations/blob/67e6d27877c9cfd6b6dbc74bd852b10bdbe09c3c/Bitwarden/sv-bitwarden-mobile-full-review-20260919.json,4e3887d6b78b4b084fa488b7680906187a4c12a0328977d8af4e98e7b1b94781,{}
7664d03df42ef7c5a1dd0bae,Launch,Öppna,Bitwarden,sv-bitwarden-mobile-full-review-20260919,launch,,project-context,0845ad886dabe8fd95fd248f,reviewed-receipt,https://github.com/yeager/translations/blob/67e6d27877c9cfd6b6dbc74bd852b10bdbe09c3c/Bitwarden/sv-bitwarden-mobile-full-review-20260919.json,4e3887d6b78b4b084fa488b7680906187a4c12a0328977d8af4e98e7b1b94781,{}
767d3abafdafb8645ad948b4,All accounts have been logged out,Alla konton har loggats ut,Bitwarden,sv-bitwarden-mobile-full-review-20260919,AllAccountsHaveBeenLoggedOut,,project-context,a822a728549ef5f6ee68ec87,reviewed-receipt,https://github.com/yeager/translations/blob/67e6d27877c9cfd6b6dbc74bd852b10bdbe09c3c/Bitwarden/sv-bitwarden-mobile-full-review-20260919.json,4e3887d6b78b4b084fa488b7680906187a4c12a0328977d8af4e98e7b1b94781,{}
76c78c4b7ef1e7981ddfd85b,Identification,Identifiering,Bitwarden,sv-bitwarden-mobile-full-review-20260919,Identification,,project-context,dd02c403426d7b3cc1b35c55,reviewed-receipt,https://github.com/yeager/translations/blob/67e6d27877c9cfd6b6dbc74bd852b10bdbe09c3c/Bitwarden/sv-bitwarden-mobile-full-review-20260919.json,4e3887d6b78b4b084fa488b7680906187a4c12a0328977d8af4e98e7b1b94781,{}
76d8b999affed61fa31155a7,Past 30 days,Senaste 30 dagarna,Bitwarden,sv-bitwarden-mobile-full-review-20260919,PastThirtyDays,,project-context,35c1805bc56adb58fa3e79ef,reviewed-receipt,https://github.com/yeager/translations/blob/67e6d27877c9cfd6b6dbc74bd852b10bdbe09c3c/Bitwarden/sv-bitwarden-mobile-full-review-20260919.json,4e3887d6b78b4b084fa488b7680906187a4c12a0328977d8af4e98e7b1b94781,{}
76fccee7b2023796b0ca4dd2,Search,Sök,Bitwarden,sv-bitwarden-mobile-full-review-20260919,Search,,project-context,b6fb0d7e23d4412f1ca5c8b5,reviewed-receipt,https://github.com/yeager/translations/blob/67e6d27877c9cfd6b6dbc74bd852b10bdbe09c3c/Bitwarden/sv-bitwarden-mobile-full-review-20260919.json,4e3887d6b78b4b084fa488b7680906187a4c12a0328977d8af4e98e7b1b94781,{}
771a6dfb1a9f68cd784c8e50,Make a copy,Skapa en kopia,Bitwarden,sv-bitwarden-mobile-full-review-20260919,make_a_copy,,project-context,7446f194b4d60e2b50571f13,reviewed-receipt,https://github.com/yeager/translations/blob/67e6d27877c9cfd6b6dbc74bd852b10bdbe09c3c/Bitwarden/sv-bitwarden-mobile-full-review-20260919.json,4e3887d6b78b4b084fa488b7680906187a4c12a0328977d8af4e98e7b1b94781,{}
77a9e15b43e6f60d17bffece,Cannot read authenticator key.,Kan inte läsa autentiseringsnyckeln.,Bitwarden,sv-bitwarden-mobile-full-review-20260919,AuthenticatorKeyReadError,,project-context,ac9a03931176b5fc9277ae47,reviewed-receipt,https://github.com/yeager/translations/blob/67e6d27877c9cfd6b6dbc74bd852b10bdbe09c3c/Bitwarden/sv-bitwarden-mobile-full-review-20260919.json,4e3887d6b78b4b084fa488b7680906187a4c12a0328977d8af4e98e7b1b94781,{}
77ed9a1c0c215f79dd34fdbe,Unexpected Data Format,Oväntat dataformat,Bitwarden,sv-bitwarden-mobile-full-review-20260919,UnexpectedDataFormat,,project-context,25867936d661bb0c4e469c9b,reviewed-receipt,https://github.com/yeager/translations/blob/67e6d27877c9cfd6b6dbc74bd852b10bdbe09c3c/Bitwarden/sv-bitwarden-mobile-full-review-20260919.json,4e3887d6b78b4b084fa488b7680906187a4c12a0328977d8af4e98e7b1b94781,{}
7815d23a950f2cedcf21084f,Edit text Send,Redigera text Skicka,Bitwarden,sv-bitwarden-mobile-full-review-20260919,EditTextSend,,project-context,fc40950b99bbfbb58435f5fc,reviewed-receipt,https://github.com/yeager/translations/blob/67e6d27877c9cfd6b6dbc74bd852b10bdbe09c3c/Bitwarden/sv-bitwarden-mobile-full-review-20260919.json,4e3887d6b78b4b084fa488b7680906187a4c12a0328977d8af4e98e7b1b94781,{}
781b1cd43a79489c8d459730,Copy email,Kopiera e-postadress,Bitwarden,sv-bitwarden-mobile-full-review-20260919,copy_email,,project-context,591b37c516c579318b91017f,reviewed-receipt,https://github.com/yeager/translations/blob/67e6d27877c9cfd6b6dbc74bd852b10bdbe09c3c/Bitwarden/sv-bitwarden-mobile-full-review-20260919.json,4e3887d6b78b4b084fa488b7680906187a4c12a0328977d8af4e98e7b1b94781,{}
78456f120b8f046d34016b62,Restoring…,Återställer…,Bitwarden,sv-bitwarden-mobile-full-review-20260919,Restoring,,project-context,1a1b922009fc9c00c8e796e0,reviewed-receipt,https://github.com/yeager/translations/blob/67e6d27877c9cfd6b6dbc74bd852b10bdbe09c3c/Bitwarden/sv-bitwarden-mobile-full-review-20260919.json,4e3887d6b78b4b084fa488b7680906187a4c12a0328977d8af4e98e7b1b94781,{}
78694a750df8348c6fb39f5a,Address 1,Adress 1,Bitwarden,sv-bitwarden-mobile-full-review-20260919,address1,,project-context,3cf14b93c36b4877201fa747,reviewed-receipt,https://github.com/yeager/translations/blob/67e6d27877c9cfd6b6dbc74bd852b10bdbe09c3c/Bitwarden/sv-bitwarden-mobile-full-review-20260919.json,4e3887d6b78b4b084fa488b7680906187a4c12a0328977d8af4e98e7b1b94781,{}
788d790a20ca02270617e18a,Default save option,Spara alternativ som standard,Bitwarden,sv-bitwarden-mobile-full-review-20260919,default_save_option,,project-context,28ab536484fe8b3ad1004660,reviewed-receipt,https://github.com/yeager/translations/blob/67e6d27877c9cfd6b6dbc74bd852b10bdbe09c3c/Bitwarden/sv-bitwarden-mobile-full-review-20260919.json,4e3887d6b78b4b084fa488b7680906187a4c12a0328977d8af4e98e7b1b94781,{}
78bcaa3d02c57db6b1459885,Creating on,Skapa på,Bitwarden,sv-bitwarden-mobile-full-review-20260919,CreatingOn,,project-context,faf54a4ea6b624d4da8f35f3,reviewed-receipt,https://github.com/yeager/translations/blob/67e6d27877c9cfd6b6dbc74bd852b10bdbe09c3c/Bitwarden/sv-bitwarden-mobile-full-review-20260919.json,4e3887d6b78b4b084fa488b7680906187a4c12a0328977d8af4e98e7b1b94781,{}
78f8272ab823228e641a02f8,Attachment added,Bilaga tillagd,Bitwarden,sv-bitwarden-mobile-full-review-20260919,AttachementAdded,,project-context,3445d0397ebffa0c0d64d47a,reviewed-receipt,https://github.com/yeager/translations/blob/67e6d27877c9cfd6b6dbc74bd852b10bdbe09c3c/Bitwarden/sv-bitwarden-mobile-full-review-20260919.json,4e3887d6b78b4b084fa488b7680906187a4c12a0328977d8af4e98e7b1b94781,{}
791b2e09e7e9411f4adb1c57,Authenticator sync,Synkronisering av autentiserare,Bitwarden,sv-bitwarden-mobile-full-review-20260919,AuthenticatorSync,,project-context,e62298e46e2c268e06c101b5,reviewed-receipt,https://github.com/yeager/translations/blob/67e6d27877c9cfd6b6dbc74bd852b10bdbe09c3c/Bitwarden/sv-bitwarden-mobile-full-review-20260919.json,4e3887d6b78b4b084fa488b7680906187a4c12a0328977d8af4e98e7b1b94781,{}
791e23416e61339a800d18f7,Submit crash logs,Skicka in kraschrapporter,Bitwarden,sv-bitwarden-mobile-full-review-20260919,SubmitCrashLogs,,project-context,cb45dd1356b79befb4d3ecbf,reviewed-receipt,https://github.com/yeager/translations/blob/67e6d27877c9cfd6b6dbc74bd852b10bdbe09c3c/Bitwarden/sv-bitwarden-mobile-full-review-20260919.json,4e3887d6b78b4b084fa488b7680906187a4c12a0328977d8af4e98e7b1b94781,{}
792201cdc4f660d86f598b68,Security,Säkerhet,Bitwarden,sv-bitwarden-mobile-full-review-20260919,Security,,project-context,3ac5166521a4aedf250d65b3,reviewed-receipt,https://github.com/yeager/translations/blob/67e6d27877c9cfd6b6dbc74bd852b10bdbe09c3c/Bitwarden/sv-bitwarden-mobile-full-review-20260919.json,4e3887d6b78b4b084fa488b7680906187a4c12a0328977d8af4e98e7b1b94781,{}
79359d2e61f185609d2a03ec,Random,Slumpmässig,Bitwarden,sv-bitwarden-mobile-full-review-20260919,Random,,project-context,70eeb8a889d25565a299810d,reviewed-receipt,https://github.com/yeager/translations/blob/67e6d27877c9cfd6b6dbc74bd852b10bdbe09c3c/Bitwarden/sv-bitwarden-mobile-full-review-20260919.json,4e3887d6b78b4b084fa488b7680906187a4c12a0328977d8af4e98e7b1b94781,{}
795a66939ee589474bd16e10,Premium subscription required,Premium-prenumeration krävs,Bitwarden,sv-bitwarden-mobile-full-review-20260919,PremiumSubscriptionRequired,,project-context,ff2f5ad258e70f408762ced5,reviewed-receipt,https://github.com/yeager/translations/blob/67e6d27877c9cfd6b6dbc74bd852b10bdbe09c3c/Bitwarden/sv-bitwarden-mobile-full-review-20260919.json,4e3887d6b78b4b084fa488b7680906187a4c12a0328977d8af4e98e7b1b94781,{}
796dd8b6f77488046e8644c6,Passport number,Passnummer,Bitwarden,sv-bitwarden-mobile-full-review-20260919,PassportNumber,,project-context,fb089897c59698d379173ed4,reviewed-receipt,https://github.com/yeager/translations/blob/67e6d27877c9cfd6b6dbc74bd852b10bdbe09c3c/Bitwarden/sv-bitwarden-mobile-full-review-20260919.json,4e3887d6b78b4b084fa488b7680906187a4c12a0328977d8af4e98e7b1b94781,{}
797971b1a2e04580bcdd6f4e,Missing Send re-sync your vault,Saknas Skicka synkronisera ditt valv igen,Bitwarden,sv-bitwarden-mobile-full-review-20260919,missing_send_resync_your_vault,,project-context,5082e1f79e4ea88b264f9af4,reviewed-receipt,https://github.com/yeager/translations/blob/67e6d27877c9cfd6b6dbc74bd852b10bdbe09c3c/Bitwarden/sv-bitwarden-mobile-full-review-20260919.json,4e3887d6b78b4b084fa488b7680906187a4c12a0328977d8af4e98e7b1b94781,{}
79a4a14117f0f1179575a6e6,Import successful!,Importen lyckades!,Bitwarden,sv-bitwarden-mobile-full-review-20260919,ImportSuccessful,,project-context,5d6fad9f71e9c0e599c3bfb0,reviewed-receipt,https://github.com/yeager/translations/blob/67e6d27877c9cfd6b6dbc74bd852b10bdbe09c3c/Bitwarden/sv-bitwarden-mobile-full-review-20260919.json,4e3887d6b78b4b084fa488b7680906187a4c12a0328977d8af4e98e7b1b94781,{}
79ab9f699a3cbeb81d71f45e,Copy identity name,Kopiera identitetsnamn,Bitwarden,sv-bitwarden-mobile-full-review-20260919,copy_identity_name,,project-context,e87f2e1ad0dc098f142d0680,reviewed-receipt,https://github.com/yeager/translations/blob/67e6d27877c9cfd6b6dbc74bd852b10bdbe09c3c/Bitwarden/sv-bitwarden-mobile-full-review-20260919.json,4e3887d6b78b4b084fa488b7680906187a4c12a0328977d8af4e98e7b1b94781,{}
79be8487228123e3086dbdaa,Copy number,Kopiera nummer,Bitwarden,sv-bitwarden-mobile-full-review-20260919,copy_number,,project-context,f2a0be99417b94c0195701bf,reviewed-receipt,https://github.com/yeager/translations/blob/67e6d27877c9cfd6b6dbc74bd852b10bdbe09c3c/Bitwarden/sv-bitwarden-mobile-full-review-20260919.json,4e3887d6b78b4b084fa488b7680906187a4c12a0328977d8af4e98e7b1b94781,{}
7a0f61a4699fc3f219f6e1ba,Download the browser extension,Hämta ner webbläsartillägget,Bitwarden,sv-bitwarden-mobile-full-review-20260919,download_the_browser_extension,,project-context,e8e4fb8bdcac8230b025dff7,reviewed-receipt,https://github.com/yeager/translations/blob/67e6d27877c9cfd6b6dbc74bd852b10bdbe09c3c/Bitwarden/sv-bitwarden-mobile-full-review-20260919.json,4e3887d6b78b4b084fa488b7680906187a4c12a0328977d8af4e98e7b1b94781,{}
7a6708e01d8c52a5db94d29c,Get your master password hint,Hämta huvudlösenordsledtråd,Bitwarden,sv-bitwarden-mobile-full-review-20260919,get_password_hint,,project-context,4a53cb5762779941e956ae36,reviewed-receipt,https://github.com/yeager/translations/blob/67e6d27877c9cfd6b6dbc74bd852b10bdbe09c3c/Bitwarden/sv-bitwarden-mobile-full-review-20260919.json,4e3887d6b78b4b084fa488b7680906187a4c12a0328977d8af4e98e7b1b94781,{}
7ad80d871b71d4a89927b36b,File name,Filnamn,Bitwarden,sv-bitwarden-mobile-full-review-20260919,file_name,,project-context,97115d3fa68b7c1399444268,reviewed-receipt,https://github.com/yeager/translations/blob/67e6d27877c9cfd6b6dbc74bd852b10bdbe09c3c/Bitwarden/sv-bitwarden-mobile-full-review-20260919.json,4e3887d6b78b4b084fa488b7680906187a4c12a0328977d8af4e98e7b1b94781,{}
7ae27dfa8765ba7651b05d75,Are you trying to log in?,Försöker du logga in?,Bitwarden,sv-bitwarden-mobile-full-review-20260919,are_you_trying_to_log_in,,project-context,fcb59a31274ef0d000185374,reviewed-receipt,https://github.com/yeager/translations/blob/67e6d27877c9cfd6b6dbc74bd852b10bdbe09c3c/Bitwarden/sv-bitwarden-mobile-full-review-20260919.json,4e3887d6b78b4b084fa488b7680906187a4c12a0328977d8af4e98e7b1b94781,{}
7b3b49d1fd7a3c48f542f3d2,All,Alla,Bitwarden,sv-bitwarden-mobile-full-review-20260919,All,,project-context,73d43ed4ed2e264f8730a67b,reviewed-receipt,https://github.com/yeager/translations/blob/67e6d27877c9cfd6b6dbc74bd852b10bdbe09c3c/Bitwarden/sv-bitwarden-mobile-full-review-20260919.json,4e3887d6b78b4b084fa488b7680906187a4c12a0328977d8af4e98e7b1b94781,{}
7b452838462b209c6df258ac,Remove password,Ta bort lösenord,Bitwarden,sv-bitwarden-mobile-full-review-20260919,remove_password,,project-context,19c469708d175c5d9dd12143,reviewed-receipt,https://github.com/yeager/translations/blob/67e6d27877c9cfd6b6dbc74bd852b10bdbe09c3c/Bitwarden/sv-bitwarden-mobile-full-review-20260919.json,4e3887d6b78b4b084fa488b7680906187a4c12a0328977d8af4e98e7b1b94781,{}
7b48f4e0769b1f4e609d9859,Checking,Checkkonto,Bitwarden,sv-bitwarden-mobile-full-review-20260919,checking,,project-context,cce5e5cc491cd6dbdb75e9f9,reviewed-receipt,https://github.com/yeager/translations/blob/67e6d27877c9cfd6b6dbc74bd852b10bdbe09c3c/Bitwarden/sv-bitwarden-mobile-full-review-20260919.json,4e3887d6b78b4b084fa488b7680906187a4c12a0328977d8af4e98e7b1b94781,{}
7b69651f753ba10a4266b13d,Generate error report,Generera felrapport,Bitwarden,sv-bitwarden-mobile-full-review-20260919,GenerateErrorReport,,project-context,19bfdaa520f9cc3644fbe72b,reviewed-receipt,https://github.com/yeager/translations/blob/67e6d27877c9cfd6b6dbc74bd852b10bdbe09c3c/Bitwarden/sv-bitwarden-mobile-full-review-20260919.json,4e3887d6b78b4b084fa488b7680906187a4c12a0328977d8af4e98e7b1b94781,{}
7beeb37921b01cb36b99d741,Clear masterPasswordUnlock,Rensa masterPasswordUnlock,Bitwarden,sv-bitwarden-mobile-full-review-20260919,ClearMasterPasswordUnlock,,project-context,e334e37a19d466a6945483c1,reviewed-receipt,https://github.com/yeager/translations/blob/67e6d27877c9cfd6b6dbc74bd852b10bdbe09c3c/Bitwarden/sv-bitwarden-mobile-full-review-20260919.json,4e3887d6b78b4b084fa488b7680906187a4c12a0328977d8af4e98e7b1b94781,{}
7c4c39ed3ab2af2c1a504f12,Archive,Arkiv,Bitwarden,sv-bitwarden-mobile-full-review-20260919,archive_noun,,project-context,30eb26d0ca5af7d18e3be775,reviewed-receipt,https://github.com/yeager/translations/blob/67e6d27877c9cfd6b6dbc74bd852b10bdbe09c3c/Bitwarden/sv-bitwarden-mobile-full-review-20260919.json,4e3887d6b78b4b084fa488b7680906187a4c12a0328977d8af4e98e7b1b94781,{}
7c5bbc68c27878bd431f0423,Requests declined,Förfrågningar avvisades,Bitwarden,sv-bitwarden-mobile-full-review-20260919,RequestsDeclined,,project-context,217e7c7a507bb3853801fd60,reviewed-receipt,https://github.com/yeager/translations/blob/67e6d27877c9cfd6b6dbc74bd852b10bdbe09c3c/Bitwarden/sv-bitwarden-mobile-full-review-20260919.json,4e3887d6b78b4b084fa488b7680906187a4c12a0328977d8af4e98e7b1b94781,{}
7c5e2c2536bee8266b9ff480,Verification email sent,Verifieringsmeddelande har skickats,Bitwarden,sv-bitwarden-mobile-full-review-20260919,VerificationEmailSent,,project-context,0385b03d6734267e7a286890,reviewed-receipt,https://github.com/yeager/translations/blob/67e6d27877c9cfd6b6dbc74bd852b10bdbe09c3c/Bitwarden/sv-bitwarden-mobile-full-review-20260919.json,4e3887d6b78b4b084fa488b7680906187a4c12a0328977d8af4e98e7b1b94781,{}
7c692ad1438967166ccc5c77,New send,Ny Send,Bitwarden,sv-bitwarden-mobile-full-review-20260919,NewSend,,project-context,17bd20d3b0b4303e8fd7c99c,reviewed-receipt,https://github.com/yeager/translations/blob/67e6d27877c9cfd6b6dbc74bd852b10bdbe09c3c/Bitwarden/sv-bitwarden-mobile-full-review-20260919.json,4e3887d6b78b4b084fa488b7680906187a4c12a0328977d8af4e98e7b1b94781,{}
7c6bb8f9651d652656ecc019,Verification code,Verifieringskod,Bitwarden,sv-bitwarden-mobile-full-review-20260919,verification_code,,project-context,7007d84287b36e0b30cc0588,reviewed-receipt,https://github.com/yeager/translations/blob/67e6d27877c9cfd6b6dbc74bd852b10bdbe09c3c/Bitwarden/sv-bitwarden-mobile-full-review-20260919.json,4e3887d6b78b4b084fa488b7680906187a4c12a0328977d8af4e98e7b1b94781,{}
7c971f1c64154db2cd7f0964,Logins imported,Inloggningar importerade,Bitwarden,sv-bitwarden-mobile-full-review-20260919,LoginsImported,,project-context,71c55c2fb96833c7b8865f65,reviewed-receipt,https://github.com/yeager/translations/blob/67e6d27877c9cfd6b6dbc74bd852b10bdbe09c3c/Bitwarden/sv-bitwarden-mobile-full-review-20260919.json,4e3887d6b78b4b084fa488b7680906187a4c12a0328977d8af4e98e7b1b94781,{}
7caa0b731fedc23c0459562d,Done,Klar,Bitwarden,sv-bitwarden-mobile-full-review-20260919,Done,,project-context,03d996465b37e15a5225848c,reviewed-receipt,https://github.com/yeager/translations/blob/67e6d27877c9cfd6b6dbc74bd852b10bdbe09c3c/Bitwarden/sv-bitwarden-mobile-full-review-20260919.json,4e3887d6b78b4b084fa488b7680906187a4c12a0328977d8af4e98e7b1b94781,{}
7ce8b61dac3026c04f1f2717,Vault,Valv,Bitwarden,sv-bitwarden-mobile-full-review-20260919,vault,,project-context,30c66c456d0cbd547264b298,reviewed-receipt,https://github.com/yeager/translations/blob/67e6d27877c9cfd6b6dbc74bd852b10bdbe09c3c/Bitwarden/sv-bitwarden-mobile-full-review-20260919.json,4e3887d6b78b4b084fa488b7680906187a4c12a0328977d8af4e98e7b1b94781,{}
7d0a05306fe1d90519a96694,Go to settings,Gå till inställningar,Bitwarden,sv-bitwarden-mobile-full-review-20260919,go_to_settings,,project-context,d6de6bc21b6e15b2009fe51a,reviewed-receipt,https://github.com/yeager/translations/blob/67e6d27877c9cfd6b6dbc74bd852b10bdbe09c3c/Bitwarden/sv-bitwarden-mobile-full-review-20260919.json,4e3887d6b78b4b084fa488b7680906187a4c12a0328977d8af4e98e7b1b94781,{}
7d227cf8a884e7de4634482e,Authenticator key added.,Autentiseringsnyckel tillagd.,Bitwarden,sv-bitwarden-mobile-full-review-20260919,AuthenticatorKeyAdded,,project-context,e2dbd53c0949672d5845ac51,reviewed-receipt,https://github.com/yeager/translations/blob/67e6d27877c9cfd6b6dbc74bd852b10bdbe09c3c/Bitwarden/sv-bitwarden-mobile-full-review-20260919.json,4e3887d6b78b4b084fa488b7680906187a4c12a0328977d8af4e98e7b1b94781,{}
7d4629170efe5ec64aa8067c,Cancel,Avbryt,Bitwarden,sv-bitwarden-mobile-full-review-20260919,cancel,,project-context,e40af0220591e98fa9734596,reviewed-receipt,https://github.com/yeager/translations/blob/67e6d27877c9cfd6b6dbc74bd852b10bdbe09c3c/Bitwarden/sv-bitwarden-mobile-full-review-20260919.json,4e3887d6b78b4b084fa488b7680906187a4c12a0328977d8af4e98e7b1b94781,{}
7d4b155d9b707a317eb89b30,Username type,Typ av användarnamn,Bitwarden,sv-bitwarden-mobile-full-review-20260919,UsernameType,,project-context,a787fd7e722ec7e23a30eebe,reviewed-receipt,https://github.com/yeager/translations/blob/67e6d27877c9cfd6b6dbc74bd852b10bdbe09c3c/Bitwarden/sv-bitwarden-mobile-full-review-20260919.json,4e3887d6b78b4b084fa488b7680906187a4c12a0328977d8af4e98e7b1b94781,{}
7d6f7ed77e32136eea1021fc,Opens date picker,Öppnar datumväljaren,Bitwarden,sv-bitwarden-mobile-delta-published-20260919,OpensDatePicker,,project-context,531842d42b52327d9c1a0f48,reviewed-receipt,https://github.com/yeager/translations/blob/67e6d27877c9cfd6b6dbc74bd852b10bdbe09c3c/Bitwarden/sv-bitwarden-mobile-delta-published-20260919.json,80a55c506c0fec3704f86cc2f97704b36b342d597df0c8896b715cd3648e06ac,{}
7d700820537e747a5615a1b2,Go to my vault,Gå till mitt valv,Bitwarden,sv-bitwarden-mobile-full-review-20260919,go_to_my_vault,,project-context,e52c5f74658fd88801883438,reviewed-receipt,https://github.com/yeager/translations/blob/67e6d27877c9cfd6b6dbc74bd852b10bdbe09c3c/Bitwarden/sv-bitwarden-mobile-full-review-20260919.json,4e3887d6b78b4b084fa488b7680906187a4c12a0328977d8af4e98e7b1b94781,{}
7d91ac6d777cfffb333f47bd,My folders,Mina mappar,Bitwarden,sv-bitwarden-mobile-full-review-20260919,my_folders,,project-context,bacd7bac135b6879ff2c4b82,reviewed-receipt,https://github.com/yeager/translations/blob/67e6d27877c9cfd6b6dbc74bd852b10bdbe09c3c/Bitwarden/sv-bitwarden-mobile-full-review-20260919.json,4e3887d6b78b4b084fa488b7680906187a4c12a0328977d8af4e98e7b1b94781,{}
7d9312aa4082cd8be539d251,Send code,Send-kod,Bitwarden,sv-bitwarden-mobile-full-review-20260919,SendCode,,project-context,62c24f643bbd9b1c34084e1a,reviewed-receipt,https://github.com/yeager/translations/blob/67e6d27877c9cfd6b6dbc74bd852b10bdbe09c3c/Bitwarden/sv-bitwarden-mobile-full-review-20260919.json,4e3887d6b78b4b084fa488b7680906187a4c12a0328977d8af4e98e7b1b94781,{}
7ded0e3fe138de9f0f7594df,Select vault,Välj valv,Bitwarden,sv-bitwarden-mobile-full-review-20260919,select_vault,,project-context,16675694b28eaac36add466e,reviewed-receipt,https://github.com/yeager/translations/blob/67e6d27877c9cfd6b6dbc74bd852b10bdbe09c3c/Bitwarden/sv-bitwarden-mobile-full-review-20260919.json,4e3887d6b78b4b084fa488b7680906187a4c12a0328977d8af4e98e7b1b94781,{}
7e6d526e72965bebb4319fa0,View plan,Visa prenumeration,Bitwarden,sv-bitwarden-mobile-full-review-20260919,view_plan,,project-context,2053dd9be98d4d01c58d08e0,reviewed-receipt,https://github.com/yeager/translations/blob/67e6d27877c9cfd6b6dbc74bd852b10bdbe09c3c/Bitwarden/sv-bitwarden-mobile-full-review-20260919.json,4e3887d6b78b4b084fa488b7680906187a4c12a0328977d8af4e98e7b1b94781,{}
7eb40c8268e5a6684ba4348b,1 minute,1 minut,Bitwarden,sv-bitwarden-mobile-full-review-20260919,one_minute,,project-context,2cb1061e6b27506bb5454159,reviewed-receipt,https://github.com/yeager/translations/blob/67e6d27877c9cfd6b6dbc74bd852b10bdbe09c3c/Bitwarden/sv-bitwarden-mobile-full-review-20260919.json,4e3887d6b78b4b084fa488b7680906187a4c12a0328977d8af4e98e7b1b94781,{}
7eb54d699fbec00cb61dd607,Block autofill,Blockera autofyll,Bitwarden,sv-bitwarden-mobile-full-review-20260919,block_auto_fill,,project-context,9bfafc2bbb1f5d996c31df92,reviewed-receipt,https://github.com/yeager/translations/blob/67e6d27877c9cfd6b6dbc74bd852b10bdbe09c3c/Bitwarden/sv-bitwarden-mobile-full-review-20260919.json,4e3887d6b78b4b084fa488b7680906187a4c12a0328977d8af4e98e7b1b94781,{}
7eb7ef5b4e3dcc5ff807a6e8,Line of credit,Kreditlinje,Bitwarden,sv-bitwarden-mobile-full-review-20260919,line_of_credit,,project-context,c71375818e9b72cc0e0e2b1b,reviewed-receipt,https://github.com/yeager/translations/blob/67e6d27877c9cfd6b6dbc74bd852b10bdbe09c3c/Bitwarden/sv-bitwarden-mobile-full-review-20260919.json,4e3887d6b78b4b084fa488b7680906187a4c12a0328977d8af4e98e7b1b94781,{}
7eba258b85a9199d960161de,"A secure, memorable password",Ett säkert lösenord som är lätt att komma ihåg,Bitwarden,sv-bitwarden-mobile-full-review-20260919,ASecureMemorablePassword,,project-context,2c31447043ee53e09df08b32,reviewed-receipt,https://github.com/yeager/translations/blob/67e6d27877c9cfd6b6dbc74bd852b10bdbe09c3c/Bitwarden/sv-bitwarden-mobile-full-review-20260919.json,4e3887d6b78b4b084fa488b7680906187a4c12a0328977d8af4e98e7b1b94781,{}
7ec0d9aea3ae380130d9f770,Hidden items,Dolda objekt,Bitwarden,sv-bitwarden-mobile-full-review-20260919,hidden_items,,project-context,25577aac4d8a3befc4c5518c,reviewed-receipt,https://github.com/yeager/translations/blob/67e6d27877c9cfd6b6dbc74bd852b10bdbe09c3c/Bitwarden/sv-bitwarden-mobile-full-review-20260919.json,4e3887d6b78b4b084fa488b7680906187a4c12a0328977d8af4e98e7b1b94781,{}
7efddead0b513184f09fcf1b,"Yes, set default","Ja, ställ in som standard",Bitwarden,sv-bitwarden-mobile-full-review-20260919,YesSetDefault,,project-context,ea1c6c9e67e85a4601b1a269,reviewed-receipt,https://github.com/yeager/translations/blob/67e6d27877c9cfd6b6dbc74bd852b10bdbe09c3c/Bitwarden/sv-bitwarden-mobile-full-review-20260919.json,4e3887d6b78b4b084fa488b7680906187a4c12a0328977d8af4e98e7b1b94781,{}
7efecff51f70a846c105957d,Approve login requests,Godkänn inloggningsförfrågningar,Bitwarden,sv-bitwarden-mobile-full-review-20260919,ApproveLoginRequests,,project-context,a9f1ee88f9b1b9cac51592e7,reviewed-receipt,https://github.com/yeager/translations/blob/67e6d27877c9cfd6b6dbc74bd852b10bdbe09c3c/Bitwarden/sv-bitwarden-mobile-full-review-20260919.json,4e3887d6b78b4b084fa488b7680906187a4c12a0328977d8af4e98e7b1b94781,{}
7f0240399068350c101bef04,Remove account,Ta bort konto,Bitwarden,sv-bitwarden-mobile-full-review-20260919,remove_account,,project-context,7acb74dc278d9673ce1864b3,reviewed-receipt,https://github.com/yeager/translations/blob/67e6d27877c9cfd6b6dbc74bd852b10bdbe09c3c/Bitwarden/sv-bitwarden-mobile-full-review-20260919.json,4e3887d6b78b4b084fa488b7680906187a4c12a0328977d8af4e98e7b1b94781,{}
7f25153b5115d444ccf60a45,Choose three or four random words,Välj tre eller fyra slumpmässiga ord,Bitwarden,sv-bitwarden-mobile-full-review-20260919,choose_three_or_four_random_words,,project-context,f41b5bad0862bed04e1c4786,reviewed-receipt,https://github.com/yeager/translations/blob/67e6d27877c9cfd6b6dbc74bd852b10bdbe09c3c/Bitwarden/sv-bitwarden-mobile-full-review-20260919.json,4e3887d6b78b4b084fa488b7680906187a4c12a0328977d8af4e98e7b1b94781,{}
7f3b976f3c3c4a944054a55b,Passkey will not be copied,Inloggningsnyckel kommer inte kopieras,Bitwarden,sv-bitwarden-mobile-full-review-20260919,passkey_will_not_be_copied,,project-context,76d2f04a86d0cc0672701170,reviewed-receipt,https://github.com/yeager/translations/blob/67e6d27877c9cfd6b6dbc74bd852b10bdbe09c3c/Bitwarden/sv-bitwarden-mobile-full-review-20260919.json,4e3887d6b78b4b084fa488b7680906187a4c12a0328977d8af4e98e7b1b94781,{}
7f643341d17340aec332180a,Branch number,Kontorsnummer,Bitwarden,sv-bitwarden-mobile-full-review-20260919,branch_number,,project-context,9c941bc01f13e4b97ced5e20,reviewed-receipt,https://github.com/yeager/translations/blob/67e6d27877c9cfd6b6dbc74bd852b10bdbe09c3c/Bitwarden/sv-bitwarden-mobile-full-review-20260919.json,4e3887d6b78b4b084fa488b7680906187a4c12a0328977d8af4e98e7b1b94781,{}
7f65800570d735a5cde1cc57,Autofill setup,Konfigurera autofyll,Bitwarden,sv-bitwarden-mobile-full-review-20260919,autofill_setup,,project-context,55eab49bb34bbabfa32a5cdc,reviewed-receipt,https://github.com/yeager/translations/blob/67e6d27877c9cfd6b6dbc74bd852b10bdbe09c3c/Bitwarden/sv-bitwarden-mobile-full-review-20260919.json,4e3887d6b78b4b084fa488b7680906187a4c12a0328977d8af4e98e7b1b94781,{}
7f9e2eaec449ce61aaf61401,Add website,Lägg till webbplats,Bitwarden,sv-bitwarden-mobile-full-review-20260919,add_website,,project-context,d13061426cf025852685abb3,reviewed-receipt,https://github.com/yeager/translations/blob/67e6d27877c9cfd6b6dbc74bd852b10bdbe09c3c/Bitwarden/sv-bitwarden-mobile-full-review-20260919.json,4e3887d6b78b4b084fa488b7680906187a4c12a0328977d8af4e98e7b1b94781,{}
7fceacf94e839c9094d47eeb,Passport saved,Pass sparat,Bitwarden,sv-bitwarden-mobile-full-review-20260919,PassportSaved,,project-context,27e90fa3d72e8ebd3f3ab2f6,reviewed-receipt,https://github.com/yeager/translations/blob/67e6d27877c9cfd6b6dbc74bd852b10bdbe09c3c/Bitwarden/sv-bitwarden-mobile-full-review-20260919.json,4e3887d6b78b4b084fa488b7680906187a4c12a0328977d8af4e98e7b1b94781,{}
7fcf7f3dfa97634aa25aca07,Add login,Lägg till inloggning,Bitwarden,sv-bitwarden-mobile-full-review-20260919,AddLogin,,project-context,37dbe23d471d4009f65d4bbf,reviewed-receipt,https://github.com/yeager/translations/blob/67e6d27877c9cfd6b6dbc74bd852b10bdbe09c3c/Bitwarden/sv-bitwarden-mobile-full-review-20260919.json,4e3887d6b78b4b084fa488b7680906187a4c12a0328977d8af4e98e7b1b94781,{}
7feb53e5684dac0fb9cef1e6,Unlock with Face ID,Lås upp med Face ID,Bitwarden,sv-bitwarden-mobile-full-review-20260919,UnlockWithFaceID,,project-context,8748b14ef96334aedbe9ebd6,reviewed-receipt,https://github.com/yeager/translations/blob/67e6d27877c9cfd6b6dbc74bd852b10bdbe09c3c/Bitwarden/sv-bitwarden-mobile-full-review-20260919.json,4e3887d6b78b4b084fa488b7680906187a4c12a0328977d8af4e98e7b1b94781,{}
800e9473f9f99387d74cb340,National identification number,Personnummer,Bitwarden,sv-bitwarden-mobile-full-review-20260919,NationalIdentificationNumber,,project-context,4580555597cf1cc20e2e680b,reviewed-receipt,https://github.com/yeager/translations/blob/67e6d27877c9cfd6b6dbc74bd852b10bdbe09c3c/Bitwarden/sv-bitwarden-mobile-full-review-20260919.json,4e3887d6b78b4b084fa488b7680906187a4c12a0328977d8af4e98e7b1b94781,{}
8029211b7859bd008b5aa150,Access your local network,Få åtkomst till ditt lokala nätverk,Bitwarden,sv-bitwarden-mobile-full-review-20260919,access_your_local_network,,project-context,875d7ccd884d9b20d5a07de5,reviewed-receipt,https://github.com/yeager/translations/blob/67e6d27877c9cfd6b6dbc74bd852b10bdbe09c3c/Bitwarden/sv-bitwarden-mobile-full-review-20260919.json,4e3887d6b78b4b084fa488b7680906187a4c12a0328977d8af4e98e7b1b94781,{}
807c912ec537e238ca8f7e66,Copy error report,Kopiera felrapport,Bitwarden,sv-bitwarden-mobile-full-review-20260919,copy_error_report,,project-context,7a67d80d6822f710af2c91e5,reviewed-receipt,https://github.com/yeager/translations/blob/67e6d27877c9cfd6b6dbc74bd852b10bdbe09c3c/Bitwarden/sv-bitwarden-mobile-full-review-20260919.json,4e3887d6b78b4b084fa488b7680906187a4c12a0328977d8af4e98e7b1b94781,{}
8095871096da764569447833,About Send,Om Send,Bitwarden,sv-bitwarden-mobile-full-review-20260919,AboutSend,,project-context,ea2d30e6364fc0bbc1ceac3c,reviewed-receipt,https://github.com/yeager/translations/blob/67e6d27877c9cfd6b6dbc74bd852b10bdbe09c3c/Bitwarden/sv-bitwarden-mobile-full-review-20260919.json,4e3887d6b78b4b084fa488b7680906187a4c12a0328977d8af4e98e7b1b94781,{}
80dc58ddf3b8bf5c2dc56791,Items,Objekt,Bitwarden,sv-bitwarden-mobile-full-review-20260919,Items,,project-context,67e622d6cb9cf88022170dc4,reviewed-receipt,https://github.com/yeager/translations/blob/67e6d27877c9cfd6b6dbc74bd852b10bdbe09c3c/Bitwarden/sv-bitwarden-mobile-full-review-20260919.json,4e3887d6b78b4b084fa488b7680906187a4c12a0328977d8af4e98e7b1b94781,{}
813eab95ed6025a87edb2d17,Log in to Bitwarden,Logga in på Bitwarden,Bitwarden,sv-bitwarden-mobile-full-review-20260919,log_in_to_bitwarden,,project-context,663923cf20a6cfc5f081a2ff,reviewed-receipt,https://github.com/yeager/translations/blob/67e6d27877c9cfd6b6dbc74bd852b10bdbe09c3c/Bitwarden/sv-bitwarden-mobile-full-review-20260919.json,4e3887d6b78b4b084fa488b7680906187a4c12a0328977d8af4e98e7b1b94781,{}
81540c6a4d1c6ac65725496c,Why am I seeing this?,Varför ser jag det här?,Bitwarden,sv-bitwarden-mobile-full-review-20260919,why_am_i_seeing_this,,project-context,fdd3eb9ee6f199d760356e99,reviewed-receipt,https://github.com/yeager/translations/blob/67e6d27877c9cfd6b6dbc74bd852b10bdbe09c3c/Bitwarden/sv-bitwarden-mobile-full-review-20260919.json,4e3887d6b78b4b084fa488b7680906187a4c12a0328977d8af4e98e7b1b94781,{}
8188bf8df5f439434382953a,Word separator,Ordavgränsare,Bitwarden,sv-bitwarden-mobile-full-review-20260919,WordSeparator,,project-context,67a68ae3b3186571d8c6a02c,reviewed-receipt,https://github.com/yeager/translations/blob/67e6d27877c9cfd6b6dbc74bd852b10bdbe09c3c/Bitwarden/sv-bitwarden-mobile-full-review-20260919.json,4e3887d6b78b4b084fa488b7680906187a4c12a0328977d8af4e98e7b1b94781,{}
81bc5d78d8e997d7713c661c,Bank account,Bankkonto,Bitwarden,sv-bitwarden-mobile-full-review-20260919,BankAccount,,project-context,9fe8c12f6b5632f5e93b0b6a,reviewed-receipt,https://github.com/yeager/translations/blob/67e6d27877c9cfd6b6dbc74bd852b10bdbe09c3c/Bitwarden/sv-bitwarden-mobile-full-review-20260919.json,4e3887d6b78b4b084fa488b7680906187a4c12a0328977d8af4e98e7b1b94781,{}
81dc61bb294d87654c938dd2,Apply,Verkställ,Bitwarden,sv-bitwarden-mobile-full-review-20260919,apply,,project-context,db6c675e087eead3d3c3e13c,reviewed-receipt,https://github.com/yeager/translations/blob/67e6d27877c9cfd6b6dbc74bd852b10bdbe09c3c/Bitwarden/sv-bitwarden-mobile-full-review-20260919.json,4e3887d6b78b4b084fa488b7680906187a4c12a0328977d8af4e98e7b1b94781,{}
81e412d751e8bd365059c3fc,Copy security code,Kopiera säkerhetskod,Bitwarden,sv-bitwarden-mobile-full-review-20260919,CopySecurityCode,,project-context,10ac1c0ab16756ad051d69ed,reviewed-receipt,https://github.com/yeager/translations/blob/67e6d27877c9cfd6b6dbc74bd852b10bdbe09c3c/Bitwarden/sv-bitwarden-mobile-full-review-20260919.json,4e3887d6b78b4b084fa488b7680906187a4c12a0328977d8af4e98e7b1b94781,{}
81f8f3ee8d0d4e17cb47e0e5,Weak and Exposed Master Password,Huvudlösenordet är svagt och har exponerats,Bitwarden,sv-bitwarden-mobile-full-review-20260919,weak_and_exposed_master_password,,project-context,4649b117558140906860edb9,reviewed-receipt,https://github.com/yeager/translations/blob/67e6d27877c9cfd6b6dbc74bd852b10bdbe09c3c/Bitwarden/sv-bitwarden-mobile-full-review-20260919.json,4e3887d6b78b4b084fa488b7680906187a4c12a0328977d8af4e98e7b1b94781,{}
8206b3a6b22ee03d853b9e13,1 hour,1 timme,Bitwarden,sv-bitwarden-mobile-full-review-20260919,one_hour,,project-context,07d4839be8130e38da7cc8c0,reviewed-receipt,https://github.com/yeager/translations/blob/67e6d27877c9cfd6b6dbc74bd852b10bdbe09c3c/Bitwarden/sv-bitwarden-mobile-full-review-20260919.json,4e3887d6b78b4b084fa488b7680906187a4c12a0328977d8af4e98e7b1b94781,{}
82148e19d8efdb04e31da638,Create verification code,Skapa verifieringskod,Bitwarden,sv-bitwarden-mobile-full-review-20260919,CreateVerificationCode,,project-context,f2ed02a60cf69099de21ceec,reviewed-receipt,https://github.com/yeager/translations/blob/67e6d27877c9cfd6b6dbc74bd852b10bdbe09c3c/Bitwarden/sv-bitwarden-mobile-full-review-20260919.json,4e3887d6b78b4b084fa488b7680906187a4c12a0328977d8af4e98e7b1b94781,{}
821c1c6d2612000d76409441,Favorite,Favorit,Bitwarden,sv-bitwarden-mobile-full-review-20260919,favorite,,project-context,2b59902b114d9963d44a5112,reviewed-receipt,https://github.com/yeager/translations/blob/67e6d27877c9cfd6b6dbc74bd852b10bdbe09c3c/Bitwarden/sv-bitwarden-mobile-full-review-20260919.json,4e3887d6b78b4b084fa488b7680906187a4c12a0328977d8af4e98e7b1b94781,{}
824104130018e2729b49d72b,License saved,Licens sparad,Bitwarden,sv-bitwarden-mobile-full-review-20260919,LicenseSaved,,project-context,724c3a2f25808db0821ff765,reviewed-receipt,https://github.com/yeager/translations/blob/67e6d27877c9cfd6b6dbc74bd852b10bdbe09c3c/Bitwarden/sv-bitwarden-mobile-full-review-20260919.json,4e3887d6b78b4b084fa488b7680906187a4c12a0328977d8af4e98e7b1b94781,{}
8285aa017d26f06622743911,My folders,Mina mappar,Bitwarden,sv-bitwarden-mobile-full-review-20260919,MyFolders,,project-context,21ff3df7ecaaf7ea4e5bd115,reviewed-receipt,https://github.com/yeager/translations/blob/67e6d27877c9cfd6b6dbc74bd852b10bdbe09c3c/Bitwarden/sv-bitwarden-mobile-full-review-20260919.json,4e3887d6b78b4b084fa488b7680906187a4c12a0328977d8af4e98e7b1b94781,{}
8291a7b2d645c8a991e4b229,Generate,Generera,Bitwarden,sv-bitwarden-mobile-full-review-20260919,Generate,,project-context,48854eb845800cb28a45d371,reviewed-receipt,https://github.com/yeager/translations/blob/67e6d27877c9cfd6b6dbc74bd852b10bdbe09c3c/Bitwarden/sv-bitwarden-mobile-full-review-20260919.json,4e3887d6b78b4b084fa488b7680906187a4c12a0328977d8af4e98e7b1b94781,{}
82a4647d4e9e0df967236bbe,Edit bank account,Redigera bankkonto,Bitwarden,sv-bitwarden-mobile-full-review-20260919,edit_bank_account,,project-context,34355a285b2373f7042ab3f8,reviewed-receipt,https://github.com/yeager/translations/blob/67e6d27877c9cfd6b6dbc74bd852b10bdbe09c3c/Bitwarden/sv-bitwarden-mobile-full-review-20260919.json,4e3887d6b78b4b084fa488b7680906187a4c12a0328977d8af4e98e7b1b94781,{}
834b75a569960a3c52331879,Weak and Exposed Master Password,Huvudlösenordet är svagt och har exponerats,Bitwarden,sv-bitwarden-mobile-full-review-20260919,WeakAndExposedMasterPassword,,project-context,9aa06c1e3fbd98fd3b9251ab,reviewed-receipt,https://github.com/yeager/translations/blob/67e6d27877c9cfd6b6dbc74bd852b10bdbe09c3c/Bitwarden/sv-bitwarden-mobile-full-review-20260919.json,4e3887d6b78b4b084fa488b7680906187a4c12a0328977d8af4e98e7b1b94781,{}
834e259765da8c83e25a8ca2,Account locked,Kontot är låst,Bitwarden,sv-bitwarden-mobile-full-review-20260919,AccountLockedSuccessfully,,project-context,bb835d7244267c066a159fad,reviewed-receipt,https://github.com/yeager/translations/blob/67e6d27877c9cfd6b6dbc74bd852b10bdbe09c3c/Bitwarden/sv-bitwarden-mobile-full-review-20260919.json,4e3887d6b78b4b084fa488b7680906187a4c12a0328977d8af4e98e7b1b94781,{}
838ff7287c887db562d8b1f2,Confirm login,Bekräfta inloggning,Bitwarden,sv-bitwarden-mobile-full-review-20260919,ConfirmLogIn,,project-context,ff18071b788fb0d7cce038cd,reviewed-receipt,https://github.com/yeager/translations/blob/67e6d27877c9cfd6b6dbc74bd852b10bdbe09c3c/Bitwarden/sv-bitwarden-mobile-full-review-20260919.json,4e3887d6b78b4b084fa488b7680906187a4c12a0328977d8af4e98e7b1b94781,{}
83d3b26f2472478d7d1ddd2a,Back to settings,Tillbaka till inställningar,Bitwarden,sv-bitwarden-mobile-full-review-20260919,BackToSettings,,project-context,b6ee704b33d99794b65e26bf,reviewed-receipt,https://github.com/yeager/translations/blob/67e6d27877c9cfd6b6dbc74bd852b10bdbe09c3c/Bitwarden/sv-bitwarden-mobile-full-review-20260919.json,4e3887d6b78b4b084fa488b7680906187a4c12a0328977d8af4e98e7b1b94781,{}
83edb93c06f079bc8228e24b,Expires tomorrow,Går ut imorgon,Bitwarden,sv-bitwarden-mobile-full-review-20260919,expires_tomorrow,,project-context,4c0ac96150c532e4998c8974,reviewed-receipt,https://github.com/yeager/translations/blob/67e6d27877c9cfd6b6dbc74bd852b10bdbe09c3c/Bitwarden/sv-bitwarden-mobile-full-review-20260919.json,4e3887d6b78b4b084fa488b7680906187a4c12a0328977d8af4e98e7b1b94781,{}
83f7b88fef72b73a477bae20,Session timeout action,Åtgärd när tidsgränsen uppnås,Bitwarden,sv-bitwarden-mobile-full-review-20260919,SessionTimeoutAction,,project-context,cdfa275d00e59ad5e6dcd05a,reviewed-receipt,https://github.com/yeager/translations/blob/67e6d27877c9cfd6b6dbc74bd852b10bdbe09c3c/Bitwarden/sv-bitwarden-mobile-full-review-20260919.json,4e3887d6b78b4b084fa488b7680906187a4c12a0328977d8af4e98e7b1b94781,{}
8405b0f4b93bf9ea6ead0106,Add email,Lägg till e-postadress,Bitwarden,sv-bitwarden-mobile-full-review-20260919,add_email,,project-context,2b0cdbfd77cb74789de6e7c7,reviewed-receipt,https://github.com/yeager/translations/blob/67e6d27877c9cfd6b6dbc74bd852b10bdbe09c3c/Bitwarden/sv-bitwarden-mobile-full-review-20260919.json,4e3887d6b78b4b084fa488b7680906187a4c12a0328977d8af4e98e7b1b94781,{}
842b7c1f158458da86c541a3,Combine those words together,Kombinera dessa ord tillsammans,Bitwarden,sv-bitwarden-mobile-full-review-20260919,combine_those_words_together,,project-context,34d00502774f6c1cd63c505b,reviewed-receipt,https://github.com/yeager/translations/blob/67e6d27877c9cfd6b6dbc74bd852b10bdbe09c3c/Bitwarden/sv-bitwarden-mobile-full-review-20260919.json,4e3887d6b78b4b084fa488b7680906187a4c12a0328977d8af4e98e7b1b94781,{}
84477152f044e2465b0d805c,Website,Webbplats,Bitwarden,sv-bitwarden-mobile-full-review-20260919,Website,,project-context,ea9fedaad5f4d0bb1fdb04ad,reviewed-receipt,https://github.com/yeager/translations/blob/67e6d27877c9cfd6b6dbc74bd852b10bdbe09c3c/Bitwarden/sv-bitwarden-mobile-full-review-20260919.json,4e3887d6b78b4b084fa488b7680906187a4c12a0328977d8af4e98e7b1b94781,{}
845b681171eab93a7f80cfbd,Remember this device,Kom ihåg denna enhet,Bitwarden,sv-bitwarden-mobile-full-review-20260919,remember_this_device,,project-context,4d7059af1d1093228a838fb7,reviewed-receipt,https://github.com/yeager/translations/blob/67e6d27877c9cfd6b6dbc74bd852b10bdbe09c3c/Bitwarden/sv-bitwarden-mobile-full-review-20260919.json,4e3887d6b78b4b084fa488b7680906187a4c12a0328977d8af4e98e7b1b94781,{}
84808e83501292d78922675c,Social Security number,Personnummer,Bitwarden,sv-bitwarden-mobile-full-review-20260919,SSN,,project-context,623b1058247e4808e3067025,reviewed-receipt,https://github.com/yeager/translations/blob/67e6d27877c9cfd6b6dbc74bd852b10bdbe09c3c/Bitwarden/sv-bitwarden-mobile-full-review-20260919.json,4e3887d6b78b4b084fa488b7680906187a4c12a0328977d8af4e98e7b1b94781,{}
84af9cb6a62633946a9bde2a,Unlock advanced protection,Lås upp avancerat skydd,Bitwarden,sv-bitwarden-mobile-full-review-20260919,unlock_advanced_protection,,project-context,c5267bffd9681d2150fcafbc,reviewed-receipt,https://github.com/yeager/translations/blob/67e6d27877c9cfd6b6dbc74bd852b10bdbe09c3c/Bitwarden/sv-bitwarden-mobile-full-review-20260919.json,4e3887d6b78b4b084fa488b7680906187a4c12a0328977d8af4e98e7b1b94781,{}
84d945e63bb9b6dae7dc6922,Delete item,Radera objekt,Bitwarden,sv-bitwarden-mobile-full-review-20260919,delete_item,,project-context,43d73987e5486107f367ebae,reviewed-receipt,https://github.com/yeager/translations/blob/67e6d27877c9cfd6b6dbc74bd852b10bdbe09c3c/Bitwarden/sv-bitwarden-mobile-full-review-20260919.json,4e3887d6b78b4b084fa488b7680906187a4c12a0328977d8af4e98e7b1b94781,{}
85787251c03afc7af79208ac,Invalid email address.,Ogiltig e-postadress.,Bitwarden,sv-bitwarden-mobile-full-review-20260919,InvalidEmail,,project-context,bbce08677836c97423785e50,reviewed-receipt,https://github.com/yeager/translations/blob/67e6d27877c9cfd6b6dbc74bd852b10bdbe09c3c/Bitwarden/sv-bitwarden-mobile-full-review-20260919.json,4e3887d6b78b4b084fa488b7680906187a4c12a0328977d8af4e98e7b1b94781,{}
85a12a43c98c4917bf667f99,Privacy Policy,Integritetspolicy,Bitwarden,sv-bitwarden-mobile-full-review-20260919,privacy_policy,,project-context,c7ce6f7851476892b7cd6543,reviewed-receipt,https://github.com/yeager/translations/blob/67e6d27877c9cfd6b6dbc74bd852b10bdbe09c3c/Bitwarden/sv-bitwarden-mobile-full-review-20260919.json,4e3887d6b78b4b084fa488b7680906187a4c12a0328977d8af4e98e7b1b94781,{}
85a1b773e2296ae86e8bef88,Sync now,Synkronisera nu,Bitwarden,sv-bitwarden-mobile-full-review-20260919,sync_now,,project-context,aef7ac4129a4844f6652a39b,reviewed-receipt,https://github.com/yeager/translations/blob/67e6d27877c9cfd6b6dbc74bd852b10bdbe09c3c/Bitwarden/sv-bitwarden-mobile-full-review-20260919.json,4e3887d6b78b4b084fa488b7680906187a4c12a0328977d8af4e98e7b1b94781,{}
85dc3cbe83e5ff2f8c1892fe,Saving…,Sparar…,Bitwarden,sv-bitwarden-mobile-full-review-20260919,saving,,project-context,a958676a8e2ff891091c4f40,reviewed-receipt,https://github.com/yeager/translations/blob/67e6d27877c9cfd6b6dbc74bd852b10bdbe09c3c/Bitwarden/sv-bitwarden-mobile-full-review-20260919.json,4e3887d6b78b4b084fa488b7680906187a4c12a0328977d8af4e98e7b1b94781,{}
85e3b6115346222d28e8a746,Email verified,E-postadress verifierad,Bitwarden,sv-bitwarden-mobile-full-review-20260919,email_verified,,project-context,3f7b7644acc0010eb4788002,reviewed-receipt,https://github.com/yeager/translations/blob/67e6d27877c9cfd6b6dbc74bd852b10bdbe09c3c/Bitwarden/sv-bitwarden-mobile-full-review-20260919.json,4e3887d6b78b4b084fa488b7680906187a4c12a0328977d8af4e98e7b1b94781,{}
85e6fba11e51b9d08e8c0bbf,"Options are collapsed, tap to expand.","Alternativen är dolda, tryck för att utvidga.",Bitwarden,sv-bitwarden-mobile-full-review-20260919,options_collapsed,,project-context,52ce41feb0d938850f8dee66,reviewed-receipt,https://github.com/yeager/translations/blob/67e6d27877c9cfd6b6dbc74bd852b10bdbe09c3c/Bitwarden/sv-bitwarden-mobile-full-review-20260919.json,4e3887d6b78b4b084fa488b7680906187a4c12a0328977d8af4e98e7b1b94781,{}
85f9eafe0023637c57cf94db,Pending request,Väntande begäran,Bitwarden,sv-bitwarden-mobile-full-review-20260919,pending_request,,project-context,cbdeb44f3137c0920c8d0984,reviewed-receipt,https://github.com/yeager/translations/blob/67e6d27877c9cfd6b6dbc74bd852b10bdbe09c3c/Bitwarden/sv-bitwarden-mobile-full-review-20260919.json,4e3887d6b78b4b084fa488b7680906187a4c12a0328977d8af4e98e7b1b94781,{}
8607b30ad2af6333830e0969,Delete logs,Radera loggar,Bitwarden,sv-bitwarden-mobile-full-review-20260919,delete_logs,,project-context,d9379ae1e062d1ad5d8305d7,reviewed-receipt,https://github.com/yeager/translations/blob/67e6d27877c9cfd6b6dbc74bd852b10bdbe09c3c/Bitwarden/sv-bitwarden-mobile-full-review-20260919.json,4e3887d6b78b4b084fa488b7680906187a4c12a0328977d8af4e98e7b1b94781,{}
8612e1154325dce71c93ae39,There are no folders to list.,Det finns inga mappar att lista.,Bitwarden,sv-bitwarden-mobile-full-review-20260919,NoFoldersToList,,project-context,8d9d10faeca5f20b717a8bae,reviewed-receipt,https://github.com/yeager/translations/blob/67e6d27877c9cfd6b6dbc74bd852b10bdbe09c3c/Bitwarden/sv-bitwarden-mobile-full-review-20260919.json,4e3887d6b78b4b084fa488b7680906187a4c12a0328977d8af4e98e7b1b94781,{}
867e3bfcbdca6104859085c7,Issuing country,Utfärdande land,Bitwarden,sv-bitwarden-mobile-full-review-20260919,issuing_country,,project-context,37e9f89dbf35a44cf3f3b848,reviewed-receipt,https://github.com/yeager/translations/blob/67e6d27877c9cfd6b6dbc74bd852b10bdbe09c3c/Bitwarden/sv-bitwarden-mobile-full-review-20260919.json,4e3887d6b78b4b084fa488b7680906187a4c12a0328977d8af4e98e7b1b94781,{}
86d62041d359043666608565,Flag accounts with inactive 2FA,Flagga konton med inaktiv 2FA,Bitwarden,sv-bitwarden-mobile-full-review-20260919,flag_accounts_with_inactive_2fa,,project-context,47e2cef2cb582258592d6b1a,reviewed-receipt,https://github.com/yeager/translations/blob/67e6d27877c9cfd6b6dbc74bd852b10bdbe09c3c/Bitwarden/sv-bitwarden-mobile-full-review-20260919.json,4e3887d6b78b4b084fa488b7680906187a4c12a0328977d8af4e98e7b1b94781,{}
8700f9311e73f96436f5d737,Set up unlock,Ställ in upplåsning,Bitwarden,sv-bitwarden-mobile-full-review-20260919,SetUpUnlock,,project-context,cd2cd66c24bce0a0524bd5d5,reviewed-receipt,https://github.com/yeager/translations/blob/67e6d27877c9cfd6b6dbc74bd852b10bdbe09c3c/Bitwarden/sv-bitwarden-mobile-full-review-20260919.json,4e3887d6b78b4b084fa488b7680906187a4c12a0328977d8af4e98e7b1b94781,{}
873a9aaf18191177e6331f51,Dark,Mörkt,Bitwarden,sv-bitwarden-mobile-full-review-20260919,Dark,,project-context,cefe2a6a9d64c7126f39e386,reviewed-receipt,https://github.com/yeager/translations/blob/67e6d27877c9cfd6b6dbc74bd852b10bdbe09c3c/Bitwarden/sv-bitwarden-mobile-full-review-20260919.json,4e3887d6b78b4b084fa488b7680906187a4c12a0328977d8af4e98e7b1b94781,{}
874b08138e824e6c666f5bb8,Search archive,Sök i arkiv,Bitwarden,sv-bitwarden-mobile-full-review-20260919,search_archive,,project-context,6b46afc4f99ee336d6a3db38,reviewed-receipt,https://github.com/yeager/translations/blob/67e6d27877c9cfd6b6dbc74bd852b10bdbe09c3c/Bitwarden/sv-bitwarden-mobile-full-review-20260919.json,4e3887d6b78b4b084fa488b7680906187a4c12a0328977d8af4e98e7b1b94781,{}
877abbdab349af80f571a0e0,Get master password hint,Hämta huvudlösenordsledtråd,Bitwarden,sv-bitwarden-mobile-full-review-20260919,GetMasterPasswordwordHint,,project-context,220134413e3d63b7dd023dff,reviewed-receipt,https://github.com/yeager/translations/blob/67e6d27877c9cfd6b6dbc74bd852b10bdbe09c3c/Bitwarden/sv-bitwarden-mobile-full-review-20260919.json,4e3887d6b78b4b084fa488b7680906187a4c12a0328977d8af4e98e7b1b94781,{}
87dbc2c60846581bd3f64ca5,Mx,Vederbörande,Bitwarden,sv-bitwarden-mobile-full-review-20260919,Mx,,project-context,951323624e4b006bf02159c9,reviewed-receipt,https://github.com/yeager/translations/blob/67e6d27877c9cfd6b6dbc74bd852b10bdbe09c3c/Bitwarden/sv-bitwarden-mobile-full-review-20260919.json,4e3887d6b78b4b084fa488b7680906187a4c12a0328977d8af4e98e7b1b94781,{}
87f637a3045c53b5a1a4ec49,No devices found,Inga enheter hittades,Bitwarden,sv-bitwarden-mobile-full-review-20260919,NoDevicesFound,,project-context,aa7d9fddc4d8b236adbca27c,reviewed-receipt,https://github.com/yeager/translations/blob/67e6d27877c9cfd6b6dbc74bd852b10bdbe09c3c/Bitwarden/sv-bitwarden-mobile-full-review-20260919.json,4e3887d6b78b4b084fa488b7680906187a4c12a0328977d8af4e98e7b1b94781,{}
88010955e58dfb5d784eb0aa,Passwords,Lösenord,Bitwarden,sv-bitwarden-mobile-full-review-20260919,Passwords,,project-context,086758c0882172acedef503f,reviewed-receipt,https://github.com/yeager/translations/blob/67e6d27877c9cfd6b6dbc74bd852b10bdbe09c3c/Bitwarden/sv-bitwarden-mobile-full-review-20260919.json,4e3887d6b78b4b084fa488b7680906187a4c12a0328977d8af4e98e7b1b94781,{}
884c960d06aea6b0c1e2fa67,Step 1 of 3,Steg 1 av 3,Bitwarden,sv-bitwarden-mobile-full-review-20260919,step_1_of_3,,project-context,0d5edb3db46b46f0192e0129,reviewed-receipt,https://github.com/yeager/translations/blob/67e6d27877c9cfd6b6dbc74bd852b10bdbe09c3c/Bitwarden/sv-bitwarden-mobile-full-review-20260919.json,4e3887d6b78b4b084fa488b7680906187a4c12a0328977d8af4e98e7b1b94781,{}
88574d87dc5e5f64ff074542,Checking,Checkkonto,Bitwarden,sv-bitwarden-mobile-full-review-20260919,Checking,,project-context,f50da15475d02b7a02191e34,reviewed-receipt,https://github.com/yeager/translations/blob/67e6d27877c9cfd6b6dbc74bd852b10bdbe09c3c/Bitwarden/sv-bitwarden-mobile-full-review-20260919.json,4e3887d6b78b4b084fa488b7680906187a4c12a0328977d8af4e98e7b1b94781,{}
885b28a3472615713d817a03,Show more,Visa mer,Bitwarden,sv-bitwarden-mobile-full-review-20260919,show_more,,project-context,a43f1c743b15d5876b0c2bad,reviewed-receipt,https://github.com/yeager/translations/blob/67e6d27877c9cfd6b6dbc74bd852b10bdbe09c3c/Bitwarden/sv-bitwarden-mobile-full-review-20260919.json,4e3887d6b78b4b084fa488b7680906187a4c12a0328977d8af4e98e7b1b94781,{}
88780912bab96b9b55db0134,Autofill enabled,Autofyll aktiverat,Bitwarden,sv-bitwarden-mobile-full-review-20260919,AutofillEnabled,,project-context,16f0783a4335b6a0dac0c0eb,reviewed-receipt,https://github.com/yeager/translations/blob/67e6d27877c9cfd6b6dbc74bd852b10bdbe09c3c/Bitwarden/sv-bitwarden-mobile-full-review-20260919.json,4e3887d6b78b4b084fa488b7680906187a4c12a0328977d8af4e98e7b1b94781,{}
88829e855f26b0c367cee660,Restore,Återställ,Bitwarden,sv-bitwarden-mobile-full-review-20260919,Restore,,project-context,1ea35c7db42dddd66cdf9839,reviewed-receipt,https://github.com/yeager/translations/blob/67e6d27877c9cfd6b6dbc74bd852b10bdbe09c3c/Bitwarden/sv-bitwarden-mobile-full-review-20260919.json,4e3887d6b78b4b084fa488b7680906187a4c12a0328977d8af4e98e7b1b94781,{}
888ac96776bd53a89331cfbb,Payment not received yet,Betalning ej mottagen ännu,Bitwarden,sv-bitwarden-mobile-full-review-20260919,PaymentNotReceivedYet,,project-context,4f76c6aea5aeb95ff3cf66fc,reviewed-receipt,https://github.com/yeager/translations/blob/67e6d27877c9cfd6b6dbc74bd852b10bdbe09c3c/Bitwarden/sv-bitwarden-mobile-full-review-20260919.json,4e3887d6b78b4b084fa488b7680906187a4c12a0328977d8af4e98e7b1b94781,{}
88d3d1d3bf8a0fe1d99d0ad9,Account type,Kontotyp,Bitwarden,sv-bitwarden-mobile-full-review-20260919,account_type,,project-context,8350edc15970cb6c0b927265,reviewed-receipt,https://github.com/yeager/translations/blob/67e6d27877c9cfd6b6dbc74bd852b10bdbe09c3c/Bitwarden/sv-bitwarden-mobile-full-review-20260919.json,4e3887d6b78b4b084fa488b7680906187a4c12a0328977d8af4e98e7b1b94781,{}
88efd2de2f6b4ce0ef20ff68,API access token,API-åtkomsttoken,Bitwarden,sv-bitwarden-mobile-full-review-20260919,APIAccessToken,,project-context,dc367dfd6f05d2c43965bb7f,reviewed-receipt,https://github.com/yeager/translations/blob/67e6d27877c9cfd6b6dbc74bd852b10bdbe09c3c/Bitwarden/sv-bitwarden-mobile-full-review-20260919.json,4e3887d6b78b4b084fa488b7680906187a4c12a0328977d8af4e98e7b1b94781,{}
893229f0e17c5e65deb8fc38,14 days,14 dagar,Bitwarden,sv-bitwarden-mobile-full-review-20260919,fourteen_days,,project-context,324ec6ad0fdf6c5f8906ac3d,reviewed-receipt,https://github.com/yeager/translations/blob/67e6d27877c9cfd6b6dbc74bd852b10bdbe09c3c/Bitwarden/sv-bitwarden-mobile-full-review-20260919.json,4e3887d6b78b4b084fa488b7680906187a4c12a0328977d8af4e98e7b1b94781,{}
8939f2cfc408e947ccc015be,Copy routing number,Kopiera routingnummer,Bitwarden,sv-bitwarden-mobile-full-review-20260919,copy_routing_number,,project-context,c4bf785dd80a5dfcfccde5ae,reviewed-receipt,https://github.com/yeager/translations/blob/67e6d27877c9cfd6b6dbc74bd852b10bdbe09c3c/Bitwarden/sv-bitwarden-mobile-full-review-20260919.json,4e3887d6b78b4b084fa488b7680906187a4c12a0328977d8af4e98e7b1b94781,{}
898ae8852481d5868ab50dfc,Copy social security number,Kopiera personnummer,Bitwarden,sv-bitwarden-mobile-full-review-20260919,copy_ssn,,project-context,5b417d4c842b5f4faf1fe424,reviewed-receipt,https://github.com/yeager/translations/blob/67e6d27877c9cfd6b6dbc74bd852b10bdbe09c3c/Bitwarden/sv-bitwarden-mobile-full-review-20260919.json,4e3887d6b78b4b084fa488b7680906187a4c12a0328977d8af4e98e7b1b94781,{}
8a3eafd1bddd6e12431877a3,4. Turn on AutoFill,4. Sätt på autofyll,Bitwarden,sv-bitwarden-mobile-full-review-20260919,AutofillTurnOn4,,project-context,43edefe88850a615b8a4ed46,reviewed-receipt,https://github.com/yeager/translations/blob/67e6d27877c9cfd6b6dbc74bd852b10bdbe09c3c/Bitwarden/sv-bitwarden-mobile-full-review-20260919.json,4e3887d6b78b4b084fa488b7680906187a4c12a0328977d8af4e98e7b1b94781,{}
8a61a355e03b7bd8f15c017c,Log out,Logga ut,Bitwarden,sv-bitwarden-mobile-full-review-20260919,log_out,,project-context,a57f5ffe8621f555d697fa0c,reviewed-receipt,https://github.com/yeager/translations/blob/67e6d27877c9cfd6b6dbc74bd852b10bdbe09c3c/Bitwarden/sv-bitwarden-mobile-full-review-20260919.json,4e3887d6b78b4b084fa488b7680906187a4c12a0328977d8af4e98e7b1b94781,{}
8a70d56683ca996a040231f7,Avoid ambiguous characters,Undvik tvetydiga tecken,Bitwarden,sv-bitwarden-mobile-full-review-20260919,avoid_ambiguous_characters,,project-context,ab57fdae852fde1dc58a96a2,reviewed-receipt,https://github.com/yeager/translations/blob/67e6d27877c9cfd6b6dbc74bd852b10bdbe09c3c/Bitwarden/sv-bitwarden-mobile-full-review-20260919.json,4e3887d6b78b4b084fa488b7680906187a4c12a0328977d8af4e98e7b1b94781,{}
8a8954a578361171b82b9bc1,App settings,Appinställningar,Bitwarden,sv-bitwarden-mobile-full-review-20260919,app_settings,,project-context,a60c214dd5050d2d66ad060e,reviewed-receipt,https://github.com/yeager/translations/blob/67e6d27877c9cfd6b6dbc74bd852b10bdbe09c3c/Bitwarden/sv-bitwarden-mobile-full-review-20260919.json,4e3887d6b78b4b084fa488b7680906187a4c12a0328977d8af4e98e7b1b94781,{}
8aaf896fbe28c396c5ae7086,Unpaid,Obetald,Bitwarden,sv-bitwarden-mobile-full-review-20260919,Unpaid,,project-context,ce4a3c9e4ed6ee43c0e5828c,reviewed-receipt,https://github.com/yeager/translations/blob/67e6d27877c9cfd6b6dbc74bd852b10bdbe09c3c/Bitwarden/sv-bitwarden-mobile-full-review-20260919.json,4e3887d6b78b4b084fa488b7680906187a4c12a0328977d8af4e98e7b1b94781,{}
8ae6dd9fead7832263867d71,Attachments,Bilagor,Bitwarden,sv-bitwarden-mobile-full-review-20260919,Attachments,,project-context,14c8c30e3da259d7b8bd6cab,reviewed-receipt,https://github.com/yeager/translations/blob/67e6d27877c9cfd6b6dbc74bd852b10bdbe09c3c/Bitwarden/sv-bitwarden-mobile-full-review-20260919.json,4e3887d6b78b4b084fa488b7680906187a4c12a0328977d8af4e98e7b1b94781,{}
8b33018e6b889d18188cd7c0,Moving item to vault,Flyttar objekt till valv,Bitwarden,sv-bitwarden-mobile-full-review-20260919,MovingItemToVault,,project-context,842beb172f5754fbba7c5872,reviewed-receipt,https://github.com/yeager/translations/blob/67e6d27877c9cfd6b6dbc74bd852b10bdbe09c3c/Bitwarden/sv-bitwarden-mobile-full-review-20260919.json,4e3887d6b78b4b084fa488b7680906187a4c12a0328977d8af4e98e7b1b94781,{}
8b416b248f9b31aed263ab17,Copy passphrase,Kopiera lösenfras,Bitwarden,sv-bitwarden-mobile-delta-published-20260919,CopyPassphrase,,project-context,4f7448e60cd1e04a8c901322,reviewed-receipt,https://github.com/yeager/translations/blob/67e6d27877c9cfd6b6dbc74bd852b10bdbe09c3c/Bitwarden/sv-bitwarden-mobile-delta-published-20260919.json,80a55c506c0fec3704f86cc2f97704b36b342d597df0c8896b715cd3648e06ac,{}
8b6cd441e9a463ff3ca9aeb4,Discount,Rabatt,Bitwarden,sv-bitwarden-mobile-full-review-20260919,Discount,,project-context,a92e5cdee14d8dbf0d648104,reviewed-receipt,https://github.com/yeager/translations/blob/67e6d27877c9cfd6b6dbc74bd852b10bdbe09c3c/Bitwarden/sv-bitwarden-mobile-full-review-20260919.json,4e3887d6b78b4b084fa488b7680906187a4c12a0328977d8af4e98e7b1b94781,{}
8b72410f5efc5d8d9b1cb5a8,Select a different account,Välj ett annat konto,Bitwarden,sv-bitwarden-mobile-full-review-20260919,select_a_different_account,,project-context,f03eac4aac90aa8cf10e78db,reviewed-receipt,https://github.com/yeager/translations/blob/67e6d27877c9cfd6b6dbc74bd852b10bdbe09c3c/Bitwarden/sv-bitwarden-mobile-full-review-20260919.json,4e3887d6b78b4b084fa488b7680906187a4c12a0328977d8af4e98e7b1b94781,{}
8b9cf8f0a50fb98ea2e950c9,[error: cannot decrypt],[fel: kan inte dekryptera],Bitwarden,sv-bitwarden-mobile-full-review-20260919,ErrorCannotDecrypt,,project-context,54b9c6e8402ac52176ecf284,reviewed-receipt,https://github.com/yeager/translations/blob/67e6d27877c9cfd6b6dbc74bd852b10bdbe09c3c/Bitwarden/sv-bitwarden-mobile-full-review-20260919.json,4e3887d6b78b4b084fa488b7680906187a4c12a0328977d8af4e98e7b1b94781,{}
8c187ca1e7c254fec79e50c5,Issue date,Utfärdandedatum,Bitwarden,sv-bitwarden-mobile-full-review-20260919,IssueDate,,project-context,65476c1f18e521e73e552cf9,reviewed-receipt,https://github.com/yeager/translations/blob/67e6d27877c9cfd6b6dbc74bd852b10bdbe09c3c/Bitwarden/sv-bitwarden-mobile-full-review-20260919.json,4e3887d6b78b4b084fa488b7680906187a4c12a0328977d8af4e98e7b1b94781,{}
8c2cb68fb8776528a08e9102,Resend code,Skicka koden igen,Bitwarden,sv-bitwarden-mobile-full-review-20260919,ResendCode,,project-context,ed758a2164fe451a29f5f6c4,reviewed-receipt,https://github.com/yeager/translations/blob/67e6d27877c9cfd6b6dbc74bd852b10bdbe09c3c/Bitwarden/sv-bitwarden-mobile-full-review-20260919.json,4e3887d6b78b4b084fa488b7680906187a4c12a0328977d8af4e98e7b1b94781,{}
8c3dad6de3816aa8461c7b97,"Options are expanded, tap to collapse.","Alternativen är utvidgade, tryck för att dölja.",Bitwarden,sv-bitwarden-mobile-full-review-20260919,options_expanded,,project-context,a1cc5c27bc51ec4f79ce5012,reviewed-receipt,https://github.com/yeager/translations/blob/67e6d27877c9cfd6b6dbc74bd852b10bdbe09c3c/Bitwarden/sv-bitwarden-mobile-full-review-20260919.json,4e3887d6b78b4b084fa488b7680906187a4c12a0328977d8af4e98e7b1b94781,{}
8ca8046aa47aff76fc482189,April,april,Bitwarden,sv-bitwarden-mobile-full-review-20260919,april,,project-context,3c9a32e92b794e4f446dfbce,reviewed-receipt,https://github.com/yeager/translations/blob/67e6d27877c9cfd6b6dbc74bd852b10bdbe09c3c/Bitwarden/sv-bitwarden-mobile-full-review-20260919.json,4e3887d6b78b4b084fa488b7680906187a4c12a0328977d8af4e98e7b1b94781,{}
8d029768637e79369aac306e,Copy fingerprint,Kopiera fingeravtryck,Bitwarden,sv-bitwarden-mobile-full-review-20260919,CopyFingerprint,,project-context,75889a6cf73bfb7b85f3e905,reviewed-receipt,https://github.com/yeager/translations/blob/67e6d27877c9cfd6b6dbc74bd852b10bdbe09c3c/Bitwarden/sv-bitwarden-mobile-full-review-20260919.json,4e3887d6b78b4b084fa488b7680906187a4c12a0328977d8af4e98e7b1b94781,{}
8d12f25f159c7cd36a0f04d9,October,Oktober,Bitwarden,sv-bitwarden-mobile-full-review-20260919,October,,project-context,3f7f79372f57a518c745f4ad,reviewed-receipt,https://github.com/yeager/translations/blob/67e6d27877c9cfd6b6dbc74bd852b10bdbe09c3c/Bitwarden/sv-bitwarden-mobile-full-review-20260919.json,4e3887d6b78b4b084fa488b7680906187a4c12a0328977d8af4e98e7b1b94781,{}
8d1901d7b1aeebeb5ddd8786,All accounts have been locked,Alla konton har låsts,Bitwarden,sv-bitwarden-mobile-full-review-20260919,AllAccountsHaveBeenLocked,,project-context,bbf252b34f8a3cbb15034ab4,reviewed-receipt,https://github.com/yeager/translations/blob/67e6d27877c9cfd6b6dbc74bd852b10bdbe09c3c/Bitwarden/sv-bitwarden-mobile-full-review-20260919.json,4e3887d6b78b4b084fa488b7680906187a4c12a0328977d8af4e98e7b1b94781,{}
8d55b1ca373da5d4ba9dece0,Downloading…,Laddar ner…,Bitwarden,sv-bitwarden-mobile-full-review-20260919,Downloading,,project-context,5d89aa39359ddb4267eda5ee,reviewed-receipt,https://github.com/yeager/translations/blob/67e6d27877c9cfd6b6dbc74bd852b10bdbe09c3c/Bitwarden/sv-bitwarden-mobile-full-review-20260919.json,4e3887d6b78b4b084fa488b7680906187a4c12a0328977d8af4e98e7b1b94781,{}
8d8c1c1001f384ecfe65b85b,Bitwarden web vault,Bitwarden webbvalv,Bitwarden,sv-bitwarden-mobile-full-review-20260919,web_vault,,project-context,f7bd9eee36b914c4750d3d3d,reviewed-receipt,https://github.com/yeager/translations/blob/67e6d27877c9cfd6b6dbc74bd852b10bdbe09c3c/Bitwarden/sv-bitwarden-mobile-full-review-20260919.json,4e3887d6b78b4b084fa488b7680906187a4c12a0328977d8af4e98e7b1b94781,{}
8d98088157283d5b928646bb,Custom environment,Anpassad miljö,Bitwarden,sv-bitwarden-mobile-full-review-20260919,CustomEnvironment,,project-context,895ce845166976fb5203f614,reviewed-receipt,https://github.com/yeager/translations/blob/67e6d27877c9cfd6b6dbc74bd852b10bdbe09c3c/Bitwarden/sv-bitwarden-mobile-full-review-20260919.json,4e3887d6b78b4b084fa488b7680906187a4c12a0328977d8af4e98e7b1b94781,{}
8dc752e0e955bb0ef6cc48f4,Confirm Key Connector domain,Bekräfta Key Connector-domän,Bitwarden,sv-bitwarden-mobile-full-review-20260919,ConfirmKeyConnectorDomain,,project-context,04a0cf2b41f9b9b5bbbebf16,reviewed-receipt,https://github.com/yeager/translations/blob/67e6d27877c9cfd6b6dbc74bd852b10bdbe09c3c/Bitwarden/sv-bitwarden-mobile-full-review-20260919.json,4e3887d6b78b4b084fa488b7680906187a4c12a0328977d8af4e98e7b1b94781,{}
8e0bdd855426e6181ba2360c,Session timeout,Tidsgräns för session,Bitwarden,sv-bitwarden-mobile-full-review-20260919,session_timeout,,project-context,5138deb9884798e0a8e02b65,reviewed-receipt,https://github.com/yeager/translations/blob/67e6d27877c9cfd6b6dbc74bd852b10bdbe09c3c/Bitwarden/sv-bitwarden-mobile-full-review-20260919.json,4e3887d6b78b4b084fa488b7680906187a4c12a0328977d8af4e98e7b1b94781,{}
8e2c294b41a25eba825dc613,Email,E-post,Bitwarden,sv-bitwarden-mobile-full-review-20260919,Email,,project-context,f2839f00302ab1108d0bf254,reviewed-receipt,https://github.com/yeager/translations/blob/67e6d27877c9cfd6b6dbc74bd852b10bdbe09c3c/Bitwarden/sv-bitwarden-mobile-full-review-20260919.json,4e3887d6b78b4b084fa488b7680906187a4c12a0328977d8af4e98e7b1b94781,{}
8e984a5576767baa216de86a,Login request has already expired.,Inloggningsbegäran har redan löpt ut.,Bitwarden,sv-bitwarden-mobile-full-review-20260919,LoginRequestHasAlreadyExpired,,project-context,aebf37f5c5ff297b342440da,reviewed-receipt,https://github.com/yeager/translations/blob/67e6d27877c9cfd6b6dbc74bd852b10bdbe09c3c/Bitwarden/sv-bitwarden-mobile-full-review-20260919.json,4e3887d6b78b4b084fa488b7680906187a4c12a0328977d8af4e98e7b1b94781,{}
8ea05195846d1d69fb00316a,August,Augusti,Bitwarden,sv-bitwarden-mobile-full-review-20260919,August,,project-context,050363db3973bcd8c8591451,reviewed-receipt,https://github.com/yeager/translations/blob/67e6d27877c9cfd6b6dbc74bd852b10bdbe09c3c/Bitwarden/sv-bitwarden-mobile-full-review-20260919.json,4e3887d6b78b4b084fa488b7680906187a4c12a0328977d8af4e98e7b1b94781,{}
8ee354a40cf30c36de6c68b5,Public key,Offentlig nyckel,Bitwarden,sv-bitwarden-mobile-full-review-20260919,PublicKey,,project-context,c903f8371f054351e5ed7cb4,reviewed-receipt,https://github.com/yeager/translations/blob/67e6d27877c9cfd6b6dbc74bd852b10bdbe09c3c/Bitwarden/sv-bitwarden-mobile-full-review-20260919.json,4e3887d6b78b4b084fa488b7680906187a4c12a0328977d8af4e98e7b1b94781,{}
8f01f56054840be1e2b35620,Passkey management,Hantering av inloggningsnycklar,Bitwarden,sv-bitwarden-mobile-full-review-20260919,passkey_management,,project-context,94ce1a1fd02e3a6fee6a047c,reviewed-receipt,https://github.com/yeager/translations/blob/67e6d27877c9cfd6b6dbc74bd852b10bdbe09c3c/Bitwarden/sv-bitwarden-mobile-full-review-20260919.json,4e3887d6b78b4b084fa488b7680906187a4c12a0328977d8af4e98e7b1b94781,{}
8f3033e64705a1eb09671abd,Invalid email addresses,Ogiltiga e-postadresser,Bitwarden,sv-bitwarden-mobile-full-review-20260919,InvalidEmailAddresses,,project-context,bc25ef617b842bd7b55acf43,reviewed-receipt,https://github.com/yeager/translations/blob/67e6d27877c9cfd6b6dbc74bd852b10bdbe09c3c/Bitwarden/sv-bitwarden-mobile-full-review-20260919.json,4e3887d6b78b4b084fa488b7680906187a4c12a0328977d8af4e98e7b1b94781,{}
8f5d18f21e43c66ad883a6db,Bank name,Banknamn,Bitwarden,sv-bitwarden-mobile-full-review-20260919,BankName,,project-context,84fa4bc5eb22ea0738d3957e,reviewed-receipt,https://github.com/yeager/translations/blob/67e6d27877c9cfd6b6dbc74bd852b10bdbe09c3c/Bitwarden/sv-bitwarden-mobile-full-review-20260919.json,4e3887d6b78b4b084fa488b7680906187a4c12a0328977d8af4e98e7b1b94781,{}
8f5dbf636d8daf44755162b7,Verify PIN,Bekräfta PIN-kod,Bitwarden,sv-bitwarden-mobile-full-review-20260919,verify_pin,,project-context,53f23f84de5174f57f71e525,reviewed-receipt,https://github.com/yeager/translations/blob/67e6d27877c9cfd6b6dbc74bd852b10bdbe09c3c/Bitwarden/sv-bitwarden-mobile-full-review-20260919.json,4e3887d6b78b4b084fa488b7680906187a4c12a0328977d8af4e98e7b1b94781,{}
8f7c5ceaa3ea13a29f252210,State / Province,Län,Bitwarden,sv-bitwarden-mobile-full-review-20260919,StateProvince,,project-context,44009e117c852231d7ed850a,reviewed-receipt,https://github.com/yeager/translations/blob/67e6d27877c9cfd6b6dbc74bd852b10bdbe09c3c/Bitwarden/sv-bitwarden-mobile-full-review-20260919.json,4e3887d6b78b4b084fa488b7680906187a4c12a0328977d8af4e98e7b1b94781,{}
8f9f42dff85c62fbc68f05ff,Options,Alternativ,Bitwarden,sv-bitwarden-mobile-full-review-20260919,Options,,project-context,465e7c1e0e8d60467a425c09,reviewed-receipt,https://github.com/yeager/translations/blob/67e6d27877c9cfd6b6dbc74bd852b10bdbe09c3c/Bitwarden/sv-bitwarden-mobile-full-review-20260919.json,4e3887d6b78b4b084fa488b7680906187a4c12a0328977d8af4e98e7b1b94781,{}
8fa594171120561ad0db0ca6,Use your domain’s configured catch-all inbox.,Använd din domäns konfigurerade catch-all-inkorg.,Bitwarden,sv-bitwarden-mobile-full-review-20260919,CatchAllEmailDescription,,project-context,af763bfadffe595f25814b38,reviewed-receipt,https://github.com/yeager/translations/blob/67e6d27877c9cfd6b6dbc74bd852b10bdbe09c3c/Bitwarden/sv-bitwarden-mobile-full-review-20260919.json,4e3887d6b78b4b084fa488b7680906187a4c12a0328977d8af4e98e7b1b94781,{}
8fda19c49d4f34a91ecf2219,View,Visa,Bitwarden,sv-bitwarden-mobile-full-review-20260919,view,,project-context,467dca34d464683a7bca9a5f,reviewed-receipt,https://github.com/yeager/translations/blob/67e6d27877c9cfd6b6dbc74bd852b10bdbe09c3c/Bitwarden/sv-bitwarden-mobile-full-review-20260919.json,4e3887d6b78b4b084fa488b7680906187a4c12a0328977d8af4e98e7b1b94781,{}
8fe898706d0960f1c6fbd13c,Identity,Identitet,Bitwarden,sv-bitwarden-mobile-full-review-20260919,TypeIdentity,,project-context,fc3a6c761efb5a00604faa9e,reviewed-receipt,https://github.com/yeager/translations/blob/67e6d27877c9cfd6b6dbc74bd852b10bdbe09c3c/Bitwarden/sv-bitwarden-mobile-full-review-20260919.json,4e3887d6b78b4b084fa488b7680906187a4c12a0328977d8af4e98e7b1b94781,{}
8fe9460865dec238cfab17e1,Accounts synced from Bitwarden app,Konton synkroniserade från Bitwarden-appen,Bitwarden,sv-bitwarden-mobile-full-review-20260919,AccountsSyncedFromBitwardenApp,,project-context,7a4a9bf12015d20e131acdf7,reviewed-receipt,https://github.com/yeager/translations/blob/67e6d27877c9cfd6b6dbc74bd852b10bdbe09c3c/Bitwarden/sv-bitwarden-mobile-full-review-20260919.json,4e3887d6b78b4b084fa488b7680906187a4c12a0328977d8af4e98e7b1b94781,{}
8ff3f9bad48d3fb69726f176,Enter your PIN code,Ange din PIN-kod,Bitwarden,sv-bitwarden-mobile-full-review-20260919,enter_pin,,project-context,f93231323384e30f738f250a,reviewed-receipt,https://github.com/yeager/translations/blob/67e6d27877c9cfd6b6dbc74bd852b10bdbe09c3c/Bitwarden/sv-bitwarden-mobile-full-review-20260919.json,4e3887d6b78b4b084fa488b7680906187a4c12a0328977d8af4e98e7b1b94781,{}
907eabf27c2082d1fbd45399,Flight recorder,Färdskrivare,Bitwarden,sv-bitwarden-mobile-full-review-20260919,flight_recorder,,project-context,8eae014a7490fb18b18188b1,reviewed-receipt,https://github.com/yeager/translations/blob/67e6d27877c9cfd6b6dbc74bd852b10bdbe09c3c/Bitwarden/sv-bitwarden-mobile-full-review-20260919.json,4e3887d6b78b4b084fa488b7680906187a4c12a0328977d8af4e98e7b1b94781,{}
90914dadafa7d67d1251ef2e,Archived,Arkiverade,Bitwarden,sv-bitwarden-mobile-full-review-20260919,archived,,project-context,0ab9c8a2d6c4cbd3ac198ff9,reviewed-receipt,https://github.com/yeager/translations/blob/67e6d27877c9cfd6b6dbc74bd852b10bdbe09c3c/Bitwarden/sv-bitwarden-mobile-full-review-20260919.json,4e3887d6b78b4b084fa488b7680906187a4c12a0328977d8af4e98e7b1b94781,{}
90a7a0587ec57797b1195de3,Organization policy restriction,Begränsning enligt organisationspolicy,Bitwarden,sv-bitwarden-mobile-full-review-20260919,organization_policy_restriction,,project-context,d5643514b9bc8fad5d44c897,reviewed-receipt,https://github.com/yeager/translations/blob/67e6d27877c9cfd6b6dbc74bd852b10bdbe09c3c/Bitwarden/sv-bitwarden-mobile-full-review-20260919.json,4e3887d6b78b4b084fa488b7680906187a4c12a0328977d8af4e98e7b1b94781,{}
90d2bc2b69c9b88be2868048,Name,Namn,Bitwarden,sv-bitwarden-mobile-full-review-20260919,name,,project-context,0a56d017e8ee89863305e4cc,reviewed-receipt,https://github.com/yeager/translations/blob/67e6d27877c9cfd6b6dbc74bd852b10bdbe09c3c/Bitwarden/sv-bitwarden-mobile-full-review-20260919.json,4e3887d6b78b4b084fa488b7680906187a4c12a0328977d8af4e98e7b1b94781,{}
9121016aba76cf38bcb1b890,Devices,Enheter,Bitwarden,sv-bitwarden-mobile-full-review-20260919,Devices,,project-context,bc15bfd014d98ae3a9c6d578,reviewed-receipt,https://github.com/yeager/translations/blob/67e6d27877c9cfd6b6dbc74bd852b10bdbe09c3c/Bitwarden/sv-bitwarden-mobile-full-review-20260919.json,4e3887d6b78b4b084fa488b7680906187a4c12a0328977d8af4e98e7b1b94781,{}
91c3c8dbb230f8b73fdafc4e,Resend code,Skicka verifieringskod-mejlet igen,Bitwarden,sv-bitwarden-mobile-full-review-20260919,send_verification_code_again,,project-context,cfa32993e04eb5dcdcb3d9ce,reviewed-receipt,https://github.com/yeager/translations/blob/67e6d27877c9cfd6b6dbc74bd852b10bdbe09c3c/Bitwarden/sv-bitwarden-mobile-full-review-20260919.json,4e3887d6b78b4b084fa488b7680906187a4c12a0328977d8af4e98e7b1b94781,{}
91d07a21052e9304b53164a5,Edit login,Redigera inloggning,Bitwarden,sv-bitwarden-mobile-full-review-20260919,EditLogin,,project-context,f8727fe6532a23628580729d,reviewed-receipt,https://github.com/yeager/translations/blob/67e6d27877c9cfd6b6dbc74bd852b10bdbe09c3c/Bitwarden/sv-bitwarden-mobile-full-review-20260919.json,4e3887d6b78b4b084fa488b7680906187a4c12a0328977d8af4e98e7b1b94781,{}
91e854817f17b06362f9d52a,Log in with device,Logga in med enhet,Bitwarden,sv-bitwarden-mobile-full-review-20260919,LogInWithDevice,,project-context,6d9d48a687c7a16d71a64d4e,reviewed-receipt,https://github.com/yeager/translations/blob/67e6d27877c9cfd6b6dbc74bd852b10bdbe09c3c/Bitwarden/sv-bitwarden-mobile-full-review-20260919.json,4e3887d6b78b4b084fa488b7680906187a4c12a0328977d8af4e98e7b1b94781,{}
91ec55c8ba5547b8b6be34d8,Data backup,Säkerhetskopierad data,Bitwarden,sv-bitwarden-mobile-full-review-20260919,data_backup_title,,project-context,33b3f990a4d9dd6c1742bcff,reviewed-receipt,https://github.com/yeager/translations/blob/67e6d27877c9cfd6b6dbc74bd852b10bdbe09c3c/Bitwarden/sv-bitwarden-mobile-full-review-20260919.json,4e3887d6b78b4b084fa488b7680906187a4c12a0328977d8af4e98e7b1b94781,{}
920ff44efe68b9278e3baaac,Please try again,Försök igen,Bitwarden,sv-bitwarden-mobile-full-review-20260919,please_try_again,,project-context,2e2d17917368f21908a0f732,reviewed-receipt,https://github.com/yeager/translations/blob/67e6d27877c9cfd6b6dbc74bd852b10bdbe09c3c/Bitwarden/sv-bitwarden-mobile-full-review-20260919.json,4e3887d6b78b4b084fa488b7680906187a4c12a0328977d8af4e98e7b1b94781,{}
921644e03e04b144a46545d0,Scan QR Code,Skanna QR-kod,Bitwarden,sv-bitwarden-mobile-full-review-20260919,ScanQrTitle,,project-context,36153721cd539ff2209e7b84,reviewed-receipt,https://github.com/yeager/translations/blob/67e6d27877c9cfd6b6dbc74bd852b10bdbe09c3c/Bitwarden/sv-bitwarden-mobile-full-review-20260919.json,4e3887d6b78b4b084fa488b7680906187a4c12a0328977d8af4e98e7b1b94781,{}
9225d5564bf663bb6fd664fd,Set master password,Ställ in huvudlösenord,Bitwarden,sv-bitwarden-mobile-full-review-20260919,set_master_password,,project-context,f0d98c07feabf7ae27ae8dec,reviewed-receipt,https://github.com/yeager/translations/blob/67e6d27877c9cfd6b6dbc74bd852b10bdbe09c3c/Bitwarden/sv-bitwarden-mobile-full-review-20260919.json,4e3887d6b78b4b084fa488b7680906187a4c12a0328977d8af4e98e7b1b94781,{}
92424c8c8ac42929c4731de6,Password,Lösenord,Bitwarden,sv-bitwarden-mobile-full-review-20260919,Password,,project-context,0d580a9ba8c3d02c1c3e1a7f,reviewed-receipt,https://github.com/yeager/translations/blob/67e6d27877c9cfd6b6dbc74bd852b10bdbe09c3c/Bitwarden/sv-bitwarden-mobile-full-review-20260919.json,4e3887d6b78b4b084fa488b7680906187a4c12a0328977d8af4e98e7b1b94781,{}
925b1fed1690220f83f632d9,Go to archive,Gå till arkivet,Bitwarden,sv-bitwarden-mobile-full-review-20260919,go_to_archive,,project-context,f305a75b91d35212d81b757d,reviewed-receipt,https://github.com/yeager/translations/blob/67e6d27877c9cfd6b6dbc74bd852b10bdbe09c3c/Bitwarden/sv-bitwarden-mobile-full-review-20260919.json,4e3887d6b78b4b084fa488b7680906187a4c12a0328977d8af4e98e7b1b94781,{}
92cbfb316d7f55f526868bb5,Default (System),Standard (System),Bitwarden,sv-bitwarden-mobile-full-review-20260919,default_system,,project-context,72780f11d9257560ea93c139,reviewed-receipt,https://github.com/yeager/translations/blob/67e6d27877c9cfd6b6dbc74bd852b10bdbe09c3c/Bitwarden/sv-bitwarden-mobile-full-review-20260919.json,4e3887d6b78b4b084fa488b7680906187a4c12a0328977d8af4e98e7b1b94781,{}
92cc38adb761f46bb79f1cb6,File format,Filformat,Bitwarden,sv-bitwarden-mobile-full-review-20260919,file_format,,project-context,4d34dcae86d7cfa99cdcec88,reviewed-receipt,https://github.com/yeager/translations/blob/67e6d27877c9cfd6b6dbc74bd852b10bdbe09c3c/Bitwarden/sv-bitwarden-mobile-full-review-20260919.json,4e3887d6b78b4b084fa488b7680906187a4c12a0328977d8af4e98e7b1b94781,{}
931bf849b90e9302581e8c60,Upgrade pending,Uppgradering väntar,Bitwarden,sv-bitwarden-mobile-full-review-20260919,upgrade_pending,,project-context,82ce3e664f86c82239e1b697,reviewed-receipt,https://github.com/yeager/translations/blob/67e6d27877c9cfd6b6dbc74bd852b10bdbe09c3c/Bitwarden/sv-bitwarden-mobile-full-review-20260919.json,4e3887d6b78b4b084fa488b7680906187a4c12a0328977d8af4e98e7b1b94781,{}
93242976f9d96a8d3bcf3726,Expiration month,Utgångsmånad,Bitwarden,sv-bitwarden-mobile-full-review-20260919,expiration_month,,project-context,1ceb15f79c38c7c6ab865950,reviewed-receipt,https://github.com/yeager/translations/blob/67e6d27877c9cfd6b6dbc74bd852b10bdbe09c3c/Bitwarden/sv-bitwarden-mobile-full-review-20260919.json,4e3887d6b78b4b084fa488b7680906187a4c12a0328977d8af4e98e7b1b94781,{}
934146acab2b129a80f8d149,Unpaid,Obetald,Bitwarden,sv-bitwarden-mobile-full-review-20260919,subscription_status_unpaid,,project-context,01f20f20345fd64229380a70,reviewed-receipt,https://github.com/yeager/translations/blob/67e6d27877c9cfd6b6dbc74bd852b10bdbe09c3c/Bitwarden/sv-bitwarden-mobile-full-review-20260919.json,4e3887d6b78b4b084fa488b7680906187a4c12a0328977d8af4e98e7b1b94781,{}
9370e64dac7a631bc73f8468,Master password,Huvudlösenord,Bitwarden,sv-bitwarden-mobile-full-review-20260919,MasterPassword,,project-context,725dcb042dc5f8f0fd4f982f,reviewed-receipt,https://github.com/yeager/translations/blob/67e6d27877c9cfd6b6dbc74bd852b10bdbe09c3c/Bitwarden/sv-bitwarden-mobile-full-review-20260919.json,4e3887d6b78b4b084fa488b7680906187a4c12a0328977d8af4e98e7b1b94781,{}
93e3f588ce50db07809f1a2e,Emergency access,Nödåtkomst,Bitwarden,sv-bitwarden-mobile-full-review-20260919,EmergencyAccess,,project-context,b4e30919acf22740c5368cd5,reviewed-receipt,https://github.com/yeager/translations/blob/67e6d27877c9cfd6b6dbc74bd852b10bdbe09c3c/Bitwarden/sv-bitwarden-mobile-full-review-20260919.json,4e3887d6b78b4b084fa488b7680906187a4c12a0328977d8af4e98e7b1b94781,{}
940990acf382c5a1b6f8d42e,Passport,Pass,Bitwarden,sv-bitwarden-mobile-full-review-20260919,TypePassport,,project-context,3fa2e36ad3f17940a81cbb15,reviewed-receipt,https://github.com/yeager/translations/blob/67e6d27877c9cfd6b6dbc74bd852b10bdbe09c3c/Bitwarden/sv-bitwarden-mobile-full-review-20260919.json,4e3887d6b78b4b084fa488b7680906187a4c12a0328977d8af4e98e7b1b94781,{}
942682216d4af7a4d9df998a,Phone,Telefon,Bitwarden,sv-bitwarden-mobile-full-review-20260919,phone,,project-context,e78e8e08ff87e11880b0e8d7,reviewed-receipt,https://github.com/yeager/translations/blob/67e6d27877c9cfd6b6dbc74bd852b10bdbe09c3c/Bitwarden/sv-bitwarden-mobile-full-review-20260919.json,4e3887d6b78b4b084fa488b7680906187a4c12a0328977d8af4e98e7b1b94781,{}
948bd65fd443f42111f9e43e,Web vault server URL,Webbvalvsserver-URL,Bitwarden,sv-bitwarden-mobile-full-review-20260919,web_vault_url,,project-context,8f732213f2a83fcce4b00eae,reviewed-receipt,https://github.com/yeager/translations/blob/67e6d27877c9cfd6b6dbc74bd852b10bdbe09c3c/Bitwarden/sv-bitwarden-mobile-full-review-20260919.json,4e3887d6b78b4b084fa488b7680906187a4c12a0328977d8af4e98e7b1b94781,{}
948fac5fbc0d3fc12e58e51b,Sync with the Bitwarden app,Synkronisera med Bitwarden-appen,Bitwarden,sv-bitwarden-mobile-full-review-20260919,SyncWithTheBitwardenApp,,project-context,ea0a76875d6538f44c1d33f3,reviewed-receipt,https://github.com/yeager/translations/blob/67e6d27877c9cfd6b6dbc74bd852b10bdbe09c3c/Bitwarden/sv-bitwarden-mobile-full-review-20260919.json,4e3887d6b78b4b084fa488b7680906187a4c12a0328977d8af4e98e7b1b94781,{}
94cf22a58388498023601eaa,Secure note,Säker anteckning,Bitwarden,sv-bitwarden-mobile-full-review-20260919,type_secure_note,,project-context,0a3d59e813427b58a3894ef3,reviewed-receipt,https://github.com/yeager/translations/blob/67e6d27877c9cfd6b6dbc74bd852b10bdbe09c3c/Bitwarden/sv-bitwarden-mobile-full-review-20260919.json,4e3887d6b78b4b084fa488b7680906187a4c12a0328977d8af4e98e7b1b94781,{}
950a4a80d11e917d92919ccd,New text Send,Ny text Skicka,Bitwarden,sv-bitwarden-mobile-full-review-20260919,add_text_send,,project-context,c481945fff43b5c40f7cee93,reviewed-receipt,https://github.com/yeager/translations/blob/67e6d27877c9cfd6b6dbc74bd852b10bdbe09c3c/Bitwarden/sv-bitwarden-mobile-full-review-20260919.json,4e3887d6b78b4b084fa488b7680906187a4c12a0328977d8af4e98e7b1b94781,{}
95250d4a63e25b7df6756d09,Edit folder,Redigera mapp,Bitwarden,sv-bitwarden-mobile-full-review-20260919,edit_folder,,project-context,a8e14571baecad28b05a447a,reviewed-receipt,https://github.com/yeager/translations/blob/67e6d27877c9cfd6b6dbc74bd852b10bdbe09c3c/Bitwarden/sv-bitwarden-mobile-full-review-20260919.json,4e3887d6b78b4b084fa488b7680906187a4c12a0328977d8af4e98e7b1b94781,{}
952baa26015eb8f48bb26613,New folder created,Ny mapp skapad,Bitwarden,sv-bitwarden-mobile-lint-fixes-published-20260919,FolderCreated,,project-context,44866267e63f41aa9498b109,reviewed-receipt,https://github.com/yeager/translations/blob/67e6d27877c9cfd6b6dbc74bd852b10bdbe09c3c/Bitwarden/sv-bitwarden-mobile-lint-fixes-published-20260919.json,b718e67ef827f6e9044a4980161854a72414c67066b327264251649b44b932d1,{}
9556f1a6fcc7b090eeac25a6,Invalid PIN. Try again.,Ogiltig PIN-kod. Försök igen.,Bitwarden,sv-bitwarden-mobile-full-review-20260919,invalid_pin,,project-context,653d2f012bf2d7535cfb088d,reviewed-receipt,https://github.com/yeager/translations/blob/67e6d27877c9cfd6b6dbc74bd852b10bdbe09c3c/Bitwarden/sv-bitwarden-mobile-full-review-20260919.json,4e3887d6b78b4b084fa488b7680906187a4c12a0328977d8af4e98e7b1b94781,{}
956858156d27798d928134de,Item name (required),Artikelns namn (obligatoriskt),Bitwarden,sv-bitwarden-mobile-full-review-20260919,ItemNameRequired,,project-context,c3409bfd6d49d1af2c824e7e,reviewed-receipt,https://github.com/yeager/translations/blob/67e6d27877c9cfd6b6dbc74bd852b10bdbe09c3c/Bitwarden/sv-bitwarden-mobile-full-review-20260919.json,4e3887d6b78b4b084fa488b7680906187a4c12a0328977d8af4e98e7b1b94781,{}
9572badc39f74258118ad8d6,Logging in on:,Loggar in på:,Bitwarden,sv-bitwarden-mobile-full-review-20260919,logging_in_on_with_colon,,project-context,ad67336053313844be286e2f,reviewed-receipt,https://github.com/yeager/translations/blob/67e6d27877c9cfd6b6dbc74bd852b10bdbe09c3c/Bitwarden/sv-bitwarden-mobile-full-review-20260919.json,4e3887d6b78b4b084fa488b7680906187a4c12a0328977d8af4e98e7b1b94781,{}
95869e3ef24cf3ba0d90b074,Email address (required),E-postadress (obligatoriskt),Bitwarden,sv-bitwarden-mobile-full-review-20260919,email_address_required,,project-context,93d5cd24dc6beedbbce23ce8,reviewed-receipt,https://github.com/yeager/translations/blob/67e6d27877c9cfd6b6dbc74bd852b10bdbe09c3c/Bitwarden/sv-bitwarden-mobile-full-review-20260919.json,4e3887d6b78b4b084fa488b7680906187a4c12a0328977d8af4e98e7b1b94781,{}
95b2832cc59042c919d5966b,Avoid ambiguous characters,Undvik tvetydiga tecken,Bitwarden,sv-bitwarden-mobile-full-review-20260919,AvoidAmbiguousCharacters,,project-context,5420ebf912368ce3b842e089,reviewed-receipt,https://github.com/yeager/translations/blob/67e6d27877c9cfd6b6dbc74bd852b10bdbe09c3c/Bitwarden/sv-bitwarden-mobile-full-review-20260919.json,4e3887d6b78b4b084fa488b7680906187a4c12a0328977d8af4e98e7b1b94781,{}
95cdfd186ee5d521037441c7,On,På,Bitwarden,sv-bitwarden-mobile-full-review-20260919,On,,project-context,5fdb37d0e9652dd9bf39bcd3,reviewed-receipt,https://github.com/yeager/translations/blob/67e6d27877c9cfd6b6dbc74bd852b10bdbe09c3c/Bitwarden/sv-bitwarden-mobile-full-review-20260919.json,4e3887d6b78b4b084fa488b7680906187a4c12a0328977d8af4e98e7b1b94781,{}
95e067948cc71b20254624bd,July,Juli,Bitwarden,sv-bitwarden-mobile-full-review-20260919,July,,project-context,f0ca9cc0ef3cd6b0897e86b5,reviewed-receipt,https://github.com/yeager/translations/blob/67e6d27877c9cfd6b6dbc74bd852b10bdbe09c3c/Bitwarden/sv-bitwarden-mobile-full-review-20260919.json,4e3887d6b78b4b084fa488b7680906187a4c12a0328977d8af4e98e7b1b94781,{}
96008fcfabc332ae70d4425e,Ask to add item,Fråga om att lägga till objekt,Bitwarden,sv-bitwarden-mobile-full-review-20260919,ask_to_add_item,,project-context,728a971df7ee1ff49b47c549,reviewed-receipt,https://github.com/yeager/translations/blob/67e6d27877c9cfd6b6dbc74bd852b10bdbe09c3c/Bitwarden/sv-bitwarden-mobile-full-review-20260919.json,4e3887d6b78b4b084fa488b7680906187a4c12a0328977d8af4e98e7b1b94781,{}
961b8bb489f2c2731835d58f,4 OF 6,4 AV 6,Bitwarden,sv-bitwarden-mobile-full-review-20260919,coachmark_4_of_6,,project-context,7d58b2a5999f959958e2da0b,reviewed-receipt,https://github.com/yeager/translations/blob/67e6d27877c9cfd6b6dbc74bd852b10bdbe09c3c/Bitwarden/sv-bitwarden-mobile-full-review-20260919.json,4e3887d6b78b4b084fa488b7680906187a4c12a0328977d8af4e98e7b1b94781,{}
96286da0aa90cd180a70137e,You’re all set!,Du är klar!,Bitwarden,sv-bitwarden-mobile-full-review-20260919,YoureAllSet,,project-context,6166bb61207b5f30d85a013d,reviewed-receipt,https://github.com/yeager/translations/blob/67e6d27877c9cfd6b6dbc74bd852b10bdbe09c3c/Bitwarden/sv-bitwarden-mobile-full-review-20260919.json,4e3887d6b78b4b084fa488b7680906187a4c12a0328977d8af4e98e7b1b94781,{}
963f619b8b0b0e553c8aeeb9,Check out the passphrase generator,Kolla in lösenordsfrasgeneratorn,Bitwarden,sv-bitwarden-mobile-full-review-20260919,CheckOutThePassphraseGenerator,,project-context,ba1c8b10922b898a8f7234b3,reviewed-receipt,https://github.com/yeager/translations/blob/67e6d27877c9cfd6b6dbc74bd852b10bdbe09c3c/Bitwarden/sv-bitwarden-mobile-full-review-20260919.json,4e3887d6b78b4b084fa488b7680906187a4c12a0328977d8af4e98e7b1b94781,{}
96476581ad38a8d6cde19d5d,Copy number,Kopiera nummer,Bitwarden,sv-bitwarden-mobile-full-review-20260919,CopyNumber,,project-context,d361c127030667fef6e98688,reviewed-receipt,https://github.com/yeager/translations/blob/67e6d27877c9cfd6b6dbc74bd852b10bdbe09c3c/Bitwarden/sv-bitwarden-mobile-full-review-20260919.json,4e3887d6b78b4b084fa488b7680906187a4c12a0328977d8af4e98e7b1b94781,{}
96499ca886369da199e28378,Manage plan,Hantera prenumeration,Bitwarden,sv-bitwarden-mobile-full-review-20260919,ManagePlan,,project-context,acc449ed9ac61d4e40459697,reviewed-receipt,https://github.com/yeager/translations/blob/67e6d27877c9cfd6b6dbc74bd852b10bdbe09c3c/Bitwarden/sv-bitwarden-mobile-full-review-20260919.json,4e3887d6b78b4b084fa488b7680906187a4c12a0328977d8af4e98e7b1b94781,{}
964b90bd7ce3cfa7db280c7c,Item moved to vault,Objekt flyttat till valv,Bitwarden,sv-bitwarden-mobile-full-review-20260919,ItemMovedToVault,,project-context,ccd757b76eade8fac0748292,reviewed-receipt,https://github.com/yeager/translations/blob/67e6d27877c9cfd6b6dbc74bd852b10bdbe09c3c/Bitwarden/sv-bitwarden-mobile-full-review-20260919.json,4e3887d6b78b4b084fa488b7680906187a4c12a0328977d8af4e98e7b1b94781,{}
9659b673306903da07a7d605,Specific people,Specifika personer,Bitwarden,sv-bitwarden-mobile-full-review-20260919,specific_people,,project-context,681ace1822ae859d21203f04,reviewed-receipt,https://github.com/yeager/translations/blob/67e6d27877c9cfd6b6dbc74bd852b10bdbe09c3c/Bitwarden/sv-bitwarden-mobile-full-review-20260919.json,4e3887d6b78b4b084fa488b7680906187a4c12a0328977d8af4e98e7b1b94781,{}
9660b43dcf1fe811a927b0ef,Empty Item Listing,Tom objektlistning,Bitwarden,sv-bitwarden-mobile-full-review-20260919,empty_item_list,,project-context,da3d63e439727e4ad0ea6932,reviewed-receipt,https://github.com/yeager/translations/blob/67e6d27877c9cfd6b6dbc74bd852b10bdbe09c3c/Bitwarden/sv-bitwarden-mobile-full-review-20260919.json,4e3887d6b78b4b084fa488b7680906187a4c12a0328977d8af4e98e7b1b94781,{}
9681dee441e31aa5cd76f8ee,Remove certificate,Ta bort certifikat,Bitwarden,sv-bitwarden-mobile-full-review-20260919,RemoveCertificate,,project-context,814e40d60b2fac9f788ed28a,reviewed-receipt,https://github.com/yeager/translations/blob/67e6d27877c9cfd6b6dbc74bd852b10bdbe09c3c/Bitwarden/sv-bitwarden-mobile-full-review-20260919.json,4e3887d6b78b4b084fa488b7680906187a4c12a0328977d8af4e98e7b1b94781,{}
9692e1c8162d492372394278,Secure your accounts with Bitwarden Authenticator,Säkra dina konton med Bitwarden Authenticator,Bitwarden,sv-bitwarden-mobile-full-review-20260919,SecureYourAssetsWithBitwardenAuthenticator,,project-context,0983bc0c45d6469adda6310a,reviewed-receipt,https://github.com/yeager/translations/blob/67e6d27877c9cfd6b6dbc74bd852b10bdbe09c3c/Bitwarden/sv-bitwarden-mobile-full-review-20260919.json,4e3887d6b78b4b084fa488b7680906187a4c12a0328977d8af4e98e7b1b94781,{}
96a9217f060c64d7e0213ad0,Show less,Visa mindre,Bitwarden,sv-bitwarden-mobile-full-review-20260919,show_less,,project-context,18d0d4702a40f34a1b524b59,reviewed-receipt,https://github.com/yeager/translations/blob/67e6d27877c9cfd6b6dbc74bd852b10bdbe09c3c/Bitwarden/sv-bitwarden-mobile-full-review-20260919.json,4e3887d6b78b4b084fa488b7680906187a4c12a0328977d8af4e98e7b1b94781,{}
96da5fac4dc2862d43585105,My folder,Min mapp,Bitwarden,sv-bitwarden-mobile-full-review-20260919,my_folder,,project-context,820062f4f73856b41c1caf03,reviewed-receipt,https://github.com/yeager/translations/blob/67e6d27877c9cfd6b6dbc74bd852b10bdbe09c3c/Bitwarden/sv-bitwarden-mobile-full-review-20260919.json,4e3887d6b78b4b084fa488b7680906187a4c12a0328977d8af4e98e7b1b94781,{}
96ebcacc6d36f94b2d61f1e4,Back,Tillbaka,Bitwarden,sv-bitwarden-mobile-full-review-20260919,back,,project-context,b13697e8b7b15e1c09dd9867,reviewed-receipt,https://github.com/yeager/translations/blob/67e6d27877c9cfd6b6dbc74bd852b10bdbe09c3c/Bitwarden/sv-bitwarden-mobile-full-review-20260919.json,4e3887d6b78b4b084fa488b7680906187a4c12a0328977d8af4e98e7b1b94781,{}
971fa92950751db9d0aad45a,Turn on later,Slå på senare,Bitwarden,sv-bitwarden-mobile-full-review-20260919,turn_on_later,,project-context,753f9188ac45ca6358eee3f3,reviewed-receipt,https://github.com/yeager/translations/blob/67e6d27877c9cfd6b6dbc74bd852b10bdbe09c3c/Bitwarden/sv-bitwarden-mobile-full-review-20260919.json,4e3887d6b78b4b084fa488b7680906187a4c12a0328977d8af4e98e7b1b94781,{}
97638b7ba23cb6813d128442,Autofill options,Alternativ för automatisk ifyllning,Bitwarden,sv-bitwarden-mobile-full-review-20260919,AutofillOptions,,project-context,fe73f4b789100d4f0bec6784,reviewed-receipt,https://github.com/yeager/translations/blob/67e6d27877c9cfd6b6dbc74bd852b10bdbe09c3c/Bitwarden/sv-bitwarden-mobile-full-review-20260919.json,4e3887d6b78b4b084fa488b7680906187a4c12a0328977d8af4e98e7b1b94781,{}
97c6a998c834d28e331ad847,Edit SSH key,Redigera SSH-nyckel,Bitwarden,sv-bitwarden-mobile-full-review-20260919,edit_ssh_key,,project-context,2a43bbe133e99cb212413711,reviewed-receipt,https://github.com/yeager/translations/blob/67e6d27877c9cfd6b6dbc74bd852b10bdbe09c3c/Bitwarden/sv-bitwarden-mobile-full-review-20260919.json,4e3887d6b78b4b084fa488b7680906187a4c12a0328977d8af4e98e7b1b94781,{}
97ca5d42fe972e1bff8dbe80,Unlock options,Upplåsningsalternativ,Bitwarden,sv-bitwarden-mobile-full-review-20260919,UnlockOptions,,project-context,aa7326b6aef465fb0729938f,reviewed-receipt,https://github.com/yeager/translations/blob/67e6d27877c9cfd6b6dbc74bd852b10bdbe09c3c/Bitwarden/sv-bitwarden-mobile-full-review-20260919.json,4e3887d6b78b4b084fa488b7680906187a4c12a0328977d8af4e98e7b1b94781,{}
97edd3eca9613674b20a3999,March,Mars,Bitwarden,sv-bitwarden-mobile-full-review-20260919,March,,project-context,fc6d8b2f6fcf249511e98f9e,reviewed-receipt,https://github.com/yeager/translations/blob/67e6d27877c9cfd6b6dbc74bd852b10bdbe09c3c/Bitwarden/sv-bitwarden-mobile-full-review-20260919.json,4e3887d6b78b4b084fa488b7680906187a4c12a0328977d8af4e98e7b1b94781,{}
98096f18d48870f3c7b9d313,Mrs,Fru,Bitwarden,sv-bitwarden-mobile-full-review-20260919,Mrs,,project-context,d8e08fb6e863097f08db3a7e,reviewed-receipt,https://github.com/yeager/translations/blob/67e6d27877c9cfd6b6dbc74bd852b10bdbe09c3c/Bitwarden/sv-bitwarden-mobile-full-review-20260919.json,4e3887d6b78b4b084fa488b7680906187a4c12a0328977d8af4e98e7b1b94781,{}
9842b952940c60598f96fb65,Save to Bitwarden,Spara till Bitwarden,Bitwarden,sv-bitwarden-mobile-full-review-20260919,save_to_bitwarden,,project-context,d639c1908bccf9483d1fb722,reviewed-receipt,https://github.com/yeager/translations/blob/67e6d27877c9cfd6b6dbc74bd852b10bdbe09c3c/Bitwarden/sv-bitwarden-mobile-full-review-20260919.json,4e3887d6b78b4b084fa488b7680906187a4c12a0328977d8af4e98e7b1b94781,{}
9848239e6f3cd2c57d9600fa,Add code,Lägg till kod,Bitwarden,sv-bitwarden-mobile-full-review-20260919,AddCode,,project-context,5c27036e7f50cf82c3d7d72f,reviewed-receipt,https://github.com/yeager/translations/blob/67e6d27877c9cfd6b6dbc74bd852b10bdbe09c3c/Bitwarden/sv-bitwarden-mobile-full-review-20260919.json,4e3887d6b78b4b084fa488b7680906187a4c12a0328977d8af4e98e7b1b94781,{}
98dc0d2f2b30d3fa19d7cfcc,Sync with Bitwarden app,Synkronisera med Bitwarden-appen,Bitwarden,sv-bitwarden-mobile-full-review-20260919,sync_with_bitwarden_app,,project-context,8a46d86f0816c56e5b190ffc,reviewed-receipt,https://github.com/yeager/translations/blob/67e6d27877c9cfd6b6dbc74bd852b10bdbe09c3c/Bitwarden/sv-bitwarden-mobile-full-review-20260919.json,4e3887d6b78b4b084fa488b7680906187a4c12a0328977d8af4e98e7b1b94781,{}
991237f3237b89d8ec9364d2,Updating…,Uppdaterar…,Bitwarden,sv-bitwarden-mobile-full-review-20260919,Updating,,project-context,4487aba3399bd96cfd10bd6f,reviewed-receipt,https://github.com/yeager/translations/blob/67e6d27877c9cfd6b6dbc74bd852b10bdbe09c3c/Bitwarden/sv-bitwarden-mobile-full-review-20260919.json,4e3887d6b78b4b084fa488b7680906187a4c12a0328977d8af4e98e7b1b94781,{}
993667f1f71ef7bb4609d3ca,Numbers (0 to 9),Siffror (0 till 9),Bitwarden,sv-bitwarden-mobile-full-review-20260919,NumbersZeroToNine,,project-context,3d40599f480ca0e86c943561,reviewed-receipt,https://github.com/yeager/translations/blob/67e6d27877c9cfd6b6dbc74bd852b10bdbe09c3c/Bitwarden/sv-bitwarden-mobile-full-review-20260919.json,4e3887d6b78b4b084fa488b7680906187a4c12a0328977d8af4e98e7b1b94781,{}
9936f84dac0cee92a61ac3d3,Boolean,Boolesk,Bitwarden,sv-bitwarden-mobile-full-review-20260919,field_type_boolean,,project-context,eb7c8bcfb84b960946551030,reviewed-receipt,https://github.com/yeager/translations/blob/67e6d27877c9cfd6b6dbc74bd852b10bdbe09c3c/Bitwarden/sv-bitwarden-mobile-full-review-20260919.json,4e3887d6b78b4b084fa488b7680906187a4c12a0328977d8af4e98e7b1b94781,{}
994ac56627b57348438508e9,Your login session has expired.,Din inloggningssession har upphört.,Bitwarden,sv-bitwarden-mobile-full-review-20260919,login_expired,,project-context,36e9197e2048501e1b130416,reviewed-receipt,https://github.com/yeager/translations/blob/67e6d27877c9cfd6b6dbc74bd852b10bdbe09c3c/Bitwarden/sv-bitwarden-mobile-full-review-20260919.json,4e3887d6b78b4b084fa488b7680906187a4c12a0328977d8af4e98e7b1b94781,{}
9952cbfe6d4a08bf666c50a1,Regular expression (advanced),Reguljärt uttryck (avancerat),Bitwarden,sv-bitwarden-mobile-full-review-20260919,RegularExpressionAdvanced,,project-context,acb068aa39acb48ac1976de0,reviewed-receipt,https://github.com/yeager/translations/blob/67e6d27877c9cfd6b6dbc74bd852b10bdbe09c3c/Bitwarden/sv-bitwarden-mobile-full-review-20260919.json,4e3887d6b78b4b084fa488b7680906187a4c12a0328977d8af4e98e7b1b94781,{}
9983f67a93df8437cc98babd,Copy password,Kopiera lösenord,Bitwarden,sv-bitwarden-mobile-full-review-20260919,CopyPassword,,project-context,75f88e7ed148442d1210ded3,reviewed-receipt,https://github.com/yeager/translations/blob/67e6d27877c9cfd6b6dbc74bd852b10bdbe09c3c/Bitwarden/sv-bitwarden-mobile-full-review-20260919.json,4e3887d6b78b4b084fa488b7680906187a4c12a0328977d8af4e98e7b1b94781,{}
99a81627a83e46b5fb59fb25,Verify master password,Bekräfta huvudlösenord,Bitwarden,sv-bitwarden-mobile-full-review-20260919,verify_master_password,,project-context,c030dcc7ad677db0f29ce77a,reviewed-receipt,https://github.com/yeager/translations/blob/67e6d27877c9cfd6b6dbc74bd852b10bdbe09c3c/Bitwarden/sv-bitwarden-mobile-full-review-20260919.json,4e3887d6b78b4b084fa488b7680906187a4c12a0328977d8af4e98e7b1b94781,{}
99b825d9d4c11b8f6304df96,Export failed,Exporten misslyckades,Bitwarden,sv-bitwarden-mobile-full-review-20260919,export_failed,,project-context,a50d57c5b51037e9349547d5,reviewed-receipt,https://github.com/yeager/translations/blob/67e6d27877c9cfd6b6dbc74bd852b10bdbe09c3c/Bitwarden/sv-bitwarden-mobile-full-review-20260919.json,4e3887d6b78b4b084fa488b7680906187a4c12a0328977d8af4e98e7b1b94781,{}
99d37c70469beac8fa356dc9,Lowercase (A to Z),Gemener (A till Z),Bitwarden,sv-bitwarden-mobile-full-review-20260919,lowercase_ato_z,,project-context,bfdf847bfdbd3ea992ed5af3,reviewed-receipt,https://github.com/yeager/translations/blob/67e6d27877c9cfd6b6dbc74bd852b10bdbe09c3c/Bitwarden/sv-bitwarden-mobile-full-review-20260919.json,4e3887d6b78b4b084fa488b7680906187a4c12a0328977d8af4e98e7b1b94781,{}
99ee0a0c6d88ecc25c6c3eb5,2 OF 3,2 AV 3,Bitwarden,sv-bitwarden-mobile-full-review-20260919,coachmark_2_of_3,,project-context,225459bd07f2523b03fe8576,reviewed-receipt,https://github.com/yeager/translations/blob/67e6d27877c9cfd6b6dbc74bd852b10bdbe09c3c/Bitwarden/sv-bitwarden-mobile-full-review-20260919.json,4e3887d6b78b4b084fa488b7680906187a4c12a0328977d8af4e98e7b1b94781,{}
99f0f7ea4dea57b27efbe79a,Item restored,Objekt återställt,Bitwarden,sv-bitwarden-mobile-full-review-20260919,ItemRestored,,project-context,01488b50abc8367172a4c4ee,reviewed-receipt,https://github.com/yeager/translations/blob/67e6d27877c9cfd6b6dbc74bd852b10bdbe09c3c/Bitwarden/sv-bitwarden-mobile-full-review-20260919.json,4e3887d6b78b4b084fa488b7680906187a4c12a0328977d8af4e98e7b1b94781,{}
9a0f6df7ebb9b2f0eb534990,Import logins to Bitwarden,Importera inloggningar till Bitwarden,Bitwarden,sv-bitwarden-mobile-full-review-20260919,ImportLoginsToBitwarden,,project-context,e5867317ace050a2bd7adacb,reviewed-receipt,https://github.com/yeager/translations/blob/67e6d27877c9cfd6b6dbc74bd852b10bdbe09c3c/Bitwarden/sv-bitwarden-mobile-full-review-20260919.json,4e3887d6b78b4b084fa488b7680906187a4c12a0328977d8af4e98e7b1b94781,{}
9a106c130e5a43e19fdf6d1e,All trusted apps,Alla betrodda appar,Bitwarden,sv-bitwarden-mobile-full-review-20260919,all_trusted_apps,,project-context,c5ea3090c691598153ddaa5b,reviewed-receipt,https://github.com/yeager/translations/blob/67e6d27877c9cfd6b6dbc74bd852b10bdbe09c3c/Bitwarden/sv-bitwarden-mobile-full-review-20260919.json,4e3887d6b78b4b084fa488b7680906187a4c12a0328977d8af4e98e7b1b94781,{}
9a16a1f421bc01ea615042b1,Edit folder,Redigera mapp,Bitwarden,sv-bitwarden-mobile-full-review-20260919,EditFolder,,project-context,843311210187e28dbbfccae5,reviewed-receipt,https://github.com/yeager/translations/blob/67e6d27877c9cfd6b6dbc74bd852b10bdbe09c3c/Bitwarden/sv-bitwarden-mobile-full-review-20260919.json,4e3887d6b78b4b084fa488b7680906187a4c12a0328977d8af4e98e7b1b94781,{}
9a181b105f6cff7e29477f9a,Use accessibility,Använd tillgänglighet,Bitwarden,sv-bitwarden-mobile-full-review-20260919,accessibility,,project-context,317e5fbe356c668e6dc382e3,reviewed-receipt,https://github.com/yeager/translations/blob/67e6d27877c9cfd6b6dbc74bd852b10bdbe09c3c/Bitwarden/sv-bitwarden-mobile-full-review-20260919.json,4e3887d6b78b4b084fa488b7680906187a4c12a0328977d8af4e98e7b1b94781,{}
9a1d3c9fb9f282f0441422b2,Authenticator Sync,Synkronisering av autentiserare,Bitwarden,sv-bitwarden-mobile-full-review-20260919,authenticator_sync,,project-context,44cc1ab0563e699e2d8d3d1e,reviewed-receipt,https://github.com/yeager/translations/blob/67e6d27877c9cfd6b6dbc74bd852b10bdbe09c3c/Bitwarden/sv-bitwarden-mobile-full-review-20260919.json,4e3887d6b78b4b084fa488b7680906187a4c12a0328977d8af4e98e7b1b94781,{}
9a61e50424b8412254780a04,Pricing unavailable,Prisinformation inte tillgänglig,Bitwarden,sv-bitwarden-mobile-full-review-20260919,pricing_unavailable,,project-context,7976c65376a93483c00e29c3,reviewed-receipt,https://github.com/yeager/translations/blob/67e6d27877c9cfd6b6dbc74bd852b10bdbe09c3c/Bitwarden/sv-bitwarden-mobile-full-review-20260919.json,4e3887d6b78b4b084fa488b7680906187a4c12a0328977d8af4e98e7b1b94781,{}
9aec1ece010ab32f0086a96d,Advanced,Avancerat,Bitwarden,sv-bitwarden-mobile-full-review-20260919,advanced,,project-context,a23f3af6e3fe5374798a6233,reviewed-receipt,https://github.com/yeager/translations/blob/67e6d27877c9cfd6b6dbc74bd852b10bdbe09c3c/Bitwarden/sv-bitwarden-mobile-full-review-20260919.json,4e3887d6b78b4b084fa488b7680906187a4c12a0328977d8af4e98e7b1b94781,{}
9aeefff4c09d9db1934de6d4,New master password (required),Nytt huvudlösenord (krävs),Bitwarden,sv-bitwarden-mobile-full-review-20260919,NewMasterPasswordRequired,,project-context,64d97eb6b0eedc4f8a6e9196,reviewed-receipt,https://github.com/yeager/translations/blob/67e6d27877c9cfd6b6dbc74bd852b10bdbe09c3c/Bitwarden/sv-bitwarden-mobile-full-review-20260919.json,4e3887d6b78b4b084fa488b7680906187a4c12a0328977d8af4e98e7b1b94781,{}
9af344c285b5e51d0f05061f,Change email address,Ändra e-postadress,Bitwarden,sv-bitwarden-mobile-full-review-20260919,change_email_address,,project-context,f7f1c52c8a64703488669333,reviewed-receipt,https://github.com/yeager/translations/blob/67e6d27877c9cfd6b6dbc74bd852b10bdbe09c3c/Bitwarden/sv-bitwarden-mobile-full-review-20260919.json,4e3887d6b78b4b084fa488b7680906187a4c12a0328977d8af4e98e7b1b94781,{}
9b05d4c122f171644177a8e1,Confirm items export,Bekräfta objektexport,Bitwarden,sv-bitwarden-mobile-full-review-20260919,ExportItemsConfirmationTitle,,project-context,0ed701f25169aa3187645e60,reviewed-receipt,https://github.com/yeager/translations/blob/67e6d27877c9cfd6b6dbc74bd852b10bdbe09c3c/Bitwarden/sv-bitwarden-mobile-full-review-20260919.json,4e3887d6b78b4b084fa488b7680906187a4c12a0328977d8af4e98e7b1b94781,{}
9b0acbd15a18e308ac305bae,Continue to device Settings?,Fortsätt till enhetsinställningar?,Bitwarden,sv-bitwarden-mobile-full-review-20260919,continue_to_device_settings,,project-context,0f47309cea0773db7a59977b,reviewed-receipt,https://github.com/yeager/translations/blob/67e6d27877c9cfd6b6dbc74bd852b10bdbe09c3c/Bitwarden/sv-bitwarden-mobile-full-review-20260919.json,4e3887d6b78b4b084fa488b7680906187a4c12a0328977d8af4e98e7b1b94781,{}
9b11357e69f9e53a0439f897,Certificate used for client authentication.,Certifikat som används för klientautentisering.,Bitwarden,sv-bitwarden-mobile-full-review-20260919,CertificateUsedForClientAuthentication,,project-context,4dd8142ef2af353739880e42,reviewed-receipt,https://github.com/yeager/translations/blob/67e6d27877c9cfd6b6dbc74bd852b10bdbe09c3c/Bitwarden/sv-bitwarden-mobile-full-review-20260919.json,4e3887d6b78b4b084fa488b7680906187a4c12a0328977d8af4e98e7b1b94781,{}
9b16748d46cdf4c51701cd17,Weak,Svagt,Bitwarden,sv-bitwarden-mobile-full-review-20260919,Weak,,project-context,d2a282915544283a1693e835,reviewed-receipt,https://github.com/yeager/translations/blob/67e6d27877c9cfd6b6dbc74bd852b10bdbe09c3c/Bitwarden/sv-bitwarden-mobile-full-review-20260919.json,4e3887d6b78b4b084fa488b7680906187a4c12a0328977d8af4e98e7b1b94781,{}
9b27dbaad5cffbc952bac2d8,Overwrite passkey?,Skriv över inloggningsnyckel?,Bitwarden,sv-bitwarden-mobile-full-review-20260919,overwrite_passkey,,project-context,39bd9d70ce960a03609ac320,reviewed-receipt,https://github.com/yeager/translations/blob/67e6d27877c9cfd6b6dbc74bd852b10bdbe09c3c/Bitwarden/sv-bitwarden-mobile-full-review-20260919.json,4e3887d6b78b4b084fa488b7680906187a4c12a0328977d8af4e98e7b1b94781,{}
9b5a4e9f8f805efb31decff0,/ month,/ månad,Bitwarden,sv-bitwarden-mobile-full-review-20260919,PerMonth,,project-context,55d3ff2894bf8d009477f7df,reviewed-receipt,https://github.com/yeager/translations/blob/67e6d27877c9cfd6b6dbc74bd852b10bdbe09c3c/Bitwarden/sv-bitwarden-mobile-full-review-20260919.json,4e3887d6b78b4b084fa488b7680906187a4c12a0328977d8af4e98e7b1b94781,{}
9b61337f7791a3a89111de65,Warning,Varning,Bitwarden,sv-bitwarden-mobile-full-review-20260919,Warning,,project-context,2018773b4fb87be5944eaff2,reviewed-receipt,https://github.com/yeager/translations/blob/67e6d27877c9cfd6b6dbc74bd852b10bdbe09c3c/Bitwarden/sv-bitwarden-mobile-full-review-20260919.json,4e3887d6b78b4b084fa488b7680906187a4c12a0328977d8af4e98e7b1b94781,{}
9b9d3b3da685e437c5814303,Not now,Inte nu,Bitwarden,sv-bitwarden-mobile-full-review-20260919,not_now,,project-context,8b8185cda225521a9891d170,reviewed-receipt,https://github.com/yeager/translations/blob/67e6d27877c9cfd6b6dbc74bd852b10bdbe09c3c/Bitwarden/sv-bitwarden-mobile-full-review-20260919.json,4e3887d6b78b4b084fa488b7680906187a4c12a0328977d8af4e98e7b1b94781,{}
9ba7ed0a01f25b4a29cfd6f9,Identity saved,Identitet sparad,Bitwarden,sv-bitwarden-mobile-full-review-20260919,identity_saved,,project-context,7b4f824c2c7e842017158759,reviewed-receipt,https://github.com/yeager/translations/blob/67e6d27877c9cfd6b6dbc74bd852b10bdbe09c3c/Bitwarden/sv-bitwarden-mobile-full-review-20260919.json,4e3887d6b78b4b084fa488b7680906187a4c12a0328977d8af4e98e7b1b94781,{}
9bb45de26a34f4d56903082d,Website (URI),Webbplats (URI),Bitwarden,sv-bitwarden-mobile-full-review-20260919,WebsiteURI,,project-context,7c4f7b8aa67ca8231a2c7778,reviewed-receipt,https://github.com/yeager/translations/blob/67e6d27877c9cfd6b6dbc74bd852b10bdbe09c3c/Bitwarden/sv-bitwarden-mobile-full-review-20260919.json,4e3887d6b78b4b084fa488b7680906187a4c12a0328977d8af4e98e7b1b94781,{}
9bc0baa5ab43c5357fe44c0c,Issue date,Utfärdandedatum,Bitwarden,sv-bitwarden-mobile-full-review-20260919,issue_date,,project-context,d3a40f41c4e1013d234e3ae9,reviewed-receipt,https://github.com/yeager/translations/blob/67e6d27877c9cfd6b6dbc74bd852b10bdbe09c3c/Bitwarden/sv-bitwarden-mobile-full-review-20260919.json,4e3887d6b78b4b084fa488b7680906187a4c12a0328977d8af4e98e7b1b94781,{}
9bdd331067162de5672e5fc3,Browse,Bläddra,Bitwarden,sv-bitwarden-mobile-full-review-20260919,Browse,,project-context,6aacffa6906e254b3a3c0e92,reviewed-receipt,https://github.com/yeager/translations/blob/67e6d27877c9cfd6b6dbc74bd852b10bdbe09c3c/Bitwarden/sv-bitwarden-mobile-full-review-20260919.json,4e3887d6b78b4b084fa488b7680906187a4c12a0328977d8af4e98e7b1b94781,{}
9be537818448a3484ff0d2ee,Use fingerprint to unlock,Använd fingeravtryck för att låsa upp,Bitwarden,sv-bitwarden-mobile-full-review-20260919,UseFingerprintToUnlock,,project-context,27b81ab6a6b5cb220b22afd4,reviewed-receipt,https://github.com/yeager/translations/blob/67e6d27877c9cfd6b6dbc74bd852b10bdbe09c3c/Bitwarden/sv-bitwarden-mobile-full-review-20260919.json,4e3887d6b78b4b084fa488b7680906187a4c12a0328977d8af4e98e7b1b94781,{}
9bf7b86d9dbdd2d24adbd701,Date of birth,Födelsedatum,Bitwarden,sv-bitwarden-mobile-full-review-20260919,DateOfBirth,,project-context,ae97fa7d3e94d79240e157b2,reviewed-receipt,https://github.com/yeager/translations/blob/67e6d27877c9cfd6b6dbc74bd852b10bdbe09c3c/Bitwarden/sv-bitwarden-mobile-full-review-20260919.json,4e3887d6b78b4b084fa488b7680906187a4c12a0328977d8af4e98e7b1b94781,{}
9c1116076bac0c005555b7a1,Login request has already expired.,Inloggningsbegäran har redan löpt ut.,Bitwarden,sv-bitwarden-mobile-full-review-20260919,login_request_has_already_expired,,project-context,0333a9dd16298ee84dd50f73,reviewed-receipt,https://github.com/yeager/translations/blob/67e6d27877c9cfd6b6dbc74bd852b10bdbe09c3c/Bitwarden/sv-bitwarden-mobile-full-review-20260919.json,4e3887d6b78b4b084fa488b7680906187a4c12a0328977d8af4e98e7b1b94781,{}
9c2abc6bb513fcca9e0ffa2d,Email verified,E-post verifierad,Bitwarden,sv-bitwarden-mobile-full-review-20260919,EmailVerified,,project-context,6bc8a2897b40c8739bbd54c3,reviewed-receipt,https://github.com/yeager/translations/blob/67e6d27877c9cfd6b6dbc74bd852b10bdbe09c3c/Bitwarden/sv-bitwarden-mobile-full-review-20260919.json,4e3887d6b78b4b084fa488b7680906187a4c12a0328977d8af4e98e7b1b94781,{}
9c549d83826f5dbcc972957d,Pending cancellation,Avbokning väntar,Bitwarden,sv-bitwarden-mobile-full-review-20260919,subscription_status_pending_cancellation,,project-context,4d0df0698566d4a5c5028db1,reviewed-receipt,https://github.com/yeager/translations/blob/67e6d27877c9cfd6b6dbc74bd852b10bdbe09c3c/Bitwarden/sv-bitwarden-mobile-full-review-20260919.json,4e3887d6b78b4b084fa488b7680906187a4c12a0328977d8af4e98e7b1b94781,{}
9c83efb10639bdd9e047299c,Shared,Delad,Bitwarden,sv-bitwarden-mobile-full-review-20260919,Shared,,project-context,c277bdea2063f9410ac91f24,reviewed-receipt,https://github.com/yeager/translations/blob/67e6d27877c9cfd6b6dbc74bd852b10bdbe09c3c/Bitwarden/sv-bitwarden-mobile-full-review-20260919.json,4e3887d6b78b4b084fa488b7680906187a4c12a0328977d8af4e98e7b1b94781,{}
9cada11bcf0d309d21cca421,This item is archived.,Detta objekt är arkiverat.,Bitwarden,sv-bitwarden-mobile-full-review-20260919,this_item_is_archived,,project-context,8eeced0915f1d2f69cb8046a,reviewed-receipt,https://github.com/yeager/translations/blob/67e6d27877c9cfd6b6dbc74bd852b10bdbe09c3c/Bitwarden/sv-bitwarden-mobile-full-review-20260919.json,4e3887d6b78b4b084fa488b7680906187a4c12a0328977d8af4e98e7b1b94781,{}
9cbff86b8bbad84f5ea04d5d,Folder saved,Mappen uppdaterades,Bitwarden,sv-bitwarden-mobile-full-review-20260919,folder_updated,,project-context,0905e3d2c328fb8e94cc1682,reviewed-receipt,https://github.com/yeager/translations/blob/67e6d27877c9cfd6b6dbc74bd852b10bdbe09c3c/Bitwarden/sv-bitwarden-mobile-full-review-20260919.json,4e3887d6b78b4b084fa488b7680906187a4c12a0328977d8af4e98e7b1b94781,{}
9ceb21f9c510fe87d82ed612,Item saved,Objekt sparat,Bitwarden,sv-bitwarden-mobile-full-review-20260919,item_saved,,project-context,a1cea734feef8cda8c63c943,reviewed-receipt,https://github.com/yeager/translations/blob/67e6d27877c9cfd6b6dbc74bd852b10bdbe09c3c/Bitwarden/sv-bitwarden-mobile-full-review-20260919.json,4e3887d6b78b4b084fa488b7680906187a4c12a0328977d8af4e98e7b1b94781,{}
9d4ed194c8603abc29aa4093,Download,Ladda ner,Bitwarden,sv-bitwarden-mobile-full-review-20260919,Download,,project-context,83abc0822a76066c86570796,reviewed-receipt,https://github.com/yeager/translations/blob/67e6d27877c9cfd6b6dbc74bd852b10bdbe09c3c/Bitwarden/sv-bitwarden-mobile-full-review-20260919.json,4e3887d6b78b4b084fa488b7680906187a4c12a0328977d8af4e98e7b1b94781,{}
9d61fbe38c064c29c14d6761,Run reports to find risky passwords,Kör rapporter för att hitta riskfyllda lösenord,Bitwarden,sv-bitwarden-mobile-full-review-20260919,run_reports_to_find_risky_passwords,,project-context,53bf35b4e9ee959b4208214c,reviewed-receipt,https://github.com/yeager/translations/blob/67e6d27877c9cfd6b6dbc74bd852b10bdbe09c3c/Bitwarden/sv-bitwarden-mobile-full-review-20260919.json,4e3887d6b78b4b084fa488b7680906187a4c12a0328977d8af4e98e7b1b94781,{}
9d775a6ea41f60e74b089ec3,Birth place,Födelseort,Bitwarden,sv-bitwarden-mobile-full-review-20260919,birth_place,,project-context,a0440eb5eec9bcb208d20058,reviewed-receipt,https://github.com/yeager/translations/blob/67e6d27877c9cfd6b6dbc74bd852b10bdbe09c3c/Bitwarden/sv-bitwarden-mobile-full-review-20260919.json,4e3887d6b78b4b084fa488b7680906187a4c12a0328977d8af4e98e7b1b94781,{}
9d8658202eb139f6eb27d6b4,Archive,Arkiv,Bitwarden,sv-bitwarden-mobile-full-review-20260919,Archive,,project-context,3edb139dd2a0f5f58abcd5c8,reviewed-receipt,https://github.com/yeager/translations/blob/67e6d27877c9cfd6b6dbc74bd852b10bdbe09c3c/Bitwarden/sv-bitwarden-mobile-full-review-20260919.json,4e3887d6b78b4b084fa488b7680906187a4c12a0328977d8af4e98e7b1b94781,{}
9de1265ec8339a632a8e1953,Clear,Rensa,Bitwarden,sv-bitwarden-mobile-full-review-20260919,clear,,project-context,61bbc642fa109af2aac25448,reviewed-receipt,https://github.com/yeager/translations/blob/67e6d27877c9cfd6b6dbc74bd852b10bdbe09c3c/Bitwarden/sv-bitwarden-mobile-full-review-20260919.json,4e3887d6b78b4b084fa488b7680906187a4c12a0328977d8af4e98e7b1b94781,{}
9dfb638e032a8e7a7f411f4d,Card scanned,Kort skannat,Bitwarden,sv-bitwarden-mobile-full-review-20260919,card_scanned,,project-context,a390b825bbc77c5cbef17b71,reviewed-receipt,https://github.com/yeager/translations/blob/67e6d27877c9cfd6b6dbc74bd852b10bdbe09c3c/Bitwarden/sv-bitwarden-mobile-full-review-20260919.json,4e3887d6b78b4b084fa488b7680906187a4c12a0328977d8af4e98e7b1b94781,{}
9e5ab1cd3c9d184595a8cd32,Accounts,Konton,Bitwarden,sv-bitwarden-mobile-full-review-20260919,Accounts,,project-context,e49a1a83c548e1728b0dc6d3,reviewed-receipt,https://github.com/yeager/translations/blob/67e6d27877c9cfd6b6dbc74bd852b10bdbe09c3c/Bitwarden/sv-bitwarden-mobile-full-review-20260919.json,4e3887d6b78b4b084fa488b7680906187a4c12a0328977d8af4e98e7b1b94781,{}
9e66d0c17875cb7119dbe697,What makes a password strong?,Vad gör ett lösenord starkt?,Bitwarden,sv-bitwarden-mobile-full-review-20260919,WhatMakesAPasswordStrong,,project-context,7a7dea58473598cec02fd30e,reviewed-receipt,https://github.com/yeager/translations/blob/67e6d27877c9cfd6b6dbc74bd852b10bdbe09c3c/Bitwarden/sv-bitwarden-mobile-full-review-20260919.json,4e3887d6b78b4b084fa488b7680906187a4c12a0328977d8af4e98e7b1b94781,{}
9e7e2b724022e3628772102a,Enter key manually,Ange nyckel manuellt,Bitwarden,sv-bitwarden-mobile-full-review-20260919,enter_key_manually,,project-context,9cf80ed0ec64a50358f8273e,reviewed-receipt,https://github.com/yeager/translations/blob/67e6d27877c9cfd6b6dbc74bd852b10bdbe09c3c/Bitwarden/sv-bitwarden-mobile-full-review-20260919.json,4e3887d6b78b4b084fa488b7680906187a4c12a0328977d8af4e98e7b1b94781,{}
9eb01cf381432d30ac6f7a1b,Breeze through 2FA with built-in codes,Klara 2FA enkelt med inbyggda koder,Bitwarden,sv-bitwarden-mobile-full-review-20260919,BreezeThrough2faWithBuiltInCodes,,project-context,519416047633b26584233f28,reviewed-receipt,https://github.com/yeager/translations/blob/67e6d27877c9cfd6b6dbc74bd852b10bdbe09c3c/Bitwarden/sv-bitwarden-mobile-full-review-20260919.json,4e3887d6b78b4b084fa488b7680906187a4c12a0328977d8af4e98e7b1b94781,{}
9ecb995f139760f392e31c27,View passport,Visa pass,Bitwarden,sv-bitwarden-mobile-full-review-20260919,ViewPassport,,project-context,98541c5c81d5af0cd326ff8f,reviewed-receipt,https://github.com/yeager/translations/blob/67e6d27877c9cfd6b6dbc74bd852b10bdbe09c3c/Bitwarden/sv-bitwarden-mobile-full-review-20260919.json,4e3887d6b78b4b084fa488b7680906187a4c12a0328977d8af4e98e7b1b94781,{}
9f19d5e09fa51b33346ac4e1,Prevent account lockout,Förhindra kontoutlåsning,Bitwarden,sv-bitwarden-mobile-full-review-20260919,prevent_account_lockout,,project-context,861bc69490fc2f72e8531cc2,reviewed-receipt,https://github.com/yeager/translations/blob/67e6d27877c9cfd6b6dbc74bd852b10bdbe09c3c/Bitwarden/sv-bitwarden-mobile-full-review-20260919.json,4e3887d6b78b4b084fa488b7680906187a4c12a0328977d8af4e98e7b1b94781,{}
9f2ba7bd4f4c0fa8bb37eb9e,Bitwarden help center,Bitwarden Hjälpcenter,Bitwarden,sv-bitwarden-mobile-full-review-20260919,BitwardenHelpCenter,,project-context,eacfec359f26119d25ed1075,reviewed-receipt,https://github.com/yeager/translations/blob/67e6d27877c9cfd6b6dbc74bd852b10bdbe09c3c/Bitwarden/sv-bitwarden-mobile-full-review-20260919.json,4e3887d6b78b4b084fa488b7680906187a4c12a0328977d8af4e98e7b1b94781,{}
9f4eb7ef3295d112f2913c60,Settings,Inställningar,Bitwarden,sv-bitwarden-mobile-full-review-20260919,settings,,project-context,586d5f6f6ae177eb26a1a497,reviewed-receipt,https://github.com/yeager/translations/blob/67e6d27877c9cfd6b6dbc74bd852b10bdbe09c3c/Bitwarden/sv-bitwarden-mobile-full-review-20260919.json,4e3887d6b78b4b084fa488b7680906187a4c12a0328977d8af4e98e7b1b94781,{}
9f8778d37ed36de8deabec7d,Cannot read key.,Kan inte läsa nyckel.,Bitwarden,sv-bitwarden-mobile-full-review-20260919,KeyReadError,,project-context,d1055c57d37375b7dc959f1e,reviewed-receipt,https://github.com/yeager/translations/blob/67e6d27877c9cfd6b6dbc74bd852b10bdbe09c3c/Bitwarden/sv-bitwarden-mobile-full-review-20260919.json,4e3887d6b78b4b084fa488b7680906187a4c12a0328977d8af4e98e7b1b94781,{}
9fcb81c988f6e2cbdca25788,Your account has been permanently deleted,Ditt konto har raderats permanent,Bitwarden,sv-bitwarden-mobile-full-review-20260919,YourAccountHasBeenPermanentlyDeleted,,project-context,8ab8eb55aac18755b4b22fae,reviewed-receipt,https://github.com/yeager/translations/blob/67e6d27877c9cfd6b6dbc74bd852b10bdbe09c3c/Bitwarden/sv-bitwarden-mobile-full-review-20260919.json,4e3887d6b78b4b084fa488b7680906187a4c12a0328977d8af4e98e7b1b94781,{}
a022ce66750de87cc210e792,Connect to Watch,Anslut till Watch,Bitwarden,sv-bitwarden-mobile-full-review-20260919,ConnectToWatch,,project-context,f70414c7a08e92b7ad65dc1b,reviewed-receipt,https://github.com/yeager/translations/blob/67e6d27877c9cfd6b6dbc74bd852b10bdbe09c3c/Bitwarden/sv-bitwarden-mobile-full-review-20260919.json,4e3887d6b78b4b084fa488b7680906187a4c12a0328977d8af4e98e7b1b94781,{}
a03998a6816211937dd5fab0,Edit bank account,Redigera bankkonto,Bitwarden,sv-bitwarden-mobile-full-review-20260919,EditBankAccount,,project-context,d9573959308c3d2ad5c235a1,reviewed-receipt,https://github.com/yeager/translations/blob/67e6d27877c9cfd6b6dbc74bd852b10bdbe09c3c/Bitwarden/sv-bitwarden-mobile-full-review-20260919.json,4e3887d6b78b4b084fa488b7680906187a4c12a0328977d8af4e98e7b1b94781,{}
a07d98c1150b5bd66dfc8ccd,Get Help,Få hjälp,Bitwarden,sv-bitwarden-mobile-full-review-20260919,get_help,,project-context,eb9ec7b0f1ac2edc5710c3f2,reviewed-receipt,https://github.com/yeager/translations/blob/67e6d27877c9cfd6b6dbc74bd852b10bdbe09c3c/Bitwarden/sv-bitwarden-mobile-full-review-20260919.json,4e3887d6b78b4b084fa488b7680906187a4c12a0328977d8af4e98e7b1b94781,{}
a0c8bc26c07b1c874fcae5d3,View license,Visa licens,Bitwarden,sv-bitwarden-mobile-full-review-20260919,ViewLicense,,project-context,9bffa8f8d808291f15aafbd4,reviewed-receipt,https://github.com/yeager/translations/blob/67e6d27877c9cfd6b6dbc74bd852b10bdbe09c3c/Bitwarden/sv-bitwarden-mobile-full-review-20260919.json,4e3887d6b78b4b084fa488b7680906187a4c12a0328977d8af4e98e7b1b94781,{}
a1254ce0cdd04db57b05b084,New around here?,Är du ny här?,Bitwarden,sv-bitwarden-mobile-full-review-20260919,NewAroundHere,,project-context,ae25efafe8179382af57153a,reviewed-receipt,https://github.com/yeager/translations/blob/67e6d27877c9cfd6b6dbc74bd852b10bdbe09c3c/Bitwarden/sv-bitwarden-mobile-full-review-20260919.json,4e3887d6b78b4b084fa488b7680906187a4c12a0328977d8af4e98e7b1b94781,{}
a12897072e4023954fc8a742,December,december,Bitwarden,sv-bitwarden-mobile-full-review-20260919,December,,project-context,d13c0b366c9d5e2974f17133,reviewed-receipt,https://github.com/yeager/translations/blob/67e6d27877c9cfd6b6dbc74bd852b10bdbe09c3c/Bitwarden/sv-bitwarden-mobile-full-review-20260919.json,4e3887d6b78b4b084fa488b7680906187a4c12a0328977d8af4e98e7b1b94781,{}
a129f623aaf23dcbb1fcf93d,per year,per år,Bitwarden,sv-bitwarden-mobile-full-review-20260919,PerYearVoiceOver,,project-context,8a6ba867de3d5c1fe5782483,reviewed-receipt,https://github.com/yeager/translations/blob/67e6d27877c9cfd6b6dbc74bd852b10bdbe09c3c/Bitwarden/sv-bitwarden-mobile-full-review-20260919.json,4e3887d6b78b4b084fa488b7680906187a4c12a0328977d8af4e98e7b1b94781,{}
a1602e4c6da1e57dfcdb8d6e,Change the application’s color theme.,Ändra applikationens färgtema.,Bitwarden,sv-bitwarden-mobile-full-review-20260919,ThemeDescription,,project-context,2837da80986048c4a24c7ac4,reviewed-receipt,https://github.com/yeager/translations/blob/67e6d27877c9cfd6b6dbc74bd852b10bdbe09c3c/Bitwarden/sv-bitwarden-mobile-full-review-20260919.json,4e3887d6b78b4b084fa488b7680906187a4c12a0328977d8af4e98e7b1b94781,{}
a17bce3eeb8ccf45b826ede7,Number of words,Antal ord,Bitwarden,sv-bitwarden-mobile-full-review-20260919,NumberOfWords,,project-context,5139046ce799ed2d103df0e6,reviewed-receipt,https://github.com/yeager/translations/blob/67e6d27877c9cfd6b6dbc74bd852b10bdbe09c3c/Bitwarden/sv-bitwarden-mobile-full-review-20260919.json,4e3887d6b78b4b084fa488b7680906187a4c12a0328977d8af4e98e7b1b94781,{}
a181d8a1a41b981d5a76a0e1,All,Alla,Bitwarden,sv-bitwarden-mobile-full-review-20260919,all,,project-context,b02baa8021a938fcd7c22469,reviewed-receipt,https://github.com/yeager/translations/blob/67e6d27877c9cfd6b6dbc74bd852b10bdbe09c3c/Bitwarden/sv-bitwarden-mobile-full-review-20260919.json,4e3887d6b78b4b084fa488b7680906187a4c12a0328977d8af4e98e7b1b94781,{}
a19231df8fd932a1e55fdf3d,Secure note,Säker anteckning,Bitwarden,sv-bitwarden-mobile-full-review-20260919,TypeSecureNote,,project-context,f8683a4592852eb03a335275,reviewed-receipt,https://github.com/yeager/translations/blob/67e6d27877c9cfd6b6dbc74bd852b10bdbe09c3c/Bitwarden/sv-bitwarden-mobile-full-review-20260919.json,4e3887d6b78b4b084fa488b7680906187a4c12a0328977d8af4e98e7b1b94781,{}
a194ce0621836a6c97cf9b74,Introducing archive,Introducerar arkiv,Bitwarden,sv-bitwarden-mobile-full-review-20260919,introducing_archive,,project-context,107804c1521549faceca06e4,reviewed-receipt,https://github.com/yeager/translations/blob/67e6d27877c9cfd6b6dbc74bd852b10bdbe09c3c/Bitwarden/sv-bitwarden-mobile-full-review-20260919.json,4e3887d6b78b4b084fa488b7680906187a4c12a0328977d8af4e98e7b1b94781,{}
a1d0bb17ff4c10b31119ba75,20 seconds,20 sekunder,Bitwarden,sv-bitwarden-mobile-full-review-20260919,twenty_seconds,,project-context,20723f8b0cdc9d2d36d363fc,reviewed-receipt,https://github.com/yeager/translations/blob/67e6d27877c9cfd6b6dbc74bd852b10bdbe09c3c/Bitwarden/sv-bitwarden-mobile-full-review-20260919.json,4e3887d6b78b4b084fa488b7680906187a4c12a0328977d8af4e98e7b1b94781,{}
a1f73b1d6043d9318163620e,Mx,Vederbörande,Bitwarden,sv-bitwarden-mobile-full-review-20260919,mx,,project-context,0a56365a9670d5fb7cc6d3c8,reviewed-receipt,https://github.com/yeager/translations/blob/67e6d27877c9cfd6b6dbc74bd852b10bdbe09c3c/Bitwarden/sv-bitwarden-mobile-full-review-20260919.json,4e3887d6b78b4b084fa488b7680906187a4c12a0328977d8af4e98e7b1b94781,{}
a200646f2e300082931c9b24,Create a hint,Skapa en ledtråd,Bitwarden,sv-bitwarden-mobile-full-review-20260919,create_a_hint,,project-context,2cfd234861899c8b319a9bc9,reviewed-receipt,https://github.com/yeager/translations/blob/67e6d27877c9cfd6b6dbc74bd852b10bdbe09c3c/Bitwarden/sv-bitwarden-mobile-full-review-20260919.json,4e3887d6b78b4b084fa488b7680906187a4c12a0328977d8af4e98e7b1b94781,{}
a20728bf08d51b04d0abd6fb,Linked,Länkad,Bitwarden,sv-bitwarden-mobile-full-review-20260919,FieldTypeLinked,,project-context,39ee1cd199f323087a946db7,reviewed-receipt,https://github.com/yeager/translations/blob/67e6d27877c9cfd6b6dbc74bd852b10bdbe09c3c/Bitwarden/sv-bitwarden-mobile-full-review-20260919.json,4e3887d6b78b4b084fa488b7680906187a4c12a0328977d8af4e98e7b1b94781,{}
a230e7afcddc11575ff59f8f,Generate crash,Generera krasch,Bitwarden,sv-bitwarden-mobile-full-review-20260919,GenerateCrash,,project-context,7ac91e2c0c9aa8003373a8ba,reviewed-receipt,https://github.com/yeager/translations/blob/67e6d27877c9cfd6b6dbc74bd852b10bdbe09c3c/Bitwarden/sv-bitwarden-mobile-full-review-20260919.json,4e3887d6b78b4b084fa488b7680906187a4c12a0328977d8af4e98e7b1b94781,{}
a235ff6c021b57f82ce1e22b,Emergency access,Nödåtkomst,Bitwarden,sv-bitwarden-mobile-full-review-20260919,emergency_access,,project-context,6bedfd5b775218fcb3b47f74,reviewed-receipt,https://github.com/yeager/translations/blob/67e6d27877c9cfd6b6dbc74bd852b10bdbe09c3c/Bitwarden/sv-bitwarden-mobile-full-review-20260919.json,4e3887d6b78b4b084fa488b7680906187a4c12a0328977d8af4e98e7b1b94781,{}
a247c863d962e3eafc07b2a0,Custom field name,Anpassat fältnamn,Bitwarden,sv-bitwarden-mobile-full-review-20260919,CustomFieldName,,project-context,eb33216346216132e6410bdf,reviewed-receipt,https://github.com/yeager/translations/blob/67e6d27877c9cfd6b6dbc74bd852b10bdbe09c3c/Bitwarden/sv-bitwarden-mobile-full-review-20260919.json,4e3887d6b78b4b084fa488b7680906187a4c12a0328977d8af4e98e7b1b94781,{}
a2aa34d3b9ff3c14f8474359,SSH keys,SSH-nycklar,Bitwarden,sv-bitwarden-mobile-full-review-20260919,SSHKeys,,project-context,bfa84c291e75f33a5a4d6daa,reviewed-receipt,https://github.com/yeager/translations/blob/67e6d27877c9cfd6b6dbc74bd852b10bdbe09c3c/Bitwarden/sv-bitwarden-mobile-full-review-20260919.json,4e3887d6b78b4b084fa488b7680906187a4c12a0328977d8af4e98e7b1b94781,{}
a2d17ea8b6e8d47ab45943ac,Copy middle name,Kopiera mellannamn,Bitwarden,sv-bitwarden-mobile-full-review-20260919,copy_middle_name,,project-context,040bbca966bd3632548f4602,reviewed-receipt,https://github.com/yeager/translations/blob/67e6d27877c9cfd6b6dbc74bd852b10bdbe09c3c/Bitwarden/sv-bitwarden-mobile-full-review-20260919.json,4e3887d6b78b4b084fa488b7680906187a4c12a0328977d8af4e98e7b1b94781,{}
a2f28c843fa9c5eb05098b28,Identify unsecure websites,Identifiera osäkra webbplatser,Bitwarden,sv-bitwarden-mobile-full-review-20260919,identify_unsecure_websites,,project-context,81354cb4e0d25521a9b302cc,reviewed-receipt,https://github.com/yeager/translations/blob/67e6d27877c9cfd6b6dbc74bd852b10bdbe09c3c/Bitwarden/sv-bitwarden-mobile-full-review-20260919.json,4e3887d6b78b4b084fa488b7680906187a4c12a0328977d8af4e98e7b1b94781,{}
a35cb223f0ad340ccca78357,Strong,Starkt,Bitwarden,sv-bitwarden-mobile-full-review-20260919,Strong,,project-context,e6a26d5e412abc5eaa942c92,reviewed-receipt,https://github.com/yeager/translations/blob/67e6d27877c9cfd6b6dbc74bd852b10bdbe09c3c/Bitwarden/sv-bitwarden-mobile-full-review-20260919.json,4e3887d6b78b4b084fa488b7680906187a4c12a0328977d8af4e98e7b1b94781,{}
a37884a7b5f209bbf024020f,Add license,Lägg till licens,Bitwarden,sv-bitwarden-mobile-full-review-20260919,AddLicense,,project-context,712d2df948fd628af1ab0955,reviewed-receipt,https://github.com/yeager/translations/blob/67e6d27877c9cfd6b6dbc74bd852b10bdbe09c3c/Bitwarden/sv-bitwarden-mobile-full-review-20260919.json,4e3887d6b78b4b084fa488b7680906187a4c12a0328977d8af4e98e7b1b94781,{}
a3995be38774e8b2068b033c,Creating account…,Skapar konto…,Bitwarden,sv-bitwarden-mobile-full-review-20260919,CreatingAccount,,project-context,d662ddee9cb8893253375055,reviewed-receipt,https://github.com/yeager/translations/blob/67e6d27877c9cfd6b6dbc74bd852b10bdbe09c3c/Bitwarden/sv-bitwarden-mobile-full-review-20260919.json,4e3887d6b78b4b084fa488b7680906187a4c12a0328977d8af4e98e7b1b94781,{}
a3c8a95e4b06fbaf5f1b12b5,Import failed,Importen misslyckades,Bitwarden,sv-bitwarden-mobile-full-review-20260919,ImportFailed,,project-context,7b1382dffdc5b97c27b81f6b,reviewed-receipt,https://github.com/yeager/translations/blob/67e6d27877c9cfd6b6dbc74bd852b10bdbe09c3c/Bitwarden/sv-bitwarden-mobile-full-review-20260919.json,4e3887d6b78b4b084fa488b7680906187a4c12a0328977d8af4e98e7b1b94781,{}
a3cb6bf8e6f19e7cf212d3be,Syncing vault with pull down gesture.,Synkronisera valv genom att dra ned.,Bitwarden,sv-bitwarden-mobile-full-review-20260919,enable_sync_on_refresh_description,,project-context,b6e2febb67fa5e281e9d9b65,reviewed-receipt,https://github.com/yeager/translations/blob/67e6d27877c9cfd6b6dbc74bd852b10bdbe09c3c/Bitwarden/sv-bitwarden-mobile-full-review-20260919.json,4e3887d6b78b4b084fa488b7680906187a4c12a0328977d8af4e98e7b1b94781,{}
a3e5e345c2563d59f6671553,Boolean,Boolesk,Bitwarden,sv-bitwarden-mobile-full-review-20260919,FieldTypeBoolean,,project-context,7c6a790d8effba670ba39b3b,reviewed-receipt,https://github.com/yeager/translations/blob/67e6d27877c9cfd6b6dbc74bd852b10bdbe09c3c/Bitwarden/sv-bitwarden-mobile-full-review-20260919.json,4e3887d6b78b4b084fa488b7680906187a4c12a0328977d8af4e98e7b1b94781,{}
a44a783f427466f938d0e78a,App extension,Apptillägg,Bitwarden,sv-bitwarden-mobile-full-review-20260919,AppExtension,,project-context,0688a8bf98307397b6094409,reviewed-receipt,https://github.com/yeager/translations/blob/67e6d27877c9cfd6b6dbc74bd852b10bdbe09c3c/Bitwarden/sv-bitwarden-mobile-full-review-20260919.json,4e3887d6b78b4b084fa488b7680906187a4c12a0328977d8af4e98e7b1b94781,{}
a45fe4b057fd792ac01a7e89,Past 7 days,Senaste 7 dagarna,Bitwarden,sv-bitwarden-mobile-full-review-20260919,past_seven_days,,project-context,fbd56121f2957ce859d95be8,reviewed-receipt,https://github.com/yeager/translations/blob/67e6d27877c9cfd6b6dbc74bd852b10bdbe09c3c/Bitwarden/sv-bitwarden-mobile-full-review-20260919.json,4e3887d6b78b4b084fa488b7680906187a4c12a0328977d8af4e98e7b1b94781,{}
a4610b0029d952e9a545c771,Include number,Inkludera siffra,Bitwarden,sv-bitwarden-mobile-full-review-20260919,include_number,,project-context,1e4ce949acf6cf8f7a44d42f,reviewed-receipt,https://github.com/yeager/translations/blob/67e6d27877c9cfd6b6dbc74bd852b10bdbe09c3c/Bitwarden/sv-bitwarden-mobile-full-review-20260919.json,4e3887d6b78b4b084fa488b7680906187a4c12a0328977d8af4e98e7b1b94781,{}
a47b0ff12afcbb1badd42fe5,Cancel,Avbryt,Bitwarden,sv-bitwarden-mobile-full-review-20260919,Cancel,,project-context,99ea26a1cd82fbaa2c2539e0,reviewed-receipt,https://github.com/yeager/translations/blob/67e6d27877c9cfd6b6dbc74bd852b10bdbe09c3c/Bitwarden/sv-bitwarden-mobile-full-review-20260919.json,4e3887d6b78b4b084fa488b7680906187a4c12a0328977d8af4e98e7b1b94781,{}
a490fff02d4c161982369155,Updating password,Uppdaterar lösenord,Bitwarden,sv-bitwarden-mobile-full-review-20260919,UpdatingPassword,,project-context,ef856ed8631ecf6feeea43e2,reviewed-receipt,https://github.com/yeager/translations/blob/67e6d27877c9cfd6b6dbc74bd852b10bdbe09c3c/Bitwarden/sv-bitwarden-mobile-full-review-20260919.json,4e3887d6b78b4b084fa488b7680906187a4c12a0328977d8af4e98e7b1b94781,{}
a4b42682d3d08d7510e14f87,Custom field name,Anpassat fältnamn,Bitwarden,sv-bitwarden-mobile-full-review-20260919,custom_field_name,,project-context,35374d47ca55896506f3abec,reviewed-receipt,https://github.com/yeager/translations/blob/67e6d27877c9cfd6b6dbc74bd852b10bdbe09c3c/Bitwarden/sv-bitwarden-mobile-full-review-20260919.json,4e3887d6b78b4b084fa488b7680906187a4c12a0328977d8af4e98e7b1b94781,{}
a4ddc35daecd37c6b86557c9,Locked,Låst,Bitwarden,sv-bitwarden-mobile-full-review-20260919,account_locked,,project-context,efadfd76486069eb7ef2f4a7,reviewed-receipt,https://github.com/yeager/translations/blob/67e6d27877c9cfd6b6dbc74bd852b10bdbe09c3c/Bitwarden/sv-bitwarden-mobile-full-review-20260919.json,4e3887d6b78b4b084fa488b7680906187a4c12a0328977d8af4e98e7b1b94781,{}
a4e1c8572fc3789a4a5aa555,No folder,Ingen mapp,Bitwarden,sv-bitwarden-mobile-full-review-20260919,no_folder,,project-context,0b47823a7a9909114f0a8035,reviewed-receipt,https://github.com/yeager/translations/blob/67e6d27877c9cfd6b6dbc74bd852b10bdbe09c3c/Bitwarden/sv-bitwarden-mobile-full-review-20260919.json,4e3887d6b78b4b084fa488b7680906187a4c12a0328977d8af4e98e7b1b94781,{}
a4e98646c8de33e620e705a4,8 hours,8 timmar,Bitwarden,sv-bitwarden-mobile-full-review-20260919,flight_recorder_eight_hours,,project-context,90d9abcfa0a22acb5bf9ac6e,reviewed-receipt,https://github.com/yeager/translations/blob/67e6d27877c9cfd6b6dbc74bd852b10bdbe09c3c/Bitwarden/sv-bitwarden-mobile-full-review-20260919.json,4e3887d6b78b4b084fa488b7680906187a4c12a0328977d8af4e98e7b1b94781,{}
a502d5fc15f10ebb14cd4671,Secure checkout didn’t load,Säker utcheckning laddades inte,Bitwarden,sv-bitwarden-mobile-full-review-20260919,secure_checkout_didnt_load,,project-context,a1e9971e616606ecae42244a,reviewed-receipt,https://github.com/yeager/translations/blob/67e6d27877c9cfd6b6dbc74bd852b10bdbe09c3c/Bitwarden/sv-bitwarden-mobile-full-review-20260919.json,4e3887d6b78b4b084fa488b7680906187a4c12a0328977d8af4e98e7b1b94781,{}
a52281ab966fe5f6d22d29a2,Submitting…,Skickar in…,Bitwarden,sv-bitwarden-mobile-full-review-20260919,submitting,,project-context,e87e80f00f556fcfc5d8ecce,reviewed-receipt,https://github.com/yeager/translations/blob/67e6d27877c9cfd6b6dbc74bd852b10bdbe09c3c/Bitwarden/sv-bitwarden-mobile-full-review-20260919.json,4e3887d6b78b4b084fa488b7680906187a4c12a0328977d8af4e98e7b1b94781,{}
a559ad2eb171ec7b0b2d47cf,Custom fields,Anpassade fält,Bitwarden,sv-bitwarden-mobile-full-review-20260919,CustomFields,,project-context,d5ddd258b48d252d06c88fbb,reviewed-receipt,https://github.com/yeager/translations/blob/67e6d27877c9cfd6b6dbc74bd852b10bdbe09c3c/Bitwarden/sv-bitwarden-mobile-full-review-20260919.json,4e3887d6b78b4b084fa488b7680906187a4c12a0328977d8af4e98e7b1b94781,{}
a56cd7f4be57075844e3e90f,Date of birth,Födelsedatum,Bitwarden,sv-bitwarden-mobile-full-review-20260919,date_of_birth,,project-context,2d3071f8e1f397762789d552,reviewed-receipt,https://github.com/yeager/translations/blob/67e6d27877c9cfd6b6dbc74bd852b10bdbe09c3c/Bitwarden/sv-bitwarden-mobile-full-review-20260919.json,4e3887d6b78b4b084fa488b7680906187a4c12a0328977d8af4e98e7b1b94781,{}
a579a6576d632c9043fb2c4b,Add identity,Lägg till identitet,Bitwarden,sv-bitwarden-mobile-full-review-20260919,add_identity,,project-context,c50ae93e40d7a41a874814df,reviewed-receipt,https://github.com/yeager/translations/blob/67e6d27877c9cfd6b6dbc74bd852b10bdbe09c3c/Bitwarden/sv-bitwarden-mobile-full-review-20260919.json,4e3887d6b78b4b084fa488b7680906187a4c12a0328977d8af4e98e7b1b94781,{}
a5a6285ea84b2ee1ced6410c,Import from Bitwarden,Importera från Bitwarden,Bitwarden,sv-bitwarden-mobile-full-review-20260919,import_from_bitwarden,,project-context,b207165165dcabab61896a38,reviewed-receipt,https://github.com/yeager/translations/blob/67e6d27877c9cfd6b6dbc74bd852b10bdbe09c3c/Bitwarden/sv-bitwarden-mobile-full-review-20260919.json,4e3887d6b78b4b084fa488b7680906187a4c12a0328977d8af4e98e7b1b94781,{}
a5b02d77d9387eae4a11cb0a,Weak Master Password,Svagt huvudlösenord,Bitwarden,sv-bitwarden-mobile-full-review-20260919,weak_master_password,,project-context,481b550b666c6db926adcaa0,reviewed-receipt,https://github.com/yeager/translations/blob/67e6d27877c9cfd6b6dbc74bd852b10bdbe09c3c/Bitwarden/sv-bitwarden-mobile-full-review-20260919.json,4e3887d6b78b4b084fa488b7680906187a4c12a0328977d8af4e98e7b1b94781,{}
a5c798c9ba19ae4efd977c28,Move,Flytta,Bitwarden,sv-bitwarden-mobile-full-review-20260919,move,,project-context,36c5a0d603d627b3a5e8df3f,reviewed-receipt,https://github.com/yeager/translations/blob/67e6d27877c9cfd6b6dbc74bd852b10bdbe09c3c/Bitwarden/sv-bitwarden-mobile-full-review-20260919.json,4e3887d6b78b4b084fa488b7680906187a4c12a0328977d8af4e98e7b1b94781,{}
a60d17be4e746e2fe6ed3a84,Turn on autofill,Aktivera autofyll,Bitwarden,sv-bitwarden-mobile-full-review-20260919,TurnOnAutoFill,,project-context,c1fad444aa183979dc269ecc,reviewed-receipt,https://github.com/yeager/translations/blob/67e6d27877c9cfd6b6dbc74bd852b10bdbe09c3c/Bitwarden/sv-bitwarden-mobile-full-review-20260919.json,4e3887d6b78b4b084fa488b7680906187a4c12a0328977d8af4e98e7b1b94781,{}
a64a40220bbd0d80f5d58c4b,Logging duration,Loggningens varaktighet,Bitwarden,sv-bitwarden-mobile-full-review-20260919,logging_duration,,project-context,0570efb344a7e3e944a51054,reviewed-receipt,https://github.com/yeager/translations/blob/67e6d27877c9cfd6b6dbc74bd852b10bdbe09c3c/Bitwarden/sv-bitwarden-mobile-full-review-20260919.json,4e3887d6b78b4b084fa488b7680906187a4c12a0328977d8af4e98e7b1b94781,{}
a6af00721552d5fa3696b29d,Lock now,Lås nu,Bitwarden,sv-bitwarden-mobile-full-review-20260919,LockNow,,project-context,3208e3a55fd0e28095e6282e,reviewed-receipt,https://github.com/yeager/translations/blob/67e6d27877c9cfd6b6dbc74bd852b10bdbe09c3c/Bitwarden/sv-bitwarden-mobile-full-review-20260919.json,4e3887d6b78b4b084fa488b7680906187a4c12a0328977d8af4e98e7b1b94781,{}
a77515164798b094ce766ced,Additional options,Ytterligare alternativ,Bitwarden,sv-bitwarden-mobile-full-review-20260919,AdditionalOptions,,project-context,6d499f1a7320e3682554e07c,reviewed-receipt,https://github.com/yeager/translations/blob/67e6d27877c9cfd6b6dbc74bd852b10bdbe09c3c/Bitwarden/sv-bitwarden-mobile-full-review-20260919.json,4e3887d6b78b4b084fa488b7680906187a4c12a0328977d8af4e98e7b1b94781,{}
a77977e4dfe99bd80755b5cc,Required Information Missing,Nödvändig information saknas,Bitwarden,sv-bitwarden-mobile-full-review-20260919,required_information_missing,,project-context,30f6df8e1c1c4665e64e57b6,reviewed-receipt,https://github.com/yeager/translations/blob/67e6d27877c9cfd6b6dbc74bd852b10bdbe09c3c/Bitwarden/sv-bitwarden-mobile-full-review-20260919.json,4e3887d6b78b4b084fa488b7680906187a4c12a0328977d8af4e98e7b1b94781,{}
a7cb1f26a956e35ec94d32d9,Invalid password,Ogiltigt lösenord,Bitwarden,sv-bitwarden-mobile-full-review-20260919,master_password_policy_validation_title,,project-context,253756f3df4f1547060f3aaf,reviewed-receipt,https://github.com/yeager/translations/blob/67e6d27877c9cfd6b6dbc74bd852b10bdbe09c3c/Bitwarden/sv-bitwarden-mobile-full-review-20260919.json,4e3887d6b78b4b084fa488b7680906187a4c12a0328977d8af4e98e7b1b94781,{}
a7d903a1efa38e168ed4a926,Close,Stäng,Bitwarden,sv-bitwarden-mobile-full-review-20260919,Close,,project-context,58b470a51bf495d05f3d8e8d,reviewed-receipt,https://github.com/yeager/translations/blob/67e6d27877c9cfd6b6dbc74bd852b10bdbe09c3c/Bitwarden/sv-bitwarden-mobile-full-review-20260919.json,4e3887d6b78b4b084fa488b7680906187a4c12a0328977d8af4e98e7b1b94781,{}
a820155203faeebdcdcefa0f,Generate username,Generera användarnamn,Bitwarden,sv-bitwarden-mobile-full-review-20260919,GenerateUsername,,project-context,4b827d8d2f0d882aee35cfd2,reviewed-receipt,https://github.com/yeager/translations/blob/67e6d27877c9cfd6b6dbc74bd852b10bdbe09c3c/Bitwarden/sv-bitwarden-mobile-full-review-20260919.json,4e3887d6b78b4b084fa488b7680906187a4c12a0328977d8af4e98e7b1b94781,{}
a82676f071079c11cb973e0e,Identity name,Identitetsnamn,Bitwarden,sv-bitwarden-mobile-full-review-20260919,IdentityName,,project-context,e7d364b2881e638fed353704,reviewed-receipt,https://github.com/yeager/translations/blob/67e6d27877c9cfd6b6dbc74bd852b10bdbe09c3c/Bitwarden/sv-bitwarden-mobile-full-review-20260919.json,4e3887d6b78b4b084fa488b7680906187a4c12a0328977d8af4e98e7b1b94781,{}
a82bdcb85271dffb2b32d201,Copy bank contact phone,Kopiera bankens kontakttelefon,Bitwarden,sv-bitwarden-mobile-full-review-20260919,copy_bank_contact_phone,,project-context,f35e7ff7b24fc5d8b2e6d5af,reviewed-receipt,https://github.com/yeager/translations/blob/67e6d27877c9cfd6b6dbc74bd852b10bdbe09c3c/Bitwarden/sv-bitwarden-mobile-full-review-20260919.json,4e3887d6b78b4b084fa488b7680906187a4c12a0328977d8af4e98e7b1b94781,{}
a8cdac2db117ffaa48f3144a,Edit note,Redigera anteckning,Bitwarden,sv-bitwarden-mobile-full-review-20260919,edit_note,,project-context,6261eb3c6e8a0bd98f10fa81,reviewed-receipt,https://github.com/yeager/translations/blob/67e6d27877c9cfd6b6dbc74bd852b10bdbe09c3c/Bitwarden/sv-bitwarden-mobile-full-review-20260919.json,4e3887d6b78b4b084fa488b7680906187a4c12a0328977d8af4e98e7b1b94781,{}
a955343b0156983417985d37,Verification code (TOTP),Verifieringskod (TOTP),Bitwarden,sv-bitwarden-mobile-full-review-20260919,VerificationCodeTotp,,project-context,507e9ab4459cb11b7266f228,reviewed-receipt,https://github.com/yeager/translations/blob/67e6d27877c9cfd6b6dbc74bd852b10bdbe09c3c/Bitwarden/sv-bitwarden-mobile-full-review-20260919.json,4e3887d6b78b4b084fa488b7680906187a4c12a0328977d8af4e98e7b1b94781,{}
a9a64c0d3bb1181c121162fd,New custom field,Nytt anpassat fält,Bitwarden,sv-bitwarden-mobile-full-review-20260919,NewCustomField,,project-context,d94ab8e37e276329db6543f3,reviewed-receipt,https://github.com/yeager/translations/blob/67e6d27877c9cfd6b6dbc74bd852b10bdbe09c3c/Bitwarden/sv-bitwarden-mobile-full-review-20260919.json,4e3887d6b78b4b084fa488b7680906187a4c12a0328977d8af4e98e7b1b94781,{}
a9ab2826670a8f610c8f9f2c,Unable to download file.,Det gick inte att hämta filen.,Bitwarden,sv-bitwarden-mobile-full-review-20260919,UnableToDownloadFile,,project-context,50884f04d427d33462bb1bec,reviewed-receipt,https://github.com/yeager/translations/blob/67e6d27877c9cfd6b6dbc74bd852b10bdbe09c3c/Bitwarden/sv-bitwarden-mobile-full-review-20260919.json,4e3887d6b78b4b084fa488b7680906187a4c12a0328977d8af4e98e7b1b94781,{}
a9af87700cb39515a2d5b9c5,Username type,Typ av användarnamn,Bitwarden,sv-bitwarden-mobile-full-review-20260919,username_type,,project-context,8ab32d35cb88669f498f676f,reviewed-receipt,https://github.com/yeager/translations/blob/67e6d27877c9cfd6b6dbc74bd852b10bdbe09c3c/Bitwarden/sv-bitwarden-mobile-full-review-20260919.json,4e3887d6b78b4b084fa488b7680906187a4c12a0328977d8af4e98e7b1b94781,{}
a9eff9f4363d3060ba283a22,Logged out,Utloggad,Bitwarden,sv-bitwarden-mobile-full-review-20260919,AccountLoggedOut,,project-context,19a1ac41ce7e3749d9878e69,reviewed-receipt,https://github.com/yeager/translations/blob/67e6d27877c9cfd6b6dbc74bd852b10bdbe09c3c/Bitwarden/sv-bitwarden-mobile-full-review-20260919.json,4e3887d6b78b4b084fa488b7680906187a4c12a0328977d8af4e98e7b1b94781,{}
aa33106d0dfb8574086cb2c4,Launch Duo,Starta Duo,Bitwarden,sv-bitwarden-mobile-full-review-20260919,LaunchDuo,,project-context,b8e1c4daae2983e8afc023ec,reviewed-receipt,https://github.com/yeager/translations/blob/67e6d27877c9cfd6b6dbc74bd852b10bdbe09c3c/Bitwarden/sv-bitwarden-mobile-full-review-20260919.json,4e3887d6b78b4b084fa488b7680906187a4c12a0328977d8af4e98e7b1b94781,{}
aa3f8e1f5641c45333fd0ddb,Master password (required),Huvudlösenord (obligatoriskt),Bitwarden,sv-bitwarden-mobile-full-review-20260919,MasterPasswordRequired,,project-context,1e399384ad03cb76cc447693,reviewed-receipt,https://github.com/yeager/translations/blob/67e6d27877c9cfd6b6dbc74bd852b10bdbe09c3c/Bitwarden/sv-bitwarden-mobile-full-review-20260919.json,4e3887d6b78b4b084fa488b7680906187a4c12a0328977d8af4e98e7b1b94781,{}
aa60f9798bc16c5ddca79f9b,Confirm export,Bekräfta export,Bitwarden,sv-bitwarden-mobile-full-review-20260919,export_confirmation_title,,project-context,2318698d0c23da9637239a3b,reviewed-receipt,https://github.com/yeager/translations/blob/67e6d27877c9cfd6b6dbc74bd852b10bdbe09c3c/Bitwarden/sv-bitwarden-mobile-full-review-20260919.json,4e3887d6b78b4b084fa488b7680906187a4c12a0328977d8af4e98e7b1b94781,{}
aa73af466fac1b297461c269,Who can view,Vem kan se,Bitwarden,sv-bitwarden-mobile-full-review-20260919,who_can_view,,project-context,bf60f8826a25ff337317a38a,reviewed-receipt,https://github.com/yeager/translations/blob/67e6d27877c9cfd6b6dbc74bd852b10bdbe09c3c/Bitwarden/sv-bitwarden-mobile-full-review-20260919.json,4e3887d6b78b4b084fa488b7680906187a4c12a0328977d8af4e98e7b1b94781,{}
aaaf64cf5585d01aef8a8507,User verification for passkey,Användarverifiering för inloggningsnyckel,Bitwarden,sv-bitwarden-mobile-full-review-20260919,UserVerificationForPasskey,,project-context,ddafc9d86e9ad157cc16a462,reviewed-receipt,https://github.com/yeager/translations/blob/67e6d27877c9cfd6b6dbc74bd852b10bdbe09c3c/Bitwarden/sv-bitwarden-mobile-full-review-20260919.json,4e3887d6b78b4b084fa488b7680906187a4c12a0328977d8af4e98e7b1b94781,{}
aac44840cae22d129c20e47c,Restart Premium,Starta om Premium,Bitwarden,sv-bitwarden-mobile-full-review-20260919,restart_premium,,project-context,8b7154271fd950ba7b15328c,reviewed-receipt,https://github.com/yeager/translations/blob/67e6d27877c9cfd6b6dbc74bd852b10bdbe09c3c/Bitwarden/sv-bitwarden-mobile-full-review-20260919.json,4e3887d6b78b4b084fa488b7680906187a4c12a0328977d8af4e98e7b1b94781,{}
aad0ad6e6e7cae98ee9bf87b,Decline and leave,Avböj och lämna,Bitwarden,sv-bitwarden-mobile-full-review-20260919,decline_and_leave,,project-context,4bf85d7e7ca522e237dd442d,reviewed-receipt,https://github.com/yeager/translations/blob/67e6d27877c9cfd6b6dbc74bd852b10bdbe09c3c/Bitwarden/sv-bitwarden-mobile-full-review-20260919.json,4e3887d6b78b4b084fa488b7680906187a4c12a0328977d8af4e98e7b1b94781,{}
ab18ed8dd524703f4af168b6,Return to app,Återvänd till app,Bitwarden,sv-bitwarden-mobile-full-review-20260919,Fido2ReturnToApp,,project-context,bb48f4cd3724b75a61aa1881,reviewed-receipt,https://github.com/yeager/translations/blob/67e6d27877c9cfd6b6dbc74bd852b10bdbe09c3c/Bitwarden/sv-bitwarden-mobile-full-review-20260919.json,4e3887d6b78b4b084fa488b7680906187a4c12a0328977d8af4e98e7b1b94781,{}
ab26c44a59b128aacfb7fa31,Opens date picker,Öppnar datumväljaren,Bitwarden,sv-bitwarden-mobile-full-review-20260919,OpensDatePicker,,project-context,c3c0d8ac9523a51bc8397c56,reviewed-receipt,https://github.com/yeager/translations/blob/67e6d27877c9cfd6b6dbc74bd852b10bdbe09c3c/Bitwarden/sv-bitwarden-mobile-full-review-20260919.json,4e3887d6b78b4b084fa488b7680906187a4c12a0328977d8af4e98e7b1b94781,{}
ab3bfd1bfa27edc07f67793a,"OK, got it!","OK, jag förstår!",Bitwarden,sv-bitwarden-mobile-full-review-20260919,OKGotIt,,project-context,9fb9696ba6b509f1021d57a2,reviewed-receipt,https://github.com/yeager/translations/blob/67e6d27877c9cfd6b6dbc74bd852b10bdbe09c3c/Bitwarden/sv-bitwarden-mobile-full-review-20260919.json,4e3887d6b78b4b084fa488b7680906187a4c12a0328977d8af4e98e7b1b94781,{}
ab71a98a0c50a80d73384ada,Master password re-prompt help,Återupprepa huvudlösenord hjälp,Bitwarden,sv-bitwarden-mobile-full-review-20260919,MasterPasswordRePromptHelp,,project-context,d4582422dbb8431cbea0fb54,reviewed-receipt,https://github.com/yeager/translations/blob/67e6d27877c9cfd6b6dbc74bd852b10bdbe09c3c/Bitwarden/sv-bitwarden-mobile-full-review-20260919.json,4e3887d6b78b4b084fa488b7680906187a4c12a0328977d8af4e98e7b1b94781,{}
ab9db6024f440d041020b9fe,Approve with master password,Godkänn med huvudlösenord,Bitwarden,sv-bitwarden-mobile-full-review-20260919,approve_with_master_password,,project-context,e641517846ba2c443169411a,reviewed-receipt,https://github.com/yeager/translations/blob/67e6d27877c9cfd6b6dbc74bd852b10bdbe09c3c/Bitwarden/sv-bitwarden-mobile-full-review-20260919.json,4e3887d6b78b4b084fa488b7680906187a4c12a0328977d8af4e98e7b1b94781,{}
ab9e2b61df05054f3975119c,Edit,Redigera,Bitwarden,sv-bitwarden-mobile-full-review-20260919,edit,,project-context,64aafc8a8aafe2a17d419ac4,reviewed-receipt,https://github.com/yeager/translations/blob/67e6d27877c9cfd6b6dbc74bd852b10bdbe09c3c/Bitwarden/sv-bitwarden-mobile-full-review-20260919.json,4e3887d6b78b4b084fa488b7680906187a4c12a0328977d8af4e98e7b1b94781,{}
ab9e35dd6b7d520655127aab,Unlock with PIN code,Lås upp med PIN-kod,Bitwarden,sv-bitwarden-mobile-full-review-20260919,UnlockWithPIN,,project-context,550e0c8ff32faa036b788f6d,reviewed-receipt,https://github.com/yeager/translations/blob/67e6d27877c9cfd6b6dbc74bd852b10bdbe09c3c/Bitwarden/sv-bitwarden-mobile-full-review-20260919.json,4e3887d6b78b4b084fa488b7680906187a4c12a0328977d8af4e98e7b1b94781,{}
abadb78da38a00cab0df7932,Your account’s fingerprint phrase,Ditt kontos fingeravtrycksfras,Bitwarden,sv-bitwarden-mobile-full-review-20260919,your_accounts_fingerprint,,project-context,4e02f6b9d87bc3e5a372516d,reviewed-receipt,https://github.com/yeager/translations/blob/67e6d27877c9cfd6b6dbc74bd852b10bdbe09c3c/Bitwarden/sv-bitwarden-mobile-full-review-20260919.json,4e3887d6b78b4b084fa488b7680906187a4c12a0328977d8af4e98e7b1b94781,{}
abcc05a9013f41934128f22d,Continue without syncing,Fortsätt utan att synkronisera,Bitwarden,sv-bitwarden-mobile-full-review-20260919,continue_without_syncing,,project-context,f2cb083da76f669c2a2de302,reviewed-receipt,https://github.com/yeager/translations/blob/67e6d27877c9cfd6b6dbc74bd852b10bdbe09c3c/Bitwarden/sv-bitwarden-mobile-full-review-20260919.json,4e3887d6b78b4b084fa488b7680906187a4c12a0328977d8af4e98e7b1b94781,{}
abe576e5bc25a862df08b8bb,Trust,Förtroende,Bitwarden,sv-bitwarden-mobile-full-review-20260919,trust,,project-context,59c6ba2911e9b4e4bd96e3d8,reviewed-receipt,https://github.com/yeager/translations/blob/67e6d27877c9cfd6b6dbc74bd852b10bdbe09c3c/Bitwarden/sv-bitwarden-mobile-full-review-20260919.json,4e3887d6b78b4b084fa488b7680906187a4c12a0328977d8af4e98e7b1b94781,{}
abec6a6658009ea68c1afce3,Vault,Valv,Bitwarden,sv-bitwarden-mobile-full-review-20260919,Vault,,project-context,b59f972944656a53c1150482,reviewed-receipt,https://github.com/yeager/translations/blob/67e6d27877c9cfd6b6dbc74bd852b10bdbe09c3c/Bitwarden/sv-bitwarden-mobile-full-review-20260919.json,4e3887d6b78b4b084fa488b7680906187a4c12a0328977d8af4e98e7b1b94781,{}
ac0751bc8a9fee8574449cee,Extension activated!,Tillägg aktiverat!,Bitwarden,sv-bitwarden-mobile-full-review-20260919,ExtensionActivated,,project-context,1f61bf21bbe2ad51b525fd28,reviewed-receipt,https://github.com/yeager/translations/blob/67e6d27877c9cfd6b6dbc74bd852b10bdbe09c3c/Bitwarden/sv-bitwarden-mobile-full-review-20260919.json,4e3887d6b78b4b084fa488b7680906187a4c12a0328977d8af4e98e7b1b94781,{}
ac26eee2bde11846f348eb7b,Send name (required),Skicka namn (obligatoriskt),Bitwarden,sv-bitwarden-mobile-full-review-20260919,SendNameRequired,,project-context,6b5c1bc1efd7c52868716868,reviewed-receipt,https://github.com/yeager/translations/blob/67e6d27877c9cfd6b6dbc74bd852b10bdbe09c3c/Bitwarden/sv-bitwarden-mobile-full-review-20260919.json,4e3887d6b78b4b084fa488b7680906187a4c12a0328977d8af4e98e7b1b94781,{}
ac38c125c639512176ca54b0,Download,Ladda ner,Bitwarden,sv-bitwarden-mobile-full-review-20260919,download,,project-context,3c4ffb8a9ece6602a85dcb34,reviewed-receipt,https://github.com/yeager/translations/blob/67e6d27877c9cfd6b6dbc74bd852b10bdbe09c3c/Bitwarden/sv-bitwarden-mobile-full-review-20260919.json,4e3887d6b78b4b084fa488b7680906187a4c12a0328977d8af4e98e7b1b94781,{}
ac3b0fc318a3a47d88bf3fa3,Approve with my other device,Godkänn med min andra enhet,Bitwarden,sv-bitwarden-mobile-full-review-20260919,ApproveWithMyOtherDevice,,project-context,3ab26971725d8ce694714d4a,reviewed-receipt,https://github.com/yeager/translations/blob/67e6d27877c9cfd6b6dbc74bd852b10bdbe09c3c/Bitwarden/sv-bitwarden-mobile-full-review-20260919.json,4e3887d6b78b4b084fa488b7680906187a4c12a0328977d8af4e98e7b1b94781,{}
ac643fa2f195e64be50eb0a8,Country,Land,Bitwarden,sv-bitwarden-mobile-full-review-20260919,country,,project-context,ba706bdad752ef4c2e8bc725,reviewed-receipt,https://github.com/yeager/translations/blob/67e6d27877c9cfd6b6dbc74bd852b10bdbe09c3c/Bitwarden/sv-bitwarden-mobile-full-review-20260919.json,4e3887d6b78b4b084fa488b7680906187a4c12a0328977d8af4e98e7b1b94781,{}
ac913ecaa05df94d0995c4b2,[error: cannot decrypt],[fel: kan inte dekryptera],Bitwarden,sv-bitwarden-mobile-full-review-20260919,error_cannot_decrypt,,project-context,332f3dc0d03313cd11abe5f2,reviewed-receipt,https://github.com/yeager/translations/blob/67e6d27877c9cfd6b6dbc74bd852b10bdbe09c3c/Bitwarden/sv-bitwarden-mobile-full-review-20260919.json,4e3887d6b78b4b084fa488b7680906187a4c12a0328977d8af4e98e7b1b94781,{}
accd54167e63acd045cc8269,Backup,Säkerhetskopiera,Bitwarden,sv-bitwarden-mobile-full-review-20260919,backup,,project-context,02593f39ff488ebdea594677,reviewed-receipt,https://github.com/yeager/translations/blob/67e6d27877c9cfd6b6dbc74bd852b10bdbe09c3c/Bitwarden/sv-bitwarden-mobile-full-review-20260919.json,4e3887d6b78b4b084fa488b7680906187a4c12a0328977d8af4e98e7b1b94781,{}
ad4b6934ecdddef5048327f1,Default,Standard,Bitwarden,sv-bitwarden-mobile-full-review-20260919,Default,,project-context,e7a01700526101461a562285,reviewed-receipt,https://github.com/yeager/translations/blob/67e6d27877c9cfd6b6dbc74bd852b10bdbe09c3c/Bitwarden/sv-bitwarden-mobile-full-review-20260919.json,4e3887d6b78b4b084fa488b7680906187a4c12a0328977d8af4e98e7b1b94781,{}
ad5dae63ec4cfda84a14002a,Copy password,Kopiera lösenord,Bitwarden,sv-bitwarden-mobile-full-review-20260919,copy_password,,project-context,ac88784228fb413b0cc532aa,reviewed-receipt,https://github.com/yeager/translations/blob/67e6d27877c9cfd6b6dbc74bd852b10bdbe09c3c/Bitwarden/sv-bitwarden-mobile-full-review-20260919.json,4e3887d6b78b4b084fa488b7680906187a4c12a0328977d8af4e98e7b1b94781,{}
ad7b77fe26aa0d4190f1c585,Text to share,Text att dela,Bitwarden,sv-bitwarden-mobile-full-review-20260919,text_to_share,,project-context,174d358330cc6d6fa21b4369,reviewed-receipt,https://github.com/yeager/translations/blob/67e6d27877c9cfd6b6dbc74bd852b10bdbe09c3c/Bitwarden/sv-bitwarden-mobile-full-review-20260919.json,4e3887d6b78b4b084fa488b7680906187a4c12a0328977d8af4e98e7b1b94781,{}
ad8ac788a947cb044a1d14bb,Folders,Mappar,Bitwarden,sv-bitwarden-mobile-full-review-20260919,folders,,project-context,063d4c1987b0e6debf1ed609,reviewed-receipt,https://github.com/yeager/translations/blob/67e6d27877c9cfd6b6dbc74bd852b10bdbe09c3c/Bitwarden/sv-bitwarden-mobile-full-review-20260919.json,4e3887d6b78b4b084fa488b7680906187a4c12a0328977d8af4e98e7b1b94781,{}
adb6015b29107a34fd6cec66,Weak,Svagt,Bitwarden,sv-bitwarden-mobile-full-review-20260919,weak,,project-context,d0c3c72b6d646c588ab90f94,reviewed-receipt,https://github.com/yeager/translations/blob/67e6d27877c9cfd6b6dbc74bd852b10bdbe09c3c/Bitwarden/sv-bitwarden-mobile-full-review-20260919.json,4e3887d6b78b4b084fa488b7680906187a4c12a0328977d8af4e98e7b1b94781,{}
addc47659056e0df2dcd3e1d,Add email,Lägg till e-postadress,Bitwarden,sv-bitwarden-mobile-full-review-20260919,AddEmail,,project-context,2056637f292e692c290f9c49,reviewed-receipt,https://github.com/yeager/translations/blob/67e6d27877c9cfd6b6dbc74bd852b10bdbe09c3c/Bitwarden/sv-bitwarden-mobile-full-review-20260919.json,4e3887d6b78b4b084fa488b7680906187a4c12a0328977d8af4e98e7b1b94781,{}
ae0031a5219ddcccfe4b4865,Master password re-prompt,Återupprepa huvudlösenord,Bitwarden,sv-bitwarden-mobile-full-review-20260919,PasswordPrompt,,project-context,446da836befd8d7e65ed3fd6,reviewed-receipt,https://github.com/yeager/translations/blob/67e6d27877c9cfd6b6dbc74bd852b10bdbe09c3c/Bitwarden/sv-bitwarden-mobile-full-review-20260919.json,4e3887d6b78b4b084fa488b7680906187a4c12a0328977d8af4e98e7b1b94781,{}
ae080592112089be49fa1a20,Password hint,Lösenordsledtråd,Bitwarden,sv-bitwarden-mobile-full-review-20260919,PasswordHint,,project-context,aad438677c78e81e49004db6,reviewed-receipt,https://github.com/yeager/translations/blob/67e6d27877c9cfd6b6dbc74bd852b10bdbe09c3c/Bitwarden/sv-bitwarden-mobile-full-review-20260919.json,4e3887d6b78b4b084fa488b7680906187a4c12a0328977d8af4e98e7b1b94781,{}
ae13a4f376a9b4fe66506292,View,Visa,Bitwarden,sv-bitwarden-mobile-full-review-20260919,View,,project-context,a8dd8072eedbd83760c79176,reviewed-receipt,https://github.com/yeager/translations/blob/67e6d27877c9cfd6b6dbc74bd852b10bdbe09c3c/Bitwarden/sv-bitwarden-mobile-full-review-20260919.json,4e3887d6b78b4b084fa488b7680906187a4c12a0328977d8af4e98e7b1b94781,{}
ae69eace347aa9321c28476b,Capitalize,Versalisera,Bitwarden,sv-bitwarden-mobile-full-review-20260919,Capitalize,,project-context,82457837f0d7697351c38667,reviewed-receipt,https://github.com/yeager/translations/blob/67e6d27877c9cfd6b6dbc74bd852b10bdbe09c3c/Bitwarden/sv-bitwarden-mobile-full-review-20260919.json,4e3887d6b78b4b084fa488b7680906187a4c12a0328977d8af4e98e7b1b94781,{}
ae8bd3eca92a8193ba1f8552,View file Send,Visa fil Skicka,Bitwarden,sv-bitwarden-mobile-full-review-20260919,ViewFileSend,,project-context,a62c9cbb1a88dc89e89d94b6,reviewed-receipt,https://github.com/yeager/translations/blob/67e6d27877c9cfd6b6dbc74bd852b10bdbe09c3c/Bitwarden/sv-bitwarden-mobile-full-review-20260919.json,4e3887d6b78b4b084fa488b7680906187a4c12a0328977d8af4e98e7b1b94781,{}
ae970aab75837973cf6efa00,This request is no longer valid,Denna förfrågan är inte längre giltig,Bitwarden,sv-bitwarden-mobile-full-review-20260919,ThisRequestIsNoLongerValid,,project-context,e0d0cfe51bb6f409c709bb3d,reviewed-receipt,https://github.com/yeager/translations/blob/67e6d27877c9cfd6b6dbc74bd852b10bdbe09c3c/Bitwarden/sv-bitwarden-mobile-full-review-20260919.json,4e3887d6b78b4b084fa488b7680906187a4c12a0328977d8af4e98e7b1b94781,{}
aeb0bb9fae9a187bfe69f15a,Lock,Lås,Bitwarden,sv-bitwarden-mobile-full-review-20260919,lock,,project-context,5f882c68c7a8064f8c89bc4f,reviewed-receipt,https://github.com/yeager/translations/blob/67e6d27877c9cfd6b6dbc74bd852b10bdbe09c3c/Bitwarden/sv-bitwarden-mobile-full-review-20260919.json,4e3887d6b78b4b084fa488b7680906187a4c12a0328977d8af4e98e7b1b94781,{}
aeba9bcb444ad82364c1dd23,Exact,Exakt,Bitwarden,sv-bitwarden-mobile-full-review-20260919,exact,,project-context,8ea533096088a7035d865234,reviewed-receipt,https://github.com/yeager/translations/blob/67e6d27877c9cfd6b6dbc74bd852b10bdbe09c3c/Bitwarden/sv-bitwarden-mobile-full-review-20260919.json,4e3887d6b78b4b084fa488b7680906187a4c12a0328977d8af4e98e7b1b94781,{}
aec016f8bbb5fdbf9e90f7c3,Export your saved logins,Exportera dina sparade inloggningar,Bitwarden,sv-bitwarden-mobile-full-review-20260919,ExportYourSavedLogins,,project-context,55d34df9c3bae1a466431e4e,reviewed-receipt,https://github.com/yeager/translations/blob/67e6d27877c9cfd6b6dbc74bd852b10bdbe09c3c/Bitwarden/sv-bitwarden-mobile-full-review-20260919.json,4e3887d6b78b4b084fa488b7680906187a4c12a0328977d8af4e98e7b1b94781,{}
aec3b772cd126651eb5fd70c,Expired link,Utgången länk,Bitwarden,sv-bitwarden-mobile-full-review-20260919,expired_link,,project-context,9e07fb1a04141a078825a9e3,reviewed-receipt,https://github.com/yeager/translations/blob/67e6d27877c9cfd6b6dbc74bd852b10bdbe09c3c/Bitwarden/sv-bitwarden-mobile-full-review-20260919.json,4e3887d6b78b4b084fa488b7680906187a4c12a0328977d8af4e98e7b1b94781,{}
af0a98c025c3cb83a084b01c,Close app,Stäng app,Bitwarden,sv-bitwarden-mobile-full-review-20260919,close_app,,project-context,7e2ee3ec9221b82a02e3c2a2,reviewed-receipt,https://github.com/yeager/translations/blob/67e6d27877c9cfd6b6dbc74bd852b10bdbe09c3c/Bitwarden/sv-bitwarden-mobile-full-review-20260919.json,4e3887d6b78b4b084fa488b7680906187a4c12a0328977d8af4e98e7b1b94781,{}
af4dc18fd5f7ba98891b6b52,Import not available,Importen är inte tillgänglig,Bitwarden,sv-bitwarden-mobile-full-review-20260919,ImportNotAvailable,,project-context,9d8b0b51047675e008d2657f,reviewed-receipt,https://github.com/yeager/translations/blob/67e6d27877c9cfd6b6dbc74bd852b10bdbe09c3c/Bitwarden/sv-bitwarden-mobile-full-review-20260919.json,4e3887d6b78b4b084fa488b7680906187a4c12a0328977d8af4e98e7b1b94781,{}
af5183b89f3e9a8d08929f96,Your account has been permanently deleted,Ditt konto har raderats permanent,Bitwarden,sv-bitwarden-mobile-full-review-20260919,your_account_has_been_permanently_deleted,,project-context,d0c8884e33415e88cc3802da,reviewed-receipt,https://github.com/yeager/translations/blob/67e6d27877c9cfd6b6dbc74bd852b10bdbe09c3c/Bitwarden/sv-bitwarden-mobile-full-review-20260919.json,4e3887d6b78b4b084fa488b7680906187a4c12a0328977d8af4e98e7b1b94781,{}
af542bfb34f3d3d5cbc5d0e8,February,Februari,Bitwarden,sv-bitwarden-mobile-full-review-20260919,february,,project-context,39a9713d6d117f28e3d4d8d1,reviewed-receipt,https://github.com/yeager/translations/blob/67e6d27877c9cfd6b6dbc74bd852b10bdbe09c3c/Bitwarden/sv-bitwarden-mobile-full-review-20260919.json,4e3887d6b78b4b084fa488b7680906187a4c12a0328977d8af4e98e7b1b94781,{}
af6227ca80d6d24a10838f79,Self-hosted,Lokalt installerad,Bitwarden,sv-bitwarden-mobile-full-review-20260919,SelfHosted,,project-context,5b592cd25bb7e1a7fe9c8490,reviewed-receipt,https://github.com/yeager/translations/blob/67e6d27877c9cfd6b6dbc74bd852b10bdbe09c3c/Bitwarden/sv-bitwarden-mobile-full-review-20260919.json,4e3887d6b78b4b084fa488b7680906187a4c12a0328977d8af4e98e7b1b94781,{}
af8f88723ad48b84c594b559,None,Ingen,Bitwarden,sv-bitwarden-mobile-full-review-20260919,none,,project-context,21cff03c331a355c34abb794,reviewed-receipt,https://github.com/yeager/translations/blob/67e6d27877c9cfd6b6dbc74bd852b10bdbe09c3c/Bitwarden/sv-bitwarden-mobile-full-review-20260919.json,4e3887d6b78b4b084fa488b7680906187a4c12a0328977d8af4e98e7b1b94781,{}
afa541ea123ac426ef2c928e,Delete Send,Radera Skicka,Bitwarden,sv-bitwarden-mobile-full-review-20260919,DeleteSend,,project-context,13c6d9e9c731c73556033149,reviewed-receipt,https://github.com/yeager/translations/blob/67e6d27877c9cfd6b6dbc74bd852b10bdbe09c3c/Bitwarden/sv-bitwarden-mobile-full-review-20260919.json,4e3887d6b78b4b084fa488b7680906187a4c12a0328977d8af4e98e7b1b94781,{}
afaf8fe075efe1095e55b047,Are you trying to log in?,Försöker du logga in?,Bitwarden,sv-bitwarden-mobile-full-review-20260919,AreYouTryingToLogIn,,project-context,644c283da5971235d030ca64,reviewed-receipt,https://github.com/yeager/translations/blob/67e6d27877c9cfd6b6dbc74bd852b10bdbe09c3c/Bitwarden/sv-bitwarden-mobile-full-review-20260919.json,4e3887d6b78b4b084fa488b7680906187a4c12a0328977d8af4e98e7b1b94781,{}
afcfdcad647acd738c4e158a,Unknown device,Okänd enhet,Bitwarden,sv-bitwarden-mobile-full-review-20260919,unknown_device,,project-context,43799e54b7f113c16babcec7,reviewed-receipt,https://github.com/yeager/translations/blob/67e6d27877c9cfd6b6dbc74bd852b10bdbe09c3c/Bitwarden/sv-bitwarden-mobile-full-review-20260919.json,4e3887d6b78b4b084fa488b7680906187a4c12a0328977d8af4e98e7b1b94781,{}
afe443256898a6cdcce42e0b,Import,Importera,Bitwarden,sv-bitwarden-mobile-full-review-20260919,import_vault,,project-context,2aab90a11c436218ccefa135,reviewed-receipt,https://github.com/yeager/translations/blob/67e6d27877c9cfd6b6dbc74bd852b10bdbe09c3c/Bitwarden/sv-bitwarden-mobile-full-review-20260919.json,4e3887d6b78b4b084fa488b7680906187a4c12a0328977d8af4e98e7b1b94781,{}
b016a1728126c89e82a0af9a,Brand,Märke,Bitwarden,sv-bitwarden-mobile-full-review-20260919,Brand,,project-context,a8041690ce5c535f3e7d2cfa,reviewed-receipt,https://github.com/yeager/translations/blob/67e6d27877c9cfd6b6dbc74bd852b10bdbe09c3c/Bitwarden/sv-bitwarden-mobile-full-review-20260919.json,4e3887d6b78b4b084fa488b7680906187a4c12a0328977d8af4e98e7b1b94781,{}
b04bb70ff5461fba467e8725,Use your email provider’s subaddress capabilities,Använd din e-postleverantörs funktioner för underadress,Bitwarden,sv-bitwarden-mobile-full-review-20260919,plus_addressed_email_description,,project-context,a6bda8619379a331c88fb2cf,reviewed-receipt,https://github.com/yeager/translations/blob/67e6d27877c9cfd6b6dbc74bd852b10bdbe09c3c/Bitwarden/sv-bitwarden-mobile-full-review-20260919.json,4e3887d6b78b4b084fa488b7680906187a4c12a0328977d8af4e98e7b1b94781,{}
b0f0f2062e99b96b3b6fc6b7,No email addresses entered,Inga e-postadresser har angetts,Bitwarden,sv-bitwarden-mobile-full-review-20260919,no_email_addresses_entered,,project-context,c3ffe866819e8cf3093dd1da,reviewed-receipt,https://github.com/yeager/translations/blob/67e6d27877c9cfd6b6dbc74bd852b10bdbe09c3c/Bitwarden/sv-bitwarden-mobile-full-review-20260919.json,4e3887d6b78b4b084fa488b7680906187a4c12a0328977d8af4e98e7b1b94781,{}
b137197e9e02fc9f3ce0b62e,Active,Aktiv,Bitwarden,sv-bitwarden-mobile-full-review-20260919,Active,,project-context,bef6ef83c7cd09ebbc9bfbb4,reviewed-receipt,https://github.com/yeager/translations/blob/67e6d27877c9cfd6b6dbc74bd852b10bdbe09c3c/Bitwarden/sv-bitwarden-mobile-full-review-20260919.json,4e3887d6b78b4b084fa488b7680906187a4c12a0328977d8af4e98e7b1b94781,{}
b145710579bd4bc49df561e0,Identity server URL,Identitetsserver-URL,Bitwarden,sv-bitwarden-mobile-full-review-20260919,identity_url,,project-context,6472bd76a1b72882ff9d12b1,reviewed-receipt,https://github.com/yeager/translations/blob/67e6d27877c9cfd6b6dbc74bd852b10bdbe09c3c/Bitwarden/sv-bitwarden-mobile-full-review-20260919.json,4e3887d6b78b4b084fa488b7680906187a4c12a0328977d8af4e98e7b1b94781,{}
b15d1dfd76817b69f3433763,Discount,Rabatt,Bitwarden,sv-bitwarden-mobile-full-review-20260919,discount,,project-context,0cf8ee520e995581315ad0a6,reviewed-receipt,https://github.com/yeager/translations/blob/67e6d27877c9cfd6b6dbc74bd852b10bdbe09c3c/Bitwarden/sv-bitwarden-mobile-full-review-20260919.json,4e3887d6b78b4b084fa488b7680906187a4c12a0328977d8af4e98e7b1b94781,{}
b1a4bcb1efd60d35c60201bc,Something went wrong,Någonting gick fel,Bitwarden,sv-bitwarden-mobile-full-review-20260919,something_went_wrong,,project-context,87b860ce82ad59bd8f04483f,reviewed-receipt,https://github.com/yeager/translations/blob/67e6d27877c9cfd6b6dbc74bd852b10bdbe09c3c/Bitwarden/sv-bitwarden-mobile-full-review-20260919.json,4e3887d6b78b4b084fa488b7680906187a4c12a0328977d8af4e98e7b1b94781,{}
b1b2ab0ce046515067b11251,Use this passphrase,Använd den här lösenordsfrasen,Bitwarden,sv-bitwarden-mobile-full-review-20260919,use_this_passphrase,,project-context,7110292900f38565d57cbd04,reviewed-receipt,https://github.com/yeager/translations/blob/67e6d27877c9cfd6b6dbc74bd852b10bdbe09c3c/Bitwarden/sv-bitwarden-mobile-full-review-20260919.json,4e3887d6b78b4b084fa488b7680906187a4c12a0328977d8af4e98e7b1b94781,{}
b1dfa0704ae2754bb4808f68,No organizations to list.,Inga organisationer att lista.,Bitwarden,sv-bitwarden-mobile-full-review-20260919,NoOrgsToList,,project-context,052f7d2507115a44aa474e60,reviewed-receipt,https://github.com/yeager/translations/blob/67e6d27877c9cfd6b6dbc74bd852b10bdbe09c3c/Bitwarden/sv-bitwarden-mobile-full-review-20260919.json,4e3887d6b78b4b084fa488b7680906187a4c12a0328977d8af4e98e7b1b94781,{}
b1f55ac24ce85a2b12252055,Trusted,Betrodd,Bitwarden,sv-bitwarden-mobile-full-review-20260919,Trusted,,project-context,9ccb2652891232c9f7631c7d,reviewed-receipt,https://github.com/yeager/translations/blob/67e6d27877c9cfd6b6dbc74bd852b10bdbe09c3c/Bitwarden/sv-bitwarden-mobile-full-review-20260919.json,4e3887d6b78b4b084fa488b7680906187a4c12a0328977d8af4e98e7b1b94781,{}
b1ffa748f227ddfef44e6c6b,Specific people,Specifika personer,Bitwarden,sv-bitwarden-mobile-full-review-20260919,SpecificPeople,,project-context,4d798166b5e57f2f273e096b,reviewed-receipt,https://github.com/yeager/translations/blob/67e6d27877c9cfd6b6dbc74bd852b10bdbe09c3c/Bitwarden/sv-bitwarden-mobile-full-review-20260919.json,4e3887d6b78b4b084fa488b7680906187a4c12a0328977d8af4e98e7b1b94781,{}
b244f875eb8dc0e3f84347c6,Edit note,Redigera,Bitwarden,sv-bitwarden-mobile-full-review-20260919,EditNote,,project-context,9fe9910155659e93cefab178,reviewed-receipt,https://github.com/yeager/translations/blob/67e6d27877c9cfd6b6dbc74bd852b10bdbe09c3c/Bitwarden/sv-bitwarden-mobile-full-review-20260919.json,4e3887d6b78b4b084fa488b7680906187a4c12a0328977d8af4e98e7b1b94781,{}
b2ec67eb4678c59b342f6085,Phone,Telefon,Bitwarden,sv-bitwarden-mobile-full-review-20260919,Phone,,project-context,befa1e45abde26a246c65cdd,reviewed-receipt,https://github.com/yeager/translations/blob/67e6d27877c9cfd6b6dbc74bd852b10bdbe09c3c/Bitwarden/sv-bitwarden-mobile-full-review-20260919.json,4e3887d6b78b4b084fa488b7680906187a4c12a0328977d8af4e98e7b1b94781,{}
b2f7f17e218ea6447db45383,View SSH key,Visa SSH-nyckel,Bitwarden,sv-bitwarden-mobile-full-review-20260919,view_ssh_key,,project-context,7547b20d66ccf05f2fa2f382,reviewed-receipt,https://github.com/yeager/translations/blob/67e6d27877c9cfd6b6dbc74bd852b10bdbe09c3c/Bitwarden/sv-bitwarden-mobile-full-review-20260919.json,4e3887d6b78b4b084fa488b7680906187a4c12a0328977d8af4e98e7b1b94781,{}
b31caa2c59020376a58b3e77,Edit passport,Redigera pass,Bitwarden,sv-bitwarden-mobile-full-review-20260919,EditPassport,,project-context,1e8973c5493ece9a4be035bd,reviewed-receipt,https://github.com/yeager/translations/blob/67e6d27877c9cfd6b6dbc74bd852b10bdbe09c3c/Bitwarden/sv-bitwarden-mobile-full-review-20260919.json,4e3887d6b78b4b084fa488b7680906187a4c12a0328977d8af4e98e7b1b94781,{}
b31d68298a683b6eacdf9a54,Add card,Lägg till kort,Bitwarden,sv-bitwarden-mobile-full-review-20260919,AddCard,,project-context,a057505ce382154f0b816869,reviewed-receipt,https://github.com/yeager/translations/blob/67e6d27877c9cfd6b6dbc74bd852b10bdbe09c3c/Bitwarden/sv-bitwarden-mobile-full-review-20260919.json,4e3887d6b78b4b084fa488b7680906187a4c12a0328977d8af4e98e7b1b94781,{}
b33604ca3dd84c1e2b8b7454,Get master password hint,Hämta huvudlösenordsledtråd,Bitwarden,sv-bitwarden-mobile-full-review-20260919,get_master_passwordword_hint,,project-context,79b7ab79d1b172c416f8fa0e,reviewed-receipt,https://github.com/yeager/translations/blob/67e6d27877c9cfd6b6dbc74bd852b10bdbe09c3c/Bitwarden/sv-bitwarden-mobile-full-review-20260919.json,4e3887d6b78b4b084fa488b7680906187a4c12a0328977d8af4e98e7b1b94781,{}
b34fb4d939d10acfdfe9d44a,Verification email sent,Verifieringsmeddelande har skickats,Bitwarden,sv-bitwarden-mobile-full-review-20260919,verification_email_sent,,project-context,49dee87ee0ef39f4c883aab0,reviewed-receipt,https://github.com/yeager/translations/blob/67e6d27877c9cfd6b6dbc74bd852b10bdbe09c3c/Bitwarden/sv-bitwarden-mobile-full-review-20260919.json,4e3887d6b78b4b084fa488b7680906187a4c12a0328977d8af4e98e7b1b94781,{}
b3772c56f5eb07b62f4948c2,Show less,Visa mindre,Bitwarden,sv-bitwarden-mobile-full-review-20260919,ShowLess,,project-context,792335e20c5ed5cd25a6fe8f,reviewed-receipt,https://github.com/yeager/translations/blob/67e6d27877c9cfd6b6dbc74bd852b10bdbe09c3c/Bitwarden/sv-bitwarden-mobile-full-review-20260919.json,4e3887d6b78b4b084fa488b7680906187a4c12a0328977d8af4e98e7b1b94781,{}
b3933ace18a46ff92d0d9085,Unlock advanced security features,Lås upp avancerade säkerhetsfunktioner,Bitwarden,sv-bitwarden-mobile-full-review-20260919,UnlockAdvancedSecurityFeatures,,project-context,dd2ae7ecf26784e279806dac,reviewed-receipt,https://github.com/yeager/translations/blob/67e6d27877c9cfd6b6dbc74bd852b10bdbe09c3c/Bitwarden/sv-bitwarden-mobile-full-review-20260919.json,4e3887d6b78b4b084fa488b7680906187a4c12a0328977d8af4e98e7b1b94781,{}
b3a28256bb4c05620038b1a1,Built-in authenticator,Inbyggd autenticator,Bitwarden,sv-bitwarden-mobile-full-review-20260919,BuiltInAuthenticator,,project-context,4f5b8b2952ad526137b3452d,reviewed-receipt,https://github.com/yeager/translations/blob/67e6d27877c9cfd6b6dbc74bd852b10bdbe09c3c/Bitwarden/sv-bitwarden-mobile-full-review-20260919.json,4e3887d6b78b4b084fa488b7680906187a4c12a0328977d8af4e98e7b1b94781,{}
b3bd34864b65edf35d42a7bf,Move to Organization,Flytta till organisation,Bitwarden,sv-bitwarden-mobile-full-review-20260919,MoveToOrganization,,project-context,cc27f46e7c7b129429290cae,reviewed-receipt,https://github.com/yeager/translations/blob/67e6d27877c9cfd6b6dbc74bd852b10bdbe09c3c/Bitwarden/sv-bitwarden-mobile-full-review-20260919.json,4e3887d6b78b4b084fa488b7680906187a4c12a0328977d8af4e98e7b1b94781,{}
b3d6f84ba4b0fbba8f0eb798,/ month · Cancel anytime,/ månad · Avbryt när som helst,Bitwarden,sv-bitwarden-mobile-full-review-20260919,per_month_cancel_anytime,,project-context,825bf87f0a2b232cec1ce0a9,reviewed-receipt,https://github.com/yeager/translations/blob/67e6d27877c9cfd6b6dbc74bd852b10bdbe09c3c/Bitwarden/sv-bitwarden-mobile-full-review-20260919.json,4e3887d6b78b4b084fa488b7680906187a4c12a0328977d8af4e98e7b1b94781,{}
b3e9b87709cf08ec40843b55,"No, ask me","Nej, fråga mig",Bitwarden,sv-bitwarden-mobile-full-review-20260919,NoAskMe,,project-context,83b25246a6a57a4ac005ee48,reviewed-receipt,https://github.com/yeager/translations/blob/67e6d27877c9cfd6b6dbc74bd852b10bdbe09c3c/Bitwarden/sv-bitwarden-mobile-full-review-20260919.json,4e3887d6b78b4b084fa488b7680906187a4c12a0328977d8af4e98e7b1b94781,{}
b44b1498c341f30b1fa909d6,Logging duration,Loggningens varaktighet,Bitwarden,sv-bitwarden-mobile-full-review-20260919,LoggingDuration,,project-context,20092e3d18df96ee735bbc5d,reviewed-receipt,https://github.com/yeager/translations/blob/67e6d27877c9cfd6b6dbc74bd852b10bdbe09c3c/Bitwarden/sv-bitwarden-mobile-full-review-20260919.json,4e3887d6b78b4b084fa488b7680906187a4c12a0328977d8af4e98e7b1b94781,{}
b4aa79a5a87c1eaae624beb5,Experiencing an issue?,Upplever du ett problem?,Bitwarden,sv-bitwarden-mobile-full-review-20260919,ExperiencingAnIssue,,project-context,0154bc458d449dd41efd4be5,reviewed-receipt,https://github.com/yeager/translations/blob/67e6d27877c9cfd6b6dbc74bd852b10bdbe09c3c/Bitwarden/sv-bitwarden-mobile-full-review-20260919.json,4e3887d6b78b4b084fa488b7680906187a4c12a0328977d8af4e98e7b1b94781,{}
b4cd5dffca975b31fd73f3af,Removing password,Tar bort lösenord,Bitwarden,sv-bitwarden-mobile-full-review-20260919,removing_send_password,,project-context,299ebfbfac61f74b5e220a33,reviewed-receipt,https://github.com/yeager/translations/blob/67e6d27877c9cfd6b6dbc74bd852b10bdbe09c3c/Bitwarden/sv-bitwarden-mobile-full-review-20260919.json,4e3887d6b78b4b084fa488b7680906187a4c12a0328977d8af4e98e7b1b94781,{}
b4f706cd11d7c1bf10bae53e,Passport,Pass,Bitwarden,sv-bitwarden-mobile-full-review-20260919,Passport,,project-context,c8b92c3d4569cfbcc0fdd3d1,reviewed-receipt,https://github.com/yeager/translations/blob/67e6d27877c9cfd6b6dbc74bd852b10bdbe09c3c/Bitwarden/sv-bitwarden-mobile-full-review-20260919.json,4e3887d6b78b4b084fa488b7680906187a4c12a0328977d8af4e98e7b1b94781,{}
b4f7e308497b693263314864,Password removed,Lösenord borttaget,Bitwarden,sv-bitwarden-mobile-full-review-20260919,SendPasswordRemoved,,project-context,b96dd90449db27901ab5eba9,reviewed-receipt,https://github.com/yeager/translations/blob/67e6d27877c9cfd6b6dbc74bd852b10bdbe09c3c/Bitwarden/sv-bitwarden-mobile-full-review-20260919.json,4e3887d6b78b4b084fa488b7680906187a4c12a0328977d8af4e98e7b1b94781,{}
b5344a658978a01d81c5b273,Email (required),E-post (obligatoriskt),Bitwarden,sv-bitwarden-mobile-full-review-20260919,email_required_parenthesis,,project-context,9ef3def7b7961db185cff11f,reviewed-receipt,https://github.com/yeager/translations/blob/67e6d27877c9cfd6b6dbc74bd852b10bdbe09c3c/Bitwarden/sv-bitwarden-mobile-full-review-20260919.json,4e3887d6b78b4b084fa488b7680906187a4c12a0328977d8af4e98e7b1b94781,{}
b55efca894d86928fa241d3d,Items transferred,Objekt överförda,Bitwarden,sv-bitwarden-mobile-full-review-20260919,ItemsTransferred,,project-context,51a77474193875653e8855df,reviewed-receipt,https://github.com/yeager/translations/blob/67e6d27877c9cfd6b6dbc74bd852b10bdbe09c3c/Bitwarden/sv-bitwarden-mobile-full-review-20260919.json,4e3887d6b78b4b084fa488b7680906187a4c12a0328977d8af4e98e7b1b94781,{}
b5c36a42ee39f2f04cbc5192,Canceled,Avbruten,Bitwarden,sv-bitwarden-mobile-full-review-20260919,Canceled,,project-context,7360ff82ba927dc4b51559a4,reviewed-receipt,https://github.com/yeager/translations/blob/67e6d27877c9cfd6b6dbc74bd852b10bdbe09c3c/Bitwarden/sv-bitwarden-mobile-full-review-20260919.json,4e3887d6b78b4b084fa488b7680906187a4c12a0328977d8af4e98e7b1b94781,{}
b5d1a95d7fab0084f86af571,Invalid master password. Try again.,Ogiltigt huvudlösenord. Försök igen.,Bitwarden,sv-bitwarden-mobile-full-review-20260919,invalid_master_password,,project-context,3fb774946d9943667e24b1ab,reviewed-receipt,https://github.com/yeager/translations/blob/67e6d27877c9cfd6b6dbc74bd852b10bdbe09c3c/Bitwarden/sv-bitwarden-mobile-full-review-20260919.json,4e3887d6b78b4b084fa488b7680906187a4c12a0328977d8af4e98e7b1b94781,{}
b5d5c37048703c61a1a799df,Copy company,Kopiera företag,Bitwarden,sv-bitwarden-mobile-full-review-20260919,copy_company,,project-context,e339a5c53a15f04ebacc62b0,reviewed-receipt,https://github.com/yeager/translations/blob/67e6d27877c9cfd6b6dbc74bd852b10bdbe09c3c/Bitwarden/sv-bitwarden-mobile-full-review-20260919.json,4e3887d6b78b4b084fa488b7680906187a4c12a0328977d8af4e98e7b1b94781,{}
b5e90fe56ada16bfbe9db232,Identities,Identiteter,Bitwarden,sv-bitwarden-mobile-full-review-20260919,identities,,project-context,d03d2ebc87a4c0288ef6a2b0,reviewed-receipt,https://github.com/yeager/translations/blob/67e6d27877c9cfd6b6dbc74bd852b10bdbe09c3c/Bitwarden/sv-bitwarden-mobile-full-review-20260919.json,4e3887d6b78b4b084fa488b7680906187a4c12a0328977d8af4e98e7b1b94781,{}
b60b80a8f73f399346a7458a,Contact Info,Kontaktuppgifter,Bitwarden,sv-bitwarden-mobile-full-review-20260919,contact_info,,project-context,bba284c3197782e40d40c73f,reviewed-receipt,https://github.com/yeager/translations/blob/67e6d27877c9cfd6b6dbc74bd852b10bdbe09c3c/Bitwarden/sv-bitwarden-mobile-full-review-20260919.json,4e3887d6b78b4b084fa488b7680906187a4c12a0328977d8af4e98e7b1b94781,{}
b61e59a7152afb74c7fa82e3,Choose your master password,Välj ditt huvudlösenord,Bitwarden,sv-bitwarden-mobile-full-review-20260919,choose_your_master_password,,project-context,c7ec7d12027b2f44291c8827,reviewed-receipt,https://github.com/yeager/translations/blob/67e6d27877c9cfd6b6dbc74bd852b10bdbe09c3c/Bitwarden/sv-bitwarden-mobile-full-review-20260919.json,4e3887d6b78b4b084fa488b7680906187a4c12a0328977d8af4e98e7b1b94781,{}
b647399ee7a8356981d27c2a,Import from computer,Importera från dator,Bitwarden,sv-bitwarden-mobile-full-review-20260919,import_from_computer,,project-context,681323b77db7ed5108d7535b,reviewed-receipt,https://github.com/yeager/translations/blob/67e6d27877c9cfd6b6dbc74bd852b10bdbe09c3c/Bitwarden/sv-bitwarden-mobile-full-review-20260919.json,4e3887d6b78b4b084fa488b7680906187a4c12a0328977d8af4e98e7b1b94781,{}
b653b4281c476d719c415af9,Expiration,Utgång,Bitwarden,sv-bitwarden-mobile-full-review-20260919,expiration,,project-context,564c241325dccf2cf4530bec,reviewed-receipt,https://github.com/yeager/translations/blob/67e6d27877c9cfd6b6dbc74bd852b10bdbe09c3c/Bitwarden/sv-bitwarden-mobile-full-review-20260919.json,4e3887d6b78b4b084fa488b7680906187a4c12a0328977d8af4e98e7b1b94781,{}
b663a783cb87370ac76962b2,Trusted,Betrodd,Bitwarden,sv-bitwarden-mobile-full-review-20260919,trusted,,project-context,426beb765463ceb6995b4f97,reviewed-receipt,https://github.com/yeager/translations/blob/67e6d27877c9cfd6b6dbc74bd852b10bdbe09c3c/Bitwarden/sv-bitwarden-mobile-full-review-20260919.json,4e3887d6b78b4b084fa488b7680906187a4c12a0328977d8af4e98e7b1b94781,{}
b67ae87b3a0741b23688b1c3,Quick and easy login,Snabb och enkel inloggning,Bitwarden,sv-bitwarden-mobile-full-review-20260919,quick_and_easy_login,,project-context,df561c14e1819f0c6c86fe94,reviewed-receipt,https://github.com/yeager/translations/blob/67e6d27877c9cfd6b6dbc74bd852b10bdbe09c3c/Bitwarden/sv-bitwarden-mobile-full-review-20260919.json,4e3887d6b78b4b084fa488b7680906187a4c12a0328977d8af4e98e7b1b94781,{}
b6804411b850d274bc76ac1c,Level up your logins,Levla upp dina inloggningar,Bitwarden,sv-bitwarden-mobile-full-review-20260919,IntroCarouselPage3Title,,project-context,ebcf45fa070b863218a39098,reviewed-receipt,https://github.com/yeager/translations/blob/67e6d27877c9cfd6b6dbc74bd852b10bdbe09c3c/Bitwarden/sv-bitwarden-mobile-full-review-20260919.json,4e3887d6b78b4b084fa488b7680906187a4c12a0328977d8af4e98e7b1b94781,{}
b6cc38f8526ee8f026dfb6a7,Set up later,Ställ in senare,Bitwarden,sv-bitwarden-mobile-full-review-20260919,set_up_later,,project-context,5866a5fcda7e7bcc4cb58a7a,reviewed-receipt,https://github.com/yeager/translations/blob/67e6d27877c9cfd6b6dbc74bd852b10bdbe09c3c/Bitwarden/sv-bitwarden-mobile-full-review-20260919.json,4e3887d6b78b4b084fa488b7680906187a4c12a0328977d8af4e98e7b1b94781,{}
b6ceb89f5ae1fe6ff328c76f,Hidden,Dold,Bitwarden,sv-bitwarden-mobile-full-review-20260919,FieldTypeHidden,,project-context,a18840234ca2610d324d7ba3,reviewed-receipt,https://github.com/yeager/translations/blob/67e6d27877c9cfd6b6dbc74bd852b10bdbe09c3c/Bitwarden/sv-bitwarden-mobile-full-review-20260919.json,4e3887d6b78b4b084fa488b7680906187a4c12a0328977d8af4e98e7b1b94781,{}
b7104a169cc46ff4dae6b372,Secure file storage,Säker fillagring,Bitwarden,sv-bitwarden-mobile-full-review-20260919,secure_file_storage,,project-context,03678003dc8acc6f9ce6f913,reviewed-receipt,https://github.com/yeager/translations/blob/67e6d27877c9cfd6b6dbc74bd852b10bdbe09c3c/Bitwarden/sv-bitwarden-mobile-full-review-20260919.json,4e3887d6b78b4b084fa488b7680906187a4c12a0328977d8af4e98e7b1b94781,{}
b71449991c2099f5db76cafb,Done,Klar,Bitwarden,sv-bitwarden-mobile-full-review-20260919,done_text,,project-context,b472ebbf0c342111b73d3f86,reviewed-receipt,https://github.com/yeager/translations/blob/67e6d27877c9cfd6b6dbc74bd852b10bdbe09c3c/Bitwarden/sv-bitwarden-mobile-full-review-20260919.json,4e3887d6b78b4b084fa488b7680906187a4c12a0328977d8af4e98e7b1b94781,{}
b7144f6206fdc933553c95b5,Copy private key,Kopiera privat nyckel,Bitwarden,sv-bitwarden-mobile-full-review-20260919,copy_private_key,,project-context,0ff4f77aa17dbbc779bcdee6,reviewed-receipt,https://github.com/yeager/translations/blob/67e6d27877c9cfd6b6dbc74bd852b10bdbe09c3c/Bitwarden/sv-bitwarden-mobile-full-review-20260919.json,4e3887d6b78b4b084fa488b7680906187a4c12a0328977d8af4e98e7b1b94781,{}
b72db512b5896b346733e191,Scan card,Skanna kort,Bitwarden,sv-bitwarden-mobile-full-review-20260919,scan_card,,project-context,35c4fc5572b77b87461bc3e2,reviewed-receipt,https://github.com/yeager/translations/blob/67e6d27877c9cfd6b6dbc74bd852b10bdbe09c3c/Bitwarden/sv-bitwarden-mobile-full-review-20260919.json,4e3887d6b78b4b084fa488b7680906187a4c12a0328977d8af4e98e7b1b94781,{}
b73efb3f31f4762daddf07f0,Lowercase (A to Z),Gemener (A till Ö),Bitwarden,sv-bitwarden-mobile-full-review-20260919,LowercaseAtoZ,,project-context,7c0d1fccfdf910778e13300d,reviewed-receipt,https://github.com/yeager/translations/blob/67e6d27877c9cfd6b6dbc74bd852b10bdbe09c3c/Bitwarden/sv-bitwarden-mobile-full-review-20260919.json,4e3887d6b78b4b084fa488b7680906187a4c12a0328977d8af4e98e7b1b94781,{}
b766b3fc9e5f699603269389,10 seconds,10 sekunder,Bitwarden,sv-bitwarden-mobile-full-review-20260919,ten_seconds,,project-context,c2048cc520613f8394be817f,reviewed-receipt,https://github.com/yeager/translations/blob/67e6d27877c9cfd6b6dbc74bd852b10bdbe09c3c/Bitwarden/sv-bitwarden-mobile-full-review-20260919.json,4e3887d6b78b4b084fa488b7680906187a4c12a0328977d8af4e98e7b1b94781,{}
b78a232203afac678703545d,Level up your logins,Förbättra dina inloggningar,Bitwarden,sv-bitwarden-mobile-full-review-20260919,level_up_your_logins,,project-context,d533819d23beb1a7c1a06134,reviewed-receipt,https://github.com/yeager/translations/blob/67e6d27877c9cfd6b6dbc74bd852b10bdbe09c3c/Bitwarden/sv-bitwarden-mobile-full-review-20260919.json,4e3887d6b78b4b084fa488b7680906187a4c12a0328977d8af4e98e7b1b94781,{}
b7ae89eb6a04c5264cb54f38,Advanced,Avancerat,Bitwarden,sv-bitwarden-mobile-full-review-20260919,Advanced,,project-context,b3b9fcedc8d3ea79b96ca56e,reviewed-receipt,https://github.com/yeager/translations/blob/67e6d27877c9cfd6b6dbc74bd852b10bdbe09c3c/Bitwarden/sv-bitwarden-mobile-full-review-20260919.json,4e3887d6b78b4b084fa488b7680906187a4c12a0328977d8af4e98e7b1b94781,{}
b7d78c9c8848d867cd61de9d,Authenticator app,Autentiseringsapp,Bitwarden,sv-bitwarden-mobile-full-review-20260919,authenticator_app_title,,project-context,85c2ba66c3981cd89b78d1a4,reviewed-receipt,https://github.com/yeager/translations/blob/67e6d27877c9cfd6b6dbc74bd852b10bdbe09c3c/Bitwarden/sv-bitwarden-mobile-full-review-20260919.json,4e3887d6b78b4b084fa488b7680906187a4c12a0328977d8af4e98e7b1b94781,{}
b7ed77b32d14a68362b64a87,Send updated,Skicka uppdaterat,Bitwarden,sv-bitwarden-mobile-full-review-20260919,send_updated,,project-context,a50dfad98b028c7a8071eda0,reviewed-receipt,https://github.com/yeager/translations/blob/67e6d27877c9cfd6b6dbc74bd852b10bdbe09c3c/Bitwarden/sv-bitwarden-mobile-full-review-20260919.json,4e3887d6b78b4b084fa488b7680906187a4c12a0328977d8af4e98e7b1b94781,{}
b82a5270a002cef4f09ca1aa,Launch browser,Starta webbläsare,Bitwarden,sv-bitwarden-mobile-full-review-20260919,LaunchBrowser,,project-context,4472ed57ca1eac7dfabcc977,reviewed-receipt,https://github.com/yeager/translations/blob/67e6d27877c9cfd6b6dbc74bd852b10bdbe09c3c/Bitwarden/sv-bitwarden-mobile-full-review-20260919.json,4e3887d6b78b4b084fa488b7680906187a4c12a0328977d8af4e98e7b1b94781,{}
b83efb4d550695739a7c70a3,Importing…,Importerar…,Bitwarden,sv-bitwarden-mobile-full-review-20260919,ImportingEllipsis,,project-context,239cc44424c62b7dc8043dc4,reviewed-receipt,https://github.com/yeager/translations/blob/67e6d27877c9cfd6b6dbc74bd852b10bdbe09c3c/Bitwarden/sv-bitwarden-mobile-full-review-20260919.json,4e3887d6b78b4b084fa488b7680906187a4c12a0328977d8af4e98e7b1b94781,{}
b842e028baee03ebbf401c0b,Item has been sent to trash.,Objektet har skickats till papperskorgen.,Bitwarden,sv-bitwarden-mobile-full-review-20260919,item_soft_deleted,,project-context,ddfc49a9f85c7e8129766b94,reviewed-receipt,https://github.com/yeager/translations/blob/67e6d27877c9cfd6b6dbc74bd852b10bdbe09c3c/Bitwarden/sv-bitwarden-mobile-full-review-20260919.json,4e3887d6b78b4b084fa488b7680906187a4c12a0328977d8af4e98e7b1b94781,{}
b89a7934ef555514b44a4c4f,Account type,Kontotyp,Bitwarden,sv-bitwarden-mobile-full-review-20260919,AccountType,,project-context,0dc411d77ac16291627ad519,reviewed-receipt,https://github.com/yeager/translations/blob/67e6d27877c9cfd6b6dbc74bd852b10bdbe09c3c/Bitwarden/sv-bitwarden-mobile-full-review-20260919.json,4e3887d6b78b4b084fa488b7680906187a4c12a0328977d8af4e98e7b1b94781,{}
b8a5468b9c30cbb40450f429,License number,Körkortsnummer,Bitwarden,sv-bitwarden-mobile-full-review-20260919,license_number,,project-context,e121272361ff426c177ad8ba,reviewed-receipt,https://github.com/yeager/translations/blob/67e6d27877c9cfd6b6dbc74bd852b10bdbe09c3c/Bitwarden/sv-bitwarden-mobile-full-review-20260919.json,4e3887d6b78b4b084fa488b7680906187a4c12a0328977d8af4e98e7b1b94781,{}
b8e6cd9b91394e4941c703f2,Bank accounts,Bankkonton,Bitwarden,sv-bitwarden-mobile-full-review-20260919,BankAccounts,,project-context,982cbc42bc3149ca94bea406,reviewed-receipt,https://github.com/yeager/translations/blob/67e6d27877c9cfd6b6dbc74bd852b10bdbe09c3c/Bitwarden/sv-bitwarden-mobile-full-review-20260919.json,4e3887d6b78b4b084fa488b7680906187a4c12a0328977d8af4e98e7b1b94781,{}
b8e848d020993d3ff2818fe5,Hide my email address from recipients,Dölj min e-postadress för mottagare,Bitwarden,sv-bitwarden-mobile-full-review-20260919,HideEmail,,project-context,bb8096aa80d9bbffcd6b1746,reviewed-receipt,https://github.com/yeager/translations/blob/67e6d27877c9cfd6b6dbc74bd852b10bdbe09c3c/Bitwarden/sv-bitwarden-mobile-full-review-20260919.json,4e3887d6b78b4b084fa488b7680906187a4c12a0328977d8af4e98e7b1b94781,{}
b8f4be2242c3f02bfd3f0354,Never,Aldrig,Bitwarden,sv-bitwarden-mobile-full-review-20260919,Never,,project-context,56c5cd9d205f7fad3221be95,reviewed-receipt,https://github.com/yeager/translations/blob/67e6d27877c9cfd6b6dbc74bd852b10bdbe09c3c/Bitwarden/sv-bitwarden-mobile-full-review-20260919.json,4e3887d6b78b4b084fa488b7680906187a4c12a0328977d8af4e98e7b1b94781,{}
b90230eac1ac02f42d9844e8,Mobile,Mobil,Bitwarden,sv-bitwarden-mobile-full-review-20260919,Mobile,,project-context,3fed23f230c0221532e5e762,reviewed-receipt,https://github.com/yeager/translations/blob/67e6d27877c9cfd6b6dbc74bd852b10bdbe09c3c/Bitwarden/sv-bitwarden-mobile-full-review-20260919.json,4e3887d6b78b4b084fa488b7680906187a4c12a0328977d8af4e98e7b1b94781,{}
b96a14e171cf2e0eb4232561,Share,Dela,Bitwarden,sv-bitwarden-mobile-full-review-20260919,Share,,project-context,3d986d69ac99b14e8b84a31f,reviewed-receipt,https://github.com/yeager/translations/blob/67e6d27877c9cfd6b6dbc74bd852b10bdbe09c3c/Bitwarden/sv-bitwarden-mobile-full-review-20260919.json,4e3887d6b78b4b084fa488b7680906187a4c12a0328977d8af4e98e7b1b94781,{}
b974a8e693cc1d191cdfc040,Company,Företag,Bitwarden,sv-bitwarden-mobile-full-review-20260919,Company,,project-context,d9376097457fa7f130f30933,reviewed-receipt,https://github.com/yeager/translations/blob/67e6d27877c9cfd6b6dbc74bd852b10bdbe09c3c/Bitwarden/sv-bitwarden-mobile-full-review-20260919.json,4e3887d6b78b4b084fa488b7680906187a4c12a0328977d8af4e98e7b1b94781,{}
b974c60de6daa7ac3b335b16,Unlock advanced security features,Lås upp avancerade säkerhetsfunktioner,Bitwarden,sv-bitwarden-mobile-full-review-20260919,unlock_advanced_security_features,,project-context,bf2cf08f21dc6f4feb63b2c5,reviewed-receipt,https://github.com/yeager/translations/blob/67e6d27877c9cfd6b6dbc74bd852b10bdbe09c3c/Bitwarden/sv-bitwarden-mobile-full-review-20260919.json,4e3887d6b78b4b084fa488b7680906187a4c12a0328977d8af4e98e7b1b94781,{}
b9c4aabffc6b073c40713504,New text Send,Ny text Skicka,Bitwarden,sv-bitwarden-mobile-full-review-20260919,NewTextSend,,project-context,3ec07289a961b2249526c88c,reviewed-receipt,https://github.com/yeager/translations/blob/67e6d27877c9cfd6b6dbc74bd852b10bdbe09c3c/Bitwarden/sv-bitwarden-mobile-full-review-20260919.json,4e3887d6b78b4b084fa488b7680906187a4c12a0328977d8af4e98e7b1b94781,{}
b9f7d35d508a499e90dc4ce1,May,Maj,Bitwarden,sv-bitwarden-mobile-full-review-20260919,May,,project-context,7ee3ab9ad3528dd2cfbf5cab,reviewed-receipt,https://github.com/yeager/translations/blob/67e6d27877c9cfd6b6dbc74bd852b10bdbe09c3c/Bitwarden/sv-bitwarden-mobile-full-review-20260919.json,4e3887d6b78b4b084fa488b7680906187a4c12a0328977d8af4e98e7b1b94781,{}
b9f89b41271ceec9b979674f,View note,Visa anteckning,Bitwarden,sv-bitwarden-mobile-full-review-20260919,view_note,,project-context,deebb06dcbacb20901fa5c5c,reviewed-receipt,https://github.com/yeager/translations/blob/67e6d27877c9cfd6b6dbc74bd852b10bdbe09c3c/Bitwarden/sv-bitwarden-mobile-full-review-20260919.json,4e3887d6b78b4b084fa488b7680906187a4c12a0328977d8af4e98e7b1b94781,{}
ba18fb8bcf9a54e55a377b48,Syncing items containing verification codes,Synkroniserar objekt som innehåller verifieringskoder,Bitwarden,sv-bitwarden-mobile-full-review-20260919,SyncingItemsContainingVerificationCodes,,project-context,19297eafc3b9c2caf18e47fc,reviewed-receipt,https://github.com/yeager/translations/blob/67e6d27877c9cfd6b6dbc74bd852b10bdbe09c3c/Bitwarden/sv-bitwarden-mobile-full-review-20260919.json,4e3887d6b78b4b084fa488b7680906187a4c12a0328977d8af4e98e7b1b94781,{}
ba2dc63d18d0f6286b15dc20,Value,Värde,Bitwarden,sv-bitwarden-mobile-full-review-20260919,Value,,project-context,a11c5336ede124c7ca85990c,reviewed-receipt,https://github.com/yeager/translations/blob/67e6d27877c9cfd6b6dbc74bd852b10bdbe09c3c/Bitwarden/sv-bitwarden-mobile-full-review-20260919.json,4e3887d6b78b4b084fa488b7680906187a4c12a0328977d8af4e98e7b1b94781,{}
ba4073de8fd6d8522c52c1d8,The certificate password is incorrect.,Certifikatets lösenord är felaktigt.,Bitwarden,sv-bitwarden-mobile-full-review-20260919,TheCertificatePasswordIsIncorrect,,project-context,275c116c26a4321ee208c401,reviewed-receipt,https://github.com/yeager/translations/blob/67e6d27877c9cfd6b6dbc74bd852b10bdbe09c3c/Bitwarden/sv-bitwarden-mobile-full-review-20260919.json,4e3887d6b78b4b084fa488b7680906187a4c12a0328977d8af4e98e7b1b94781,{}
ba45616f4d37b9f547227960,Identity saved,Identitet sparad,Bitwarden,sv-bitwarden-mobile-full-review-20260919,IdentitySaved,,project-context,508db83c444f5fa36fd64f67,reviewed-receipt,https://github.com/yeager/translations/blob/67e6d27877c9cfd6b6dbc74bd852b10bdbe09c3c/Bitwarden/sv-bitwarden-mobile-full-review-20260919.json,4e3887d6b78b4b084fa488b7680906187a4c12a0328977d8af4e98e7b1b94781,{}
ba6e3b36eaf003b99e1d3712,Domain name (required),Domännamn (obligatoriskt),Bitwarden,sv-bitwarden-mobile-full-review-20260919,DomainNameRequiredParenthesis,,project-context,59ac5f5b14e1388070d14819,reviewed-receipt,https://github.com/yeager/translations/blob/67e6d27877c9cfd6b6dbc74bd852b10bdbe09c3c/Bitwarden/sv-bitwarden-mobile-full-review-20260919.json,4e3887d6b78b4b084fa488b7680906187a4c12a0328977d8af4e98e7b1b94781,{}
ba727ef64df2ec6e2e4182ba,Import logins later,Importera inloggningar senare,Bitwarden,sv-bitwarden-mobile-full-review-20260919,ImportLoginsLater,,project-context,365089f76caf491cdf9528c2,reviewed-receipt,https://github.com/yeager/translations/blob/67e6d27877c9cfd6b6dbc74bd852b10bdbe09c3c/Bitwarden/sv-bitwarden-mobile-full-review-20260919.json,4e3887d6b78b4b084fa488b7680906187a4c12a0328977d8af4e98e7b1b94781,{}
bac20b45a6d59bd83d6f962d,Cannot add authenticator key?,Kan inte lägga till authenticator-nyckeln?,Bitwarden,sv-bitwarden-mobile-full-review-20260919,cannot_add_authenticator_key,,project-context,bcda76fc28f8e341b8892224,reviewed-receipt,https://github.com/yeager/translations/blob/67e6d27877c9cfd6b6dbc74bd852b10bdbe09c3c/Bitwarden/sv-bitwarden-mobile-full-review-20260919.json,4e3887d6b78b4b084fa488b7680906187a4c12a0328977d8af4e98e7b1b94781,{}
bacbb13515475e730d397ba1,Pending deletion,Väntar på radering,Bitwarden,sv-bitwarden-mobile-full-review-20260919,pending_delete,,project-context,00164192dff18ab9a6139041,reviewed-receipt,https://github.com/yeager/translations/blob/67e6d27877c9cfd6b6dbc74bd852b10bdbe09c3c/Bitwarden/sv-bitwarden-mobile-full-review-20260919.json,4e3887d6b78b4b084fa488b7680906187a4c12a0328977d8af4e98e7b1b94781,{}
bacc1e81c6df322def7bfaab,Loading portal…,Laddar portal…,Bitwarden,sv-bitwarden-mobile-full-review-20260919,loading_portal,,project-context,77f506addd84c828c0aa691e,reviewed-receipt,https://github.com/yeager/translations/blob/67e6d27877c9cfd6b6dbc74bd852b10bdbe09c3c/Bitwarden/sv-bitwarden-mobile-full-review-20260919.json,4e3887d6b78b4b084fa488b7680906187a4c12a0328977d8af4e98e7b1b94781,{}
bad92f0371a2ceeda9b46312,Updated master password,Huvudlösenord uppdaterades,Bitwarden,sv-bitwarden-mobile-full-review-20260919,updated_master_password,,project-context,99356c2804b122045021472b,reviewed-receipt,https://github.com/yeager/translations/blob/67e6d27877c9cfd6b6dbc74bd852b10bdbe09c3c/Bitwarden/sv-bitwarden-mobile-full-review-20260919.json,4e3887d6b78b4b084fa488b7680906187a4c12a0328977d8af4e98e7b1b94781,{}
bb5254adaea34b47ef9e882a,My vault,Mitt valv,Bitwarden,sv-bitwarden-mobile-full-review-20260919,MyVault,,project-context,725eec18db1b3c39e055bd00,reviewed-receipt,https://github.com/yeager/translations/blob/67e6d27877c9cfd6b6dbc74bd852b10bdbe09c3c/Bitwarden/sv-bitwarden-mobile-full-review-20260919.json,4e3887d6b78b4b084fa488b7680906187a4c12a0328977d8af4e98e7b1b94781,{}
bb8b31ad168aef1d9420748e,New file Send,Ny fil Skicka,Bitwarden,sv-bitwarden-mobile-full-review-20260919,new_file_send,,project-context,e2c51e577af968f8965e95f3,reviewed-receipt,https://github.com/yeager/translations/blob/67e6d27877c9cfd6b6dbc74bd852b10bdbe09c3c/Bitwarden/sv-bitwarden-mobile-full-review-20260919.json,4e3887d6b78b4b084fa488b7680906187a4c12a0328977d8af4e98e7b1b94781,{}
bbdadb09c1f1f0d8830e014c,Checking password…,Kontrollerar lösenord…,Bitwarden,sv-bitwarden-mobile-full-review-20260919,CheckingPassword,,project-context,385543b26104c915564c57ee,reviewed-receipt,https://github.com/yeager/translations/blob/67e6d27877c9cfd6b6dbc74bd852b10bdbe09c3c/Bitwarden/sv-bitwarden-mobile-full-review-20260919.json,4e3887d6b78b4b084fa488b7680906187a4c12a0328977d8af4e98e7b1b94781,{}
bc0240152c0466c93404800e,Organization:,Organisation:,Bitwarden,sv-bitwarden-mobile-full-review-20260919,KeyConnectorOrganization,,project-context,b6c0bb33f079483059f235a3,reviewed-receipt,https://github.com/yeager/translations/blob/67e6d27877c9cfd6b6dbc74bd852b10bdbe09c3c/Bitwarden/sv-bitwarden-mobile-full-review-20260919.json,4e3887d6b78b4b084fa488b7680906187a4c12a0328977d8af4e98e7b1b94781,{}
bc464b57f44432761abfc332,Update your encryption settings,Uppdatera dina krypteringsinställningar,Bitwarden,sv-bitwarden-mobile-full-review-20260919,update_your_encryption_settings,,project-context,aba2d1b596be69b453c15099,reviewed-receipt,https://github.com/yeager/translations/blob/67e6d27877c9cfd6b6dbc74bd852b10bdbe09c3c/Bitwarden/sv-bitwarden-mobile-full-review-20260919.json,4e3887d6b78b4b084fa488b7680906187a4c12a0328977d8af4e98e7b1b94781,{}
bc64a175741cae6258b914de,1 hour,1 timme,Bitwarden,sv-bitwarden-mobile-full-review-20260919,flight_recorder_one_hour,,project-context,ea823300ffb4ead84fd742bc,reviewed-receipt,https://github.com/yeager/translations/blob/67e6d27877c9cfd6b6dbc74bd852b10bdbe09c3c/Bitwarden/sv-bitwarden-mobile-full-review-20260919.json,4e3887d6b78b4b084fa488b7680906187a4c12a0328977d8af4e98e7b1b94781,{}
bc6ae7d6292a5090a4d9a9e5,No items available to import,Inga objekt tillgängliga att importera,Bitwarden,sv-bitwarden-mobile-full-review-20260919,no_items_available_to_import,,project-context,b7df9db38f96d4799c4d7752,reviewed-receipt,https://github.com/yeager/translations/blob/67e6d27877c9cfd6b6dbc74bd852b10bdbe09c3c/Bitwarden/sv-bitwarden-mobile-full-review-20260919.json,4e3887d6b78b4b084fa488b7680906187a4c12a0328977d8af4e98e7b1b94781,{}
bc916627404f49d4a81658f3,Paused,Pausad,Bitwarden,sv-bitwarden-mobile-full-review-20260919,subscription_status_paused,,project-context,ff745afbaa7edd705967726b,reviewed-receipt,https://github.com/yeager/translations/blob/67e6d27877c9cfd6b6dbc74bd852b10bdbe09c3c/Bitwarden/sv-bitwarden-mobile-full-review-20260919.json,4e3887d6b78b4b084fa488b7680906187a4c12a0328977d8af4e98e7b1b94781,{}
bc9c265a7bbae680da846857,License,Licens,Bitwarden,sv-bitwarden-mobile-full-review-20260919,License,,project-context,0d15f5affcaf48960e226d24,reviewed-receipt,https://github.com/yeager/translations/blob/67e6d27877c9cfd6b6dbc74bd852b10bdbe09c3c/Bitwarden/sv-bitwarden-mobile-full-review-20260919.json,4e3887d6b78b4b084fa488b7680906187a4c12a0328977d8af4e98e7b1b94781,{}
bcbbd503c4463f06c96b85e9,Length,Längd,Bitwarden,sv-bitwarden-mobile-full-review-20260919,length,,project-context,17dff53af83fd340d9603c39,reviewed-receipt,https://github.com/yeager/translations/blob/67e6d27877c9cfd6b6dbc74bd852b10bdbe09c3c/Bitwarden/sv-bitwarden-mobile-full-review-20260919.json,4e3887d6b78b4b084fa488b7680906187a4c12a0328977d8af4e98e7b1b94781,{}
bcc97eb914b6a48ea8aea2cc,Write your password down,Skriv ner ditt lösenord,Bitwarden,sv-bitwarden-mobile-full-review-20260919,write_your_password_down,,project-context,ad068550271bf2e34b4cd1fd,reviewed-receipt,https://github.com/yeager/translations/blob/67e6d27877c9cfd6b6dbc74bd852b10bdbe09c3c/Bitwarden/sv-bitwarden-mobile-full-review-20260919.json,4e3887d6b78b4b084fa488b7680906187a4c12a0328977d8af4e98e7b1b94781,{}
bcd138063449d6ce0ffc46cf,Icons server URL,Ikonserver-URL,Bitwarden,sv-bitwarden-mobile-full-review-20260919,icons_url,,project-context,f28f773378a4b76ef1e1a7f8,reviewed-receipt,https://github.com/yeager/translations/blob/67e6d27877c9cfd6b6dbc74bd852b10bdbe09c3c/Bitwarden/sv-bitwarden-mobile-full-review-20260919.json,4e3887d6b78b4b084fa488b7680906187a4c12a0328977d8af4e98e7b1b94781,{}
bcd8433166119969073e692a,Unarchiving,Avarkiverar,Bitwarden,sv-bitwarden-mobile-full-review-20260919,unarchiving,,project-context,23dfed568b90110d2782dfdf,reviewed-receipt,https://github.com/yeager/translations/blob/67e6d27877c9cfd6b6dbc74bd852b10bdbe09c3c/Bitwarden/sv-bitwarden-mobile-full-review-20260919.json,4e3887d6b78b4b084fa488b7680906187a4c12a0328977d8af4e98e7b1b94781,{}
bce4f0fd9579dec7b5d5d87a,Show,Visa,Bitwarden,sv-bitwarden-mobile-full-review-20260919,show,,project-context,936272b931b2e43e1e21569f,reviewed-receipt,https://github.com/yeager/translations/blob/67e6d27877c9cfd6b6dbc74bd852b10bdbe09c3c/Bitwarden/sv-bitwarden-mobile-full-review-20260919.json,4e3887d6b78b4b084fa488b7680906187a4c12a0328977d8af4e98e7b1b94781,{}
bcef55e5c8a9320bc10a6beb,Copy passport number,Kopiera passnummer,Bitwarden,sv-bitwarden-mobile-full-review-20260919,copy_passport_number,,project-context,f1241e689020d314ee77a36e,reviewed-receipt,https://github.com/yeager/translations/blob/67e6d27877c9cfd6b6dbc74bd852b10bdbe09c3c/Bitwarden/sv-bitwarden-mobile-full-review-20260919.json,4e3887d6b78b4b084fa488b7680906187a4c12a0328977d8af4e98e7b1b94781,{}
bcf9e87d8d3e44b72d2c213e,Add card,Lägg till kort,Bitwarden,sv-bitwarden-mobile-full-review-20260919,add_card,,project-context,a8d9ce5fb979812c18b34dd8,reviewed-receipt,https://github.com/yeager/translations/blob/67e6d27877c9cfd6b6dbc74bd852b10bdbe09c3c/Bitwarden/sv-bitwarden-mobile-full-review-20260919.json,4e3887d6b78b4b084fa488b7680906187a4c12a0328977d8af4e98e7b1b94781,{}
bd02522080a884287aa34562,Regular expression,Reguljärt uttryck,Bitwarden,sv-bitwarden-mobile-full-review-20260919,reg_ex,,project-context,40a1de2d6bd650312ca01c25,reviewed-receipt,https://github.com/yeager/translations/blob/67e6d27877c9cfd6b6dbc74bd852b10bdbe09c3c/Bitwarden/sv-bitwarden-mobile-full-review-20260919.json,4e3887d6b78b4b084fa488b7680906187a4c12a0328977d8af4e98e7b1b94781,{}
bd452ac2a59ac5e5745f541e,Internet connection required,Internetanslutning krävs,Bitwarden,sv-bitwarden-mobile-full-review-20260919,internet_connection_required_title,,project-context,76e5072ee5e31e5f9afe2f1c,reviewed-receipt,https://github.com/yeager/translations/blob/67e6d27877c9cfd6b6dbc74bd852b10bdbe09c3c/Bitwarden/sv-bitwarden-mobile-full-review-20260919.json,4e3887d6b78b4b084fa488b7680906187a4c12a0328977d8af4e98e7b1b94781,{}
bd493556adcf994451efd02f,Past due,Förfallen,Bitwarden,sv-bitwarden-mobile-full-review-20260919,PastDue,,project-context,8bf076a401732b33957ab622,reviewed-receipt,https://github.com/yeager/translations/blob/67e6d27877c9cfd6b6dbc74bd852b10bdbe09c3c/Bitwarden/sv-bitwarden-mobile-full-review-20260919.json,4e3887d6b78b4b084fa488b7680906187a4c12a0328977d8af4e98e7b1b94781,{}
bd4b3285ea1d49398f5377a2,Manage plan,Hantera prenumeration,Bitwarden,sv-bitwarden-mobile-full-review-20260919,manage_plan,,project-context,b0fd621031b2e2160867457b,reviewed-receipt,https://github.com/yeager/translations/blob/67e6d27877c9cfd6b6dbc74bd852b10bdbe09c3c/Bitwarden/sv-bitwarden-mobile-full-review-20260919.json,4e3887d6b78b4b084fa488b7680906187a4c12a0328977d8af4e98e7b1b94781,{}
bda9b2d17d33fd31ced0bb1c,Sign in using unique codes,Logga in med unika koder,Bitwarden,sv-bitwarden-mobile-full-review-20260919,SignInUsingUniqueCodes,,project-context,20674ae53331ef9c2bb0505c,reviewed-receipt,https://github.com/yeager/translations/blob/67e6d27877c9cfd6b6dbc74bd852b10bdbe09c3c/Bitwarden/sv-bitwarden-mobile-full-review-20260919.json,4e3887d6b78b4b084fa488b7680906187a4c12a0328977d8af4e98e7b1b94781,{}
bdbc7449ada670f0fb22e299,Send deleted,Send har raderats,Bitwarden,sv-bitwarden-mobile-full-review-20260919,send_deleted,,project-context,ced4f9accafcfcf9e05aed9c,reviewed-receipt,https://github.com/yeager/translations/blob/67e6d27877c9cfd6b6dbc74bd852b10bdbe09c3c/Bitwarden/sv-bitwarden-mobile-full-review-20260919.json,4e3887d6b78b4b084fa488b7680906187a4c12a0328977d8af4e98e7b1b94781,{}
be3c250a40dd3d38cb023d90,Launch tutorial,Starta handledning,Bitwarden,sv-bitwarden-mobile-full-review-20260919,LaunchTutorial,,project-context,277a2f79f0212f8c9d84a6dc,reviewed-receipt,https://github.com/yeager/translations/blob/67e6d27877c9cfd6b6dbc74bd852b10bdbe09c3c/Bitwarden/sv-bitwarden-mobile-full-review-20260919.json,4e3887d6b78b4b084fa488b7680906187a4c12a0328977d8af4e98e7b1b94781,{}
be4f3c995b4efb50eb5b8547,Bank account,Bankkonto,Bitwarden,sv-bitwarden-mobile-full-review-20260919,type_bank_account,,project-context,6aa1c16682bbc3dc4b9dbe20,reviewed-receipt,https://github.com/yeager/translations/blob/67e6d27877c9cfd6b6dbc74bd852b10bdbe09c3c/Bitwarden/sv-bitwarden-mobile-full-review-20260919.json,4e3887d6b78b4b084fa488b7680906187a4c12a0328977d8af4e98e7b1b94781,{}
be57044a8dd280297ccbefd8,Lock,Lås,Bitwarden,sv-bitwarden-mobile-full-review-20260919,Lock,,project-context,9b1ad3efaa8f02afcf443a4a,reviewed-receipt,https://github.com/yeager/translations/blob/67e6d27877c9cfd6b6dbc74bd852b10bdbe09c3c/Bitwarden/sv-bitwarden-mobile-full-review-20260919.json,4e3887d6b78b4b084fa488b7680906187a4c12a0328977d8af4e98e7b1b94781,{}
bed603168957b848324e5778,Closes date picker,Stänger datumväljaren,Bitwarden,sv-bitwarden-mobile-full-review-20260919,ClosesDatePicker,,project-context,7dc619aa44143c09c50be039,reviewed-receipt,https://github.com/yeager/translations/blob/67e6d27877c9cfd6b6dbc74bd852b10bdbe09c3c/Bitwarden/sv-bitwarden-mobile-full-review-20260919.json,4e3887d6b78b4b084fa488b7680906187a4c12a0328977d8af4e98e7b1b94781,{}
bedd0e43f90445fec0f8ef78,"A secure, memorable password",Ett säkert lösenord som är lätt att komma ihåg,Bitwarden,sv-bitwarden-mobile-full-review-20260919,a_secure_memorable_password,,project-context,3e15930f007cd25216c91ce2,reviewed-receipt,https://github.com/yeager/translations/blob/67e6d27877c9cfd6b6dbc74bd852b10bdbe09c3c/Bitwarden/sv-bitwarden-mobile-full-review-20260919.json,4e3887d6b78b4b084fa488b7680906187a4c12a0328977d8af4e98e7b1b94781,{}
beeb6b64b2e9d2f85611b11d,Secure your accounts with Bitwarden Authenticator,Säkra dina konton med Bitwarden Authenticator,Bitwarden,sv-bitwarden-mobile-full-review-20260919,secure_your_accounts_with_bitwarden_authenticator,,project-context,a3021a481829fc1a14bf5a4f,reviewed-receipt,https://github.com/yeager/translations/blob/67e6d27877c9cfd6b6dbc74bd852b10bdbe09c3c/Bitwarden/sv-bitwarden-mobile-full-review-20260919.json,4e3887d6b78b4b084fa488b7680906187a4c12a0328977d8af4e98e7b1b94781,{}
bf07727983357c9adb2bfc36,3 days,3 dagar,Bitwarden,sv-bitwarden-mobile-full-review-20260919,three_days,,project-context,2b87a0017c7e604a14f9ee5a,reviewed-receipt,https://github.com/yeager/translations/blob/67e6d27877c9cfd6b6dbc74bd852b10bdbe09c3c/Bitwarden/sv-bitwarden-mobile-full-review-20260919.json,4e3887d6b78b4b084fa488b7680906187a4c12a0328977d8af4e98e7b1b94781,{}
bf184dd7552029135e38343c,Admin approval requested,Godkännande från administratör har begärts,Bitwarden,sv-bitwarden-mobile-full-review-20260919,AdminApprovalRequested,,project-context,264c9324ba19e558fae13974,reviewed-receipt,https://github.com/yeager/translations/blob/67e6d27877c9cfd6b6dbc74bd852b10bdbe09c3c/Bitwarden/sv-bitwarden-mobile-full-review-20260919.json,4e3887d6b78b4b084fa488b7680906187a4c12a0328977d8af4e98e7b1b94781,{}
bf3d55d31e94d39e9e6f0d09,Issuing authority/office,Utfärdande myndighet/kontor,Bitwarden,sv-bitwarden-mobile-full-review-20260919,IssuingAuthorityOffice,,project-context,7de41707dceed1fcb24b2963,reviewed-receipt,https://github.com/yeager/translations/blob/67e6d27877c9cfd6b6dbc74bd852b10bdbe09c3c/Bitwarden/sv-bitwarden-mobile-full-review-20260919.json,4e3887d6b78b4b084fa488b7680906187a4c12a0328977d8af4e98e7b1b94781,{}
bf81fed312d978b6c6693f24,Current plan,Nuvarande prenumeration,Bitwarden,sv-bitwarden-mobile-full-review-20260919,current_plan,,project-context,d30d4f6eb4a9af7b53aeed35,reviewed-receipt,https://github.com/yeager/translations/blob/67e6d27877c9cfd6b6dbc74bd852b10bdbe09c3c/Bitwarden/sv-bitwarden-mobile-full-review-20260919.json,4e3887d6b78b4b084fa488b7680906187a4c12a0328977d8af4e98e7b1b94781,{}
bf8608beb4205a524a79dd14,Never lose access to your vault,Förlora aldrig åtkomsten till ditt valv,Bitwarden,sv-bitwarden-mobile-full-review-20260919,NeverLoseAccessToYourVault,,project-context,dbd6cb71029625afe66f7c99,reviewed-receipt,https://github.com/yeager/translations/blob/67e6d27877c9cfd6b6dbc74bd852b10bdbe09c3c/Bitwarden/sv-bitwarden-mobile-full-review-20260919.json,4e3887d6b78b4b084fa488b7680906187a4c12a0328977d8af4e98e7b1b94781,{}
bfb7b3b0a37633e5aa9cc142,Copy error report,Kopiera felrapport,Bitwarden,sv-bitwarden-mobile-full-review-20260919,CopyErrorReport,,project-context,b4cb04902fb12e42ad5d77c7,reviewed-receipt,https://github.com/yeager/translations/blob/67e6d27877c9cfd6b6dbc74bd852b10bdbe09c3c/Bitwarden/sv-bitwarden-mobile-full-review-20260919.json,4e3887d6b78b4b084fa488b7680906187a4c12a0328977d8af4e98e7b1b94781,{}
bfcfe542460b9106b1f07b76,Enter key manually,Ange nyckel manuellt,Bitwarden,sv-bitwarden-mobile-full-review-20260919,EnterKeyManually,,project-context,276e654665798b97e17e639d,reviewed-receipt,https://github.com/yeager/translations/blob/67e6d27877c9cfd6b6dbc74bd852b10bdbe09c3c/Bitwarden/sv-bitwarden-mobile-full-review-20260919.json,4e3887d6b78b4b084fa488b7680906187a4c12a0328977d8af4e98e7b1b94781,{}
c003023592e4c50e11d1d1e9,Copy private key,Kopiera privat nyckel,Bitwarden,sv-bitwarden-mobile-full-review-20260919,CopyPrivateKey,,project-context,c61da643397b14a51e4458a6,reviewed-receipt,https://github.com/yeager/translations/blob/67e6d27877c9cfd6b6dbc74bd852b10bdbe09c3c/Bitwarden/sv-bitwarden-mobile-full-review-20260919.json,4e3887d6b78b4b084fa488b7680906187a4c12a0328977d8af4e98e7b1b94781,{}
c016612f6d77715131dc172e,External link,Extern länk,Bitwarden,sv-bitwarden-mobile-full-review-20260919,ExternalLink,,project-context,f25b114d5a74623bacf432b3,reviewed-receipt,https://github.com/yeager/translations/blob/67e6d27877c9cfd6b6dbc74bd852b10bdbe09c3c/Bitwarden/sv-bitwarden-mobile-full-review-20260919.json,4e3887d6b78b4b084fa488b7680906187a4c12a0328977d8af4e98e7b1b94781,{}
c0399c79d4c011fb7219bb89,Learn more,Läs mer,Bitwarden,sv-bitwarden-mobile-full-review-20260919,LearnMore,,project-context,190324bcbc20d2845d85ba29,reviewed-receipt,https://github.com/yeager/translations/blob/67e6d27877c9cfd6b6dbc74bd852b10bdbe09c3c/Bitwarden/sv-bitwarden-mobile-full-review-20260919.json,4e3887d6b78b4b084fa488b7680906187a4c12a0328977d8af4e98e7b1b94781,{}
c04936a14ddc546f2123cfcd,Archive is empty,Arkivet är tomt,Bitwarden,sv-bitwarden-mobile-full-review-20260919,ArchiveIsEmpty,,project-context,6afbb2f8617aa09143985723,reviewed-receipt,https://github.com/yeager/translations/blob/67e6d27877c9cfd6b6dbc74bd852b10bdbe09c3c/Bitwarden/sv-bitwarden-mobile-full-review-20260919.json,4e3887d6b78b4b084fa488b7680906187a4c12a0328977d8af4e98e7b1b94781,{}
c05a313aed3e73232cc25a96,Import error,Importfel,Bitwarden,sv-bitwarden-mobile-full-review-20260919,import_error,,project-context,1fe44c6db766b43cdf649cf2,reviewed-receipt,https://github.com/yeager/translations/blob/67e6d27877c9cfd6b6dbc74bd852b10bdbe09c3c/Bitwarden/sv-bitwarden-mobile-full-review-20260919.json,4e3887d6b78b4b084fa488b7680906187a4c12a0328977d8af4e98e7b1b94781,{}
c0655fca08b5d5e502afc7e5,Add SSH key,Lägg till SSH-nyckel,Bitwarden,sv-bitwarden-mobile-full-review-20260919,add_ssh_key,,project-context,7ba155f408dd65ba8e26ffac,reviewed-receipt,https://github.com/yeager/translations/blob/67e6d27877c9cfd6b6dbc74bd852b10bdbe09c3c/Bitwarden/sv-bitwarden-mobile-full-review-20260919.json,4e3887d6b78b4b084fa488b7680906187a4c12a0328977d8af4e98e7b1b94781,{}
c06b83f67ee89ae84a66fbf5,No pending requests,Inga väntande förfrågningar,Bitwarden,sv-bitwarden-mobile-full-review-20260919,NoPendingRequests,,project-context,9e3051a47a4f7d5ee94d23df,reviewed-receipt,https://github.com/yeager/translations/blob/67e6d27877c9cfd6b6dbc74bd852b10bdbe09c3c/Bitwarden/sv-bitwarden-mobile-full-review-20260919.json,4e3887d6b78b4b084fa488b7680906187a4c12a0328977d8af4e98e7b1b94781,{}
c0737292c0369d78e555929a,Identities,Identiteter,Bitwarden,sv-bitwarden-mobile-full-review-20260919,Identities,,project-context,cda1dcd2a90c73ee26ed363a,reviewed-receipt,https://github.com/yeager/translations/blob/67e6d27877c9cfd6b6dbc74bd852b10bdbe09c3c/Bitwarden/sv-bitwarden-mobile-full-review-20260919.json,4e3887d6b78b4b084fa488b7680906187a4c12a0328977d8af4e98e7b1b94781,{}
c0b51766a999188e5a8307e8,Never lose access to your vault,Förlora aldrig åtkomst till ditt valv,Bitwarden,sv-bitwarden-mobile-full-review-20260919,never_lose_access_to_your_vault,,project-context,8a222867b6b57b4ffc3e7686,reviewed-receipt,https://github.com/yeager/translations/blob/67e6d27877c9cfd6b6dbc74bd852b10bdbe09c3c/Bitwarden/sv-bitwarden-mobile-full-review-20260919.json,4e3887d6b78b4b084fa488b7680906187a4c12a0328977d8af4e98e7b1b94781,{}
c0d6eb0879000ef7d7fde548,Failed to generate verification code,Misslyckades med att generera verifieringskod,Bitwarden,sv-bitwarden-mobile-full-review-20260919,FailedToGenerateVerificationCode,,project-context,a04c606a30c041a2fe30f694,reviewed-receipt,https://github.com/yeager/translations/blob/67e6d27877c9cfd6b6dbc74bd852b10bdbe09c3c/Bitwarden/sv-bitwarden-mobile-full-review-20260919.json,4e3887d6b78b4b084fa488b7680906187a4c12a0328977d8af4e98e7b1b94781,{}
c0e475aeb78ea546b5b87f7d,User ID unavailable,Användar-ID inte tillgängligt,Bitwarden,sv-bitwarden-mobile-full-review-20260919,UserIDUnavailable,,project-context,ba3849ecff04202900102e0b,reviewed-receipt,https://github.com/yeager/translations/blob/67e6d27877c9cfd6b6dbc74bd852b10bdbe09c3c/Bitwarden/sv-bitwarden-mobile-full-review-20260919.json,4e3887d6b78b4b084fa488b7680906187a4c12a0328977d8af4e98e7b1b94781,{}
c0fd91a84b00fd2bec94243d,Turn on later,Slå på senare,Bitwarden,sv-bitwarden-mobile-full-review-20260919,TurnOnLater,,project-context,a42c158ff6135124850cfcab,reviewed-receipt,https://github.com/yeager/translations/blob/67e6d27877c9cfd6b6dbc74bd852b10bdbe09c3c/Bitwarden/sv-bitwarden-mobile-full-review-20260919.json,4e3887d6b78b4b084fa488b7680906187a4c12a0328977d8af4e98e7b1b94781,{}
c11527ee359c78d8bf8e4635,Scan a QR code,Skanna en QR-kod,Bitwarden,sv-bitwarden-mobile-full-review-20260919,scan_a_qr_code,,project-context,e0e15c67fd2645767781a22a,reviewed-receipt,https://github.com/yeager/translations/blob/67e6d27877c9cfd6b6dbc74bd852b10bdbe09c3c/Bitwarden/sv-bitwarden-mobile-full-review-20260919.json,4e3887d6b78b4b084fa488b7680906187a4c12a0328977d8af4e98e7b1b94781,{}
c1200c9a5031607382e9059d,Unknown,Okänd,Bitwarden,sv-bitwarden-mobile-full-review-20260919,UnknownStatus,,project-context,3ec227c4878064d15acb67fa,reviewed-receipt,https://github.com/yeager/translations/blob/67e6d27877c9cfd6b6dbc74bd852b10bdbe09c3c/Bitwarden/sv-bitwarden-mobile-full-review-20260919.json,4e3887d6b78b4b084fa488b7680906187a4c12a0328977d8af4e98e7b1b94781,{}
c1649b05802c90216f14ed3a,Why is this step required?,Varför krävs detta steg?,Bitwarden,sv-bitwarden-mobile-full-review-20260919,why_is_this_step_required,,project-context,0475bf97ce3005ef47ef1739,reviewed-receipt,https://github.com/yeager/translations/blob/67e6d27877c9cfd6b6dbc74bd852b10bdbe09c3c/Bitwarden/sv-bitwarden-mobile-full-review-20260919.json,4e3887d6b78b4b084fa488b7680906187a4c12a0328977d8af4e98e7b1b94781,{}
c16b87ad65821c4cdc87cf40,Import client certificate,Importera klientcertifikat,Bitwarden,sv-bitwarden-mobile-full-review-20260919,import_client_certificate,,project-context,6393fe41919f698f435ecce2,reviewed-receipt,https://github.com/yeager/translations/blob/67e6d27877c9cfd6b6dbc74bd852b10bdbe09c3c/Bitwarden/sv-bitwarden-mobile-full-review-20260919.json,4e3887d6b78b4b084fa488b7680906187a4c12a0328977d8af4e98e7b1b94781,{}
c16daadd2d1bbbb6470b9ea8,Email,E-post,Bitwarden,sv-bitwarden-mobile-full-review-20260919,email,,project-context,e94d727136782926f1635f88,reviewed-receipt,https://github.com/yeager/translations/blob/67e6d27877c9cfd6b6dbc74bd852b10bdbe09c3c/Bitwarden/sv-bitwarden-mobile-full-review-20260919.json,4e3887d6b78b4b084fa488b7680906187a4c12a0328977d8af4e98e7b1b94781,{}
c16f4414982872d791474b8a,Inline (shows in keyboard),Inline (visas i tangentbordet),Bitwarden,sv-bitwarden-mobile-full-review-20260919,autofill_suggestions_inline,,project-context,40e16259492df3bd055e37c2,reviewed-receipt,https://github.com/yeager/translations/blob/67e6d27877c9cfd6b6dbc74bd852b10bdbe09c3c/Bitwarden/sv-bitwarden-mobile-full-review-20260919.json,4e3887d6b78b4b084fa488b7680906187a4c12a0328977d8af4e98e7b1b94781,{}
c185a06e3136c3dad4189984,Verification code added,Verifieringskod har lagts till,Bitwarden,sv-bitwarden-mobile-full-review-20260919,verification_code_added,,project-context,0869a190dce4cb22062b3cdb,reviewed-receipt,https://github.com/yeager/translations/blob/67e6d27877c9cfd6b6dbc74bd852b10bdbe09c3c/Bitwarden/sv-bitwarden-mobile-full-review-20260919.json,4e3887d6b78b4b084fa488b7680906187a4c12a0328977d8af4e98e7b1b94781,{}
c191d77f3f1152a31cc6657e,There are no attachments.,Det finns inga bilagor.,Bitwarden,sv-bitwarden-mobile-full-review-20260919,NoAttachments,,project-context,a7d3e5d6c2032bd66c62cec7,reviewed-receipt,https://github.com/yeager/translations/blob/67e6d27877c9cfd6b6dbc74bd852b10bdbe09c3c/Bitwarden/sv-bitwarden-mobile-full-review-20260919.json,4e3887d6b78b4b084fa488b7680906187a4c12a0328977d8af4e98e7b1b94781,{}
c1c87b518d8a966d2a842a53,Enterprise single sign-on,Single Sign-On för företag,Bitwarden,sv-bitwarden-mobile-full-review-20260919,LogInSso,,project-context,86ff16eb540c406a85c0a8ef,reviewed-receipt,https://github.com/yeager/translations/blob/67e6d27877c9cfd6b6dbc74bd852b10bdbe09c3c/Bitwarden/sv-bitwarden-mobile-full-review-20260919.json,4e3887d6b78b4b084fa488b7680906187a4c12a0328977d8af4e98e7b1b94781,{}
c22a9845698f0de1a842d9e6,Dismiss,Avfärda,Bitwarden,sv-bitwarden-mobile-full-review-20260919,Dismiss,,project-context,a6bc13731bfaaf23ea1bd4e4,reviewed-receipt,https://github.com/yeager/translations/blob/67e6d27877c9cfd6b6dbc74bd852b10bdbe09c3c/Bitwarden/sv-bitwarden-mobile-full-review-20260919.json,4e3887d6b78b4b084fa488b7680906187a4c12a0328977d8af4e98e7b1b94781,{}
c253a3e9bb3af77146551a7f,Company,Företag,Bitwarden,sv-bitwarden-mobile-full-review-20260919,company,,project-context,3bd0324573f2264ae0d6c079,reviewed-receipt,https://github.com/yeager/translations/blob/67e6d27877c9cfd6b6dbc74bd852b10bdbe09c3c/Bitwarden/sv-bitwarden-mobile-full-review-20260919.json,4e3887d6b78b4b084fa488b7680906187a4c12a0328977d8af4e98e7b1b94781,{}
c273144654207c1d2b2e2083,Share link,Dela länk,Bitwarden,sv-bitwarden-mobile-full-review-20260919,ShareLink,,project-context,6fc1f727b95b8670842781c4,reviewed-receipt,https://github.com/yeager/translations/blob/67e6d27877c9cfd6b6dbc74bd852b10bdbe09c3c/Bitwarden/sv-bitwarden-mobile-full-review-20260919.json,4e3887d6b78b4b084fa488b7680906187a4c12a0328977d8af4e98e7b1b94781,{}
c2942ee57c3d54caf2f9bd8d,File Source,Filkälla,Bitwarden,sv-bitwarden-mobile-full-review-20260919,file_source,,project-context,af02e1e800f86a490b51d418,reviewed-receipt,https://github.com/yeager/translations/blob/67e6d27877c9cfd6b6dbc74bd852b10bdbe09c3c/Bitwarden/sv-bitwarden-mobile-full-review-20260919.json,4e3887d6b78b4b084fa488b7680906187a4c12a0328977d8af4e98e7b1b94781,{}
c295f384e599377a98b8bdb1,Pending request,Väntande begäran,Bitwarden,sv-bitwarden-mobile-full-review-20260919,PendingRequest,,project-context,cc6544ba32a40ff66c6b7808,reviewed-receipt,https://github.com/yeager/translations/blob/67e6d27877c9cfd6b6dbc74bd852b10bdbe09c3c/Bitwarden/sv-bitwarden-mobile-full-review-20260919.json,4e3887d6b78b4b084fa488b7680906187a4c12a0328977d8af4e98e7b1b94781,{}
c2a243e1c3cb759e54743b32,Remember me,Kom ihåg mig,Bitwarden,sv-bitwarden-mobile-full-review-20260919,RememberMe,,project-context,4d6966d870931fe89ad280b9,reviewed-receipt,https://github.com/yeager/translations/blob/67e6d27877c9cfd6b6dbc74bd852b10bdbe09c3c/Bitwarden/sv-bitwarden-mobile-full-review-20260919.json,4e3887d6b78b4b084fa488b7680906187a4c12a0328977d8af4e98e7b1b94781,{}
c2d4d71a2802399da1bcf5c8,Add a trusted emergency contact,Lägg till en betrodd nödkontakt,Bitwarden,sv-bitwarden-mobile-full-review-20260919,AddATrustedEmergencyContact,,project-context,6d858756368741d9bdedef53,reviewed-receipt,https://github.com/yeager/translations/blob/67e6d27877c9cfd6b6dbc74bd852b10bdbe09c3c/Bitwarden/sv-bitwarden-mobile-full-review-20260919.json,4e3887d6b78b4b084fa488b7680906187a4c12a0328977d8af4e98e7b1b94781,{}
c3489fcd3476d53b696b6b63,Not you?,Är det inte du?,Bitwarden,sv-bitwarden-mobile-full-review-20260919,not_you,,project-context,e7f0543388fef76c2485aa47,reviewed-receipt,https://github.com/yeager/translations/blob/67e6d27877c9cfd6b6dbc74bd852b10bdbe09c3c/Bitwarden/sv-bitwarden-mobile-full-review-20260919.json,4e3887d6b78b4b084fa488b7680906187a4c12a0328977d8af4e98e7b1b94781,{}
c363002ead3f2cd3c1f981c8,Total,Totalt,Bitwarden,sv-bitwarden-mobile-full-review-20260919,total,,project-context,0193aea3fd1de4894ef825f1,reviewed-receipt,https://github.com/yeager/translations/blob/67e6d27877c9cfd6b6dbc74bd852b10bdbe09c3c/Bitwarden/sv-bitwarden-mobile-full-review-20260919.json,4e3887d6b78b4b084fa488b7680906187a4c12a0328977d8af4e98e7b1b94781,{}
c3935bc6fa8a555fd6095d23,Allow camera access,Tillåt kameraåtkomst,Bitwarden,sv-bitwarden-mobile-full-review-20260919,allow_camera_access,,project-context,f396bffdf9e14c65736b00fd,reviewed-receipt,https://github.com/yeager/translations/blob/67e6d27877c9cfd6b6dbc74bd852b10bdbe09c3c/Bitwarden/sv-bitwarden-mobile-full-review-20260919.json,4e3887d6b78b4b084fa488b7680906187a4c12a0328977d8af4e98e7b1b94781,{}
c3c3140152e145e6ee650ab5,Check your plan for details.,Kontrollera din prenumeration för detaljer.,Bitwarden,sv-bitwarden-mobile-full-review-20260919,check_your_plan_for_details,,project-context,1b4c5abb78efb717f404fcbb,reviewed-receipt,https://github.com/yeager/translations/blob/67e6d27877c9cfd6b6dbc74bd852b10bdbe09c3c/Bitwarden/sv-bitwarden-mobile-full-review-20260919.json,4e3887d6b78b4b084fa488b7680906187a4c12a0328977d8af4e98e7b1b94781,{}
c3c56da88ba01784e6fc85cc,Terms of Service,Användarvillkor,Bitwarden,sv-bitwarden-mobile-full-review-20260919,terms_of_service,,project-context,3df017cdb7ad353dfee21cdd,reviewed-receipt,https://github.com/yeager/translations/blob/67e6d27877c9cfd6b6dbc74bd852b10bdbe09c3c/Bitwarden/sv-bitwarden-mobile-full-review-20260919.json,4e3887d6b78b4b084fa488b7680906187a4c12a0328977d8af4e98e7b1b94781,{}
c3d9c2523040a7a6cf5fe02e,New folder created,Ny mapp skapad,Bitwarden,sv-bitwarden-mobile-lint-fixes-published-20260919,folder_created,,project-context,bbb84432f334f9a43d9e0dfd,reviewed-receipt,https://github.com/yeager/translations/blob/67e6d27877c9cfd6b6dbc74bd852b10bdbe09c3c/Bitwarden/sv-bitwarden-mobile-lint-fixes-published-20260919.json,b718e67ef827f6e9044a4980161854a72414c67066b327264251649b44b932d1,{}
c41597cb9887b7ae41b84189,Save and protect your data,Spara och skydda din data,Bitwarden,sv-bitwarden-mobile-full-review-20260919,SaveAndProtectYourData,,project-context,51ad60125a9f775230426a20,reviewed-receipt,https://github.com/yeager/translations/blob/67e6d27877c9cfd6b6dbc74bd852b10bdbe09c3c/Bitwarden/sv-bitwarden-mobile-full-review-20260919.json,4e3887d6b78b4b084fa488b7680906187a4c12a0328977d8af4e98e7b1b94781,{}
c4180b6a9d9242f583c8ae63,Import logins to Bitwarden,Importera inloggningar till Bitwarden,Bitwarden,sv-bitwarden-mobile-full-review-20260919,import_logins_to_bitwarden,,project-context,c700bad9fbf7fbb96a2e5b70,reviewed-receipt,https://github.com/yeager/translations/blob/67e6d27877c9cfd6b6dbc74bd852b10bdbe09c3c/Bitwarden/sv-bitwarden-mobile-full-review-20260919.json,4e3887d6b78b4b084fa488b7680906187a4c12a0328977d8af4e98e7b1b94781,{}
c41a2bd6bac10e16ced53656,Copy PIN,Kopiera PIN-kod,Bitwarden,sv-bitwarden-mobile-full-review-20260919,copy_pin,,project-context,46205397a34a9fb4aa5346eb,reviewed-receipt,https://github.com/yeager/translations/blob/67e6d27877c9cfd6b6dbc74bd852b10bdbe09c3c/Bitwarden/sv-bitwarden-mobile-full-review-20260919.json,4e3887d6b78b4b084fa488b7680906187a4c12a0328977d8af4e98e7b1b94781,{}
c474992fd4ee7d82f336d3a0,File format,Filformat,Bitwarden,sv-bitwarden-mobile-full-review-20260919,FileFormat,,project-context,610d8f0e61fd986ff28be4cc,reviewed-receipt,https://github.com/yeager/translations/blob/67e6d27877c9cfd6b6dbc74bd852b10bdbe09c3c/Bitwarden/sv-bitwarden-mobile-full-review-20260919.json,4e3887d6b78b4b084fa488b7680906187a4c12a0328977d8af4e98e7b1b94781,{}
c48a581c61dea639894d9828,Cannot add authenticator key?,Kan inte lägga till autentiseringsnyckel?,Bitwarden,sv-bitwarden-mobile-full-review-20260919,CannotAddAuthenticatorKey,,project-context,c9ad3643d0d4410362f32483,reviewed-receipt,https://github.com/yeager/translations/blob/67e6d27877c9cfd6b6dbc74bd852b10bdbe09c3c/Bitwarden/sv-bitwarden-mobile-full-review-20260919.json,4e3887d6b78b4b084fa488b7680906187a4c12a0328977d8af4e98e7b1b94781,{}
c53b148ee9db1092e342a1b5,Check out the passphrase generator,Kolla in lösenordsfrasgeneratorn,Bitwarden,sv-bitwarden-mobile-full-review-20260919,check_out_the_passphrase_generator,,project-context,a298810e8a14f1c529009a11,reviewed-receipt,https://github.com/yeager/translations/blob/67e6d27877c9cfd6b6dbc74bd852b10bdbe09c3c/Bitwarden/sv-bitwarden-mobile-full-review-20260919.json,4e3887d6b78b4b084fa488b7680906187a4c12a0328977d8af4e98e7b1b94781,{}
c55ef37a5997f0a0e75b1505,SSH key saved,SSH-nyckel sparad,Bitwarden,sv-bitwarden-mobile-full-review-20260919,ssh_key_saved,,project-context,075c48b1da95128fae420386,reviewed-receipt,https://github.com/yeager/translations/blob/67e6d27877c9cfd6b6dbc74bd852b10bdbe09c3c/Bitwarden/sv-bitwarden-mobile-full-review-20260919.json,4e3887d6b78b4b084fa488b7680906187a4c12a0328977d8af4e98e7b1b94781,{}
c5633992407a9ba92b0f2345,Flight recorder help,Hjälp med färdskrivare,Bitwarden,sv-bitwarden-mobile-full-review-20260919,flight_recorder_help,,project-context,2da0de33ca2da992847daaa3,reviewed-receipt,https://github.com/yeager/translations/blob/67e6d27877c9cfd6b6dbc74bd852b10bdbe09c3c/Bitwarden/sv-bitwarden-mobile-full-review-20260919.json,4e3887d6b78b4b084fa488b7680906187a4c12a0328977d8af4e98e7b1b94781,{}
c5a55791bb99a80065630d3f,Item deleted,Objektet har raderats,Bitwarden,sv-bitwarden-mobile-full-review-20260919,ItemDeleted,,project-context,f9e5081de7739986c0d2a50d,reviewed-receipt,https://github.com/yeager/translations/blob/67e6d27877c9cfd6b6dbc74bd852b10bdbe09c3c/Bitwarden/sv-bitwarden-mobile-full-review-20260919.json,4e3887d6b78b4b084fa488b7680906187a4c12a0328977d8af4e98e7b1b94781,{}
c661fc5599d74e3515192f65,App settings,Appinställningar,Bitwarden,sv-bitwarden-mobile-full-review-20260919,AppSettings,,project-context,a89e1f71fff0e76f5daa4d89,reviewed-receipt,https://github.com/yeager/translations/blob/67e6d27877c9cfd6b6dbc74bd852b10bdbe09c3c/Bitwarden/sv-bitwarden-mobile-full-review-20260919.json,4e3887d6b78b4b084fa488b7680906187a4c12a0328977d8af4e98e7b1b94781,{}
c6a10d83fbe7b2f918400c04,Bank accounts,Bankkonton,Bitwarden,sv-bitwarden-mobile-full-review-20260919,bank_accounts,,project-context,cc90ec33395325ebdaaa24e2,reviewed-receipt,https://github.com/yeager/translations/blob/67e6d27877c9cfd6b6dbc74bd852b10bdbe09c3c/Bitwarden/sv-bitwarden-mobile-full-review-20260919.json,4e3887d6b78b4b084fa488b7680906187a4c12a0328977d8af4e98e7b1b94781,{}
c6aaaf85f7a9d9636d0fcfb4,Verify your identity,Verifiera din identitet,Bitwarden,sv-bitwarden-mobile-full-review-20260919,VerifyYourIdentity,,project-context,3d07d7d8c6cad702bc77adb8,reviewed-receipt,https://github.com/yeager/translations/blob/67e6d27877c9cfd6b6dbc74bd852b10bdbe09c3c/Bitwarden/sv-bitwarden-mobile-full-review-20260919.json,4e3887d6b78b4b084fa488b7680906187a4c12a0328977d8af4e98e7b1b94781,{}
c6c61bdb822417ff8c1919e7,Over 30 days ago,Mer än 30 dagar sedan,Bitwarden,sv-bitwarden-mobile-full-review-20260919,OverThirtyDaysAgo,,project-context,4e319ded6aab65c462d62c8d,reviewed-receipt,https://github.com/yeager/translations/blob/67e6d27877c9cfd6b6dbc74bd852b10bdbe09c3c/Bitwarden/sv-bitwarden-mobile-full-review-20260919.json,4e3887d6b78b4b084fa488b7680906187a4c12a0328977d8af4e98e7b1b94781,{}
c6d7030160aa064de2f58b4b,Deleting…,Tar bort…,Bitwarden,sv-bitwarden-mobile-full-review-20260919,Deleting,,project-context,c21c38ebb6e0c19bb16abf6e,reviewed-receipt,https://github.com/yeager/translations/blob/67e6d27877c9cfd6b6dbc74bd852b10bdbe09c3c/Bitwarden/sv-bitwarden-mobile-full-review-20260919.json,4e3887d6b78b4b084fa488b7680906187a4c12a0328977d8af4e98e7b1b94781,{}
c6da65e0d8f256ae9232a409,Username,Användarnamn,Bitwarden,sv-bitwarden-mobile-full-review-20260919,Username,,project-context,5f4a39110112ad04da19ce2f,reviewed-receipt,https://github.com/yeager/translations/blob/67e6d27877c9cfd6b6dbc74bd852b10bdbe09c3c/Bitwarden/sv-bitwarden-mobile-full-review-20260919.json,4e3887d6b78b4b084fa488b7680906187a4c12a0328977d8af4e98e7b1b94781,{}
c70de0ed4e101fde9b0ddc90,Show website icons help,Visa hjälp för webbplatsikoner,Bitwarden,sv-bitwarden-mobile-full-review-20260919,show_website_icons_help,,project-context,1c0def03a76647a8d284fd37,reviewed-receipt,https://github.com/yeager/translations/blob/67e6d27877c9cfd6b6dbc74bd852b10bdbe09c3c/Bitwarden/sv-bitwarden-mobile-full-review-20260919.json,4e3887d6b78b4b084fa488b7680906187a4c12a0328977d8af4e98e7b1b94781,{}
c732222dd7ce0ba61f9695e8,File Could Not Be Processed,Filen kunde inte behandlas,Bitwarden,sv-bitwarden-mobile-full-review-20260919,file_could_not_be_processed,,project-context,3a1ddda40b3d46890540f7d3,reviewed-receipt,https://github.com/yeager/translations/blob/67e6d27877c9cfd6b6dbc74bd852b10bdbe09c3c/Bitwarden/sv-bitwarden-mobile-full-review-20260919.json,4e3887d6b78b4b084fa488b7680906187a4c12a0328977d8af4e98e7b1b94781,{}
c76ce9d97d6ba70219309280,Scan QR Code,Skanna QR-kod,Bitwarden,sv-bitwarden-mobile-full-review-20260919,ScanQRCode,,project-context,eb354cd6dfddeb1a4a817e10,reviewed-receipt,https://github.com/yeager/translations/blob/67e6d27877c9cfd6b6dbc74bd852b10bdbe09c3c/Bitwarden/sv-bitwarden-mobile-full-review-20260919.json,4e3887d6b78b4b084fa488b7680906187a4c12a0328977d8af4e98e7b1b94781,{}
c79065d2d3bcdc8c53135384,Address,Adress,Bitwarden,sv-bitwarden-mobile-full-review-20260919,address,,project-context,6628227edb97fc6cdd067128,reviewed-receipt,https://github.com/yeager/translations/blob/67e6d27877c9cfd6b6dbc74bd852b10bdbe09c3c/Bitwarden/sv-bitwarden-mobile-full-review-20260919.json,4e3887d6b78b4b084fa488b7680906187a4c12a0328977d8af4e98e7b1b94781,{}
c7ae74751b052119f5c92fde,Item name (required),Objektnamn (krävs),Bitwarden,sv-bitwarden-mobile-full-review-20260919,item_name_required,,project-context,c5cd933fdd7d75f20c69a802,reviewed-receipt,https://github.com/yeager/translations/blob/67e6d27877c9cfd6b6dbc74bd852b10bdbe09c3c/Bitwarden/sv-bitwarden-mobile-full-review-20260919.json,4e3887d6b78b4b084fa488b7680906187a4c12a0328977d8af4e98e7b1b94781,{}
c7d1826847370da8ffd43106,Accessibility Service Disclosure,Delgivning av tillgänglighetstjänst,Bitwarden,sv-bitwarden-mobile-full-review-20260919,accessibility_service_disclosure,,project-context,7935575ee31afea8cfc090d1,reviewed-receipt,https://github.com/yeager/translations/blob/67e6d27877c9cfd6b6dbc74bd852b10bdbe09c3c/Bitwarden/sv-bitwarden-mobile-full-review-20260919.json,4e3887d6b78b4b084fa488b7680906187a4c12a0328977d8af4e98e7b1b94781,{}
c81d8029a9c86c6bb4bf62e8,Current session,Aktuell session,Bitwarden,sv-bitwarden-mobile-full-review-20260919,CurrentSession,,project-context,52b4e37bde7b8ca41298c711,reviewed-receipt,https://github.com/yeager/translations/blob/67e6d27877c9cfd6b6dbc74bd852b10bdbe09c3c/Bitwarden/sv-bitwarden-mobile-full-review-20260919.json,4e3887d6b78b4b084fa488b7680906187a4c12a0328977d8af4e98e7b1b94781,{}
c83b13e43b93e962ae41f86e,Custom environment,Anpassad miljö,Bitwarden,sv-bitwarden-mobile-full-review-20260919,custom_environment,,project-context,b39c2deea09460c265645994,reviewed-receipt,https://github.com/yeager/translations/blob/67e6d27877c9cfd6b6dbc74bd852b10bdbe09c3c/Bitwarden/sv-bitwarden-mobile-full-review-20260919.json,4e3887d6b78b4b084fa488b7680906187a4c12a0328977d8af4e98e7b1b94781,{}
c83da92ab9fb5c151ef96d8a,No organizations to list.,Inga organisationer att lista.,Bitwarden,sv-bitwarden-mobile-full-review-20260919,no_orgs_to_list,,project-context,6434db177c1290f97cbfd5e4,reviewed-receipt,https://github.com/yeager/translations/blob/67e6d27877c9cfd6b6dbc74bd852b10bdbe09c3c/Bitwarden/sv-bitwarden-mobile-full-review-20260919.json,4e3887d6b78b4b084fa488b7680906187a4c12a0328977d8af4e98e7b1b94781,{}
c855bbb1cd2b31d3ee7a0fe2,Keep your credentials secure,Håll dina inloggningsuppgifter säkra,Bitwarden,sv-bitwarden-mobile-full-review-20260919,KeepYourCredentialsSecure,,project-context,437b84ff69f6fb85b65fc37f,reviewed-receipt,https://github.com/yeager/translations/blob/67e6d27877c9cfd6b6dbc74bd852b10bdbe09c3c/Bitwarden/sv-bitwarden-mobile-full-review-20260919.json,4e3887d6b78b4b084fa488b7680906187a4c12a0328977d8af4e98e7b1b94781,{}
c859a90b1fc153a8521ba736,Removing password,Tar bort lösenord,Bitwarden,sv-bitwarden-mobile-full-review-20260919,RemovingSendPassword,,project-context,4735e721d26cd319e686d9c6,reviewed-receipt,https://github.com/yeager/translations/blob/67e6d27877c9cfd6b6dbc74bd852b10bdbe09c3c/Bitwarden/sv-bitwarden-mobile-full-review-20260919.json,4e3887d6b78b4b084fa488b7680906187a4c12a0328977d8af4e98e7b1b94781,{}
c86029f75d751a3d2eee6fdb,Give your vault a head start,Ge ditt valv ett försprång,Bitwarden,sv-bitwarden-mobile-full-review-20260919,give_your_vault_a_head_start,,project-context,19065adb99a00464d81bc3cc,reviewed-receipt,https://github.com/yeager/translations/blob/67e6d27877c9cfd6b6dbc74bd852b10bdbe09c3c/Bitwarden/sv-bitwarden-mobile-full-review-20260919.json,4e3887d6b78b4b084fa488b7680906187a4c12a0328977d8af4e98e7b1b94781,{}
c868b2bd3e602bdcb1345ebc,Send created,Ny Send har skapats,Bitwarden,sv-bitwarden-mobile-full-review-20260919,NewSendCreated,,project-context,68360de450d967f11ceed1f7,reviewed-receipt,https://github.com/yeager/translations/blob/67e6d27877c9cfd6b6dbc74bd852b10bdbe09c3c/Bitwarden/sv-bitwarden-mobile-full-review-20260919.json,4e3887d6b78b4b084fa488b7680906187a4c12a0328977d8af4e98e7b1b94781,{}
c8856861703f5dbc9d09582c,Breach monitoring,Intrångsmonitorering,Bitwarden,sv-bitwarden-mobile-full-review-20260919,BreachMonitoring,,project-context,bf3d4888b700cff64d6a66b0,reviewed-receipt,https://github.com/yeager/translations/blob/67e6d27877c9cfd6b6dbc74bd852b10bdbe09c3c/Bitwarden/sv-bitwarden-mobile-full-review-20260919.json,4e3887d6b78b4b084fa488b7680906187a4c12a0328977d8af4e98e7b1b94781,{}
c8c099d4752c2bd19fbb3921,Turn on browser autofill integration,Slå på integration för autofyll i webbläsaren,Bitwarden,sv-bitwarden-mobile-full-review-20260919,turn_on_browser_autofill_integration,,project-context,93e333ec65a9ce70d663a74e,reviewed-receipt,https://github.com/yeager/translations/blob/67e6d27877c9cfd6b6dbc74bd852b10bdbe09c3c/Bitwarden/sv-bitwarden-mobile-full-review-20260919.json,4e3887d6b78b4b084fa488b7680906187a4c12a0328977d8af4e98e7b1b94781,{}
c8db14e4446ddd3b4bec5b1a,Edit item,Redigera objekt,Bitwarden,sv-bitwarden-mobile-full-review-20260919,edit_item,,project-context,fbfd4f1237c84e215c186770,reviewed-receipt,https://github.com/yeager/translations/blob/67e6d27877c9cfd6b6dbc74bd852b10bdbe09c3c/Bitwarden/sv-bitwarden-mobile-full-review-20260919.json,4e3887d6b78b4b084fa488b7680906187a4c12a0328977d8af4e98e7b1b94781,{}
c8ebcc6981ed09709d7a3d5f,No thanks,Nej tack,Bitwarden,sv-bitwarden-mobile-full-review-20260919,no_thanks,,project-context,ecda6d07b232b79d5bc4e61d,reviewed-receipt,https://github.com/yeager/translations/blob/67e6d27877c9cfd6b6dbc74bd852b10bdbe09c3c/Bitwarden/sv-bitwarden-mobile-full-review-20260919.json,4e3887d6b78b4b084fa488b7680906187a4c12a0328977d8af4e98e7b1b94781,{}
c8f464ad82138075abf8dc1d,30 seconds,30 sekunder,Bitwarden,sv-bitwarden-mobile-full-review-20260919,thirty_seconds,,project-context,2c4f03afcc1e47d971f92f19,reviewed-receipt,https://github.com/yeager/translations/blob/67e6d27877c9cfd6b6dbc74bd852b10bdbe09c3c/Bitwarden/sv-bitwarden-mobile-full-review-20260919.json,4e3887d6b78b4b084fa488b7680906187a4c12a0328977d8af4e98e7b1b94781,{}
c90d63fdaf2874d46d5c50d3,Pending login requests,Väntande inloggningsförfrågningar,Bitwarden,sv-bitwarden-mobile-full-review-20260919,pending_log_in_requests,,project-context,857fb7bd09a860b8afbe0dd6,reviewed-receipt,https://github.com/yeager/translations/blob/67e6d27877c9cfd6b6dbc74bd852b10bdbe09c3c/Bitwarden/sv-bitwarden-mobile-full-review-20260919.json,4e3887d6b78b4b084fa488b7680906187a4c12a0328977d8af4e98e7b1b94781,{}
c91758fea86ea95bda7c2572,View login,Visa inloggning,Bitwarden,sv-bitwarden-mobile-full-review-20260919,view_login,,project-context,202b9a997af26f49d42f4338,reviewed-receipt,https://github.com/yeager/translations/blob/67e6d27877c9cfd6b6dbc74bd852b10bdbe09c3c/Bitwarden/sv-bitwarden-mobile-full-review-20260919.json,4e3887d6b78b4b084fa488b7680906187a4c12a0328977d8af4e98e7b1b94781,{}
c924eed4fb773ef20f32ba05,View text Send,Visa text Skicka,Bitwarden,sv-bitwarden-mobile-full-review-20260919,view_text_send,,project-context,49f4f96b91ed78adb102e777,reviewed-receipt,https://github.com/yeager/translations/blob/67e6d27877c9cfd6b6dbc74bd852b10bdbe09c3c/Bitwarden/sv-bitwarden-mobile-full-review-20260919.json,4e3887d6b78b4b084fa488b7680906187a4c12a0328977d8af4e98e7b1b94781,{}
c93fe6f376105b202993496c,Set session timeout to “Log out”?,Ställ in sessionstidsgränsen till “Logga ut”?,Bitwarden,sv-bitwarden-mobile-full-review-20260919,vault_timeout_log_out_confirmation_title,,project-context,3949bee800ab64fe4362df85,reviewed-receipt,https://github.com/yeager/translations/blob/67e6d27877c9cfd6b6dbc74bd852b10bdbe09c3c/Bitwarden/sv-bitwarden-mobile-full-review-20260919.json,4e3887d6b78b4b084fa488b7680906187a4c12a0328977d8af4e98e7b1b94781,{}
c947df70ac016fa4971ea5e1,Set up autofill,Ställ in autofyllning,Bitwarden,sv-bitwarden-mobile-full-review-20260919,SetUpAutofill,,project-context,74839a76f2a37e0d6b3c90d6,reviewed-receipt,https://github.com/yeager/translations/blob/67e6d27877c9cfd6b6dbc74bd852b10bdbe09c3c/Bitwarden/sv-bitwarden-mobile-full-review-20260919.json,4e3887d6b78b4b084fa488b7680906187a4c12a0328977d8af4e98e7b1b94781,{}
c966bd21744ba7ea517e9a92,Invalid master password. Try again.,Ogiltigt huvudlösenord. Försök igen.,Bitwarden,sv-bitwarden-mobile-full-review-20260919,InvalidMasterPassword,,project-context,385e71db8b8c48e0e811cd12,reviewed-receipt,https://github.com/yeager/translations/blob/67e6d27877c9cfd6b6dbc74bd852b10bdbe09c3c/Bitwarden/sv-bitwarden-mobile-full-review-20260919.json,4e3887d6b78b4b084fa488b7680906187a4c12a0328977d8af4e98e7b1b94781,{}
c96822505cc1da3c3a0cd266,View all log in options,Visa alla inloggningsalternativ,Bitwarden,sv-bitwarden-mobile-full-review-20260919,view_all_login_options,,project-context,1767c8dabab5b5f807ee5d96,reviewed-receipt,https://github.com/yeager/translations/blob/67e6d27877c9cfd6b6dbc74bd852b10bdbe09c3c/Bitwarden/sv-bitwarden-mobile-full-review-20260919.json,4e3887d6b78b4b084fa488b7680906187a4c12a0328977d8af4e98e7b1b94781,{}
c9d403ef500695f70e3a03d0,Unlock,Lås upp,Bitwarden,sv-bitwarden-mobile-full-review-20260919,unlock,,project-context,6a41f255e81368eecbc8703e,reviewed-receipt,https://github.com/yeager/translations/blob/67e6d27877c9cfd6b6dbc74bd852b10bdbe09c3c/Bitwarden/sv-bitwarden-mobile-full-review-20260919.json,4e3887d6b78b4b084fa488b7680906187a4c12a0328977d8af4e98e7b1b94781,{}
c9f279f97d4339689a243c24,Check your connection and try again.,Kontrollera din anslutning och försök igen.,Bitwarden,sv-bitwarden-mobile-full-review-20260919,CheckYourConnectionAndTryAgain,,project-context,79f6833e5a00fc445adf9c68,reviewed-receipt,https://github.com/yeager/translations/blob/67e6d27877c9cfd6b6dbc74bd852b10bdbe09c3c/Bitwarden/sv-bitwarden-mobile-full-review-20260919.json,4e3887d6b78b4b084fa488b7680906187a4c12a0328977d8af4e98e7b1b94781,{}
ca4d8e564d9caad75c55f089,Your account’s fingerprint phrase,Ditt kontos fingeravtrycksfras,Bitwarden,sv-bitwarden-mobile-full-review-20260919,YourAccountsFingerprint,,project-context,0ae0ab1b5390096f14e641a9,reviewed-receipt,https://github.com/yeager/translations/blob/67e6d27877c9cfd6b6dbc74bd852b10bdbe09c3c/Bitwarden/sv-bitwarden-mobile-full-review-20260919.json,4e3887d6b78b4b084fa488b7680906187a4c12a0328977d8af4e98e7b1b94781,{}
ca51889cc5336095cc994960,Attachment deleted,Bilaga raderad,Bitwarden,sv-bitwarden-mobile-full-review-20260919,AttachmentDeleted,,project-context,a82fc673bd1fc38959ab06a1,reviewed-receipt,https://github.com/yeager/translations/blob/67e6d27877c9cfd6b6dbc74bd852b10bdbe09c3c/Bitwarden/sv-bitwarden-mobile-full-review-20260919.json,4e3887d6b78b4b084fa488b7680906187a4c12a0328977d8af4e98e7b1b94781,{}
ca63a71c97b6288979d4ed26,Account security,Kontosäkerhet,Bitwarden,sv-bitwarden-mobile-full-review-20260919,account_security,,project-context,9a440c82b1d35c3b33e30168,reviewed-receipt,https://github.com/yeager/translations/blob/67e6d27877c9cfd6b6dbc74bd852b10bdbe09c3c/Bitwarden/sv-bitwarden-mobile-full-review-20260919.json,4e3887d6b78b4b084fa488b7680906187a4c12a0328977d8af4e98e7b1b94781,{}
ca82306733c72b43cd5f9101,Forwarded email alias,Vidarebefordrat e-postalias,Bitwarden,sv-bitwarden-mobile-full-review-20260919,ForwardedEmailAlias,,project-context,73d4dd5f59fb4b47a86157b4,reviewed-receipt,https://github.com/yeager/translations/blob/67e6d27877c9cfd6b6dbc74bd852b10bdbe09c3c/Bitwarden/sv-bitwarden-mobile-full-review-20260919.json,4e3887d6b78b4b084fa488b7680906187a4c12a0328977d8af4e98e7b1b94781,{}
ca886704a210648b017aaf40,Do you have a computer available?,Har du tillgång till en dator?,Bitwarden,sv-bitwarden-mobile-full-review-20260919,do_you_have_a_computer_available,,project-context,48f9357e1b87db4415792c23,reviewed-receipt,https://github.com/yeager/translations/blob/67e6d27877c9cfd6b6dbc74bd852b10bdbe09c3c/Bitwarden/sv-bitwarden-mobile-full-review-20260919.json,4e3887d6b78b4b084fa488b7680906187a4c12a0328977d8af4e98e7b1b94781,{}
caa127a6ad7aa6438ca897d7,Future dates unavailable,Framtida datum är inte tillgängliga,Bitwarden,sv-bitwarden-mobile-full-review-20260919,FutureDatesUnavailable,,project-context,782485502330fa338180f6bb,reviewed-receipt,https://github.com/yeager/translations/blob/67e6d27877c9cfd6b6dbc74bd852b10bdbe09c3c/Bitwarden/sv-bitwarden-mobile-full-review-20260919.json,4e3887d6b78b4b084fa488b7680906187a4c12a0328977d8af4e98e7b1b94781,{}
caa4b536cf1e7b0b6b47ea0d,Updating…,Uppdaterar…,Bitwarden,sv-bitwarden-mobile-lint-fixes-published-20260919,Updating,,project-context,a8345c096e12ed5fcf00bde1,reviewed-receipt,https://github.com/yeager/translations/blob/67e6d27877c9cfd6b6dbc74bd852b10bdbe09c3c/Bitwarden/sv-bitwarden-mobile-lint-fixes-published-20260919.json,b718e67ef827f6e9044a4980161854a72414c67066b327264251649b44b932d1,{}
cad0572b376431e6176df925,Item deleted,Objektet har raderats,Bitwarden,sv-bitwarden-mobile-full-review-20260919,item_deleted,,project-context,5f640be42d2d1a90e05d627e,reviewed-receipt,https://github.com/yeager/translations/blob/67e6d27877c9cfd6b6dbc74bd852b10bdbe09c3c/Bitwarden/sv-bitwarden-mobile-full-review-20260919.json,4e3887d6b78b4b084fa488b7680906187a4c12a0328977d8af4e98e7b1b94781,{}
caf40fa2c97009e3b11d2c52,Take me to the app settings,Ta mig till appinställningarna,Bitwarden,sv-bitwarden-mobile-full-review-20260919,TakeMeToTheAppSettings,,project-context,e88dea40d3524ffbeb2dade7,reviewed-receipt,https://github.com/yeager/translations/blob/67e6d27877c9cfd6b6dbc74bd852b10bdbe09c3c/Bitwarden/sv-bitwarden-mobile-full-review-20260919.json,4e3887d6b78b4b084fa488b7680906187a4c12a0328977d8af4e98e7b1b94781,{}
cb02caaca6cd2b52ebbe4f2e,New blocked URI,Ny blockerad URI,Bitwarden,sv-bitwarden-mobile-full-review-20260919,new_blocked_uri,,project-context,028d0e824634376777e82921,reviewed-receipt,https://github.com/yeager/translations/blob/67e6d27877c9cfd6b6dbc74bd852b10bdbe09c3c/Bitwarden/sv-bitwarden-mobile-full-review-20260919.json,4e3887d6b78b4b084fa488b7680906187a4c12a0328977d8af4e98e7b1b94781,{}
cb1c3bf94b5f7a3984715d0d,Sync with browser,Synkronisera med webbläsaren,Bitwarden,sv-bitwarden-mobile-full-review-20260919,SyncWithBrowser,,project-context,3e584835550d865ab89508c0,reviewed-receipt,https://github.com/yeager/translations/blob/67e6d27877c9cfd6b6dbc74bd852b10bdbe09c3c/Bitwarden/sv-bitwarden-mobile-full-review-20260919.json,4e3887d6b78b4b084fa488b7680906187a4c12a0328977d8af4e98e7b1b94781,{}
cb4774f5a4aab57c386be042,There is no active account.,Det finns inget aktivt konto.,Bitwarden,sv-bitwarden-mobile-full-review-20260919,ThereIsNoActiveAccount,,project-context,28459efd559c0433cadcd70a,reviewed-receipt,https://github.com/yeager/translations/blob/67e6d27877c9cfd6b6dbc74bd852b10bdbe09c3c/Bitwarden/sv-bitwarden-mobile-full-review-20260919.json,4e3887d6b78b4b084fa488b7680906187a4c12a0328977d8af4e98e7b1b94781,{}
cb74eb219fccc87f2249ac0b,Write your password down,Skriv ner ditt lösenord,Bitwarden,sv-bitwarden-mobile-full-review-20260919,WriteYourPasswordDown,,project-context,707121c672616fb044421d5e,reviewed-receipt,https://github.com/yeager/translations/blob/67e6d27877c9cfd6b6dbc74bd852b10bdbe09c3c/Bitwarden/sv-bitwarden-mobile-full-review-20260919.json,4e3887d6b78b4b084fa488b7680906187a4c12a0328977d8af4e98e7b1b94781,{}
cb7d0886e0edc2453f50ebcf,Clear clipboard,Rensa urklipp,Bitwarden,sv-bitwarden-mobile-full-review-20260919,clear_clipboard,,project-context,3f1b732ee7216c3f90992b09,reviewed-receipt,https://github.com/yeager/translations/blob/67e6d27877c9cfd6b6dbc74bd852b10bdbe09c3c/Bitwarden/sv-bitwarden-mobile-full-review-20260919.json,4e3887d6b78b4b084fa488b7680906187a4c12a0328977d8af4e98e7b1b94781,{}
cb9477f5e5c3dbb1378afec6,Upgrade to Premium,Uppgradera till premium,Bitwarden,sv-bitwarden-mobile-full-review-20260919,UpgradeToPremium,,project-context,276b0e93bdafddebeea7deff,reviewed-receipt,https://github.com/yeager/translations/blob/67e6d27877c9cfd6b6dbc74bd852b10bdbe09c3c/Bitwarden/sv-bitwarden-mobile-full-review-20260919.json,4e3887d6b78b4b084fa488b7680906187a4c12a0328977d8af4e98e7b1b94781,{}
cbbe777531fc52c18c015faa,SSO cookies cleared,SSO-cookies rensade,Bitwarden,sv-bitwarden-mobile-full-review-20260919,SsoCookiesCleared,,project-context,95173ecf67cbc1f59f3c9eb5,reviewed-receipt,https://github.com/yeager/translations/blob/67e6d27877c9cfd6b6dbc74bd852b10bdbe09c3c/Bitwarden/sv-bitwarden-mobile-full-review-20260919.json,4e3887d6b78b4b084fa488b7680906187a4c12a0328977d8af4e98e7b1b94781,{}
cbc8fef4c71dc7c241f6290a,Delete log,Ta bort logg,Bitwarden,sv-bitwarden-mobile-full-review-20260919,delete_log,,project-context,bbdea58dec834f5e10471a0d,reviewed-receipt,https://github.com/yeager/translations/blob/67e6d27877c9cfd6b6dbc74bd852b10bdbe09c3c/Bitwarden/sv-bitwarden-mobile-full-review-20260919.json,4e3887d6b78b4b084fa488b7680906187a4c12a0328977d8af4e98e7b1b94781,{}
cbd319ef2a3475bee8395e3b,Verify PIN,Bekräfta PIN-kod,Bitwarden,sv-bitwarden-mobile-full-review-20260919,VerifyPIN,,project-context,f69417bc39acfef827418ec2,reviewed-receipt,https://github.com/yeager/translations/blob/67e6d27877c9cfd6b6dbc74bd852b10bdbe09c3c/Bitwarden/sv-bitwarden-mobile-full-review-20260919.json,4e3887d6b78b4b084fa488b7680906187a4c12a0328977d8af4e98e7b1b94781,{}
cbde834e654ed13c4e91c007,Set up unlock later?,Ställ in upplåsning senare?,Bitwarden,sv-bitwarden-mobile-full-review-20260919,set_up_unlock_later,,project-context,4f261e2d52acd27d99524c3c,reviewed-receipt,https://github.com/yeager/translations/blob/67e6d27877c9cfd6b6dbc74bd852b10bdbe09c3c/Bitwarden/sv-bitwarden-mobile-full-review-20260919.json,4e3887d6b78b4b084fa488b7680906187a4c12a0328977d8af4e98e7b1b94781,{}
cbf3366604616ff07f99ed3f,Move Up,Flytta upp,Bitwarden,sv-bitwarden-mobile-full-review-20260919,move_up,,project-context,4950e5a8d42c45c7c03f308b,reviewed-receipt,https://github.com/yeager/translations/blob/67e6d27877c9cfd6b6dbc74bd852b10bdbe09c3c/Bitwarden/sv-bitwarden-mobile-full-review-20260919.json,4e3887d6b78b4b084fa488b7680906187a4c12a0328977d8af4e98e7b1b94781,{}
cbf96a0f2d02b44382be2f49,Unlock,Lås upp,Bitwarden,sv-bitwarden-mobile-full-review-20260919,Unlock,,project-context,14452ae10b19a4f2a663f680,reviewed-receipt,https://github.com/yeager/translations/blob/67e6d27877c9cfd6b6dbc74bd852b10bdbe09c3c/Bitwarden/sv-bitwarden-mobile-full-review-20260919.json,4e3887d6b78b4b084fa488b7680906187a4c12a0328977d8af4e98e7b1b94781,{}
cc1d0d0a8c98a83adc08e0ea,Show more,Visa mer,Bitwarden,sv-bitwarden-mobile-full-review-20260919,ShowMore,,project-context,9862175ac839bafd567ae9da,reviewed-receipt,https://github.com/yeager/translations/blob/67e6d27877c9cfd6b6dbc74bd852b10bdbe09c3c/Bitwarden/sv-bitwarden-mobile-full-review-20260919.json,4e3887d6b78b4b084fa488b7680906187a4c12a0328977d8af4e98e7b1b94781,{}
cc35db7062cd51e90128aabc,Private notes,Privata anteckningar,Bitwarden,sv-bitwarden-mobile-full-review-20260919,private_notes,,project-context,f6bffbe61f01e3a366ad0332,reviewed-receipt,https://github.com/yeager/translations/blob/67e6d27877c9cfd6b6dbc74bd852b10bdbe09c3c/Bitwarden/sv-bitwarden-mobile-full-review-20260919.json,4e3887d6b78b4b084fa488b7680906187a4c12a0328977d8af4e98e7b1b94781,{}
cc35e967f68282fd3c1aa629,New folder created,Ny mapp skapad,Bitwarden,sv-bitwarden-mobile-full-review-20260919,folder_created,,project-context,4f6d69dfc853c29cd9944a39,reviewed-receipt,https://github.com/yeager/translations/blob/67e6d27877c9cfd6b6dbc74bd852b10bdbe09c3c/Bitwarden/sv-bitwarden-mobile-full-review-20260919.json,4e3887d6b78b4b084fa488b7680906187a4c12a0328977d8af4e98e7b1b94781,{}
cc402ee24bb570ff0dbcbae3,Two-step login,Tvåstegsverifiering,Bitwarden,sv-bitwarden-mobile-full-review-20260919,TwoStepLogin,,project-context,146f12ca6fea53d983eba251,reviewed-receipt,https://github.com/yeager/translations/blob/67e6d27877c9cfd6b6dbc74bd852b10bdbe09c3c/Bitwarden/sv-bitwarden-mobile-full-review-20260919.json,4e3887d6b78b4b084fa488b7680906187a4c12a0328977d8af4e98e7b1b94781,{}
cc4d82da814cab9a0397a458,5 OF 6,5 AV 6,Bitwarden,sv-bitwarden-mobile-full-review-20260919,coachmark_5_of_6,,project-context,9800eb7610b81f4167d09c3f,reviewed-receipt,https://github.com/yeager/translations/blob/67e6d27877c9cfd6b6dbc74bd852b10bdbe09c3c/Bitwarden/sv-bitwarden-mobile-full-review-20260919.json,4e3887d6b78b4b084fa488b7680906187a4c12a0328977d8af4e98e7b1b94781,{}
cc8c0d7596675bfbcb6d9fac,New file Send,Ny fil Skicka,Bitwarden,sv-bitwarden-mobile-full-review-20260919,NewFileSend,,project-context,0d76a3b1df321d40b6e0d5e3,reviewed-receipt,https://github.com/yeager/translations/blob/67e6d27877c9cfd6b6dbc74bd852b10bdbe09c3c/Bitwarden/sv-bitwarden-mobile-full-review-20260919.json,4e3887d6b78b4b084fa488b7680906187a4c12a0328977d8af4e98e7b1b94781,{}
cc911b7a84b6c9767e3454e0,Cannot scan QR Code?,Kan inte skanna QR-kod?,Bitwarden,sv-bitwarden-mobile-full-review-20260919,CannotScanQRCode,,project-context,eca88c9a03d36a4876c1e9cc,reviewed-receipt,https://github.com/yeager/translations/blob/67e6d27877c9cfd6b6dbc74bd852b10bdbe09c3c/Bitwarden/sv-bitwarden-mobile-full-review-20260919.json,4e3887d6b78b4b084fa488b7680906187a4c12a0328977d8af4e98e7b1b94781,{}
cca7539238ac4cd2cc66f5ff,Verify your identity,Verifiera din identitet,Bitwarden,sv-bitwarden-mobile-full-review-20260919,verify_your_identity,,project-context,7bdb467218c47b70c62097fd,reviewed-receipt,https://github.com/yeager/translations/blob/67e6d27877c9cfd6b6dbc74bd852b10bdbe09c3c/Bitwarden/sv-bitwarden-mobile-full-review-20260919.json,4e3887d6b78b4b084fa488b7680906187a4c12a0328977d8af4e98e7b1b94781,{}
ccaea3cb7277b201b18556ec,Numbers (0 to 9),Siffror (0 till 9),Bitwarden,sv-bitwarden-mobile-full-review-20260919,numbers_zero_to_nine,,project-context,202e699097b050bee0b2123c,reviewed-receipt,https://github.com/yeager/translations/blob/67e6d27877c9cfd6b6dbc74bd852b10bdbe09c3c/Bitwarden/sv-bitwarden-mobile-full-review-20260919.json,4e3887d6b78b4b084fa488b7680906187a4c12a0328977d8af4e98e7b1b94781,{}
ccca0c4d229cd58085f6292d,Confirm login,Bekräfta inloggning,Bitwarden,sv-bitwarden-mobile-full-review-20260919,confirm_log_in,,project-context,05f2a52b4bcfcf5aca6e9a8b,reviewed-receipt,https://github.com/yeager/translations/blob/67e6d27877c9cfd6b6dbc74bd852b10bdbe09c3c/Bitwarden/sv-bitwarden-mobile-full-review-20260919.json,4e3887d6b78b4b084fa488b7680906187a4c12a0328977d8af4e98e7b1b94781,{}
ccddfbf45613d37d32f9764a,Sex,Kön,Bitwarden,sv-bitwarden-mobile-full-review-20260919,Sex,,project-context,3c0f2fd69163673a3eab8a97,reviewed-receipt,https://github.com/yeager/translations/blob/67e6d27877c9cfd6b6dbc74bd852b10bdbe09c3c/Bitwarden/sv-bitwarden-mobile-full-review-20260919.json,4e3887d6b78b4b084fa488b7680906187a4c12a0328977d8af4e98e7b1b94781,{}
cce728047943fe584b24a1cb,Savings,Sparkonto,Bitwarden,sv-bitwarden-mobile-full-review-20260919,savings,,project-context,76c98ebb33e0d6c4dd75f226,reviewed-receipt,https://github.com/yeager/translations/blob/67e6d27877c9cfd6b6dbc74bd852b10bdbe09c3c/Bitwarden/sv-bitwarden-mobile-full-review-20260919.json,4e3887d6b78b4b084fa488b7680906187a4c12a0328977d8af4e98e7b1b94781,{}
ccedc0382af1b598114dc89b,Use your domain’s configured catch-all inbox.,Använd domänens konfigurerade catch-all inkorg.,Bitwarden,sv-bitwarden-mobile-full-review-20260919,catch_all_email_description,,project-context,73246c96814c65fe7b9432a3,reviewed-receipt,https://github.com/yeager/translations/blob/67e6d27877c9cfd6b6dbc74bd852b10bdbe09c3c/Bitwarden/sv-bitwarden-mobile-full-review-20260919.json,4e3887d6b78b4b084fa488b7680906187a4c12a0328977d8af4e98e7b1b94781,{}
ccf923a016bbba8560df275b,Verification codes exported,Verifieringskoder exporterade,Bitwarden,sv-bitwarden-mobile-full-review-20260919,ItemsExported,,project-context,d8f14fa5eed5e90fd3478ec3,reviewed-receipt,https://github.com/yeager/translations/blob/67e6d27877c9cfd6b6dbc74bd852b10bdbe09c3c/Bitwarden/sv-bitwarden-mobile-full-review-20260919.json,4e3887d6b78b4b084fa488b7680906187a4c12a0328977d8af4e98e7b1b94781,{}
cd109433723526a8aa55aeb3,Login requested,Inloggning begärd,Bitwarden,sv-bitwarden-mobile-full-review-20260919,LogInRequested,,project-context,8917f276cc84f7c8a429462d,reviewed-receipt,https://github.com/yeager/translations/blob/67e6d27877c9cfd6b6dbc74bd852b10bdbe09c3c/Bitwarden/sv-bitwarden-mobile-full-review-20260919.json,4e3887d6b78b4b084fa488b7680906187a4c12a0328977d8af4e98e7b1b94781,{}
cd3a4aa617b86e48bb53eb71,IP address,IP-adress,Bitwarden,sv-bitwarden-mobile-full-review-20260919,IpAddress,,project-context,1e52d4bf174f12d537d3c3b0,reviewed-receipt,https://github.com/yeager/translations/blob/67e6d27877c9cfd6b6dbc74bd852b10bdbe09c3c/Bitwarden/sv-bitwarden-mobile-full-review-20260919.json,4e3887d6b78b4b084fa488b7680906187a4c12a0328977d8af4e98e7b1b94781,{}
cd83dcb969aebd06ff275abe,Turn off using a public device,Stäng av med en offentlig enhet,Bitwarden,sv-bitwarden-mobile-full-review-20260919,TurnOffUsingPublicDevice,,project-context,7c2d94dfccc56451043cc119,reviewed-receipt,https://github.com/yeager/translations/blob/67e6d27877c9cfd6b6dbc74bd852b10bdbe09c3c/Bitwarden/sv-bitwarden-mobile-full-review-20260919.json,4e3887d6b78b4b084fa488b7680906187a4c12a0328977d8af4e98e7b1b94781,{}
cd8b922b178745f5115c0d73,Full name,Fullständigt namn,Bitwarden,sv-bitwarden-mobile-full-review-20260919,full_name,,project-context,e069d599cc791688a657f74a,reviewed-receipt,https://github.com/yeager/translations/blob/67e6d27877c9cfd6b6dbc74bd852b10bdbe09c3c/Bitwarden/sv-bitwarden-mobile-full-review-20260919.json,4e3887d6b78b4b084fa488b7680906187a4c12a0328977d8af4e98e7b1b94781,{}
cda378e2f6189e5737c1dbf0,Unable to read the certificate file.,Det gick inte att läsa certifikatfilen.,Bitwarden,sv-bitwarden-mobile-full-review-20260919,UnableToReadCertificateFile,,project-context,d915399b0bb2968217402c7e,reviewed-receipt,https://github.com/yeager/translations/blob/67e6d27877c9cfd6b6dbc74bd852b10bdbe09c3c/Bitwarden/sv-bitwarden-mobile-full-review-20260919.json,4e3887d6b78b4b084fa488b7680906187a4c12a0328977d8af4e98e7b1b94781,{}
cdaf280abce7ad5ee42f85f9,Routing number,Routingnummer,Bitwarden,sv-bitwarden-mobile-full-review-20260919,routing_number,,project-context,2f96f9f923c83ef2fb2024b4,reviewed-receipt,https://github.com/yeager/translations/blob/67e6d27877c9cfd6b6dbc74bd852b10bdbe09c3c/Bitwarden/sv-bitwarden-mobile-full-review-20260919.json,4e3887d6b78b4b084fa488b7680906187a4c12a0328977d8af4e98e7b1b94781,{}
cdd5ee530f816512866c9476,Save,Spara,Bitwarden,sv-bitwarden-mobile-full-review-20260919,save,,project-context,b9c4064e9224c8f4ff57d85b,reviewed-receipt,https://github.com/yeager/translations/blob/67e6d27877c9cfd6b6dbc74bd852b10bdbe09c3c/Bitwarden/sv-bitwarden-mobile-full-review-20260919.json,4e3887d6b78b4b084fa488b7680906187a4c12a0328977d8af4e98e7b1b94781,{}
cdd7d26d07610bc3bec9f11b,Self-hosted server URL,URL för server med egen hosting,Bitwarden,sv-bitwarden-mobile-full-review-20260919,self_hosted_server_url,,project-context,7b185cb3cfed8ea8894d6244,reviewed-receipt,https://github.com/yeager/translations/blob/67e6d27877c9cfd6b6dbc74bd852b10bdbe09c3c/Bitwarden/sv-bitwarden-mobile-full-review-20260919.json,4e3887d6b78b4b084fa488b7680906187a4c12a0328977d8af4e98e7b1b94781,{}
cdf54eef19cf386df4252e24,Account removed successfully,Kontot har tagits bort,Bitwarden,sv-bitwarden-mobile-full-review-20260919,AccountRemovedSuccessfully,,project-context,7bd41329b0a9db5763cfd7a3,reviewed-receipt,https://github.com/yeager/translations/blob/67e6d27877c9cfd6b6dbc74bd852b10bdbe09c3c/Bitwarden/sv-bitwarden-mobile-full-review-20260919.json,4e3887d6b78b4b084fa488b7680906187a4c12a0328977d8af4e98e7b1b94781,{}
ce1cd219f405516549d2d58d,1 OF 3,1 AV 3,Bitwarden,sv-bitwarden-mobile-full-review-20260919,coachmark_1_of_3,,project-context,95e06678c777089e836503df,reviewed-receipt,https://github.com/yeager/translations/blob/67e6d27877c9cfd6b6dbc74bd852b10bdbe09c3c/Bitwarden/sv-bitwarden-mobile-full-review-20260919.json,4e3887d6b78b4b084fa488b7680906187a4c12a0328977d8af4e98e7b1b94781,{}
ce37747f34e2bd3f166df3d0,License,Licens,Bitwarden,sv-bitwarden-mobile-full-review-20260919,type_license,,project-context,2d2dd12a5e650bc46e103816,reviewed-receipt,https://github.com/yeager/translations/blob/67e6d27877c9cfd6b6dbc74bd852b10bdbe09c3c/Bitwarden/sv-bitwarden-mobile-full-review-20260919.json,4e3887d6b78b4b084fa488b7680906187a4c12a0328977d8af4e98e7b1b94781,{}
ce60f6bf9ad4a82c3af77468,Public key,Offentlig nyckel,Bitwarden,sv-bitwarden-mobile-full-review-20260919,public_key,,project-context,0ad347d35aa529ce95b024ab,reviewed-receipt,https://github.com/yeager/translations/blob/67e6d27877c9cfd6b6dbc74bd852b10bdbe09c3c/Bitwarden/sv-bitwarden-mobile-full-review-20260919.json,4e3887d6b78b4b084fa488b7680906187a4c12a0328977d8af4e98e7b1b94781,{}
ce77944f65b2b6203c199c80,Deletion date,Raderingsdatum,Bitwarden,sv-bitwarden-mobile-full-review-20260919,deletion_date,,project-context,8c6c6d83a36dda71eb9773a8,reviewed-receipt,https://github.com/yeager/translations/blob/67e6d27877c9cfd6b6dbc74bd852b10bdbe09c3c/Bitwarden/sv-bitwarden-mobile-full-review-20260919.json,4e3887d6b78b4b084fa488b7680906187a4c12a0328977d8af4e98e7b1b94781,{}
ceac017655ca21c20609b730,Turn on autofill later?,Slå på autofyll senare?,Bitwarden,sv-bitwarden-mobile-full-review-20260919,turn_on_autofill_later,,project-context,c9816d1436ea47393944a677,reviewed-receipt,https://github.com/yeager/translations/blob/67e6d27877c9cfd6b6dbc74bd852b10bdbe09c3c/Bitwarden/sv-bitwarden-mobile-full-review-20260919.json,4e3887d6b78b4b084fa488b7680906187a4c12a0328977d8af4e98e7b1b94781,{}
cedec11eceef21632ef35507,Open email app,Öppna e-postappen,Bitwarden,sv-bitwarden-mobile-full-review-20260919,OpenEmailApp,,project-context,d9cd03065dae37ef98e02c5e,reviewed-receipt,https://github.com/yeager/translations/blob/67e6d27877c9cfd6b6dbc74bd852b10bdbe09c3c/Bitwarden/sv-bitwarden-mobile-full-review-20260919.json,4e3887d6b78b4b084fa488b7680906187a4c12a0328977d8af4e98e7b1b94781,{}
cef010aefa55c80789ae776d,Favorites,Favoriter,Bitwarden,sv-bitwarden-mobile-full-review-20260919,favorites,,project-context,88cbb21ff6e7a048c4252455,reviewed-receipt,https://github.com/yeager/translations/blob/67e6d27877c9cfd6b6dbc74bd852b10bdbe09c3c/Bitwarden/sv-bitwarden-mobile-full-review-20260919.json,4e3887d6b78b4b084fa488b7680906187a4c12a0328977d8af4e98e7b1b94781,{}
cf5f846ae9338c782660f28d,Premium subscription required,Premium-prenumeration krävs,Bitwarden,sv-bitwarden-mobile-full-review-20260919,premium_subscription_required,,project-context,cda4e695bf027b1e8e668787,reviewed-receipt,https://github.com/yeager/translations/blob/67e6d27877c9cfd6b6dbc74bd852b10bdbe09c3c/Bitwarden/sv-bitwarden-mobile-full-review-20260919.json,4e3887d6b78b4b084fa488b7680906187a4c12a0328977d8af4e98e7b1b94781,{}
cfa5077cd0994082ae45d0aa,More options,Fler alternativ,Bitwarden,sv-bitwarden-mobile-full-review-20260919,MoreOptions,,project-context,499f59425eb42579aab75923,reviewed-receipt,https://github.com/yeager/translations/blob/67e6d27877c9cfd6b6dbc74bd852b10bdbe09c3c/Bitwarden/sv-bitwarden-mobile-full-review-20260919.json,4e3887d6b78b4b084fa488b7680906187a4c12a0328977d8af4e98e7b1b94781,{}
cff053d70861426aa08018ef,Self-hosted environment,Egen-hostad miljö,Bitwarden,sv-bitwarden-mobile-full-review-20260919,self_hosted_environment,,project-context,1554e4f63a399c7d0ee15492,reviewed-receipt,https://github.com/yeager/translations/blob/67e6d27877c9cfd6b6dbc74bd852b10bdbe09c3c/Bitwarden/sv-bitwarden-mobile-full-review-20260919.json,4e3887d6b78b4b084fa488b7680906187a4c12a0328977d8af4e98e7b1b94781,{}
d001a52826ba6da777d7127c,Server URL,Server-URL,Bitwarden,sv-bitwarden-mobile-full-review-20260919,ServerUrl,,project-context,63e5f40aed6404bcf14ad1a3,reviewed-receipt,https://github.com/yeager/translations/blob/67e6d27877c9cfd6b6dbc74bd852b10bdbe09c3c/Bitwarden/sv-bitwarden-mobile-full-review-20260919.json,4e3887d6b78b4b084fa488b7680906187a4c12a0328977d8af4e98e7b1b94781,{}
d0289f7397c42f3a3515ace3,Make it yours,Gör den till din,Bitwarden,sv-bitwarden-mobile-full-review-20260919,make_it_yours,,project-context,1638e9263eef76bf0b4f6281,reviewed-receipt,https://github.com/yeager/translations/blob/67e6d27877c9cfd6b6dbc74bd852b10bdbe09c3c/Bitwarden/sv-bitwarden-mobile-full-review-20260919.json,4e3887d6b78b4b084fa488b7680906187a4c12a0328977d8af4e98e7b1b94781,{}
d06620a2968918b268225520,Step 2 of 3,Steg 2 av 3,Bitwarden,sv-bitwarden-mobile-full-review-20260919,step_2_of_3,,project-context,496e98d1b837c98e99761a20,reviewed-receipt,https://github.com/yeager/translations/blob/67e6d27877c9cfd6b6dbc74bd852b10bdbe09c3c/Bitwarden/sv-bitwarden-mobile-full-review-20260919.json,4e3887d6b78b4b084fa488b7680906187a4c12a0328977d8af4e98e7b1b94781,{}
d0c6eeb9565f123f2232b858,Use another two-step login method,Använd en annan metod för tvåstegsverifiering,Bitwarden,sv-bitwarden-mobile-full-review-20260919,UseAnotherTwoStepMethod,,project-context,e684904af4c683162ec9edcc,reviewed-receipt,https://github.com/yeager/translations/blob/67e6d27877c9cfd6b6dbc74bd852b10bdbe09c3c/Bitwarden/sv-bitwarden-mobile-full-review-20260919.json,4e3887d6b78b4b084fa488b7680906187a4c12a0328977d8af4e98e7b1b94781,{}
d0fe40c42f4595d2a8f9120d,Share,Dela,Bitwarden,sv-bitwarden-mobile-full-review-20260919,share,,project-context,d9c5c031e900e04b032b0867,reviewed-receipt,https://github.com/yeager/translations/blob/67e6d27877c9cfd6b6dbc74bd852b10bdbe09c3c/Bitwarden/sv-bitwarden-mobile-full-review-20260919.json,4e3887d6b78b4b084fa488b7680906187a4c12a0328977d8af4e98e7b1b94781,{}
d11462fb0683e44607cf1a8e,Something went wrong,Något gick fel,Bitwarden,sv-bitwarden-mobile-full-review-20260919,SomethingWentWrong,,project-context,2cfc2591e6954ed3cc9098bd,reviewed-receipt,https://github.com/yeager/translations/blob/67e6d27877c9cfd6b6dbc74bd852b10bdbe09c3c/Bitwarden/sv-bitwarden-mobile-full-review-20260919.json,4e3887d6b78b4b084fa488b7680906187a4c12a0328977d8af4e98e7b1b94781,{}
d130d8d33cddcb473c7b76ab,Passphrase,Lösenordsfras,Bitwarden,sv-bitwarden-mobile-full-review-20260919,Passphrase,,project-context,7a9cf925cd29904751cedc80,reviewed-receipt,https://github.com/yeager/translations/blob/67e6d27877c9cfd6b6dbc74bd852b10bdbe09c3c/Bitwarden/sv-bitwarden-mobile-full-review-20260919.json,4e3887d6b78b4b084fa488b7680906187a4c12a0328977d8af4e98e7b1b94781,{}
d16f9b2ffa43fb7436bb4d83,The environment URLs have been saved.,Miljö-URL:er har sparats.,Bitwarden,sv-bitwarden-mobile-full-review-20260919,environment_saved,,project-context,5d4caa2878e3842025276105,reviewed-receipt,https://github.com/yeager/translations/blob/67e6d27877c9cfd6b6dbc74bd852b10bdbe09c3c/Bitwarden/sv-bitwarden-mobile-full-review-20260919.json,4e3887d6b78b4b084fa488b7680906187a4c12a0328977d8af4e98e7b1b94781,{}
d1c1269e2984915ec687e4d5,Use Vivaldi autofill integration,Använd Vivaldi autofyll-integration,Bitwarden,sv-bitwarden-mobile-full-review-20260919,use_vivaldi_autofill_integration,,project-context,eef187b6705e6785b3ab9f54,reviewed-receipt,https://github.com/yeager/translations/blob/67e6d27877c9cfd6b6dbc74bd852b10bdbe09c3c/Bitwarden/sv-bitwarden-mobile-full-review-20260919.json,4e3887d6b78b4b084fa488b7680906187a4c12a0328977d8af4e98e7b1b94781,{}
d1dc29b44f17f99437f9385b,Try again,Försök igen,Bitwarden,sv-bitwarden-mobile-full-review-20260919,TryAgain,,project-context,cdcf8bc9520e5937c9b315f0,reviewed-receipt,https://github.com/yeager/translations/blob/67e6d27877c9cfd6b6dbc74bd852b10bdbe09c3c/Bitwarden/sv-bitwarden-mobile-full-review-20260919.json,4e3887d6b78b4b084fa488b7680906187a4c12a0328977d8af4e98e7b1b94781,{}
d1e78f6e6c99f9a7ba005433,Passkeys,Inloggningsnycklar,Bitwarden,sv-bitwarden-mobile-full-review-20260919,Passkeys,,project-context,7fc04261565639184a612b41,reviewed-receipt,https://github.com/yeager/translations/blob/67e6d27877c9cfd6b6dbc74bd852b10bdbe09c3c/Bitwarden/sv-bitwarden-mobile-full-review-20260919.json,4e3887d6b78b4b084fa488b7680906187a4c12a0328977d8af4e98e7b1b94781,{}
d1f53030d231518e03fe0955,Password autofill,Autofyllning av lösenord,Bitwarden,sv-bitwarden-mobile-full-review-20260919,PasswordAutofill,,project-context,b42f7430f5ef1af046d5f5ed,reviewed-receipt,https://github.com/yeager/translations/blob/67e6d27877c9cfd6b6dbc74bd852b10bdbe09c3c/Bitwarden/sv-bitwarden-mobile-full-review-20260919.json,4e3887d6b78b4b084fa488b7680906187a4c12a0328977d8af4e98e7b1b94781,{}
d23225fd1483d10f8d2f5e79,Copy to Bitwarden vault,Kopiera till Bitwarden-valv,Bitwarden,sv-bitwarden-mobile-full-review-20260919,copy_to_bitwarden_vault,,project-context,af7126ca9dbab5d674ef6219,reviewed-receipt,https://github.com/yeager/translations/blob/67e6d27877c9cfd6b6dbc74bd852b10bdbe09c3c/Bitwarden/sv-bitwarden-mobile-full-review-20260919.json,4e3887d6b78b4b084fa488b7680906187a4c12a0328977d8af4e98e7b1b94781,{}
d248f4ce20d99cebb835894b,Item details,Objektdetaljer,Bitwarden,sv-bitwarden-mobile-full-review-20260919,ItemDetails,,project-context,9aae40c4f9a200882c5a2b74,reviewed-receipt,https://github.com/yeager/translations/blob/67e6d27877c9cfd6b6dbc74bd852b10bdbe09c3c/Bitwarden/sv-bitwarden-mobile-full-review-20260919.json,4e3887d6b78b4b084fa488b7680906187a4c12a0328977d8af4e98e7b1b94781,{}
d26369e77b61caa65df42c10,/ year,/ år,Bitwarden,sv-bitwarden-mobile-full-review-20260919,PerYear,,project-context,048d932cbb9a82221c472f71,reviewed-receipt,https://github.com/yeager/translations/blob/67e6d27877c9cfd6b6dbc74bd852b10bdbe09c3c/Bitwarden/sv-bitwarden-mobile-full-review-20260919.json,4e3887d6b78b4b084fa488b7680906187a4c12a0328977d8af4e98e7b1b94781,{}
d280a74af59daa4aa23629dc,No password fields detected,Inga lösenordsfält hittades,Bitwarden,sv-bitwarden-mobile-full-review-20260919,autofill_tile_uri_not_found,,project-context,d27fd4e018765940ccbe1a67,reviewed-receipt,https://github.com/yeager/translations/blob/67e6d27877c9cfd6b6dbc74bd852b10bdbe09c3c/Bitwarden/sv-bitwarden-mobile-full-review-20260919.json,4e3887d6b78b4b084fa488b7680906187a4c12a0328977d8af4e98e7b1b94781,{}
d298e064b0f724a088e3b32e,Updating password,Uppdaterar lösenord,Bitwarden,sv-bitwarden-mobile-full-review-20260919,updating_password,,project-context,d9a20dfb941bf42ce9dabecc,reviewed-receipt,https://github.com/yeager/translations/blob/67e6d27877c9cfd6b6dbc74bd852b10bdbe09c3c/Bitwarden/sv-bitwarden-mobile-full-review-20260919.json,4e3887d6b78b4b084fa488b7680906187a4c12a0328977d8af4e98e7b1b94781,{}
d2d851d8df49e8347fb37b6e,Sending to trash…,Skickar till papperskorgen…,Bitwarden,sv-bitwarden-mobile-full-review-20260919,SoftDeleting,,project-context,c80985a6f1f091244c10fdec,reviewed-receipt,https://github.com/yeager/translations/blob/67e6d27877c9cfd6b6dbc74bd852b10bdbe09c3c/Bitwarden/sv-bitwarden-mobile-full-review-20260919.json,4e3887d6b78b4b084fa488b7680906187a4c12a0328977d8af4e98e7b1b94781,{}
d2df3bb0438fab6e33c7cff2,Log in with master password,Logga in med huvudlösenord,Bitwarden,sv-bitwarden-mobile-full-review-20260919,LogInWithMasterPassword,,project-context,9644a9d22a130c9bc85a60b0,reviewed-receipt,https://github.com/yeager/translations/blob/67e6d27877c9cfd6b6dbc74bd852b10bdbe09c3c/Bitwarden/sv-bitwarden-mobile-full-review-20260919.json,4e3887d6b78b4b084fa488b7680906187a4c12a0328977d8af4e98e7b1b94781,{}
d2e0b0e0c4075b00c33fa290,Details,Detaljer,Bitwarden,sv-bitwarden-mobile-full-review-20260919,details,,project-context,b5856f96bc7e532322c554a4,reviewed-receipt,https://github.com/yeager/translations/blob/67e6d27877c9cfd6b6dbc74bd852b10bdbe09c3c/Bitwarden/sv-bitwarden-mobile-full-review-20260919.json,4e3887d6b78b4b084fa488b7680906187a4c12a0328977d8af4e98e7b1b94781,{}
d31986a5ad7d676e32bd4d03,Passport details,Passuppgifter,Bitwarden,sv-bitwarden-mobile-full-review-20260919,PassportDetails,,project-context,e2f3e12634759b888da2028e,reviewed-receipt,https://github.com/yeager/translations/blob/67e6d27877c9cfd6b6dbc74bd852b10bdbe09c3c/Bitwarden/sv-bitwarden-mobile-full-review-20260919.json,4e3887d6b78b4b084fa488b7680906187a4c12a0328977d8af4e98e7b1b94781,{}
d31c4ac5584a126cb7ae1016,Activate app extension,Aktivera apptillägg,Bitwarden,sv-bitwarden-mobile-full-review-20260919,ExtensionEnable,,project-context,6e7e07732a31788adbc5093e,reviewed-receipt,https://github.com/yeager/translations/blob/67e6d27877c9cfd6b6dbc74bd852b10bdbe09c3c/Bitwarden/sv-bitwarden-mobile-full-review-20260919.json,4e3887d6b78b4b084fa488b7680906187a4c12a0328977d8af4e98e7b1b94781,{}
d32c34bbcbca959b0ec7cad8,SWIFT code,SWIFT-kod,Bitwarden,sv-bitwarden-mobile-full-review-20260919,swift_code,,project-context,dc337266fe0b2ed7e5d40056,reviewed-receipt,https://github.com/yeager/translations/blob/67e6d27877c9cfd6b6dbc74bd852b10bdbe09c3c/Bitwarden/sv-bitwarden-mobile-full-review-20260919.json,4e3887d6b78b4b084fa488b7680906187a4c12a0328977d8af4e98e7b1b94781,{}
d34d01987d233eecc3b32b8d,Address 2,Adress 2,Bitwarden,sv-bitwarden-mobile-full-review-20260919,address2,,project-context,ea0c19acc024cdc7557fd612,reviewed-receipt,https://github.com/yeager/translations/blob/67e6d27877c9cfd6b6dbc74bd852b10bdbe09c3c/Bitwarden/sv-bitwarden-mobile-full-review-20260919.json,4e3887d6b78b4b084fa488b7680906187a4c12a0328977d8af4e98e7b1b94781,{}
d39117892dcc4ef3e7050ecb,Export items,Exportera objekt,Bitwarden,sv-bitwarden-mobile-full-review-20260919,ExportItems,,project-context,b3bfa87010ae664b87bc5154,reviewed-receipt,https://github.com/yeager/translations/blob/67e6d27877c9cfd6b6dbc74bd852b10bdbe09c3c/Bitwarden/sv-bitwarden-mobile-full-review-20260919.json,4e3887d6b78b4b084fa488b7680906187a4c12a0328977d8af4e98e7b1b94781,{}
d3c3a1529e2677677f2b8397,Replace certificate,Ersätt certifikat,Bitwarden,sv-bitwarden-mobile-full-review-20260919,replace_certificate,,project-context,0d29f10d1921bd6b3bb6d93a,reviewed-receipt,https://github.com/yeager/translations/blob/67e6d27877c9cfd6b6dbc74bd852b10bdbe09c3c/Bitwarden/sv-bitwarden-mobile-full-review-20260919.json,4e3887d6b78b4b084fa488b7680906187a4c12a0328977d8af4e98e7b1b94781,{}
d4017825807897b986e86e8b,Move down,Flytta ner,Bitwarden,sv-bitwarden-mobile-full-review-20260919,MoveDown,,project-context,0dd41f7b8030a28ef8d8aecd,reviewed-receipt,https://github.com/yeager/translations/blob/67e6d27877c9cfd6b6dbc74bd852b10bdbe09c3c/Bitwarden/sv-bitwarden-mobile-full-review-20260919.json,4e3887d6b78b4b084fa488b7680906187a4c12a0328977d8af4e98e7b1b94781,{}
d419d041c615b0c16d0307fe,Remove,Ta bort,Bitwarden,sv-bitwarden-mobile-full-review-20260919,Remove,,project-context,a01f130df3f9e574ad1dfa85,reviewed-receipt,https://github.com/yeager/translations/blob/67e6d27877c9cfd6b6dbc74bd852b10bdbe09c3c/Bitwarden/sv-bitwarden-mobile-full-review-20260919.json,4e3887d6b78b4b084fa488b7680906187a4c12a0328977d8af4e98e7b1b94781,{}
d44b3960aa3c224b56eb90a1,Select account,Välj konto,Bitwarden,sv-bitwarden-mobile-full-review-20260919,SelectAccount,,project-context,6b4d92390788961be9aefd40,reviewed-receipt,https://github.com/yeager/translations/blob/67e6d27877c9cfd6b6dbc74bd852b10bdbe09c3c/Bitwarden/sv-bitwarden-mobile-full-review-20260919.json,4e3887d6b78b4b084fa488b7680906187a4c12a0328977d8af4e98e7b1b94781,{}
d4843680ca9f03746aac7916,New folder created,Ny mapp skapad,Bitwarden,sv-bitwarden-mobile-full-review-20260919,FolderCreated,,project-context,3a4491d227c47a7b5ce12306,reviewed-receipt,https://github.com/yeager/translations/blob/67e6d27877c9cfd6b6dbc74bd852b10bdbe09c3c/Bitwarden/sv-bitwarden-mobile-full-review-20260919.json,4e3887d6b78b4b084fa488b7680906187a4c12a0328977d8af4e98e7b1b94781,{}
d4aee6d84b713a4d0caec63d,Export,Exportera,Bitwarden,sv-bitwarden-mobile-full-review-20260919,export,,project-context,361d345a2a2bd4bd4dde4d4e,reviewed-receipt,https://github.com/yeager/translations/blob/67e6d27877c9cfd6b6dbc74bd852b10bdbe09c3c/Bitwarden/sv-bitwarden-mobile-full-review-20260919.json,4e3887d6b78b4b084fa488b7680906187a4c12a0328977d8af4e98e7b1b94781,{}
d4b855aa6898ba734b027f7b,Add license,Lägg till licens,Bitwarden,sv-bitwarden-mobile-full-review-20260919,add_license,,project-context,5c01e7c1fb57ab1be4b0eb8c,reviewed-receipt,https://github.com/yeager/translations/blob/67e6d27877c9cfd6b6dbc74bd852b10bdbe09c3c/Bitwarden/sv-bitwarden-mobile-full-review-20260919.json,4e3887d6b78b4b084fa488b7680906187a4c12a0328977d8af4e98e7b1b94781,{}
d4c2fa4884c8ba7264d1cfcd,No items found,Inga objekt hittades,Bitwarden,sv-bitwarden-mobile-full-review-20260919,NoItemsFound,,project-context,70d42df907f66b81fda25229,reviewed-receipt,https://github.com/yeager/translations/blob/67e6d27877c9cfd6b6dbc74bd852b10bdbe09c3c/Bitwarden/sv-bitwarden-mobile-full-review-20260919.json,4e3887d6b78b4b084fa488b7680906187a4c12a0328977d8af4e98e7b1b94781,{}
d4cfd2d38ee36c52876cc811,View file Send,Visa fil Skicka,Bitwarden,sv-bitwarden-mobile-full-review-20260919,view_file_send,,project-context,467b83195b89c7aebcae6a2b,reviewed-receipt,https://github.com/yeager/translations/blob/67e6d27877c9cfd6b6dbc74bd852b10bdbe09c3c/Bitwarden/sv-bitwarden-mobile-full-review-20260919.json,4e3887d6b78b4b084fa488b7680906187a4c12a0328977d8af4e98e7b1b94781,{}
d504fa454470764c728d05c3,Never,Aldrig,Bitwarden,sv-bitwarden-mobile-full-review-20260919,never,,project-context,0a6b87f94285318dd69bc6d9,reviewed-receipt,https://github.com/yeager/translations/blob/67e6d27877c9cfd6b6dbc74bd852b10bdbe09c3c/Bitwarden/sv-bitwarden-mobile-full-review-20260919.json,4e3887d6b78b4b084fa488b7680906187a4c12a0328977d8af4e98e7b1b94781,{}
d55cf47bb4a91c706ff05829,Good,Bra,Bitwarden,sv-bitwarden-mobile-full-review-20260919,Good,,project-context,81614d55ce3eaee69b228b32,reviewed-receipt,https://github.com/yeager/translations/blob/67e6d27877c9cfd6b6dbc74bd852b10bdbe09c3c/Bitwarden/sv-bitwarden-mobile-full-review-20260919.json,4e3887d6b78b4b084fa488b7680906187a4c12a0328977d8af4e98e7b1b94781,{}
d56aa624bf214f3c4f85421e,"Security, prioritized","Säkerhet, prioriterat",Bitwarden,sv-bitwarden-mobile-full-review-20260919,IntroCarouselPage1Title,,project-context,1df9d95d299916435d2995fe,reviewed-receipt,https://github.com/yeager/translations/blob/67e6d27877c9cfd6b6dbc74bd852b10bdbe09c3c/Bitwarden/sv-bitwarden-mobile-full-review-20260919.json,4e3887d6b78b4b084fa488b7680906187a4c12a0328977d8af4e98e7b1b94781,{}
d5995614b02206a67e1fe751,Past due,Förfallen,Bitwarden,sv-bitwarden-mobile-full-review-20260919,subscription_status_past_due,,project-context,53158d61a60e4fc4bdac903a,reviewed-receipt,https://github.com/yeager/translations/blob/67e6d27877c9cfd6b6dbc74bd852b10bdbe09c3c/Bitwarden/sv-bitwarden-mobile-full-review-20260919.json,4e3887d6b78b4b084fa488b7680906187a4c12a0328977d8af4e98e7b1b94781,{}
d59a040b136f242647d390d8,Quick and easy login,Snabb och enkel inloggning,Bitwarden,sv-bitwarden-mobile-full-review-20260919,IntroCarouselPage2Title,,project-context,73d3acd90179678009935493,reviewed-receipt,https://github.com/yeager/translations/blob/67e6d27877c9cfd6b6dbc74bd852b10bdbe09c3c/Bitwarden/sv-bitwarden-mobile-full-review-20260919.json,4e3887d6b78b4b084fa488b7680906187a4c12a0328977d8af4e98e7b1b94781,{}
d5ad3b2382691b4558549c64,Downloading…,Hämtar ner…,Bitwarden,sv-bitwarden-mobile-full-review-20260919,downloading,,project-context,7020931fa2f264ed8280e20b,reviewed-receipt,https://github.com/yeager/translations/blob/67e6d27877c9cfd6b6dbc74bd852b10bdbe09c3c/Bitwarden/sv-bitwarden-mobile-full-review-20260919.json,4e3887d6b78b4b084fa488b7680906187a4c12a0328977d8af4e98e7b1b94781,{}
d5c0a051a5ab4d9c77f1d4f4,File password,Fillösenord,Bitwarden,sv-bitwarden-mobile-full-review-20260919,FilePassword,,project-context,4f75d896b890c0bcf0a3092f,reviewed-receipt,https://github.com/yeager/translations/blob/67e6d27877c9cfd6b6dbc74bd852b10bdbe09c3c/Bitwarden/sv-bitwarden-mobile-full-review-20260919.json,4e3887d6b78b4b084fa488b7680906187a4c12a0328977d8af4e98e7b1b94781,{}
d5c55d8b14242a7de38c54e6,Cancel Premium,Avbryt Premium,Bitwarden,sv-bitwarden-mobile-full-review-20260919,cancel_premium,,project-context,aeff297bc5c38aa7e19adcbe,reviewed-receipt,https://github.com/yeager/translations/blob/67e6d27877c9cfd6b6dbc74bd852b10bdbe09c3c/Bitwarden/sv-bitwarden-mobile-full-review-20260919.json,4e3887d6b78b4b084fa488b7680906187a4c12a0328977d8af4e98e7b1b94781,{}
d5d1ce5bc37b77003d3adbbc,OTP Type,OTP-typ,Bitwarden,sv-bitwarden-mobile-full-review-20260919,OtpType,,project-context,a89e8a16ecf409250b2672d2,reviewed-receipt,https://github.com/yeager/translations/blob/67e6d27877c9cfd6b6dbc74bd852b10bdbe09c3c/Bitwarden/sv-bitwarden-mobile-full-review-20260919.json,4e3887d6b78b4b084fa488b7680906187a4c12a0328977d8af4e98e7b1b94781,{}
d5e4214b72d33514ad786649,Delete,Radera,Bitwarden,sv-bitwarden-mobile-full-review-20260919,Delete,,project-context,3cae8f968b1ed0c70e8b1796,reviewed-receipt,https://github.com/yeager/translations/blob/67e6d27877c9cfd6b6dbc74bd852b10bdbe09c3c/Bitwarden/sv-bitwarden-mobile-full-review-20260919.json,4e3887d6b78b4b084fa488b7680906187a4c12a0328977d8af4e98e7b1b94781,{}
d5ec2a90abfd4761917493b1,Turn off using a public device,Stäng av med en offentlig enhet,Bitwarden,sv-bitwarden-mobile-full-review-20260919,turn_off_using_public_device,,project-context,3b3c20a120a60cdb0d4367cf,reviewed-receipt,https://github.com/yeager/translations/blob/67e6d27877c9cfd6b6dbc74bd852b10bdbe09c3c/Bitwarden/sv-bitwarden-mobile-full-review-20260919.json,4e3887d6b78b4b084fa488b7680906187a4c12a0328977d8af4e98e7b1b94781,{}
d6172726a667340a939e708e,YubiKey security key,YubiKey-säkerhetsnyckel,Bitwarden,sv-bitwarden-mobile-full-review-20260919,YubiKeyTitle,,project-context,cdec29244061e9442a0b47da,reviewed-receipt,https://github.com/yeager/translations/blob/67e6d27877c9cfd6b6dbc74bd852b10bdbe09c3c/Bitwarden/sv-bitwarden-mobile-full-review-20260919.json,4e3887d6b78b4b084fa488b7680906187a4c12a0328977d8af4e98e7b1b94781,{}
d654655d24fa7f2dcb869461,Address 2,Adress 2,Bitwarden,sv-bitwarden-mobile-full-review-20260919,Address2,,project-context,5d50fb71feae352c5a64c0d4,reviewed-receipt,https://github.com/yeager/translations/blob/67e6d27877c9cfd6b6dbc74bd852b10bdbe09c3c/Bitwarden/sv-bitwarden-mobile-full-review-20260919.json,4e3887d6b78b4b084fa488b7680906187a4c12a0328977d8af4e98e7b1b94781,{}
d67e42816527586c88bf30cc,Switch input mode,Växla inmatningsläge,Bitwarden,sv-bitwarden-mobile-full-review-20260919,switch_input_mode,,project-context,9a1c3c9d5a339f3e0cdc57a4,reviewed-receipt,https://github.com/yeager/translations/blob/67e6d27877c9cfd6b6dbc74bd852b10bdbe09c3c/Bitwarden/sv-bitwarden-mobile-full-review-20260919.json,4e3887d6b78b4b084fa488b7680906187a4c12a0328977d8af4e98e7b1b94781,{}
d6c17b1f9df6f3212d08a5e3,Decryption error,Dekrypteringsfel,Bitwarden,sv-bitwarden-mobile-full-review-20260919,DecryptionError,,project-context,455328230b344167f1c11ea9,reviewed-receipt,https://github.com/yeager/translations/blob/67e6d27877c9cfd6b6dbc74bd852b10bdbe09c3c/Bitwarden/sv-bitwarden-mobile-full-review-20260919.json,4e3887d6b78b4b084fa488b7680906187a4c12a0328977d8af4e98e7b1b94781,{}
d707bf98977ebbd46272d8b9,You left the organization,Du lämnade organisationen,Bitwarden,sv-bitwarden-mobile-full-review-20260919,you_left_the_organization,,project-context,afa0e7a6ce8dd7fe1ffc3265,reviewed-receipt,https://github.com/yeager/translations/blob/67e6d27877c9cfd6b6dbc74bd852b10bdbe09c3c/Bitwarden/sv-bitwarden-mobile-full-review-20260919.json,4e3887d6b78b4b084fa488b7680906187a4c12a0328977d8af4e98e7b1b94781,{}
d721685199933a2c16c4da6e,Password confirmation is not correct.,Bekräftelsen för huvudlösenordet stämde ej.,Bitwarden,sv-bitwarden-mobile-full-review-20260919,master_password_confirmation_val_message,,project-context,92d0c1af54bb1b46733fb91c,reviewed-receipt,https://github.com/yeager/translations/blob/67e6d27877c9cfd6b6dbc74bd852b10bdbe09c3c/Bitwarden/sv-bitwarden-mobile-full-review-20260919.json,4e3887d6b78b4b084fa488b7680906187a4c12a0328977d8af4e98e7b1b94781,{}
d75c9b96cdb7bf92095959a7,Expired link,Utgången länk,Bitwarden,sv-bitwarden-mobile-full-review-20260919,ExpiredLink,,project-context,f487df3d129a7eeee0850ec8,reviewed-receipt,https://github.com/yeager/translations/blob/67e6d27877c9cfd6b6dbc74bd852b10bdbe09c3c/Bitwarden/sv-bitwarden-mobile-full-review-20260919.json,4e3887d6b78b4b084fa488b7680906187a4c12a0328977d8af4e98e7b1b94781,{}
d763acaea198dcba05056549,Billing amount,Faktureringsbelopp,Bitwarden,sv-bitwarden-mobile-full-review-20260919,BillingAmount,,project-context,741634fe93d5d248c156c705,reviewed-receipt,https://github.com/yeager/translations/blob/67e6d27877c9cfd6b6dbc74bd852b10bdbe09c3c/Bitwarden/sv-bitwarden-mobile-full-review-20260919.json,4e3887d6b78b4b084fa488b7680906187a4c12a0328977d8af4e98e7b1b94781,{}
d76bd06f9cf383736d1cc9bb,No logins were imported,Inga inloggningar importerades,Bitwarden,sv-bitwarden-mobile-full-review-20260919,NoLoginsWereImported,,project-context,4790a8f98d401ba61ea84b86,reviewed-receipt,https://github.com/yeager/translations/blob/67e6d27877c9cfd6b6dbc74bd852b10bdbe09c3c/Bitwarden/sv-bitwarden-mobile-full-review-20260919.json,4e3887d6b78b4b084fa488b7680906187a4c12a0328977d8af4e98e7b1b94781,{}
d7ecf3c31c68837bcb318006,Name,Namn,Bitwarden,sv-bitwarden-mobile-full-review-20260919,Name,,project-context,1214d83b82473313ebe8f7e1,reviewed-receipt,https://github.com/yeager/translations/blob/67e6d27877c9cfd6b6dbc74bd852b10bdbe09c3c/Bitwarden/sv-bitwarden-mobile-full-review-20260919.json,4e3887d6b78b4b084fa488b7680906187a4c12a0328977d8af4e98e7b1b94781,{}
d7ed090cb13206a879e826a4,Current session,Aktuell session,Bitwarden,sv-bitwarden-mobile-full-review-20260919,current_session,,project-context,a9f435570044b5e6669bd712,reviewed-receipt,https://github.com/yeager/translations/blob/67e6d27877c9cfd6b6dbc74bd852b10bdbe09c3c/Bitwarden/sv-bitwarden-mobile-full-review-20260919.json,4e3887d6b78b4b084fa488b7680906187a4c12a0328977d8af4e98e7b1b94781,{}
d7f1b52b2d953149ab4f513f,Learn more about privileged apps,Läs mer om privilegierade appar,Bitwarden,sv-bitwarden-mobile-full-review-20260919,learn_more_about_privileged_apps,,project-context,c1af4d1cff2fe70730b8d6ad,reviewed-receipt,https://github.com/yeager/translations/blob/67e6d27877c9cfd6b6dbc74bd852b10bdbe09c3c/Bitwarden/sv-bitwarden-mobile-full-review-20260919.json,4e3887d6b78b4b084fa488b7680906187a4c12a0328977d8af4e98e7b1b94781,{}
d7f7eba0eff540a4a575d5d7,Other,Annat,Bitwarden,sv-bitwarden-mobile-full-review-20260919,other,,project-context,634052f172d43f16a2ca5b1a,reviewed-receipt,https://github.com/yeager/translations/blob/67e6d27877c9cfd6b6dbc74bd852b10bdbe09c3c/Bitwarden/sv-bitwarden-mobile-full-review-20260919.json,4e3887d6b78b4b084fa488b7680906187a4c12a0328977d8af4e98e7b1b94781,{}
d80662c2ddaebd3d33208559,Send link,Send-länk,Bitwarden,sv-bitwarden-mobile-full-review-20260919,SendLink,,project-context,1a901f118f6abe92e70e3959,reviewed-receipt,https://github.com/yeager/translations/blob/67e6d27877c9cfd6b6dbc74bd852b10bdbe09c3c/Bitwarden/sv-bitwarden-mobile-full-review-20260919.json,4e3887d6b78b4b084fa488b7680906187a4c12a0328977d8af4e98e7b1b94781,{}
d82677f558f573b50cb22c5e,Copy public key,Kopiera offentlig nyckel,Bitwarden,sv-bitwarden-mobile-full-review-20260919,CopyPublicKey,,project-context,207893f80f5154a093da93f9,reviewed-receipt,https://github.com/yeager/translations/blob/67e6d27877c9cfd6b6dbc74bd852b10bdbe09c3c/Bitwarden/sv-bitwarden-mobile-full-review-20260919.json,4e3887d6b78b4b084fa488b7680906187a4c12a0328977d8af4e98e7b1b94781,{}
d859d51dbc7f1dfe3d1d7780,Invalid URI,Ogiltig URI,Bitwarden,sv-bitwarden-mobile-full-review-20260919,invalid_uri,,project-context,9efaff51d982246286e1cc8b,reviewed-receipt,https://github.com/yeager/translations/blob/67e6d27877c9cfd6b6dbc74bd852b10bdbe09c3c/Bitwarden/sv-bitwarden-mobile-full-review-20260919.json,4e3887d6b78b4b084fa488b7680906187a4c12a0328977d8af4e98e7b1b94781,{}
d86156120c04b8f2746df9dc,Launch WebAuthn,Starta WebAuthn,Bitwarden,sv-bitwarden-mobile-full-review-20260919,launch_web_authn,,project-context,c32e91e672e67e3531505c03,reviewed-receipt,https://github.com/yeager/translations/blob/67e6d27877c9cfd6b6dbc74bd852b10bdbe09c3c/Bitwarden/sv-bitwarden-mobile-full-review-20260919.json,4e3887d6b78b4b084fa488b7680906187a4c12a0328977d8af4e98e7b1b94781,{}
d87959949308709ba0e62c09,Algorithm,Algoritm,Bitwarden,sv-bitwarden-mobile-full-review-20260919,Algorithm,,project-context,c02d11f95988cfe0b880c947,reviewed-receipt,https://github.com/yeager/translations/blob/67e6d27877c9cfd6b6dbc74bd852b10bdbe09c3c/Bitwarden/sv-bitwarden-mobile-full-review-20260919.json,4e3887d6b78b4b084fa488b7680906187a4c12a0328977d8af4e98e7b1b94781,{}
d88d4d9687e0e3ca92daf39c,Copy passport number,Kopiera passnummer,Bitwarden,sv-bitwarden-mobile-full-review-20260919,CopyPassportNumber,,project-context,79c60b64f52196dd4c40bf1c,reviewed-receipt,https://github.com/yeager/translations/blob/67e6d27877c9cfd6b6dbc74bd852b10bdbe09c3c/Bitwarden/sv-bitwarden-mobile-full-review-20260919.json,4e3887d6b78b4b084fa488b7680906187a4c12a0328977d8af4e98e7b1b94781,{}
d8a90bd65e86f243729ff0ea,Next,Nästa,Bitwarden,sv-bitwarden-mobile-full-review-20260919,next,,project-context,385ec7cb9de5ff3172b24876,reviewed-receipt,https://github.com/yeager/translations/blob/67e6d27877c9cfd6b6dbc74bd852b10bdbe09c3c/Bitwarden/sv-bitwarden-mobile-full-review-20260919.json,4e3887d6b78b4b084fa488b7680906187a4c12a0328977d8af4e98e7b1b94781,{}
d8f5171e5cc69c12822caa99,Move Up,Flytta upp,Bitwarden,sv-bitwarden-mobile-full-review-20260919,MoveUp,,project-context,ab06cf6a7bed4ecb4224e2b7,reviewed-receipt,https://github.com/yeager/translations/blob/67e6d27877c9cfd6b6dbc74bd852b10bdbe09c3c/Bitwarden/sv-bitwarden-mobile-full-review-20260919.json,4e3887d6b78b4b084fa488b7680906187a4c12a0328977d8af4e98e7b1b94781,{}
d904fc7919cfb4e6b1e5cb00,Folder deleted.,Mapp raderad.,Bitwarden,sv-bitwarden-mobile-full-review-20260919,FolderDeleted,,project-context,2ade5fd201f9cd3a64bc76da,reviewed-receipt,https://github.com/yeager/translations/blob/67e6d27877c9cfd6b6dbc74bd852b10bdbe09c3c/Bitwarden/sv-bitwarden-mobile-full-review-20260919.json,4e3887d6b78b4b084fa488b7680906187a4c12a0328977d8af4e98e7b1b94781,{}
d90ec778ec6c6f30622009a5,Copy security code,Kopiera säkerhetskod,Bitwarden,sv-bitwarden-mobile-full-review-20260919,copy_security_code,,project-context,5abffc5035dd6f3dea71c1ee,reviewed-receipt,https://github.com/yeager/translations/blob/67e6d27877c9cfd6b6dbc74bd852b10bdbe09c3c/Bitwarden/sv-bitwarden-mobile-full-review-20260919.json,4e3887d6b78b4b084fa488b7680906187a4c12a0328977d8af4e98e7b1b94781,{}
d939715331bce605b52cecbe,Base domain,Basdomän,Bitwarden,sv-bitwarden-mobile-full-review-20260919,base_domain,,project-context,51da8ab6f19cfcb08a4744a5,reviewed-receipt,https://github.com/yeager/translations/blob/67e6d27877c9cfd6b6dbc74bd852b10bdbe09c3c/Bitwarden/sv-bitwarden-mobile-full-review-20260919.json,4e3887d6b78b4b084fa488b7680906187a4c12a0328977d8af4e98e7b1b94781,{}
d971a3ffa003f5ca064599da,Something went wrong,Något gick fel,Bitwarden,sv-bitwarden-mobile-full-review-20260919,portal_error,,project-context,4e859be2481760bdaf424f0f,reviewed-receipt,https://github.com/yeager/translations/blob/67e6d27877c9cfd6b6dbc74bd852b10bdbe09c3c/Bitwarden/sv-bitwarden-mobile-full-review-20260919.json,4e3887d6b78b4b084fa488b7680906187a4c12a0328977d8af4e98e7b1b94781,{}
d994726e7f4baeab53afddd7,Edit file Send,Redigera fil Skicka,Bitwarden,sv-bitwarden-mobile-full-review-20260919,EditFileSend,,project-context,8d55e01493d6134eb08f5db7,reviewed-receipt,https://github.com/yeager/translations/blob/67e6d27877c9cfd6b6dbc74bd852b10bdbe09c3c/Bitwarden/sv-bitwarden-mobile-full-review-20260919.json,4e3887d6b78b4b084fa488b7680906187a4c12a0328977d8af4e98e7b1b94781,{}
d9b80eb610e19ba8a8640e35,Sync,Synkronisering,Bitwarden,sv-bitwarden-mobile-full-review-20260919,sync,,project-context,44528a3081d13531420ef88a,reviewed-receipt,https://github.com/yeager/translations/blob/67e6d27877c9cfd6b6dbc74bd852b10bdbe09c3c/Bitwarden/sv-bitwarden-mobile-full-review-20260919.json,4e3887d6b78b4b084fa488b7680906187a4c12a0328977d8af4e98e7b1b94781,{}
d9f41727faf60df6bc6d4de6,Master password help,Huvudlösenordshjälp,Bitwarden,sv-bitwarden-mobile-full-review-20260919,MasterPasswordHelp,,project-context,cdfd7f0689bfc4d1298b976f,reviewed-receipt,https://github.com/yeager/translations/blob/67e6d27877c9cfd6b6dbc74bd852b10bdbe09c3c/Bitwarden/sv-bitwarden-mobile-full-review-20260919.json,4e3887d6b78b4b084fa488b7680906187a4c12a0328977d8af4e98e7b1b94781,{}
da0379ec36238557468b7dfb,Starts with (advanced),Börjar med (avancerat),Bitwarden,sv-bitwarden-mobile-full-review-20260919,StartsWithAdvanced,,project-context,9e7c4843121957fef38cea16,reviewed-receipt,https://github.com/yeager/translations/blob/67e6d27877c9cfd6b6dbc74bd852b10bdbe09c3c/Bitwarden/sv-bitwarden-mobile-full-review-20260919.json,4e3887d6b78b4b084fa488b7680906187a4c12a0328977d8af4e98e7b1b94781,{}
da0b6e19c59b32ea4f80e5e7,Edit identity,Redigera identitet,Bitwarden,sv-bitwarden-mobile-full-review-20260919,EditIdentity,,project-context,f192801b6d73bf65690bec5f,reviewed-receipt,https://github.com/yeager/translations/blob/67e6d27877c9cfd6b6dbc74bd852b10bdbe09c3c/Bitwarden/sv-bitwarden-mobile-full-review-20260919.json,4e3887d6b78b4b084fa488b7680906187a4c12a0328977d8af4e98e7b1b94781,{}
db21af3da46b4ab7f169544c,Card saved,Kort sparat,Bitwarden,sv-bitwarden-mobile-full-review-20260919,CardSaved,,project-context,9ab5dd0ea0bd9b6066419bdf,reviewed-receipt,https://github.com/yeager/translations/blob/67e6d27877c9cfd6b6dbc74bd852b10bdbe09c3c/Bitwarden/sv-bitwarden-mobile-full-review-20260919.json,4e3887d6b78b4b084fa488b7680906187a4c12a0328977d8af4e98e7b1b94781,{}
db3f346dccf67535fc953884,Attachments,Bilagor,Bitwarden,sv-bitwarden-mobile-full-review-20260919,attachments,,project-context,675bed40eb4a3df0857c6e56,reviewed-receipt,https://github.com/yeager/translations/blob/67e6d27877c9cfd6b6dbc74bd852b10bdbe09c3c/Bitwarden/sv-bitwarden-mobile-full-review-20260919.json,4e3887d6b78b4b084fa488b7680906187a4c12a0328977d8af4e98e7b1b94781,{}
db6d059958aa57f9189e6b74,May,Maj,Bitwarden,sv-bitwarden-mobile-full-review-20260919,may,,project-context,ae6c5356339d67b2017dadec,reviewed-receipt,https://github.com/yeager/translations/blob/67e6d27877c9cfd6b6dbc74bd852b10bdbe09c3c/Bitwarden/sv-bitwarden-mobile-full-review-20260919.json,4e3887d6b78b4b084fa488b7680906187a4c12a0328977d8af4e98e7b1b94781,{}
db862ad6c7f0f18db0c6404f,Upgrade to Premium,Uppgradera till premium,Bitwarden,sv-bitwarden-mobile-full-review-20260919,upgrade_to_premium,,project-context,f9be950866cd086620501c27,reviewed-receipt,https://github.com/yeager/translations/blob/67e6d27877c9cfd6b6dbc74bd852b10bdbe09c3c/Bitwarden/sv-bitwarden-mobile-full-review-20260919.json,4e3887d6b78b4b084fa488b7680906187a4c12a0328977d8af4e98e7b1b94781,{}
dbb2049f5f39dfb1dc159242,Issuing state / province,Utfärdande delstat / provins,Bitwarden,sv-bitwarden-mobile-full-review-20260919,issuing_state,,project-context,39c1d6b7633c0bfa92a06c9e,reviewed-receipt,https://github.com/yeager/translations/blob/67e6d27877c9cfd6b6dbc74bd852b10bdbe09c3c/Bitwarden/sv-bitwarden-mobile-full-review-20260919.json,4e3887d6b78b4b084fa488b7680906187a4c12a0328977d8af4e98e7b1b94781,{}
dbbdc0cf0ebbcc265a673eb2,Add new attachment,Lägg till ny bilaga,Bitwarden,sv-bitwarden-mobile-full-review-20260919,add_new_attachment,,project-context,6d7a8ae47a16d0d9f28267d5,reviewed-receipt,https://github.com/yeager/translations/blob/67e6d27877c9cfd6b6dbc74bd852b10bdbe09c3c/Bitwarden/sv-bitwarden-mobile-full-review-20260919.json,4e3887d6b78b4b084fa488b7680906187a4c12a0328977d8af4e98e7b1b94781,{}
dc3216db4dfb8c970ad1bfb1,Ask again later,Fråga igen senare,Bitwarden,sv-bitwarden-mobile-full-review-20260919,ask_again_later,,project-context,64941bfaaf33829cf275a2a1,reviewed-receipt,https://github.com/yeager/translations/blob/67e6d27877c9cfd6b6dbc74bd852b10bdbe09c3c/Bitwarden/sv-bitwarden-mobile-full-review-20260919.json,4e3887d6b78b4b084fa488b7680906187a4c12a0328977d8af4e98e7b1b94781,{}
dc4244abca86d74cb14d00b3,Active,Aktiv,Bitwarden,sv-bitwarden-mobile-full-review-20260919,subscription_status_active,,project-context,bcdba6391859ad464d097c04,reviewed-receipt,https://github.com/yeager/translations/blob/67e6d27877c9cfd6b6dbc74bd852b10bdbe09c3c/Bitwarden/sv-bitwarden-mobile-full-review-20260919.json,4e3887d6b78b4b084fa488b7680906187a4c12a0328977d8af4e98e7b1b94781,{}
dc6b1534848cac414ff8fe45,Items,Objekt,Bitwarden,sv-bitwarden-mobile-full-review-20260919,items,,project-context,f7a03fa899650b05fcc93ba2,reviewed-receipt,https://github.com/yeager/translations/blob/67e6d27877c9cfd6b6dbc74bd852b10bdbe09c3c/Bitwarden/sv-bitwarden-mobile-full-review-20260919.json,4e3887d6b78b4b084fa488b7680906187a4c12a0328977d8af4e98e7b1b94781,{}
dc8d6cc4d41b7b369590cb45,Default URI match detection,Standardmatchning för URI,Bitwarden,sv-bitwarden-mobile-full-review-20260919,default_uri_match_detection,,project-context,dda9dbab004dae4e954535f2,reviewed-receipt,https://github.com/yeager/translations/blob/67e6d27877c9cfd6b6dbc74bd852b10bdbe09c3c/Bitwarden/sv-bitwarden-mobile-full-review-20260919.json,4e3887d6b78b4b084fa488b7680906187a4c12a0328977d8af4e98e7b1b94781,{}
dc9916e4b27aae6edf4b3bb2,Pending login requests,Väntande inloggningsförfrågningar,Bitwarden,sv-bitwarden-mobile-full-review-20260919,PendingLogInRequests,,project-context,4c701095fed12d87c09e0dfa,reviewed-receipt,https://github.com/yeager/translations/blob/67e6d27877c9cfd6b6dbc74bd852b10bdbe09c3c/Bitwarden/sv-bitwarden-mobile-full-review-20260919.json,4e3887d6b78b4b084fa488b7680906187a4c12a0328977d8af4e98e7b1b94781,{}
dcb5b6db79d74c2f37bd7c65,Decline all requests,Avvisa alla förfrågningar,Bitwarden,sv-bitwarden-mobile-full-review-20260919,DeclineAllRequests,,project-context,d3557b74a3ed28078f85bee6,reviewed-receipt,https://github.com/yeager/translations/blob/67e6d27877c9cfd6b6dbc74bd852b10bdbe09c3c/Bitwarden/sv-bitwarden-mobile-full-review-20260919.json,4e3887d6b78b4b084fa488b7680906187a4c12a0328977d8af4e98e7b1b94781,{}
dce632c0b0e276cabfaef33e,Unlock options,Upplåsning,Bitwarden,sv-bitwarden-mobile-full-review-20260919,unlock_options,,project-context,f964cec989c32bd7ffda8efb,reviewed-receipt,https://github.com/yeager/translations/blob/67e6d27877c9cfd6b6dbc74bd852b10bdbe09c3c/Bitwarden/sv-bitwarden-mobile-full-review-20260919.json,4e3887d6b78b4b084fa488b7680906187a4c12a0328977d8af4e98e7b1b94781,{}
dce76f18f4ec55d04fe1d2a0,Import passwords,Importera lösenord,Bitwarden,sv-bitwarden-mobile-full-review-20260919,ImportPasswords,,project-context,2feea1aa92b587a3d87f50c4,reviewed-receipt,https://github.com/yeager/translations/blob/67e6d27877c9cfd6b6dbc74bd852b10bdbe09c3c/Bitwarden/sv-bitwarden-mobile-full-review-20260919.json,4e3887d6b78b4b084fa488b7680906187a4c12a0328977d8af4e98e7b1b94781,{}
dd104c11afe11ec30b5edab1,Verification code (TOTP),Verifieringskod (TOTP),Bitwarden,sv-bitwarden-mobile-full-review-20260919,verification_code_totp,,project-context,08f4bc8720e5d4b1720ab496,reviewed-receipt,https://github.com/yeager/translations/blob/67e6d27877c9cfd6b6dbc74bd852b10bdbe09c3c/Bitwarden/sv-bitwarden-mobile-full-review-20260919.json,4e3887d6b78b4b084fa488b7680906187a4c12a0328977d8af4e98e7b1b94781,{}
dd194cafc822802800571098,Account number,Kontonummer,Bitwarden,sv-bitwarden-mobile-full-review-20260919,AccountNumber,,project-context,88e104bceae31d49449a5fba,reviewed-receipt,https://github.com/yeager/translations/blob/67e6d27877c9cfd6b6dbc74bd852b10bdbe09c3c/Bitwarden/sv-bitwarden-mobile-full-review-20260919.json,4e3887d6b78b4b084fa488b7680906187a4c12a0328977d8af4e98e7b1b94781,{}
dd2a87c8b3acf6c063eab581,Device type,Typ av enhet,Bitwarden,sv-bitwarden-mobile-full-review-20260919,DeviceType,,project-context,e446fe2552b33fe9fd979a4a,reviewed-receipt,https://github.com/yeager/translations/blob/67e6d27877c9cfd6b6dbc74bd852b10bdbe09c3c/Bitwarden/sv-bitwarden-mobile-full-review-20260919.json,4e3887d6b78b4b084fa488b7680906187a4c12a0328977d8af4e98e7b1b94781,{}
dd31bf547ee2a2580c92c9d1,SSH key saved,SSH-nyckel sparad,Bitwarden,sv-bitwarden-mobile-full-review-20260919,SSHKeySaved,,project-context,9e113d51581c61a3cbe6943f,reviewed-receipt,https://github.com/yeager/translations/blob/67e6d27877c9cfd6b6dbc74bd852b10bdbe09c3c/Bitwarden/sv-bitwarden-mobile-full-review-20260919.json,4e3887d6b78b4b084fa488b7680906187a4c12a0328977d8af4e98e7b1b94781,{}
dd33883050bca77b0f10274c,Plus addressed email,Plusadresserad e-post,Bitwarden,sv-bitwarden-mobile-full-review-20260919,plus_addressed_email,,project-context,e56e35dd20975a1b0f6019ef,reviewed-receipt,https://github.com/yeager/translations/blob/67e6d27877c9cfd6b6dbc74bd852b10bdbe09c3c/Bitwarden/sv-bitwarden-mobile-full-review-20260919.json,4e3887d6b78b4b084fa488b7680906187a4c12a0328977d8af4e98e7b1b94781,{}
dd46480123e7fdba1485187d,Copy,Kopiera,Bitwarden,sv-bitwarden-mobile-full-review-20260919,Copy,,project-context,4fab711325ca78ec825c3485,reviewed-receipt,https://github.com/yeager/translations/blob/67e6d27877c9cfd6b6dbc74bd852b10bdbe09c3c/Bitwarden/sv-bitwarden-mobile-full-review-20260919.json,4e3887d6b78b4b084fa488b7680906187a4c12a0328977d8af4e98e7b1b94781,{}
dd83504af17d1aac17f62692,App info,Appinfo,Bitwarden,sv-bitwarden-mobile-full-review-20260919,AppInfo,,project-context,cda97ae45e6473eb28233e77,reviewed-receipt,https://github.com/yeager/translations/blob/67e6d27877c9cfd6b6dbc74bd852b10bdbe09c3c/Bitwarden/sv-bitwarden-mobile-full-review-20260919.json,4e3887d6b78b4b084fa488b7680906187a4c12a0328977d8af4e98e7b1b94781,{}
dda151ffac22b4baab02d7b6,Today,Idag,Bitwarden,sv-bitwarden-mobile-full-review-20260919,today,,project-context,aab8eb4fe95954af3923354f,reviewed-receipt,https://github.com/yeager/translations/blob/67e6d27877c9cfd6b6dbc74bd852b10bdbe09c3c/Bitwarden/sv-bitwarden-mobile-full-review-20260919.json,4e3887d6b78b4b084fa488b7680906187a4c12a0328977d8af4e98e7b1b94781,{}
dda1776da1ec97cb239dddee,No Folder,Ingen mapp,Bitwarden,sv-bitwarden-mobile-full-review-20260919,folder_none,,project-context,d5ad47a4d6e21612f8199dc7,reviewed-receipt,https://github.com/yeager/translations/blob/67e6d27877c9cfd6b6dbc74bd852b10bdbe09c3c/Bitwarden/sv-bitwarden-mobile-full-review-20260919.json,4e3887d6b78b4b084fa488b7680906187a4c12a0328977d8af4e98e7b1b94781,{}
ddce9efb262c9dfa3d071590,Current access count,Nuvarande antal åtkomster,Bitwarden,sv-bitwarden-mobile-full-review-20260919,CurrentAccessCount,,project-context,30ab1a67fe5821082ecb45c2,reviewed-receipt,https://github.com/yeager/translations/blob/67e6d27877c9cfd6b6dbc74bd852b10bdbe09c3c/Bitwarden/sv-bitwarden-mobile-full-review-20260919.json,4e3887d6b78b4b084fa488b7680906187a4c12a0328977d8af4e98e7b1b94781,{}
dddec17c71531f3e449ac89d,"Items are collapsed, click to expand.","Objekt är infällda, klicka för att expandera.",Bitwarden,sv-bitwarden-mobile-full-review-20260919,items_are_collapsed_click_to_expand,,project-context,e793f46d50b0afeb3bf373fc,reviewed-receipt,https://github.com/yeager/translations/blob/67e6d27877c9cfd6b6dbc74bd852b10bdbe09c3c/Bitwarden/sv-bitwarden-mobile-full-review-20260919.json,4e3887d6b78b4b084fa488b7680906187a4c12a0328977d8af4e98e7b1b94781,{}
de6c5b07540bb1e59ce0dd6f,Base domain,Basdomän,Bitwarden,sv-bitwarden-mobile-full-review-20260919,BaseDomain,,project-context,c50b3a572cd91e673399cf20,reviewed-receipt,https://github.com/yeager/translations/blob/67e6d27877c9cfd6b6dbc74bd852b10bdbe09c3c/Bitwarden/sv-bitwarden-mobile-full-review-20260919.json,4e3887d6b78b4b084fa488b7680906187a4c12a0328977d8af4e98e7b1b94781,{}
de98674386c06d98654e184f,Autofill suggestion,Autofyll-förslag,Bitwarden,sv-bitwarden-mobile-full-review-20260919,autofill_suggestion,,project-context,09fa809b8757aa6c0744fb02,reviewed-receipt,https://github.com/yeager/translations/blob/67e6d27877c9cfd6b6dbc74bd852b10bdbe09c3c/Bitwarden/sv-bitwarden-mobile-full-review-20260919.json,4e3887d6b78b4b084fa488b7680906187a4c12a0328977d8af4e98e7b1b94781,{}
debcd95a281507b0aa5446a2,Investment/brokerage,Investering/mäklare,Bitwarden,sv-bitwarden-mobile-full-review-20260919,InvestmentBrokerage,,project-context,d2c78166af94edcc1dde2174,reviewed-receipt,https://github.com/yeager/translations/blob/67e6d27877c9cfd6b6dbc74bd852b10bdbe09c3c/Bitwarden/sv-bitwarden-mobile-full-review-20260919.json,4e3887d6b78b4b084fa488b7680906187a4c12a0328977d8af4e98e7b1b94781,{}
dedbee8e246fa2295eaa56e7,Syncing vault with pull down gesture.,Synkronisera valv genom att dra ned.,Bitwarden,sv-bitwarden-mobile-full-review-20260919,EnableSyncOnRefreshDescription,,project-context,fcb2d8f535afea1a37be6f17,reviewed-receipt,https://github.com/yeager/translations/blob/67e6d27877c9cfd6b6dbc74bd852b10bdbe09c3c/Bitwarden/sv-bitwarden-mobile-full-review-20260919.json,4e3887d6b78b4b084fa488b7680906187a4c12a0328977d8af4e98e7b1b94781,{}
def5f1955861655d885b5b8f,Copy username,Kopiera användarnamn,Bitwarden,sv-bitwarden-mobile-full-review-20260919,CopyUsername,,project-context,a1fa8534c6ec102404bcde22,reviewed-receipt,https://github.com/yeager/translations/blob/67e6d27877c9cfd6b6dbc74bd852b10bdbe09c3c/Bitwarden/sv-bitwarden-mobile-full-review-20260919.json,4e3887d6b78b4b084fa488b7680906187a4c12a0328977d8af4e98e7b1b94781,{}
defccb7c4cdb0de5c1bac7df,All Sends,Alla Sends,Bitwarden,sv-bitwarden-mobile-full-review-20260919,all_sends,,project-context,58d679786763e4ee47435b9f,reviewed-receipt,https://github.com/yeager/translations/blob/67e6d27877c9cfd6b6dbc74bd852b10bdbe09c3c/Bitwarden/sv-bitwarden-mobile-full-review-20260919.json,4e3887d6b78b4b084fa488b7680906187a4c12a0328977d8af4e98e7b1b94781,{}
df21d6dc29d72714b96c430f,Explore the generator,Utforska generatorn,Bitwarden,sv-bitwarden-mobile-full-review-20260919,ExploreTheGenerator,,project-context,19417de947f9c6035641e17f,reviewed-receipt,https://github.com/yeager/translations/blob/67e6d27877c9cfd6b6dbc74bd852b10bdbe09c3c/Bitwarden/sv-bitwarden-mobile-full-review-20260919.json,4e3887d6b78b4b084fa488b7680906187a4c12a0328977d8af4e98e7b1b94781,{}
df328acc946549c2978591e7,Unlock with Optic ID,Lås upp med optiskt ID,Bitwarden,sv-bitwarden-mobile-full-review-20260919,UnlockWithOpticID,,project-context,542420445d0d4ea4874eb1fc,reviewed-receipt,https://github.com/yeager/translations/blob/67e6d27877c9cfd6b6dbc74bd852b10bdbe09c3c/Bitwarden/sv-bitwarden-mobile-full-review-20260919.json,4e3887d6b78b4b084fa488b7680906187a4c12a0328977d8af4e98e7b1b94781,{}
df3de0e4e8cb60ff0a84e9bd,Fingerprint,Fingeravtryck,Bitwarden,sv-bitwarden-mobile-full-review-20260919,fingerprint,,project-context,03b8af5e76816a15019fec8d,reviewed-receipt,https://github.com/yeager/translations/blob/67e6d27877c9cfd6b6dbc74bd852b10bdbe09c3c/Bitwarden/sv-bitwarden-mobile-full-review-20260919.json,4e3887d6b78b4b084fa488b7680906187a4c12a0328977d8af4e98e7b1b94781,{}
df60eb2abcec95a4e797dc9d,License details,Licensuppgifter,Bitwarden,sv-bitwarden-mobile-full-review-20260919,license_details,,project-context,5a403b33ebb22da8ae7a1f7d,reviewed-receipt,https://github.com/yeager/translations/blob/67e6d27877c9cfd6b6dbc74bd852b10bdbe09c3c/Bitwarden/sv-bitwarden-mobile-full-review-20260919.json,4e3887d6b78b4b084fa488b7680906187a4c12a0328977d8af4e98e7b1b94781,{}
df6b1b36838046b5953542f5,Folder,Mapp,Bitwarden,sv-bitwarden-mobile-full-review-20260919,Folder,,project-context,a000bd95b696d65eeeec3eb0,reviewed-receipt,https://github.com/yeager/translations/blob/67e6d27877c9cfd6b6dbc74bd852b10bdbe09c3c/Bitwarden/sv-bitwarden-mobile-full-review-20260919.json,4e3887d6b78b4b084fa488b7680906187a4c12a0328977d8af4e98e7b1b94781,{}
df724ea812f1aad869aae472,You’re ready to log in!,Du är redo att logga in!,Bitwarden,sv-bitwarden-mobile-full-review-20260919,ExtensionReady,,project-context,137d256bbd715d3b8c355dff,reviewed-receipt,https://github.com/yeager/translations/blob/67e6d27877c9cfd6b6dbc74bd852b10bdbe09c3c/Bitwarden/sv-bitwarden-mobile-full-review-20260919.json,4e3887d6b78b4b084fa488b7680906187a4c12a0328977d8af4e98e7b1b94781,{}
dfd2803e0f426af49336ccb2,Send Details,Skicka detaljer,Bitwarden,sv-bitwarden-mobile-full-review-20260919,send_details,,project-context,d0a822fe59135066a541c543,reviewed-receipt,https://github.com/yeager/translations/blob/67e6d27877c9cfd6b6dbc74bd852b10bdbe09c3c/Bitwarden/sv-bitwarden-mobile-full-review-20260919.json,4e3887d6b78b4b084fa488b7680906187a4c12a0328977d8af4e98e7b1b94781,{}
dff3a463f03830e728c0135b,Nothing available to autofill,Ingenting tillgängligt för autofyll,Bitwarden,sv-bitwarden-mobile-full-review-20260919,NothingAvailableToAutofill,,project-context,2e47395fa1c4e67e1ed51eb8,reviewed-receipt,https://github.com/yeager/translations/blob/67e6d27877c9cfd6b6dbc74bd852b10bdbe09c3c/Bitwarden/sv-bitwarden-mobile-full-review-20260919.json,4e3887d6b78b4b084fa488b7680906187a4c12a0328977d8af4e98e7b1b94781,{}
e0121e549f0dac69fbffb4e0,Anyone with the link,Vem som helst med länken,Bitwarden,sv-bitwarden-mobile-full-review-20260919,anyone_with_the_link,,project-context,06ed660108ce1944f3576ebd,reviewed-receipt,https://github.com/yeager/translations/blob/67e6d27877c9cfd6b6dbc74bd852b10bdbe09c3c/Bitwarden/sv-bitwarden-mobile-full-review-20260919.json,4e3887d6b78b4b084fa488b7680906187a4c12a0328977d8af4e98e7b1b94781,{}
e0538d4e844ff88cbec33bd3,Send deleted,Send har raderats,Bitwarden,sv-bitwarden-mobile-full-review-20260919,SendDeleted,,project-context,e82a227cb848e426e2789d61,reviewed-receipt,https://github.com/yeager/translations/blob/67e6d27877c9cfd6b6dbc74bd852b10bdbe09c3c/Bitwarden/sv-bitwarden-mobile-full-review-20260919.json,4e3887d6b78b4b084fa488b7680906187a4c12a0328977d8af4e98e7b1b94781,{}
e07970a58ca670332fc56003,Account setup,Kontoinställningar,Bitwarden,sv-bitwarden-mobile-full-review-20260919,AccountSetup,,project-context,61007a788c0c594931cabcc1,reviewed-receipt,https://github.com/yeager/translations/blob/67e6d27877c9cfd6b6dbc74bd852b10bdbe09c3c/Bitwarden/sv-bitwarden-mobile-full-review-20260919.json,4e3887d6b78b4b084fa488b7680906187a4c12a0328977d8af4e98e7b1b94781,{}
e0e260eedf8fedd8da56523c,Export your saved logins,Exportera dina sparade inloggningar,Bitwarden,sv-bitwarden-mobile-full-review-20260919,export_your_saved_logins,,project-context,6173548f7da8e785d66f50d4,reviewed-receipt,https://github.com/yeager/translations/blob/67e6d27877c9cfd6b6dbc74bd852b10bdbe09c3c/Bitwarden/sv-bitwarden-mobile-full-review-20260919.json,4e3887d6b78b4b084fa488b7680906187a4c12a0328977d8af4e98e7b1b94781,{}
e0e6f07147a55095baeec7b2,Custom,Anpassad,Bitwarden,sv-bitwarden-mobile-full-review-20260919,Custom,,project-context,e16a6900aae3998a15918ba3,reviewed-receipt,https://github.com/yeager/translations/blob/67e6d27877c9cfd6b6dbc74bd852b10bdbe09c3c/Bitwarden/sv-bitwarden-mobile-full-review-20260919.json,4e3887d6b78b4b084fa488b7680906187a4c12a0328977d8af4e98e7b1b94781,{}
e0e9d793ff2aebdc792df522,Edit passport,Redigera pass,Bitwarden,sv-bitwarden-mobile-full-review-20260919,edit_passport,,project-context,7fa6c5915b8aab12e58f7a92,reviewed-receipt,https://github.com/yeager/translations/blob/67e6d27877c9cfd6b6dbc74bd852b10bdbe09c3c/Bitwarden/sv-bitwarden-mobile-full-review-20260919.json,4e3887d6b78b4b084fa488b7680906187a4c12a0328977d8af4e98e7b1b94781,{}
e0ec6095cda97211995d5c88,Expiration,Utgång,Bitwarden,sv-bitwarden-mobile-full-review-20260919,Expiration,,project-context,eb68d8fa6655beb9d480074e,reviewed-receipt,https://github.com/yeager/translations/blob/67e6d27877c9cfd6b6dbc74bd852b10bdbe09c3c/Bitwarden/sv-bitwarden-mobile-full-review-20260919.json,4e3887d6b78b4b084fa488b7680906187a4c12a0328977d8af4e98e7b1b94781,{}
e0efc5d27b0bb81a7996d7b2,Expired,Upphört,Bitwarden,sv-bitwarden-mobile-full-review-20260919,expired,,project-context,6d2369c66d2925593e0b4b9e,reviewed-receipt,https://github.com/yeager/translations/blob/67e6d27877c9cfd6b6dbc74bd852b10bdbe09c3c/Bitwarden/sv-bitwarden-mobile-full-review-20260919.json,4e3887d6b78b4b084fa488b7680906187a4c12a0328977d8af4e98e7b1b94781,{}
e12043a99b5dac09b0dde113,Confirm file password,Bekräfta fillösenord,Bitwarden,sv-bitwarden-mobile-full-review-20260919,confirm_file_password,,project-context,68dd36ecbde37822eb23d4e7,reviewed-receipt,https://github.com/yeager/translations/blob/67e6d27877c9cfd6b6dbc74bd852b10bdbe09c3c/Bitwarden/sv-bitwarden-mobile-full-review-20260919.json,4e3887d6b78b4b084fa488b7680906187a4c12a0328977d8af4e98e7b1b94781,{}
e1468b7fbf4a6c82364e051c,Go to archive,Gå till arkivet,Bitwarden,sv-bitwarden-mobile-full-review-20260919,GoToArchive,,project-context,f68ef8f083dfd9ba03fb2d06,reviewed-receipt,https://github.com/yeager/translations/blob/67e6d27877c9cfd6b6dbc74bd852b10bdbe09c3c/Bitwarden/sv-bitwarden-mobile-full-review-20260919.json,4e3887d6b78b4b084fa488b7680906187a4c12a0328977d8af4e98e7b1b94781,{}
e169ce2fe815747248097569,Branch number,Kontorsnummer,Bitwarden,sv-bitwarden-mobile-full-review-20260919,BranchNumber,,project-context,849ef50e96e9ae1e702e085c,reviewed-receipt,https://github.com/yeager/translations/blob/67e6d27877c9cfd6b6dbc74bd852b10bdbe09c3c/Bitwarden/sv-bitwarden-mobile-full-review-20260919.json,4e3887d6b78b4b084fa488b7680906187a4c12a0328977d8af4e98e7b1b94781,{}
e178a169aa1ccdea11c2a95a,There are no attachments.,Det finns inga bilagor.,Bitwarden,sv-bitwarden-mobile-full-review-20260919,no_attachments,,project-context,7e7897bff65f9ba268f2b4b4,reviewed-receipt,https://github.com/yeager/translations/blob/67e6d27877c9cfd6b6dbc74bd852b10bdbe09c3c/Bitwarden/sv-bitwarden-mobile-full-review-20260919.json,4e3887d6b78b4b084fa488b7680906187a4c12a0328977d8af4e98e7b1b94781,{}
e1a616d946cd4ea05d17c4e0,Admin approval requested,Godkännande från administratör har begärts,Bitwarden,sv-bitwarden-mobile-full-review-20260919,admin_approval_requested,,project-context,412dcd6f3919befcfc06af81,reviewed-receipt,https://github.com/yeager/translations/blob/67e6d27877c9cfd6b6dbc74bd852b10bdbe09c3c/Bitwarden/sv-bitwarden-mobile-full-review-20260919.json,4e3887d6b78b4b084fa488b7680906187a4c12a0328977d8af4e98e7b1b94781,{}
e1d8016a85ac13fbdb6885d8,Password Protected,Lösenordsskyddad,Bitwarden,sv-bitwarden-mobile-full-review-20260919,password_protected,,project-context,4b7c6d92e070c7a012b9be70,reviewed-receipt,https://github.com/yeager/translations/blob/67e6d27877c9cfd6b6dbc74bd852b10bdbe09c3c/Bitwarden/sv-bitwarden-mobile-full-review-20260919.json,4e3887d6b78b4b084fa488b7680906187a4c12a0328977d8af4e98e7b1b94781,{}
e205c43bd534b76c5e58384b,Self-hosted environment,Egen-hostad miljö,Bitwarden,sv-bitwarden-mobile-full-review-20260919,SelfHostedEnvironment,,project-context,8f55fbd1ad58169133ee85c3,reviewed-receipt,https://github.com/yeager/translations/blob/67e6d27877c9cfd6b6dbc74bd852b10bdbe09c3c/Bitwarden/sv-bitwarden-mobile-full-review-20260919.json,4e3887d6b78b4b084fa488b7680906187a4c12a0328977d8af4e98e7b1b94781,{}
e264a9258d3f212fbecc127c,Add field,Lägg till fält,Bitwarden,sv-bitwarden-mobile-full-review-20260919,add_field,,project-context,f63321ae50b765a46a208443,reviewed-receipt,https://github.com/yeager/translations/blob/67e6d27877c9cfd6b6dbc74bd852b10bdbe09c3c/Bitwarden/sv-bitwarden-mobile-full-review-20260919.json,4e3887d6b78b4b084fa488b7680906187a4c12a0328977d8af4e98e7b1b94781,{}
e26cdb9887c12402078dad76,Export vault,Exportera valv,Bitwarden,sv-bitwarden-mobile-full-review-20260919,ExportVault,,project-context,df608dc8b0fe006c15ab5c23,reviewed-receipt,https://github.com/yeager/translations/blob/67e6d27877c9cfd6b6dbc74bd852b10bdbe09c3c/Bitwarden/sv-bitwarden-mobile-full-review-20260919.json,4e3887d6b78b4b084fa488b7680906187a4c12a0328977d8af4e98e7b1b94781,{}
e2712cba815333959936a811,Archive item,Arkivera objekt,Bitwarden,sv-bitwarden-mobile-full-review-20260919,ArchiveItem,,project-context,cf67619f2615bb94c50e13a6,reviewed-receipt,https://github.com/yeager/translations/blob/67e6d27877c9cfd6b6dbc74bd852b10bdbe09c3c/Bitwarden/sv-bitwarden-mobile-full-review-20260919.json,4e3887d6b78b4b084fa488b7680906187a4c12a0328977d8af4e98e7b1b94781,{}
e27553b85d13db4f7aedef72,Password confirmation is not correct.,Lösenorden stämmer inte överens.,Bitwarden,sv-bitwarden-mobile-full-review-20260919,MasterPasswordConfirmationValMessage,,project-context,ff75c2ccb094dbe545cca2bb,reviewed-receipt,https://github.com/yeager/translations/blob/67e6d27877c9cfd6b6dbc74bd852b10bdbe09c3c/Bitwarden/sv-bitwarden-mobile-full-review-20260919.json,4e3887d6b78b4b084fa488b7680906187a4c12a0328977d8af4e98e7b1b94781,{}
e2ad6cb6f2a1d798f5a36573,License saved,Licens sparad,Bitwarden,sv-bitwarden-mobile-full-review-20260919,license_saved,,project-context,d170ca9d54eb4cebd6a68327,reviewed-receipt,https://github.com/yeager/translations/blob/67e6d27877c9cfd6b6dbc74bd852b10bdbe09c3c/Bitwarden/sv-bitwarden-mobile-full-review-20260919.json,4e3887d6b78b4b084fa488b7680906187a4c12a0328977d8af4e98e7b1b94781,{}
e2b1fd6ce2917ff996e2fd76,Authenticator key added.,Autentiseringsnyckel tillagd.,Bitwarden,sv-bitwarden-mobile-full-review-20260919,authenticator_key_added,,project-context,c601f4ffd8ffd865b2a0360f,reviewed-receipt,https://github.com/yeager/translations/blob/67e6d27877c9cfd6b6dbc74bd852b10bdbe09c3c/Bitwarden/sv-bitwarden-mobile-full-review-20260919.json,4e3887d6b78b4b084fa488b7680906187a4c12a0328977d8af4e98e7b1b94781,{}
e2e1fc7bea4ba90c63a13b27,Share error details,Dela felinformation,Bitwarden,sv-bitwarden-mobile-full-review-20260919,share_error_details,,project-context,4f2de4457736b116a44c8399,reviewed-receipt,https://github.com/yeager/translations/blob/67e6d27877c9cfd6b6dbc74bd852b10bdbe09c3c/Bitwarden/sv-bitwarden-mobile-full-review-20260919.json,4e3887d6b78b4b084fa488b7680906187a4c12a0328977d8af4e98e7b1b94781,{}
e2fd4663e10bed9b51c86177,Skip,Hoppa över,Bitwarden,sv-bitwarden-mobile-full-review-20260919,Skip,,project-context,b7900750e1efb93f8edbc66b,reviewed-receipt,https://github.com/yeager/translations/blob/67e6d27877c9cfd6b6dbc74bd852b10bdbe09c3c/Bitwarden/sv-bitwarden-mobile-full-review-20260919.json,4e3887d6b78b4b084fa488b7680906187a4c12a0328977d8af4e98e7b1b94781,{}
e2ffed018bddd1dc3d8db00a,API key,API-nyckel,Bitwarden,sv-bitwarden-mobile-full-review-20260919,api_key,,project-context,7b6bf65c84f55dee0d116829,reviewed-receipt,https://github.com/yeager/translations/blob/67e6d27877c9cfd6b6dbc74bd852b10bdbe09c3c/Bitwarden/sv-bitwarden-mobile-full-review-20260919.json,4e3887d6b78b4b084fa488b7680906187a4c12a0328977d8af4e98e7b1b94781,{}
e30610564ee7f215f3623a2b,Import saved logins,Importera sparade inloggningar,Bitwarden,sv-bitwarden-mobile-full-review-20260919,import_saved_logins,,project-context,562cbabd311dab493182e931,reviewed-receipt,https://github.com/yeager/translations/blob/67e6d27877c9cfd6b6dbc74bd852b10bdbe09c3c/Bitwarden/sv-bitwarden-mobile-full-review-20260919.json,4e3887d6b78b4b084fa488b7680906187a4c12a0328977d8af4e98e7b1b94781,{}
e39615b0bde8f159c5f4de75,Autofill Options,Alternativ för autofyll,Bitwarden,sv-bitwarden-mobile-full-review-20260919,autofill_options,,project-context,147fee4128e940e5c264e675,reviewed-receipt,https://github.com/yeager/translations/blob/67e6d27877c9cfd6b6dbc74bd852b10bdbe09c3c/Bitwarden/sv-bitwarden-mobile-full-review-20260919.json,4e3887d6b78b4b084fa488b7680906187a4c12a0328977d8af4e98e7b1b94781,{}
e3aad28fd327496561268804,Passport number,Passnummer,Bitwarden,sv-bitwarden-mobile-full-review-20260919,passport_number,,project-context,563893d94744870c19a46f5b,reviewed-receipt,https://github.com/yeager/translations/blob/67e6d27877c9cfd6b6dbc74bd852b10bdbe09c3c/Bitwarden/sv-bitwarden-mobile-full-review-20260919.json,4e3887d6b78b4b084fa488b7680906187a4c12a0328977d8af4e98e7b1b94781,{}
e3d33676850519da6c368d5a,Archive is empty,Arkivet är tomt,Bitwarden,sv-bitwarden-mobile-full-review-20260919,no_archives_title,,project-context,44969d66f5534b1f76252af9,reviewed-receipt,https://github.com/yeager/translations/blob/67e6d27877c9cfd6b6dbc74bd852b10bdbe09c3c/Bitwarden/sv-bitwarden-mobile-full-review-20260919.json,4e3887d6b78b4b084fa488b7680906187a4c12a0328977d8af4e98e7b1b94781,{}
e3d8be16d770fab031c000c9,Retry import,Importera igen,Bitwarden,sv-bitwarden-mobile-full-review-20260919,RetryImport,,project-context,d8ac84fd188edf9e970f7a25,reviewed-receipt,https://github.com/yeager/translations/blob/67e6d27877c9cfd6b6dbc74bd852b10bdbe09c3c/Bitwarden/sv-bitwarden-mobile-full-review-20260919.json,4e3887d6b78b4b084fa488b7680906187a4c12a0328977d8af4e98e7b1b94781,{}
e3dc81acfd62e7732ba4c9ff,Unsubscribe,Avsluta prenumeration,Bitwarden,sv-bitwarden-mobile-full-review-20260919,unsubscribe,,project-context,76701b0a9ccf4c2bd0e20352,reviewed-receipt,https://github.com/yeager/translations/blob/67e6d27877c9cfd6b6dbc74bd852b10bdbe09c3c/Bitwarden/sv-bitwarden-mobile-full-review-20260919.json,4e3887d6b78b4b084fa488b7680906187a4c12a0328977d8af4e98e7b1b94781,{}
e40da9640e854100f3adad30,No certificate data is available.,Inga certifikatdata är tillgängliga.,Bitwarden,sv-bitwarden-mobile-full-review-20260919,NoCertificateDataAvailable,,project-context,8ad72d4f23a243416db1f28f,reviewed-receipt,https://github.com/yeager/translations/blob/67e6d27877c9cfd6b6dbc74bd852b10bdbe09c3c/Bitwarden/sv-bitwarden-mobile-full-review-20260919.json,4e3887d6b78b4b084fa488b7680906187a4c12a0328977d8af4e98e7b1b94781,{}
e4215ab3edf369c507018e6f,Key Connector domain,Key Connector-domän:,Bitwarden,sv-bitwarden-mobile-full-review-20260919,key_connector_domain,,project-context,4662e44901b9d7611e25f1ad,reviewed-receipt,https://github.com/yeager/translations/blob/67e6d27877c9cfd6b6dbc74bd852b10bdbe09c3c/Bitwarden/sv-bitwarden-mobile-full-review-20260919.json,4e3887d6b78b4b084fa488b7680906187a4c12a0328977d8af4e98e7b1b94781,{}
e425664077cf896c3c83e47d,Contain one or more lowercase characters,Innehålla en eller flera gemener,Bitwarden,sv-bitwarden-mobile-full-review-20260919,PolicyInEffectLowercase,,project-context,8baee51b071f7e0ab78b488b,reviewed-receipt,https://github.com/yeager/translations/blob/67e6d27877c9cfd6b6dbc74bd852b10bdbe09c3c/Bitwarden/sv-bitwarden-mobile-full-review-20260919.json,4e3887d6b78b4b084fa488b7680906187a4c12a0328977d8af4e98e7b1b94781,{}
e455aafdef0a8b3aec6e310c,Other,Annat,Bitwarden,sv-bitwarden-mobile-full-review-20260919,Other,,project-context,a7377ce0283f9786065fafe8,reviewed-receipt,https://github.com/yeager/translations/blob/67e6d27877c9cfd6b6dbc74bd852b10bdbe09c3c/Bitwarden/sv-bitwarden-mobile-full-review-20260919.json,4e3887d6b78b4b084fa488b7680906187a4c12a0328977d8af4e98e7b1b94781,{}
e45effd289596b3f2e4def55,Make it yours,Gör det till din,Bitwarden,sv-bitwarden-mobile-full-review-20260919,MakeItYours,,project-context,8a4a278a75f486c19eae52da,reviewed-receipt,https://github.com/yeager/translations/blob/67e6d27877c9cfd6b6dbc74bd852b10bdbe09c3c/Bitwarden/sv-bitwarden-mobile-full-review-20260919.json,4e3887d6b78b4b084fa488b7680906187a4c12a0328977d8af4e98e7b1b94781,{}
e48291e108e0a7c0a73ef822,Move down,Flytta ner,Bitwarden,sv-bitwarden-mobile-full-review-20260919,move_down,,project-context,0d944824a381293f7583a874,reviewed-receipt,https://github.com/yeager/translations/blob/67e6d27877c9cfd6b6dbc74bd852b10bdbe09c3c/Bitwarden/sv-bitwarden-mobile-full-review-20260919.json,4e3887d6b78b4b084fa488b7680906187a4c12a0328977d8af4e98e7b1b94781,{}
e488d6c2d9cb07d263600f03,Edit SSH key,Redigera SSH-nyckel,Bitwarden,sv-bitwarden-mobile-full-review-20260919,EditSSHKey,,project-context,19f2049debab8f50482ad709,reviewed-receipt,https://github.com/yeager/translations/blob/67e6d27877c9cfd6b6dbc74bd852b10bdbe09c3c/Bitwarden/sv-bitwarden-mobile-full-review-20260919.json,4e3887d6b78b4b084fa488b7680906187a4c12a0328977d8af4e98e7b1b94781,{}
e49c0e3adb705bb2799b9d3c,Certificate of deposit,Inlåningsbevis,Bitwarden,sv-bitwarden-mobile-full-review-20260919,CertificateOfDeposit,,project-context,dc7e6bc5649ee6261e8a6a4b,reviewed-receipt,https://github.com/yeager/translations/blob/67e6d27877c9cfd6b6dbc74bd852b10bdbe09c3c/Bitwarden/sv-bitwarden-mobile-full-review-20260919.json,4e3887d6b78b4b084fa488b7680906187a4c12a0328977d8af4e98e7b1b94781,{}
e4c7a65cbc85a0068bf5f5a3,Master password hint (optional),Huvudlösenordsledtråd (valfri),Bitwarden,sv-bitwarden-mobile-full-review-20260919,master_password_hint,,project-context,f4873f0713098f1c682bc86e,reviewed-receipt,https://github.com/yeager/translations/blob/67e6d27877c9cfd6b6dbc74bd852b10bdbe09c3c/Bitwarden/sv-bitwarden-mobile-full-review-20260919.json,4e3887d6b78b4b084fa488b7680906187a4c12a0328977d8af4e98e7b1b94781,{}
e512cd9f9335a958ed7456e6,Certificate installation failed,Certifikatinstallation misslyckades,Bitwarden,sv-bitwarden-mobile-full-review-20260919,certificate_installation_failed,,project-context,3b16bcf3e7afeb825ef6754a,reviewed-receipt,https://github.com/yeager/translations/blob/67e6d27877c9cfd6b6dbc74bd852b10bdbe09c3c/Bitwarden/sv-bitwarden-mobile-full-review-20260919.json,4e3887d6b78b4b084fa488b7680906187a4c12a0328977d8af4e98e7b1b94781,{}
e5695335cc86b5173bbcf61b,Siri & Shortcuts access,Tillgång till Siri och genvägar,Bitwarden,sv-bitwarden-mobile-full-review-20260919,SiriAndShortcutsAccess,,project-context,4f10e532ff7f12243aca277a,reviewed-receipt,https://github.com/yeager/translations/blob/67e6d27877c9cfd6b6dbc74bd852b10bdbe09c3c/Bitwarden/sv-bitwarden-mobile-full-review-20260919.json,4e3887d6b78b4b084fa488b7680906187a4c12a0328977d8af4e98e7b1b94781,{}
e58184c61b561a80ed1914b4,Master password confirmation,Bekräfta huvudlösenord,Bitwarden,sv-bitwarden-mobile-full-review-20260919,password_confirmation,,project-context,44d53248df66d05082ceb197,reviewed-receipt,https://github.com/yeager/translations/blob/67e6d27877c9cfd6b6dbc74bd852b10bdbe09c3c/Bitwarden/sv-bitwarden-mobile-full-review-20260919.json,4e3887d6b78b4b084fa488b7680906187a4c12a0328977d8af4e98e7b1b94781,{}
e58d5b5e94fe85f217a36a0e,Verification code added,Verifieringskod har lagts till,Bitwarden,sv-bitwarden-mobile-full-review-20260919,VerificationCodeAdded,,project-context,053b077209cf326d8e153fbc,reviewed-receipt,https://github.com/yeager/translations/blob/67e6d27877c9cfd6b6dbc74bd852b10bdbe09c3c/Bitwarden/sv-bitwarden-mobile-full-review-20260919.json,4e3887d6b78b4b084fa488b7680906187a4c12a0328977d8af4e98e7b1b94781,{}
e59bc51b25e1ca36022fb69f,Generate SDK error report,Generera SDK-felrapport,Bitwarden,sv-bitwarden-mobile-full-review-20260919,GenerateSdkErrorReport,,project-context,34de9bcd0335c32e58471b7c,reviewed-receipt,https://github.com/yeager/translations/blob/67e6d27877c9cfd6b6dbc74bd852b10bdbe09c3c/Bitwarden/sv-bitwarden-mobile-full-review-20260919.json,4e3887d6b78b4b084fa488b7680906187a4c12a0328977d8af4e98e7b1b94781,{}
e5baf5113cce6d20b68f259b,Lock now,Lås nu,Bitwarden,sv-bitwarden-mobile-full-review-20260919,lock_now,,project-context,3271dd7dbbb277975b738a90,reviewed-receipt,https://github.com/yeager/translations/blob/67e6d27877c9cfd6b6dbc74bd852b10bdbe09c3c/Bitwarden/sv-bitwarden-mobile-full-review-20260919.json,4e3887d6b78b4b084fa488b7680906187a4c12a0328977d8af4e98e7b1b94781,{}
e5be8ec5994df49fff062a22,Delete Send,Radera Skicka,Bitwarden,sv-bitwarden-mobile-full-review-20260919,delete_send,,project-context,4cb8e588c814f81f1987ddef,reviewed-receipt,https://github.com/yeager/translations/blob/67e6d27877c9cfd6b6dbc74bd852b10bdbe09c3c/Bitwarden/sv-bitwarden-mobile-full-review-20260919.json,4e3887d6b78b4b084fa488b7680906187a4c12a0328977d8af4e98e7b1b94781,{}
e604e9658523c58930b62958,Time,Tid,Bitwarden,sv-bitwarden-mobile-full-review-20260919,time,,project-context,f421601d10bf8e15f2f91e64,reviewed-receipt,https://github.com/yeager/translations/blob/67e6d27877c9cfd6b6dbc74bd852b10bdbe09c3c/Bitwarden/sv-bitwarden-mobile-full-review-20260919.json,4e3887d6b78b4b084fa488b7680906187a4c12a0328977d8af4e98e7b1b94781,{}
e63813035bc9e31c8638a993,There are no collections to list.,Det finns inga samlingar att visa.,Bitwarden,sv-bitwarden-mobile-full-review-20260919,no_collections_to_list,,project-context,4a405135b5a36f7cba2945a0,reviewed-receipt,https://github.com/yeager/translations/blob/67e6d27877c9cfd6b6dbc74bd852b10bdbe09c3c/Bitwarden/sv-bitwarden-mobile-full-review-20260919.json,4e3887d6b78b4b084fa488b7680906187a4c12a0328977d8af4e98e7b1b94781,{}
e644d0ad98b275282e64badd,Sign in using unique codes,Logga in med unika koder,Bitwarden,sv-bitwarden-mobile-full-review-20260919,sign_in_using_unique_codes,,project-context,1c5c31c63761b19f9b40b1d3,reviewed-receipt,https://github.com/yeager/translations/blob/67e6d27877c9cfd6b6dbc74bd852b10bdbe09c3c/Bitwarden/sv-bitwarden-mobile-full-review-20260919.json,4e3887d6b78b4b084fa488b7680906187a4c12a0328977d8af4e98e7b1b94781,{}
e64a96b1c511ecc89ee1ac2c,Replace existing certificate,Ersätt befintligt certifikat,Bitwarden,sv-bitwarden-mobile-full-review-20260919,ReplaceExistingCertificate,,project-context,aaa9c2fe1595adb5ea9bb675,reviewed-receipt,https://github.com/yeager/translations/blob/67e6d27877c9cfd6b6dbc74bd852b10bdbe09c3c/Bitwarden/sv-bitwarden-mobile-full-review-20260919.json,4e3887d6b78b4b084fa488b7680906187a4c12a0328977d8af4e98e7b1b94781,{}
e67da96f3e25d0b3e1fb568d,Licenses,Licenser,Bitwarden,sv-bitwarden-mobile-full-review-20260919,licenses,,project-context,15b54d7efea0b19b2ec42624,reviewed-receipt,https://github.com/yeager/translations/blob/67e6d27877c9cfd6b6dbc74bd852b10bdbe09c3c/Bitwarden/sv-bitwarden-mobile-full-review-20260919.json,4e3887d6b78b4b084fa488b7680906187a4c12a0328977d8af4e98e7b1b94781,{}
e68dd472cc6c72d725fdb997,Collections,Samlingar,Bitwarden,sv-bitwarden-mobile-full-review-20260919,collections,,project-context,66a0a9afed08bd7d34af89f4,reviewed-receipt,https://github.com/yeager/translations/blob/67e6d27877c9cfd6b6dbc74bd852b10bdbe09c3c/Bitwarden/sv-bitwarden-mobile-full-review-20260919.json,4e3887d6b78b4b084fa488b7680906187a4c12a0328977d8af4e98e7b1b94781,{}
e6aca1aa5f3ff05a8c0ccf47,No Username,Inget användarnamn,Bitwarden,sv-bitwarden-mobile-full-review-20260919,no_username,,project-context,df7f34340ee664572a281e17,reviewed-receipt,https://github.com/yeager/translations/blob/67e6d27877c9cfd6b6dbc74bd852b10bdbe09c3c/Bitwarden/sv-bitwarden-mobile-full-review-20260919.json,4e3887d6b78b4b084fa488b7680906187a4c12a0328977d8af4e98e7b1b94781,{}
e6d38e731328dbaf1c9f052d,Current master password (required),Aktuellt huvudlösenord (krävs),Bitwarden,sv-bitwarden-mobile-full-review-20260919,current_master_password_required,,project-context,7d3e31006d2ed01735e5a435,reviewed-receipt,https://github.com/yeager/translations/blob/67e6d27877c9cfd6b6dbc74bd852b10bdbe09c3c/Bitwarden/sv-bitwarden-mobile-full-review-20260919.json,4e3887d6b78b4b084fa488b7680906187a4c12a0328977d8af4e98e7b1b94781,{}
e6e40cb899b430f00afc9de7,30 minutes,30 minuter,Bitwarden,sv-bitwarden-mobile-full-review-20260919,thirty_minutes,,project-context,ce25918a55f1744f6ffed261,reviewed-receipt,https://github.com/yeager/translations/blob/67e6d27877c9cfd6b6dbc74bd852b10bdbe09c3c/Bitwarden/sv-bitwarden-mobile-full-review-20260919.json,4e3887d6b78b4b084fa488b7680906187a4c12a0328977d8af4e98e7b1b94781,{}
e72b1d985e8bdd58ccbd3456,View passport,Visa pass,Bitwarden,sv-bitwarden-mobile-full-review-20260919,view_passport,,project-context,692d2869ba7aca567a220723,reviewed-receipt,https://github.com/yeager/translations/blob/67e6d27877c9cfd6b6dbc74bd852b10bdbe09c3c/Bitwarden/sv-bitwarden-mobile-full-review-20260919.json,4e3887d6b78b4b084fa488b7680906187a4c12a0328977d8af4e98e7b1b94781,{}
e7caec346a63d04b8ce5616a,Exporting items…,Exporterar objekt…,Bitwarden,sv-bitwarden-mobile-full-review-20260919,exporting_items,,project-context,0844c8cf273e7aadd19f15a7,reviewed-receipt,https://github.com/yeager/translations/blob/67e6d27877c9cfd6b6dbc74bd852b10bdbe09c3c/Bitwarden/sv-bitwarden-mobile-full-review-20260919.json,4e3887d6b78b4b084fa488b7680906187a4c12a0328977d8af4e98e7b1b94781,{}
e7e039aca4d67980c41f9d9a,Key,Nyckel,Bitwarden,sv-bitwarden-mobile-full-review-20260919,Key,,project-context,ac74c964b9ea5a649c37241b,reviewed-receipt,https://github.com/yeager/translations/blob/67e6d27877c9cfd6b6dbc74bd852b10bdbe09c3c/Bitwarden/sv-bitwarden-mobile-full-review-20260919.json,4e3887d6b78b4b084fa488b7680906187a4c12a0328977d8af4e98e7b1b94781,{}
e89138f03b8189017f17a5ad,User ID,Användar-ID,Bitwarden,sv-bitwarden-mobile-full-review-20260919,UserID,,project-context,9e7c841947cd6eebc57a7dd2,reviewed-receipt,https://github.com/yeager/translations/blob/67e6d27877c9cfd6b6dbc74bd852b10bdbe09c3c/Bitwarden/sv-bitwarden-mobile-full-review-20260919.json,4e3887d6b78b4b084fa488b7680906187a4c12a0328977d8af4e98e7b1b94781,{}
e8aaba272987c475973e9271,Uppercase (A to Z),Versaler (A till Z),Bitwarden,sv-bitwarden-mobile-full-review-20260919,uppercase_ato_z,,project-context,495f9981fec01874f8e05628,reviewed-receipt,https://github.com/yeager/translations/blob/67e6d27877c9cfd6b6dbc74bd852b10bdbe09c3c/Bitwarden/sv-bitwarden-mobile-full-review-20260919.json,4e3887d6b78b4b084fa488b7680906187a4c12a0328977d8af4e98e7b1b94781,{}
e8bf12f7844be430e9b19d19,Fingerprint phrase,Fingeravtrycksfras,Bitwarden,sv-bitwarden-mobile-full-review-20260919,FingerprintPhrase,,project-context,f95898ebd34f3049c96359e6,reviewed-receipt,https://github.com/yeager/translations/blob/67e6d27877c9cfd6b6dbc74bd852b10bdbe09c3c/Bitwarden/sv-bitwarden-mobile-full-review-20260919.json,4e3887d6b78b4b084fa488b7680906187a4c12a0328977d8af4e98e7b1b94781,{}
e8c201a85df3287b74a5a239,Unlock with Biometrics,Lås upp med biometri,Bitwarden,sv-bitwarden-mobile-full-review-20260919,unlock_with_biometrics,,project-context,9e3bd2c75b187f066905156d,reviewed-receipt,https://github.com/yeager/translations/blob/67e6d27877c9cfd6b6dbc74bd852b10bdbe09c3c/Bitwarden/sv-bitwarden-mobile-full-review-20260919.json,4e3887d6b78b4b084fa488b7680906187a4c12a0328977d8af4e98e7b1b94781,{}
e8c4bc954053bee1a3ec7c1f,Unable to share,Kunde inte dela,Bitwarden,sv-bitwarden-mobile-full-review-20260919,unable_to_share,,project-context,4aa3c1d8b1091e9be0ebfb02,reviewed-receipt,https://github.com/yeager/translations/blob/67e6d27877c9cfd6b6dbc74bd852b10bdbe09c3c/Bitwarden/sv-bitwarden-mobile-full-review-20260919.json,4e3887d6b78b4b084fa488b7680906187a4c12a0328977d8af4e98e7b1b94781,{}
e8d59ee81af8a8f906baa303,Organization not found.,Organisationen kunde inte hittas.,Bitwarden,sv-bitwarden-mobile-full-review-20260919,OrganizationNotFound,,project-context,68b113a1a994db20e5811518,reviewed-receipt,https://github.com/yeager/translations/blob/67e6d27877c9cfd6b6dbc74bd852b10bdbe09c3c/Bitwarden/sv-bitwarden-mobile-full-review-20260919.json,4e3887d6b78b4b084fa488b7680906187a4c12a0328977d8af4e98e7b1b94781,{}
e8f989143e0e48c211fb43b2,Address 3,Adress 3,Bitwarden,sv-bitwarden-mobile-full-review-20260919,Address3,,project-context,00f075b5cebc0c12953e0a08,reviewed-receipt,https://github.com/yeager/translations/blob/67e6d27877c9cfd6b6dbc74bd852b10bdbe09c3c/Bitwarden/sv-bitwarden-mobile-full-review-20260919.json,4e3887d6b78b4b084fa488b7680906187a4c12a0328977d8af4e98e7b1b94781,{}
e92a6f4828b557cb854e3a8a,No Folder,Ingen mapp,Bitwarden,sv-bitwarden-mobile-full-review-20260919,FolderNone,,project-context,346fb547ff0d39dc2c1c957f,reviewed-receipt,https://github.com/yeager/translations/blob/67e6d27877c9cfd6b6dbc74bd852b10bdbe09c3c/Bitwarden/sv-bitwarden-mobile-full-review-20260919.json,4e3887d6b78b4b084fa488b7680906187a4c12a0328977d8af4e98e7b1b94781,{}
e94a8e63c9ebdfbd3edb585b,Cannot read authenticator key.,Kan inte läsa autentiseringsnyckeln.,Bitwarden,sv-bitwarden-mobile-full-review-20260919,authenticator_key_read_error,,project-context,adc1ca9462cf933d0dfcb36a,reviewed-receipt,https://github.com/yeager/translations/blob/67e6d27877c9cfd6b6dbc74bd852b10bdbe09c3c/Bitwarden/sv-bitwarden-mobile-full-review-20260919.json,4e3887d6b78b4b084fa488b7680906187a4c12a0328977d8af4e98e7b1b94781,{}
e95a8a0eb0cc234e60b4c491,View license,Visa licens,Bitwarden,sv-bitwarden-mobile-full-review-20260919,view_license,,project-context,1e821c2360a9b5cbd7c9d43e,reviewed-receipt,https://github.com/yeager/translations/blob/67e6d27877c9cfd6b6dbc74bd852b10bdbe09c3c/Bitwarden/sv-bitwarden-mobile-full-review-20260919.json,4e3887d6b78b4b084fa488b7680906187a4c12a0328977d8af4e98e7b1b94781,{}
e95da7a985b6085963412ae4,Need some inspiration?,Behöver du lite inspiration?,Bitwarden,sv-bitwarden-mobile-full-review-20260919,need_some_inspiration,,project-context,0e31ef293e61f35833622aa0,reviewed-receipt,https://github.com/yeager/translations/blob/67e6d27877c9cfd6b6dbc74bd852b10bdbe09c3c/Bitwarden/sv-bitwarden-mobile-full-review-20260919.json,4e3887d6b78b4b084fa488b7680906187a4c12a0328977d8af4e98e7b1b94781,{}
e976cbec305ac1bd08caf5b6,My vault,Mitt valv,Bitwarden,sv-bitwarden-mobile-full-review-20260919,my_vault,,project-context,87194613ed5caa3988750eb4,reviewed-receipt,https://github.com/yeager/translations/blob/67e6d27877c9cfd6b6dbc74bd852b10bdbe09c3c/Bitwarden/sv-bitwarden-mobile-full-review-20260919.json,4e3887d6b78b4b084fa488b7680906187a4c12a0328977d8af4e98e7b1b94781,{}
e97aecfa313de9c7cc58e3c7,Login approved,Inloggning godkänd,Bitwarden,sv-bitwarden-mobile-full-review-20260919,LoginApproved,,project-context,48b9a7ca750298e33c426c34,reviewed-receipt,https://github.com/yeager/translations/blob/67e6d27877c9cfd6b6dbc74bd852b10bdbe09c3c/Bitwarden/sv-bitwarden-mobile-full-review-20260919.json,4e3887d6b78b4b084fa488b7680906187a4c12a0328977d8af4e98e7b1b94781,{}
e99e066a20ef99e5c3778f12,Biometrics Failed,Biometri misslyckades,Bitwarden,sv-bitwarden-mobile-full-review-20260919,biometrics_failed,,project-context,3f1858f9edd4bc89c46a3dd0,reviewed-receipt,https://github.com/yeager/translations/blob/67e6d27877c9cfd6b6dbc74bd852b10bdbe09c3c/Bitwarden/sv-bitwarden-mobile-full-review-20260919.json,4e3887d6b78b4b084fa488b7680906187a4c12a0328977d8af4e98e7b1b94781,{}
e9a9aeff9fa6ae44a70a78bb,Login saved,Inloggning sparad,Bitwarden,sv-bitwarden-mobile-full-review-20260919,LoginSaved,,project-context,ac3825ad59214b9f3223521f,reviewed-receipt,https://github.com/yeager/translations/blob/67e6d27877c9cfd6b6dbc74bd852b10bdbe09c3c/Bitwarden/sv-bitwarden-mobile-full-review-20260919.json,4e3887d6b78b4b084fa488b7680906187a4c12a0328977d8af4e98e7b1b94781,{}
e9de15086599cee7ad2f1379,Verification codes,Verifieringskoder,Bitwarden,sv-bitwarden-mobile-full-review-20260919,verification_codes,,project-context,fca9428820bf885b790052fc,reviewed-receipt,https://github.com/yeager/translations/blob/67e6d27877c9cfd6b6dbc74bd852b10bdbe09c3c/Bitwarden/sv-bitwarden-mobile-full-review-20260919.json,4e3887d6b78b4b084fa488b7680906187a4c12a0328977d8af4e98e7b1b94781,{}
e9de740e36edff9d204c9816,Secure checkout didn't load,Säker utcheckning laddades inte,Bitwarden,sv-bitwarden-mobile-full-review-20260919,SecureCheckoutDidntLoad,,project-context,212d75f8e0479dcaa4cca2a3,reviewed-receipt,https://github.com/yeager/translations/blob/67e6d27877c9cfd6b6dbc74bd852b10bdbe09c3c/Bitwarden/sv-bitwarden-mobile-full-review-20260919.json,4e3887d6b78b4b084fa488b7680906187a4c12a0328977d8af4e98e7b1b94781,{}
e9eb4d58cece54f29ab09e76,Try again,Försök igen,Bitwarden,sv-bitwarden-mobile-full-review-20260919,try_again,,project-context,838b7fa80a83e201e0431e6f,reviewed-receipt,https://github.com/yeager/translations/blob/67e6d27877c9cfd6b6dbc74bd852b10bdbe09c3c/Bitwarden/sv-bitwarden-mobile-full-review-20260919.json,4e3887d6b78b4b084fa488b7680906187a4c12a0328977d8af4e98e7b1b94781,{}
e9ffdeeb3ec2fa63767e8e3a,Ms,Fröken,Bitwarden,sv-bitwarden-mobile-full-review-20260919,ms,,project-context,e18ba6f6c4046e642af96238,reviewed-receipt,https://github.com/yeager/translations/blob/67e6d27877c9cfd6b6dbc74bd852b10bdbe09c3c/Bitwarden/sv-bitwarden-mobile-full-review-20260919.json,4e3887d6b78b4b084fa488b7680906187a4c12a0328977d8af4e98e7b1b94781,{}
ea30c9f838d77bee56d6ca50,Item has been sent to trash.,Objektet har skickats till papperskorgen.,Bitwarden,sv-bitwarden-mobile-full-review-20260919,ItemSoftDeleted,,project-context,6e0c9e918d74f50b0ab685c5,reviewed-receipt,https://github.com/yeager/translations/blob/67e6d27877c9cfd6b6dbc74bd852b10bdbe09c3c/Bitwarden/sv-bitwarden-mobile-full-review-20260919.json,4e3887d6b78b4b084fa488b7680906187a4c12a0328977d8af4e98e7b1b94781,{}
ea604a68aade0c930347d765,Share all,Dela alla,Bitwarden,sv-bitwarden-mobile-full-review-20260919,share_all,,project-context,88ed48c953e49833a8507d1d,reviewed-receipt,https://github.com/yeager/translations/blob/67e6d27877c9cfd6b6dbc74bd852b10bdbe09c3c/Bitwarden/sv-bitwarden-mobile-full-review-20260919.json,4e3887d6b78b4b084fa488b7680906187a4c12a0328977d8af4e98e7b1b94781,{}
ea97a9921fc03fd5e2828a0f,Upgraded to Premium,Uppgraderad till Premium,Bitwarden,sv-bitwarden-mobile-full-review-20260919,upgraded_to_premium,,project-context,89ccb95b901770583ebd8075,reviewed-receipt,https://github.com/yeager/translations/blob/67e6d27877c9cfd6b6dbc74bd852b10bdbe09c3c/Bitwarden/sv-bitwarden-mobile-full-review-20260919.json,4e3887d6b78b4b084fa488b7680906187a4c12a0328977d8af4e98e7b1b94781,{}
eaa5739d44b28b8acaa6e7ca,Accept,Acceptera,Bitwarden,sv-bitwarden-mobile-full-review-20260919,accept,,project-context,13ca73a730d15d8c931c14b2,reviewed-receipt,https://github.com/yeager/translations/blob/67e6d27877c9cfd6b6dbc74bd852b10bdbe09c3c/Bitwarden/sv-bitwarden-mobile-full-review-20260919.json,4e3887d6b78b4b084fa488b7680906187a4c12a0328977d8af4e98e7b1b94781,{}
eaaca76d1e4dd07d1d24f3cc,Host,Värd,Bitwarden,sv-bitwarden-mobile-full-review-20260919,host,,project-context,623118408012983530fa8afa,reviewed-receipt,https://github.com/yeager/translations/blob/67e6d27877c9cfd6b6dbc74bd852b10bdbe09c3c/Bitwarden/sv-bitwarden-mobile-full-review-20260919.json,4e3887d6b78b4b084fa488b7680906187a4c12a0328977d8af4e98e7b1b94781,{}
eb3259ee05123dae802a1ede,Catch-all email,E-post med catch-all,Bitwarden,sv-bitwarden-mobile-full-review-20260919,CatchAllEmail,,project-context,f69d3964961612a7339521db,reviewed-receipt,https://github.com/yeager/translations/blob/67e6d27877c9cfd6b6dbc74bd852b10bdbe09c3c/Bitwarden/sv-bitwarden-mobile-full-review-20260919.json,4e3887d6b78b4b084fa488b7680906187a4c12a0328977d8af4e98e7b1b94781,{}
eb595809fe99400ab95d7108,About,Om,Bitwarden,sv-bitwarden-mobile-full-review-20260919,About,,project-context,da330aacfc15f52fd088fe4b,reviewed-receipt,https://github.com/yeager/translations/blob/67e6d27877c9cfd6b6dbc74bd852b10bdbe09c3c/Bitwarden/sv-bitwarden-mobile-full-review-20260919.json,4e3887d6b78b4b084fa488b7680906187a4c12a0328977d8af4e98e7b1b94781,{}
eb622f1c06602a57815b11d5,Create an account,Skapa ett konto,Bitwarden,sv-bitwarden-mobile-full-review-20260919,create_an_account,,project-context,46d9d2a9d20baa6aaed5dc1f,reviewed-receipt,https://github.com/yeager/translations/blob/67e6d27877c9cfd6b6dbc74bd852b10bdbe09c3c/Bitwarden/sv-bitwarden-mobile-full-review-20260919.json,4e3887d6b78b4b084fa488b7680906187a4c12a0328977d8af4e98e7b1b94781,{}
eb7ce4721dc731f91371db15,Contact info,Kontaktinformation,Bitwarden,sv-bitwarden-mobile-full-review-20260919,ContactInfo,,project-context,3e8ccdab52c43263744fb6db,reviewed-receipt,https://github.com/yeager/translations/blob/67e6d27877c9cfd6b6dbc74bd852b10bdbe09c3c/Bitwarden/sv-bitwarden-mobile-full-review-20260919.json,4e3887d6b78b4b084fa488b7680906187a4c12a0328977d8af4e98e7b1b94781,{}
ebf27c242cefbb7ed62d1e84,City / Town,Ort,Bitwarden,sv-bitwarden-mobile-full-review-20260919,CityTown,,project-context,4effcfee7e835e540b20801c,reviewed-receipt,https://github.com/yeager/translations/blob/67e6d27877c9cfd6b6dbc74bd852b10bdbe09c3c/Bitwarden/sv-bitwarden-mobile-full-review-20260919.json,4e3887d6b78b4b084fa488b7680906187a4c12a0328977d8af4e98e7b1b94781,{}
ebff01e3f2b1f82c6ee2b175,Your Premium subscription ended,Ditt Premium-abonnemang avslutades,Bitwarden,sv-bitwarden-mobile-full-review-20260919,YourPremiumSubscriptionEnded,,project-context,9a66989b15a16df67ce31511,reviewed-receipt,https://github.com/yeager/translations/blob/67e6d27877c9cfd6b6dbc74bd852b10bdbe09c3c/Bitwarden/sv-bitwarden-mobile-full-review-20260919.json,4e3887d6b78b4b084fa488b7680906187a4c12a0328977d8af4e98e7b1b94781,{}
ec06e4066327067cbdaf4539,Continue without syncing,Fortsätt utan att synkronisera,Bitwarden,sv-bitwarden-mobile-full-review-20260919,ContinueWithoutSyncing,,project-context,b5730f7114bb3819f4b86a63,reviewed-receipt,https://github.com/yeager/translations/blob/67e6d27877c9cfd6b6dbc74bd852b10bdbe09c3c/Bitwarden/sv-bitwarden-mobile-full-review-20260919.json,4e3887d6b78b4b084fa488b7680906187a4c12a0328977d8af4e98e7b1b94781,{}
ec0cbdcda84a2efa29165e92,Sync with browser,Synkronisera med webbläsaren,Bitwarden,sv-bitwarden-mobile-full-review-20260919,sync_with_browser,,project-context,e00353d6e2dcb4e88e2cf0d0,reviewed-receipt,https://github.com/yeager/translations/blob/67e6d27877c9cfd6b6dbc74bd852b10bdbe09c3c/Bitwarden/sv-bitwarden-mobile-full-review-20260919.json,4e3887d6b78b4b084fa488b7680906187a4c12a0328977d8af4e98e7b1b94781,{}
ec1730f4c0e43e977b2a9687,Bank name,Banknamn,Bitwarden,sv-bitwarden-mobile-full-review-20260919,bank_name,,project-context,3796e3ba906a5d9994c2b5c3,reviewed-receipt,https://github.com/yeager/translations/blob/67e6d27877c9cfd6b6dbc74bd852b10bdbe09c3c/Bitwarden/sv-bitwarden-mobile-full-review-20260919.json,4e3887d6b78b4b084fa488b7680906187a4c12a0328977d8af4e98e7b1b94781,{}
ec285922a884262f6bc6ef66,Bank account saved,Bankkonto sparat,Bitwarden,sv-bitwarden-mobile-full-review-20260919,bank_account_saved,,project-context,f370de392b9038bb6a69ed56,reviewed-receipt,https://github.com/yeager/translations/blob/67e6d27877c9cfd6b6dbc74bd852b10bdbe09c3c/Bitwarden/sv-bitwarden-mobile-full-review-20260919.json,4e3887d6b78b4b084fa488b7680906187a4c12a0328977d8af4e98e7b1b94781,{}
ecd699a1753709e97514cb0a,Use this password,Använd det här lösenordet,Bitwarden,sv-bitwarden-mobile-full-review-20260919,UseThisPassword,,project-context,500ac0c9f18510ecd13b7734,reviewed-receipt,https://github.com/yeager/translations/blob/67e6d27877c9cfd6b6dbc74bd852b10bdbe09c3c/Bitwarden/sv-bitwarden-mobile-full-review-20260919.json,4e3887d6b78b4b084fa488b7680906187a4c12a0328977d8af4e98e7b1b94781,{}
ecedaaaab75323d5e36e29ca,Copy public key,Kopiera offentlig nyckel,Bitwarden,sv-bitwarden-mobile-full-review-20260919,copy_public_key,,project-context,4d41dde7fae057cd73c30686,reviewed-receipt,https://github.com/yeager/translations/blob/67e6d27877c9cfd6b6dbc74bd852b10bdbe09c3c/Bitwarden/sv-bitwarden-mobile-full-review-20260919.json,4e3887d6b78b4b084fa488b7680906187a4c12a0328977d8af4e98e7b1b94781,{}
ed0c75aadf8620be55da1e2e,Unrecognized browser,Okänd webbläsare,Bitwarden,sv-bitwarden-mobile-full-review-20260919,unrecognized_browser,,project-context,20981c1b6916c7eff1661894,reviewed-receipt,https://github.com/yeager/translations/blob/67e6d27877c9cfd6b6dbc74bd852b10bdbe09c3c/Bitwarden/sv-bitwarden-mobile-full-review-20260919.json,4e3887d6b78b4b084fa488b7680906187a4c12a0328977d8af4e98e7b1b94781,{}
ed10ca3909b4629a83b5732b,Canceled,Avbruten,Bitwarden,sv-bitwarden-mobile-full-review-20260919,subscription_status_canceled,,project-context,6a2e9d6f07e64602d4be0581,reviewed-receipt,https://github.com/yeager/translations/blob/67e6d27877c9cfd6b6dbc74bd852b10bdbe09c3c/Bitwarden/sv-bitwarden-mobile-full-review-20260919.json,4e3887d6b78b4b084fa488b7680906187a4c12a0328977d8af4e98e7b1b94781,{}
ed1705b7b04430b22dcab78f,Log deleted,Loggen raderad,Bitwarden,sv-bitwarden-mobile-full-review-20260919,LogDeleted,,project-context,d24e3ac77691d1df20e55009,reviewed-receipt,https://github.com/yeager/translations/blob/67e6d27877c9cfd6b6dbc74bd852b10bdbe09c3c/Bitwarden/sv-bitwarden-mobile-full-review-20260919.json,4e3887d6b78b4b084fa488b7680906187a4c12a0328977d8af4e98e7b1b94781,{}
ed4dad1ab790b15a62eddd0f,Trusted by You,Betrodd av dig,Bitwarden,sv-bitwarden-mobile-full-review-20260919,trusted_by_you,,project-context,1b8eda6871ade857102b1745,reviewed-receipt,https://github.com/yeager/translations/blob/67e6d27877c9cfd6b6dbc74bd852b10bdbe09c3c/Bitwarden/sv-bitwarden-mobile-full-review-20260919.json,4e3887d6b78b4b084fa488b7680906187a4c12a0328977d8af4e98e7b1b94781,{}
ed588378cbb79f1ae7273706,View bank account,Visa bankkonto,Bitwarden,sv-bitwarden-mobile-full-review-20260919,ViewBankAccount,,project-context,456ce53afb42e20cce387ffc,reviewed-receipt,https://github.com/yeager/translations/blob/67e6d27877c9cfd6b6dbc74bd852b10bdbe09c3c/Bitwarden/sv-bitwarden-mobile-full-review-20260919.json,4e3887d6b78b4b084fa488b7680906187a4c12a0328977d8af4e98e7b1b94781,{}
ed6a8785a945749863d664e6,Maximum file size is 100 MB.,Filen får vara maximalt 100 MB.,Bitwarden,sv-bitwarden-mobile-full-review-20260919,MaxFileSize,,project-context,2a04d9e57823f5b81d04f2bd,reviewed-receipt,https://github.com/yeager/translations/blob/67e6d27877c9cfd6b6dbc74bd852b10bdbe09c3c/Bitwarden/sv-bitwarden-mobile-full-review-20260919.json,4e3887d6b78b4b084fa488b7680906187a4c12a0328977d8af4e98e7b1b94781,{}
ed6e23ab99f98a7010e9b76e,Unlock with Touch ID,Lås upp med Touch ID,Bitwarden,sv-bitwarden-mobile-full-review-20260919,UnlockWithTouchID,,project-context,a7e02e97a9323dbd0cfe7dec,reviewed-receipt,https://github.com/yeager/translations/blob/67e6d27877c9cfd6b6dbc74bd852b10bdbe09c3c/Bitwarden/sv-bitwarden-mobile-full-review-20260919.json,4e3887d6b78b4b084fa488b7680906187a4c12a0328977d8af4e98e7b1b94781,{}
edad5f4819b3265eca32f62e,Verifying,Verifierar,Bitwarden,sv-bitwarden-mobile-full-review-20260919,Verifying,,project-context,7dfb300f70962d99a23de817,reviewed-receipt,https://github.com/yeager/translations/blob/67e6d27877c9cfd6b6dbc74bd852b10bdbe09c3c/Bitwarden/sv-bitwarden-mobile-full-review-20260919.json,4e3887d6b78b4b084fa488b7680906187a4c12a0328977d8af4e98e7b1b94781,{}
edb35eb2cbe2ce8ee9300c4c,Download file,Ladda ner fil,Bitwarden,sv-bitwarden-mobile-full-review-20260919,download_file,,project-context,9139d77777a6ccada9c0e29a,reviewed-receipt,https://github.com/yeager/translations/blob/67e6d27877c9cfd6b6dbc74bd852b10bdbe09c3c/Bitwarden/sv-bitwarden-mobile-full-review-20260919.json,4e3887d6b78b4b084fa488b7680906187a4c12a0328977d8af4e98e7b1b94781,{}
ee08ae3e3a43c1250bd5b016,Hidden items,Dolda objekt,Bitwarden,sv-bitwarden-mobile-full-review-20260919,HiddenItems,,project-context,81b27ce828d76e69ea6e1bc9,reviewed-receipt,https://github.com/yeager/translations/blob/67e6d27877c9cfd6b6dbc74bd852b10bdbe09c3c/Bitwarden/sv-bitwarden-mobile-full-review-20260919.json,4e3887d6b78b4b084fa488b7680906187a4c12a0328977d8af4e98e7b1b94781,{}
ee23ca87bb2c877ddf5fa73c,Maximum file size is 100 MB.,Filen får vara maximalt 100 MB.,Bitwarden,sv-bitwarden-mobile-full-review-20260919,max_file_size,,project-context,8f08c9210f3733e89ef0bab5,reviewed-receipt,https://github.com/yeager/translations/blob/67e6d27877c9cfd6b6dbc74bd852b10bdbe09c3c/Bitwarden/sv-bitwarden-mobile-full-review-20260919.json,4e3887d6b78b4b084fa488b7680906187a4c12a0328977d8af4e98e7b1b94781,{}
ee246d9f2fa1f795909a5c6a,New file Send,Ny fil Skicka,Bitwarden,sv-bitwarden-mobile-full-review-20260919,add_file_send,,project-context,255397e600fe7bdb691a7baf,reviewed-receipt,https://github.com/yeager/translations/blob/67e6d27877c9cfd6b6dbc74bd852b10bdbe09c3c/Bitwarden/sv-bitwarden-mobile-full-review-20260919.json,4e3887d6b78b4b084fa488b7680906187a4c12a0328977d8af4e98e7b1b94781,{}
ee28780dc4103312c13e0a5d,Breach monitoring,Intrångsmonitorering,Bitwarden,sv-bitwarden-mobile-full-review-20260919,breach_monitoring,,project-context,d2feee29f5b5059e306da1c1,reviewed-receipt,https://github.com/yeager/translations/blob/67e6d27877c9cfd6b6dbc74bd852b10bdbe09c3c/Bitwarden/sv-bitwarden-mobile-full-review-20260919.json,4e3887d6b78b4b084fa488b7680906187a4c12a0328977d8af4e98e7b1b94781,{}
ee2f156c49433ccec1600473,Nationality,Nationalitet,Bitwarden,sv-bitwarden-mobile-full-review-20260919,nationality,,project-context,f1a7464a0cc29e443bcc5402,reviewed-receipt,https://github.com/yeager/translations/blob/67e6d27877c9cfd6b6dbc74bd852b10bdbe09c3c/Bitwarden/sv-bitwarden-mobile-full-review-20260919.json,4e3887d6b78b4b084fa488b7680906187a4c12a0328977d8af4e98e7b1b94781,{}
ee3bfe49d75f527c7955d93a,Included in this export,Ingår i denna export,Bitwarden,sv-bitwarden-mobile-full-review-20260919,included_in_this_export,,project-context,f8e4d431651ac29132343138,reviewed-receipt,https://github.com/yeager/translations/blob/67e6d27877c9cfd6b6dbc74bd852b10bdbe09c3c/Bitwarden/sv-bitwarden-mobile-full-review-20260919.json,4e3887d6b78b4b084fa488b7680906187a4c12a0328977d8af4e98e7b1b94781,{}
ee4445e8904e31eb9dac68d2,Check your plan for details.,Kontrollera din prenumeration för detaljer.,Bitwarden,sv-bitwarden-mobile-full-review-20260919,CheckYourPlanForDetails,,project-context,8e5f538e6cd26392b6109c77,reviewed-receipt,https://github.com/yeager/translations/blob/67e6d27877c9cfd6b6dbc74bd852b10bdbe09c3c/Bitwarden/sv-bitwarden-mobile-full-review-20260919.json,4e3887d6b78b4b084fa488b7680906187a4c12a0328977d8af4e98e7b1b94781,{}
ee81c4dba89785d4bb24c6d4,Launch,Öppna,Bitwarden,sv-bitwarden-mobile-full-review-20260919,Launch,,project-context,9499513334973b71ace4b9c7,reviewed-receipt,https://github.com/yeager/translations/blob/67e6d27877c9cfd6b6dbc74bd852b10bdbe09c3c/Bitwarden/sv-bitwarden-mobile-full-review-20260919.json,4e3887d6b78b4b084fa488b7680906187a4c12a0328977d8af4e98e7b1b94781,{}
ee94c4767c6cace27c1a68c1,No vaults to list.,Det finns inga valv att lista.,Bitwarden,sv-bitwarden-mobile-full-review-20260919,NoVaultsToList,,project-context,7bf8f21cbad4f0ef093195c8,reviewed-receipt,https://github.com/yeager/translations/blob/67e6d27877c9cfd6b6dbc74bd852b10bdbe09c3c/Bitwarden/sv-bitwarden-mobile-full-review-20260919.json,4e3887d6b78b4b084fa488b7680906187a4c12a0328977d8af4e98e7b1b94781,{}
eed7cb12e627a2592c003282,Save and protect your data,Spara och skydda din data,Bitwarden,sv-bitwarden-mobile-full-review-20260919,save_and_protect_your_data,,project-context,ad623744202cf5f317236309,reviewed-receipt,https://github.com/yeager/translations/blob/67e6d27877c9cfd6b6dbc74bd852b10bdbe09c3c/Bitwarden/sv-bitwarden-mobile-full-review-20260919.json,4e3887d6b78b4b084fa488b7680906187a4c12a0328977d8af4e98e7b1b94781,{}
eeedf8d2d32bc4660e5b818e,Deleting your account is permanent,Radering av ditt konto är permanent,Bitwarden,sv-bitwarden-mobile-full-review-20260919,deleting_your_account_is_permanent,,project-context,9f75758d134a2e3434e96372,reviewed-receipt,https://github.com/yeager/translations/blob/67e6d27877c9cfd6b6dbc74bd852b10bdbe09c3c/Bitwarden/sv-bitwarden-mobile-full-review-20260919.json,4e3887d6b78b4b084fa488b7680906187a4c12a0328977d8af4e98e7b1b94781,{}
ef96b010076534c9aa31517b,Passport,Pass,Bitwarden,sv-bitwarden-mobile-full-review-20260919,type_passport,,project-context,1a2a86b7a53c20817f421da4,reviewed-receipt,https://github.com/yeager/translations/blob/67e6d27877c9cfd6b6dbc74bd852b10bdbe09c3c/Bitwarden/sv-bitwarden-mobile-full-review-20260919.json,4e3887d6b78b4b084fa488b7680906187a4c12a0328977d8af4e98e7b1b94781,{}
efd2b060f710f956b121174e,Clone,Klona,Bitwarden,sv-bitwarden-mobile-full-review-20260919,Clone,,project-context,a5a530f30878da00ec096f28,reviewed-receipt,https://github.com/yeager/translations/blob/67e6d27877c9cfd6b6dbc74bd852b10bdbe09c3c/Bitwarden/sv-bitwarden-mobile-full-review-20260919.json,4e3887d6b78b4b084fa488b7680906187a4c12a0328977d8af4e98e7b1b94781,{}
f0191ae4a37f31d57b13931c,Unknown,Okänd,Bitwarden,sv-bitwarden-mobile-full-review-20260919,Unknown,,project-context,a772bd1a32b1f4e54c7a8edc,reviewed-receipt,https://github.com/yeager/translations/blob/67e6d27877c9cfd6b6dbc74bd852b10bdbe09c3c/Bitwarden/sv-bitwarden-mobile-full-review-20260919.json,4e3887d6b78b4b084fa488b7680906187a4c12a0328977d8af4e98e7b1b94781,{}
f02b6948a8427446103fb633,Generate master password,Generera huvudlösenord,Bitwarden,sv-bitwarden-mobile-full-review-20260919,GenerateMasterPassword,,project-context,03859d638406cc1d9747474a,reviewed-receipt,https://github.com/yeager/translations/blob/67e6d27877c9cfd6b6dbc74bd852b10bdbe09c3c/Bitwarden/sv-bitwarden-mobile-full-review-20260919.json,4e3887d6b78b4b084fa488b7680906187a4c12a0328977d8af4e98e7b1b94781,{}
f05446f2b44b5ef0d01e85e2,Create account,Skapa konto,Bitwarden,sv-bitwarden-mobile-full-review-20260919,create_account,,project-context,51dc705abf5459155a413a55,reviewed-receipt,https://github.com/yeager/translations/blob/67e6d27877c9cfd6b6dbc74bd852b10bdbe09c3c/Bitwarden/sv-bitwarden-mobile-full-review-20260919.json,4e3887d6b78b4b084fa488b7680906187a4c12a0328977d8af4e98e7b1b94781,{}
f06cd2763250eade234d8eb0,Username,Användarnamn,Bitwarden,sv-bitwarden-mobile-full-review-20260919,username,,project-context,81241a309a32db39b0f10275,reviewed-receipt,https://github.com/yeager/translations/blob/67e6d27877c9cfd6b6dbc74bd852b10bdbe09c3c/Bitwarden/sv-bitwarden-mobile-full-review-20260919.json,4e3887d6b78b4b084fa488b7680906187a4c12a0328977d8af4e98e7b1b94781,{}
f08ea65eaa5a28fbabf4c1b7,4 hours,4 timmar,Bitwarden,sv-bitwarden-mobile-full-review-20260919,four_hours,,project-context,12108c1be43fe67405ec3acf,reviewed-receipt,https://github.com/yeager/translations/blob/67e6d27877c9cfd6b6dbc74bd852b10bdbe09c3c/Bitwarden/sv-bitwarden-mobile-full-review-20260919.json,4e3887d6b78b4b084fa488b7680906187a4c12a0328977d8af4e98e7b1b94781,{}
f0a33486fac03cbce2014578,Enable flight recorder,Aktivera färdskrivare,Bitwarden,sv-bitwarden-mobile-full-review-20260919,enable_flight_recorder_title,,project-context,c559321420c28c9d4a7ea8b5,reviewed-receipt,https://github.com/yeager/translations/blob/67e6d27877c9cfd6b6dbc74bd852b10bdbe09c3c/Bitwarden/sv-bitwarden-mobile-full-review-20260919.json,4e3887d6b78b4b084fa488b7680906187a4c12a0328977d8af4e98e7b1b94781,{}
f0acee596057ee3ac270ce9d,Copy,Kopiera,Bitwarden,sv-bitwarden-mobile-full-review-20260919,copy,,project-context,7d2de1155d0944f6f77eca51,reviewed-receipt,https://github.com/yeager/translations/blob/67e6d27877c9cfd6b6dbc74bd852b10bdbe09c3c/Bitwarden/sv-bitwarden-mobile-full-review-20260919.json,4e3887d6b78b4b084fa488b7680906187a4c12a0328977d8af4e98e7b1b94781,{}
f128a5043cbcd6cd90a638c7,Copy to Bitwarden vault,Kopiera till Bitwarden-valv,Bitwarden,sv-bitwarden-mobile-full-review-20260919,CopyToBitwardenVault,,project-context,dda9bf2557820f2b98e4c83f,reviewed-receipt,https://github.com/yeager/translations/blob/67e6d27877c9cfd6b6dbc74bd852b10bdbe09c3c/Bitwarden/sv-bitwarden-mobile-full-review-20260919.json,4e3887d6b78b4b084fa488b7680906187a4c12a0328977d8af4e98e7b1b94781,{}
f131fdf6f62888fbac15d77a,Master password confirmation,Bekräfta huvudlösenord,Bitwarden,sv-bitwarden-mobile-full-review-20260919,PasswordConfirmation,,project-context,5dd35b71666887e7f5468792,reviewed-receipt,https://github.com/yeager/translations/blob/67e6d27877c9cfd6b6dbc74bd852b10bdbe09c3c/Bitwarden/sv-bitwarden-mobile-full-review-20260919.json,4e3887d6b78b4b084fa488b7680906187a4c12a0328977d8af4e98e7b1b94781,{}
f167643f593d69d2fe44f694,View login,Visa inloggning,Bitwarden,sv-bitwarden-mobile-full-review-20260919,ViewLogin,,project-context,95b7d6b07ff4bffc3c73d809,reviewed-receipt,https://github.com/yeager/translations/blob/67e6d27877c9cfd6b6dbc74bd852b10bdbe09c3c/Bitwarden/sv-bitwarden-mobile-full-review-20260919.json,4e3887d6b78b4b084fa488b7680906187a4c12a0328977d8af4e98e7b1b94781,{}
f1a4b53ebd5c015bd66048e6,Confirm your identity to continue.,Bekräfta din identitet för att fortsätta.,Bitwarden,sv-bitwarden-mobile-full-review-20260919,ConfirmYourIdentity,,project-context,0f07fafc831aad73e3b9c633,reviewed-receipt,https://github.com/yeager/translations/blob/67e6d27877c9cfd6b6dbc74bd852b10bdbe09c3c/Bitwarden/sv-bitwarden-mobile-full-review-20260919.json,4e3887d6b78b4b084fa488b7680906187a4c12a0328977d8af4e98e7b1b94781,{}
f1b1d54c5d1b964237e23745,Passport type,Passtyp,Bitwarden,sv-bitwarden-mobile-full-review-20260919,passport_type,,project-context,1469325aef25cf3c62b28528,reviewed-receipt,https://github.com/yeager/translations/blob/67e6d27877c9cfd6b6dbc74bd852b10bdbe09c3c/Bitwarden/sv-bitwarden-mobile-full-review-20260919.json,4e3887d6b78b4b084fa488b7680906187a4c12a0328977d8af4e98e7b1b94781,{}
f1f4c58a9bec1139ef737538,Locked,Låst,Bitwarden,sv-bitwarden-mobile-full-review-20260919,AccountLocked,,project-context,bcb79066cc75dd20b13cf221,reviewed-receipt,https://github.com/yeager/translations/blob/67e6d27877c9cfd6b6dbc74bd852b10bdbe09c3c/Bitwarden/sv-bitwarden-mobile-full-review-20260919.json,4e3887d6b78b4b084fa488b7680906187a4c12a0328977d8af4e98e7b1b94781,{}
f1f8211c203d5f5c4c930cc0,Good,Bra,Bitwarden,sv-bitwarden-mobile-full-review-20260919,good,,project-context,8438200cc29257add5fede5e,reviewed-receipt,https://github.com/yeager/translations/blob/67e6d27877c9cfd6b6dbc74bd852b10bdbe09c3c/Bitwarden/sv-bitwarden-mobile-full-review-20260919.json,4e3887d6b78b4b084fa488b7680906187a4c12a0328977d8af4e98e7b1b94781,{}
f21fcbf6155e24da35a61ae8,New send,Ny Send,Bitwarden,sv-bitwarden-mobile-full-review-20260919,add_a_send,,project-context,0f9055f35f1e5a36a56700dc,reviewed-receipt,https://github.com/yeager/translations/blob/67e6d27877c9cfd6b6dbc74bd852b10bdbe09c3c/Bitwarden/sv-bitwarden-mobile-full-review-20260919.json,4e3887d6b78b4b084fa488b7680906187a4c12a0328977d8af4e98e7b1b94781,{}
f2486a7fe7baaa5c2044335e,Open email app,Öppna e-postappen,Bitwarden,sv-bitwarden-mobile-full-review-20260919,open_email_app,,project-context,ff6fd1f443144d72ed453ee8,reviewed-receipt,https://github.com/yeager/translations/blob/67e6d27877c9cfd6b6dbc74bd852b10bdbe09c3c/Bitwarden/sv-bitwarden-mobile-full-review-20260919.json,4e3887d6b78b4b084fa488b7680906187a4c12a0328977d8af4e98e7b1b94781,{}
f24fc1cf3a7325f400f90d18,Unarchive,Avarkivera,Bitwarden,sv-bitwarden-mobile-full-review-20260919,unarchive,,project-context,d56118a3fafcd350a012d438,reviewed-receipt,https://github.com/yeager/translations/blob/67e6d27877c9cfd6b6dbc74bd852b10bdbe09c3c/Bitwarden/sv-bitwarden-mobile-full-review-20260919.json,4e3887d6b78b4b084fa488b7680906187a4c12a0328977d8af4e98e7b1b94781,{}
f2c7ebd9ac7e81a62e0bc3de,Dark,Mörkt,Bitwarden,sv-bitwarden-mobile-full-review-20260919,dark,,project-context,ae8dafe18ec07cdbe4d0bd28,reviewed-receipt,https://github.com/yeager/translations/blob/67e6d27877c9cfd6b6dbc74bd852b10bdbe09c3c/Bitwarden/sv-bitwarden-mobile-full-review-20260919.json,4e3887d6b78b4b084fa488b7680906187a4c12a0328977d8af4e98e7b1b94781,{}
f309fc296d11bd12b82f445c,Title,Titel,Bitwarden,sv-bitwarden-mobile-full-review-20260919,Title,,project-context,71b23a29366e9c11816136fe,reviewed-receipt,https://github.com/yeager/translations/blob/67e6d27877c9cfd6b6dbc74bd852b10bdbe09c3c/Bitwarden/sv-bitwarden-mobile-full-review-20260919.json,4e3887d6b78b4b084fa488b7680906187a4c12a0328977d8af4e98e7b1b94781,{}
f31d4cc1bdd2148d09f735bc,All logs deleted,Alla loggar raderade,Bitwarden,sv-bitwarden-mobile-full-review-20260919,all_logs_deleted,,project-context,e4a86de1c8fa7ccddb3455eb,reviewed-receipt,https://github.com/yeager/translations/blob/67e6d27877c9cfd6b6dbc74bd852b10bdbe09c3c/Bitwarden/sv-bitwarden-mobile-full-review-20260919.json,4e3887d6b78b4b084fa488b7680906187a4c12a0328977d8af4e98e7b1b94781,{}
f321cb919855a6e0a4100d95,Login initiated,Inloggning påbörjad,Bitwarden,sv-bitwarden-mobile-full-review-20260919,LogInInitiated,,project-context,b58a580e4dfbab01e85495aa,reviewed-receipt,https://github.com/yeager/translations/blob/67e6d27877c9cfd6b6dbc74bd852b10bdbe09c3c/Bitwarden/sv-bitwarden-mobile-full-review-20260919.json,4e3887d6b78b4b084fa488b7680906187a4c12a0328977d8af4e98e7b1b94781,{}
f33d32038f1c88a6516cadbb,Import logins later?,Importera inloggningar senare?,Bitwarden,sv-bitwarden-mobile-full-review-20260919,import_logins_later_dialog_title,,project-context,0614390aab317181356718c3,reviewed-receipt,https://github.com/yeager/translations/blob/67e6d27877c9cfd6b6dbc74bd852b10bdbe09c3c/Bitwarden/sv-bitwarden-mobile-full-review-20260919.json,4e3887d6b78b4b084fa488b7680906187a4c12a0328977d8af4e98e7b1b94781,{}
f34ab0c30622296723113619,Verification code,Verifieringskod,Bitwarden,sv-bitwarden-mobile-full-review-20260919,VerificationCode,,project-context,0a7f880276e4f5587e10934f,reviewed-receipt,https://github.com/yeager/translations/blob/67e6d27877c9cfd6b6dbc74bd852b10bdbe09c3c/Bitwarden/sv-bitwarden-mobile-full-review-20260919.json,4e3887d6b78b4b084fa488b7680906187a4c12a0328977d8af4e98e7b1b94781,{}
f34cc3a5aa673db3e831817d,Update master password,Uppdatera huvudlösenord,Bitwarden,sv-bitwarden-mobile-full-review-20260919,UpdateMasterPassword,,project-context,79990db739726543c98d1f0e,reviewed-receipt,https://github.com/yeager/translations/blob/67e6d27877c9cfd6b6dbc74bd852b10bdbe09c3c/Bitwarden/sv-bitwarden-mobile-full-review-20260919.json,4e3887d6b78b4b084fa488b7680906187a4c12a0328977d8af4e98e7b1b94781,{}
f3769150c77166a01f836e90,2 minutes,2 minuter,Bitwarden,sv-bitwarden-mobile-full-review-20260919,two_minutes,,project-context,bf93d57ad605e5d8a65c0952,reviewed-receipt,https://github.com/yeager/translations/blob/67e6d27877c9cfd6b6dbc74bd852b10bdbe09c3c/Bitwarden/sv-bitwarden-mobile-full-review-20260919.json,4e3887d6b78b4b084fa488b7680906187a4c12a0328977d8af4e98e7b1b94781,{}
f3a0dc5d4f30313af5c2ebc4,Allow authenticator syncing,Tillåt synkronisering av autentiserare,Bitwarden,sv-bitwarden-mobile-full-review-20260919,allow_bitwarden_authenticator_syncing,,project-context,14f72af45ccb0fcf04a68504,reviewed-receipt,https://github.com/yeager/translations/blob/67e6d27877c9cfd6b6dbc74bd852b10bdbe09c3c/Bitwarden/sv-bitwarden-mobile-full-review-20260919.json,4e3887d6b78b4b084fa488b7680906187a4c12a0328977d8af4e98e7b1b94781,{}
f3a5bf68a5277d525701b4fb,Exact,Exakt,Bitwarden,sv-bitwarden-mobile-full-review-20260919,Exact,,project-context,0c952375b3e21021c304721d,reviewed-receipt,https://github.com/yeager/translations/blob/67e6d27877c9cfd6b6dbc74bd852b10bdbe09c3c/Bitwarden/sv-bitwarden-mobile-full-review-20260919.json,4e3887d6b78b4b084fa488b7680906187a4c12a0328977d8af4e98e7b1b94781,{}
f3b7a4029ce28f359bd388d3,Vault sync failed,Synkronisering av valv misslyckades,Bitwarden,sv-bitwarden-mobile-full-review-20260919,vault_sync_failed,,project-context,03037f69effcf0fcdf257658,reviewed-receipt,https://github.com/yeager/translations/blob/67e6d27877c9cfd6b6dbc74bd852b10bdbe09c3c/Bitwarden/sv-bitwarden-mobile-full-review-20260919.json,4e3887d6b78b4b084fa488b7680906187a4c12a0328977d8af4e98e7b1b94781,{}
f3bd7160aeb662391ce43086,Add folder,Lägg till mapp,Bitwarden,sv-bitwarden-mobile-full-review-20260919,AddFolder,,project-context,8a61c0442b668b491296d323,reviewed-receipt,https://github.com/yeager/translations/blob/67e6d27877c9cfd6b6dbc74bd852b10bdbe09c3c/Bitwarden/sv-bitwarden-mobile-full-review-20260919.json,4e3887d6b78b4b084fa488b7680906187a4c12a0328977d8af4e98e7b1b94781,{}
f3dc9cac49f6c4b0a624a8ec,New master password hint,Ny ledtråd för huvudlösenord,Bitwarden,sv-bitwarden-mobile-full-review-20260919,new_master_password_hint,,project-context,23747f60641270e0eb9ec403,reviewed-receipt,https://github.com/yeager/translations/blob/67e6d27877c9cfd6b6dbc74bd852b10bdbe09c3c/Bitwarden/sv-bitwarden-mobile-full-review-20260919.json,4e3887d6b78b4b084fa488b7680906187a4c12a0328977d8af4e98e7b1b94781,{}
f3eee1fbd1e32955c461f121,Import cancelled,Importen avbröts,Bitwarden,sv-bitwarden-mobile-full-review-20260919,import_cancelled,,project-context,7526397d08e469459dc544c0,reviewed-receipt,https://github.com/yeager/translations/blob/67e6d27877c9cfd6b6dbc74bd852b10bdbe09c3c/Bitwarden/sv-bitwarden-mobile-full-review-20260919.json,4e3887d6b78b4b084fa488b7680906187a4c12a0328977d8af4e98e7b1b94781,{}
f4237b309d9eea9c457aba8d,Loading subscription…,Laddar prenumeration…,Bitwarden,sv-bitwarden-mobile-full-review-20260919,LoadingSubscription,,project-context,ee57c22a3ff65e267e0ce7f5,reviewed-receipt,https://github.com/yeager/translations/blob/67e6d27877c9cfd6b6dbc74bd852b10bdbe09c3c/Bitwarden/sv-bitwarden-mobile-full-review-20260919.json,4e3887d6b78b4b084fa488b7680906187a4c12a0328977d8af4e98e7b1b94781,{}
f42903a8c15f0126786664b4,The certificate could not be installed.,Certifikatet kunde inte installeras.,Bitwarden,sv-bitwarden-mobile-full-review-20260919,TheCertificateCouldNotBeInstalled,,project-context,8082021de4eeedc1942ed3d6,reviewed-receipt,https://github.com/yeager/translations/blob/67e6d27877c9cfd6b6dbc74bd852b10bdbe09c3c/Bitwarden/sv-bitwarden-mobile-full-review-20260919.json,4e3887d6b78b4b084fa488b7680906187a4c12a0328977d8af4e98e7b1b94781,{}
f43217ac9710cf11c68e464f,Country,Land,Bitwarden,sv-bitwarden-mobile-full-review-20260919,Country,,project-context,ad6fba1763b4c7560e3f3ef3,reviewed-receipt,https://github.com/yeager/translations/blob/67e6d27877c9cfd6b6dbc74bd852b10bdbe09c3c/Bitwarden/sv-bitwarden-mobile-full-review-20260919.json,4e3887d6b78b4b084fa488b7680906187a4c12a0328977d8af4e98e7b1b94781,{}
f44baaa5736cbeb6604e7068,Allow Universal Clipboard,Tillåt universellt urklipp,Bitwarden,sv-bitwarden-mobile-full-review-20260919,AllowUniversalClipboard,,project-context,f556dd780888d63433abace3,reviewed-receipt,https://github.com/yeager/translations/blob/67e6d27877c9cfd6b6dbc74bd852b10bdbe09c3c/Bitwarden/sv-bitwarden-mobile-full-review-20260919.json,4e3887d6b78b4b084fa488b7680906187a4c12a0328977d8af4e98e7b1b94781,{}
f4588ba1d21cecbe79d95383,Invalid password,Ogiltigt lösenord,Bitwarden,sv-bitwarden-mobile-full-review-20260919,MasterPasswordPolicyValidationTitle,,project-context,ef6b0232e9e98ed6c4a4fd22,reviewed-receipt,https://github.com/yeager/translations/blob/67e6d27877c9cfd6b6dbc74bd852b10bdbe09c3c/Bitwarden/sv-bitwarden-mobile-full-review-20260919.json,4e3887d6b78b4b084fa488b7680906187a4c12a0328977d8af4e98e7b1b94781,{}
f4684c93cf9be5564e640c71,Authenticator app,Autentiseringsapp,Bitwarden,sv-bitwarden-mobile-full-review-20260919,AuthenticatorAppTitle,,project-context,8c8f58396f312d1993c429a6,reviewed-receipt,https://github.com/yeager/translations/blob/67e6d27877c9cfd6b6dbc74bd852b10bdbe09c3c/Bitwarden/sv-bitwarden-mobile-full-review-20260919.json,4e3887d6b78b4b084fa488b7680906187a4c12a0328977d8af4e98e7b1b94781,{}
f489c05f8b7d1876743c1769,Go back,Gå tillbaka,Bitwarden,sv-bitwarden-mobile-full-review-20260919,go_back,,project-context,de1075ea1890a5058a566e62,reviewed-receipt,https://github.com/yeager/translations/blob/67e6d27877c9cfd6b6dbc74bd852b10bdbe09c3c/Bitwarden/sv-bitwarden-mobile-full-review-20260919.json,4e3887d6b78b4b084fa488b7680906187a4c12a0328977d8af4e98e7b1b94781,{}
f4946a1127037264f2d40d6c,Deletion time,Raderingstid,Bitwarden,sv-bitwarden-mobile-full-review-20260919,deletion_time,,project-context,edee6f2fa9dab304e616ad35,reviewed-receipt,https://github.com/yeager/translations/blob/67e6d27877c9cfd6b6dbc74bd852b10bdbe09c3c/Bitwarden/sv-bitwarden-mobile-full-review-20260919.json,4e3887d6b78b4b084fa488b7680906187a4c12a0328977d8af4e98e7b1b94781,{}
f49513c12be07dca5b737495,No passwords to list.,Inga lösenord att lista.,Bitwarden,sv-bitwarden-mobile-full-review-20260919,no_passwords_to_list,,project-context,28fee5088634eeb2bcd59d6b,reviewed-receipt,https://github.com/yeager/translations/blob/67e6d27877c9cfd6b6dbc74bd852b10bdbe09c3c/Bitwarden/sv-bitwarden-mobile-full-review-20260919.json,4e3887d6b78b4b084fa488b7680906187a4c12a0328977d8af4e98e7b1b94781,{}
f49d5f9da5a289aa0832c906,Service,Tjänst,Bitwarden,sv-bitwarden-mobile-full-review-20260919,service,,project-context,8b21e5a305c79f62d82fff6d,reviewed-receipt,https://github.com/yeager/translations/blob/67e6d27877c9cfd6b6dbc74bd852b10bdbe09c3c/Bitwarden/sv-bitwarden-mobile-full-review-20260919.json,4e3887d6b78b4b084fa488b7680906187a4c12a0328977d8af4e98e7b1b94781,{}
f49fa8e96e5d7d7cd9c215c2,Password removed,Lösenordet togs bort,Bitwarden,sv-bitwarden-mobile-full-review-20260919,password_removed,,project-context,8a5b113e818179e9564b1113,reviewed-receipt,https://github.com/yeager/translations/blob/67e6d27877c9cfd6b6dbc74bd852b10bdbe09c3c/Bitwarden/sv-bitwarden-mobile-full-review-20260919.json,4e3887d6b78b4b084fa488b7680906187a4c12a0328977d8af4e98e7b1b94781,{}
f4a8fbd77ccfb07961c29313,Bitwarden Autofill Service,Bitwardens hjälpmedelsservice för automatisk ifyllnad,Bitwarden,sv-bitwarden-mobile-full-review-20260919,bitwarden_autofill_service,,project-context,6950f0b64727a50f90bf5bda,reviewed-receipt,https://github.com/yeager/translations/blob/67e6d27877c9cfd6b6dbc74bd852b10bdbe09c3c/Bitwarden/sv-bitwarden-mobile-full-review-20260919.json,4e3887d6b78b4b084fa488b7680906187a4c12a0328977d8af4e98e7b1b94781,{}
f4b4fad82e99ed6728e10831,Create account on:,Skapa konto på:,Bitwarden,sv-bitwarden-mobile-full-review-20260919,create_account_on_with_colon,,project-context,2e3fcd490a564b862a899ff6,reviewed-receipt,https://github.com/yeager/translations/blob/67e6d27877c9cfd6b6dbc74bd852b10bdbe09c3c/Bitwarden/sv-bitwarden-mobile-full-review-20260919.json,4e3887d6b78b4b084fa488b7680906187a4c12a0328977d8af4e98e7b1b94781,{}
f4f0292ff2c31f6e4597912b,Account details,Kontouppgifter,Bitwarden,sv-bitwarden-mobile-full-review-20260919,account_details,,project-context,3866611da522d7526719fa84,reviewed-receipt,https://github.com/yeager/translations/blob/67e6d27877c9cfd6b6dbc74bd852b10bdbe09c3c/Bitwarden/sv-bitwarden-mobile-full-review-20260919.json,4e3887d6b78b4b084fa488b7680906187a4c12a0328977d8af4e98e7b1b94781,{}
f53bb4f590e31a17d8121a2e,Name on account,Namn på konto,Bitwarden,sv-bitwarden-mobile-full-review-20260919,NameOnAccount,,project-context,92eebfb00e28645b7f1f6f91,reviewed-receipt,https://github.com/yeager/translations/blob/67e6d27877c9cfd6b6dbc74bd852b10bdbe09c3c/Bitwarden/sv-bitwarden-mobile-full-review-20260919.json,4e3887d6b78b4b084fa488b7680906187a4c12a0328977d8af4e98e7b1b94781,{}
f576d4ff61bc8d895074da8b,Appearance,Utseende,Bitwarden,sv-bitwarden-mobile-full-review-20260919,appearance,,project-context,84c898e722b66cfb2e98de2f,reviewed-receipt,https://github.com/yeager/translations/blob/67e6d27877c9cfd6b6dbc74bd852b10bdbe09c3c/Bitwarden/sv-bitwarden-mobile-full-review-20260919.json,4e3887d6b78b4b084fa488b7680906187a4c12a0328977d8af4e98e7b1b94781,{}
f58abf7b1a4e27461fa8c21e,domain name,domännamn,Bitwarden,sv-bitwarden-mobile-full-review-20260919,domain_name,,project-context,5e27820953ff046e18c62154,reviewed-receipt,https://github.com/yeager/translations/blob/67e6d27877c9cfd6b6dbc74bd852b10bdbe09c3c/Bitwarden/sv-bitwarden-mobile-full-review-20260919.json,4e3887d6b78b4b084fa488b7680906187a4c12a0328977d8af4e98e7b1b94781,{}
f5a3e71fe42f68b7890e2557,Delete account,Radera konto,Bitwarden,sv-bitwarden-mobile-full-review-20260919,DeleteAccount,,project-context,11a5bd73366afbb376e3a05f,reviewed-receipt,https://github.com/yeager/translations/blob/67e6d27877c9cfd6b6dbc74bd852b10bdbe09c3c/Bitwarden/sv-bitwarden-mobile-full-review-20260919.json,4e3887d6b78b4b084fa488b7680906187a4c12a0328977d8af4e98e7b1b94781,{}
f5d72a847d49523da5988734,No email addresses entered,Inga e-postadresser har angetts,Bitwarden,sv-bitwarden-mobile-full-review-20260919,NoEmailAddressesEntered,,project-context,e631357204b4598ea38b8021,reviewed-receipt,https://github.com/yeager/translations/blob/67e6d27877c9cfd6b6dbc74bd852b10bdbe09c3c/Bitwarden/sv-bitwarden-mobile-full-review-20260919.json,4e3887d6b78b4b084fa488b7680906187a4c12a0328977d8af4e98e7b1b94781,{}
f5ec5460cc57a9085a1676ba,Over 30 days ago,Mer än 30 dagar sedan,Bitwarden,sv-bitwarden-mobile-full-review-20260919,over_thirty_days_ago,,project-context,612d1bbdce8e8cfb6dac3101,reviewed-receipt,https://github.com/yeager/translations/blob/67e6d27877c9cfd6b6dbc74bd852b10bdbe09c3c/Bitwarden/sv-bitwarden-mobile-full-review-20260919.json,4e3887d6b78b4b084fa488b7680906187a4c12a0328977d8af4e98e7b1b94781,{}
f5fd85509491932d09f9653e,Confirm vault export,Bekräfta export av valv,Bitwarden,sv-bitwarden-mobile-full-review-20260919,ExportVaultConfirmationTitle,,project-context,523baab54f8f80f1e0422421,reviewed-receipt,https://github.com/yeager/translations/blob/67e6d27877c9cfd6b6dbc74bd852b10bdbe09c3c/Bitwarden/sv-bitwarden-mobile-full-review-20260919.json,4e3887d6b78b4b084fa488b7680906187a4c12a0328977d8af4e98e7b1b94781,{}
f6107751d6d675632b2a77d0,Add account,Lägg till konto,Bitwarden,sv-bitwarden-mobile-full-review-20260919,add_account,,project-context,f1324279f25d894a8c8c770d,reviewed-receipt,https://github.com/yeager/translations/blob/67e6d27877c9cfd6b6dbc74bd852b10bdbe09c3c/Bitwarden/sv-bitwarden-mobile-full-review-20260919.json,4e3887d6b78b4b084fa488b7680906187a4c12a0328977d8af4e98e7b1b94781,{}
f6a7c75c0a72deec34735691,Algorithm,Algoritm,Bitwarden,sv-bitwarden-mobile-full-review-20260919,algorithm,,project-context,87c1169a54c67ec9b9659d76,reviewed-receipt,https://github.com/yeager/translations/blob/67e6d27877c9cfd6b6dbc74bd852b10bdbe09c3c/Bitwarden/sv-bitwarden-mobile-full-review-20260919.json,4e3887d6b78b4b084fa488b7680906187a4c12a0328977d8af4e98e7b1b94781,{}
f6ed26e05e217f4795732684,Unsupported certificate type,Certifikattypen stöds inte,Bitwarden,sv-bitwarden-mobile-full-review-20260919,unsupported_certificate_type,,project-context,e36719f11cc62ebc2563f82b,reviewed-receipt,https://github.com/yeager/translations/blob/67e6d27877c9cfd6b6dbc74bd852b10bdbe09c3c/Bitwarden/sv-bitwarden-mobile-full-review-20260919.json,4e3887d6b78b4b084fa488b7680906187a4c12a0328977d8af4e98e7b1b94781,{}
f6ee5b52f1aed5c571606ec3,Account logged out successfully,Kontot har loggats ut,Bitwarden,sv-bitwarden-mobile-full-review-20260919,AccountLoggedOutSuccessfully,,project-context,cef4d3765a845e16911b288f,reviewed-receipt,https://github.com/yeager/translations/blob/67e6d27877c9cfd6b6dbc74bd852b10bdbe09c3c/Bitwarden/sv-bitwarden-mobile-full-review-20260919.json,4e3887d6b78b4b084fa488b7680906187a4c12a0328977d8af4e98e7b1b94781,{}
f715db7fa14a2c00c78c26c1,Secure notes,Säkra anteckningar,Bitwarden,sv-bitwarden-mobile-full-review-20260919,SecureNotes,,project-context,cbdfdce6ec7d1eb8fab231cb,reviewed-receipt,https://github.com/yeager/translations/blob/67e6d27877c9cfd6b6dbc74bd852b10bdbe09c3c/Bitwarden/sv-bitwarden-mobile-full-review-20260919.json,4e3887d6b78b4b084fa488b7680906187a4c12a0328977d8af4e98e7b1b94781,{}
f758710a74c0cc6ad86b461b,Enter URI,Ange URI,Bitwarden,sv-bitwarden-mobile-full-review-20260919,enter_uri,,project-context,568ca64219edc528f28f93e1,reviewed-receipt,https://github.com/yeager/translations/blob/67e6d27877c9cfd6b6dbc74bd852b10bdbe09c3c/Bitwarden/sv-bitwarden-mobile-full-review-20260919.json,4e3887d6b78b4b084fa488b7680906187a4c12a0328977d8af4e98e7b1b94781,{}
f7597e79a3ba6d5523337bc4,Importing…,Importerar…,Bitwarden,sv-bitwarden-mobile-lint-fixes-published-20260919,ImportingEllipsis,,project-context,fd49d539099f83351be3ba69,reviewed-receipt,https://github.com/yeager/translations/blob/67e6d27877c9cfd6b6dbc74bd852b10bdbe09c3c/Bitwarden/sv-bitwarden-mobile-lint-fixes-published-20260919.json,b718e67ef827f6e9044a4980161854a72414c67066b327264251649b44b932d1,{}
f77b38afcbc06d897e68ab94,Authenticator key,Autentiseringsnyckel,Bitwarden,sv-bitwarden-mobile-full-review-20260919,authenticator_key_scanner,,project-context,2f3427cda4644746ba7c7bec,reviewed-receipt,https://github.com/yeager/translations/blob/67e6d27877c9cfd6b6dbc74bd852b10bdbe09c3c/Bitwarden/sv-bitwarden-mobile-full-review-20260919.json,4e3887d6b78b4b084fa488b7680906187a4c12a0328977d8af4e98e7b1b94781,{}
f8144ab3a3843cd268d6cc5f,Set up authenticator key,Konfigurera autentiseringsnyckel,Bitwarden,sv-bitwarden-mobile-full-review-20260919,set_up_authenticator_key,,project-context,171965ee3ec0419d6804a9fc,reviewed-receipt,https://github.com/yeager/translations/blob/67e6d27877c9cfd6b6dbc74bd852b10bdbe09c3c/Bitwarden/sv-bitwarden-mobile-full-review-20260919.json,4e3887d6b78b4b084fa488b7680906187a4c12a0328977d8af4e98e7b1b94781,{}
f814a7544b174c1a606b7a3a,Authenticate WebAuthn,Autentisera WebAuthn,Bitwarden,sv-bitwarden-mobile-full-review-20260919,Fido2AuthenticateWebAuthn,,project-context,b50a3bfdd663ec801f2aa65d,reviewed-receipt,https://github.com/yeager/translations/blob/67e6d27877c9cfd6b6dbc74bd852b10bdbe09c3c/Bitwarden/sv-bitwarden-mobile-full-review-20260919.json,4e3887d6b78b4b084fa488b7680906187a4c12a0328977d8af4e98e7b1b94781,{}
f83d7f1ace6ece8abbfc355a,Secure notes,Säkra anteckningar,Bitwarden,sv-bitwarden-mobile-full-review-20260919,secure_notes,,project-context,108e33a32107ac6bcccd7ebc,reviewed-receipt,https://github.com/yeager/translations/blob/67e6d27877c9cfd6b6dbc74bd852b10bdbe09c3c/Bitwarden/sv-bitwarden-mobile-full-review-20260919.json,4e3887d6b78b4b084fa488b7680906187a4c12a0328977d8af4e98e7b1b94781,{}
f86604c6a0ad2375a2b7895d,Return to app,Återvänd till app,Bitwarden,sv-bitwarden-mobile-full-review-20260919,fido2_return_to_app,,project-context,d7990aadbca058797cdc39b8,reviewed-receipt,https://github.com/yeager/translations/blob/67e6d27877c9cfd6b6dbc74bd852b10bdbe09c3c/Bitwarden/sv-bitwarden-mobile-full-review-20260919.json,4e3887d6b78b4b084fa488b7680906187a4c12a0328977d8af4e98e7b1b94781,{}
f86cc64e940cbd793ced385b,Logged out,Utloggad,Bitwarden,sv-bitwarden-mobile-full-review-20260919,account_logged_out,,project-context,72b5a6cc4560b462759f761e,reviewed-receipt,https://github.com/yeager/translations/blob/67e6d27877c9cfd6b6dbc74bd852b10bdbe09c3c/Bitwarden/sv-bitwarden-mobile-full-review-20260919.json,4e3887d6b78b4b084fa488b7680906187a4c12a0328977d8af4e98e7b1b94781,{}
f870f449e200b021147aaa03,Save option as default,Spara alternativ som standard,Bitwarden,sv-bitwarden-mobile-full-review-20260919,save_option_as_default,,project-context,8759ba0c7ab8620fe06b1230,reviewed-receipt,https://github.com/yeager/translations/blob/67e6d27877c9cfd6b6dbc74bd852b10bdbe09c3c/Bitwarden/sv-bitwarden-mobile-full-review-20260919.json,4e3887d6b78b4b084fa488b7680906187a4c12a0328977d8af4e98e7b1b94781,{}
f87bf88208431141f608a95f,Vault is locked,Valvet är låst,Bitwarden,sv-bitwarden-mobile-full-review-20260919,vault_is_locked,,project-context,230faf6198c2cdbdf1f6a575,reviewed-receipt,https://github.com/yeager/translations/blob/67e6d27877c9cfd6b6dbc74bd852b10bdbe09c3c/Bitwarden/sv-bitwarden-mobile-full-review-20260919.json,4e3887d6b78b4b084fa488b7680906187a4c12a0328977d8af4e98e7b1b94781,{}
f89fc51785c2a1941bd6750b,Language,Språk,Bitwarden,sv-bitwarden-mobile-full-review-20260919,Language,,project-context,9c04295c55490aa5af918e91,reviewed-receipt,https://github.com/yeager/translations/blob/67e6d27877c9cfd6b6dbc74bd852b10bdbe09c3c/Bitwarden/sv-bitwarden-mobile-full-review-20260919.json,4e3887d6b78b4b084fa488b7680906187a4c12a0328977d8af4e98e7b1b94781,{}
f90e5abf1190a111c1f19bfa,View recorded logs,Visa inspelade loggar,Bitwarden,sv-bitwarden-mobile-full-review-20260919,view_recorded_logs,,project-context,58e6cd62379b07f65a90d4dd,reviewed-receipt,https://github.com/yeager/translations/blob/67e6d27877c9cfd6b6dbc74bd852b10bdbe09c3c/Bitwarden/sv-bitwarden-mobile-full-review-20260919.json,4e3887d6b78b4b084fa488b7680906187a4c12a0328977d8af4e98e7b1b94781,{}
f9502efd233e6a5bda36c83d,Certificate alias,Alias för certifikat,Bitwarden,sv-bitwarden-mobile-full-review-20260919,CertificateAlias,,project-context,42d78c3223f40acd225b5808,reviewed-receipt,https://github.com/yeager/translations/blob/67e6d27877c9cfd6b6dbc74bd852b10bdbe09c3c/Bitwarden/sv-bitwarden-mobile-full-review-20260919.json,4e3887d6b78b4b084fa488b7680906187a4c12a0328977d8af4e98e7b1b94781,{}
f95f3f03ea4d409f59619334,Sync unsuccessful,Synkronisering misslyckades,Bitwarden,sv-bitwarden-mobile-full-review-20260919,vault_sync_unsuccessful,,project-context,d388f3583be7396e80cbaf24,reviewed-receipt,https://github.com/yeager/translations/blob/67e6d27877c9cfd6b6dbc74bd852b10bdbe09c3c/Bitwarden/sv-bitwarden-mobile-full-review-20260919.json,4e3887d6b78b4b084fa488b7680906187a4c12a0328977d8af4e98e7b1b94781,{}
f99cba4abf6ef989014c421c,Help,Hjälp,Bitwarden,sv-bitwarden-mobile-full-review-20260919,Help,,project-context,e5a287313eb16c50a821483f,reviewed-receipt,https://github.com/yeager/translations/blob/67e6d27877c9cfd6b6dbc74bd852b10bdbe09c3c/Bitwarden/sv-bitwarden-mobile-full-review-20260919.json,4e3887d6b78b4b084fa488b7680906187a4c12a0328977d8af4e98e7b1b94781,{}
f9fe227d879714dbe11d4b94,Session timeout,Tidsgräns för session,Bitwarden,sv-bitwarden-mobile-full-review-20260919,SessionTimeout,,project-context,3f92675831a6017986fa38ec,reviewed-receipt,https://github.com/yeager/translations/blob/67e6d27877c9cfd6b6dbc74bd852b10bdbe09c3c/Bitwarden/sv-bitwarden-mobile-full-review-20260919.json,4e3887d6b78b4b084fa488b7680906187a4c12a0328977d8af4e98e7b1b94781,{}
fa013ad543769eb9b3cdb5d7,Show website icons,Visa webbplatsikoner,Bitwarden,sv-bitwarden-mobile-full-review-20260919,show_website_icons,,project-context,80311e98ca8b4367818195f5,reviewed-receipt,https://github.com/yeager/translations/blob/67e6d27877c9cfd6b6dbc74bd852b10bdbe09c3c/Bitwarden/sv-bitwarden-mobile-full-review-20260919.json,4e3887d6b78b4b084fa488b7680906187a4c12a0328977d8af4e98e7b1b94781,{}
fa1f46d71ffda39b1a73432a,Passkey,Inloggningsnyckel,Bitwarden,sv-bitwarden-mobile-full-review-20260919,passkey,,project-context,6e42b1d79870dbc9880de697,reviewed-receipt,https://github.com/yeager/translations/blob/67e6d27877c9cfd6b6dbc74bd852b10bdbe09c3c/Bitwarden/sv-bitwarden-mobile-full-review-20260919.json,4e3887d6b78b4b084fa488b7680906187a4c12a0328977d8af4e98e7b1b94781,{}
fa397fa501f73bc7ae9f2497,Copy account number,Kopiera kontonummer,Bitwarden,sv-bitwarden-mobile-full-review-20260919,CopyAccountNumber,,project-context,5c25b17fa4994ee750e1b469,reviewed-receipt,https://github.com/yeager/translations/blob/67e6d27877c9cfd6b6dbc74bd852b10bdbe09c3c/Bitwarden/sv-bitwarden-mobile-full-review-20260919.json,4e3887d6b78b4b084fa488b7680906187a4c12a0328977d8af4e98e7b1b94781,{}
fa5f31b99041d2df97d9346d,Your subscription needs attention,Din prenumeration kräver åtgärd,Bitwarden,sv-bitwarden-mobile-full-review-20260919,your_subscription_needs_attention,,project-context,9c29fd202b3de6e20004b657,reviewed-receipt,https://github.com/yeager/translations/blob/67e6d27877c9cfd6b6dbc74bd852b10bdbe09c3c/Bitwarden/sv-bitwarden-mobile-full-review-20260919.json,4e3887d6b78b4b084fa488b7680906187a4c12a0328977d8af4e98e7b1b94781,{}
fa6deea9817505105d8e7193,Password history,Lösenordshistorik,Bitwarden,sv-bitwarden-mobile-full-review-20260919,PasswordHistory,,project-context,6467ae36f860779e696cfb8f,reviewed-receipt,https://github.com/yeager/translations/blob/67e6d27877c9cfd6b6dbc74bd852b10bdbe09c3c/Bitwarden/sv-bitwarden-mobile-full-review-20260919.json,4e3887d6b78b4b084fa488b7680906187a4c12a0328977d8af4e98e7b1b94781,{}
fa6e417a95b111bb6513c8db,Restoring…,Återställer…,Bitwarden,sv-bitwarden-mobile-full-review-20260919,restoring,,project-context,7790296ad57ff97f9bed67b4,reviewed-receipt,https://github.com/yeager/translations/blob/67e6d27877c9cfd6b6dbc74bd852b10bdbe09c3c/Bitwarden/sv-bitwarden-mobile-full-review-20260919.json,4e3887d6b78b4b084fa488b7680906187a4c12a0328977d8af4e98e7b1b94781,{}
faddaca1ae2eb8a114a5a028,On app restart,Vid omstart av appen,Bitwarden,sv-bitwarden-mobile-full-review-20260919,on_restart,,project-context,1e2178dca68a192a0dfbe979,reviewed-receipt,https://github.com/yeager/translations/blob/67e6d27877c9cfd6b6dbc74bd852b10bdbe09c3c/Bitwarden/sv-bitwarden-mobile-full-review-20260919.json,4e3887d6b78b4b084fa488b7680906187a4c12a0328977d8af4e98e7b1b94781,{}
faeceb9d05e5e19dac00cb76,Middle name,Mellannamn,Bitwarden,sv-bitwarden-mobile-full-review-20260919,MiddleName,,project-context,6a43ffd9e48550cc24641f73,reviewed-receipt,https://github.com/yeager/translations/blob/67e6d27877c9cfd6b6dbc74bd852b10bdbe09c3c/Bitwarden/sv-bitwarden-mobile-full-review-20260919.json,4e3887d6b78b4b084fa488b7680906187a4c12a0328977d8af4e98e7b1b94781,{}
fb135b563cf426b4a473445d,Cancel Premium,Avbryt Premium,Bitwarden,sv-bitwarden-mobile-full-review-20260919,CancelPremium,,project-context,64263194f87658190ec38fa4,reviewed-receipt,https://github.com/yeager/translations/blob/67e6d27877c9cfd6b6dbc74bd852b10bdbe09c3c/Bitwarden/sv-bitwarden-mobile-full-review-20260919.json,4e3887d6b78b4b084fa488b7680906187a4c12a0328977d8af4e98e7b1b94781,{}
fb159383361a73ec3dbb83da,Allow sync on refresh,Aktivera synkronisering vid uppdatering,Bitwarden,sv-bitwarden-mobile-full-review-20260919,EnableSyncOnRefresh,,project-context,a31de0103ab31298bd0bb1eb,reviewed-receipt,https://github.com/yeager/translations/blob/67e6d27877c9cfd6b6dbc74bd852b10bdbe09c3c/Bitwarden/sv-bitwarden-mobile-full-review-20260919.json,4e3887d6b78b4b084fa488b7680906187a4c12a0328977d8af4e98e7b1b94781,{}
fb342ef30820300bb0a757ff,Zip / Postal code,Postnummer,Bitwarden,sv-bitwarden-mobile-full-review-20260919,ZipPostalCode,,project-context,c7e9a14b07e127cdee867335,reviewed-receipt,https://github.com/yeager/translations/blob/67e6d27877c9cfd6b6dbc74bd852b10bdbe09c3c/Bitwarden/sv-bitwarden-mobile-full-review-20260919.json,4e3887d6b78b4b084fa488b7680906187a4c12a0328977d8af4e98e7b1b94781,{}
fb3c8b2f21732118de96cdcc,Unlock with biometrics,Lås upp med biometri,Bitwarden,sv-bitwarden-mobile-full-review-20260919,UnlockWithBiometrics,,project-context,bd004c89d3c32435fc660113,reviewed-receipt,https://github.com/yeager/translations/blob/67e6d27877c9cfd6b6dbc74bd852b10bdbe09c3c/Bitwarden/sv-bitwarden-mobile-full-review-20260919.json,4e3887d6b78b4b084fa488b7680906187a4c12a0328977d8af4e98e7b1b94781,{}
fb6009941bde77ec89927813,Re-type master password (required),Skriv in huvudlösenordet igen (krävs),Bitwarden,sv-bitwarden-mobile-full-review-20260919,retype_master_password_required,,project-context,896c4ee390780484d83431b4,reviewed-receipt,https://github.com/yeager/translations/blob/67e6d27877c9cfd6b6dbc74bd852b10bdbe09c3c/Bitwarden/sv-bitwarden-mobile-full-review-20260919.json,4e3887d6b78b4b084fa488b7680906187a4c12a0328977d8af4e98e7b1b94781,{}
fbeab9b682fbc19289c4f511,Photos,Foton,Bitwarden,sv-bitwarden-mobile-full-review-20260919,Photos,,project-context,190c0ed78957c85810f676ad,reviewed-receipt,https://github.com/yeager/translations/blob/67e6d27877c9cfd6b6dbc74bd852b10bdbe09c3c/Bitwarden/sv-bitwarden-mobile-full-review-20260919.json,4e3887d6b78b4b084fa488b7680906187a4c12a0328977d8af4e98e7b1b94781,{}
fbec400cabfcb73e7e6cf2d6,Loading vault data…,Läser in valvdata…,Bitwarden,sv-bitwarden-mobile-full-review-20260919,loading_vault_data,,project-context,5325ff288735075b7db71d20,reviewed-receipt,https://github.com/yeager/translations/blob/67e6d27877c9cfd6b6dbc74bd852b10bdbe09c3c/Bitwarden/sv-bitwarden-mobile-full-review-20260919.json,4e3887d6b78b4b084fa488b7680906187a4c12a0328977d8af4e98e7b1b94781,{}
fc7f8bbd71866012a748b54e,Notes,Anteckningar,Bitwarden,sv-bitwarden-mobile-full-review-20260919,Notes,,project-context,4f12ba137fdf721f8d3826a3,reviewed-receipt,https://github.com/yeager/translations/blob/67e6d27877c9cfd6b6dbc74bd852b10bdbe09c3c/Bitwarden/sv-bitwarden-mobile-full-review-20260919.json,4e3887d6b78b4b084fa488b7680906187a4c12a0328977d8af4e98e7b1b94781,{}
fc9f8159945483fb4b0f36c8,Check password for data breaches,Kontrollera lösenord för dataintrång,Bitwarden,sv-bitwarden-mobile-full-review-20260919,check_password_for_data_breaches,,project-context,51776e804a0e8e1fa23285ec,reviewed-receipt,https://github.com/yeager/translations/blob/67e6d27877c9cfd6b6dbc74bd852b10bdbe09c3c/Bitwarden/sv-bitwarden-mobile-full-review-20260919.json,4e3887d6b78b4b084fa488b7680906187a4c12a0328977d8af4e98e7b1b94781,{}
fccfe4d9adcd6735676a4459,Contain one or more uppercase characters,Innehålla en eller flera versaler,Bitwarden,sv-bitwarden-mobile-full-review-20260919,PolicyInEffectUppercase,,project-context,4a39bb85634dfe7b94076f0d,reviewed-receipt,https://github.com/yeager/translations/blob/67e6d27877c9cfd6b6dbc74bd852b10bdbe09c3c/Bitwarden/sv-bitwarden-mobile-full-review-20260919.json,4e3887d6b78b4b084fa488b7680906187a4c12a0328977d8af4e98e7b1b94781,{}
fd36cfd5c87ea7754db6e421,Confirm,Bekräfta,Bitwarden,sv-bitwarden-mobile-full-review-20260919,Confirm,,project-context,68b82c68add5f2f8807472dc,reviewed-receipt,https://github.com/yeager/translations/blob/67e6d27877c9cfd6b6dbc74bd852b10bdbe09c3c/Bitwarden/sv-bitwarden-mobile-full-review-20260919.json,4e3887d6b78b4b084fa488b7680906187a4c12a0328977d8af4e98e7b1b94781,{}
fd41038e3e07117df0ca412e,Edit card,Redigera kort,Bitwarden,sv-bitwarden-mobile-full-review-20260919,EditCard,,project-context,036abff1c84e9790364310e4,reviewed-receipt,https://github.com/yeager/translations/blob/67e6d27877c9cfd6b6dbc74bd852b10bdbe09c3c/Bitwarden/sv-bitwarden-mobile-full-review-20260919.json,4e3887d6b78b4b084fa488b7680906187a4c12a0328977d8af4e98e7b1b94781,{}
fd4e4dabc9363a42b73071df,Set up later,Ställ in senare,Bitwarden,sv-bitwarden-mobile-full-review-20260919,SetUpLater,,project-context,690f2d4d434220c1c7f17a02,reviewed-receipt,https://github.com/yeager/translations/blob/67e6d27877c9cfd6b6dbc74bd852b10bdbe09c3c/Bitwarden/sv-bitwarden-mobile-full-review-20260919.json,4e3887d6b78b4b084fa488b7680906187a4c12a0328977d8af4e98e7b1b94781,{}
fd59eabd0efb8c4457fd9e68,Recorded logs,Inspelade loggar,Bitwarden,sv-bitwarden-mobile-full-review-20260919,RecordedLogs,,project-context,58139a70e650beb1430041f6,reviewed-receipt,https://github.com/yeager/translations/blob/67e6d27877c9cfd6b6dbc74bd852b10bdbe09c3c/Bitwarden/sv-bitwarden-mobile-full-review-20260919.json,4e3887d6b78b4b084fa488b7680906187a4c12a0328977d8af4e98e7b1b94781,{}
fd77aaf714e247368f5ad9f0,View plan,Visa prenumeration,Bitwarden,sv-bitwarden-mobile-full-review-20260919,ViewPlan,,project-context,d6051026d1e065beae5774d3,reviewed-receipt,https://github.com/yeager/translations/blob/67e6d27877c9cfd6b6dbc74bd852b10bdbe09c3c/Bitwarden/sv-bitwarden-mobile-full-review-20260919.json,4e3887d6b78b4b084fa488b7680906187a4c12a0328977d8af4e98e7b1b94781,{}
fd836a1e82dbf7778cc3a8d9,Next,Nästa,Bitwarden,sv-bitwarden-mobile-full-review-20260919,Next,,project-context,28237be8a702693c9ef40018,reviewed-receipt,https://github.com/yeager/translations/blob/67e6d27877c9cfd6b6dbc74bd852b10bdbe09c3c/Bitwarden/sv-bitwarden-mobile-full-review-20260919.json,4e3887d6b78b4b084fa488b7680906187a4c12a0328977d8af4e98e7b1b94781,{}
fe2675880b61e99075a81c5f,Add item,Lägg till objekt,Bitwarden,sv-bitwarden-mobile-full-review-20260919,add_item,,project-context,3f7d8f3e84d1aa8aad2cd46f,reviewed-receipt,https://github.com/yeager/translations/blob/67e6d27877c9cfd6b6dbc74bd852b10bdbe09c3c/Bitwarden/sv-bitwarden-mobile-full-review-20260919.json,4e3887d6b78b4b084fa488b7680906187a4c12a0328977d8af4e98e7b1b94781,{}
fe2cc3fe10d152bf8c53e7a9,Generate password,Generera lösenord,Bitwarden,sv-bitwarden-mobile-full-review-20260919,GeneratePassword,,project-context,76110f1827b4f1d9d729ba08,reviewed-receipt,https://github.com/yeager/translations/blob/67e6d27877c9cfd6b6dbc74bd852b10bdbe09c3c/Bitwarden/sv-bitwarden-mobile-full-review-20260919.json,4e3887d6b78b4b084fa488b7680906187a4c12a0328977d8af4e98e7b1b94781,{}
fe6b55f58532a6a93d63e3e8,Search text Sends,Sök bland Sends-textmeddelanden,Bitwarden,sv-bitwarden-mobile-full-review-20260919,search_text_sends,,project-context,1956cc8b02f5fa10d6280803,reviewed-receipt,https://github.com/yeager/translations/blob/67e6d27877c9cfd6b6dbc74bd852b10bdbe09c3c/Bitwarden/sv-bitwarden-mobile-full-review-20260919.json,4e3887d6b78b4b084fa488b7680906187a4c12a0328977d8af4e98e7b1b94781,{}
fe9bb3dcf46ee1ea012bf395,Search file Sends,Sök bland Sends-filer,Bitwarden,sv-bitwarden-mobile-full-review-20260919,search_file_sends,,project-context,13eefde3a6ed55e6d40e174e,reviewed-receipt,https://github.com/yeager/translations/blob/67e6d27877c9cfd6b6dbc74bd852b10bdbe09c3c/Bitwarden/sv-bitwarden-mobile-full-review-20260919.json,4e3887d6b78b4b084fa488b7680906187a4c12a0328977d8af4e98e7b1b94781,{}
fea7f3b41b1379f911b00866,Generate,Generera,Bitwarden,sv-bitwarden-mobile-full-review-20260919,generate_button_label,,project-context,4cde7bad83168aef727bacdc,reviewed-receipt,https://github.com/yeager/translations/blob/67e6d27877c9cfd6b6dbc74bd852b10bdbe09c3c/Bitwarden/sv-bitwarden-mobile-full-review-20260919.json,4e3887d6b78b4b084fa488b7680906187a4c12a0328977d8af4e98e7b1b94781,{}
febf7680c29c7780b47c0fe5,Do you have a computer available?,Har du tillgång till en dator?,Bitwarden,sv-bitwarden-mobile-full-review-20260919,DoYouHaveAComputerAvailable,,project-context,2491ca16dbffd0769faa8c8c,reviewed-receipt,https://github.com/yeager/translations/blob/67e6d27877c9cfd6b6dbc74bd852b10bdbe09c3c/Bitwarden/sv-bitwarden-mobile-full-review-20260919.json,4e3887d6b78b4b084fa488b7680906187a4c12a0328977d8af4e98e7b1b94781,{}
fecef3031035afda55f00265,Private key,Privat nyckel,Bitwarden,sv-bitwarden-mobile-full-review-20260919,private_key,,project-context,6772912bddd671269b14b949,reviewed-receipt,https://github.com/yeager/translations/blob/67e6d27877c9cfd6b6dbc74bd852b10bdbe09c3c/Bitwarden/sv-bitwarden-mobile-full-review-20260919.json,4e3887d6b78b4b084fa488b7680906187a4c12a0328977d8af4e98e7b1b94781,{}
fed53a2371da26d2483291e2,Identity name,Identitetsnamn,Bitwarden,sv-bitwarden-mobile-full-review-20260919,identity_name,,project-context,d285bd76733d2dd12adccded,reviewed-receipt,https://github.com/yeager/translations/blob/67e6d27877c9cfd6b6dbc74bd852b10bdbe09c3c/Bitwarden/sv-bitwarden-mobile-full-review-20260919.json,4e3887d6b78b4b084fa488b7680906187a4c12a0328977d8af4e98e7b1b94781,{}
feeb714ef7ad365dce2d057b,Choose file,Välj fil,Bitwarden,sv-bitwarden-mobile-full-review-20260919,ChooseFile,,project-context,2918fcb492e63aea474e600b,reviewed-receipt,https://github.com/yeager/translations/blob/67e6d27877c9cfd6b6dbc74bd852b10bdbe09c3c/Bitwarden/sv-bitwarden-mobile-full-review-20260919.json,4e3887d6b78b4b084fa488b7680906187a4c12a0328977d8af4e98e7b1b94781,{}
feec0fd8dade0b6893d8f393,Replace existing certificate?,Ersätt befintligt certifikat?,Bitwarden,sv-bitwarden-mobile-full-review-20260919,replace_existing_certificate,,project-context,f814f62ac62fa42abcb922b8,reviewed-receipt,https://github.com/yeager/translations/blob/67e6d27877c9cfd6b6dbc74bd852b10bdbe09c3c/Bitwarden/sv-bitwarden-mobile-full-review-20260919.json,4e3887d6b78b4b084fa488b7680906187a4c12a0328977d8af4e98e7b1b94781,{}
ff0300010b57f6f7fc3ea353,View identity,Visa identitet,Bitwarden,sv-bitwarden-mobile-full-review-20260919,view_identity,,project-context,92de31b93e9cc6a781757aad,reviewed-receipt,https://github.com/yeager/translations/blob/67e6d27877c9cfd6b6dbc74bd852b10bdbe09c3c/Bitwarden/sv-bitwarden-mobile-full-review-20260919.json,4e3887d6b78b4b084fa488b7680906187a4c12a0328977d8af4e98e7b1b94781,{}
ff2ae9a228ee6ff541b6ebf7,Check your email,Kontrollera din e-post,Bitwarden,sv-bitwarden-mobile-full-review-20260919,CheckYourEmail,,project-context,8a952892a2ff019437174186,reviewed-receipt,https://github.com/yeager/translations/blob/67e6d27877c9cfd6b6dbc74bd852b10bdbe09c3c/Bitwarden/sv-bitwarden-mobile-full-review-20260919.json,4e3887d6b78b4b084fa488b7680906187a4c12a0328977d8af4e98e7b1b94781,{}
ff438beba55e6ce2a34a1151,Unfavorite,Avmarkera som favorit,Bitwarden,sv-bitwarden-mobile-full-review-20260919,unfavorite,,project-context,0df0b5b3e07e9ae5519d7285,reviewed-receipt,https://github.com/yeager/translations/blob/67e6d27877c9cfd6b6dbc74bd852b10bdbe09c3c/Bitwarden/sv-bitwarden-mobile-full-review-20260919.json,4e3887d6b78b4b084fa488b7680906187a4c12a0328977d8af4e98e7b1b94781,{}
ff4bd026e6aacda3e9c5b1ab,Default save option,Spara alternativ som standard,Bitwarden,sv-bitwarden-mobile-full-review-20260919,DefaultSaveOption,,project-context,a29c03293f74c56306107120,reviewed-receipt,https://github.com/yeager/translations/blob/67e6d27877c9cfd6b6dbc74bd852b10bdbe09c3c/Bitwarden/sv-bitwarden-mobile-full-review-20260919.json,4e3887d6b78b4b084fa488b7680906187a4c12a0328977d8af4e98e7b1b94781,{}
ff6c6a7aaa77bcafbcc3b03c,Learn about organizations,Lär dig om organisationer,Bitwarden,sv-bitwarden-mobile-full-review-20260919,LearnOrg,,project-context,ce72b3a0944cffffb77f9d76,reviewed-receipt,https://github.com/yeager/translations/blob/67e6d27877c9cfd6b6dbc74bd852b10bdbe09c3c/Bitwarden/sv-bitwarden-mobile-full-review-20260919.json,4e3887d6b78b4b084fa488b7680906187a4c12a0328977d8af4e98e7b1b94781,{}
ff716bee20b5696c886b8fa2,Approve login requests,Godkänn inloggningsförfrågningar,Bitwarden,sv-bitwarden-mobile-full-review-20260919,approve_login_requests,,project-context,20b0a132155d21591ce28110,reviewed-receipt,https://github.com/yeager/translations/blob/67e6d27877c9cfd6b6dbc74bd852b10bdbe09c3c/Bitwarden/sv-bitwarden-mobile-full-review-20260919.json,4e3887d6b78b4b084fa488b7680906187a4c12a0328977d8af4e98e7b1b94781,{}
ff83a25394d3d9ba38a3cbac,Cards,Kort,Bitwarden,sv-bitwarden-mobile-full-review-20260919,Cards,,project-context,e343d8fbc175ac44459be773,reviewed-receipt,https://github.com/yeager/translations/blob/67e6d27877c9cfd6b6dbc74bd852b10bdbe09c3c/Bitwarden/sv-bitwarden-mobile-full-review-20260919.json,4e3887d6b78b4b084fa488b7680906187a4c12a0328977d8af4e98e7b1b94781,{}
ffbfc7b6281ae9d3c22112c4,Key is required.,Nyckel krävs.,Bitwarden,sv-bitwarden-mobile-full-review-20260919,key_is_required,,project-context,a29dfb2d2583a22fd8770742,reviewed-receipt,https://github.com/yeager/translations/blob/67e6d27877c9cfd6b6dbc74bd852b10bdbe09c3c/Bitwarden/sv-bitwarden-mobile-full-review-20260919.json,4e3887d6b78b4b084fa488b7680906187a4c12a0328977d8af4e98e7b1b94781,{}
ffd350ddd27ff079b5865229,No file chosen,Ingen fil vald,Bitwarden,sv-bitwarden-mobile-full-review-20260919,no_file_chosen,,project-context,177f339753097fcc40e43d54,reviewed-receipt,https://github.com/yeager/translations/blob/67e6d27877c9cfd6b6dbc74bd852b10bdbe09c3c/Bitwarden/sv-bitwarden-mobile-full-review-20260919.json,4e3887d6b78b4b084fa488b7680906187a4c12a0328977d8af4e98e7b1b94781,{}
ffed27120afd0d50118f0f9f,Confirming your upgrade…,Bekräftar din uppgradering…,Bitwarden,sv-bitwarden-mobile-full-review-20260919,ConfirmingYourUpgrade,,project-context,0d54fe0dbe549380d14ad39e,reviewed-receipt,https://github.com/yeager/translations/blob/67e6d27877c9cfd6b6dbc74bd852b10bdbe09c3c/Bitwarden/sv-bitwarden-mobile-full-review-20260919.json,4e3887d6b78b4b084fa488b7680906187a4c12a0328977d8af4e98e7b1b94781,{}
fff4a2e0c48e6418432370cf,Copy user ID,Kopiera användar-ID,Bitwarden,sv-bitwarden-mobile-full-review-20260919,CopyUserID,,project-context,313d868f5c42c03a089446ad,reviewed-receipt,https://github.com/yeager/translations/blob/67e6d27877c9cfd6b6dbc74bd852b10bdbe09c3c/Bitwarden/sv-bitwarden-mobile-full-review-20260919.json,4e3887d6b78b4b084fa488b7680906187a4c12a0328977d8af4e98e7b1b94781,{}
