id,source,canonical,project,component,context,note,scope,review_id,publication_status,reference,evidence_sha256,source_evidence
00cb4a1d38bcb3cc59f9564b,after the hour,efter timmen,Codeberg:backintime,common,,"Granskad filleverans. Endast färdiga, aktiva översättningar tas med; detta är inte ett påstående om separat registrerat radbeslut för varje oförändrad post.",project-context,cd12c1dbc8aba685117be439,reviewed-file-delivery,https://github.com/yeager/translations/blob/67e6d27877c9cfd6b6dbc74bd852b10bdbe09c3c/Codeberg Weblate/verified-components/translations/backintime/common/common_sv.po,65c0bdff60a18440a1284d35ca06d9bc77c5e655f20c7a2cd385b2e3937989ca,{}
0297d8741fe0de413b7f535c,Text beside icon,Text bredvid ikoner,Codeberg:backintime,common,,"Granskad filleverans. Endast färdiga, aktiva översättningar tas med; detta är inte ett påstående om separat registrerat radbeslut för varje oförändrad post.",project-context,034bd1ff2dccce849a417ccf,reviewed-file-delivery,https://github.com/yeager/translations/blob/67e6d27877c9cfd6b6dbc74bd852b10bdbe09c3c/Codeberg Weblate/verified-components/translations/backintime/common/common_sv.po,65c0bdff60a18440a1284d35ca06d9bc77c5e655f20c7a2cd385b2e3937989ca,{}
030c246f6548fffd01658896,&Backup,&Säkerhetskopiera,Codeberg:backintime,common,,"Granskad filleverans. Endast färdiga, aktiva översättningar tas med; detta är inte ett påstående om separat registrerat radbeslut för varje oförändrad post.",project-context,0aaeeb9912d2d23ec2bc6098,reviewed-file-delivery,https://github.com/yeager/translations/blob/67e6d27877c9cfd6b6dbc74bd852b10bdbe09c3c/Codeberg Weblate/verified-components/translations/backintime/common/common_sv.po,65c0bdff60a18440a1284d35ca06d9bc77c5e655f20c7a2cd385b2e3937989ca,{}
036bf039c018c7a56ad3a5f4,System backup files,System säkerhetskopiering-filer,Codeberg:backintime,common,,"Granskad filleverans. Endast färdiga, aktiva översättningar tas med; detta är inte ett påstående om separat registrerat radbeslut för varje oförändrad post.",project-context,530b0cd6595c93a99a038a68,reviewed-file-delivery,https://github.com/yeager/translations/blob/67e6d27877c9cfd6b6dbc74bd852b10bdbe09c3c/Codeberg Weblate/verified-components/translations/backintime/common/common_sv.po,65c0bdff60a18440a1284d35ca06d9bc77c5e655f20c7a2cd385b2e3937989ca,{}
0395dbe77d39992779a4bf0f,The backup has finished.,Säkerhetskopieringen har slutförts.,Codeberg:backintime,common,,"Granskad filleverans. Endast färdiga, aktiva översättningar tas med; detta är inte ett påstående om separat registrerat radbeslut för varje oförändrad post.",project-context,92d3d2606fdb74a527afb1d0,reviewed-file-delivery,https://github.com/yeager/translations/blob/67e6d27877c9cfd6b6dbc74bd852b10bdbe09c3c/Codeberg Weblate/verified-components/translations/backintime/common/common_sv.po,65c0bdff60a18440a1284d35ca06d9bc77c5e655f20c7a2cd385b2e3937989ca,{}
03a6c73f78e067e92662d592,SSH profile setup failed,Konfigurationen av SSH-profil misslyckades,Codeberg:backintime,common,,"Granskad filleverans. Endast färdiga, aktiva översättningar tas med; detta är inte ett påstående om separat registrerat radbeslut för varje oförändrad post.",project-context,0c88c0a3bc665b7efb4a0d54,reviewed-file-delivery,https://github.com/yeager/translations/blob/67e6d27877c9cfd6b6dbc74bd852b10bdbe09c3c/Codeberg Weblate/verified-components/translations/backintime/common/common_sv.po,65c0bdff60a18440a1284d35ca06d9bc77c5e655f20c7a2cd385b2e3937989ca,{}
03e2582a455e46956d00131e,Error,Fel,Codeberg:backintime,common,,"Granskad filleverans. Endast färdiga, aktiva översättningar tas med; detta är inte ett påstående om separat registrerat radbeslut för varje oförändrad post.",project-context,3daca30eeee7e16a03604c27,reviewed-file-delivery,https://github.com/yeager/translations/blob/67e6d27877c9cfd6b6dbc74bd852b10bdbe09c3c/Codeberg Weblate/verified-components/translations/backintime/common/common_sv.po,65c0bdff60a18440a1284d35ca06d9bc77c5e655f20c7a2cd385b2e3937989ca,{}
042c4a86391c8bf4c794d90a,Use operating system's language.,Använd operativsystemets språk.,Codeberg:backintime,common,,"Granskad filleverans. Endast färdiga, aktiva översättningar tas med; detta är inte ett påstående om separat registrerat radbeslut för varje oförändrad post.",project-context,cc01f0bba60b2a43e0b68f6d,reviewed-file-delivery,https://github.com/yeager/translations/blob/67e6d27877c9cfd6b6dbc74bd852b10bdbe09c3c/Codeberg Weblate/verified-components/translations/backintime/common/common_sv.po,65c0bdff60a18440a1284d35ca06d9bc77c5e655f20c7a2cd385b2e3937989ca,{}
0534abadf2f1fc045f646ac2,Creating backup,Skapar säkerhetskopia,Codeberg:backintime,common,,"Granskad filleverans. Endast färdiga, aktiva översättningar tas med; detta är inte ett påstående om separat registrerat radbeslut för varje oförändrad post.",project-context,e2f2dc83e9a9c7e074010a42,reviewed-file-delivery,https://github.com/yeager/translations/blob/67e6d27877c9cfd6b6dbc74bd852b10bdbe09c3c/Codeberg Weblate/verified-components/translations/backintime/common/common_sv.po,65c0bdff60a18440a1284d35ca06d9bc77c5e655f20c7a2cd385b2e3937989ca,{}
064b1ca73f350c536dfc36b8,"[E] Error, [I] Information, [C] Change","[E] Fel, [I] Information, [C] Ändring",Codeberg:backintime,common,,"Granskad filleverans. Endast färdiga, aktiva översättningar tas med; detta är inte ett påstående om separat registrerat radbeslut för varje oförändrad post.",project-context,196daa61fd826ffb8589957d,reviewed-file-delivery,https://github.com/yeager/translations/blob/67e6d27877c9cfd6b6dbc74bd852b10bdbe09c3c/Codeberg Weblate/verified-components/translations/backintime/common/common_sv.po,65c0bdff60a18440a1284d35ca06d9bc77c5e655f20c7a2cd385b2e3937989ca,{}
074c72b68cf28ac603269f5e,Runtime system files,Körtid-systemfiler,Codeberg:backintime,common,,"Granskad filleverans. Endast färdiga, aktiva översättningar tas med; detta är inte ett påstående om separat registrerat radbeslut för varje oförändrad post.",project-context,1328b8b9062c82a0d9e89cd3,reviewed-file-delivery,https://github.com/yeager/translations/blob/67e6d27877c9cfd6b6dbc74bd852b10bdbe09c3c/Codeberg Weblate/verified-components/translations/backintime/common/common_sv.po,65c0bdff60a18440a1284d35ca06d9bc77c5e655f20c7a2cd385b2e3937989ca,{}
079874789f92631a64c5098b,Discord application lock file,Discord-programets låsfil,Codeberg:backintime,common,,"Granskad filleverans. Endast färdiga, aktiva översättningar tas med; detta är inte ett påstående om separat registrerat radbeslut för varje oförändrad post.",project-context,e6c9130e87b6692730a43290,reviewed-file-delivery,https://github.com/yeager/translations/blob/67e6d27877c9cfd6b6dbc74bd852b10bdbe09c3c/Codeberg Weblate/verified-components/translations/backintime/common/common_sv.po,65c0bdff60a18440a1284d35ca06d9bc77c5e655f20c7a2cd385b2e3937989ca,{}
091a7fe275e03b056b667e14,Cancel Shutdown,Avbryt avstängning,Codeberg:backintime,common,,"Granskad filleverans. Endast färdiga, aktiva översättningar tas med; detta är inte ett påstående om separat registrerat radbeslut för varje oförändrad post.",project-context,439a626ecc80a006838d764f,reviewed-file-delivery,https://github.com/yeager/translations/blob/67e6d27877c9cfd6b6dbc74bd852b10bdbe09c3c/Codeberg Weblate/verified-components/translations/backintime/common/common_sv.po,65c0bdff60a18440a1284d35ca06d9bc77c5e655f20c7a2cd385b2e3937989ca,{}
0a7f071db2662a30b0cd6809,Exclude pattern,Exkludera mönster,Codeberg:backintime,common,,"Granskad filleverans. Endast färdiga, aktiva översättningar tas med; detta är inte ett påstående om separat registrerat radbeslut för varje oförändrad post.",project-context,2ee000eb793b5b05ff6efcf1,reviewed-file-delivery,https://github.com/yeager/translations/blob/67e6d27877c9cfd6b6dbc74bd852b10bdbe09c3c/Codeberg Weblate/verified-components/translations/backintime/common/common_sv.po,65c0bdff60a18440a1284d35ca06d9bc77c5e655f20c7a2cd385b2e3937989ca,{}
0b7475efae66cba6d073a656,rsync transfer failures (experimental),rsync-överföringsfel (experimentell),Codeberg:backintime,common,,"Granskad filleverans. Endast färdiga, aktiva översättningar tas med; detta är inte ett påstående om separat registrerat radbeslut för varje oförändrad post.",project-context,d846d4d562f37d03bc2dc71e,reviewed-file-delivery,https://github.com/yeager/translations/blob/67e6d27877c9cfd6b6dbc74bd852b10bdbe09c3c/Codeberg Weblate/verified-components/translations/backintime/common/common_sv.po,65c0bdff60a18440a1284d35ca06d9bc77c5e655f20c7a2cd385b2e3937989ca,{}
0b97a7a2e5b21d1b30de999e,Open last backup log,Öppna den senaste säkerhetskopieringsloggen,Codeberg:backintime,common,,"Granskad filleverans. Endast färdiga, aktiva översättningar tas med; detta är inte ett påstående om separat registrerat radbeslut för varje oförändrad post.",project-context,4a4ef14c33e95e83576d0302,reviewed-file-delivery,https://github.com/yeager/translations/blob/67e6d27877c9cfd6b6dbc74bd852b10bdbe09c3c/Codeberg Weblate/verified-components/translations/backintime/common/common_sv.po,65c0bdff60a18440a1284d35ca06d9bc77c5e655f20c7a2cd385b2e3937989ca,{}
0d26df60382436859f03a7c6,Run in background on remote host.,Kör i bakgrunden på fjärrvärden.,Codeberg:backintime,common,,"Granskad filleverans. Endast färdiga, aktiva översättningar tas med; detta är inte ett påstående om separat registrerat radbeslut för varje oförändrad post.",project-context,31f035db909921a27590aa96,reviewed-file-delivery,https://github.com/yeager/translations/blob/67e6d27877c9cfd6b6dbc74bd852b10bdbe09c3c/Codeberg Weblate/verified-components/translations/backintime/common/common_sv.po,65c0bdff60a18440a1284d35ca06d9bc77c5e655f20c7a2cd385b2e3937989ca,{}
0e41c5b4b1b2f8b697b713a9,FAILED,MISSLYCKADES,Codeberg:backintime,common,,"Granskad filleverans. Endast färdiga, aktiva översättningar tas med; detta är inte ett påstående om separat registrerat radbeslut för varje oförändrad post.",project-context,0aa10b3830315d16e2c719b3,reviewed-file-delivery,https://github.com/yeager/translations/blob/67e6d27877c9cfd6b6dbc74bd852b10bdbe09c3c/Codeberg Weblate/verified-components/translations/backintime/common/common_sv.po,65c0bdff60a18440a1284d35ca06d9bc77c5e655f20c7a2cd385b2e3937989ca,{}
0e983330808c69dc3be5e36f,No SSH host configured.,Ingen SSH värd konfigurerad.,Codeberg:backintime,common,,"Granskad filleverans. Endast färdiga, aktiva översättningar tas med; detta är inte ett påstående om separat registrerat radbeslut för varje oförändrad post.",project-context,7d58d71854662d01540423b5,reviewed-file-delivery,https://github.com/yeager/translations/blob/67e6d27877c9cfd6b6dbc74bd852b10bdbe09c3c/Codeberg Weblate/verified-components/translations/backintime/common/common_sv.po,65c0bdff60a18440a1284d35ca06d9bc77c5e655f20c7a2cd385b2e3937989ca,{}
0ef8675b1b7cc2e55cd241fd,Working,Arbetar,Codeberg:backintime,common,,"Granskad filleverans. Endast färdiga, aktiva översättningar tas med; detta är inte ett påstående om separat registrerat radbeslut för varje oförändrad post.",project-context,8e086ccf48b9d8e34a448589,reviewed-file-delivery,https://github.com/yeager/translations/blob/67e6d27877c9cfd6b6dbc74bd852b10bdbe09c3c/Codeberg Weblate/verified-components/translations/backintime/common/common_sv.po,65c0bdff60a18440a1284d35ca06d9bc77c5e655f20c7a2cd385b2e3937989ca,{}
10b1cf7092c57e303ec8d481,Hours:,Timmar:,Codeberg:backintime,common,,"Granskad filleverans. Endast färdiga, aktiva översättningar tas med; detta är inte ett påstående om separat registrerat radbeslut för varje oförändrad post.",project-context,fc1e7cde4a2d9b781df2d7d3,reviewed-file-delivery,https://github.com/yeager/translations/blob/67e6d27877c9cfd6b6dbc74bd852b10bdbe09c3c/Codeberg Weblate/verified-components/translations/backintime/common/common_sv.po,65c0bdff60a18440a1284d35ca06d9bc77c5e655f20c7a2cd385b2e3937989ca,{}
10ff43b76bb8a41e31e9609b,Translation,Översättning,Codeberg:backintime,common,,"Granskad filleverans. Endast färdiga, aktiva översättningar tas med; detta är inte ett påstående om separat registrerat radbeslut för varje oförändrad post.",project-context,77bfa813afbfab044f230235,reviewed-file-delivery,https://github.com/yeager/translations/blob/67e6d27877c9cfd6b6dbc74bd852b10bdbe09c3c/Codeberg Weblate/verified-components/translations/backintime/common/common_sv.po,65c0bdff60a18440a1284d35ca06d9bc77c5e655f20c7a2cd385b2e3937989ca,{}
12bf966d71ade024ae4dfe9e,Report a bug,Rapportera ett fel,Codeberg:backintime,common,,"Granskad filleverans. Endast färdiga, aktiva översättningar tas med; detta är inte ett påstående om separat registrerat radbeslut för varje oförändrad post.",project-context,f3adb21f3174214132935035,reviewed-file-delivery,https://github.com/yeager/translations/blob/67e6d27877c9cfd6b6dbc74bd852b10bdbe09c3c/Codeberg Weblate/verified-components/translations/backintime/common/common_sv.po,65c0bdff60a18440a1284d35ca06d9bc77c5e655f20c7a2cd385b2e3937989ca,{}
12d402e290ac73ad2f80f264,&Exclude,&Exkludera,Codeberg:backintime,common,,"Granskad filleverans. Endast färdiga, aktiva översättningar tas med; detta är inte ett påstående om separat registrerat radbeslut för varje oförändrad post.",project-context,76cbfb32bd7808eb8cdc072e,reviewed-file-delivery,https://github.com/yeager/translations/blob/67e6d27877c9cfd6b6dbc74bd852b10bdbe09c3c/Codeberg Weblate/verified-components/translations/backintime/common/common_sv.po,65c0bdff60a18440a1284d35ca06d9bc77c5e655f20c7a2cd385b2e3937989ca,{}
12d79c6077d952af469267bd,Show full Log,Visa fullständig logg,Codeberg:backintime,common,,"Granskad filleverans. Endast färdiga, aktiva översättningar tas med; detta är inte ett påstående om separat registrerat radbeslut för varje oförändrad post.",project-context,dea377c89e5263cfc5008a27,reviewed-file-delivery,https://github.com/yeager/translations/blob/67e6d27877c9cfd6b6dbc74bd852b10bdbe09c3c/Codeberg Weblate/verified-components/translations/backintime/common/common_sv.po,65c0bdff60a18440a1284d35ca06d9bc77c5e655f20c7a2cd385b2e3937989ca,{}
12ef2fa6f60a4a1560d1f211,Proceed with the backup?,Fortsätt med säkerhetskopieringen?,Codeberg:backintime,common,,"Granskad filleverans. Endast färdiga, aktiva översättningar tas med; detta är inte ett påstående om separat registrerat radbeslut för varje oförändrad post.",project-context,1fafe4e3318e0961b319ee5a,reviewed-file-delivery,https://github.com/yeager/translations/blob/67e6d27877c9cfd6b6dbc74bd852b10bdbe09c3c/Codeberg Weblate/verified-components/translations/backintime/common/common_sv.po,65c0bdff60a18440a1284d35ca06d9bc77c5e655f20c7a2cd385b2e3937989ca,{}
12fb4759907731a338859a2c,Restrict to one file system,Begränsa till ett filsystem,Codeberg:backintime,common,,"Granskad filleverans. Endast färdiga, aktiva översättningar tas med; detta är inte ett påstående om separat registrerat radbeslut för varje oförändrad post.",project-context,d9dd74d90dcd70d7a7357529,reviewed-file-delivery,https://github.com/yeager/translations/blob/67e6d27877c9cfd6b6dbc74bd852b10bdbe09c3c/Codeberg Weblate/verified-components/translations/backintime/common/common_sv.po,65c0bdff60a18440a1284d35ca06d9bc77c5e655f20c7a2cd385b2e3937989ca,{}
130fdf67fd86151baba4bdbd,Deferring backup while on battery,Uppskjuter säkerhetskopiering vid batteridrift,Codeberg:backintime,common,,"Granskad filleverans. Endast färdiga, aktiva översättningar tas med; detta är inte ett påstående om separat registrerat radbeslut för varje oförändrad post.",project-context,1dc26464c55e7e358c4a5750,reviewed-file-delivery,https://github.com/yeager/translations/blob/67e6d27877c9cfd6b6dbc74bd852b10bdbe09c3c/Codeberg Weblate/verified-components/translations/backintime/common/common_sv.po,65c0bdff60a18440a1284d35ca06d9bc77c5e655f20c7a2cd385b2e3937989ca,{}
137867f290312d3570893c06,No destination backup directory configured.,Ingen målkatalog för säkerhetskopiering konfigurerad.,Codeberg:backintime,common,,"Granskad filleverans. Endast färdiga, aktiva översättningar tas med; detta är inte ett påstående om separat registrerat radbeslut för varje oförändrad post.",project-context,bff0e9249ac4ac4531defce1,reviewed-file-delivery,https://github.com/yeager/translations/blob/67e6d27877c9cfd6b6dbc74bd852b10bdbe09c3c/Codeberg Weblate/verified-components/translations/backintime/common/common_sv.po,65c0bdff60a18440a1284d35ca06d9bc77c5e655f20c7a2cd385b2e3937989ca,{}
16afd896b90551de833bc30c,Expert Options,Expertinställningar,Codeberg:backintime,common,,"Granskad filleverans. Endast färdiga, aktiva översättningar tas med; detta är inte ett påstående om separat registrerat radbeslut för varje oförändrad post.",project-context,7f1c2ee6f26bf28ff9b75c9f,reviewed-file-delivery,https://github.com/yeager/translations/blob/67e6d27877c9cfd6b6dbc74bd852b10bdbe09c3c/Codeberg Weblate/verified-components/translations/backintime/common/common_sv.po,65c0bdff60a18440a1284d35ca06d9bc77c5e655f20c7a2cd385b2e3937989ca,{}
18ad82c17b6c87a3e53f30c6,Automatic,Automatisk,Codeberg:backintime,common,,"Granskad filleverans. Endast färdiga, aktiva översättningar tas med; detta är inte ett påstående om separat registrerat radbeslut för varje oförändrad post.",project-context,7c7903b00b99b16e8dbca671,reviewed-file-delivery,https://github.com/yeager/translations/blob/67e6d27877c9cfd6b6dbc74bd852b10bdbe09c3c/Codeberg Weblate/verified-components/translations/backintime/common/common_sv.po,65c0bdff60a18440a1284d35ca06d9bc77c5e655f20c7a2cd385b2e3937989ca,{}
1943f20d08834cc0c45f77e5,Shortcuts,Genvägar,Codeberg:backintime,common,,"Granskad filleverans. Endast färdiga, aktiva översättningar tas med; detta är inte ett påstående om separat registrerat radbeslut för varje oförändrad post.",project-context,ebc7adfb86b97b4c2f7e0593,reviewed-file-delivery,https://github.com/yeager/translations/blob/67e6d27877c9cfd6b6dbc74bd852b10bdbe09c3c/Codeberg Weblate/verified-components/translations/backintime/common/common_sv.po,65c0bdff60a18440a1284d35ca06d9bc77c5e655f20c7a2cd385b2e3937989ca,{}
19e4180e3e6b8ee3698328db,Copyright:,Upphovsrätt:,Codeberg:backintime,common,,"Granskad filleverans. Endast färdiga, aktiva översättningar tas med; detta är inte ett påstående om separat registrerat radbeslut för varje oförändrad post.",project-context,ada6d25ac3f2ba809147b4aa,reviewed-file-delivery,https://github.com/yeager/translations/blob/67e6d27877c9cfd6b6dbc74bd852b10bdbe09c3c/Codeberg Weblate/verified-components/translations/backintime/common/common_sv.po,65c0bdff60a18440a1284d35ca06d9bc77c5e655f20c7a2cd385b2e3937989ca,{}
1a0961e1c2757baecd2f951c,View log of the selected backup.,Visa loggen för vald säkerhetskopia.,Codeberg:backintime,common,,"Granskad filleverans. Endast färdiga, aktiva översättningar tas med; detta är inte ett påstående om separat registrerat radbeslut för varje oförändrad post.",project-context,a4e96cfb733f09ec7d58f8bd,reviewed-file-delivery,https://github.com/yeager/translations/blob/67e6d27877c9cfd6b6dbc74bd852b10bdbe09c3c/Codeberg Weblate/verified-components/translations/backintime/common/common_sv.po,65c0bdff60a18440a1284d35ca06d9bc77c5e655f20c7a2cd385b2e3937989ca,{}
1af288509f9643b63f40f797,System runtime directories,System körtidkataloger,Codeberg:backintime,common,,"Granskad filleverans. Endast färdiga, aktiva översättningar tas med; detta är inte ett påstående om separat registrerat radbeslut för varje oförändrad post.",project-context,1911a1b7852e5af07ecf9562,reviewed-file-delivery,https://github.com/yeager/translations/blob/67e6d27877c9cfd6b6dbc74bd852b10bdbe09c3c/Codeberg Weblate/verified-components/translations/backintime/common/common_sv.po,65c0bdff60a18440a1284d35ca06d9bc77c5e655f20c7a2cd385b2e3937989ca,{}
1b8e4ac8a25029a33b8331ea,Caches & Temporary directories,Cacher & tillfälliga kataloger,Codeberg:backintime,common,,"Granskad filleverans. Endast färdiga, aktiva översättningar tas med; detta är inte ett påstående om separat registrerat radbeslut för varje oförändrad post.",project-context,ee56bfca49b30962257f9a54,reviewed-file-delivery,https://github.com/yeager/translations/blob/67e6d27877c9cfd6b6dbc74bd852b10bdbe09c3c/Codeberg Weblate/verified-components/translations/backintime/common/common_sv.po,65c0bdff60a18440a1284d35ca06d9bc77c5e655f20c7a2cd385b2e3937989ca,{}
1c50da9424df34b0f357fb74,Question,Fråga,Codeberg:backintime,common,,"Granskad filleverans. Endast färdiga, aktiva översättningar tas med; detta är inte ett påstående om separat registrerat radbeslut för varje oförändrad post.",project-context,01d0e1ce8d17eb05777794a8,reviewed-file-delivery,https://github.com/yeager/translations/blob/67e6d27877c9cfd6b6dbc74bd852b10bdbe09c3c/Codeberg Weblate/verified-components/translations/backintime/common/common_sv.po,65c0bdff60a18440a1284d35ca06d9bc77c5e655f20c7a2cd385b2e3937989ca,{}
1ccafc67c00e8d4f76c8fe63,Reset to predefined selection,Återställ till fördefinierat val,Codeberg:backintime,common,,"Granskad filleverans. Endast färdiga, aktiva översättningar tas med; detta är inte ett påstående om separat registrerat radbeslut för varje oförändrad post.",project-context,4c0e72fa9961a17902f61727,reviewed-file-delivery,https://github.com/yeager/translations/blob/67e6d27877c9cfd6b6dbc74bd852b10bdbe09c3c/Codeberg Weblate/verified-components/translations/backintime/common/common_sv.po,65c0bdff60a18440a1284d35ca06d9bc77c5e655f20c7a2cd385b2e3937989ca,{}
1d9f44e9624e81f40cabb41a,Kernel and process information,Kärn- och processinformation,Codeberg:backintime,common,,"Granskad filleverans. Endast färdiga, aktiva översättningar tas med; detta är inte ett påstående om separat registrerat radbeslut för varje oförändrad post.",project-context,43f3dbc0d089175aeafa15c3,reviewed-file-delivery,https://github.com/yeager/translations/blob/67e6d27877c9cfd6b6dbc74bd852b10bdbe09c3c/Codeberg Weblate/verified-components/translations/backintime/common/common_sv.po,65c0bdff60a18440a1284d35ca06d9bc77c5e655f20c7a2cd385b2e3937989ca,{}
1dafada682dfe29e9b8fa981,on local machine,på lokal maskin,Codeberg:backintime,common,,"Granskad filleverans. Endast färdiga, aktiva översättningar tas med; detta är inte ett påstående om separat registrerat radbeslut för varje oförändrad post.",project-context,c2942035536a3cfa91cf08dc,reviewed-file-delivery,https://github.com/yeager/translations/blob/67e6d27877c9cfd6b6dbc74bd852b10bdbe09c3c/Codeberg Weblate/verified-components/translations/backintime/common/common_sv.po,65c0bdff60a18440a1284d35ca06d9bc77c5e655f20c7a2cd385b2e3937989ca,{}
1eb794aa84e37aae7a59c923,User application cache,Användarens programcache,Codeberg:backintime,common,,"Granskad filleverans. Endast färdiga, aktiva översättningar tas med; detta är inte ett påstående om separat registrerat radbeslut för varje oförändrad post.",project-context,846ced62ec9d83dcea2aee08,reviewed-file-delivery,https://github.com/yeager/translations/blob/67e6d27877c9cfd6b6dbc74bd852b10bdbe09c3c/Codeberg Weblate/verified-components/translations/backintime/common/common_sv.po,65c0bdff60a18440a1284d35ca06d9bc77c5e655f20c7a2cd385b2e3937989ca,{}
1eda527b2ef733c5733246dc,Where to save backups,Var säkerhetskopiorna ska sparas,Codeberg:backintime,common,,"Granskad filleverans. Endast färdiga, aktiva översättningar tas med; detta är inte ett påstående om separat registrerat radbeslut för varje oförändrad post.",project-context,e3dfda51406027a0baeb5c82,reviewed-file-delivery,https://github.com/yeager/translations/blob/67e6d27877c9cfd6b6dbc74bd852b10bdbe09c3c/Codeberg Weblate/verified-components/translations/backintime/common/common_sv.po,65c0bdff60a18440a1284d35ca06d9bc77c5e655f20c7a2cd385b2e3937989ca,{}
1fbc8f4c592ca4e614eb5cc0,All,Alla,Codeberg:backintime,common,,"Granskad filleverans. Endast färdiga, aktiva översättningar tas med; detta är inte ett påstående om separat registrerat radbeslut för varje oförändrad post.",project-context,957ae3794680545a061d8fc3,reviewed-file-delivery,https://github.com/yeager/translations/blob/67e6d27877c9cfd6b6dbc74bd852b10bdbe09c3c/Codeberg Weblate/verified-components/translations/backintime/common/common_sv.po,65c0bdff60a18440a1284d35ca06d9bc77c5e655f20c7a2cd385b2e3937989ca,{}
1fc2999edf6e7ee6c62b840b,default,standard,Codeberg:backintime,common,,"Granskad filleverans. Endast färdiga, aktiva översättningar tas med; detta är inte ett påstående om separat registrerat radbeslut för varje oförändrad post.",project-context,e2b3ffc10f8ad22f2cf63ddb,reviewed-file-delivery,https://github.com/yeager/translations/blob/67e6d27877c9cfd6b6dbc74bd852b10bdbe09c3c/Codeberg Weblate/verified-components/translations/backintime/common/common_sv.po,65c0bdff60a18440a1284d35ca06d9bc77c5e655f20c7a2cd385b2e3937989ca,{}
2005ec728f7cf03da3dee6f4,all years.,alla år.,Codeberg:backintime,common,,"Granskad filleverans. Endast färdiga, aktiva översättningar tas med; detta är inte ett påstående om separat registrerat radbeslut för varje oförändrad post.",project-context,d973cd1de840f58d077176af,reviewed-file-delivery,https://github.com/yeager/translations/blob/67e6d27877c9cfd6b6dbc74bd852b10bdbe09c3c/Codeberg Weblate/verified-components/translations/backintime/common/common_sv.po,65c0bdff60a18440a1284d35ca06d9bc77c5e655f20c7a2cd385b2e3937989ca,{}
202b9acf2d71cb840cdf9f1e,Filesystem is read-only.,Filsystemet är skrivskyddat.,Codeberg:backintime,common,,"Granskad filleverans. Endast färdiga, aktiva översättningar tas med; detta är inte ett påstående om separat registrerat radbeslut för varje oförändrad post.",project-context,a53cc2aadf26b84916b1f54c,reviewed-file-delivery,https://github.com/yeager/translations/blob/67e6d27877c9cfd6b6dbc74bd852b10bdbe09c3c/Codeberg Weblate/verified-components/translations/backintime/common/common_sv.po,65c0bdff60a18440a1284d35ca06d9bc77c5e655f20c7a2cd385b2e3937989ca,{}
2294c38bc471cfe20f070f9b,user manual,användarmanual,Codeberg:backintime,common,,"Granskad filleverans. Endast färdiga, aktiva översättningar tas med; detta är inte ett påstående om separat registrerat radbeslut för varje oförändrad post.",project-context,4b5bbd83d087b8b74813d38d,reviewed-file-delivery,https://github.com/yeager/translations/blob/67e6d27877c9cfd6b6dbc74bd852b10bdbe09c3c/Codeberg Weblate/verified-components/translations/backintime/common/common_sv.po,65c0bdff60a18440a1284d35ca06d9bc77c5e655f20c7a2cd385b2e3937989ca,{}
2382fc68cb88f0072c268bd7,Manage profiles,Hantera profiler,Codeberg:backintime,common,,"Granskad filleverans. Endast färdiga, aktiva översättningar tas med; detta är inte ett påstående om separat registrerat radbeslut för varje oförändrad post.",project-context,4c3faa6e3461e227e7a9b83d,reviewed-file-delivery,https://github.com/yeager/translations/blob/67e6d27877c9cfd6b6dbc74bd852b10bdbe09c3c/Codeberg Weblate/verified-components/translations/backintime/common/common_sv.po,65c0bdff60a18440a1284d35ca06d9bc77c5e655f20c7a2cd385b2e3937989ca,{}
243653344f6b631799be77c6,Add pattern,Lägg till mönster,Codeberg:backintime,common,,"Granskad filleverans. Endast färdiga, aktiva översättningar tas med; detta är inte ett påstående om separat registrerat radbeslut för varje oförändrad post.",project-context,f12fd91b0b699c5cf22f36fd,reviewed-file-delivery,https://github.com/yeager/translations/blob/67e6d27877c9cfd6b6dbc74bd852b10bdbe09c3c/Codeberg Weblate/verified-components/translations/backintime/common/common_sv.po,65c0bdff60a18440a1284d35ca06d9bc77c5e655f20c7a2cd385b2e3937989ca,{}
24e9a33ea78542c287e276c2,Limit rsync bandwidth usage:,Bandbreddsbegränsning för rsync:,Codeberg:backintime,common,,"Granskad filleverans. Endast färdiga, aktiva översättningar tas med; detta är inte ett påstående om separat registrerat radbeslut för varje oförändrad post.",project-context,064a527d24419c48b5f4ec5b,reviewed-file-delivery,https://github.com/yeager/translations/blob/67e6d27877c9cfd6b6dbc74bd852b10bdbe09c3c/Codeberg Weblate/verified-components/translations/backintime/common/common_sv.po,65c0bdff60a18440a1284d35ca06d9bc77c5e655f20c7a2cd385b2e3937989ca,{}
25c93b5288d7b16c898a50ef,System temporary directory,Systemets temporära katalog,Codeberg:backintime,common,,"Granskad filleverans. Endast färdiga, aktiva översättningar tas med; detta är inte ett påstående om separat registrerat radbeslut för varje oförändrad post.",project-context,40a67ef7a6616e9c742dd5ce,reviewed-file-delivery,https://github.com/yeager/translations/blob/67e6d27877c9cfd6b6dbc74bd852b10bdbe09c3c/Codeberg Weblate/verified-components/translations/backintime/common/common_sv.po,65c0bdff60a18440a1284d35ca06d9bc77c5e655f20c7a2cd385b2e3937989ca,{}
25e1a97693d9ca6f4095c14f,Write access may be restricted.,Skrivåtkomst kan vara begränsad.,Codeberg:backintime,common,,"Granskad filleverans. Endast färdiga, aktiva översättningar tas med; detta är inte ett påstående om separat registrerat radbeslut för varje oförändrad post.",project-context,ae37b7cf139576cda1c51183,reviewed-file-delivery,https://github.com/yeager/translations/blob/67e6d27877c9cfd6b6dbc74bd852b10bdbe09c3c/Codeberg Weblate/verified-components/translations/backintime/common/common_sv.po,65c0bdff60a18440a1284d35ca06d9bc77c5e655f20c7a2cd385b2e3937989ca,{}
275b6a744a9700eae153bc42,Backup replaced files on restore,Säkerhetskopiera ersatta filer vid återställning,Codeberg:backintime,common,,"Granskad filleverans. Endast färdiga, aktiva översättningar tas med; detta är inte ett påstående om separat registrerat radbeslut för varje oförändrad post.",project-context,f944085dac0f08d45140b72e,reviewed-file-delivery,https://github.com/yeager/translations/blob/67e6d27877c9cfd6b6dbc74bd852b10bdbe09c3c/Codeberg Weblate/verified-components/translations/backintime/common/common_sv.po,65c0bdff60a18440a1284d35ca06d9bc77c5e655f20c7a2cd385b2e3937989ca,{}
28a14e706c64865de9c1b0df,Create a backup (checksum mode),Skapa en säkerhetskopia (med kontrollsumma),Codeberg:backintime,common,,"Granskad filleverans. Endast färdiga, aktiva översättningar tas med; detta är inte ett påstående om separat registrerat radbeslut för varje oförändrad post.",project-context,4c507a1547adcad1d09c9ad2,reviewed-file-delivery,https://github.com/yeager/translations/blob/67e6d27877c9cfd6b6dbc74bd852b10bdbe09c3c/Codeberg Weblate/verified-components/translations/backintime/common/common_sv.po,65c0bdff60a18440a1284d35ca06d9bc77c5e655f20c7a2cd385b2e3937989ca,{}
295ab7900d683ccadca48000,Errors,Fel,Codeberg:backintime,common,,"Granskad filleverans. Endast färdiga, aktiva översättningar tas med; detta är inte ett påstående om separat registrerat radbeslut för varje oförändrad post.",project-context,854869a7332628893f5b1295,reviewed-file-delivery,https://github.com/yeager/translations/blob/67e6d27877c9cfd6b6dbc74bd852b10bdbe09c3c/Codeberg Weblate/verified-components/translations/backintime/common/common_sv.po,65c0bdff60a18440a1284d35ca06d9bc77c5e655f20c7a2cd385b2e3937989ca,{}
2a630bbf655b6a6ddd9f68a1,Import,Importera,Codeberg:backintime,common,,"Granskad filleverans. Endast färdiga, aktiva översättningar tas med; detta är inte ett påstående om separat registrerat radbeslut för varje oförändrad post.",project-context,c8f30515e1c530746e3c0844,reviewed-file-delivery,https://github.com/yeager/translations/blob/67e6d27877c9cfd6b6dbc74bd852b10bdbe09c3c/Codeberg Weblate/verified-components/translations/backintime/common/common_sv.po,65c0bdff60a18440a1284d35ca06d9bc77c5e655f20c7a2cd385b2e3937989ca,{}
2aa305434ba9a0a6a555fdb3,Year(s),År,Codeberg:backintime,common,,"Granskad filleverans. Endast färdiga, aktiva översättningar tas med; detta är inte ett påstående om separat registrerat radbeslut för varje oförändrad post.",project-context,1ee32baa2b9f4df64db39cf2,reviewed-file-delivery,https://github.com/yeager/translations/blob/67e6d27877c9cfd6b6dbc74bd852b10bdbe09c3c/Codeberg Weblate/verified-components/translations/backintime/common/common_sv.po,65c0bdff60a18440a1284d35ca06d9bc77c5e655f20c7a2cd385b2e3937989ca,{}
2bb259acd68bf918d77e54a0,Working:,Arbetar:,Codeberg:backintime,common,,"Granskad filleverans. Endast färdiga, aktiva översättningar tas med; detta är inte ett påstående om separat registrerat radbeslut för varje oförändrad post.",project-context,5122c9ba44975a5b8bf1dc65,reviewed-file-delivery,https://github.com/yeager/translations/blob/67e6d27877c9cfd6b6dbc74bd852b10bdbe09c3c/Codeberg Weblate/verified-components/translations/backintime/common/common_sv.po,65c0bdff60a18440a1284d35ca06d9bc77c5e655f20c7a2cd385b2e3937989ca,{}
2c321060a065be6034a9c457,Differing backups only,Endast avvikande säkerhetskopior,Codeberg:backintime,common,,"Granskad filleverans. Endast färdiga, aktiva översättningar tas med; detta är inte ett påstående om separat registrerat radbeslut för varje oförändrad post.",project-context,d957b6d497d72b7e74f2e312,reviewed-file-delivery,https://github.com/yeager/translations/blob/67e6d27877c9cfd6b6dbc74bd852b10bdbe09c3c/Codeberg Weblate/verified-components/translations/backintime/common/common_sv.po,65c0bdff60a18440a1284d35ca06d9bc77c5e655f20c7a2cd385b2e3937989ca,{}
2c4967d186be6b90e10d5981,View log of the latest backup.,Visa logg av den senaste säkerhetskopian.,Codeberg:backintime,common,,"Granskad filleverans. Endast färdiga, aktiva översättningar tas med; detta är inte ett påstående om separat registrerat radbeslut för varje oförändrad post.",project-context,6484a33ae5193b51cc9b86c8,reviewed-file-delivery,https://github.com/yeager/translations/blob/67e6d27877c9cfd6b6dbc74bd852b10bdbe09c3c/Codeberg Weblate/verified-components/translations/backintime/common/common_sv.po,65c0bdff60a18440a1284d35ca06d9bc77c5e655f20c7a2cd385b2e3937989ca,{}
2c827c19fd570f8b25b8a2ac,SSH Proxy,Proxy-server för SSH,Codeberg:backintime,common,,"Granskad filleverans. Endast färdiga, aktiva översättningar tas med; detta är inte ett påstående om separat registrerat radbeslut för varje oförändrad post.",project-context,c4f63ff00144fd99223a8f5c,reviewed-file-delivery,https://github.com/yeager/translations/blob/67e6d27877c9cfd6b6dbc74bd852b10bdbe09c3c/Codeberg Weblate/verified-components/translations/backintime/common/common_sv.po,65c0bdff60a18440a1284d35ca06d9bc77c5e655f20c7a2cd385b2e3937989ca,{}
2ceadb45853754585146f698,Restore to …,Återställ till…,Codeberg:backintime,common,,"Granskad filleverans. Endast färdiga, aktiva översättningar tas med; detta är inte ett påstående om separat registrerat radbeslut för varje oförändrad post.",project-context,527c4faa0659e47c17d29b33,reviewed-file-delivery,https://github.com/yeager/translations/blob/67e6d27877c9cfd6b6dbc74bd852b10bdbe09c3c/Codeberg Weblate/verified-components/translations/backintime/common/common_sv.po,65c0bdff60a18440a1284d35ca06d9bc77c5e655f20c7a2cd385b2e3937989ca,{}
2cef2c9fafc6ad0c97b86cfb,Compare,Jämför,Codeberg:backintime,common,,"Granskad filleverans. Endast färdiga, aktiva översättningar tas med; detta är inte ett påstående om separat registrerat radbeslut för varje oförändrad post.",project-context,5273ba456c70d7c0c9832ce4,reviewed-file-delivery,https://github.com/yeager/translations/blob/67e6d27877c9cfd6b6dbc74bd852b10bdbe09c3c/Codeberg Weblate/verified-components/translations/backintime/common/common_sv.po,65c0bdff60a18440a1284d35ca06d9bc77c5e655f20c7a2cd385b2e3937989ca,{}
2d087910d3bad3e9f678eb4a,day(s).,dag(ar).,Codeberg:backintime,common,,"Granskad filleverans. Endast färdiga, aktiva översättningar tas med; detta är inte ett påstående om separat registrerat radbeslut för varje oförändrad post.",project-context,da3f6a2c1352c5ed7f3ff168,reviewed-file-delivery,https://github.com/yeager/translations/blob/67e6d27877c9cfd6b6dbc74bd852b10bdbe09c3c/Codeberg Weblate/verified-components/translations/backintime/common/common_sv.po,65c0bdff60a18440a1284d35ca06d9bc77c5e655f20c7a2cd385b2e3937989ca,{}
2d7e107c689f7b484e8f99b5,Could not verify rsync hardlink support.,Kunde inte verifiera rsync hårdlänk stöd.,Codeberg:backintime,common,,"Granskad filleverans. Endast färdiga, aktiva översättningar tas med; detta är inte ett påstående om separat registrerat radbeslut för varje oförändrad post.",project-context,6007a8e136f36fd5b76e7e20,reviewed-file-delivery,https://github.com/yeager/translations/blob/67e6d27877c9cfd6b6dbc74bd852b10bdbe09c3c/Codeberg Weblate/verified-components/translations/backintime/common/common_sv.po,65c0bdff60a18440a1284d35ca06d9bc77c5e655f20c7a2cd385b2e3937989ca,{}
2da3de6c88ba1e90333cc947,Save Password to Keyring,Spara lösenord till nyckelring,Codeberg:backintime,common,,"Granskad filleverans. Endast färdiga, aktiva översättningar tas med; detta är inte ett påstående om separat registrerat radbeslut för varje oförändrad post.",project-context,7aea7773c2ef27609e12c02e,reviewed-file-delivery,https://github.com/yeager/translations/blob/67e6d27877c9cfd6b6dbc74bd852b10bdbe09c3c/Codeberg Weblate/verified-components/translations/backintime/common/common_sv.po,65c0bdff60a18440a1284d35ca06d9bc77c5e655f20c7a2cd385b2e3937989ca,{}
2f45f8d1106d3fd24cbdf573,Month(s),Månad(er),Codeberg:backintime,common,,"Granskad filleverans. Endast färdiga, aktiva översättningar tas med; detta är inte ett påstående om separat registrerat radbeslut för varje oförändrad post.",project-context,8ff738b5e319c533cc83f7b9,reviewed-file-delivery,https://github.com/yeager/translations/blob/67e6d27877c9cfd6b6dbc74bd852b10bdbe09c3c/Codeberg Weblate/verified-components/translations/backintime/common/common_sv.po,65c0bdff60a18440a1284d35ca06d9bc77c5e655f20c7a2cd385b2e3937989ca,{}
2f8d025f5c15f159f8602d87,Mozilla Firefox & Thunderbird lock file,Mozilla Firefox & Thunderbirds låsfil,Codeberg:backintime,common,,"Granskad filleverans. Endast färdiga, aktiva översättningar tas med; detta är inte ett påstående om separat registrerat radbeslut för varje oförändrad post.",project-context,c60718bc974bc74ca4b0c53b,reviewed-file-delivery,https://github.com/yeager/translations/blob/67e6d27877c9cfd6b6dbc74bd852b10bdbe09c3c/Codeberg Weblate/verified-components/translations/backintime/common/common_sv.po,65c0bdff60a18440a1284d35ca06d9bc77c5e655f20c7a2cd385b2e3937989ca,{}
30826bcbbd338b1d560314ef,when taking a manual backup,när en manuell säkerhetskopiering görs,Codeberg:backintime,common,,"Granskad filleverans. Endast färdiga, aktiva översättningar tas med; detta är inte ett påstående om separat registrerat radbeslut för varje oförändrad post.",project-context,deedc22feb9abf8daecebbca,reviewed-file-delivery,https://github.com/yeager/translations/blob/67e6d27877c9cfd6b6dbc74bd852b10bdbe09c3c/Codeberg Weblate/verified-components/translations/backintime/common/common_sv.po,65c0bdff60a18440a1284d35ca06d9bc77c5e655f20c7a2cd385b2e3937989ca,{}
31497b70045437a91307e5d0,SSH authentication failed for:,SSH-autentisering misslyckades för:,Codeberg:backintime,common,,"Granskad filleverans. Endast färdiga, aktiva översättningar tas med; detta är inte ett påstående om separat registrerat radbeslut för varje oförändrad post.",project-context,645b89cf8c36c973861b93da,reviewed-file-delivery,https://github.com/yeager/translations/blob/67e6d27877c9cfd6b6dbc74bd852b10bdbe09c3c/Codeberg Weblate/verified-components/translations/backintime/common/common_sv.po,65c0bdff60a18440a1284d35ca06d9bc77c5e655f20c7a2cd385b2e3937989ca,{}
327b49c2c75179a851d32abe,Full days. Current day is ignored.,Hela dagar. Aktuell dag ignoreras.,Codeberg:backintime,common,,"Granskad filleverans. Endast färdiga, aktiva översättningar tas med; detta är inte ett påstående om separat registrerat radbeslut för varje oförändrad post.",project-context,48d6986b683191a497bc73fe,reviewed-file-delivery,https://github.com/yeager/translations/blob/67e6d27877c9cfd6b6dbc74bd852b10bdbe09c3c/Codeberg Weblate/verified-components/translations/backintime/common/common_sv.po,65c0bdff60a18440a1284d35ca06d9bc77c5e655f20c7a2cd385b2e3937989ca,{}
338ae16db8a966f6229770de,Add files,Lägg till filer,Codeberg:backintime,common,,"Granskad filleverans. Endast färdiga, aktiva översättningar tas med; detta är inte ett påstående om separat registrerat radbeslut för varje oförändrad post.",project-context,6d36f2fd45729c2d2d045f8f,reviewed-file-delivery,https://github.com/yeager/translations/blob/67e6d27877c9cfd6b6dbc74bd852b10bdbe09c3c/Codeberg Weblate/verified-components/translations/backintime/common/common_sv.po,65c0bdff60a18440a1284d35ca06d9bc77c5e655f20c7a2cd385b2e3937989ca,{}
35189e3c84767eadb75ae357,Versioned Backups (root),Versionsbaserade säkerhetskopior (root),Codeberg:backintime,common,,"Granskad filleverans. Endast färdiga, aktiva översättningar tas med; detta är inte ett påstående om separat registrerat radbeslut för varje oförändrad post.",project-context,c07c4ac44884ccdc5f23fb06,reviewed-file-delivery,https://github.com/yeager/translations/blob/67e6d27877c9cfd6b6dbc74bd852b10bdbe09c3c/Codeberg Weblate/verified-components/translations/backintime/common/common_sv.po,65c0bdff60a18440a1284d35ca06d9bc77c5e655f20c7a2cd385b2e3937989ca,{}
35b477a80a209157cb911644,Add prefix to SSH commands,Lägg till prefix till SSH-kommandon,Codeberg:backintime,common,,"Granskad filleverans. Endast färdiga, aktiva översättningar tas med; detta är inte ett påstående om separat registrerat radbeslut för varje oförändrad post.",project-context,c4e5a82dc464fe7da50be700,reviewed-file-delivery,https://github.com/yeager/translations/blob/67e6d27877c9cfd6b6dbc74bd852b10bdbe09c3c/Codeberg Weblate/verified-components/translations/backintime/common/common_sv.po,65c0bdff60a18440a1284d35ca06d9bc77c5e655f20c7a2cd385b2e3937989ca,{}
3605d35ab4f6075754c23f88,Changes,Ändringar,Codeberg:backintime,common,,"Granskad filleverans. Endast färdiga, aktiva översättningar tas med; detta är inte ett påstående om separat registrerat radbeslut för varje oförändrad post.",project-context,1671d79b6a093478f48a3f0d,reviewed-file-delivery,https://github.com/yeager/translations/blob/67e6d27877c9cfd6b6dbc74bd852b10bdbe09c3c/Codeberg Weblate/verified-components/translations/backintime/common/common_sv.po,65c0bdff60a18440a1284d35ca06d9bc77c5e655f20c7a2cd385b2e3937989ca,{}
364ee6fbb494cc3cfcf0fac3,Microsoft Office temporary files,Tillfälliga Microsoft Office-filer,Codeberg:backintime,common,,"Granskad filleverans. Endast färdiga, aktiva översättningar tas med; detta är inte ett påstående om separat registrerat radbeslut för varje oförändrad post.",project-context,f4cc119911125222e98cabc9,reviewed-file-delivery,https://github.com/yeager/translations/blob/67e6d27877c9cfd6b6dbc74bd852b10bdbe09c3c/Codeberg Weblate/verified-components/translations/backintime/common/common_sv.po,65c0bdff60a18440a1284d35ca06d9bc77c5e655f20c7a2cd385b2e3937989ca,{}
370d5cd6bfbfa815511522b1,Miscellaneous,Diverse,Codeberg:backintime,common,,"Granskad filleverans. Endast färdiga, aktiva översättningar tas med; detta är inte ett påstående om separat registrerat radbeslut för varje oförändrad post.",project-context,40b0392d989ceeaaeb786ed8,reviewed-file-delivery,https://github.com/yeager/translations/blob/67e6d27877c9cfd6b6dbc74bd852b10bdbe09c3c/Codeberg Weblate/verified-components/translations/backintime/common/common_sv.po,65c0bdff60a18440a1284d35ca06d9bc77c5e655f20c7a2cd385b2e3937989ca,{}
38610597e8497491b24aaa95,Speed:,Hastighet:,Codeberg:backintime,common,,"Granskad filleverans. Endast färdiga, aktiva översättningar tas med; detta är inte ett påstående om separat registrerat radbeslut för varje oförändrad post.",project-context,b8b1a6050805a2d4048f54d1,reviewed-file-delivery,https://github.com/yeager/translations/blob/67e6d27877c9cfd6b6dbc74bd852b10bdbe09c3c/Codeberg Weblate/verified-components/translations/backintime/common/common_sv.po,65c0bdff60a18440a1284d35ca06d9bc77c5e655f20c7a2cd385b2e3937989ca,{}
38e8b3e581f242bdb3a1f3a8,Hour(s),Timme(-ar),Codeberg:backintime,common,,"Granskad filleverans. Endast färdiga, aktiva översättningar tas med; detta är inte ett påstående om separat registrerat radbeslut för varje oförändrad post.",project-context,a1068b46bc80718293adbd73,reviewed-file-delivery,https://github.com/yeager/translations/blob/67e6d27877c9cfd6b6dbc74bd852b10bdbe09c3c/Codeberg Weblate/verified-components/translations/backintime/common/common_sv.po,65c0bdff60a18440a1284d35ca06d9bc77c5e655f20c7a2cd385b2e3937989ca,{}
3963c4b533244c5785a0cfdb,Unexpected error: ,Oväntat fel: ,Codeberg:backintime,common,,"Granskad filleverans. Endast färdiga, aktiva översättningar tas med; detta är inte ett påstående om separat registrerat radbeslut för varje oförändrad post.",project-context,66a6c7baf719f4a12c363805,reviewed-file-delivery,https://github.com/yeager/translations/blob/67e6d27877c9cfd6b6dbc74bd852b10bdbe09c3c/Codeberg Weblate/verified-components/translations/backintime/common/common_sv.po,65c0bdff60a18440a1284d35ca06d9bc77c5e655f20c7a2cd385b2e3937989ca,{}
3a1a86f3491a36e863f0bfd1,This month,Den här månaden,Codeberg:backintime,common,,"Granskad filleverans. Endast färdiga, aktiva översättningar tas med; detta är inte ett påstående om separat registrerat radbeslut för varje oförändrad post.",project-context,49ce5e53827f40a09fb1d376,reviewed-file-delivery,https://github.com/yeager/translations/blob/67e6d27877c9cfd6b6dbc74bd852b10bdbe09c3c/Codeberg Weblate/verified-components/translations/backintime/common/common_sv.po,65c0bdff60a18440a1284d35ca06d9bc77c5e655f20c7a2cd385b2e3937989ca,{}
3a8b6d849d32642a858a643c,Include directories,Inkludera mappar,Codeberg:backintime,common,,"Granskad filleverans. Endast färdiga, aktiva översättningar tas med; detta är inte ett påstående om separat registrerat radbeslut för varje oförändrad post.",project-context,db92ae278aa9d24bfbbbb9be,reviewed-file-delivery,https://github.com/yeager/translations/blob/67e6d27877c9cfd6b6dbc74bd852b10bdbe09c3c/Codeberg Weblate/verified-components/translations/backintime/common/common_sv.po,65c0bdff60a18440a1284d35ca06d9bc77c5e655f20c7a2cd385b2e3937989ca,{}
3ac242207b79fcc0341ca01c,Trying to keep min free space,Försöker att behålla minsta lediga utrymme,Codeberg:backintime,common,,"Granskad filleverans. Endast färdiga, aktiva översättningar tas med; detta är inte ett påstående om separat registrerat radbeslut för varje oförändrad post.",project-context,bb046b75a48080ae6a6f29cc,reviewed-file-delivery,https://github.com/yeager/translations/blob/67e6d27877c9cfd6b6dbc74bd852b10bdbe09c3c/Codeberg Weblate/verified-components/translations/backintime/common/common_sv.po,65c0bdff60a18440a1284d35ca06d9bc77c5e655f20c7a2cd385b2e3937989ca,{}
3b26bc0ec46c5f6ba7acedb3,Full backup path:,Fullständig genväg för säkerhetskopian:,Codeberg:backintime,common,,"Granskad filleverans. Endast färdiga, aktiva översättningar tas med; detta är inte ett påstående om separat registrerat radbeslut för varje oförändrad post.",project-context,52237ba09a3de436a8bedd3f,reviewed-file-delivery,https://github.com/yeager/translations/blob/67e6d27877c9cfd6b6dbc74bd852b10bdbe09c3c/Codeberg Weblate/verified-components/translations/backintime/common/common_sv.po,65c0bdff60a18440a1284d35ca06d9bc77c5e655f20c7a2cd385b2e3937989ca,{}
3e0bdcb66ff57f6ea17277e5,Restore permissions,Återställ behörigheter,Codeberg:backintime,common,,"Granskad filleverans. Endast färdiga, aktiva översättningar tas med; detta är inte ett påstående om separat registrerat radbeslut för varje oförändrad post.",project-context,f0d276b670948f916aae13d1,reviewed-file-delivery,https://github.com/yeager/translations/blob/67e6d27877c9cfd6b6dbc74bd852b10bdbe09c3c/Codeberg Weblate/verified-components/translations/backintime/common/common_sv.po,65c0bdff60a18440a1284d35ca06d9bc77c5e655f20c7a2cd385b2e3937989ca,{}
3f16b29ea19c8d66737a8daa,Remove backup,Ta bort säkerhetskopia,Codeberg:backintime,common,,"Granskad filleverans. Endast färdiga, aktiva översättningar tas med; detta är inte ett påstående om separat registrerat radbeslut för varje oförändrad post.",project-context,87edd219138eddb76ff38ec8,reviewed-file-delivery,https://github.com/yeager/translations/blob/67e6d27877c9cfd6b6dbc74bd852b10bdbe09c3c/Codeberg Weblate/verified-components/translations/backintime/common/common_sv.po,65c0bdff60a18440a1284d35ca06d9bc77c5e655f20c7a2cd385b2e3937989ca,{}
3fc8f81d56a2e94c2d634869,Every day,Varje dag,Codeberg:backintime,common,,"Granskad filleverans. Endast färdiga, aktiva översättningar tas med; detta är inte ett påstående om separat registrerat radbeslut för varje oförändrad post.",project-context,9c8a913459b37edb93cae8f1,reviewed-file-delivery,https://github.com/yeager/translations/blob/67e6d27877c9cfd6b6dbc74bd852b10bdbe09c3c/Codeberg Weblate/verified-components/translations/backintime/common/common_sv.po,65c0bdff60a18440a1284d35ca06d9bc77c5e655f20c7a2cd385b2e3937989ca,{}
3ffb8b664eaf54717b0c1b99,Password,Lösenord,Codeberg:backintime,common,,"Granskad filleverans. Endast färdiga, aktiva översättningar tas med; detta är inte ett påstående om separat registrerat radbeslut för varje oförändrad post.",project-context,0698f0eb74194a325555d78d,reviewed-file-delivery,https://github.com/yeager/translations/blob/67e6d27877c9cfd6b6dbc74bd852b10bdbe09c3c/Codeberg Weblate/verified-components/translations/backintime/common/common_sv.po,65c0bdff60a18440a1284d35ca06d9bc77c5e655f20c7a2cd385b2e3937989ca,{}
40206135a207eef53a8a7fd2,At every boot/reboot,Vid varje start/omstart,Codeberg:backintime,common,,"Granskad filleverans. Endast färdiga, aktiva översättningar tas med; detta är inte ett påstående om separat registrerat radbeslut för varje oförändrad post.",project-context,634f317002a8f51b0b393f50,reviewed-file-delivery,https://github.com/yeager/translations/blob/67e6d27877c9cfd6b6dbc74bd852b10bdbe09c3c/Codeberg Weblate/verified-components/translations/backintime/common/common_sv.po,65c0bdff60a18440a1284d35ca06d9bc77c5e655f20c7a2cd385b2e3937989ca,{}
410db87c4af8c1d90699d410,Search complete.,Sökning slutförd.,Codeberg:backintime,common,,"Granskad filleverans. Endast färdiga, aktiva översättningar tas med; detta är inte ett påstående om separat registrerat radbeslut för varje oförändrad post.",project-context,af0bf805780bd3b661489d3f,reviewed-file-delivery,https://github.com/yeager/translations/blob/67e6d27877c9cfd6b6dbc74bd852b10bdbe09c3c/Codeberg Weblate/verified-components/translations/backintime/common/common_sv.po,65c0bdff60a18440a1284d35ca06d9bc77c5e655f20c7a2cd385b2e3937989ca,{}
415bba28e64c34eeeffe65f0,Backup Log View,Logg-vy för Säkerhetskopia,Codeberg:backintime,common,,"Granskad filleverans. Endast färdiga, aktiva översättningar tas med; detta är inte ett påstående om separat registrerat radbeslut för varje oförändrad post.",project-context,f4d4b430904c7af1c0b9fb4a,reviewed-file-delivery,https://github.com/yeager/translations/blob/67e6d27877c9cfd6b6dbc74bd852b10bdbe09c3c/Codeberg Weblate/verified-components/translations/backintime/common/common_sv.po,65c0bdff60a18440a1284d35ca06d9bc77c5e655f20c7a2cd385b2e3937989ca,{}
450b5b2f7a15b71220994ba9,Exclude directories,Exkludera mappar,Codeberg:backintime,common,,"Granskad filleverans. Endast färdiga, aktiva översättningar tas med; detta är inte ett påstående om separat registrerat radbeslut för varje oförändrad post.",project-context,f1ee68378c8f924ecf98a216,reviewed-file-delivery,https://github.com/yeager/translations/blob/67e6d27877c9cfd6b6dbc74bd852b10bdbe09c3c/Codeberg Weblate/verified-components/translations/backintime/common/common_sv.po,65c0bdff60a18440a1284d35ca06d9bc77c5e655f20c7a2cd385b2e3937989ca,{}
45180018d38b95cd5633c8da,Power status not available from system,Strömstatus inte tillgängligt från system,Codeberg:backintime,common,,"Granskad filleverans. Endast färdiga, aktiva översättningar tas med; detta är inte ett påstående om separat registrerat radbeslut för varje oförändrad post.",project-context,d38bc35dc8338b8b9fb07a39,reviewed-file-delivery,https://github.com/yeager/translations/blob/67e6d27877c9cfd6b6dbc74bd852b10bdbe09c3c/Codeberg Weblate/verified-components/translations/backintime/common/common_sv.po,65c0bdff60a18440a1284d35ca06d9bc77c5e655f20c7a2cd385b2e3937989ca,{}
4696fc64ebd639b7ca683ca2,Preserve extended attributes (xattr),Behåll utökade attribut (xattr),Codeberg:backintime,common,,"Granskad filleverans. Endast färdiga, aktiva översättningar tas med; detta är inte ett påstående om separat registrerat radbeslut för varje oförändrad post.",project-context,63fcb6854c3c996dbaa5ef3a,reviewed-file-delivery,https://github.com/yeager/translations/blob/67e6d27877c9cfd6b6dbc74bd852b10bdbe09c3c/Codeberg Weblate/verified-components/translations/backintime/common/common_sv.po,65c0bdff60a18440a1284d35ca06d9bc77c5e655f20c7a2cd385b2e3937989ca,{}
47b1dd59d84bdb64522b4776,Translators:,Översättare:,Codeberg:backintime,common,,"Granskad filleverans. Endast färdiga, aktiva översättningar tas med; detta är inte ett påstående om separat registrerat radbeslut för varje oförändrad post.",project-context,a25251e8b5fd7cf27d6c4af0,reviewed-file-delivery,https://github.com/yeager/translations/blob/67e6d27877c9cfd6b6dbc74bd852b10bdbe09c3c/Codeberg Weblate/verified-components/translations/backintime/common/common_sv.po,65c0bdff60a18440a1284d35ca06d9bc77c5e655f20c7a2cd385b2e3937989ca,{}
47cda7943f1bc50e1a0fb7db,Output:,Utdata:,Codeberg:backintime,common,,"Granskad filleverans. Endast färdiga, aktiva översättningar tas med; detta är inte ett påstående om separat registrerat radbeslut för varje oförändrad post.",project-context,8d532b3072ad8c4339c46390,reviewed-file-delivery,https://github.com/yeager/translations/blob/67e6d27877c9cfd6b6dbc74bd852b10bdbe09c3c/Codeberg Weblate/verified-components/translations/backintime/common/common_sv.po,65c0bdff60a18440a1284d35ca06d9bc77c5e655f20c7a2cd385b2e3937989ca,{}
4817aef9e0a84de301a6abf6,Keep the most recent backup.,Behåll den mest senaste säkerhetskopian.,Codeberg:backintime,common,,"Granskad filleverans. Endast färdiga, aktiva översättningar tas med; detta är inte ett påstående om separat registrerat radbeslut för varje oförändrad post.",project-context,290cf3a9574df74f78329009,reviewed-file-delivery,https://github.com/yeager/translations/blob/67e6d27877c9cfd6b6dbc74bd852b10bdbe09c3c/Codeberg Weblate/verified-components/translations/backintime/common/common_sv.po,65c0bdff60a18440a1284d35ca06d9bc77c5e655f20c7a2cd385b2e3937989ca,{}
4a5a343ced50a1e0264331dc,Day:,Dag:,Codeberg:backintime,common,,"Granskad filleverans. Endast färdiga, aktiva översättningar tas med; detta är inte ett påstående om separat registrerat radbeslut för varje oförändrad post.",project-context,ad62e58d1fbf76ee0b9e90bf,reviewed-file-delivery,https://github.com/yeager/translations/blob/67e6d27877c9cfd6b6dbc74bd852b10bdbe09c3c/Codeberg Weblate/verified-components/translations/backintime/common/common_sv.po,65c0bdff60a18440a1284d35ca06d9bc77c5e655f20c7a2cd385b2e3937989ca,{}
4b5aa186386182b863b700ca,Working…,Arbetar…,Codeberg:backintime,common,,"Granskad filleverans. Endast färdiga, aktiva översättningar tas med; detta är inte ett påstående om separat registrerat radbeslut för varje oförändrad post.",project-context,e5a7c3611ba003dbf6da5cbf,reviewed-file-delivery,https://github.com/yeager/translations/blob/67e6d27877c9cfd6b6dbc74bd852b10bdbe09c3c/Codeberg Weblate/verified-components/translations/backintime/common/common_sv.po,65c0bdff60a18440a1284d35ca06d9bc77c5e655f20c7a2cd385b2e3937989ca,{}
4c0776d3e73b34470c547677,Disabled,Inaktiverad,Codeberg:backintime,common,,"Granskad filleverans. Endast färdiga, aktiva översättningar tas med; detta är inte ett påstående om separat registrerat radbeslut för varje oförändrad post.",project-context,122212cdf4833605dc21fb4e,reviewed-file-delivery,https://github.com/yeager/translations/blob/67e6d27877c9cfd6b6dbc74bd852b10bdbe09c3c/Codeberg Weblate/verified-components/translations/backintime/common/common_sv.po,65c0bdff60a18440a1284d35ca06d9bc77c5e655f20c7a2cd385b2e3937989ca,{}
4dfdd736c3632dca100d0b89,Go To,Gå till,Codeberg:backintime,common,,"Granskad filleverans. Endast färdiga, aktiva översättningar tas med; detta är inte ett påstående om separat registrerat radbeslut för varje oförändrad post.",project-context,75f42f95b72fb2699bb78134,reviewed-file-delivery,https://github.com/yeager/translations/blob/67e6d27877c9cfd6b6dbc74bd852b10bdbe09c3c/Codeberg Weblate/verified-components/translations/backintime/common/common_sv.po,65c0bdff60a18440a1284d35ca06d9bc77c5e655f20c7a2cd385b2e3937989ca,{}
4ec1ca76bca9fdf4ab983d24,man page: Back In Time,manual sida: Back In Time,Codeberg:backintime,common,,"Granskad filleverans. Endast färdiga, aktiva översättningar tas med; detta är inte ett påstående om separat registrerat radbeslut för varje oförändrad post.",project-context,b31a4551efeea27016fc0c49,reviewed-file-delivery,https://github.com/yeager/translations/blob/67e6d27877c9cfd6b6dbc74bd852b10bdbe09c3c/Codeberg Weblate/verified-components/translations/backintime/common/common_sv.po,65c0bdff60a18440a1284d35ca06d9bc77c5e655f20c7a2cd385b2e3937989ca,{}
511966983a6bdce0f438c11e,GNOME virtual file system mount point,GNOME virtuellt filsystem monteringpunkt,Codeberg:backintime,common,,"Granskad filleverans. Endast färdiga, aktiva översättningar tas med; detta är inte ett påstående om separat registrerat radbeslut för varje oförändrad post.",project-context,d3d4a74f69f6d7a55b230528,reviewed-file-delivery,https://github.com/yeager/translations/blob/67e6d27877c9cfd6b6dbc74bd852b10bdbe09c3c/Codeberg Weblate/verified-components/translations/backintime/common/common_sv.po,65c0bdff60a18440a1284d35ca06d9bc77c5e655f20c7a2cd385b2e3937989ca,{}
51c63e402d80d8a5d2c69936,Now,Nu,Codeberg:backintime,common,,"Granskad filleverans. Endast färdiga, aktiva översättningar tas med; detta är inte ett påstående om separat registrerat radbeslut för varje oförändrad post.",project-context,8f7670daa61eef318991bd6e,reviewed-file-delivery,https://github.com/yeager/translations/blob/67e6d27877c9cfd6b6dbc74bd852b10bdbe09c3c/Codeberg Weblate/verified-components/translations/backintime/common/common_sv.po,65c0bdff60a18440a1284d35ca06d9bc77c5e655f20c7a2cd385b2e3937989ca,{}
52d3a40b32b0216fd73f4c07,Text below icons,Text under ikoner,Codeberg:backintime,common,,"Granskad filleverans. Endast färdiga, aktiva översättningar tas med; detta är inte ett påstående om separat registrerat radbeslut för varje oförändrad post.",project-context,9329ec27f7cc4a94d0b47743,reviewed-file-delivery,https://github.com/yeager/translations/blob/67e6d27877c9cfd6b6dbc74bd852b10bdbe09c3c/Codeberg Weblate/verified-components/translations/backintime/common/common_sv.po,65c0bdff60a18440a1284d35ca06d9bc77c5e655f20c7a2cd385b2e3937989ca,{}
53788aaee89c9c197d314797,Show/hide hidden directories (Ctrl+H),Visa/göm dolda mappar (Ctrl+H),Codeberg:backintime,common,,"Granskad filleverans. Endast färdiga, aktiva översättningar tas med; detta är inte ett påstående om separat registrerat radbeslut för varje oförändrad post.",project-context,85e2145d432c7f562f9fc2df,reviewed-file-delivery,https://github.com/yeager/translations/blob/67e6d27877c9cfd6b6dbc74bd852b10bdbe09c3c/Codeberg Weblate/verified-components/translations/backintime/common/common_sv.po,65c0bdff60a18440a1284d35ca06d9bc77c5e655f20c7a2cd385b2e3937989ca,{}
53c8d93a100a38cce4771b4b,Open backup log,Öppna säkerhetskopieringsloggen,Codeberg:backintime,common,,"Granskad filleverans. Endast färdiga, aktiva översättningar tas med; detta är inte ett påstående om separat registrerat radbeslut för varje oförändrad post.",project-context,ba21df344212d1ffb897b085,reviewed-file-delivery,https://github.com/yeager/translations/blob/67e6d27877c9cfd6b6dbc74bd852b10bdbe09c3c/Codeberg Weblate/verified-components/translations/backintime/common/common_sv.po,65c0bdff60a18440a1284d35ca06d9bc77c5e655f20c7a2cd385b2e3937989ca,{}
540ed6c5e8e63b946c21e013,Import configuration,Importera konfiguration,Codeberg:backintime,common,,"Granskad filleverans. Endast färdiga, aktiva översättningar tas med; detta är inte ett påstående om separat registrerat radbeslut för varje oförändrad post.",project-context,c5d7e4c616adc69830c2c8c9,reviewed-file-delivery,https://github.com/yeager/translations/blob/67e6d27877c9cfd6b6dbc74bd852b10bdbe09c3c/Codeberg Weblate/verified-components/translations/backintime/common/common_sv.po,65c0bdff60a18440a1284d35ca06d9bc77c5e655f20c7a2cd385b2e3937989ca,{}
541c697dce48eab8fdf1078f,Website,Webbsida,Codeberg:backintime,common,,"Granskad filleverans. Endast färdiga, aktiva översättningar tas med; detta är inte ett påstående om separat registrerat radbeslut för varje oförändrad post.",project-context,00d6df735c168abb2f95d7cb,reviewed-file-delivery,https://github.com/yeager/translations/blob/67e6d27877c9cfd6b6dbc74bd852b10bdbe09c3c/Codeberg Weblate/verified-components/translations/backintime/common/common_sv.po,65c0bdff60a18440a1284d35ca06d9bc77c5e655f20c7a2cd385b2e3937989ca,{}
547393d2cd8967ee72c67a2c,Path:,Sökväg:,Codeberg:backintime,common,,"Granskad filleverans. Endast färdiga, aktiva översättningar tas med; detta är inte ett påstående om separat registrerat radbeslut för varje oförändrad post.",project-context,2a63175bb4d86145df53bf5e,reviewed-file-delivery,https://github.com/yeager/translations/blob/67e6d27877c9cfd6b6dbc74bd852b10bdbe09c3c/Codeberg Weblate/verified-components/translations/backintime/common/common_sv.po,65c0bdff60a18440a1284d35ca06d9bc77c5e655f20c7a2cd385b2e3937989ca,{}
55bcae0c8add0e7c8ec5014d,Emacs autosave files,Emacs automatiskt sparade filer,Codeberg:backintime,common,,"Granskad filleverans. Endast färdiga, aktiva översättningar tas med; detta är inte ett påstående om separat registrerat radbeslut för varje oförändrad post.",project-context,bdda6868fe4ad93e69ed0c78,reviewed-file-delivery,https://github.com/yeager/translations/blob/67e6d27877c9cfd6b6dbc74bd852b10bdbe09c3c/Codeberg Weblate/verified-components/translations/backintime/common/common_sv.po,65c0bdff60a18440a1284d35ca06d9bc77c5e655f20c7a2cd385b2e3937989ca,{}
57c50c94f1f615629bd21590,User manual,Användarmanual,Codeberg:backintime,common,,"Granskad filleverans. Endast färdiga, aktiva översättningar tas med; detta är inte ett påstående om separat registrerat radbeslut för varje oförändrad post.",project-context,dfb159417ab09a906df5855b,reviewed-file-delivery,https://github.com/yeager/translations/blob/67e6d27877c9cfd6b6dbc74bd852b10bdbe09c3c/Codeberg Weblate/verified-components/translations/backintime/common/common_sv.po,65c0bdff60a18440a1284d35ca06d9bc77c5e655f20c7a2cd385b2e3937989ca,{}
58b05ef7adea68c619d99f8c,Remove,Ta bort,Codeberg:backintime,common,,"Granskad filleverans. Endast färdiga, aktiva översättningar tas med; detta är inte ett påstående om separat registrerat radbeslut för varje oförändrad post.",project-context,9d834e0e73502d6d5f4f05be,reviewed-file-delivery,https://github.com/yeager/translations/blob/67e6d27877c9cfd6b6dbc74bd852b10bdbe09c3c/Codeberg Weblate/verified-components/translations/backintime/common/common_sv.po,65c0bdff60a18440a1284d35ca06d9bc77c5e655f20c7a2cd385b2e3937989ca,{}
59a4f537a13d2e0f984c8416,Project website,Projektets webbplats,Codeberg:backintime,common,,"Granskad filleverans. Endast färdiga, aktiva översättningar tas med; detta är inte ett påstående om separat registrerat radbeslut för varje oförändrad post.",project-context,8bb43797967c6efd8b4827da,reviewed-file-delivery,https://github.com/yeager/translations/blob/67e6d27877c9cfd6b6dbc74bd852b10bdbe09c3c/Codeberg Weblate/verified-components/translations/backintime/common/common_sv.po,65c0bdff60a18440a1284d35ca06d9bc77c5e655f20c7a2cd385b2e3937989ca,{}
5ba5234fda3db4f68ac900b1,Remove newer elements in original directory.,Ta bort nyare element i den ursprungliga katalogen.,Codeberg:backintime,common,,"Granskad filleverans. Endast färdiga, aktiva översättningar tas med; detta är inte ett påstående om separat registrerat radbeslut för varje oförändrad post.",project-context,e069d4e60d6242c8ca5ff601,reviewed-file-delivery,https://github.com/yeager/translations/blob/67e6d27877c9cfd6b6dbc74bd852b10bdbe09c3c/Codeberg Weblate/verified-components/translations/backintime/common/common_sv.po,65c0bdff60a18440a1284d35ca06d9bc77c5e655f20c7a2cd385b2e3937989ca,{}
5c01a3e1df0007192e0b7481,About,Om,Codeberg:backintime,common,,"Granskad filleverans. Endast färdiga, aktiva översättningar tas med; detta är inte ett påstående om separat registrerat radbeslut för varje oförändrad post.",project-context,07bfb697209400ad848fc4bd,reviewed-file-delivery,https://github.com/yeager/translations/blob/67e6d27877c9cfd6b6dbc74bd852b10bdbe09c3c/Codeberg Weblate/verified-components/translations/backintime/common/common_sv.po,65c0bdff60a18440a1284d35ca06d9bc77c5e655f20c7a2cd385b2e3937989ca,{}
5c4957f82da9c32d032fdaba,Take snapshot,Ta ögonblicksavbild,Codeberg:backintime,common,,"Granskad filleverans. Endast färdiga, aktiva översättningar tas med; detta är inte ett påstående om separat registrerat radbeslut för varje oförändrad post.",project-context,49da5643fe5975fce5cb8a1d,reviewed-file-delivery,https://github.com/yeager/translations/blob/67e6d27877c9cfd6b6dbc74bd852b10bdbe09c3c/Codeberg Weblate/verified-components/translations/backintime/common/common_sv.po,65c0bdff60a18440a1284d35ca06d9bc77c5e655f20c7a2cd385b2e3937989ca,{}
5ca1966123ca982863347bdc,Text only,Endast text,Codeberg:backintime,common,,"Granskad filleverans. Endast färdiga, aktiva översättningar tas med; detta är inte ett påstående om separat registrerat radbeslut för varje oförändrad post.",project-context,bec19fbbb6a82d973ac9eeec,reviewed-file-delivery,https://github.com/yeager/translations/blob/67e6d27877c9cfd6b6dbc74bd852b10bdbe09c3c/Codeberg Weblate/verified-components/translations/backintime/common/common_sv.po,65c0bdff60a18440a1284d35ca06d9bc77c5e655f20c7a2cd385b2e3937989ca,{}
5d1fe5aa53dfdf38134b123b,Emacs backup files,Emacs säkerhetskopieringsfiler,Codeberg:backintime,common,,"Granskad filleverans. Endast färdiga, aktiva översättningar tas med; detta är inte ett påstående om separat registrerat radbeslut för varje oförändrad post.",project-context,5905a8becce57b959cec0a6a,reviewed-file-delivery,https://github.com/yeager/translations/blob/67e6d27877c9cfd6b6dbc74bd852b10bdbe09c3c/Codeberg Weblate/verified-components/translations/backintime/common/common_sv.po,65c0bdff60a18440a1284d35ca06d9bc77c5e655f20c7a2cd385b2e3937989ca,{}
5d872e8227a7a95c6097b245,ETA:,Tid kvar:,Codeberg:backintime,common,,"Granskad filleverans. Endast färdiga, aktiva översättningar tas med; detta är inte ett påstående om separat registrerat radbeslut för varje oförändrad post.",project-context,bfce92353a5210bbd2b4865e,reviewed-file-delivery,https://github.com/yeager/translations/blob/67e6d27877c9cfd6b6dbc74bd852b10bdbe09c3c/Codeberg Weblate/verified-components/translations/backintime/common/common_sv.po,65c0bdff60a18440a1284d35ca06d9bc77c5e655f20c7a2cd385b2e3937989ca,{}
5e8059315acc1ba16b180691,Use checksums for file change detection.,Använd kontrollsumma för att upptäcka förändringar.,Codeberg:backintime,common,,"Granskad filleverans. Endast färdiga, aktiva översättningar tas med; detta är inte ett påstående om separat registrerat radbeslut för varje oförändrad post.",project-context,812cfcec308981b841eaa6d4,reviewed-file-delivery,https://github.com/yeager/translations/blob/67e6d27877c9cfd6b6dbc74bd852b10bdbe09c3c/Codeberg Weblate/verified-components/translations/backintime/common/common_sv.po,65c0bdff60a18440a1284d35ca06d9bc77c5e655f20c7a2cd385b2e3937989ca,{}
5eae3d4937b1370cc1824c7c,&Options,Inställningar,Codeberg:backintime,common,,"Granskad filleverans. Endast färdiga, aktiva översättningar tas med; detta är inte ett påstående om separat registrerat radbeslut för varje oförändrad post.",project-context,f1712f8e077724aa6de91ed6,reviewed-file-delivery,https://github.com/yeager/translations/blob/67e6d27877c9cfd6b6dbc74bd852b10bdbe09c3c/Codeberg Weblate/verified-components/translations/backintime/common/common_sv.po,65c0bdff60a18440a1284d35ca06d9bc77c5e655f20c7a2cd385b2e3937989ca,{}
606f883b46fcfe4725b0b1cc,KB/sec,KB/s,Codeberg:backintime,common,,"Granskad filleverans. Endast färdiga, aktiva översättningar tas med; detta är inte ett påstående om separat registrerat radbeslut för varje oförändrad post.",project-context,ece018d000ce0de487400ed4,reviewed-file-delivery,https://github.com/yeager/translations/blob/67e6d27877c9cfd6b6dbc74bd852b10bdbe09c3c/Codeberg Weblate/verified-components/translations/backintime/common/common_sv.po,65c0bdff60a18440a1284d35ca06d9bc77c5e655f20c7a2cd385b2e3937989ca,{}
614b68d1059c093e79a59815,Restore Config,Återställ konfiguration,Codeberg:backintime,common,,"Granskad filleverans. Endast färdiga, aktiva översättningar tas med; detta är inte ett påstående om separat registrerat radbeslut för varje oförändrad post.",project-context,057cb488859dcf8608e887e3,reviewed-file-delivery,https://github.com/yeager/translations/blob/67e6d27877c9cfd6b6dbc74bd852b10bdbe09c3c/Codeberg Weblate/verified-components/translations/backintime/common/common_sv.po,65c0bdff60a18440a1284d35ca06d9bc77c5e655f20c7a2cd385b2e3937989ca,{}
6273d509844064e5d7174977,Creation failed:,Skapandet misslyckades:,Codeberg:backintime,common,,"Granskad filleverans. Endast färdiga, aktiva översättningar tas med; detta är inte ett påstående om separat registrerat radbeslut för varje oförändrad post.",project-context,70b7fc9cb1160b0fbf8b053c,reviewed-file-delivery,https://github.com/yeager/translations/blob/67e6d27877c9cfd6b6dbc74bd852b10bdbe09c3c/Codeberg Weblate/verified-components/translations/backintime/common/common_sv.po,65c0bdff60a18440a1284d35ca06d9bc77c5e655f20c7a2cd385b2e3937989ca,{}
62b3e62e1d836e69a0c6a0ed,Open rsync man page,Öppna rsyncs manualsida,Codeberg:backintime,common,,"Granskad filleverans. Endast färdiga, aktiva översättningar tas med; detta är inte ett påstående om separat registrerat radbeslut för varje oförändrad post.",project-context,3b80883a9c642b980251dcfc,reviewed-file-delivery,https://github.com/yeager/translations/blob/67e6d27877c9cfd6b6dbc74bd852b10bdbe09c3c/Codeberg Weblate/verified-components/translations/backintime/common/common_sv.po,65c0bdff60a18440a1284d35ca06d9bc77c5e655f20c7a2cd385b2e3937989ca,{}
65bbb8942a999dbe20baa196,Warning,Varning,Codeberg:backintime,common,,"Granskad filleverans. Endast färdiga, aktiva översättningar tas med; detta är inte ett påstående om separat registrerat radbeslut för varje oförändrad post.",project-context,ff5ad92d7e4c31b013c95958,reviewed-file-delivery,https://github.com/yeager/translations/blob/67e6d27877c9cfd6b6dbc74bd852b10bdbe09c3c/Codeberg Weblate/verified-components/translations/backintime/common/common_sv.po,65c0bdff60a18440a1284d35ca06d9bc77c5e655f20c7a2cd385b2e3937989ca,{}
668ff9899909434c11d4e94e,Discord session lock file,Discordsessionens låsfil,Codeberg:backintime,common,,"Granskad filleverans. Endast färdiga, aktiva översättningar tas med; detta är inte ett påstående om separat registrerat radbeslut för varje oförändrad post.",project-context,fd46f70280d2c9cbb8a9758b,reviewed-file-delivery,https://github.com/yeager/translations/blob/67e6d27877c9cfd6b6dbc74bd852b10bdbe09c3c/Codeberg Weblate/verified-components/translations/backintime/common/common_sv.po,65c0bdff60a18440a1284d35ca06d9bc77c5e655f20c7a2cd385b2e3937989ca,{}
66ff534434ada28e6724d3e7,Backups:,Säkerhetskopior:,Codeberg:backintime,common,,"Granskad filleverans. Endast färdiga, aktiva översättningar tas med; detta är inte ett påstående om separat registrerat radbeslut för varje oförändrad post.",project-context,08cb95fdbd7542208ae9c5a3,reviewed-file-delivery,https://github.com/yeager/translations/blob/67e6d27877c9cfd6b6dbc74bd852b10bdbe09c3c/Codeberg Weblate/verified-components/translations/backintime/common/common_sv.po,65c0bdff60a18440a1284d35ca06d9bc77c5e655f20c7a2cd385b2e3937989ca,{}
678597b5d256aa3729958e79,Done,Färdig,Codeberg:backintime,common,,"Granskad filleverans. Endast färdiga, aktiva översättningar tas med; detta är inte ett påstående om separat registrerat radbeslut för varje oförändrad post.",project-context,9124c753b6ba954bfdacc7f9,reviewed-file-delivery,https://github.com/yeager/translations/blob/67e6d27877c9cfd6b6dbc74bd852b10bdbe09c3c/Codeberg Weblate/verified-components/translations/backintime/common/common_sv.po,65c0bdff60a18440a1284d35ca06d9bc77c5e655f20c7a2cd385b2e3937989ca,{}
682f37f6f02f682a01d03668,Exclude files,Exkludera filer,Codeberg:backintime,common,,"Granskad filleverans. Endast färdiga, aktiva översättningar tas med; detta är inte ett påstående om separat registrerat radbeslut för varje oförändrad post.",project-context,175f063862bf956560ab151c,reviewed-file-delivery,https://github.com/yeager/translations/blob/67e6d27877c9cfd6b6dbc74bd852b10bdbe09c3c/Codeberg Weblate/verified-components/translations/backintime/common/common_sv.po,65c0bdff60a18440a1284d35ca06d9bc77c5e655f20c7a2cd385b2e3937989ca,{}
6971b805d1a06e105421b0c0,SSH private key,Privat SSH-nyckel,Codeberg:backintime,common,,"Granskad filleverans. Endast färdiga, aktiva översättningar tas med; detta är inte ett påstående om separat registrerat radbeslut för varje oförändrad post.",project-context,bdf709a410b6edc7e9f79f00,reviewed-file-delivery,https://github.com/yeager/translations/blob/67e6d27877c9cfd6b6dbc74bd852b10bdbe09c3c/Codeberg Weblate/verified-components/translations/backintime/common/common_sv.po,65c0bdff60a18440a1284d35ca06d9bc77c5e655f20c7a2cd385b2e3937989ca,{}
6a0199976fa1eedc31c908a0,Success,Lyckades,Codeberg:backintime,common,,"Granskad filleverans. Endast färdiga, aktiva översättningar tas med; detta är inte ett påstående om separat registrerat radbeslut för varje oförändrad post.",project-context,097e47a8967d8e0d83ec8b32,reviewed-file-delivery,https://github.com/yeager/translations/blob/67e6d27877c9cfd6b6dbc74bd852b10bdbe09c3c/Codeberg Weblate/verified-components/translations/backintime/common/common_sv.po,65c0bdff60a18440a1284d35ca06d9bc77c5e655f20c7a2cd385b2e3937989ca,{}
6acc0cac67c125ad9901c7d0,Failed to add SSH key.,Misslyckades med att lägga till SSH-nyckel.,Codeberg:backintime,common,,"Granskad filleverans. Endast färdiga, aktiva översättningar tas med; detta är inte ett påstående om separat registrerat radbeslut för varje oförändrad post.",project-context,5eb309c632647bf4e27d0109,reviewed-file-delivery,https://github.com/yeager/translations/blob/67e6d27877c9cfd6b6dbc74bd852b10bdbe09c3c/Codeberg Weblate/verified-components/translations/backintime/common/common_sv.po,65c0bdff60a18440a1284d35ca06d9bc77c5e655f20c7a2cd385b2e3937989ca,{}
6b1c00459e005de356862366,Redirect stdout to /dev/null in cronjobs.,Omdirigera stdout till /dev/null i cronjobb.,Codeberg:backintime,common,,"Granskad filleverans. Endast färdiga, aktiva översättningar tas med; detta är inte ett påstående om separat registrerat radbeslut för varje oförändrad post.",project-context,24ba1bc3c281ca7f77bc1c6e,reviewed-file-delivery,https://github.com/yeager/translations/blob/67e6d27877c9cfd6b6dbc74bd852b10bdbe09c3c/Codeberg Weblate/verified-components/translations/backintime/common/common_sv.po,65c0bdff60a18440a1284d35ca06d9bc77c5e655f20c7a2cd385b2e3937989ca,{}
6c247f4a77ce08aed5656829,Changelog,Ändringslogg,Codeberg:backintime,common,,"Granskad filleverans. Endast färdiga, aktiva översättningar tas med; detta är inte ett påstående om separat registrerat radbeslut för varje oförändrad post.",project-context,7cc0ca75ed5b49f47a7e6f4c,reviewed-file-delivery,https://github.com/yeager/translations/blob/67e6d27877c9cfd6b6dbc74bd852b10bdbe09c3c/Codeberg Weblate/verified-components/translations/backintime/common/common_sv.po,65c0bdff60a18440a1284d35ca06d9bc77c5e655f20c7a2cd385b2e3937989ca,{}
6e056180edeae1a1e2478ca3,sshfs is not installed,sshfs är inte installerat,Codeberg:backintime,common,,"Granskad filleverans. Endast färdiga, aktiva översättningar tas med; detta är inte ett påstående om separat registrerat radbeslut för varje oförändrad post.",project-context,ac298f2e1a428e3ff838198a,reviewed-file-delivery,https://github.com/yeager/translations/blob/67e6d27877c9cfd6b6dbc74bd852b10bdbe09c3c/Codeberg Weblate/verified-components/translations/backintime/common/common_sv.po,65c0bdff60a18440a1284d35ca06d9bc77c5e655f20c7a2cd385b2e3937989ca,{}
6eabcfa99f02de623abfd642,Edit user-callback,Redigera user-callback,Codeberg:backintime,common,,"Granskad filleverans. Endast färdiga, aktiva översättningar tas med; detta är inte ett påstående om separat registrerat radbeslut för varje oförändrad post.",project-context,b28f63ff14fa5ff9858fed5a,reviewed-file-delivery,https://github.com/yeager/translations/blob/67e6d27877c9cfd6b6dbc74bd852b10bdbe09c3c/Codeberg Weblate/verified-components/translations/backintime/common/common_sv.po,65c0bdff60a18440a1284d35ca06d9bc77c5e655f20c7a2cd385b2e3937989ca,{}
6fa4991e49cbb51c8f69c9d4,SSH (encrypted),SSH (krypterad),Codeberg:backintime,common,,"Granskad filleverans. Endast färdiga, aktiva översättningar tas med; detta är inte ett påstående om separat registrerat radbeslut för varje oförändrad post.",project-context,3f91218f52dcbe0c19669122,reviewed-file-delivery,https://github.com/yeager/translations/blob/67e6d27877c9cfd6b6dbc74bd852b10bdbe09c3c/Codeberg Weblate/verified-components/translations/backintime/common/common_sv.po,65c0bdff60a18440a1284d35ca06d9bc77c5e655f20c7a2cd385b2e3937989ca,{}
6ffbcede2dcc81f60c72c16d,Package cache for Debian(-based) GNU/Linux distributions,Paketcache för Debian(-baserade) GNU/Linux-distributioner,Codeberg:backintime,common,,"Granskad filleverans. Endast färdiga, aktiva översättningar tas med; detta är inte ett påstående om separat registrerat radbeslut för varje oförändrad post.",project-context,bae3c48af695f323ebc79afd,reviewed-file-delivery,https://github.com/yeager/translations/blob/67e6d27877c9cfd6b6dbc74bd852b10bdbe09c3c/Codeberg Weblate/verified-components/translations/backintime/common/common_sv.po,65c0bdff60a18440a1284d35ca06d9bc77c5e655f20c7a2cd385b2e3937989ca,{}
70032b69b1762bc947b9bad5,Please install it and try again.,Vänligen installera det och försök igen.,Codeberg:backintime,common,,"Granskad filleverans. Endast färdiga, aktiva översättningar tas med; detta är inte ett påstående om separat registrerat radbeslut för varje oförändrad post.",project-context,2324b5c10dff34bee5986f70,reviewed-file-delivery,https://github.com/yeager/translations/blob/67e6d27877c9cfd6b6dbc74bd852b10bdbe09c3c/Codeberg Weblate/verified-components/translations/backintime/common/common_sv.po,65c0bdff60a18440a1284d35ca06d9bc77c5e655f20c7a2cd385b2e3937989ca,{}
71c52ccc22837269d14c6f6d,Every:,Varje:,Codeberg:backintime,common,,"Granskad filleverans. Endast färdiga, aktiva översättningar tas med; detta är inte ett påstående om separat registrerat radbeslut för varje oförändrad post.",project-context,ac096f4adf3e24dc22cfd08f,reviewed-file-delivery,https://github.com/yeager/translations/blob/67e6d27877c9cfd6b6dbc74bd852b10bdbe09c3c/Codeberg Weblate/verified-components/translations/backintime/common/common_sv.po,65c0bdff60a18440a1284d35ca06d9bc77c5e655f20c7a2cd385b2e3937989ca,{}
7208cd6c9341aeeb70d49fd8,Continue on errors (keep incomplete backups),Fortsätt vid fel (behåll inte säkerhetskopior som inte är slutförda),Codeberg:backintime,common,,"Granskad filleverans. Endast färdiga, aktiva översättningar tas med; detta är inte ett påstående om separat registrerat radbeslut för varje oförändrad post.",project-context,4ddc77525ecfe988d6cbcacf,reviewed-file-delivery,https://github.com/yeager/translations/blob/67e6d27877c9cfd6b6dbc74bd852b10bdbe09c3c/Codeberg Weblate/verified-components/translations/backintime/common/common_sv.po,65c0bdff60a18440a1284d35ca06d9bc77c5e655f20c7a2cd385b2e3937989ca,{}
7257f0d2617bc126b1ff3062,Countdown to Shutdown,Nedräkning till avstängning,Codeberg:backintime,common,,"Granskad filleverans. Endast färdiga, aktiva översättningar tas med; detta är inte ett påstående om separat registrerat radbeslut för varje oförändrad post.",project-context,b60f1878ef9a1739d51cd262,reviewed-file-delivery,https://github.com/yeager/translations/blob/67e6d27877c9cfd6b6dbc74bd852b10bdbe09c3c/Codeberg Weblate/verified-components/translations/backintime/common/common_sv.po,65c0bdff60a18440a1284d35ca06d9bc77c5e655f20c7a2cd385b2e3937989ca,{}
7287e7ab9bea0d1138c57d0a,Saving permissions…,Sparar behörigheter…,Codeberg:backintime,common,,"Granskad filleverans. Endast färdiga, aktiva översättningar tas med; detta är inte ett påstående om separat registrerat radbeslut för varje oförändrad post.",project-context,e28f84846b024f02f94f68cc,reviewed-file-delivery,https://github.com/yeager/translations/blob/67e6d27877c9cfd6b6dbc74bd852b10bdbe09c3c/Codeberg Weblate/verified-components/translations/backintime/common/common_sv.po,65c0bdff60a18440a1284d35ca06d9bc77c5e655f20c7a2cd385b2e3937989ca,{}
769d8f11418f37489eaafa63,Vim swap files,Vim swap-filer,Codeberg:backintime,common,,"Granskad filleverans. Endast färdiga, aktiva översättningar tas med; detta är inte ett påstående om separat registrerat radbeslut för varje oförändrad post.",project-context,e530fec9bcda7c8765f9a546,reviewed-file-delivery,https://github.com/yeager/translations/blob/67e6d27877c9cfd6b6dbc74bd852b10bdbe09c3c/Codeberg Weblate/verified-components/translations/backintime/common/common_sv.po,65c0bdff60a18440a1284d35ca06d9bc77c5e655f20c7a2cd385b2e3937989ca,{}
76f098bd3af226a899fdac89,Every week,Varje vecka,Codeberg:backintime,common,,"Granskad filleverans. Endast färdiga, aktiva översättningar tas med; detta är inte ett påstående om separat registrerat radbeslut för varje oförändrad post.",project-context,0eb1fbe3ae33b6a02abe344a,reviewed-file-delivery,https://github.com/yeager/translations/blob/67e6d27877c9cfd6b6dbc74bd852b10bdbe09c3c/Codeberg Weblate/verified-components/translations/backintime/common/common_sv.po,65c0bdff60a18440a1284d35ca06d9bc77c5e655f20c7a2cd385b2e3937989ca,{}
7717287960a666c02d005415,Authors:,Skapare:,Codeberg:backintime,common,,"Granskad filleverans. Endast färdiga, aktiva översättningar tas med; detta är inte ett påstående om separat registrerat radbeslut för varje oförändrad post.",project-context,168a83eadf2a37345abff533,reviewed-file-delivery,https://github.com/yeager/translations/blob/67e6d27877c9cfd6b6dbc74bd852b10bdbe09c3c/Codeberg Weblate/verified-components/translations/backintime/common/common_sv.po,65c0bdff60a18440a1284d35ca06d9bc77c5e655f20c7a2cd385b2e3937989ca,{}
77bb62c86659ac8bec8bea95,translation platform,översättningsplattformen,Codeberg:backintime,common,,"Granskad filleverans. Endast färdiga, aktiva översättningar tas med; detta är inte ett påstående om separat registrerat radbeslut för varje oförändrad post.",project-context,c67169610f0ac0ec5c920ceb,reviewed-file-delivery,https://github.com/yeager/translations/blob/67e6d27877c9cfd6b6dbc74bd852b10bdbe09c3c/Codeberg Weblate/verified-components/translations/backintime/common/common_sv.po,65c0bdff60a18440a1284d35ca06d9bc77c5e655f20c7a2cd385b2e3937989ca,{}
792a7d121701c2dc4c044fda,Metadata directory on MacOS,Metadatakatalog på MacOS,Codeberg:backintime,common,,"Granskad filleverans. Endast färdiga, aktiva översättningar tas med; detta är inte ett påstående om separat registrerat radbeslut för varje oförändrad post.",project-context,37d0d742817561596363a98d,reviewed-file-delivery,https://github.com/yeager/translations/blob/67e6d27877c9cfd6b6dbc74bd852b10bdbe09c3c/Codeberg Weblate/verified-components/translations/backintime/common/common_sv.po,65c0bdff60a18440a1284d35ca06d9bc77c5e655f20c7a2cd385b2e3937989ca,{}
79bd0af6bb9c8b36f2756634,Up,Upp,Codeberg:backintime,common,,"Granskad filleverans. Endast färdiga, aktiva översättningar tas med; detta är inte ett påstående om separat registrerat radbeslut för varje oförändrad post.",project-context,01073384f3064aa8bf2a35c3,reviewed-file-delivery,https://github.com/yeager/translations/blob/67e6d27877c9cfd6b6dbc74bd852b10bdbe09c3c/Codeberg Weblate/verified-components/translations/backintime/common/common_sv.po,65c0bdff60a18440a1284d35ca06d9bc77c5e655f20c7a2cd385b2e3937989ca,{}
7ac0378cde0b534a6067862a,Repeatedly,Upprepade gånger,Codeberg:backintime,common,,"Granskad filleverans. Endast färdiga, aktiva översättningar tas med; detta är inte ett påstående om separat registrerat radbeslut för varje oförändrad post.",project-context,29a9430a1a14c49a5359f4dd,reviewed-file-delivery,https://github.com/yeager/translations/blob/67e6d27877c9cfd6b6dbc74bd852b10bdbe09c3c/Codeberg Weblate/verified-components/translations/backintime/common/common_sv.po,65c0bdff60a18440a1284d35ca06d9bc77c5e655f20c7a2cd385b2e3937989ca,{}
7ac237200a0703901fb45a92,E&xpert Options,E&xpertinställningar,Codeberg:backintime,common,,"Granskad filleverans. Endast färdiga, aktiva översättningar tas med; detta är inte ett påstående om separat registrerat radbeslut för varje oförändrad post.",project-context,622ba7ed740ce5da0c726692,reviewed-file-delivery,https://github.com/yeager/translations/blob/67e6d27877c9cfd6b6dbc74bd852b10bdbe09c3c/Codeberg Weblate/verified-components/translations/backintime/common/common_sv.po,65c0bdff60a18440a1284d35ca06d9bc77c5e655f20c7a2cd385b2e3937989ca,{}
7bfe05d51a9394df16902172,Backup directories,Mappar för säkerhetskopior,Codeberg:backintime,common,,"Granskad filleverans. Endast färdiga, aktiva översättningar tas med; detta är inte ett påstående om separat registrerat radbeslut för varje oförändrad post.",project-context,d8e4bb153acefaab725d04fc,reviewed-file-delivery,https://github.com/yeager/translations/blob/67e6d27877c9cfd6b6dbc74bd852b10bdbe09c3c/Codeberg Weblate/verified-components/translations/backintime/common/common_sv.po,65c0bdff60a18440a1284d35ca06d9bc77c5e655f20c7a2cd385b2e3937989ca,{}
7cafa3407f4ae8259cfc3ea2,Sent:,Skickat:,Codeberg:backintime,common,,"Granskad filleverans. Endast färdiga, aktiva översättningar tas med; detta är inte ett påstående om separat registrerat radbeslut för varje oförändrad post.",project-context,0aeafbe7ccd69a16f4b33221,reviewed-file-delivery,https://github.com/yeager/translations/blob/67e6d27877c9cfd6b6dbc74bd852b10bdbe09c3c/Codeberg Weblate/verified-components/translations/backintime/common/common_sv.po,65c0bdff60a18440a1284d35ca06d9bc77c5e655f20c7a2cd385b2e3937989ca,{}
7d50ec326e8b2a28857a54f6,Parameters:,Parametrar:,Codeberg:backintime,common,,"Granskad filleverans. Endast färdiga, aktiva översättningar tas med; detta är inte ett påstående om separat registrerat radbeslut för varje oförändrad post.",project-context,e5066eb5f0b8e55c13b00729,reviewed-file-delivery,https://github.com/yeager/translations/blob/67e6d27877c9cfd6b6dbc74bd852b10bdbe09c3c/Codeberg Weblate/verified-components/translations/backintime/common/common_sv.po,65c0bdff60a18440a1284d35ca06d9bc77c5e655f20c7a2cd385b2e3937989ca,{}
7e2b4724a38ef580fb74e7e0,Show hidden files,Visa dolda filer,Codeberg:backintime,common,,"Granskad filleverans. Endast färdiga, aktiva översättningar tas med; detta är inte ett påstående om separat registrerat radbeslut för varje oförändrad post.",project-context,5d6c5ce7013cb125ec640cb5,reviewed-file-delivery,https://github.com/yeager/translations/blob/67e6d27877c9cfd6b6dbc74bd852b10bdbe09c3c/Codeberg Weblate/verified-components/translations/backintime/common/common_sv.po,65c0bdff60a18440a1284d35ca06d9bc77c5e655f20c7a2cd385b2e3937989ca,{}
7e49b86965340c66801b6e73,Pause backup process,Pausa processen för säkerhetskopieringen,Codeberg:backintime,common,,"Granskad filleverans. Endast färdiga, aktiva översättningar tas med; detta är inte ett påstående om separat registrerat radbeslut för varje oförändrad post.",project-context,04d923bdf6b3643163901229,reviewed-file-delivery,https://github.com/yeager/translations/blob/67e6d27877c9cfd6b6dbc74bd852b10bdbe09c3c/Codeberg Weblate/verified-components/translations/backintime/common/common_sv.po,65c0bdff60a18440a1284d35ca06d9bc77c5e655f20c7a2cd385b2e3937989ca,{}
80d0a1cb336b08985fcbf557,Then press OK.,Klicka sedan på OK.,Codeberg:backintime,common,,"Granskad filleverans. Endast färdiga, aktiva översättningar tas med; detta är inte ett påstående om separat registrerat radbeslut för varje oförändrad post.",project-context,4e753066033379120c219206,reviewed-file-delivery,https://github.com/yeager/translations/blob/67e6d27877c9cfd6b6dbc74bd852b10bdbe09c3c/Codeberg Weblate/verified-components/translations/backintime/common/common_sv.po,65c0bdff60a18440a1284d35ca06d9bc77c5e655f20c7a2cd385b2e3937989ca,{}
813d19605b02541bdeb2a970,Include the symlink's target instead?,Inkludera symlänkens mål istället?,Codeberg:backintime,common,,"Granskad filleverans. Endast färdiga, aktiva översättningar tas med; detta är inte ett påstående om separat registrerat radbeslut för varje oförändrad post.",project-context,1e8cfe78f01d8522e17d2305,reviewed-file-delivery,https://github.com/yeager/translations/blob/67e6d27877c9cfd6b6dbc74bd852b10bdbe09c3c/Codeberg Weblate/verified-components/translations/backintime/common/common_sv.po,65c0bdff60a18440a1284d35ca06d9bc77c5e655f20c7a2cd385b2e3937989ca,{}
814039079f1eab029468dea8,No directory selected,Ingen katalog har valts,Codeberg:backintime,common,,"Granskad filleverans. Endast färdiga, aktiva översättningar tas med; detta är inte ett påstående om separat registrerat radbeslut för varje oförändrad post.",project-context,decfc5a617b81de958b74186,reviewed-file-delivery,https://github.com/yeager/translations/blob/67e6d27877c9cfd6b6dbc74bd852b10bdbe09c3c/Codeberg Weblate/verified-components/translations/backintime/common/common_sv.po,65c0bdff60a18440a1284d35ca06d9bc77c5e655f20c7a2cd385b2e3937989ca,{}
8218289b23338cb1796066e3,This option may increase backup size.,Det här alternativet kan öka säkerhetskopians storlek.,Codeberg:backintime,common,,"Granskad filleverans. Endast färdiga, aktiva översättningar tas med; detta är inte ett påstående om separat registrerat radbeslut för varje oförändrad post.",project-context,0d27d2595c46a32fb2cd9644,reviewed-file-delivery,https://github.com/yeager/translations/blob/67e6d27877c9cfd6b6dbc74bd852b10bdbe09c3c/Codeberg Weblate/verified-components/translations/backintime/common/common_sv.po,65c0bdff60a18440a1284d35ca06d9bc77c5e655f20c7a2cd385b2e3937989ca,{}
8368ad914d6a27bce4f03c13,"Nothing changed, no new backup necessary","Ingen förändring, ingen ny säkerhetskopia behövs",Codeberg:backintime,common,,"Granskad filleverans. Endast färdiga, aktiva översättningar tas med; detta är inte ett påstående om separat registrerat radbeslut för varje oförändrad post.",project-context,5cfb5c6a7cbd343a4eae0118,reviewed-file-delivery,https://github.com/yeager/translations/blob/67e6d27877c9cfd6b6dbc74bd852b10bdbe09c3c/Codeberg Weblate/verified-components/translations/backintime/common/common_sv.po,65c0bdff60a18440a1284d35ca06d9bc77c5e655f20c7a2cd385b2e3937989ca,{}
84a536583306de7590a828b1,Create a backup,Skapa en säkerhetskopia,Codeberg:backintime,common,,"Granskad filleverans. Endast färdiga, aktiva översättningar tas med; detta är inte ett påstående om separat registrerat radbeslut för varje oförändrad post.",project-context,ee4a6c1eadaa5d19cf05a9b9,reviewed-file-delivery,https://github.com/yeager/translations/blob/67e6d27877c9cfd6b6dbc74bd852b10bdbe09c3c/Codeberg Weblate/verified-components/translations/backintime/common/common_sv.po,65c0bdff60a18440a1284d35ca06d9bc77c5e655f20c7a2cd385b2e3937989ca,{}
84fc076b39a836218ea4e0e4,Rename profile,Byt namn på profil,Codeberg:backintime,common,,"Granskad filleverans. Endast färdiga, aktiva översättningar tas med; detta är inte ett påstående om separat registrerat radbeslut för varje oförändrad post.",project-context,f8a006822880e3554bcf454c,reviewed-file-delivery,https://github.com/yeager/translations/blob/67e6d27877c9cfd6b6dbc74bd852b10bdbe09c3c/Codeberg Weblate/verified-components/translations/backintime/common/common_sv.po,65c0bdff60a18440a1284d35ca06d9bc77c5e655f20c7a2cd385b2e3937989ca,{}
8531f1b05cb6855a345cb864,Delete,Ta bort,Codeberg:backintime,common,,"Granskad filleverans. Endast färdiga, aktiva översättningar tas med; detta är inte ett påstående om separat registrerat radbeslut för varje oförändrad post.",project-context,3a002090cd7d448b7e05d05d,reviewed-file-delivery,https://github.com/yeager/translations/blob/67e6d27877c9cfd6b6dbc74bd852b10bdbe09c3c/Codeberg Weblate/verified-components/translations/backintime/common/common_sv.po,65c0bdff60a18440a1284d35ca06d9bc77c5e655f20c7a2cd385b2e3937989ca,{}
85406bd4ed7f75841a999854,Include files and directories,Inkludera filer och mappar,Codeberg:backintime,common,,"Granskad filleverans. Endast färdiga, aktiva översättningar tas med; detta är inte ett påstående om separat registrerat radbeslut för varje oförändrad post.",project-context,f1a9417b4366b3f8e2837411,reviewed-file-delivery,https://github.com/yeager/translations/blob/67e6d27877c9cfd6b6dbc74bd852b10bdbe09c3c/Codeberg Weblate/verified-components/translations/backintime/common/common_sv.po,65c0bdff60a18440a1284d35ca06d9bc77c5e655f20c7a2cd385b2e3937989ca,{}
860b629c32603d72176b8472,Week(s),Vecka(-or),Codeberg:backintime,common,,"Granskad filleverans. Endast färdiga, aktiva översättningar tas med; detta är inte ett påstående om separat registrerat radbeslut för varje oförändrad post.",project-context,59a6e92bd0084744743165f3,reviewed-file-delivery,https://github.com/yeager/translations/blob/67e6d27877c9cfd6b6dbc74bd852b10bdbe09c3c/Codeberg Weblate/verified-components/translations/backintime/common/common_sv.po,65c0bdff60a18440a1284d35ca06d9bc77c5e655f20c7a2cd385b2e3937989ca,{}
874ca1069c97073441bb4bf2,Local (encrypted),Lokalt (krypterad),Codeberg:backintime,common,,"Granskad filleverans. Endast färdiga, aktiva översättningar tas med; detta är inte ett påstående om separat registrerat radbeslut för varje oförändrad post.",project-context,64fb8b91c6569fe30819f6aa,reviewed-file-delivery,https://github.com/yeager/translations/blob/67e6d27877c9cfd6b6dbc74bd852b10bdbe09c3c/Codeberg Weblate/verified-components/translations/backintime/common/common_sv.po,65c0bdff60a18440a1284d35ca06d9bc77c5e655f20c7a2cd385b2e3937989ca,{}
876c114d4be152729ee6daaa,Dark icon,Mörk ikon,Codeberg:backintime,common,,"Granskad filleverans. Endast färdiga, aktiva översättningar tas med; detta är inte ett påstående om separat registrerat radbeslut för varje oförändrad post.",project-context,c86d1e3d82d85a6e5458a527,reviewed-file-delivery,https://github.com/yeager/translations/blob/67e6d27877c9cfd6b6dbc74bd852b10bdbe09c3c/Codeberg Weblate/verified-components/translations/backintime/common/common_sv.po,65c0bdff60a18440a1284d35ca06d9bc77c5e655f20c7a2cd385b2e3937989ca,{}
87b2ff0abeeca19905293140,&Restore,&Återställ,Codeberg:backintime,common,,"Granskad filleverans. Endast färdiga, aktiva översättningar tas med; detta är inte ett påstående om separat registrerat radbeslut för varje oförändrad post.",project-context,55747524e43a780c9dbacd59,reviewed-file-delivery,https://github.com/yeager/translations/blob/67e6d27877c9cfd6b6dbc74bd852b10bdbe09c3c/Codeberg Weblate/verified-components/translations/backintime/common/common_sv.po,65c0bdff60a18440a1284d35ca06d9bc77c5e655f20c7a2cd385b2e3937989ca,{}
87f0a8588351ee16202897ed,Add,Lägg till,Codeberg:backintime,common,,"Granskad filleverans. Endast färdiga, aktiva översättningar tas med; detta är inte ett påstående om separat registrerat radbeslut för varje oförändrad post.",project-context,210f03de712867d5e1d03a38,reviewed-file-delivery,https://github.com/yeager/translations/blob/67e6d27877c9cfd6b6dbc74bd852b10bdbe09c3c/Codeberg Weblate/verified-components/translations/backintime/common/common_sv.po,65c0bdff60a18440a1284d35ca06d9bc77c5e655f20c7a2cd385b2e3937989ca,{}
88099644089f829258611199,System swap file (virtual memory),System swap-fil (virtuellt minne),Codeberg:backintime,common,,"Granskad filleverans. Endast färdiga, aktiva översättningar tas med; detta är inte ett påstående om separat registrerat radbeslut för varje oförändrad post.",project-context,65f6800185827a765eb9ef54,reviewed-file-delivery,https://github.com/yeager/translations/blob/67e6d27877c9cfd6b6dbc74bd852b10bdbe09c3c/Codeberg Weblate/verified-components/translations/backintime/common/common_sv.po,65c0bdff60a18440a1284d35ca06d9bc77c5e655f20c7a2cd385b2e3937989ca,{}
886d5cb00c40b4c7b5ec1cf9,Shutdown,Stäng av,Codeberg:backintime,common,,"Granskad filleverans. Endast färdiga, aktiva översättningar tas med; detta är inte ett påstående om separat registrerat radbeslut för varje oförändrad post.",project-context,2598c7d59f593a2918522b65,reviewed-file-delivery,https://github.com/yeager/translations/blob/67e6d27877c9cfd6b6dbc74bd852b10bdbe09c3c/Codeberg Weblate/verified-components/translations/backintime/common/common_sv.po,65c0bdff60a18440a1284d35ca06d9bc77c5e655f20c7a2cd385b2e3937989ca,{}
888fbd372ce13f4025542e6c,Thumbnail database on Windows,Tumnageldatabas på Windows,Codeberg:backintime,common,,"Granskad filleverans. Endast färdiga, aktiva översättningar tas med; detta är inte ett påstående om separat registrerat radbeslut för varje oförändrad post.",project-context,065f09b732c933540db4af82,reviewed-file-delivery,https://github.com/yeager/translations/blob/67e6d27877c9cfd6b6dbc74bd852b10bdbe09c3c/Codeberg Weblate/verified-components/translations/backintime/common/common_sv.po,65c0bdff60a18440a1284d35ca06d9bc77c5e655f20c7a2cd385b2e3937989ca,{}
8a412f8eeb7f9cdbe8e85df0,Compare backups…,Jämför säkerhetskopior…,Codeberg:backintime,common,,"Granskad filleverans. Endast färdiga, aktiva översättningar tas med; detta är inte ett påstående om separat registrerat radbeslut för varje oförändrad post.",project-context,f8e556087480320d5614f4dc,reviewed-file-delivery,https://github.com/yeager/translations/blob/67e6d27877c9cfd6b6dbc74bd852b10bdbe09c3c/Codeberg Weblate/verified-components/translations/backintime/common/common_sv.po,65c0bdff60a18440a1284d35ca06d9bc77c5e655f20c7a2cd385b2e3937989ca,{}
8a6aff1a7f0ceb857ff83113,Close the window anyway?,Stäng fönstret ändå?,Codeberg:backintime,common,,"Granskad filleverans. Endast färdiga, aktiva översättningar tas med; detta är inte ett påstående om separat registrerat radbeslut för varje oförändrad post.",project-context,a56a7c8c7096e4943eae943e,reviewed-file-delivery,https://github.com/yeager/translations/blob/67e6d27877c9cfd6b6dbc74bd852b10bdbe09c3c/Codeberg Weblate/verified-components/translations/backintime/common/common_sv.po,65c0bdff60a18440a1284d35ca06d9bc77c5e655f20c7a2cd385b2e3937989ca,{}
8a8c4899f38fa81641aa40ad,Custom hours,Anpassade timmar,Codeberg:backintime,common,,"Granskad filleverans. Endast färdiga, aktiva översättningar tas med; detta är inte ett påstående om separat registrerat radbeslut för varje oförändrad post.",project-context,640304f2a36dee3ef67e95e6,reviewed-file-delivery,https://github.com/yeager/translations/blob/67e6d27877c9cfd6b6dbc74bd852b10bdbe09c3c/Codeberg Weblate/verified-components/translations/backintime/common/common_sv.po,65c0bdff60a18440a1284d35ca06d9bc77c5e655f20c7a2cd385b2e3937989ca,{}
8ac9b259c6519c9bdaf7bacb,Keep all backups for the last,Behåll alla säkerhetskopior för de senaste,Codeberg:backintime,common,,"Granskad filleverans. Endast färdiga, aktiva översättningar tas med; detta är inte ett påstående om separat registrerat radbeslut för varje oförändrad post.",project-context,bb58ef1822f23dbfc4651920,reviewed-file-delivery,https://github.com/yeager/translations/blob/67e6d27877c9cfd6b6dbc74bd852b10bdbe09c3c/Codeberg Weblate/verified-components/translations/backintime/common/common_sv.po,65c0bdff60a18440a1284d35ca06d9bc77c5e655f20c7a2cd385b2e3937989ca,{}
8b168f45805369c1d1930361,Stop backup process,Stoppa processen för säkerhetskopiering,Codeberg:backintime,common,,"Granskad filleverans. Endast färdiga, aktiva översättningar tas med; detta är inte ett påstående om separat registrerat radbeslut för varje oförändrad post.",project-context,fe9c5e6f4cc6c6a310e1378b,reviewed-file-delivery,https://github.com/yeager/translations/blob/67e6d27877c9cfd6b6dbc74bd852b10bdbe09c3c/Codeberg Weblate/verified-components/translations/backintime/common/common_sv.po,65c0bdff60a18440a1284d35ca06d9bc77c5e655f20c7a2cd385b2e3937989ca,{}
8b4c1d2958261267963de1c8,Add to Include,Lägg till i inkludera,Codeberg:backintime,common,,"Granskad filleverans. Endast färdiga, aktiva översättningar tas med; detta är inte ett påstående om separat registrerat radbeslut för varje oförändrad post.",project-context,8eec18168fd9db6c5a26152a,reviewed-file-delivery,https://github.com/yeager/translations/blob/67e6d27877c9cfd6b6dbc74bd852b10bdbe09c3c/Codeberg Weblate/verified-components/translations/backintime/common/common_sv.po,65c0bdff60a18440a1284d35ca06d9bc77c5e655f20c7a2cd385b2e3937989ca,{}
8b5647d47b063a12c41c8bfd,This week,Denna vecka,Codeberg:backintime,common,,"Granskad filleverans. Endast färdiga, aktiva översättningar tas med; detta är inte ett påstående om separat registrerat radbeslut för varje oförändrad post.",project-context,5594aa246c5e5ebd81e5cd16,reviewed-file-delivery,https://github.com/yeager/translations/blob/67e6d27877c9cfd6b6dbc74bd852b10bdbe09c3c/Codeberg Weblate/verified-components/translations/backintime/common/common_sv.po,65c0bdff60a18440a1284d35ca06d9bc77c5e655f20c7a2cd385b2e3937989ca,{}
8b5a364affd5c8cf12b1a019,Shutdown Now,Stäng av nu,Codeberg:backintime,common,,"Granskad filleverans. Endast färdiga, aktiva översättningar tas med; detta är inte ett påstående om separat registrerat radbeslut för varje oförändrad post.",project-context,639e6d7b0c2e644e9fb22db3,reviewed-file-delivery,https://github.com/yeager/translations/blob/67e6d27877c9cfd6b6dbc74bd852b10bdbe09c3c/Codeberg Weblate/verified-components/translations/backintime/common/common_sv.po,65c0bdff60a18440a1284d35ca06d9bc77c5e655f20c7a2cd385b2e3937989ca,{}
8bb5d3bd54b8fbcc991534af,Select All,Välj alla,Codeberg:backintime,common,,"Granskad filleverans. Endast färdiga, aktiva översättningar tas med; detta är inte ett påstående om separat registrerat radbeslut för varje oförändrad post.",project-context,4178f2ed6a841a8e9493f1c3,reviewed-file-delivery,https://github.com/yeager/translations/blob/67e6d27877c9cfd6b6dbc74bd852b10bdbe09c3c/Codeberg Weblate/verified-components/translations/backintime/common/common_sv.po,65c0bdff60a18440a1284d35ca06d9bc77c5e655f20c7a2cd385b2e3937989ca,{}
8cd24d4b230b41ae7897f6d1,Add to Exclude,Lägg till i exkludera,Codeberg:backintime,common,,"Granskad filleverans. Endast färdiga, aktiva översättningar tas med; detta är inte ett påstående om separat registrerat radbeslut för varje oförändrad post.",project-context,c1d91b363926f84fe3f7e042,reviewed-file-delivery,https://github.com/yeager/translations/blob/67e6d27877c9cfd6b6dbc74bd852b10bdbe09c3c/Codeberg Weblate/verified-components/translations/backintime/common/common_sv.po,65c0bdff60a18440a1284d35ca06d9bc77c5e655f20c7a2cd385b2e3937989ca,{}
8d52c0ca76bfad114794fca3,&Help,&Hjälp,Codeberg:backintime,common,,"Granskad filleverans. Endast färdiga, aktiva översättningar tas med; detta är inte ett påstående om separat registrerat radbeslut för varje oförändrad post.",project-context,2f76e180fe99fe084d8bf30b,reviewed-file-delivery,https://github.com/yeager/translations/blob/67e6d27877c9cfd6b6dbc74bd852b10bdbe09c3c/Codeberg Weblate/verified-components/translations/backintime/common/common_sv.po,65c0bdff60a18440a1284d35ca06d9bc77c5e655f20c7a2cd385b2e3937989ca,{}
8de3ee0e0cc269e58331d7c6,Systray Icon,Systray-ikon,Codeberg:backintime,common,,"Granskad filleverans. Endast färdiga, aktiva översättningar tas med; detta är inte ett påstående om separat registrerat radbeslut för varje oförändrad post.",project-context,e517ee55f6d942a2b6b9321d,reviewed-file-delivery,https://github.com/yeager/translations/blob/67e6d27877c9cfd6b6dbc74bd852b10bdbe09c3c/Codeberg Weblate/verified-components/translations/backintime/common/common_sv.po,65c0bdff60a18440a1284d35ca06d9bc77c5e655f20c7a2cd385b2e3937989ca,{}
8dfd66e38af1234aeea2aa32,Open an issue,Öppna en bugg-rapport,Codeberg:backintime,common,,"Granskad filleverans. Endast färdiga, aktiva översättningar tas med; detta är inte ett påstående om separat registrerat radbeslut för varje oförändrad post.",project-context,74b46e3c5258d2816c4bf2a3,reviewed-file-delivery,https://github.com/yeager/translations/blob/67e6d27877c9cfd6b6dbc74bd852b10bdbe09c3c/Codeberg Weblate/verified-components/translations/backintime/common/common_sv.po,65c0bdff60a18440a1284d35ca06d9bc77c5e655f20c7a2cd385b2e3937989ca,{}
8e3db53e2324fb5628c967e2,week(s).,vecka(-or).,Codeberg:backintime,common,,"Granskad filleverans. Endast färdiga, aktiva översättningar tas med; detta är inte ett påstående om separat registrerat radbeslut för varje oförändrad post.",project-context,359f709856dbeb896e3cf5e9,reviewed-file-delivery,https://github.com/yeager/translations/blob/67e6d27877c9cfd6b6dbc74bd852b10bdbe09c3c/Codeberg Weblate/verified-components/translations/backintime/common/common_sv.po,65c0bdff60a18440a1284d35ca06d9bc77c5e655f20c7a2cd385b2e3937989ca,{}
8e79060d314110e3a1fdc941,Show hidden directories,Visa dolda mappar,Codeberg:backintime,common,,"Granskad filleverans. Endast färdiga, aktiva översättningar tas med; detta är inte ett påstående om separat registrerat radbeslut för varje oförändrad post.",project-context,20d63dd072b403844f4697a7,reviewed-file-delivery,https://github.com/yeager/translations/blob/67e6d27877c9cfd6b6dbc74bd852b10bdbe09c3c/Codeberg Weblate/verified-components/translations/backintime/common/common_sv.po,65c0bdff60a18440a1284d35ca06d9bc77c5e655f20c7a2cd385b2e3937989ca,{}
8f87c131381aac3da55ebd9c,month(s).,månad(er).,Codeberg:backintime,common,,"Granskad filleverans. Endast färdiga, aktiva översättningar tas med; detta är inte ett påstående om separat registrerat radbeslut för varje oförändrad post.",project-context,731bdfdcd0ad57ccdfec7e5e,reviewed-file-delivery,https://github.com/yeager/translations/blob/67e6d27877c9cfd6b6dbc74bd852b10bdbe09c3c/Codeberg Weblate/verified-components/translations/backintime/common/common_sv.po,65c0bdff60a18440a1284d35ca06d9bc77c5e655f20c7a2cd385b2e3937989ca,{}
9005376f89eadb968c2a4e04,Two settings conflict with each other.,Två inställningar står i konflikt med varandra.,Codeberg:backintime,common,,"Granskad filleverans. Endast färdiga, aktiva översättningar tas med; detta är inte ett påstående om separat registrerat radbeslut för varje oförändrad post.",project-context,3a44af25128cf6781c36100f,reviewed-file-delivery,https://github.com/yeager/translations/blob/67e6d27877c9cfd6b6dbc74bd852b10bdbe09c3c/Codeberg Weblate/verified-components/translations/backintime/common/common_sv.po,65c0bdff60a18440a1284d35ca06d9bc77c5e655f20c7a2cd385b2e3937989ca,{}
909a155f10d56f2ac20e6ac4,Preserve ACL,Behåll ACL,Codeberg:backintime,common,,"Granskad filleverans. Endast färdiga, aktiva översättningar tas med; detta är inte ett påstående om separat registrerat radbeslut för varje oförändrad post.",project-context,119ffe4380b64699825fc702,reviewed-file-delivery,https://github.com/yeager/translations/blob/67e6d27877c9cfd6b6dbc74bd852b10bdbe09c3c/Codeberg Weblate/verified-components/translations/backintime/common/common_sv.po,65c0bdff60a18440a1284d35ca06d9bc77c5e655f20c7a2cd385b2e3937989ca,{}
91bd6b805f70aae8e89c5d6a,Copy symbolic links as files,Kopiera symboliska länkar som filer,Codeberg:backintime,common,,"Granskad filleverans. Endast färdiga, aktiva översättningar tas med; detta är inte ett påstående om separat registrerat radbeslut för varje oförändrad post.",project-context,645a209ae5718bf4b4d5895c,reviewed-file-delivery,https://github.com/yeager/translations/blob/67e6d27877c9cfd6b6dbc74bd852b10bdbe09c3c/Codeberg Weblate/verified-components/translations/backintime/common/common_sv.po,65c0bdff60a18440a1284d35ca06d9bc77c5e655f20c7a2cd385b2e3937989ca,{}
92a083e77981a09f6d3b127a,Uses 'rsync --copy-links'.,Använder 'rsync --copy-links'.,Codeberg:backintime,common,,"Granskad filleverans. Endast färdiga, aktiva översättningar tas med; detta är inte ett påstående om separat registrerat radbeslut för varje oförändrad post.",project-context,dcafba6504ddb502d30681dd,reviewed-file-delivery,https://github.com/yeager/translations/blob/67e6d27877c9cfd6b6dbc74bd852b10bdbe09c3c/Codeberg Weblate/verified-components/translations/backintime/common/common_sv.po,65c0bdff60a18440a1284d35ca06d9bc77c5e655f20c7a2cd385b2e3937989ca,{}
9446cbe9aa0a220685dd482a,Unmount failed,Avmontering misslyckades,Codeberg:backintime,common,,"Granskad filleverans. Endast färdiga, aktiva översättningar tas med; detta är inte ett påstående om separat registrerat radbeslut för varje oförändrad post.",project-context,014047c6dd6e653882657669,reviewed-file-delivery,https://github.com/yeager/translations/blob/67e6d27877c9cfd6b6dbc74bd852b10bdbe09c3c/Codeberg Weblate/verified-components/translations/backintime/common/common_sv.po,65c0bdff60a18440a1284d35ca06d9bc77c5e655f20c7a2cd385b2e3937989ca,{}
94643d58f36c9196f3f736f2,Use system SSH configuration,Använd systemets SSH-konfiguration,Codeberg:backintime,common,,"Granskad filleverans. Endast färdiga, aktiva översättningar tas med; detta är inte ett påstående om separat registrerat radbeslut för varje oförändrad post.",project-context,725e6304bed85cacb0f5aa43,reviewed-file-delivery,https://github.com/yeager/translations/blob/67e6d27877c9cfd6b6dbc74bd852b10bdbe09c3c/Codeberg Weblate/verified-components/translations/backintime/common/common_sv.po,65c0bdff60a18440a1284d35ca06d9bc77c5e655f20c7a2cd385b2e3937989ca,{}
94cde4e112db9aa92570e3c7,Release Candidate,Släppkandidat,Codeberg:backintime,common,,"Granskad filleverans. Endast färdiga, aktiva översättningar tas med; detta är inte ett påstående om separat registrerat radbeslut för varje oförändrad post.",project-context,69608945bd3b8dbbf77762f6,reviewed-file-delivery,https://github.com/yeager/translations/blob/67e6d27877c9cfd6b6dbc74bd852b10bdbe09c3c/Codeberg Weblate/verified-components/translations/backintime/common/common_sv.po,65c0bdff60a18440a1284d35ca06d9bc77c5e655f20c7a2cd385b2e3937989ca,{}
957ebfd98711c74eb7642496,Today,Idag,Codeberg:backintime,common,,"Granskad filleverans. Endast färdiga, aktiva översättningar tas med; detta är inte ett påstående om separat registrerat radbeslut för varje oförändrad post.",project-context,a2e44f3dc42f12a4e502aa2f,reviewed-file-delivery,https://github.com/yeager/translations/blob/67e6d27877c9cfd6b6dbc74bd852b10bdbe09c3c/Codeberg Weblate/verified-components/translations/backintime/common/common_sv.po,65c0bdff60a18440a1284d35ca06d9bc77c5e655f20c7a2cd385b2e3937989ca,{}
963848928b5c72abf0c6499f,&Include,&Inkludera,Codeberg:backintime,common,,"Granskad filleverans. Endast färdiga, aktiva översättningar tas med; detta är inte ett påstående om separat registrerat radbeslut för varje oförändrad post.",project-context,43172bd1b3c41cab8f3022d6,reviewed-file-delivery,https://github.com/yeager/translations/blob/67e6d27877c9cfd6b6dbc74bd852b10bdbe09c3c/Codeberg Weblate/verified-components/translations/backintime/common/common_sv.po,65c0bdff60a18440a1284d35ca06d9bc77c5e655f20c7a2cd385b2e3937989ca,{}
9696304037aca3a27d3eece7,Only external,Endast extern,Codeberg:backintime,common,,"Granskad filleverans. Endast färdiga, aktiva översättningar tas med; detta är inte ett påstående om separat registrerat radbeslut för varje oförändrad post.",project-context,50f2e067ebc4c1b9ca8b2e75,reviewed-file-delivery,https://github.com/yeager/translations/blob/67e6d27877c9cfd6b6dbc74bd852b10bdbe09c3c/Codeberg Weblate/verified-components/translations/backintime/common/common_sv.po,65c0bdff60a18440a1284d35ca06d9bc77c5e655f20c7a2cd385b2e3937989ca,{}
99d32729060da4093f90460b,Schedule,Schema,Codeberg:backintime,common,,"Granskad filleverans. Endast färdiga, aktiva översättningar tas med; detta är inte ett påstående om separat registrerat radbeslut för varje oförändrad post.",project-context,acb69b1f2014d5821cc33d5a,reviewed-file-delivery,https://github.com/yeager/translations/blob/67e6d27877c9cfd6b6dbc74bd852b10bdbe09c3c/Codeberg Weblate/verified-components/translations/backintime/common/common_sv.po,65c0bdff60a18440a1284d35ca06d9bc77c5e655f20c7a2cd385b2e3937989ca,{}
9a78ce0031513f4eab2c49db,Setup language…,Välj språk…,Codeberg:backintime,common,,"Granskad filleverans. Endast färdiga, aktiva översättningar tas med; detta är inte ett påstående om separat registrerat radbeslut för varje oförändrad post.",project-context,80b5bb41f5a7579e1a6e863c,reviewed-file-delivery,https://github.com/yeager/translations/blob/67e6d27877c9cfd6b6dbc74bd852b10bdbe09c3c/Codeberg Weblate/verified-components/translations/backintime/common/common_sv.po,65c0bdff60a18440a1284d35ca06d9bc77c5e655f20c7a2cd385b2e3937989ca,{}
9ae36b931e993c3c6d3919e4,Encryption,Kryptering,Codeberg:backintime,common,,"Granskad filleverans. Endast färdiga, aktiva översättningar tas med; detta är inte ett påstående om separat registrerat radbeslut för varje oförändrad post.",project-context,463990ae7ebc46bddc496a23,reviewed-file-delivery,https://github.com/yeager/translations/blob/67e6d27877c9cfd6b6dbc74bd852b10bdbe09c3c/Codeberg Weblate/verified-components/translations/backintime/common/common_sv.po,65c0bdff60a18440a1284d35ca06d9bc77c5e655f20c7a2cd385b2e3937989ca,{}
9b0d1692d854c32c2de8286e,Last Log View,Visning av senaste logg,Codeberg:backintime,common,,"Granskad filleverans. Endast färdiga, aktiva översättningar tas med; detta är inte ett påstående om separat registrerat radbeslut för varje oförändrad post.",project-context,c1d673384102f7538b19534d,reviewed-file-delivery,https://github.com/yeager/translations/blob/67e6d27877c9cfd6b6dbc74bd852b10bdbe09c3c/Codeberg Weblate/verified-components/translations/backintime/common/common_sv.po,65c0bdff60a18440a1284d35ca06d9bc77c5e655f20c7a2cd385b2e3937989ca,{}
9b6875d151215bd2611e0666,Disabled by default.,Inaktiverad som standard.,Codeberg:backintime,common,,"Granskad filleverans. Endast färdiga, aktiva översättningar tas med; detta är inte ett påstående om separat registrerat radbeslut för varje oförändrad post.",project-context,0c4cee3adce67c80c40b9127,reviewed-file-delivery,https://github.com/yeager/translations/blob/67e6d27877c9cfd6b6dbc74bd852b10bdbe09c3c/Codeberg Weblate/verified-components/translations/backintime/common/common_sv.po,65c0bdff60a18440a1284d35ca06d9bc77c5e655f20c7a2cd385b2e3937989ca,{}
9bd4032b0d9c64d5851eed06,Enter an exclude pattern:,Ange ett exkluderingsmönster:,Codeberg:backintime,common,,"Granskad filleverans. Endast färdiga, aktiva översättningar tas med; detta är inte ett påstående om separat registrerat radbeslut för varje oförändrad post.",project-context,d18c15d20f332bd04a736ca2,reviewed-file-delivery,https://github.com/yeager/translations/blob/67e6d27877c9cfd6b6dbc74bd852b10bdbe09c3c/Codeberg Weblate/verified-components/translations/backintime/common/common_sv.po,65c0bdff60a18440a1284d35ca06d9bc77c5e655f20c7a2cd385b2e3937989ca,{}
9c72948bbeffafcf82d3df2b,Saving config file…,Sparar konfigurationsfil…,Codeberg:backintime,common,,"Granskad filleverans. Endast färdiga, aktiva översättningar tas med; detta är inte ett påstående om separat registrerat radbeslut för varje oförändrad post.",project-context,9160d0e2024f199df838a067,reviewed-file-delivery,https://github.com/yeager/translations/blob/67e6d27877c9cfd6b6dbc74bd852b10bdbe09c3c/Codeberg Weblate/verified-components/translations/backintime/common/common_sv.po,65c0bdff60a18440a1284d35ca06d9bc77c5e655f20c7a2cd385b2e3937989ca,{}
9d1d1d24fedf43ba8e6326f2,Can't remove directory,Kan inte ta bort katalog,Codeberg:backintime,common,,"Granskad filleverans. Endast färdiga, aktiva översättningar tas med; detta är inte ett påstående om separat registrerat radbeslut för varje oförändrad post.",project-context,201c61185bae3bb64c736528,reviewed-file-delivery,https://github.com/yeager/translations/blob/67e6d27877c9cfd6b6dbc74bd852b10bdbe09c3c/Codeberg Weblate/verified-components/translations/backintime/common/common_sv.po,65c0bdff60a18440a1284d35ca06d9bc77c5e655f20c7a2cd385b2e3937989ca,{}
9dc57912223b84f2ae6bcc5b,Versioned Backups,Versionsbaserade säkerhetskopior,Codeberg:backintime,common,,"Granskad filleverans. Endast färdiga, aktiva översättningar tas med; detta är inte ett påstående om separat registrerat radbeslut för varje oförändrad post.",project-context,7d277a6ddf8306a7dd3d165d,reviewed-file-delivery,https://github.com/yeager/translations/blob/67e6d27877c9cfd6b6dbc74bd852b10bdbe09c3c/Codeberg Weblate/verified-components/translations/backintime/common/common_sv.po,65c0bdff60a18440a1284d35ca06d9bc77c5e655f20c7a2cd385b2e3937989ca,{}
9ebd7edc64df16b0ad1a4ca2,User recycle bin,Användarens papperskorg,Codeberg:backintime,common,,"Granskad filleverans. Endast färdiga, aktiva översättningar tas med; detta är inte ett påstående om separat registrerat radbeslut för varje oförändrad post.",project-context,e67f9228c933809d6f0956e6,reviewed-file-delivery,https://github.com/yeager/translations/blob/67e6d27877c9cfd6b6dbc74bd852b10bdbe09c3c/Codeberg Weblate/verified-components/translations/backintime/common/common_sv.po,65c0bdff60a18440a1284d35ca06d9bc77c5e655f20c7a2cd385b2e3937989ca,{}
9f0277a43a3fc941abb23528,That behavior cannot be changed.,Det beteendet går inte att ändra på.,Codeberg:backintime,common,,"Granskad filleverans. Endast färdiga, aktiva översättningar tas med; detta är inte ett påstående om separat registrerat radbeslut för varje oförändrad post.",project-context,a5ed85d085827ce0d863d441,reviewed-file-delivery,https://github.com/yeager/translations/blob/67e6d27877c9cfd6b6dbc74bd852b10bdbe09c3c/Codeberg Weblate/verified-components/translations/backintime/common/common_sv.po,65c0bdff60a18440a1284d35ca06d9bc77c5e655f20c7a2cd385b2e3937989ca,{}
a03156db223d62f4cd2e7b22,None,Inga,Codeberg:backintime,common,,"Granskad filleverans. Endast färdiga, aktiva översättningar tas med; detta är inte ett påstående om separat registrerat radbeslut för varje oförändrad post.",project-context,b0556dac8fc3584c329c5fd9,reviewed-file-delivery,https://github.com/yeager/translations/blob/67e6d27877c9cfd6b6dbc74bd852b10bdbe09c3c/Codeberg Weblate/verified-components/translations/backintime/common/common_sv.po,65c0bdff60a18440a1284d35ca06d9bc77c5e655f20c7a2cd385b2e3937989ca,{}
a101f78e585e53353bfd117d,Error:,Fel:,Codeberg:backintime,common,,"Granskad filleverans. Endast färdiga, aktiva översättningar tas med; detta är inte ett påstående om separat registrerat radbeslut för varje oförändrad post.",project-context,a977e0bb36f9842efff36c18,reviewed-file-delivery,https://github.com/yeager/translations/blob/67e6d27877c9cfd6b6dbc74bd852b10bdbe09c3c/Codeberg Weblate/verified-components/translations/backintime/common/common_sv.po,65c0bdff60a18440a1284d35ca06d9bc77c5e655f20c7a2cd385b2e3937989ca,{}
a1abdff897e48de6c82966c4,Keep named backups.,Behåll namngivna säkerhetskopior.,Codeberg:backintime,common,,"Granskad filleverans. Endast färdiga, aktiva översättningar tas med; detta är inte ett påstående om separat registrerat radbeslut för varje oförändrad post.",project-context,3c1bed43d32ec426f772d1f4,reviewed-file-delivery,https://github.com/yeager/translations/blob/67e6d27877c9cfd6b6dbc74bd852b10bdbe09c3c/Codeberg Weblate/verified-components/translations/backintime/common/common_sv.po,65c0bdff60a18440a1284d35ca06d9bc77c5e655f20c7a2cd385b2e3937989ca,{}
a589de8cdd8f0f72a4a76a1a,Exclude files bigger than:,Exkludera filer större än:,Codeberg:backintime,common,,"Granskad filleverans. Endast färdiga, aktiva översättningar tas med; detta är inte ett påstående om separat registrerat radbeslut för varje oförändrad post.",project-context,67ae2a9ec9b7703fcf22ee40,reviewed-file-delivery,https://github.com/yeager/translations/blob/67e6d27877c9cfd6b6dbc74bd852b10bdbe09c3c/Codeberg Weblate/verified-components/translations/backintime/common/common_sv.po,65c0bdff60a18440a1284d35ca06d9bc77c5e655f20c7a2cd385b2e3937989ca,{}
a5c848dca16cb829f73cbec0,ssh-agent is not installed,ssh-agent är inte installerad,Codeberg:backintime,common,,"Granskad filleverans. Endast färdiga, aktiva översättningar tas med; detta är inte ett påstående om separat registrerat radbeslut för varje oförändrad post.",project-context,986a6e0e306e4868544d0c38,reviewed-file-delivery,https://github.com/yeager/translations/blob/67e6d27877c9cfd6b6dbc74bd852b10bdbe09c3c/Codeberg Weblate/verified-components/translations/backintime/common/common_sv.po,65c0bdff60a18440a1284d35ca06d9bc77c5e655f20c7a2cd385b2e3937989ca,{}
a6b4c392886ee8fb46b78e50,Disable backups when on battery,Stäng av säkerhetskopieringar när batteri används,Codeberg:backintime,common,,"Granskad filleverans. Endast färdiga, aktiva översättningar tas med; detta är inte ett påstående om separat registrerat radbeslut för varje oförändrad post.",project-context,e9cec1431df4677327b2c394,reviewed-file-delivery,https://github.com/yeager/translations/blob/67e6d27877c9cfd6b6dbc74bd852b10bdbe09c3c/Codeberg Weblate/verified-components/translations/backintime/common/common_sv.po,65c0bdff60a18440a1284d35ca06d9bc77c5e655f20c7a2cd385b2e3937989ca,{}
a72e94f8ff056e8f59035454,Uses 'rsync --copy-unsafe-links'.,Använder 'rsync --copy-unsafe-links'.,Codeberg:backintime,common,,"Granskad filleverans. Endast färdiga, aktiva översättningar tas med; detta är inte ett påstående om separat registrerat radbeslut för varje oförändrad post.",project-context,6e920eee00473bff4170b3ba,reviewed-file-delivery,https://github.com/yeager/translations/blob/67e6d27877c9cfd6b6dbc74bd852b10bdbe09c3c/Codeberg Weblate/verified-components/translations/backintime/common/common_sv.po,65c0bdff60a18440a1284d35ca06d9bc77c5e655f20c7a2cd385b2e3937989ca,{}
a93e10c4321c7f08d37e57ad,Every year,Varje år,Codeberg:backintime,common,,"Granskad filleverans. Endast färdiga, aktiva översättningar tas med; detta är inte ett påstående om separat registrerat radbeslut för varje oförändrad post.",project-context,3fdb6126a054e0013dcbd11b,reviewed-file-delivery,https://github.com/yeager/translations/blob/67e6d27877c9cfd6b6dbc74bd852b10bdbe09c3c/Codeberg Weblate/verified-components/translations/backintime/common/common_sv.po,65c0bdff60a18440a1284d35ca06d9bc77c5e655f20c7a2cd385b2e3937989ca,{}
a93f1f9369cece4cbc6bbc1b,System default,Standardval för systemet,Codeberg:backintime,common,,"Granskad filleverans. Endast färdiga, aktiva översättningar tas med; detta är inte ett påstående om separat registrerat radbeslut för varje oförändrad post.",project-context,0ba61962a76dd417c22e946e,reviewed-file-delivery,https://github.com/yeager/translations/blob/67e6d27877c9cfd6b6dbc74bd852b10bdbe09c3c/Codeberg Weblate/verified-components/translations/backintime/common/common_sv.po,65c0bdff60a18440a1284d35ca06d9bc77c5e655f20c7a2cd385b2e3937989ca,{}
aa34395d00dc937a6f0a7645,Main profile,Huvudprofil,Codeberg:backintime,common,,"Granskad filleverans. Endast färdiga, aktiva översättningar tas med; detta är inte ett påstående om separat registrerat radbeslut för varje oförändrad post.",project-context,0cf7d8f7c86f8e9b6646d0e7,reviewed-file-delivery,https://github.com/yeager/translations/blob/67e6d27877c9cfd6b6dbc74bd852b10bdbe09c3c/Codeberg Weblate/verified-components/translations/backintime/common/common_sv.po,65c0bdff60a18440a1284d35ca06d9bc77c5e655f20c7a2cd385b2e3937989ca,{}
aa49db109d9a26907fb9644f,Resume backup process,Återuppta processen för säkerhetskopiering,Codeberg:backintime,common,,"Granskad filleverans. Endast färdiga, aktiva översättningar tas med; detta är inte ett påstående om separat registrerat radbeslut för varje oförändrad post.",project-context,a69c38b001f9edea16b5c7be,reviewed-file-delivery,https://github.com/yeager/translations/blob/67e6d27877c9cfd6b6dbc74bd852b10bdbe09c3c/Codeberg Weblate/verified-components/translations/backintime/common/common_sv.po,65c0bdff60a18440a1284d35ca06d9bc77c5e655f20c7a2cd385b2e3937989ca,{}
ac20cd2fd14820a968aaf29a,Root mode,Root-läge,Codeberg:backintime,common,,"Granskad filleverans. Endast färdiga, aktiva översättningar tas med; detta är inte ett påstående om separat registrerat radbeslut för varje oförändrad post.",project-context,d7e8a626093a7bd0ede62bdd,reviewed-file-delivery,https://github.com/yeager/translations/blob/67e6d27877c9cfd6b6dbc74bd852b10bdbe09c3c/Codeberg Weblate/verified-components/translations/backintime/common/common_sv.po,65c0bdff60a18440a1284d35ca06d9bc77c5e655f20c7a2cd385b2e3937989ca,{}
ad6ba50bdb4dac45b8503fb2,Places,Platser,Codeberg:backintime,common,,"Granskad filleverans. Endast färdiga, aktiva översättningar tas med; detta är inte ett påstående om separat registrerat radbeslut för varje oförändrad post.",project-context,c7d78046959392a5a8ec7092,reviewed-file-delivery,https://github.com/yeager/translations/blob/67e6d27877c9cfd6b6dbc74bd852b10bdbe09c3c/Codeberg Weblate/verified-components/translations/backintime/common/common_sv.po,65c0bdff60a18440a1284d35ca06d9bc77c5e655f20c7a2cd385b2e3937989ca,{}
addf75ff0109fe0ab02826ab,Reason:,Anledning:,Codeberg:backintime,common,,"Granskad filleverans. Endast färdiga, aktiva översättningar tas med; detta är inte ett påstående om separat registrerat radbeslut för varje oförändrad post.",project-context,4babd22d846cfb367ebe117f,reviewed-file-delivery,https://github.com/yeager/translations/blob/67e6d27877c9cfd6b6dbc74bd852b10bdbe09c3c/Codeberg Weblate/verified-components/translations/backintime/common/common_sv.po,65c0bdff60a18440a1284d35ca06d9bc77c5e655f20c7a2cd385b2e3937989ca,{}
b1f64e3bef743babc1e3903e,Scan again,Skanna igen,Codeberg:backintime,common,,"Granskad filleverans. Endast färdiga, aktiva översättningar tas med; detta är inte ett påstående om separat registrerat radbeslut för varje oförändrad post.",project-context,240319aff20dea6d17ea6f9d,reviewed-file-delivery,https://github.com/yeager/translations/blob/67e6d27877c9cfd6b6dbc74bd852b10bdbe09c3c/Codeberg Weblate/verified-components/translations/backintime/common/common_sv.po,65c0bdff60a18440a1284d35ca06d9bc77c5e655f20c7a2cd385b2e3937989ca,{}
b457b3a6cac0954b86294eaa,Restore,Återställ,Codeberg:backintime,common,,"Granskad filleverans. Endast färdiga, aktiva översättningar tas med; detta är inte ett påstående om separat registrerat radbeslut för varje oförändrad post.",project-context,9aae3b8ae2e7095f25ecbe4f,reviewed-file-delivery,https://github.com/yeager/translations/blob/67e6d27877c9cfd6b6dbc74bd852b10bdbe09c3c/Codeberg Weblate/verified-components/translations/backintime/common/common_sv.po,65c0bdff60a18440a1284d35ca06d9bc77c5e655f20c7a2cd385b2e3937989ca,{}
b46be0f5dce170f227ba7e66,Minutes:,Minuter:,Codeberg:backintime,common,,"Granskad filleverans. Endast färdiga, aktiva översättningar tas med; detta är inte ett påstående om separat registrerat radbeslut för varje oförändrad post.",project-context,e691cf4c4663eff41dd28c3e,reviewed-file-delivery,https://github.com/yeager/translations/blob/67e6d27877c9cfd6b6dbc74bd852b10bdbe09c3c/Codeberg Weblate/verified-components/translations/backintime/common/common_sv.po,65c0bdff60a18440a1284d35ca06d9bc77c5e655f20c7a2cd385b2e3937989ca,{}
b4be93a1f4bcf97c9b980f78,Applying rules to remove old backups,Verkställer regler för att ta bort gamla säkerhetskopior,Codeberg:backintime,common,,"Granskad filleverans. Endast färdiga, aktiva översättningar tas med; detta är inte ett påstående om separat registrerat radbeslut för varje oförändrad post.",project-context,eeb77d4df68a9949207a96e0,reviewed-file-delivery,https://github.com/yeager/translations/blob/67e6d27877c9cfd6b6dbc74bd852b10bdbe09c3c/Codeberg Weblate/verified-components/translations/backintime/common/common_sv.po,65c0bdff60a18440a1284d35ca06d9bc77c5e655f20c7a2cd385b2e3937989ca,{}
b4d95fa5a6d8d90d96349d31,"Deep check (more accurate, but slow)","Djupkontroll (mer noggrann, men långsam)",Codeberg:backintime,common,,"Granskad filleverans. Endast färdiga, aktiva översättningar tas med; detta är inte ett påstående om separat registrerat radbeslut för varje oförändrad post.",project-context,d702a2beaa4c13908acc4e7e,reviewed-file-delivery,https://github.com/yeager/translations/blob/67e6d27877c9cfd6b6dbc74bd852b10bdbe09c3c/Codeberg Weblate/verified-components/translations/backintime/common/common_sv.po,65c0bdff60a18440a1284d35ca06d9bc77c5e655f20c7a2cd385b2e3937989ca,{}
b4e4446c1326a86de0ac28c1,Applying retention policy,Verkställer bevarandepolicy,Codeberg:backintime,common,,"Granskad filleverans. Endast färdiga, aktiva översättningar tas med; detta är inte ett påstående om separat registrerat radbeslut för varje oförändrad post.",project-context,fc34c1d8efa749fc83901edc,reviewed-file-delivery,https://github.com/yeager/translations/blob/67e6d27877c9cfd6b6dbc74bd852b10bdbe09c3c/Codeberg Weblate/verified-components/translations/backintime/common/common_sv.po,65c0bdff60a18440a1284d35ca06d9bc77c5e655f20c7a2cd385b2e3937989ca,{}
b5680c4e3e65a83943964c79,Add directories,Lägg till mappar,Codeberg:backintime,common,,"Granskad filleverans. Endast färdiga, aktiva översättningar tas med; detta är inte ett påstående om separat registrerat radbeslut för varje oförändrad post.",project-context,0f8eb8f7fc8cf6ff33ee9d26,reviewed-file-delivery,https://github.com/yeager/translations/blob/67e6d27877c9cfd6b6dbc74bd852b10bdbe09c3c/Codeberg Weblate/verified-components/translations/backintime/common/common_sv.po,65c0bdff60a18440a1284d35ca06d9bc77c5e655f20c7a2cd385b2e3937989ca,{}
b57ec35278a0e1ce18bc61cc,Show/hide hidden files and directories (Ctrl+H),Visa/göm dolda filer och mappar (Ctrl+H),Codeberg:backintime,common,,"Granskad filleverans. Endast färdiga, aktiva översättningar tas med; detta är inte ett påstående om separat registrerat radbeslut för varje oförändrad post.",project-context,fa8c21183c83719f4b963b77,reviewed-file-delivery,https://github.com/yeager/translations/blob/67e6d27877c9cfd6b6dbc74bd852b10bdbe09c3c/Codeberg Weblate/verified-components/translations/backintime/common/common_sv.po,65c0bdff60a18440a1284d35ca06d9bc77c5e655f20c7a2cd385b2e3937989ca,{}
b5b311c58ef32d22b1e1aa41,Advanced,Avancerat,Codeberg:backintime,common,,"Granskad filleverans. Endast färdiga, aktiva översättningar tas med; detta är inte ett påstående om separat registrerat radbeslut för varje oförändrad post.",project-context,aaa2b31d69f00bcda1b53427,reviewed-file-delivery,https://github.com/yeager/translations/blob/67e6d27877c9cfd6b6dbc74bd852b10bdbe09c3c/Codeberg Weblate/verified-components/translations/backintime/common/common_sv.po,65c0bdff60a18440a1284d35ca06d9bc77c5e655f20c7a2cd385b2e3937989ca,{}
b6426797bf35d388c105d300,Key file:,Nyckelfil:,Codeberg:backintime,common,,"Granskad filleverans. Endast färdiga, aktiva översättningar tas med; detta är inte ett påstående om separat registrerat radbeslut för varje oförändrad post.",project-context,8d73d2f2458e82af239b8a68,reviewed-file-delivery,https://github.com/yeager/translations/blob/67e6d27877c9cfd6b6dbc74bd852b10bdbe09c3c/Codeberg Weblate/verified-components/translations/backintime/common/common_sv.po,65c0bdff60a18440a1284d35ca06d9bc77c5e655f20c7a2cd385b2e3937989ca,{}
b6c53c2ea31b8e9399324af4,Editor & Office temporary files,Temporära filer för redigerare och Office,Codeberg:backintime,common,,"Granskad filleverans. Endast färdiga, aktiva översättningar tas med; detta är inte ett påstående om separat registrerat radbeslut för varje oförändrad post.",project-context,41c678c86310d3681356c7e1,reviewed-file-delivery,https://github.com/yeager/translations/blob/67e6d27877c9cfd6b6dbc74bd852b10bdbe09c3c/Codeberg Weblate/verified-components/translations/backintime/common/common_sv.po,65c0bdff60a18440a1284d35ca06d9bc77c5e655f20c7a2cd385b2e3937989ca,{}
b712ae4d20a9a239e72f08b2,Yesterday,Igår,Codeberg:backintime,common,,"Granskad filleverans. Endast färdiga, aktiva översättningar tas med; detta är inte ett påstående om separat registrerat radbeslut för varje oförändrad post.",project-context,7970ee5159c413d105dcbf2d,reviewed-file-delivery,https://github.com/yeager/translations/blob/67e6d27877c9cfd6b6dbc74bd852b10bdbe09c3c/Codeberg Weblate/verified-components/translations/backintime/common/common_sv.po,65c0bdff60a18440a1284d35ca06d9bc77c5e655f20c7a2cd385b2e3937989ca,{}
b9f111abc9af0077f5f65d7a,Backup destination unavailable,Säkerhetskopieringsdestination är inte tillgänglig,Codeberg:backintime,common,,"Granskad filleverans. Endast färdiga, aktiva översättningar tas med; detta är inte ett påstående om separat registrerat radbeslut för varje oförändrad post.",project-context,6a9b9f96a70341f9ca2cde97,reviewed-file-delivery,https://github.com/yeager/translations/blob/67e6d27877c9cfd6b6dbc74bd852b10bdbe09c3c/Codeberg Weblate/verified-components/translations/backintime/common/common_sv.po,65c0bdff60a18440a1284d35ca06d9bc77c5e655f20c7a2cd385b2e3937989ca,{}
ba2df6d617da1fd750ec7a31,on remote host,på fjärrvärd,Codeberg:backintime,common,,"Granskad filleverans. Endast färdiga, aktiva översättningar tas med; detta är inte ett påstående om separat registrerat radbeslut för varje oförändrad post.",project-context,233fe822885e51252015f8f8,reviewed-file-delivery,https://github.com/yeager/translations/blob/67e6d27877c9cfd6b6dbc74bd852b10bdbe09c3c/Codeberg Weblate/verified-components/translations/backintime/common/common_sv.po,65c0bdff60a18440a1284d35ca06d9bc77c5e655f20c7a2cd385b2e3937989ca,{}
baea0367f30a758916430bd1,Setup language,Välj språk,Codeberg:backintime,common,,"Granskad filleverans. Endast färdiga, aktiva översättningar tas med; detta är inte ett påstående om separat registrerat radbeslut för varje oförändrad post.",project-context,bf079da8b3eb8ec03af6c357,reviewed-file-delivery,https://github.com/yeager/translations/blob/67e6d27877c9cfd6b6dbc74bd852b10bdbe09c3c/Codeberg Weblate/verified-components/translations/backintime/common/common_sv.po,65c0bdff60a18440a1284d35ca06d9bc77c5e655f20c7a2cd385b2e3937989ca,{}
bc7d87c0e295109c125e6a1d,Copy links (dereference symbolic links),Kopiera länkar (följ symboliska länkar),Codeberg:backintime,common,,"Granskad filleverans. Endast färdiga, aktiva översättningar tas med; detta är inte ett påstående om separat registrerat radbeslut för varje oförändrad post.",project-context,bd8e19fa6baeb89957cb6b04,reviewed-file-delivery,https://github.com/yeager/translations/blob/67e6d27877c9cfd6b6dbc74bd852b10bdbe09c3c/Codeberg Weblate/verified-components/translations/backintime/common/common_sv.po,65c0bdff60a18440a1284d35ca06d9bc77c5e655f20c7a2cd385b2e3937989ca,{}
beeea1d138a56409870e1532,Last week,Förra veckan,Codeberg:backintime,common,,"Granskad filleverans. Endast färdiga, aktiva översättningar tas med; detta är inte ett påstående om separat registrerat radbeslut för varje oförändrad post.",project-context,ad12eba5bc3d9aa660e459e1,reviewed-file-delivery,https://github.com/yeager/translations/blob/67e6d27877c9cfd6b6dbc74bd852b10bdbe09c3c/Codeberg Weblate/verified-components/translations/backintime/common/common_sv.po,65c0bdff60a18440a1284d35ca06d9bc77c5e655f20c7a2cd385b2e3937989ca,{}
bf8d514fc67b277cf17bcc41,SSH Settings,SSH-inställningar,Codeberg:backintime,common,,"Granskad filleverans. Endast färdiga, aktiva översättningar tas med; detta är inte ett påstående om separat registrerat radbeslut för varje oförändrad post.",project-context,adbfcabc1fa8f9b87aa0088d,reviewed-file-delivery,https://github.com/yeager/translations/blob/67e6d27877c9cfd6b6dbc74bd852b10bdbe09c3c/Codeberg Weblate/verified-components/translations/backintime/common/common_sv.po,65c0bdff60a18440a1284d35ca06d9bc77c5e655f20c7a2cd385b2e3937989ca,{}
c02e1296bfd00b0ef37d40e1,Open user manual in browser.,Öppna användarmanual i webbläsaren.,Codeberg:backintime,common,,"Granskad filleverans. Endast färdiga, aktiva översättningar tas med; detta är inte ett påstående om separat registrerat radbeslut för varje oförändrad post.",project-context,eb626d6d92b235b9f2f9f361,reviewed-file-delivery,https://github.com/yeager/translations/blob/67e6d27877c9cfd6b6dbc74bd852b10bdbe09c3c/Codeberg Weblate/verified-components/translations/backintime/common/common_sv.po,65c0bdff60a18440a1284d35ca06d9bc77c5e655f20c7a2cd385b2e3937989ca,{}
c129351ec2bb7067dc2220d9,Can't create directory.,Kunde inte skapa katalog.,Codeberg:backintime,common,,"Granskad filleverans. Endast färdiga, aktiva översättningar tas med; detta är inte ett påstående om separat registrerat radbeslut för varje oförändrad post.",project-context,c99a261241dff16fa0772f85,reviewed-file-delivery,https://github.com/yeager/translations/blob/67e6d27877c9cfd6b6dbc74bd852b10bdbe09c3c/Codeberg Weblate/verified-components/translations/backintime/common/common_sv.po,65c0bdff60a18440a1284d35ca06d9bc77c5e655f20c7a2cd385b2e3937989ca,{}
c1a4513273795c8469543565,Use checksum to detect changes,Använd checksummor för att upptäcka ändringar,Codeberg:backintime,common,,"Granskad filleverans. Endast färdiga, aktiva översättningar tas med; detta är inte ett påstående om separat registrerat radbeslut för varje oförändrad post.",project-context,bce3859720fbd619ab6e87b5,reviewed-file-delivery,https://github.com/yeager/translations/blob/67e6d27877c9cfd6b6dbc74bd852b10bdbe09c3c/Codeberg Weblate/verified-components/translations/backintime/common/common_sv.po,65c0bdff60a18440a1284d35ca06d9bc77c5e655f20c7a2cd385b2e3937989ca,{}
c251a92f7c6c7c822457b476,Day(s),Dag(ar),Codeberg:backintime,common,,"Granskad filleverans. Endast färdiga, aktiva översättningar tas med; detta är inte ett påstående om separat registrerat radbeslut för varje oförändrad post.",project-context,1990de307d3469a7bbb384df,reviewed-file-delivery,https://github.com/yeager/translations/blob/67e6d27877c9cfd6b6dbc74bd852b10bdbe09c3c/Codeberg Weblate/verified-components/translations/backintime/common/common_sv.po,65c0bdff60a18440a1284d35ca06d9bc77c5e655f20c7a2cd385b2e3937989ca,{}
c26f7cd382f76b23516268b0,Details:,Detaljer:,Codeberg:backintime,common,,"Granskad filleverans. Endast färdiga, aktiva översättningar tas med; detta är inte ett påstående om separat registrerat radbeslut för varje oförändrad post.",project-context,09b04e6399df587f68df86f5,reviewed-file-delivery,https://github.com/yeager/translations/blob/67e6d27877c9cfd6b6dbc74bd852b10bdbe09c3c/Codeberg Weblate/verified-components/translations/backintime/common/common_sv.po,65c0bdff60a18440a1284d35ca06d9bc77c5e655f20c7a2cd385b2e3937989ca,{}
c369dfa64e05ce9b76fe9df5,Failed to write new crontab.,Misslyckades med att skriva ny crontab.,Codeberg:backintime,common,,"Granskad filleverans. Endast färdiga, aktiva översättningar tas med; detta är inte ett påstående om separat registrerat radbeslut för varje oförändrad post.",project-context,278963b5edcda9b62cdeb700,reviewed-file-delivery,https://github.com/yeager/translations/blob/67e6d27877c9cfd6b6dbc74bd852b10bdbe09c3c/Codeberg Weblate/verified-components/translations/backintime/common/common_sv.po,65c0bdff60a18440a1284d35ca06d9bc77c5e655f20c7a2cd385b2e3937989ca,{}
c44a0610f2fb08f7b645f4aa,List of currently mounted filesystems,Lista över för nuvarande monterade filsystem,Codeberg:backintime,common,,"Granskad filleverans. Endast färdiga, aktiva översättningar tas med; detta är inte ett påstående om separat registrerat radbeslut för varje oförändrad post.",project-context,a9e88038bd8708848f49f0d0,reviewed-file-delivery,https://github.com/yeager/translations/blob/67e6d27877c9cfd6b6dbc74bd852b10bdbe09c3c/Codeberg Weblate/verified-components/translations/backintime/common/common_sv.po,65c0bdff60a18440a1284d35ca06d9bc77c5e655f20c7a2cd385b2e3937989ca,{}
c4b24ef6c6ec6a7d933ab61b,Exclude Suggestions,Exkludera Förslag,Codeberg:backintime,common,,"Granskad filleverans. Endast färdiga, aktiva översättningar tas med; detta är inte ett påstående om separat registrerat radbeslut för varje oförändrad post.",project-context,28912d7bec329ea6c2cab6e9,reviewed-file-delivery,https://github.com/yeager/translations/blob/67e6d27877c9cfd6b6dbc74bd852b10bdbe09c3c/Codeberg Weblate/verified-components/translations/backintime/common/common_sv.po,65c0bdff60a18440a1284d35ca06d9bc77c5e655f20c7a2cd385b2e3937989ca,{}
c73821312f4da75611742812,Your translation,Din översättning,Codeberg:backintime,common,,"Granskad filleverans. Endast färdiga, aktiva översättningar tas med; detta är inte ett påstående om separat registrerat radbeslut för varje oförändrad post.",project-context,bd2d5523d686af24f9353521,reviewed-file-delivery,https://github.com/yeager/translations/blob/67e6d27877c9cfd6b6dbc74bd852b10bdbe09c3c/Codeberg Weblate/verified-components/translations/backintime/common/common_sv.po,65c0bdff60a18440a1284d35ca06d9bc77c5e655f20c7a2cd385b2e3937989ca,{}
c784729c958aeceb749103e4,Options about comparing backups,Alternativ för att jämföra säkerhetskopior,Codeberg:backintime,common,,"Granskad filleverans. Endast färdiga, aktiva översättningar tas med; detta är inte ett påstående om separat registrerat radbeslut för varje oförändrad post.",project-context,ce955431f12da21539a23159,reviewed-file-delivery,https://github.com/yeager/translations/blob/67e6d27877c9cfd6b6dbc74bd852b10bdbe09c3c/Codeberg Weblate/verified-components/translations/backintime/common/common_sv.po,65c0bdff60a18440a1284d35ca06d9bc77c5e655f20c7a2cd385b2e3937989ca,{}
c8746beeca01718c10928f9d,Backups,Säkerhetskopior,Codeberg:backintime,common,,"Granskad filleverans. Endast färdiga, aktiva översättningar tas med; detta är inte ett påstående om separat registrerat radbeslut för varje oförändrad post.",project-context,12c0ca7e2c5362d2baf7c4b5,reviewed-file-delivery,https://github.com/yeager/translations/blob/67e6d27877c9cfd6b6dbc74bd852b10bdbe09c3c/Codeberg Weblate/verified-components/translations/backintime/common/common_sv.po,65c0bdff60a18440a1284d35ca06d9bc77c5e655f20c7a2cd385b2e3937989ca,{}
ca28bc55f18e204b57e9257b,Backup:,Säkerhetskopia:,Codeberg:backintime,common,,"Granskad filleverans. Endast färdiga, aktiva översättningar tas med; detta är inte ett påstående om separat registrerat radbeslut för varje oförändrad post.",project-context,8e1e91581aa10a385ac86592,reviewed-file-delivery,https://github.com/yeager/translations/blob/67e6d27877c9cfd6b6dbc74bd852b10bdbe09c3c/Codeberg Weblate/verified-components/translations/backintime/common/common_sv.po,65c0bdff60a18440a1284d35ca06d9bc77c5e655f20c7a2cd385b2e3937989ca,{}
cb344997c637165f350f9a1e,Enable notifications,Aktivera aviseringar,Codeberg:backintime,common,,"Granskad filleverans. Endast färdiga, aktiva översättningar tas med; detta är inte ett påstående om separat registrerat radbeslut för varje oförändrad post.",project-context,f9a2d57825348478b227839d,reviewed-file-delivery,https://github.com/yeager/translations/blob/67e6d27877c9cfd6b6dbc74bd852b10bdbe09c3c/Codeberg Weblate/verified-components/translations/backintime/common/common_sv.po,65c0bdff60a18440a1284d35ca06d9bc77c5e655f20c7a2cd385b2e3937989ca,{}
cc80d03030171064a260fd02,Redirect stderr to /dev/null in cronjobs.,Omdirigera stderr till /dev/null i cronjobb.,Codeberg:backintime,common,,"Granskad filleverans. Endast färdiga, aktiva översättningar tas med; detta är inte ett påstående om separat registrerat radbeslut för varje oförändrad post.",project-context,1e6a48f0a242119b33d77ab9,reviewed-file-delivery,https://github.com/yeager/translations/blob/67e6d27877c9cfd6b6dbc74bd852b10bdbe09c3c/Codeberg Weblate/verified-components/translations/backintime/common/common_sv.po,65c0bdff60a18440a1284d35ca06d9bc77c5e655f20c7a2cd385b2e3937989ca,{}
ce9d19ac2989202933549c07,Create,Skapa,Codeberg:backintime,common,,"Granskad filleverans. Endast färdiga, aktiva översättningar tas med; detta är inte ett påstående om separat registrerat radbeslut för varje oförändrad post.",project-context,48ac34fd049c63ff3f4d4468,reviewed-file-delivery,https://github.com/yeager/translations/blob/67e6d27877c9cfd6b6dbc74bd852b10bdbe09c3c/Codeberg Weblate/verified-components/translations/backintime/common/common_sv.po,65c0bdff60a18440a1284d35ca06d9bc77c5e655f20c7a2cd385b2e3937989ca,{}
cf42e8c42f6c942b2e74d3d2,FAQ,Vanliga frågor,Codeberg:backintime,common,,"Granskad filleverans. Endast färdiga, aktiva översättningar tas med; detta är inte ett påstående om separat registrerat radbeslut för varje oförändrad post.",project-context,0f567c64eaf32cec6331f0cc,reviewed-file-delivery,https://github.com/yeager/translations/blob/67e6d27877c9cfd6b6dbc74bd852b10bdbe09c3c/Codeberg Weblate/verified-components/translations/backintime/common/common_sv.po,65c0bdff60a18440a1284d35ca06d9bc77c5e655f20c7a2cd385b2e3937989ca,{}
cfd5403ac989f45c6579b5a9,Backup name,Namn på säkerhetskopian,Codeberg:backintime,common,,"Granskad filleverans. Endast färdiga, aktiva översättningar tas med; detta är inte ett påstående om separat registrerat radbeslut för varje oförändrad post.",project-context,2446b149ae40ee29d2548234,reviewed-file-delivery,https://github.com/yeager/translations/blob/67e6d27877c9cfd6b6dbc74bd852b10bdbe09c3c/Codeberg Weblate/verified-components/translations/backintime/common/common_sv.po,65c0bdff60a18440a1284d35ca06d9bc77c5e655f20c7a2cd385b2e3937989ca,{}
cfe50c4b0a0e6e7e977e958f,Flatpak app and runtime repository,Flatpak-app och körtid-arkiv,Codeberg:backintime,common,,"Granskad filleverans. Endast färdiga, aktiva översättningar tas med; detta är inte ett påstående om separat registrerat radbeslut för varje oförändrad post.",project-context,d7ef48396a97698af659183c,reviewed-file-delivery,https://github.com/yeager/translations/blob/67e6d27877c9cfd6b6dbc74bd852b10bdbe09c3c/Codeberg Weblate/verified-components/translations/backintime/common/common_sv.po,65c0bdff60a18440a1284d35ca06d9bc77c5e655f20c7a2cd385b2e3937989ca,{}
d091c4691cb763f3ca040b7e,Device nodes,Enhetsnoder,Codeberg:backintime,common,,"Granskad filleverans. Endast färdiga, aktiva översättningar tas med; detta är inte ett påstående om separat registrerat radbeslut för varje oförändrad post.",project-context,b5954ae55c9943f51b0764d3,reviewed-file-delivery,https://github.com/yeager/translations/blob/67e6d27877c9cfd6b6dbc74bd852b10bdbe09c3c/Codeberg Weblate/verified-components/translations/backintime/common/common_sv.po,65c0bdff60a18440a1284d35ca06d9bc77c5e655f20c7a2cd385b2e3937989ca,{}
d0bd6c3b9d5b0b955de9c5a2,Can't find backup destination directory.,Kan inte hitta säkerhetskopians destinationskatalog.,Codeberg:backintime,common,,"Granskad filleverans. Endast färdiga, aktiva översättningar tas med; detta är inte ett påstående om separat registrerat radbeslut för varje oförändrad post.",project-context,b55b4aeb7a76b0506700f926,reviewed-file-delivery,https://github.com/yeager/translations/blob/67e6d27877c9cfd6b6dbc74bd852b10bdbe09c3c/Codeberg Weblate/verified-components/translations/backintime/common/common_sv.po,65c0bdff60a18440a1284d35ca06d9bc77c5e655f20c7a2cd385b2e3937989ca,{}
d287fb5e7af033b76ffa681c,Last month,Senaste månaden,Codeberg:backintime,common,,"Granskad filleverans. Endast färdiga, aktiva översättningar tas med; detta är inte ett påstående om separat registrerat radbeslut för varje oförändrad post.",project-context,6fa8c5c4213ebc847cad2f26,reviewed-file-delivery,https://github.com/yeager/translations/blob/67e6d27877c9cfd6b6dbc74bd852b10bdbe09c3c/Codeberg Weblate/verified-components/translations/backintime/common/common_sv.po,65c0bdff60a18440a1284d35ca06d9bc77c5e655f20c7a2cd385b2e3937989ca,{}
d3d5f032934f73933df7d083,View Last Log,Visa senaste logg,Codeberg:backintime,common,,"Granskad filleverans. Endast färdiga, aktiva översättningar tas med; detta är inte ett påstående om separat registrerat radbeslut för varje oförändrad post.",project-context,b0c68857a4b8e36096de71f5,reviewed-file-delivery,https://github.com/yeager/translations/blob/67e6d27877c9cfd6b6dbc74bd852b10bdbe09c3c/Codeberg Weblate/verified-components/translations/backintime/common/common_sv.po,65c0bdff60a18440a1284d35ca06d9bc77c5e655f20c7a2cd385b2e3937989ca,{}
d58787973f59f9d2317d9a00,&Remove & Retention,Ta &bort & bibehåll,Codeberg:backintime,common,,"Granskad filleverans. Endast färdiga, aktiva översättningar tas med; detta är inte ett påstående om separat registrerat radbeslut för varje oförändrad post.",project-context,d5c869e2c040ce23130a570c,reviewed-file-delivery,https://github.com/yeager/translations/blob/67e6d27877c9cfd6b6dbc74bd852b10bdbe09c3c/Codeberg Weblate/verified-components/translations/backintime/common/common_sv.po,65c0bdff60a18440a1284d35ca06d9bc77c5e655f20c7a2cd385b2e3937989ca,{}
d5db481ebcb07587cb875f70,Weekday:,Veckodag:,Codeberg:backintime,common,,"Granskad filleverans. Endast färdiga, aktiva översättningar tas med; detta är inte ett påstående om separat registrerat radbeslut för varje oförändrad post.",project-context,023c6ec8d58aaee8eec15691,reviewed-file-delivery,https://github.com/yeager/translations/blob/67e6d27877c9cfd6b6dbc74bd852b10bdbe09c3c/Codeberg Weblate/verified-components/translations/backintime/common/common_sv.po,65c0bdff60a18440a1284d35ca06d9bc77c5e655f20c7a2cd385b2e3937989ca,{}
d6288f04c67170d93d8f6698,Command:,Kommando:,Codeberg:backintime,common,,"Granskad filleverans. Endast färdiga, aktiva översättningar tas med; detta är inte ett påstående om separat registrerat radbeslut för varje oförändrad post.",project-context,aaedfdc26f3658da2e6984c5,reviewed-file-delivery,https://github.com/yeager/translations/blob/67e6d27877c9cfd6b6dbc74bd852b10bdbe09c3c/Codeberg Weblate/verified-components/translations/backintime/common/common_sv.po,65c0bdff60a18440a1284d35ca06d9bc77c5e655f20c7a2cd385b2e3937989ca,{}
d6efe0bc783285920a4a417d,Edit,Redigera,Codeberg:backintime,common,,"Granskad filleverans. Endast färdiga, aktiva översättningar tas med; detta är inte ett påstående om separat registrerat radbeslut för varje oförändrad post.",project-context,5c2ebf79b4644b6d77931f21,reviewed-file-delivery,https://github.com/yeager/translations/blob/67e6d27877c9cfd6b6dbc74bd852b10bdbe09c3c/Codeberg Weblate/verified-components/translations/backintime/common/common_sv.po,65c0bdff60a18440a1284d35ca06d9bc77c5e655f20c7a2cd385b2e3937989ca,{}
d788c504ea7e971fa884c241,man page: Profiles config file,manualsida: Konfigurationsfil för profiler,Codeberg:backintime,common,,"Granskad filleverans. Endast färdiga, aktiva översättningar tas med; detta är inte ett påstående om separat registrerat radbeslut för varje oförändrad post.",project-context,7b81e504fb154b09ba0f3322,reviewed-file-delivery,https://github.com/yeager/translations/blob/67e6d27877c9cfd6b6dbc74bd852b10bdbe09c3c/Codeberg Weblate/verified-components/translations/backintime/common/common_sv.po,65c0bdff60a18440a1284d35ca06d9bc77c5e655f20c7a2cd385b2e3937989ca,{}
d7d6ae6ae2eaaef644b0d1eb,Back In &Time,Tillbaka I &Tid,Codeberg:backintime,common,,"Granskad filleverans. Endast färdiga, aktiva översättningar tas med; detta är inte ett påstående om separat registrerat radbeslut för varje oförändrad post.",project-context,acad06bf867f7658062e6d00,reviewed-file-delivery,https://github.com/yeager/translations/blob/67e6d27877c9cfd6b6dbc74bd852b10bdbe09c3c/Codeberg Weblate/verified-components/translations/backintime/common/common_sv.po,65c0bdff60a18440a1284d35ca06d9bc77c5e655f20c7a2cd385b2e3937989ca,{}
d80103c3e3d2970c5f353de2,Application-specific locks,Program-specifika lås,Codeberg:backintime,common,,"Granskad filleverans. Endast färdiga, aktiva översättningar tas med; detta är inte ett påstående om separat registrerat radbeslut för varje oförändrad post.",project-context,d4c07a61eecf878b08660df3,reviewed-file-delivery,https://github.com/yeager/translations/blob/67e6d27877c9cfd6b6dbc74bd852b10bdbe09c3c/Codeberg Weblate/verified-components/translations/backintime/common/common_sv.po,65c0bdff60a18440a1284d35ca06d9bc77c5e655f20c7a2cd385b2e3937989ca,{}
d8bed4398a1f230b779a3285,Partial transfer due to error,Partiell överföring på grund av fel,Codeberg:backintime,common,,"Granskad filleverans. Endast färdiga, aktiva översättningar tas med; detta är inte ett påstående om separat registrerat radbeslut för varje oförändrad post.",project-context,41e35aaf3631a0348afa482a,reviewed-file-delivery,https://github.com/yeager/translations/blob/67e6d27877c9cfd6b6dbc74bd852b10bdbe09c3c/Codeberg Weblate/verified-components/translations/backintime/common/common_sv.po,65c0bdff60a18440a1284d35ca06d9bc77c5e655f20c7a2cd385b2e3937989ca,{}
d8c30302afd4da6e7a7804c7,enabled,aktiverad,Codeberg:backintime,common,,"Granskad filleverans. Endast färdiga, aktiva översättningar tas med; detta är inte ett påstående om separat registrerat radbeslut för varje oförändrad post.",project-context,269a986dbd16616612680ca5,reviewed-file-delivery,https://github.com/yeager/translations/blob/67e6d27877c9cfd6b6dbc74bd852b10bdbe09c3c/Codeberg Weblate/verified-components/translations/backintime/common/common_sv.po,65c0bdff60a18440a1284d35ca06d9bc77c5e655f20c7a2cd385b2e3937989ca,{}
d93921bd2ee5d03318c9ae6d,Include files,Inkludera filer,Codeberg:backintime,common,,"Granskad filleverans. Endast färdiga, aktiva översättningar tas med; detta är inte ett påstående om separat registrerat radbeslut för varje oförändrad post.",project-context,23695f7a31560a46b69595f8,reviewed-file-delivery,https://github.com/yeager/translations/blob/67e6d27877c9cfd6b6dbc74bd852b10bdbe09c3c/Codeberg Weblate/verified-components/translations/backintime/common/common_sv.po,65c0bdff60a18440a1284d35ca06d9bc77c5e655f20c7a2cd385b2e3937989ca,{}
dba02efbeae907a03e03e73b,Paste additional options to rsync,Klistra in ytterligare alternativ till rsync,Codeberg:backintime,common,,"Granskad filleverans. Endast färdiga, aktiva översättningar tas med; detta är inte ett påstående om separat registrerat radbeslut för varje oförändrad post.",project-context,6e63eadbae50dcfc3314a24d,reviewed-file-delivery,https://github.com/yeager/translations/blob/67e6d27877c9cfd6b6dbc74bd852b10bdbe09c3c/Codeberg Weblate/verified-components/translations/backintime/common/common_sv.po,65c0bdff60a18440a1284d35ca06d9bc77c5e655f20c7a2cd385b2e3937989ca,{}
ddca385dd4a47687eb351d57,Mode:,Läge:,Codeberg:backintime,common,,"Granskad filleverans. Endast färdiga, aktiva översättningar tas med; detta är inte ett påstående om separat registrerat radbeslut för varje oförändrad post.",project-context,684356dfda31e6666801c21d,reviewed-file-delivery,https://github.com/yeager/translations/blob/67e6d27877c9cfd6b6dbc74bd852b10bdbe09c3c/Codeberg Weblate/verified-components/translations/backintime/common/common_sv.po,65c0bdff60a18440a1284d35ca06d9bc77c5e655f20c7a2cd385b2e3937989ca,{}
de645a1681ff028a5bb741c1,Every month,Varje månad,Codeberg:backintime,common,,"Granskad filleverans. Endast färdiga, aktiva översättningar tas med; detta är inte ett påstående om separat registrerat radbeslut för varje oförändrad post.",project-context,49cd40d16c504a84f1738ee4,reviewed-file-delivery,https://github.com/yeager/translations/blob/67e6d27877c9cfd6b6dbc74bd852b10bdbe09c3c/Codeberg Weblate/verified-components/translations/backintime/common/common_sv.po,65c0bdff60a18440a1284d35ca06d9bc77c5e655f20c7a2cd385b2e3937989ca,{}
de9143a5993b5b701288e065,as cron job,som cronjobb,Codeberg:backintime,common,,"Granskad filleverans. Endast färdiga, aktiva översättningar tas med; detta är inte ett påstående om separat registrerat radbeslut för varje oförändrad post.",project-context,57af5700dc87b04b22901e4f,reviewed-file-delivery,https://github.com/yeager/translations/blob/67e6d27877c9cfd6b6dbc74bd852b10bdbe09c3c/Codeberg Weblate/verified-components/translations/backintime/common/common_sv.po,65c0bdff60a18440a1284d35ca06d9bc77c5e655f20c7a2cd385b2e3937989ca,{}
df02f33b762ffc5d11831c46,No config found in this directory.,Ingen konfiguration hittades i den här katalogen.,Codeberg:backintime,common,,"Granskad filleverans. Endast färdiga, aktiva översättningar tas med; detta är inte ett påstående om separat registrerat radbeslut för varje oförändrad post.",project-context,2a05ba53bd2d79c1cf97ace9,reviewed-file-delivery,https://github.com/yeager/translations/blob/67e6d27877c9cfd6b6dbc74bd852b10bdbe09c3c/Codeberg Weblate/verified-components/translations/backintime/common/common_sv.po,65c0bdff60a18440a1284d35ca06d9bc77c5e655f20c7a2cd385b2e3937989ca,{}
df5355e6a605db6b95f34e8f,Thumbnails & Temporary Pictures,Tumnaglar & Temporära bilder,Codeberg:backintime,common,,"Granskad filleverans. Endast färdiga, aktiva översättningar tas med; detta är inte ett påstående om separat registrerat radbeslut för varje oförändrad post.",project-context,a1aa75bcdb16a4d163a38d92,reviewed-file-delivery,https://github.com/yeager/translations/blob/67e6d27877c9cfd6b6dbc74bd852b10bdbe09c3c/Codeberg Weblate/verified-components/translations/backintime/common/common_sv.po,65c0bdff60a18440a1284d35ca06d9bc77c5e655f20c7a2cd385b2e3937989ca,{}
e17b292087588b8974929fc3,Recovered filesystem objects,Återskapade filsystemobjekt,Codeberg:backintime,common,,"Granskad filleverans. Endast färdiga, aktiva översättningar tas med; detta är inte ett påstående om separat registrerat radbeslut för varje oförändrad post.",project-context,3cef6a39468a0042381c8700,reviewed-file-delivery,https://github.com/yeager/translations/blob/67e6d27877c9cfd6b6dbc74bd852b10bdbe09c3c/Codeberg Weblate/verified-components/translations/backintime/common/common_sv.po,65c0bdff60a18440a1284d35ca06d9bc77c5e655f20c7a2cd385b2e3937989ca,{}
e2a704d979c3133726d757ba,See 'man rsync' for more details,"Se ""man rsync"" för fler detaljer",Codeberg:backintime,common,,"Granskad filleverans. Endast färdiga, aktiva översättningar tas med; detta är inte ett påstående om separat registrerat radbeslut för varje oförändrad post.",project-context,a101f361a833d9f42871ae31,reviewed-file-delivery,https://github.com/yeager/translations/blob/67e6d27877c9cfd6b6dbc74bd852b10bdbe09c3c/Codeberg Weblate/verified-components/translations/backintime/common/common_sv.po,65c0bdff60a18440a1284d35ca06d9bc77c5e655f20c7a2cd385b2e3937989ca,{}
e32f0d1337385d8534909152,Host:,Värd:,Codeberg:backintime,common,,"Granskad filleverans. Endast färdiga, aktiva översättningar tas med; detta är inte ett påstående om separat registrerat radbeslut för varje oförändrad post.",project-context,cc52af5b935f3069e2f441e0,reviewed-file-delivery,https://github.com/yeager/translations/blob/67e6d27877c9cfd6b6dbc74bd852b10bdbe09c3c/Codeberg Weblate/verified-components/translations/backintime/common/common_sv.po,65c0bdff60a18440a1284d35ca06d9bc77c5e655f20c7a2cd385b2e3937989ca,{}
e44d7dadd1ca7e16f3327f17,Metadata directory on Microsoft Windows,Metadatakatalog på Microsoft Windows,Codeberg:backintime,common,,"Granskad filleverans. Endast färdiga, aktiva översättningar tas med; detta är inte ett påstående om separat registrerat radbeslut för varje oförändrad post.",project-context,974420712f6fbe4de8b5a8b4,reviewed-file-delivery,https://github.com/yeager/translations/blob/67e6d27877c9cfd6b6dbc74bd852b10bdbe09c3c/Codeberg Weblate/verified-components/translations/backintime/common/common_sv.po,65c0bdff60a18440a1284d35ca06d9bc77c5e655f20c7a2cd385b2e3937989ca,{}
e47169ee5e3dd145de19506e,disabled,inaktiverad,Codeberg:backintime,common,,"Granskad filleverans. Endast färdiga, aktiva översättningar tas med; detta är inte ett påstående om separat registrerat radbeslut för varje oförändrad post.",project-context,f6e1477f0d3a32b5abed2fa7,reviewed-file-delivery,https://github.com/yeager/translations/blob/67e6d27877c9cfd6b6dbc74bd852b10bdbe09c3c/Codeberg Weblate/verified-components/translations/backintime/common/common_sv.po,65c0bdff60a18440a1284d35ca06d9bc77c5e655f20c7a2cd385b2e3937989ca,{}
e4fe1c96e5bc387e8ccbc78d,About Back In Time,Om Back In Time,Codeberg:backintime,common,,"Granskad filleverans. Endast färdiga, aktiva översättningar tas med; detta är inte ett påstående om separat registrerat radbeslut för varje oförändrad post.",project-context,20acf84ce13717455f35ef69,reviewed-file-delivery,https://github.com/yeager/translations/blob/67e6d27877c9cfd6b6dbc74bd852b10bdbe09c3c/Codeberg Weblate/verified-components/translations/backintime/common/common_sv.po,65c0bdff60a18440a1284d35ca06d9bc77c5e655f20c7a2cd385b2e3937989ca,{}
e50b48766dd66cefdbf7a68f,When drive gets connected (udev),När enhet ansluts (udev),Codeberg:backintime,common,,"Granskad filleverans. Endast färdiga, aktiva översättningar tas med; detta är inte ett påstående om separat registrerat radbeslut för varje oförändrad post.",project-context,b435279a7193e73ee3547121,reviewed-file-delivery,https://github.com/yeager/translations/blob/67e6d27877c9cfd6b6dbc74bd852b10bdbe09c3c/Codeberg Weblate/verified-components/translations/backintime/common/common_sv.po,65c0bdff60a18440a1284d35ca06d9bc77c5e655f20c7a2cd385b2e3937989ca,{}
e512ceafb5fd7fb2fa343add,Name backup,Namnge säkerhetskopia,Codeberg:backintime,common,,"Granskad filleverans. Endast färdiga, aktiva översättningar tas med; detta är inte ett påstående om separat registrerat radbeslut för varje oförändrad post.",project-context,61e8a67309c4cf37d4403cdb,reviewed-file-delivery,https://github.com/yeager/translations/blob/67e6d27877c9cfd6b6dbc74bd852b10bdbe09c3c/Codeberg Weblate/verified-components/translations/backintime/common/common_sv.po,65c0bdff60a18440a1284d35ca06d9bc77c5e655f20c7a2cd385b2e3937989ca,{}
e5302b8093ace75bf39ae665,Really change the backup directory?,Verkligen ändra katalog för säkerhetskopiering?,Codeberg:backintime,common,,"Granskad filleverans. Endast färdiga, aktiva översättningar tas med; detta är inte ett påstående om separat registrerat radbeslut för varje oförändrad post.",project-context,4505773c8b18e81497b97d73,reviewed-file-delivery,https://github.com/yeager/translations/blob/67e6d27877c9cfd6b6dbc74bd852b10bdbe09c3c/Codeberg Weblate/verified-components/translations/backintime/common/common_sv.po,65c0bdff60a18440a1284d35ca06d9bc77c5e655f20c7a2cd385b2e3937989ca,{}
e5b1ee79181b1317e090ac02,Remove backups older than,Ta bort säkerhetskopior som är äldre än,Codeberg:backintime,common,,"Granskad filleverans. Endast färdiga, aktiva översättningar tas med; detta är inte ett påstående om separat registrerat radbeslut för varje oförändrad post.",project-context,b52f6d6bf47ef3a7a063b389,reviewed-file-delivery,https://github.com/yeager/translations/blob/67e6d27877c9cfd6b6dbc74bd852b10bdbe09c3c/Codeberg Weblate/verified-components/translations/backintime/common/common_sv.po,65c0bdff60a18440a1284d35ca06d9bc77c5e655f20c7a2cd385b2e3937989ca,{}
e67736c9777838be8f4f6102,User:,Användare:,Codeberg:backintime,common,,"Granskad filleverans. Endast färdiga, aktiva översättningar tas med; detta är inte ett påstående om separat registrerat radbeslut för varje oförändrad post.",project-context,0a34ce22ac35ed41c2b213b0,reviewed-file-delivery,https://github.com/yeager/translations/blob/67e6d27877c9cfd6b6dbc74bd852b10bdbe09c3c/Codeberg Weblate/verified-components/translations/backintime/common/common_sv.po,65c0bdff60a18440a1284d35ca06d9bc77c5e655f20c7a2cd385b2e3937989ca,{}
e67ce91feb0bdcbdd5a50a3c,Unable to initialize encryption.,Kunde inte initiera krypteringen.,Codeberg:backintime,common,,"Granskad filleverans. Endast färdiga, aktiva översättningar tas med; detta är inte ett påstående om separat registrerat radbeslut för varje oförändrad post.",project-context,75de804e83f3199de40bdbbd,reviewed-file-delivery,https://github.com/yeager/translations/blob/67e6d27877c9cfd6b6dbc74bd852b10bdbe09c3c/Codeberg Weblate/verified-components/translations/backintime/common/common_sv.po,65c0bdff60a18440a1284d35ca06d9bc77c5e655f20c7a2cd385b2e3937989ca,{}
e79bb1778b8ae4c56a8feb91,New profile,Ny profil,Codeberg:backintime,common,,"Granskad filleverans. Endast färdiga, aktiva översättningar tas med; detta är inte ett påstående om separat registrerat radbeslut för varje oförändrad post.",project-context,a96c436aa712f8d514615e1d,reviewed-file-delivery,https://github.com/yeager/translations/blob/67e6d27877c9cfd6b6dbc74bd852b10bdbe09c3c/Codeberg Weblate/verified-components/translations/backintime/common/common_sv.po,65c0bdff60a18440a1284d35ca06d9bc77c5e655f20c7a2cd385b2e3937989ca,{}
e904647adfb275ec12337e72,Local,Lokal,Codeberg:backintime,common,,"Granskad filleverans. Endast färdiga, aktiva översättningar tas med; detta är inte ett påstående om separat registrerat radbeslut för varje oförändrad post.",project-context,b185db2d6f84168af06ff80c,reviewed-file-delivery,https://github.com/yeager/translations/blob/67e6d27877c9cfd6b6dbc74bd852b10bdbe09c3c/Codeberg Weblate/verified-components/translations/backintime/common/common_sv.po,65c0bdff60a18440a1284d35ca06d9bc77c5e655f20c7a2cd385b2e3937989ca,{}
e9232247b3da3f8bd6d00001,"Exclude patterns, files or directories","Exkludera mönster, filer eller kataloger",Codeberg:backintime,common,,"Granskad filleverans. Endast färdiga, aktiva översättningar tas med; detta är inte ett påstående om separat registrerat radbeslut för varje oförändrad post.",project-context,3002f6a87f3e1a46f6b8ff9b,reviewed-file-delivery,https://github.com/yeager/translations/blob/67e6d27877c9cfd6b6dbc74bd852b10bdbe09c3c/Codeberg Weblate/verified-components/translations/backintime/common/common_sv.po,65c0bdff60a18440a1284d35ca06d9bc77c5e655f20c7a2cd385b2e3937989ca,{}
ea5a28d192804948b644d992,Contact,Kontakt,Codeberg:backintime,common,,"Granskad filleverans. Endast färdiga, aktiva översättningar tas med; detta är inte ett påstående om separat registrerat radbeslut för varje oförändrad post.",project-context,2ed0ac8739792e59ae79fb33,reviewed-file-delivery,https://github.com/yeager/translations/blob/67e6d27877c9cfd6b6dbc74bd852b10bdbe09c3c/Codeberg Weblate/verified-components/translations/backintime/common/common_sv.po,65c0bdff60a18440a1284d35ca06d9bc77c5e655f20c7a2cd385b2e3937989ca,{}
eaa778d81aa9373adde204c0,Manage profiles…,Hantera profiler…,Codeberg:backintime,common,,"Granskad filleverans. Endast färdiga, aktiva översättningar tas med; detta är inte ett påstående om separat registrerat radbeslut för varje oförändrad post.",project-context,8addaa0160f74932e66022ac,reviewed-file-delivery,https://github.com/yeager/translations/blob/67e6d27877c9cfd6b6dbc74bd852b10bdbe09c3c/Codeberg Weblate/verified-components/translations/backintime/common/common_sv.po,65c0bdff60a18440a1284d35ca06d9bc77c5e655f20c7a2cd385b2e3937989ca,{}
eade16a473b284fa63f1d870,Backups are stored locally.,Säkerhetskopior lagras lokalt.,Codeberg:backintime,common,,"Granskad filleverans. Endast färdiga, aktiva översättningar tas med; detta är inte ett påstående om separat registrerat radbeslut för varje oförändrad post.",project-context,5b99e881257283b8f3596753,reviewed-file-delivery,https://github.com/yeager/translations/blob/67e6d27877c9cfd6b6dbc74bd852b10bdbe09c3c/Codeberg Weblate/verified-components/translations/backintime/common/common_sv.po,65c0bdff60a18440a1284d35ca06d9bc77c5e655f20c7a2cd385b2e3937989ca,{}
ecaa0678bf8c102f9880db72,Backup directory is not valid.,Katalogen för säkerhetskopian är inte giltig.,Codeberg:backintime,common,,"Granskad filleverans. Endast färdiga, aktiva översättningar tas med; detta är inte ett påstående om separat registrerat radbeslut för varje oförändrad post.",project-context,847621c87bc95c5bca4c86e1,reviewed-file-delivery,https://github.com/yeager/translations/blob/67e6d27877c9cfd6b6dbc74bd852b10bdbe09c3c/Codeberg Weblate/verified-components/translations/backintime/common/common_sv.po,65c0bdff60a18440a1284d35ca06d9bc77c5e655f20c7a2cd385b2e3937989ca,{}
edb8abcd1c083d49d40a0edb,Log Level:,Loggnivå:,Codeberg:backintime,common,,"Granskad filleverans. Endast färdiga, aktiva översättningar tas med; detta är inte ett påstående om separat registrerat radbeslut för varje oförändrad post.",project-context,e07e1708572e6b836e1f0edc,reviewed-file-delivery,https://github.com/yeager/translations/blob/67e6d27877c9cfd6b6dbc74bd852b10bdbe09c3c/Codeberg Weblate/verified-components/translations/backintime/common/common_sv.po,65c0bdff60a18440a1284d35ca06d9bc77c5e655f20c7a2cd385b2e3937989ca,{}
ee7de182d9aa9a206331be6a,Options,Alternativ,Codeberg:backintime,common,,"Granskad filleverans. Endast färdiga, aktiva översättningar tas med; detta är inte ett påstående om separat registrerat radbeslut för varje oförändrad post.",project-context,df969fd9fcc07dde5046cad8,reviewed-file-delivery,https://github.com/yeager/translations/blob/67e6d27877c9cfd6b6dbc74bd852b10bdbe09c3c/Codeberg Weblate/verified-components/translations/backintime/common/common_sv.po,65c0bdff60a18440a1284d35ca06d9bc77c5e655f20c7a2cd385b2e3937989ca,{}
ef113d0b219e508a68b72911,Default,Standard,Codeberg:backintime,common,,"Granskad filleverans. Endast färdiga, aktiva översättningar tas med; detta är inte ett påstående om separat registrerat radbeslut för varje oförändrad post.",project-context,601a0133939f3dce32610d8c,reviewed-file-delivery,https://github.com/yeager/translations/blob/67e6d27877c9cfd6b6dbc74bd852b10bdbe09c3c/Codeberg Weblate/verified-components/translations/backintime/common/common_sv.po,65c0bdff60a18440a1284d35ca06d9bc77c5e655f20c7a2cd385b2e3937989ca,{}
ef554fa60c1f11113de39113,&General,&Allmänt,Codeberg:backintime,common,,"Granskad filleverans. Endast färdiga, aktiva översättningar tas med; detta är inte ett påstående om separat registrerat radbeslut för varje oförändrad post.",project-context,af7aa0bdb23536b344e85967,reviewed-file-delivery,https://github.com/yeager/translations/blob/67e6d27877c9cfd6b6dbc74bd852b10bdbe09c3c/Codeberg Weblate/verified-components/translations/backintime/common/common_sv.po,65c0bdff60a18440a1284d35ca06d9bc77c5e655f20c7a2cd385b2e3937989ca,{}
ef80356fc9391e88228aa3e5,Refresh backup list,Uppdatera listan för säkerhetskopiering,Codeberg:backintime,common,,"Granskad filleverans. Endast färdiga, aktiva översättningar tas med; detta är inte ett påstående om separat registrerat radbeslut för varje oförändrad post.",project-context,940e3efc39e24aac680e3cf9,reviewed-file-delivery,https://github.com/yeager/translations/blob/67e6d27877c9cfd6b6dbc74bd852b10bdbe09c3c/Codeberg Weblate/verified-components/translations/backintime/common/common_sv.po,65c0bdff60a18440a1284d35ca06d9bc77c5e655f20c7a2cd385b2e3937989ca,{}
efb78c4318e4641a99ea0cbc,Profile:,Profil:,Codeberg:backintime,common,,"Granskad filleverans. Endast färdiga, aktiva översättningar tas med; detta är inte ett påstående om separat registrerat radbeslut för varje oförändrad post.",project-context,38f3dccceb8889238e3ccdd8,reviewed-file-delivery,https://github.com/yeager/translations/blob/67e6d27877c9cfd6b6dbc74bd852b10bdbe09c3c/Codeberg Weblate/verified-components/translations/backintime/common/common_sv.po,65c0bdff60a18440a1284d35ca06d9bc77c5e655f20c7a2cd385b2e3937989ca,{}
f081bbd712608da6dc814d3f,"Done, no backup needed","Färdig, ingen säkerhetskopiering behövdes",Codeberg:backintime,common,,"Granskad filleverans. Endast färdiga, aktiva översättningar tas med; detta är inte ett påstående om separat registrerat radbeslut för varje oförändrad post.",project-context,4f079dd78e31ff478d5713b9,reviewed-file-delivery,https://github.com/yeager/translations/blob/67e6d27877c9cfd6b6dbc74bd852b10bdbe09c3c/Codeberg Weblate/verified-components/translations/backintime/common/common_sv.po,65c0bdff60a18440a1284d35ca06d9bc77c5e655f20c7a2cd385b2e3937989ca,{}
f1d382c2794123ce79fb068f,File System,Filsystem,Codeberg:backintime,common,,"Granskad filleverans. Endast färdiga, aktiva översättningar tas med; detta är inte ett påstående om separat registrerat radbeslut för varje oförändrad post.",project-context,87472abdd8de7bb1ff838dcb,reviewed-file-delivery,https://github.com/yeager/translations/blob/67e6d27877c9cfd6b6dbc74bd852b10bdbe09c3c/Codeberg Weblate/verified-components/translations/backintime/common/common_sv.po,65c0bdff60a18440a1284d35ca06d9bc77c5e655f20c7a2cd385b2e3937989ca,{}
f1ef6d7c24f3fb4aba9b771b,Please be patient. Finalizing…,Vänligen ha tålamod. Slutför…,Codeberg:backintime,common,,"Granskad filleverans. Endast färdiga, aktiva översättningar tas med; detta är inte ett påstående om separat registrerat radbeslut för varje oförändrad post.",project-context,9e4df577bd108018c731fc42,reviewed-file-delivery,https://github.com/yeager/translations/blob/67e6d27877c9cfd6b6dbc74bd852b10bdbe09c3c/Codeberg Weblate/verified-components/translations/backintime/common/common_sv.po,65c0bdff60a18440a1284d35ca06d9bc77c5e655f20c7a2cd385b2e3937989ca,{}
f2499999abd2a74186172342,this link,denna länk,Codeberg:backintime,common,,"Granskad filleverans. Endast färdiga, aktiva översättningar tas med; detta är inte ett påstående om separat registrerat radbeslut för varje oförändrad post.",project-context,d6119e9eabf7edf11f165f98,reviewed-file-delivery,https://github.com/yeager/translations/blob/67e6d27877c9cfd6b6dbc74bd852b10bdbe09c3c/Codeberg Weblate/verified-components/translations/backintime/common/common_sv.po,65c0bdff60a18440a1284d35ca06d9bc77c5e655f20c7a2cd385b2e3937989ca,{}
f32d053f84c6fee4a1fb8576,Light icon,Ljus ikon,Codeberg:backintime,common,,"Granskad filleverans. Endast färdiga, aktiva översättningar tas med; detta är inte ett påstående om separat registrerat radbeslut för varje oförändrad post.",project-context,41d91aa42d24bc4131364510,reviewed-file-delivery,https://github.com/yeager/translations/blob/67e6d27877c9cfd6b6dbc74bd852b10bdbe09c3c/Codeberg Weblate/verified-components/translations/backintime/common/common_sv.po,65c0bdff60a18440a1284d35ca06d9bc77c5e655f20c7a2cd385b2e3937989ca,{}
f37fa7f2e6b65321337eca04,Profile setup failed,Profilinställningarna misslyckades,Codeberg:backintime,common,,"Granskad filleverans. Endast färdiga, aktiva översättningar tas med; detta är inte ett påstående om separat registrerat radbeslut för varje oförändrad post.",project-context,8d951939a58ff40d2abb0fde,reviewed-file-delivery,https://github.com/yeager/translations/blob/67e6d27877c9cfd6b6dbc74bd852b10bdbe09c3c/Codeberg Weblate/verified-components/translations/backintime/common/common_sv.po,65c0bdff60a18440a1284d35ca06d9bc77c5e655f20c7a2cd385b2e3937989ca,{}
f384943409160e871c41f309,Icons only,Endast ikoner,Codeberg:backintime,common,,"Granskad filleverans. Endast färdiga, aktiva översättningar tas med; detta är inte ett påstående om separat registrerat radbeslut för varje oförändrad post.",project-context,7c20568a69f691fd1e005f92,reviewed-file-delivery,https://github.com/yeager/translations/blob/67e6d27877c9cfd6b6dbc74bd852b10bdbe09c3c/Codeberg Weblate/verified-components/translations/backintime/common/common_sv.po,65c0bdff60a18440a1284d35ca06d9bc77c5e655f20c7a2cd385b2e3937989ca,{}
f396f4b8ee64166484a12d08,Retention policy,Bevarandepolicy,Codeberg:backintime,common,,"Granskad filleverans. Endast färdiga, aktiva översättningar tas med; detta är inte ett påstående om separat registrerat radbeslut för varje oförändrad post.",project-context,92c438a3dafec812a31c0e85,reviewed-file-delivery,https://github.com/yeager/translations/blob/67e6d27877c9cfd6b6dbc74bd852b10bdbe09c3c/Codeberg Weblate/verified-components/translations/backintime/common/common_sv.po,65c0bdff60a18440a1284d35ca06d9bc77c5e655f20c7a2cd385b2e3937989ca,{}
f3a4f4b5d5017b4b18a21c33,The encryption password cannot be empty.,Krypteringslösenordet får inte vara tomt.,Codeberg:backintime,common,,"Granskad filleverans. Endast färdiga, aktiva översättningar tas med; detta är inte ett påstående om separat registrerat radbeslut för varje oförändrad post.",project-context,1bfd9da427f66194bb92d309,reviewed-file-delivery,https://github.com/yeager/translations/blob/67e6d27877c9cfd6b6dbc74bd852b10bdbe09c3c/Codeberg Weblate/verified-components/translations/backintime/common/common_sv.po,65c0bdff60a18440a1284d35ca06d9bc77c5e655f20c7a2cd385b2e3937989ca,{}
f52b11ddec7fc03f2717e436,Suggestions,Förslag,Codeberg:backintime,common,,"Granskad filleverans. Endast färdiga, aktiva översättningar tas med; detta är inte ett påstående om separat registrerat radbeslut för varje oförändrad post.",project-context,300b34994160fcc0897de4e1,reviewed-file-delivery,https://github.com/yeager/translations/blob/67e6d27877c9cfd6b6dbc74bd852b10bdbe09c3c/Codeberg Weblate/verified-components/translations/backintime/common/common_sv.po,65c0bdff60a18440a1284d35ca06d9bc77c5e655f20c7a2cd385b2e3937989ca,{}
f53772ac5f3c7f4c89794014,Time:,Tid:,Codeberg:backintime,common,,"Granskad filleverans. Endast färdiga, aktiva översättningar tas med; detta är inte ett påstående om separat registrerat radbeslut för varje oförändrad post.",project-context,7a6295516754e6e8c42aee18,reviewed-file-delivery,https://github.com/yeager/translations/blob/67e6d27877c9cfd6b6dbc74bd852b10bdbe09c3c/Codeberg Weblate/verified-components/translations/backintime/common/common_sv.po,65c0bdff60a18440a1284d35ca06d9bc77c5e655f20c7a2cd385b2e3937989ca,{}
f7acce1d513682e2f919c716,WARNING: This cannot be revoked.,VARNING: Detta kan inte ångras.,Codeberg:backintime,common,,"Granskad filleverans. Endast färdiga, aktiva översättningar tas med; detta är inte ett påstående om separat registrerat radbeslut för varje oförändrad post.",project-context,20a429d21be44e0092c9346c,reviewed-file-delivery,https://github.com/yeager/translations/blob/67e6d27877c9cfd6b6dbc74bd852b10bdbe09c3c/Codeberg Weblate/verified-components/translations/backintime/common/common_sv.po,65c0bdff60a18440a1284d35ca06d9bc77c5e655f20c7a2cd385b2e3937989ca,{}
f8d3c362d50a49857e9b5ade,Remove oldest backup if …,Ta bort gamla säkerhetskopior om …,Codeberg:backintime,common,,"Granskad filleverans. Endast färdiga, aktiva översättningar tas med; detta är inte ett påstående om separat registrerat radbeslut för varje oförändrad post.",project-context,279d0771b034ba00121bab8a,reviewed-file-delivery,https://github.com/yeager/translations/blob/67e6d27877c9cfd6b6dbc74bd852b10bdbe09c3c/Codeberg Weblate/verified-components/translations/backintime/common/common_sv.po,65c0bdff60a18440a1284d35ca06d9bc77c5e655f20c7a2cd385b2e3937989ca,{}
fa2355fb6dc6e3a0593a6097,Searching…,Söker…,Codeberg:backintime,common,,"Granskad filleverans. Endast färdiga, aktiva översättningar tas med; detta är inte ett påstående om separat registrerat radbeslut för varje oförändrad post.",project-context,488ce914dff9da5633ebc02d,reviewed-file-delivery,https://github.com/yeager/translations/blob/67e6d27877c9cfd6b6dbc74bd852b10bdbe09c3c/Codeberg Weblate/verified-components/translations/backintime/common/common_sv.po,65c0bdff60a18440a1284d35ca06d9bc77c5e655f20c7a2cd385b2e3937989ca,{}
fb11e0e5b9ddc997015d8bb0,Other non-persistent,Andra icke-ihållande,Codeberg:backintime,common,,"Granskad filleverans. Endast färdiga, aktiva översättningar tas med; detta är inte ett påstående om separat registrerat radbeslut för varje oförändrad post.",project-context,6de0c4683efaaa6bf621209f,reviewed-file-delivery,https://github.com/yeager/translations/blob/67e6d27877c9cfd6b6dbc74bd852b10bdbe09c3c/Codeberg Weblate/verified-components/translations/backintime/common/common_sv.po,65c0bdff60a18440a1284d35ca06d9bc77c5e655f20c7a2cd385b2e3937989ca,{}
fca44874657fd3f0846a5476,Exit,Avsluta,Codeberg:backintime,common,,"Granskad filleverans. Endast färdiga, aktiva översättningar tas med; detta är inte ett påstående om separat registrerat radbeslut för varje oförändrad post.",project-context,3a5063a033d2a5cccd78a075,reviewed-file-delivery,https://github.com/yeager/translations/blob/67e6d27877c9cfd6b6dbc74bd852b10bdbe09c3c/Codeberg Weblate/verified-components/translations/backintime/common/common_sv.po,65c0bdff60a18440a1284d35ca06d9bc77c5e655f20c7a2cd385b2e3937989ca,{}
fd2b9559a7553568d5879e1f,Private key:,Privat nyckel:,Codeberg:backintime,common,,"Granskad filleverans. Endast färdiga, aktiva översättningar tas med; detta är inte ett påstående om separat registrerat radbeslut för varje oförändrad post.",project-context,0af37dc64e5ba181a84ab8e3,reviewed-file-delivery,https://github.com/yeager/translations/blob/67e6d27877c9cfd6b6dbc74bd852b10bdbe09c3c/Codeberg Weblate/verified-components/translations/backintime/common/common_sv.po,65c0bdff60a18440a1284d35ca06d9bc77c5e655f20c7a2cd385b2e3937989ca,{}
fde5e13f1b6b54ed883e907d,Enable logging of debug messages,Aktivera loggning av felsökningsmeddelanden,Codeberg:backintime,common,,"Granskad filleverans. Endast färdiga, aktiva översättningar tas med; detta är inte ett påstående om separat registrerat radbeslut för varje oförändrad post.",project-context,7c823effe9f82cee66d58985,reviewed-file-delivery,https://github.com/yeager/translations/blob/67e6d27877c9cfd6b6dbc74bd852b10bdbe09c3c/Codeberg Weblate/verified-components/translations/backintime/common/common_sv.po,65c0bdff60a18440a1284d35ca06d9bc77c5e655f20c7a2cd385b2e3937989ca,{}
fe698b1e230581bfe2131438,Check if remote host is online,Kontrollera om fjärrvärd är uppkopplad,Codeberg:backintime,common,,"Granskad filleverans. Endast färdiga, aktiva översättningar tas med; detta är inte ett påstående om separat registrerat radbeslut för varje oförändrad post.",project-context,a541cfc56440e624f2f73f11,reviewed-file-delivery,https://github.com/yeager/translations/blob/67e6d27877c9cfd6b6dbc74bd852b10bdbe09c3c/Codeberg Weblate/verified-components/translations/backintime/common/common_sv.po,65c0bdff60a18440a1284d35ca06d9bc77c5e655f20c7a2cd385b2e3937989ca,{}
