id,source,canonical,project,component,context,note,scope,review_id,publication_status,reference,evidence_sha256,source_evidence
01109d7157bd33d2fab1fbfa,Collection created.,Samling skapad.,Codeberg:readeck,application,,"Granskad filleverans. Endast färdiga, aktiva översättningar tas med; detta är inte ett påstående om separat registrerat radbeslut för varje oförändrad post.",project-context,7dbc5fc5e68977a1906e3641,reviewed-file-delivery,https://github.com/yeager/translations/blob/67e6d27877c9cfd6b6dbc74bd852b10bdbe09c3c/Codeberg Weblate/verified-components/translations/readeck/application/sv.po,b712f3934219a9cd963c1c2826b519fc559f8e0eec855be5b2c268ed90e41c6f,{}
02390acbe595242993625e4e,Delete token,Radera token,Codeberg:readeck,application,,"Granskad filleverans. Endast färdiga, aktiva översättningar tas med; detta är inte ett påstående om separat registrerat radbeslut för varje oförändrad post.",project-context,cdaf2b5ec186224143202a49,reviewed-file-delivery,https://github.com/yeager/translations/blob/67e6d27877c9cfd6b6dbc74bd852b10bdbe09c3c/Codeberg Weblate/verified-components/translations/readeck/application/sv.po,b712f3934219a9cd963c1c2826b519fc559f8e0eec855be5b2c268ed90e41c6f,{}
026a76f988bfc6d597ed01bb,Thursday,Torsdag,Codeberg:readeck,application,datetime_dl,"Granskad filleverans. Endast färdiga, aktiva översättningar tas med; detta är inte ett påstående om separat registrerat radbeslut för varje oförändrad post.",project-context,033e0f0840e865cff2b4e929,reviewed-file-delivery,https://github.com/yeager/translations/blob/67e6d27877c9cfd6b6dbc74bd852b10bdbe09c3c/Codeberg Weblate/verified-components/translations/readeck/application/sv.po,b712f3934219a9cd963c1c2826b519fc559f8e0eec855be5b2c268ed90e41c6f,{}
02b445d5d8bf6178ab304485,Line height,Linjehöjd,Codeberg:readeck,application,,"Granskad filleverans. Endast färdiga, aktiva översättningar tas med; detta är inte ett påstående om separat registrerat radbeslut för varje oförändrad post.",project-context,9c2338b433be92dcc4e57228,reviewed-file-delivery,https://github.com/yeager/translations/blob/67e6d27877c9cfd6b6dbc74bd852b10bdbe09c3c/Codeberg Weblate/verified-components/translations/readeck/application/sv.po,b712f3934219a9cd963c1c2826b519fc559f8e0eec855be5b2c268ed90e41c6f,{}
036d298bdf46fd8cf8af7408,Project,Projekt,Codeberg:readeck,application,,"Granskad filleverans. Endast färdiga, aktiva översättningar tas med; detta är inte ett påstående om separat registrerat radbeslut för varje oförändrad post.",project-context,2f99a6ad4d282ca8b774c765,reviewed-file-delivery,https://github.com/yeager/translations/blob/67e6d27877c9cfd6b6dbc74bd852b10bdbe09c3c/Codeberg Weblate/verified-components/translations/readeck/application/sv.po,b712f3934219a9cd963c1c2826b519fc559f8e0eec855be5b2c268ed90e41c6f,{}
039019984209265be059e634,Highlights,Markeringar,Codeberg:readeck,application,,"Granskad filleverans. Endast färdiga, aktiva översättningar tas med; detta är inte ett påstående om separat registrerat radbeslut för varje oförändrad post.",project-context,dda85156db872f6e927c1116,reviewed-file-delivery,https://github.com/yeager/translations/blob/67e6d27877c9cfd6b6dbc74bd852b10bdbe09c3c/Codeberg Weblate/verified-components/translations/readeck/application/sv.po,b712f3934219a9cd963c1c2826b519fc559f8e0eec855be5b2c268ed90e41c6f,{}
03c3240d89a995ccca72d8e5,Oct,Okt,Codeberg:readeck,application,datetime_ms,"Granskad filleverans. Endast färdiga, aktiva översättningar tas med; detta är inte ett påstående om separat registrerat radbeslut för varje oförändrad post.",project-context,e364e8cda251685d14b9d984,reviewed-file-delivery,https://github.com/yeager/translations/blob/67e6d27877c9cfd6b6dbc74bd852b10bdbe09c3c/Codeberg Weblate/verified-components/translations/readeck/application/sv.po,b712f3934219a9cd963c1c2826b519fc559f8e0eec855be5b2c268ed90e41c6f,{}
041c99f13823a27b83a89484,Without hyphenation,Utan bindestreck,Codeberg:readeck,application,,"Granskad filleverans. Endast färdiga, aktiva översättningar tas med; detta är inte ett påstående om separat registrerat radbeslut för varje oförändrad post.",project-context,c971a6c9a98f8b35feff9f72,reviewed-file-delivery,https://github.com/yeager/translations/blob/67e6d27877c9cfd6b6dbc74bd852b10bdbe09c3c/Codeberg Weblate/verified-components/translations/readeck/application/sv.po,b712f3934219a9cd963c1c2826b519fc559f8e0eec855be5b2c268ed90e41c6f,{}
04f4b5871753ec3c4b0087fd,Extraction log,Extraktionslogg,Codeberg:readeck,application,,"Granskad filleverans. Endast färdiga, aktiva översättningar tas med; detta är inte ett påstående om separat registrerat radbeslut för varje oförändrad post.",project-context,1110edcd8bdd6c788a26cad3,reviewed-file-delivery,https://github.com/yeager/translations/blob/67e6d27877c9cfd6b6dbc74bd852b10bdbe09c3c/Codeberg Weblate/verified-components/translations/readeck/application/sv.po,b712f3934219a9cd963c1c2826b519fc559f8e0eec855be5b2c268ed90e41c6f,{}
055a546b746f737ac14987fe,Required,Obligatorisk,Codeberg:readeck,application,,"Granskad filleverans. Endast färdiga, aktiva översättningar tas med; detta är inte ett påstående om separat registrerat radbeslut för varje oförändrad post.",project-context,c56ce2145b92684b9504ae14,reviewed-file-delivery,https://github.com/yeager/translations/blob/67e6d27877c9cfd6b6dbc74bd852b10bdbe09c3c/Codeberg Weblate/verified-components/translations/readeck/application/sv.po,b712f3934219a9cd963c1c2826b519fc559f8e0eec855be5b2c268ed90e41c6f,{}
055f573e1f2208f380acd6bd,Sign this user out,Logga ut denna användare,Codeberg:readeck,application,,"Granskad filleverans. Endast färdiga, aktiva översättningar tas med; detta är inte ett påstående om separat registrerat radbeslut för varje oförändrad post.",project-context,14b9898622b0e1e685ef5bd7,reviewed-file-delivery,https://github.com/yeager/translations/blob/67e6d27877c9cfd6b6dbc74bd852b10bdbe09c3c/Codeberg Weblate/verified-components/translations/readeck/application/sv.po,b712f3934219a9cd963c1c2826b519fc559f8e0eec855be5b2c268ed90e41c6f,{}
060d8b7379688694a70bfbc8,Remove Verification Code,Ta bort verifieringskod,Codeberg:readeck,application,,"Granskad filleverans. Endast färdiga, aktiva översättningar tas med; detta är inte ett påstående om separat registrerat radbeslut för varje oförändrad post.",project-context,f3261f59b687b3986849a9e8,reviewed-file-delivery,https://github.com/yeager/translations/blob/67e6d27877c9cfd6b6dbc74bd852b10bdbe09c3c/Codeberg Weblate/verified-components/translations/readeck/application/sv.po,b712f3934219a9cd963c1c2826b519fc559f8e0eec855be5b2c268ed90e41c6f,{}
06caf7090eae1fc7aba74c04,Reset search,Nollställ sökning,Codeberg:readeck,application,,"Granskad filleverans. Endast färdiga, aktiva översättningar tas med; detta är inte ett påstående om separat registrerat radbeslut för varje oförändrad post.",project-context,a3bb56aa5db0eca2fc4528aa,reviewed-file-delivery,https://github.com/yeager/translations/blob/67e6d27877c9cfd6b6dbc74bd852b10bdbe09c3c/Codeberg Weblate/verified-components/translations/readeck/application/sv.po,b712f3934219a9cd963c1c2826b519fc559f8e0eec855be5b2c268ed90e41c6f,{}
06dff33429503aba71f0947e,Saturday,Lördag,Codeberg:readeck,application,datetime_dl,"Granskad filleverans. Endast färdiga, aktiva översättningar tas med; detta är inte ett påstående om separat registrerat radbeslut för varje oförändrad post.",project-context,6ac8a5c628ce9a98be662288,reviewed-file-delivery,https://github.com/yeager/translations/blob/67e6d27877c9cfd6b6dbc74bd852b10bdbe09c3c/Codeberg Weblate/verified-components/translations/readeck/application/sv.po,b712f3934219a9cd963c1c2826b519fc559f8e0eec855be5b2c268ed90e41c6f,{}
06e3a40205e23b70e50fbb10,Save a new link,Spara ny länk,Codeberg:readeck,application,,"Granskad filleverans. Endast färdiga, aktiva översättningar tas med; detta är inte ett påstående om separat registrerat radbeslut för varje oförändrad post.",project-context,53ab27dfef399244c1b81ef6,reviewed-file-delivery,https://github.com/yeager/translations/blob/67e6d27877c9cfd6b6dbc74bd852b10bdbe09c3c/Codeberg Weblate/verified-components/translations/readeck/application/sv.po,b712f3934219a9cd963c1c2826b519fc559f8e0eec855be5b2c268ed90e41c6f,{}
07fac918eceff71fa4665d08,"Title, Z to A","Titlar, Ö till A",Codeberg:readeck,application,sort,"Granskad filleverans. Endast färdiga, aktiva översättningar tas med; detta är inte ett påstående om separat registrerat radbeslut för varje oförändrad post.",project-context,1598b2ba12bf1ca2121a8a42,reviewed-file-delivery,https://github.com/yeager/translations/blob/67e6d27877c9cfd6b6dbc74bd852b10bdbe09c3c/Codeberg Weblate/verified-components/translations/readeck/application/sv.po,b712f3934219a9cd963c1c2826b519fc559f8e0eec855be5b2c268ed90e41c6f,{}
081d838120c492f8e9bffd47,Go back to Readeck,Gå tillbaka till Readeck,Codeberg:readeck,application,,"Granskad filleverans. Endast färdiga, aktiva översättningar tas med; detta är inte ett påstående om separat registrerat radbeslut för varje oförändrad post.",project-context,624165d5bc0e4360b9760d49,reviewed-file-delivery,https://github.com/yeager/translations/blob/67e6d27877c9cfd6b6dbc74bd852b10bdbe09c3c/Codeberg Weblate/verified-components/translations/readeck/application/sv.po,b712f3934219a9cd963c1c2826b519fc559f8e0eec855be5b2c268ed90e41c6f,{}
08ab086ffb5e5a7943d78fc6,"The archived state of an article,","Den arkiverade statusen för en artikel,",Codeberg:readeck,application,,"Granskad filleverans. Endast färdiga, aktiva översättningar tas med; detta är inte ett påstående om separat registrerat radbeslut för varje oförändrad post.",project-context,65996c7512e8a2d0fc639124,reviewed-file-delivery,https://github.com/yeager/translations/blob/67e6d27877c9cfd6b6dbc74bd852b10bdbe09c3c/Codeberg Weblate/verified-components/translations/readeck/application/sv.po,b712f3934219a9cd963c1c2826b519fc559f8e0eec855be5b2c268ed90e41c6f,{}
08f1aca3e3e263d7c22def35,October,Oktober,Codeberg:readeck,application,datetime_ml,"Granskad filleverans. Endast färdiga, aktiva översättningar tas med; detta är inte ett påstående om separat registrerat radbeslut för varje oförändrad post.",project-context,4164163a324950946428cf9d,reviewed-file-delivery,https://github.com/yeager/translations/blob/67e6d27877c9cfd6b6dbc74bd852b10bdbe09c3c/Codeberg Weblate/verified-components/translations/readeck/application/sv.po,b712f3934219a9cd963c1c2826b519fc559f8e0eec855be5b2c268ed90e41c6f,{}
093ea53b161cac79e7ac9b08,Go back,Gå tillbaka,Codeberg:readeck,application,,"Granskad filleverans. Endast färdiga, aktiva översättningar tas med; detta är inte ett påstående om separat registrerat radbeslut för varje oförändrad post.",project-context,e75b2eee29a1f5913471ea9d,reviewed-file-delivery,https://github.com/yeager/translations/blob/67e6d27877c9cfd6b6dbc74bd852b10bdbe09c3c/Codeberg Weblate/verified-components/translations/readeck/application/sv.po,b712f3934219a9cd963c1c2826b519fc559f8e0eec855be5b2c268ed90e41c6f,{}
09632a24c6d959e381eb0086,a.m.,förmiddag,Codeberg:readeck,application,datetime,"Granskad filleverans. Endast färdiga, aktiva översättningar tas med; detta är inte ett påstående om separat registrerat radbeslut för varje oförändrad post.",project-context,afdf9d9b599d2b4f9240876a,reviewed-file-delivery,https://github.com/yeager/translations/blob/67e6d27877c9cfd6b6dbc74bd852b10bdbe09c3c/Codeberg Weblate/verified-components/translations/readeck/application/sv.po,b712f3934219a9cd963c1c2826b519fc559f8e0eec855be5b2c268ed90e41c6f,{}
0b8d8ae9bbffd67c69fa669b,Play video,Spela video,Codeberg:readeck,application,,"Granskad filleverans. Endast färdiga, aktiva översättningar tas med; detta är inte ett påstående om separat registrerat radbeslut för varje oförändrad post.",project-context,c719fcdc65025ce1d6befcac,reviewed-file-delivery,https://github.com/yeager/translations/blob/67e6d27877c9cfd6b6dbc74bd852b10bdbe09c3c/Codeberg Weblate/verified-components/translations/readeck/application/sv.po,b712f3934219a9cd963c1c2826b519fc559f8e0eec855be5b2c268ed90e41c6f,{}
0b994aba2aa4512c6b74c25a,No access token found,Ingen access-token hittad,Codeberg:readeck,application,,"Granskad filleverans. Endast färdiga, aktiva översättningar tas med; detta är inte ett påstående om separat registrerat radbeslut för varje oförändrad post.",project-context,27f8cdf2ac251d01ac9300a4,reviewed-file-delivery,https://github.com/yeager/translations/blob/67e6d27877c9cfd6b6dbc74bd852b10bdbe09c3c/Codeberg Weblate/verified-components/translations/readeck/application/sv.po,b712f3934219a9cd963c1c2826b519fc559f8e0eec855be5b2c268ed90e41c6f,{}
0ba061af41ba3ae2327f391f,Instructions for Chrome,Instruktioner för Chrome,Codeberg:readeck,application,,"Granskad filleverans. Endast färdiga, aktiva översättningar tas med; detta är inte ett påstående om separat registrerat radbeslut för varje oförändrad post.",project-context,0fbf4c1518254234fd69ec2a,reviewed-file-delivery,https://github.com/yeager/translations/blob/67e6d27877c9cfd6b6dbc74bd852b10bdbe09c3c/Codeberg Weblate/verified-components/translations/readeck/application/sv.po,b712f3934219a9cd963c1c2826b519fc559f8e0eec855be5b2c268ed90e41c6f,{}
0bae91b8e3e1ab674c3f7958,Day(s),Dag(ar),Codeberg:readeck,application,,"Granskad filleverans. Endast färdiga, aktiva översättningar tas med; detta är inte ett påstående om separat registrerat radbeslut för varje oförändrad post.",project-context,0922e1b870ee18a15f7edafe,reviewed-file-delivery,https://github.com/yeager/translations/blob/67e6d27877c9cfd6b6dbc74bd852b10bdbe09c3c/Codeberg Weblate/verified-components/translations/readeck/application/sv.po,b712f3934219a9cd963c1c2826b519fc559f8e0eec855be5b2c268ed90e41c6f,{}
0c14c8a995262b9217399c2e,Page not found.,Sidan kunde inte hittas.,Codeberg:readeck,application,,"Granskad filleverans. Endast färdiga, aktiva översättningar tas med; detta är inte ett påstående om separat registrerat radbeslut för varje oförändrad post.",project-context,feb442951de77f4a5c36bccf,reviewed-file-delivery,https://github.com/yeager/translations/blob/67e6d27877c9cfd6b6dbc74bd852b10bdbe09c3c/Codeberg Weblate/verified-components/translations/readeck/application/sv.po,b712f3934219a9cd963c1c2826b519fc559f8e0eec855be5b2c268ed90e41c6f,{}
0e2faf4e4ec9024a05d38ed9,This link is shared without annotations.,Den här länken delas utan annoteringar.,Codeberg:readeck,application,,"Granskad filleverans. Endast färdiga, aktiva översättningar tas med; detta är inte ett påstående om separat registrerat radbeslut för varje oförändrad post.",project-context,313f1b7a3849071504246816,reviewed-file-delivery,https://github.com/yeager/translations/blob/67e6d27877c9cfd6b6dbc74bd852b10bdbe09c3c/Codeberg Weblate/verified-components/translations/readeck/application/sv.po,b712f3934219a9cd963c1c2826b519fc559f8e0eec855be5b2c268ed90e41c6f,{}
0e3a4b6e548436237d4aac0d,"Article reading progress and seen status,","Artikel-läsprogression och sedd-status,",Codeberg:readeck,application,,"Granskad filleverans. Endast färdiga, aktiva översättningar tas med; detta är inte ett påstående om separat registrerat radbeslut för varje oförändrad post.",project-context,67094a3a0be83ef7fea32bd7,reviewed-file-delivery,https://github.com/yeager/translations/blob/67e6d27877c9cfd6b6dbc74bd852b10bdbe09c3c/Codeberg Weblate/verified-components/translations/readeck/application/sv.po,b712f3934219a9cd963c1c2826b519fc559f8e0eec855be5b2c268ed90e41c6f,{}
0f0b96f087515dd3124e854a,Open Menu,Öppna meny,Codeberg:readeck,application,,"Granskad filleverans. Endast färdiga, aktiva översättningar tas med; detta är inte ett påstående om separat registrerat radbeslut för varje oförändrad post.",project-context,4d74afb5135f847ec8647560,reviewed-file-delivery,https://github.com/yeager/translations/blob/67e6d27877c9cfd6b6dbc74bd852b10bdbe09c3c/Codeberg Weblate/verified-components/translations/readeck/application/sv.po,b712f3934219a9cd963c1c2826b519fc559f8e0eec855be5b2c268ed90e41c6f,{}
0fb8b098cb39347dfb362aa8,Share without annotations,Dela utan annoteringar,Codeberg:readeck,application,,"Granskad filleverans. Endast färdiga, aktiva översättningar tas med; detta är inte ett påstående om separat registrerat radbeslut för varje oförändrad post.",project-context,82170422f1fa12773c5474a9,reviewed-file-delivery,https://github.com/yeager/translations/blob/67e6d27877c9cfd6b6dbc74bd852b10bdbe09c3c/Codeberg Weblate/verified-components/translations/readeck/application/sv.po,b712f3934219a9cd963c1c2826b519fc559f8e0eec855be5b2c268ed90e41c6f,{}
1077a7fda4c8d50dbda12987,Green,Grön,Codeberg:readeck,application,,"Granskad filleverans. Endast färdiga, aktiva översättningar tas med; detta är inte ett påstående om separat registrerat radbeslut för varje oförändrad post.",project-context,ab29a31375b60ae43475ae79,reviewed-file-delivery,https://github.com/yeager/translations/blob/67e6d27877c9cfd6b6dbc74bd852b10bdbe09c3c/Codeberg Weblate/verified-components/translations/readeck/application/sv.po,b712f3934219a9cd963c1c2826b519fc559f8e0eec855be5b2c268ed90e41c6f,{}
10d5f44a534c80d7729c077e,Authorize,Autentisera,Codeberg:readeck,application,,"Granskad filleverans. Endast färdiga, aktiva översättningar tas med; detta är inte ett påstående om separat registrerat radbeslut för varje oförändrad post.",project-context,dc3c7754a983eb3dfee9843c,reviewed-file-delivery,https://github.com/yeager/translations/blob/67e6d27877c9cfd6b6dbc74bd852b10bdbe09c3c/Codeberg Weblate/verified-components/translations/readeck/application/sv.po,b712f3934219a9cd963c1c2826b519fc559f8e0eec855be5b2c268ed90e41c6f,{}
119f86aa8759fac7e9d107c2,Import your Browser's Bookmarks,Importera din webbläsares bokmärken,Codeberg:readeck,application,,"Granskad filleverans. Endast färdiga, aktiva översättningar tas med; detta är inte ett påstående om separat registrerat radbeslut för varje oförändrad post.",project-context,706f225121baf38068f85f63,reviewed-file-delivery,https://github.com/yeager/translations/blob/67e6d27877c9cfd6b6dbc74bd852b10bdbe09c3c/Codeberg Weblate/verified-components/translations/readeck/application/sv.po,b712f3934219a9cd963c1c2826b519fc559f8e0eec855be5b2c268ed90e41c6f,{}
11a6cd31856a5224c430d8f8,My API Tokens,Mina API-tokens,Codeberg:readeck,application,,"Granskad filleverans. Endast färdiga, aktiva översättningar tas med; detta är inte ett påstående om separat registrerat radbeslut för varje oförändrad post.",project-context,bbdd47a0e491881a0a08ef2a,reviewed-file-delivery,https://github.com/yeager/translations/blob/67e6d27877c9cfd6b6dbc74bd852b10bdbe09c3c/Codeberg Weblate/verified-components/translations/readeck/application/sv.po,b712f3934219a9cd963c1c2826b519fc559f8e0eec855be5b2c268ed90e41c6f,{}
133d81e6aca5b7cc7c1be052,Token ID,Token-ID,Codeberg:readeck,application,,"Granskad filleverans. Endast färdiga, aktiva översättningar tas med; detta är inte ett påstående om separat registrerat radbeslut för varje oförändrad post.",project-context,09faf33adbad9f746730f7f4,reviewed-file-delivery,https://github.com/yeager/translations/blob/67e6d27877c9cfd6b6dbc74bd852b10bdbe09c3c/Codeberg Weblate/verified-components/translations/readeck/application/sv.po,b712f3934219a9cd963c1c2826b519fc559f8e0eec855be5b2c268ed90e41c6f,{}
13408c5edb6eed668216ea1e,Conditions,Villkor,Codeberg:readeck,application,,"Granskad filleverans. Endast färdiga, aktiva översättningar tas med; detta är inte ett påstående om separat registrerat radbeslut för varje oförändrad post.",project-context,15f1ab5f9d342f3a7de4e73d,reviewed-file-delivery,https://github.com/yeager/translations/blob/67e6d27877c9cfd6b6dbc74bd852b10bdbe09c3c/Codeberg Weblate/verified-components/translations/readeck/application/sv.po,b712f3934219a9cd963c1c2826b519fc559f8e0eec855be5b2c268ed90e41c6f,{}
13a82219484137243bc31b33,Update your password,Uppdatera ditt lösenord,Codeberg:readeck,application,,"Granskad filleverans. Endast färdiga, aktiva översättningar tas med; detta är inte ett påstående om separat registrerat radbeslut för varje oförändrad post.",project-context,0651cd71781bdc92e89c4d78,reviewed-file-delivery,https://github.com/yeager/translations/blob/67e6d27877c9cfd6b6dbc74bd852b10bdbe09c3c/Codeberg Weblate/verified-components/translations/readeck/application/sv.po,b712f3934219a9cd963c1c2826b519fc559f8e0eec855be5b2c268ed90e41c6f,{}
13f52bbded1daa59beae9950,Export and Share,Exportera och dela,Codeberg:readeck,application,,"Granskad filleverans. Endast färdiga, aktiva översättningar tas med; detta är inte ett påstående om separat registrerat radbeslut för varje oförändrad post.",project-context,27c3abd58171226b39668846,reviewed-file-delivery,https://github.com/yeager/translations/blob/67e6d27877c9cfd6b6dbc74bd852b10bdbe09c3c/Codeberg Weblate/verified-components/translations/readeck/application/sv.po,b712f3934219a9cd963c1c2826b519fc559f8e0eec855be5b2c268ed90e41c6f,{}
15137a574b4ef63d294e1c37,Delete this bookmark,Radera detta bokmärke,Codeberg:readeck,application,,"Granskad filleverans. Endast färdiga, aktiva översättningar tas med; detta är inte ett påstående om separat registrerat radbeslut för varje oförändrad post.",project-context,d89271588c70c008b7a4aa30,reviewed-file-delivery,https://github.com/yeager/translations/blob/67e6d27877c9cfd6b6dbc74bd852b10bdbe09c3c/Codeberg Weblate/verified-components/translations/readeck/application/sv.po,b712f3934219a9cd963c1c2826b519fc559f8e0eec855be5b2c268ed90e41c6f,{}
15166fd2e4c38d9b35ab6849,Settings,Inställningar,Codeberg:readeck,application,,"Granskad filleverans. Endast färdiga, aktiva översättningar tas med; detta är inte ett påstående om separat registrerat radbeslut för varje oförändrad post.",project-context,484dd4b08ff04b06435e9673,reviewed-file-delivery,https://github.com/yeager/translations/blob/67e6d27877c9cfd6b6dbc74bd852b10bdbe09c3c/Codeberg Weblate/verified-components/translations/readeck/application/sv.po,b712f3934219a9cd963c1c2826b519fc559f8e0eec855be5b2c268ed90e41c6f,{}
15552ef9bfb80560d0562af1,Name,Namn,Codeberg:readeck,application,,"Granskad filleverans. Endast färdiga, aktiva översättningar tas med; detta är inte ett påstående om separat registrerat radbeslut för varje oförändrad post.",project-context,f1195b1c7f9c05401666d313,reviewed-file-delivery,https://github.com/yeager/translations/blob/67e6d27877c9cfd6b6dbc74bd852b10bdbe09c3c/Codeberg Weblate/verified-components/translations/readeck/application/sv.po,b712f3934219a9cd963c1c2826b519fc559f8e0eec855be5b2c268ed90e41c6f,{}
164ea5c403d7758df23ac9f3,Properties,Egenskaper,Codeberg:readeck,application,,"Granskad filleverans. Endast färdiga, aktiva översättningar tas med; detta är inte ett påstående om separat registrerat radbeslut för varje oförändrad post.",project-context,5e787b5dc8dbff0dfcffdced,reviewed-file-delivery,https://github.com/yeager/translations/blob/67e6d27877c9cfd6b6dbc74bd852b10bdbe09c3c/Codeberg Weblate/verified-components/translations/readeck/application/sv.po,b712f3934219a9cd963c1c2826b519fc559f8e0eec855be5b2c268ed90e41c6f,{}
168bb16c9742ffcf9ade8209,Is Favorite,Är Favorit,Codeberg:readeck,application,,"Granskad filleverans. Endast färdiga, aktiva översättningar tas med; detta är inte ett påstående om separat registrerat radbeslut för varje oförändrad post.",project-context,1d9bf3e1e73b9049998c4808,reviewed-file-delivery,https://github.com/yeager/translations/blob/67e6d27877c9cfd6b6dbc74bd852b10bdbe09c3c/Codeberg Weblate/verified-components/translations/readeck/application/sv.po,b712f3934219a9cd963c1c2826b519fc559f8e0eec855be5b2c268ed90e41c6f,{}
16c2c54cfafe3a4c10915078,Go to original page,Gå till originalsidan,Codeberg:readeck,application,,"Granskad filleverans. Endast färdiga, aktiva översättningar tas med; detta är inte ett påstående om separat registrerat radbeslut för varje oförändrad post.",project-context,2ee9a45d812a1404962220c7,reviewed-file-delivery,https://github.com/yeager/translations/blob/67e6d27877c9cfd6b6dbc74bd852b10bdbe09c3c/Codeberg Weblate/verified-components/translations/readeck/application/sv.po,b712f3934219a9cd963c1c2826b519fc559f8e0eec855be5b2c268ed90e41c6f,{}
172291729b40961cbde157c0,Go back to the bookmark,Gå till bokmärket,Codeberg:readeck,application,,"Granskad filleverans. Endast färdiga, aktiva översättningar tas med; detta är inte ett påstående om separat registrerat radbeslut för varje oförändrad post.",project-context,aab427df60a6d0032bf6e07f,reviewed-file-delivery,https://github.com/yeager/translations/blob/67e6d27877c9cfd6b6dbc74bd852b10bdbe09c3c/Codeberg Weblate/verified-components/translations/readeck/application/sv.po,b712f3934219a9cd963c1c2826b519fc559f8e0eec855be5b2c268ed90e41c6f,{}
178b46c1f8ea97a529b699b6,"The archived articles from ""wikipedia.org""","De arkiverade artiklarna från ""wikipedia.org""",Codeberg:readeck,application,,"Granskad filleverans. Endast färdiga, aktiva översättningar tas med; detta är inte ett påstående om separat registrerat radbeslut för varje oförändrad post.",project-context,6e993a1c88aab4acfe5eb2c9,reviewed-file-delivery,https://github.com/yeager/translations/blob/67e6d27877c9cfd6b6dbc74bd852b10bdbe09c3c/Codeberg Weblate/verified-components/translations/readeck/application/sv.po,b712f3934219a9cd963c1c2826b519fc559f8e0eec855be5b2c268ed90e41c6f,{}
17b8cc179f17f329b2b4bef5,"Published, most recent first","Publicerade, nyaste först",Codeberg:readeck,application,sort,"Granskad filleverans. Endast färdiga, aktiva översättningar tas med; detta är inte ett påstående om separat registrerat radbeslut för varje oförändrad post.",project-context,f23defe100c5ade5b17a3450,reviewed-file-delivery,https://github.com/yeager/translations/blob/67e6d27877c9cfd6b6dbc74bd852b10bdbe09c3c/Codeberg Weblate/verified-components/translations/readeck/application/sv.po,b712f3934219a9cd963c1c2826b519fc559f8e0eec855be5b2c268ed90e41c6f,{}
17fbf4a9a4731a7e9d437206,Current password,Nuvarande lösenord,Codeberg:readeck,application,,"Granskad filleverans. Endast färdiga, aktiva översättningar tas med; detta är inte ett påstående om separat registrerat radbeslut för varje oförändrad post.",project-context,334cf5420ebb9c08d936ebb1,reviewed-file-delivery,https://github.com/yeager/translations/blob/67e6d27877c9cfd6b6dbc74bd852b10bdbe09c3c/Codeberg Weblate/verified-components/translations/readeck/application/sv.po,b712f3934219a9cd963c1c2826b519fc559f8e0eec855be5b2c268ed90e41c6f,{}
19db95c86c823ac521e32942,Export Data,Exportera data,Codeberg:readeck,application,,"Granskad filleverans. Endast färdiga, aktiva översättningar tas med; detta är inte ett påstående om separat registrerat radbeslut för varje oförändrad post.",project-context,cbe039bc56be0896a900fb30,reviewed-file-delivery,https://github.com/yeager/translations/blob/67e6d27877c9cfd6b6dbc74bd852b10bdbe09c3c/Codeberg Weblate/verified-components/translations/readeck/application/sv.po,b712f3934219a9cd963c1c2826b519fc559f8e0eec855be5b2c268ed90e41c6f,{}
1a243ab707c9a741526ad59a,Finish,Avsluta,Codeberg:readeck,application,,"Granskad filleverans. Endast färdiga, aktiva översättningar tas med; detta är inte ett påstående om separat registrerat radbeslut för varje oförändrad post.",project-context,7391f29a99cfb8467b6538a5,reviewed-file-delivery,https://github.com/yeager/translations/blob/67e6d27877c9cfd6b6dbc74bd852b10bdbe09c3c/Codeberg Weblate/verified-components/translations/readeck/application/sv.po,b712f3934219a9cd963c1c2826b519fc559f8e0eec855be5b2c268ed90e41c6f,{}
1a52b7f8c38a2ee9d9480b99,TOTP is enabled,TOTP är aktiverat,Codeberg:readeck,application,,"Granskad filleverans. Endast färdiga, aktiva översättningar tas med; detta är inte ett påstående om separat registrerat radbeslut för varje oförändrad post.",project-context,66385d0010cfb1cedf103172,reviewed-file-delivery,https://github.com/yeager/translations/blob/67e6d27877c9cfd6b6dbc74bd852b10bdbe09c3c/Codeberg Weblate/verified-components/translations/readeck/application/sv.po,b712f3934219a9cd963c1c2826b519fc559f8e0eec855be5b2c268ed90e41c6f,{}
1a9541d04c3445260918b1a8,User signed out.,Användare utloggad.,Codeberg:readeck,application,,"Granskad filleverans. Endast färdiga, aktiva översättningar tas med; detta är inte ett påstående om separat registrerat radbeslut för varje oförändrad post.",project-context,7ad63cfe9d120f969b882b22,reviewed-file-delivery,https://github.com/yeager/translations/blob/67e6d27877c9cfd6b6dbc74bd852b10bdbe09c3c/Codeberg Weblate/verified-components/translations/readeck/application/sv.po,b712f3934219a9cd963c1c2826b519fc559f8e0eec855be5b2c268ed90e41c6f,{}
1a982c7ab3de9dea90fb0159,About Readeck,Om Readeck,Codeberg:readeck,application,,"Granskad filleverans. Endast färdiga, aktiva översättningar tas med; detta är inte ett påstående om separat registrerat radbeslut för varje oförändrad post.",project-context,437627055bd5513a4fedc71c,reviewed-file-delivery,https://github.com/yeager/translations/blob/67e6d27877c9cfd6b6dbc74bd852b10bdbe09c3c/Codeberg Weblate/verified-components/translations/readeck/application/sv.po,b712f3934219a9cd963c1c2826b519fc559f8e0eec855be5b2c268ed90e41c6f,{}
1aeda7c65a05592226264a78,Loading,Läser in,Codeberg:readeck,application,bookmark,"Granskad filleverans. Endast färdiga, aktiva översättningar tas med; detta är inte ett påstående om separat registrerat radbeslut för varje oförändrad post.",project-context,e7eefde5104a706736e2c906,reviewed-file-delivery,https://github.com/yeager/translations/blob/67e6d27877c9cfd6b6dbc74bd852b10bdbe09c3c/Codeberg Weblate/verified-components/translations/readeck/application/sv.po,b712f3934219a9cd963c1c2826b519fc559f8e0eec855be5b2c268ed90e41c6f,{}
1b78fd384d5a8b7447dd8d73,Description,Beskrivning,Codeberg:readeck,application,,"Granskad filleverans. Endast färdiga, aktiva översättningar tas med; detta är inte ett påstående om separat registrerat radbeslut för varje oförändrad post.",project-context,23153e85303be2d21abbc4a5,reviewed-file-delivery,https://github.com/yeager/translations/blob/67e6d27877c9cfd6b6dbc74bd852b10bdbe09c3c/Codeberg Weblate/verified-components/translations/readeck/application/sv.po,b712f3934219a9cd963c1c2826b519fc559f8e0eec855be5b2c268ed90e41c6f,{}
1b86b4f4d7c4c8795d19e8d2,Created on,Skapad,Codeberg:readeck,application,,"Granskad filleverans. Endast färdiga, aktiva översättningar tas med; detta är inte ett påstående om separat registrerat radbeslut för varje oförändrad post.",project-context,c80ca361aa008c2be403d529,reviewed-file-delivery,https://github.com/yeager/translations/blob/67e6d27877c9cfd6b6dbc74bd852b10bdbe09c3c/Codeberg Weblate/verified-components/translations/readeck/application/sv.po,b712f3934219a9cd963c1c2826b519fc559f8e0eec855be5b2c268ed90e41c6f,{}
1d64a9df59f8a4cb7b22e511,Size,Storlek,Codeberg:readeck,application,,"Granskad filleverans. Endast färdiga, aktiva översättningar tas med; detta är inte ett påstående om separat registrerat radbeslut för varje oförändrad post.",project-context,19e404291e50436f9f1415de,reviewed-file-delivery,https://github.com/yeager/translations/blob/67e6d27877c9cfd6b6dbc74bd852b10bdbe09c3c/Codeberg Weblate/verified-components/translations/readeck/application/sv.po,b712f3934219a9cd963c1c2826b519fc559f8e0eec855be5b2c268ed90e41c6f,{}
1dc8f3747c05d1fb36145a7e,Menu,Meny,Codeberg:readeck,application,,"Granskad filleverans. Endast färdiga, aktiva översättningar tas med; detta är inte ett påstående om separat registrerat radbeslut för varje oförändrad post.",project-context,94222b22f8b0946fb977add7,reviewed-file-delivery,https://github.com/yeager/translations/blob/67e6d27877c9cfd6b6dbc74bd852b10bdbe09c3c/Codeberg Weblate/verified-components/translations/readeck/application/sv.po,b712f3934219a9cd963c1c2826b519fc559f8e0eec855be5b2c268ed90e41c6f,{}
1ddea1d2c7b7fd05b219ae96,Attention,Observera,Codeberg:readeck,application,,"Granskad filleverans. Endast färdiga, aktiva översättningar tas med; detta är inte ett påstående om separat registrerat radbeslut för varje oförändrad post.",project-context,a58c2ccfbf97e7ead308650d,reviewed-file-delivery,https://github.com/yeager/translations/blob/67e6d27877c9cfd6b6dbc74bd852b10bdbe09c3c/Codeberg Weblate/verified-components/translations/readeck/application/sv.po,b712f3934219a9cd963c1c2826b519fc559f8e0eec855be5b2c268ed90e41c6f,{}
1e633eee009c20f256d7570f,Friday,Fredag,Codeberg:readeck,application,datetime_dl,"Granskad filleverans. Endast färdiga, aktiva översättningar tas med; detta är inte ett påstående om separat registrerat radbeslut för varje oförändrad post.",project-context,ba54086f0c271cc8da075643,reviewed-file-delivery,https://github.com/yeager/translations/blob/67e6d27877c9cfd6b6dbc74bd852b10bdbe09c3c/Codeberg Weblate/verified-components/translations/readeck/application/sv.po,b712f3934219a9cd963c1c2826b519fc559f8e0eec855be5b2c268ed90e41c6f,{}
1eb970b24ecb333329fa2302,Readwise Reader CSV,Readwise Reader-CSV,Codeberg:readeck,application,,"Granskad filleverans. Endast färdiga, aktiva översättningar tas med; detta är inte ett påstående om separat registrerat radbeslut för varje oförändrad post.",project-context,0507901c3fe22e41b2bd3376,reviewed-file-delivery,https://github.com/yeager/translations/blob/67e6d27877c9cfd6b6dbc74bd852b10bdbe09c3c/Codeberg Weblate/verified-components/translations/readeck/application/sv.po,b712f3934219a9cd963c1c2826b519fc559f8e0eec855be5b2c268ed90e41c6f,{}
1f13fc5caff92ea908dac3c1,Detach this user,Koppla bort denna användare,Codeberg:readeck,application,,"Granskad filleverans. Endast färdiga, aktiva översättningar tas med; detta är inte ett påstående om separat registrerat radbeslut för varje oförändrad post.",project-context,c88443ec62877f6d4a0a919c,reviewed-file-delivery,https://github.com/yeager/translations/blob/67e6d27877c9cfd6b6dbc74bd852b10bdbe09c3c/Codeberg Weblate/verified-components/translations/readeck/application/sv.po,b712f3934219a9cd963c1c2826b519fc559f8e0eec855be5b2c268ed90e41c6f,{}
1fa8c271f753b3e15f3113db,HTTP Header,HTTP-header,Codeberg:readeck,application,,"Granskad filleverans. Endast färdiga, aktiva översättningar tas med; detta är inte ett påstående om separat registrerat radbeslut för varje oförändrad post.",project-context,6b2c95a5647bc105b310825d,reviewed-file-delivery,https://github.com/yeager/translations/blob/67e6d27877c9cfd6b6dbc74bd852b10bdbe09c3c/Codeberg Weblate/verified-components/translations/readeck/application/sv.po,b712f3934219a9cd963c1c2826b519fc559f8e0eec855be5b2c268ed90e41c6f,{}
1fefc5d9ababfbb06e2b41f6,E-Book,E-bok,Codeberg:readeck,application,,"Granskad filleverans. Endast färdiga, aktiva översättningar tas med; detta är inte ett påstående om separat registrerat radbeslut för varje oförändrad post.",project-context,dba7168d9f0b1a70f7f62923,reviewed-file-delivery,https://github.com/yeager/translations/blob/67e6d27877c9cfd6b6dbc74bd852b10bdbe09c3c/Codeberg Weblate/verified-components/translations/readeck/application/sv.po,b712f3934219a9cd963c1c2826b519fc559f8e0eec855be5b2c268ed90e41c6f,{}
205e60494da2fa32f45cf6ba,Year(s),År,Codeberg:readeck,application,,"Granskad filleverans. Endast färdiga, aktiva översättningar tas med; detta är inte ett påstående om separat registrerat radbeslut för varje oförändrad post.",project-context,290ecb1fa5872fc2baedf656,reviewed-file-delivery,https://github.com/yeager/translations/blob/67e6d27877c9cfd6b6dbc74bd852b10bdbe09c3c/Codeberg Weblate/verified-components/translations/readeck/application/sv.po,b712f3934219a9cd963c1c2826b519fc559f8e0eec855be5b2c268ed90e41c6f,{}
229bb1818c21e5ce7fa77abf,One value per line,Ett värde per rad,Codeberg:readeck,application,,"Granskad filleverans. Endast färdiga, aktiva översättningar tas med; detta är inte ett påstående om separat registrerat radbeslut för varje oförändrad post.",project-context,fe56751aa8b894aa66ac4274,reviewed-file-delivery,https://github.com/yeager/translations/blob/67e6d27877c9cfd6b6dbc74bd852b10bdbe09c3c/Codeberg Weblate/verified-components/translations/readeck/application/sv.po,b712f3934219a9cd963c1c2826b519fc559f8e0eec855be5b2c268ed90e41c6f,{}
23fae3d6b9b1527cefc1b497,Import a Readeck Profile,Importera en Readeck-profil,Codeberg:readeck,application,,"Granskad filleverans. Endast färdiga, aktiva översättningar tas med; detta är inte ett påstående om separat registrerat radbeslut för varje oförändrad post.",project-context,235b72ec5538f56202126c69,reviewed-file-delivery,https://github.com/yeager/translations/blob/67e6d27877c9cfd6b6dbc74bd852b10bdbe09c3c/Codeberg Weblate/verified-components/translations/readeck/application/sv.po,b712f3934219a9cd963c1c2826b519fc559f8e0eec855be5b2c268ed90e41c6f,{}
25180f7dfd1c55d5d54b4d20, You can now close this page., Du kan nu stänga denna sida.,Codeberg:readeck,application,,"Granskad filleverans. Endast färdiga, aktiva översättningar tas med; detta är inte ett påstående om separat registrerat radbeslut för varje oförändrad post.",project-context,d679e44e5460a9ea965bd956,reviewed-file-delivery,https://github.com/yeager/translations/blob/67e6d27877c9cfd6b6dbc74bd852b10bdbe09c3c/Codeberg Weblate/verified-components/translations/readeck/application/sv.po,b712f3934219a9cd963c1c2826b519fc559f8e0eec855be5b2c268ed90e41c6f,{}
254b9768e4837d9035a8eb98,Send e-book by Email,Skicka e-bok via Epost,Codeberg:readeck,application,,"Granskad filleverans. Endast färdiga, aktiva översättningar tas med; detta är inte ett påstående om separat registrerat radbeslut för varje oförändrad post.",project-context,8d4bb015a6e7e3d5f37c48cc,reviewed-file-delivery,https://github.com/yeager/translations/blob/67e6d27877c9cfd6b6dbc74bd852b10bdbe09c3c/Codeberg Weblate/verified-components/translations/readeck/application/sv.po,b712f3934219a9cd963c1c2826b519fc559f8e0eec855be5b2c268ed90e41c6f,{}
2571f4a0ccd5c28d8a08441f,Display options,Visningsalternativ,Codeberg:readeck,application,,"Granskad filleverans. Endast färdiga, aktiva översättningar tas med; detta är inte ett påstående om separat registrerat radbeslut för varje oförändrad post.",project-context,409ee0085ee82f8eea98e3d7,reviewed-file-delivery,https://github.com/yeager/translations/blob/67e6d27877c9cfd6b6dbc74bd852b10bdbe09c3c/Codeberg Weblate/verified-components/translations/readeck/application/sv.po,b712f3934219a9cd963c1c2826b519fc559f8e0eec855be5b2c268ed90e41c6f,{}
2592f5f001aac96a5c94a07a,Send message,Skicka meddelande,Codeberg:readeck,application,,"Granskad filleverans. Endast färdiga, aktiva översättningar tas med; detta är inte ett påstående om separat registrerat radbeslut för varje oförändrad post.",project-context,b546615c58f65c975cc0dd97,reviewed-file-delivery,https://github.com/yeager/translations/blob/67e6d27877c9cfd6b6dbc74bd852b10bdbe09c3c/Codeberg Weblate/verified-components/translations/readeck/application/sv.po,b712f3934219a9cd963c1c2826b519fc559f8e0eec855be5b2c268ed90e41c6f,{}
25cbee10f3a336b3cdeecd12,search in bookmarks,sök bokmärken,Codeberg:readeck,application,,"Granskad filleverans. Endast färdiga, aktiva översättningar tas med; detta är inte ett påstående om separat registrerat radbeslut för varje oförändrad post.",project-context,93b3f34e9385c62b7b86b968,reviewed-file-delivery,https://github.com/yeager/translations/blob/67e6d27877c9cfd6b6dbc74bd852b10bdbe09c3c/Codeberg Weblate/verified-components/translations/readeck/application/sv.po,b712f3934219a9cd963c1c2826b519fc559f8e0eec855be5b2c268ed90e41c6f,{}
26bc0fad8a04b0e89692b45b,View log,Se logg,Codeberg:readeck,application,,"Granskad filleverans. Endast färdiga, aktiva översättningar tas med; detta är inte ett påstående om separat registrerat radbeslut för varje oförändrad post.",project-context,71ce98159a13d45690fe004f,reviewed-file-delivery,https://github.com/yeager/translations/blob/67e6d27877c9cfd6b6dbc74bd852b10bdbe09c3c/Codeberg Weblate/verified-components/translations/readeck/application/sv.po,b712f3934219a9cd963c1c2826b519fc559f8e0eec855be5b2c268ed90e41c6f,{}
26e7b3183ab5029d2eb974a1,Mark all links as read,Markera alla länkar som lästa,Codeberg:readeck,application,,"Granskad filleverans. Endast färdiga, aktiva översättningar tas med; detta är inte ett påstående om separat registrerat radbeslut för varje oförändrad post.",project-context,52d79322d18486f83615f904,reviewed-file-delivery,https://github.com/yeager/translations/blob/67e6d27877c9cfd6b6dbc74bd852b10bdbe09c3c/Codeberg Weblate/verified-components/translations/readeck/application/sv.po,b712f3934219a9cd963c1c2826b519fc559f8e0eec855be5b2c268ed90e41c6f,{}
272b5cce95326b08d1802d68,Readeck Help,Readeck Hjälp,Codeberg:readeck,application,,"Granskad filleverans. Endast färdiga, aktiva översättningar tas med; detta är inte ett påstående om separat registrerat radbeslut för varje oförändrad post.",project-context,a0d2dd363c78431f304465a5,reviewed-file-delivery,https://github.com/yeager/translations/blob/67e6d27877c9cfd6b6dbc74bd852b10bdbe09c3c/Codeberg Weblate/verified-components/translations/readeck/application/sv.po,b712f3934219a9cd963c1c2826b519fc559f8e0eec855be5b2c268ed90e41c6f,{}
279fc7713499307cde4a35fb,Client Secret,Klient-hemlighet,Codeberg:readeck,application,,"Granskad filleverans. Endast färdiga, aktiva översättningar tas med; detta är inte ett påstående om separat registrerat radbeslut för varje oförändrad post.",project-context,d3a913e5f2c9d816b02a7e28,reviewed-file-delivery,https://github.com/yeager/translations/blob/67e6d27877c9cfd6b6dbc74bd852b10bdbe09c3c/Codeberg Weblate/verified-components/translations/readeck/application/sv.po,b712f3934219a9cd963c1c2826b519fc559f8e0eec855be5b2c268ed90e41c6f,{}
27b16ebc9f950b1f303162ca,Commercial use,Kommersiell användning,Codeberg:readeck,application,,"Granskad filleverans. Endast färdiga, aktiva översättningar tas med; detta är inte ett påstående om separat registrerat radbeslut för varje oförändrad post.",project-context,66d37a5950497034d3ec3fb0,reviewed-file-delivery,https://github.com/yeager/translations/blob/67e6d27877c9cfd6b6dbc74bd852b10bdbe09c3c/Codeberg Weblate/verified-components/translations/readeck/application/sv.po,b712f3934219a9cd963c1c2826b519fc559f8e0eec855be5b2c268ed90e41c6f,{}
28081f354bce8a642197f9c9,Justify,Justera,Codeberg:readeck,application,,"Granskad filleverans. Endast färdiga, aktiva översättningar tas med; detta är inte ett påstående om separat registrerat radbeslut för varje oförändrad post.",project-context,3063c5e61ebdde59237555b3,reviewed-file-delivery,https://github.com/yeager/translations/blob/67e6d27877c9cfd6b6dbc74bd852b10bdbe09c3c/Codeberg Weblate/verified-components/translations/readeck/application/sv.po,b712f3934219a9cd963c1c2826b519fc559f8e0eec855be5b2c268ed90e41c6f,{}
289078ef0f2444276adca6ae,Documentation,Dokumentation,Codeberg:readeck,application,,"Granskad filleverans. Endast färdiga, aktiva översättningar tas med; detta är inte ett påstående om separat registrerat radbeslut för varje oförändrad post.",project-context,14fe86602a88626255ccc07a,reviewed-file-delivery,https://github.com/yeager/translations/blob/67e6d27877c9cfd6b6dbc74bd852b10bdbe09c3c/Codeberg Weblate/verified-components/translations/readeck/application/sv.po,b712f3934219a9cd963c1c2826b519fc559f8e0eec855be5b2c268ed90e41c6f,{}
28e23f7f8f9d4a465271f058,Example,Exempel,Codeberg:readeck,application,,"Granskad filleverans. Endast färdiga, aktiva översättningar tas med; detta är inte ett påstående om separat registrerat radbeslut för varje oförändrad post.",project-context,0765249b8af39d39ac513e42,reviewed-file-delivery,https://github.com/yeager/translations/blob/67e6d27877c9cfd6b6dbc74bd852b10bdbe09c3c/Codeberg Weblate/verified-components/translations/readeck/application/sv.po,b712f3934219a9cd963c1c2826b519fc559f8e0eec855be5b2c268ed90e41c6f,{}
2981c254a9b961b6c0df39a0,Authentication,Autentisering,Codeberg:readeck,application,,"Granskad filleverans. Endast färdiga, aktiva översättningar tas med; detta är inte ett påstående om separat registrerat radbeslut för varje oförändrad post.",project-context,6c9b22feb0db267733941df2,reviewed-file-delivery,https://github.com/yeager/translations/blob/67e6d27877c9cfd6b6dbc74bd852b10bdbe09c3c/Codeberg Weblate/verified-components/translations/readeck/application/sv.po,b712f3934219a9cd963c1c2826b519fc559f8e0eec855be5b2c268ed90e41c6f,{}
2b55925719dd4001f46564bc,Add label,Lägg till etikett,Codeberg:readeck,application,,"Granskad filleverans. Endast färdiga, aktiva översättningar tas med; detta är inte ett påstående om separat registrerat radbeslut för varje oförändrad post.",project-context,fb8fa9480ecb4fe7d69ea763,reviewed-file-delivery,https://github.com/yeager/translations/blob/67e6d27877c9cfd6b6dbc74bd852b10bdbe09c3c/Codeberg Weblate/verified-components/translations/readeck/application/sv.po,b712f3934219a9cd963c1c2826b519fc559f8e0eec855be5b2c268ed90e41c6f,{}
2bb33609563cd4dc768fd6a4,How to contribute:,Hur man bidrar:,Codeberg:readeck,application,,"Granskad filleverans. Endast färdiga, aktiva översättningar tas med; detta är inte ett påstående om separat registrerat radbeslut för varje oförändrad post.",project-context,d4f1a2dff72fd48f8d62a482,reviewed-file-delivery,https://github.com/yeager/translations/blob/67e6d27877c9cfd6b6dbc74bd852b10bdbe09c3c/Codeberg Weblate/verified-components/translations/readeck/application/sv.po,b712f3934219a9cd963c1c2826b519fc559f8e0eec855be5b2c268ed90e41c6f,{}
2bb94e13bbcc36ecf9f435dd,Bookmark Highlights,Bokmärkesmarkeringar,Codeberg:readeck,application,,"Granskad filleverans. Endast färdiga, aktiva översättningar tas med; detta är inte ett påstående om separat registrerat radbeslut för varje oförändrad post.",project-context,872c4e8d9c8208d9f7879298,reviewed-file-delivery,https://github.com/yeager/translations/blob/67e6d27877c9cfd6b6dbc74bd852b10bdbe09c3c/Codeberg Weblate/verified-components/translations/readeck/application/sv.po,b712f3934219a9cd963c1c2826b519fc559f8e0eec855be5b2c268ed90e41c6f,{}
2cdf5608777539e4d15f8dfd,"Title, A to Z","Titlar, A till Ö",Codeberg:readeck,application,sort,"Granskad filleverans. Endast färdiga, aktiva översättningar tas med; detta är inte ett påstående om separat registrerat radbeslut för varje oförändrad post.",project-context,82f0f9caeef614355fab32bd,reviewed-file-delivery,https://github.com/yeager/translations/blob/67e6d27877c9cfd6b6dbc74bd852b10bdbe09c3c/Codeberg Weblate/verified-components/translations/readeck/application/sv.po,b712f3934219a9cd963c1c2826b519fc559f8e0eec855be5b2c268ed90e41c6f,{}
2e6d12036d5b7b786c8cd480,Errors,Fel,Codeberg:readeck,application,,"Granskad filleverans. Endast färdiga, aktiva översättningar tas med; detta är inte ett påstående om separat registrerat radbeslut för varje oförändrad post.",project-context,bed1fd044782b2cc83ec29ea,reviewed-file-delivery,https://github.com/yeager/translations/blob/67e6d27877c9cfd6b6dbc74bd852b10bdbe09c3c/Codeberg Weblate/verified-components/translations/readeck/application/sv.po,b712f3934219a9cd963c1c2826b519fc559f8e0eec855be5b2c268ed90e41c6f,{}
2e75d5dcedc33119afbb7be6,Home Page,Startsida,Codeberg:readeck,application,,"Granskad filleverans. Endast färdiga, aktiva översättningar tas med; detta är inte ett påstående om separat registrerat radbeslut för varje oförändrad post.",project-context,0ffbb2df7968c2dcddfd021d,reviewed-file-delivery,https://github.com/yeager/translations/blob/67e6d27877c9cfd6b6dbc74bd852b10bdbe09c3c/Codeberg Weblate/verified-components/translations/readeck/application/sv.po,b712f3934219a9cd963c1c2826b519fc559f8e0eec855be5b2c268ed90e41c6f,{}
2e7a0cd88c3b773568e28776,New User,Ny Användare,Codeberg:readeck,application,,"Granskad filleverans. Endast färdiga, aktiva översättningar tas med; detta är inte ett påstående om separat registrerat radbeslut för varje oförändrad post.",project-context,9debfb39b4adb846a8df26ee,reviewed-file-delivery,https://github.com/yeager/translations/blob/67e6d27877c9cfd6b6dbc74bd852b10bdbe09c3c/Codeberg Weblate/verified-components/translations/readeck/application/sv.po,b712f3934219a9cd963c1c2826b519fc559f8e0eec855be5b2c268ed90e41c6f,{}
2e7b8a38f83e0c0cb4232031,"Site Name, A to Z","Sidnamn, A till Ö",Codeberg:readeck,application,sort,"Granskad filleverans. Endast färdiga, aktiva översättningar tas med; detta är inte ett påstående om separat registrerat radbeslut för varje oförändrad post.",project-context,47cd017bfa103bc19457d1dd,reviewed-file-delivery,https://github.com/yeager/translations/blob/67e6d27877c9cfd6b6dbc74bd852b10bdbe09c3c/Codeberg Weblate/verified-components/translations/readeck/application/sv.po,b712f3934219a9cd963c1c2826b519fc559f8e0eec855be5b2c268ed90e41c6f,{}
2efda5003260ff476500e0a8,Import Links from a CSV File,Importera Länkar från en CSV-fil,Codeberg:readeck,application,,"Granskad filleverans. Endast färdiga, aktiva översättningar tas med; detta är inte ett påstående om separat registrerat radbeslut för varje oförändrad post.",project-context,d04ca6b1260ec94335c24774,reviewed-file-delivery,https://github.com/yeager/translations/blob/67e6d27877c9cfd6b6dbc74bd852b10bdbe09c3c/Codeberg Weblate/verified-components/translations/readeck/application/sv.po,b712f3934219a9cd963c1c2826b519fc559f8e0eec855be5b2c268ed90e41c6f,{}
3010ecded82e564e866411dc,Email address,Epostadress,Codeberg:readeck,application,,"Granskad filleverans. Endast färdiga, aktiva översättningar tas med; detta är inte ett påstående om separat registrerat radbeslut för varje oförändrad post.",project-context,86b59d4e9b986e3e2113172d,reviewed-file-delivery,https://github.com/yeager/translations/blob/67e6d27877c9cfd6b6dbc74bd852b10bdbe09c3c/Codeberg Weblate/verified-components/translations/readeck/application/sv.po,b712f3934219a9cd963c1c2826b519fc559f8e0eec855be5b2c268ed90e41c6f,{}
309a887ad4a69abd2618d5ce,Modification,Modifikation,Codeberg:readeck,application,,"Granskad filleverans. Endast färdiga, aktiva översättningar tas med; detta är inte ett påstående om separat registrerat radbeslut för varje oförändrad post.",project-context,af79bfdb7f1b6fa8a20535c2,reviewed-file-delivery,https://github.com/yeager/translations/blob/67e6d27877c9cfd6b6dbc74bd852b10bdbe09c3c/Codeberg Weblate/verified-components/translations/readeck/application/sv.po,b712f3934219a9cd963c1c2826b519fc559f8e0eec855be5b2c268ed90e41c6f,{}
30d56154165496b6f87654f8,Browser Bookmarks,Webbläsarbokmärken,Codeberg:readeck,application,,"Granskad filleverans. Endast färdiga, aktiva översättningar tas med; detta är inte ett påstående om separat registrerat radbeslut för varje oförändrad post.",project-context,65d3f707c6c90fab26e2a4dc,reviewed-file-delivery,https://github.com/yeager/translations/blob/67e6d27877c9cfd6b6dbc74bd852b10bdbe09c3c/Codeberg Weblate/verified-components/translations/readeck/application/sv.po,b712f3934219a9cd963c1c2826b519fc559f8e0eec855be5b2c268ed90e41c6f,{}
30f45db193f0eaaa70ef23ed,Tuesday,Tisdag,Codeberg:readeck,application,datetime_dl,"Granskad filleverans. Endast färdiga, aktiva översättningar tas med; detta är inte ett påstående om separat registrerat radbeslut för varje oförändrad post.",project-context,d50cb4acdd724e9991c3dc6e,reviewed-file-delivery,https://github.com/yeager/translations/blob/67e6d27877c9cfd6b6dbc74bd852b10bdbe09c3c/Codeberg Weblate/verified-components/translations/readeck/application/sv.po,b712f3934219a9cd963c1c2826b519fc559f8e0eec855be5b2c268ed90e41c6f,{}
31b43e80087a8a7873a44a15,Profile updated.,Profil uppdaterad.,Codeberg:readeck,application,,"Granskad filleverans. Endast färdiga, aktiva översättningar tas med; detta är inte ett påstående om separat registrerat radbeslut för varje oförändrad post.",project-context,3a12854b6e7317c18e21d96b,reviewed-file-delivery,https://github.com/yeager/translations/blob/67e6d27877c9cfd6b6dbc74bd852b10bdbe09c3c/Codeberg Weblate/verified-components/translations/readeck/application/sv.po,b712f3934219a9cd963c1c2826b519fc559f8e0eec855be5b2c268ed90e41c6f,{}
31ea9bed7bfdd6ae91b48090,Current Width,Nuvarande bredd,Codeberg:readeck,application,,"Granskad filleverans. Endast färdiga, aktiva översättningar tas med; detta är inte ett påstående om separat registrerat radbeslut för varje oförändrad post.",project-context,0c0d8a247c4cd44f8b69a657,reviewed-file-delivery,https://github.com/yeager/translations/blob/67e6d27877c9cfd6b6dbc74bd852b10bdbe09c3c/Codeberg Weblate/verified-components/translations/readeck/application/sv.po,b712f3934219a9cd963c1c2826b519fc559f8e0eec855be5b2c268ed90e41c6f,{}
321d3f87195f94ea5dba4fd4,Show image,Visa bild,Codeberg:readeck,application,,"Granskad filleverans. Endast färdiga, aktiva översättningar tas med; detta är inte ett påstående om separat registrerat radbeslut för varje oförändrad post.",project-context,59227e334a98811891946154,reviewed-file-delivery,https://github.com/yeager/translations/blob/67e6d27877c9cfd6b6dbc74bd852b10bdbe09c3c/Codeberg Weblate/verified-components/translations/readeck/application/sv.po,b712f3934219a9cd963c1c2826b519fc559f8e0eec855be5b2c268ed90e41c6f,{}
326131cc5840a0c9ccc0f7ce,Share with annotations,Dela med annoteringar,Codeberg:readeck,application,,"Granskad filleverans. Endast färdiga, aktiva översättningar tas med; detta är inte ett påstående om separat registrerat radbeslut för varje oförändrad post.",project-context,89f762f3ff7f4043da38d7c9,reviewed-file-delivery,https://github.com/yeager/translations/blob/67e6d27877c9cfd6b6dbc74bd852b10bdbe09c3c/Codeberg Weblate/verified-components/translations/readeck/application/sv.po,b712f3934219a9cd963c1c2826b519fc559f8e0eec855be5b2c268ed90e41c6f,{}
32741ae391efd1a5fcba71f3,Right to left,Höger till vänster,Codeberg:readeck,application,,"Granskad filleverans. Endast färdiga, aktiva översättningar tas med; detta är inte ett påstående om separat registrerat radbeslut för varje oförändrad post.",project-context,d08f5a8e00c349260870b8aa,reviewed-file-delivery,https://github.com/yeager/translations/blob/67e6d27877c9cfd6b6dbc74bd852b10bdbe09c3c/Codeberg Weblate/verified-components/translations/readeck/application/sv.po,b712f3934219a9cd963c1c2826b519fc559f8e0eec855be5b2c268ed90e41c6f,{}
32807482c8ed41fae70ca1ee,Connect a device,Anslut en enhet,Codeberg:readeck,application,,"Granskad filleverans. Endast färdiga, aktiva översättningar tas med; detta är inte ett påstående om separat registrerat radbeslut för varje oförändrad post.",project-context,0dd5baf26212253624d037ef,reviewed-file-delivery,https://github.com/yeager/translations/blob/67e6d27877c9cfd6b6dbc74bd852b10bdbe09c3c/Codeberg Weblate/verified-components/translations/readeck/application/sv.po,b712f3934219a9cd963c1c2826b519fc559f8e0eec855be5b2c268ed90e41c6f,{}
344618089d0aec3cd3c9ac94,User information,Användarinformation,Codeberg:readeck,application,,"Granskad filleverans. Endast färdiga, aktiva översättningar tas med; detta är inte ett påstående om separat registrerat radbeslut för varje oförändrad post.",project-context,8c35972fdf979b11154251b5,reviewed-file-delivery,https://github.com/yeager/translations/blob/67e6d27877c9cfd6b6dbc74bd852b10bdbe09c3c/Codeberg Weblate/verified-components/translations/readeck/application/sv.po,b712f3934219a9cd963c1c2826b519fc559f8e0eec855be5b2c268ed90e41c6f,{}
346aaa55f745d4c7ecc756f3,Profile imported.,Profil importerad.,Codeberg:readeck,application,,"Granskad filleverans. Endast färdiga, aktiva översättningar tas med; detta är inte ett påstående om separat registrerat radbeslut för varje oförändrad post.",project-context,9d02b2ca080370fb43164468,reviewed-file-delivery,https://github.com/yeager/translations/blob/67e6d27877c9cfd6b6dbc74bd852b10bdbe09c3c/Codeberg Weblate/verified-components/translations/readeck/application/sv.po,b712f3934219a9cd963c1c2826b519fc559f8e0eec855be5b2c268ed90e41c6f,{}
347fbf61bdd6fb6dcd33064b,Unable to process input data,Kunde inte bearbeta indata,Codeberg:readeck,application,,"Granskad filleverans. Endast färdiga, aktiva översättningar tas med; detta är inte ett påstående om separat registrerat radbeslut för varje oförändrad post.",project-context,1d4e42880f1432ec5fd7b452,reviewed-file-delivery,https://github.com/yeager/translations/blob/67e6d27877c9cfd6b6dbc74bd852b10bdbe09c3c/Codeberg Weblate/verified-components/translations/readeck/application/sv.po,b712f3934219a9cd963c1c2826b519fc559f8e0eec855be5b2c268ed90e41c6f,{}
363c83affd948bd11ed943c2,Disk Usage,Diskanvändning,Codeberg:readeck,application,,"Granskad filleverans. Endast färdiga, aktiva översättningar tas med; detta är inte ett påstående om separat registrerat radbeslut för varje oförändrad post.",project-context,db4f0d0039490f202cfef52c,reviewed-file-delivery,https://github.com/yeager/translations/blob/67e6d27877c9cfd6b6dbc74bd852b10bdbe09c3c/Codeberg Weblate/verified-components/translations/readeck/application/sv.po,b712f3934219a9cd963c1c2826b519fc559f8e0eec855be5b2c268ed90e41c6f,{}
364416326e55f5e60860764e,"Published, oldest first","Publicerade, äldsta först",Codeberg:readeck,application,sort,"Granskad filleverans. Endast färdiga, aktiva översättningar tas med; detta är inte ett påstående om separat registrerat radbeslut för varje oförändrad post.",project-context,65804e02622174b929bd5325,reviewed-file-delivery,https://github.com/yeager/translations/blob/67e6d27877c9cfd6b6dbc74bd852b10bdbe09c3c/Codeberg Weblate/verified-components/translations/readeck/application/sv.po,b712f3934219a9cd963c1c2826b519fc559f8e0eec855be5b2c268ed90e41c6f,{}
3658ec4523a7bc3656790f2c,Articles,Artiklar,Codeberg:readeck,application,,"Granskad filleverans. Endast färdiga, aktiva översättningar tas med; detta är inte ett påstående om separat registrerat radbeslut för varje oförändrad post.",project-context,89e44cd3eb558204e869a970,reviewed-file-delivery,https://github.com/yeager/translations/blob/67e6d27877c9cfd6b6dbc74bd852b10bdbe09c3c/Codeberg Weblate/verified-components/translations/readeck/application/sv.po,b712f3934219a9cd963c1c2826b519fc559f8e0eec855be5b2c268ed90e41c6f,{}
376ba202787bcdc46f2c6fe0,Text File,Textfil,Codeberg:readeck,application,,"Granskad filleverans. Endast färdiga, aktiva översättningar tas med; detta är inte ett påstående om separat registrerat radbeslut för varje oförändrad post.",project-context,46f889c238be62d1059d9202,reviewed-file-delivery,https://github.com/yeager/translations/blob/67e6d27877c9cfd6b6dbc74bd852b10bdbe09c3c/Codeberg Weblate/verified-components/translations/readeck/application/sv.po,b712f3934219a9cd963c1c2826b519fc559f8e0eec855be5b2c268ed90e41c6f,{}
388e2089f3ab715496cd25e3,yes,ja,Codeberg:readeck,application,,"Granskad filleverans. Endast färdiga, aktiva översättningar tas med; detta är inte ett påstående om separat registrerat radbeslut för varje oförändrad post.",project-context,640ec9bfb2357b6c5827c130,reviewed-file-delivery,https://github.com/yeager/translations/blob/67e6d27877c9cfd6b6dbc74bd852b10bdbe09c3c/Codeberg Weblate/verified-components/translations/readeck/application/sv.po,b712f3934219a9cd963c1c2826b519fc559f8e0eec855be5b2c268ed90e41c6f,{}
389c40b37e1d400e4f8cf143,Completed,Avslutade,Codeberg:readeck,application,status,"Granskad filleverans. Endast färdiga, aktiva översättningar tas med; detta är inte ett påstående om separat registrerat radbeslut för varje oförändrad post.",project-context,9de543f620858bbac6c3807e,reviewed-file-delivery,https://github.com/yeager/translations/blob/67e6d27877c9cfd6b6dbc74bd852b10bdbe09c3c/Codeberg Weblate/verified-components/translations/readeck/application/sv.po,b712f3934219a9cd963c1c2826b519fc559f8e0eec855be5b2c268ed90e41c6f,{}
3928c7db35fb5c151103a703,Bookmark Search,Bokmärkessökning,Codeberg:readeck,application,,"Granskad filleverans. Endast färdiga, aktiva översättningar tas med; detta är inte ett påstående om separat registrerat radbeslut för varje oförändrad post.",project-context,60fe591f94db40dbbe9d95c0,reviewed-file-delivery,https://github.com/yeager/translations/blob/67e6d27877c9cfd6b6dbc74bd852b10bdbe09c3c/Codeberg Weblate/verified-components/translations/readeck/application/sv.po,b712f3934219a9cd963c1c2826b519fc559f8e0eec855be5b2c268ed90e41c6f,{}
395dae8838bb5d3a92e26d78,Thu,Tors,Codeberg:readeck,application,datetime_ds,"Granskad filleverans. Endast färdiga, aktiva översättningar tas med; detta är inte ett påstående om separat registrerat radbeslut för varje oförändrad post.",project-context,bc9231fda5cd3b9bd32b4a28,reviewed-file-delivery,https://github.com/yeager/translations/blob/67e6d27877c9cfd6b6dbc74bd852b10bdbe09c3c/Codeberg Weblate/verified-components/translations/readeck/application/sv.po,b712f3934219a9cd963c1c2826b519fc559f8e0eec855be5b2c268ed90e41c6f,{}
399342af8a9174aa76a0c339,Import your Linkwarden Bookmarks,Importera dina Linkwarden-bokmärken,Codeberg:readeck,application,,"Granskad filleverans. Endast färdiga, aktiva översättningar tas med; detta är inte ett påstående om separat registrerat radbeslut för varje oförändrad post.",project-context,866df6366de857bc4d5baf91,reviewed-file-delivery,https://github.com/yeager/translations/blob/67e6d27877c9cfd6b6dbc74bd852b10bdbe09c3c/Codeberg Weblate/verified-components/translations/readeck/application/sv.po,b712f3934219a9cd963c1c2826b519fc559f8e0eec855be5b2c268ed90e41c6f,{}
39a8e34c56f816a5eb2ac756,June,Juni,Codeberg:readeck,application,datetime_ml,"Granskad filleverans. Endast färdiga, aktiva översättningar tas med; detta är inte ett påstående om separat registrerat radbeslut för varje oförändrad post.",project-context,72a0855eb59f42e848860006,reviewed-file-delivery,https://github.com/yeager/translations/blob/67e6d27877c9cfd6b6dbc74bd852b10bdbe09c3c/Codeberg Weblate/verified-components/translations/readeck/application/sv.po,b712f3934219a9cd963c1c2826b519fc559f8e0eec855be5b2c268ed90e41c6f,{}
39eef1b291b14fac91ddacf9,Website,Webbsida,Codeberg:readeck,application,,"Granskad filleverans. Endast färdiga, aktiva översättningar tas med; detta är inte ett påstående om separat registrerat radbeslut för varje oförändrad post.",project-context,8d60366101d58c1eb322f170,reviewed-file-delivery,https://github.com/yeager/translations/blob/67e6d27877c9cfd6b6dbc74bd852b10bdbe09c3c/Codeberg Weblate/verified-components/translations/readeck/application/sv.po,b712f3934219a9cd963c1c2826b519fc559f8e0eec855be5b2c268ed90e41c6f,{}
39f57ff4362f2a9662407d39,Is Loaded,Är Inläst,Codeberg:readeck,application,,"Granskad filleverans. Endast färdiga, aktiva översättningar tas med; detta är inte ett påstående om separat registrerat radbeslut för varje oförändrad post.",project-context,cb41ceb80d43601bef60e5bd,reviewed-file-delivery,https://github.com/yeager/translations/blob/67e6d27877c9cfd6b6dbc74bd852b10bdbe09c3c/Codeberg Weblate/verified-components/translations/readeck/application/sv.po,b712f3934219a9cd963c1c2826b519fc559f8e0eec855be5b2c268ed90e41c6f,{}
3acb8c97e56a7759bbb8dd67,Bookmarks : Write Only,Bokmärken: Lässkyddad,Codeberg:readeck,application,role,"Granskad filleverans. Endast färdiga, aktiva översättningar tas med; detta är inte ett påstående om separat registrerat radbeslut för varje oförändrad post.",project-context,676b7c39f4ad9dcad8287701,reviewed-file-delivery,https://github.com/yeager/translations/blob/67e6d27877c9cfd6b6dbc74bd852b10bdbe09c3c/Codeberg Weblate/verified-components/translations/readeck/application/sv.po,b712f3934219a9cd963c1c2826b519fc559f8e0eec855be5b2c268ed90e41c6f,{}
3b4fb558e15248be5ef171f6,"Duration, longest first","Längd, längst först",Codeberg:readeck,application,sort,"Granskad filleverans. Endast färdiga, aktiva översättningar tas med; detta är inte ett påstående om separat registrerat radbeslut för varje oförändrad post.",project-context,84f1d886fa11f95ed62fa620,reviewed-file-delivery,https://github.com/yeager/translations/blob/67e6d27877c9cfd6b6dbc74bd852b10bdbe09c3c/Codeberg Weblate/verified-components/translations/readeck/application/sv.po,b712f3934219a9cd963c1c2826b519fc559f8e0eec855be5b2c268ed90e41c6f,{}
3b500d0491722579ba26dbae,Unviewed,Osedda,Codeberg:readeck,application,status,"Granskad filleverans. Endast färdiga, aktiva översättningar tas med; detta är inte ett påstående om separat registrerat radbeslut för varje oförändrad post.",project-context,28079d0ebce905c60e5a9433,reviewed-file-delivery,https://github.com/yeager/translations/blob/67e6d27877c9cfd6b6dbc74bd852b10bdbe09c3c/Codeberg Weblate/verified-components/translations/readeck/application/sv.po,b712f3934219a9cd963c1c2826b519fc559f8e0eec855be5b2c268ed90e41c6f,{}
3d6027385db6cb75e03f6fa7,Your password has been changed.,Ditt lösenord har ändrats.,Codeberg:readeck,application,,"Granskad filleverans. Endast färdiga, aktiva översättningar tas med; detta är inte ett påstående om separat registrerat radbeslut för varje oförändrad post.",project-context,f5c195f711fb5b188646436f,reviewed-file-delivery,https://github.com/yeager/translations/blob/67e6d27877c9cfd6b6dbc74bd852b10bdbe09c3c/Codeberg Weblate/verified-components/translations/readeck/application/sv.po,b712f3934219a9cd963c1c2826b519fc559f8e0eec855be5b2c268ed90e41c6f,{}
3de4a114ce73b04b495eb955,How to use it,Hur du använder den,Codeberg:readeck,application,,"Granskad filleverans. Endast färdiga, aktiva översättningar tas med; detta är inte ett påstående om separat registrerat radbeslut för varje oförändrad post.",project-context,de078c08c499e070c85d4a48,reviewed-file-delivery,https://github.com/yeager/translations/blob/67e6d27877c9cfd6b6dbc74bd852b10bdbe09c3c/Codeberg Weblate/verified-components/translations/readeck/application/sv.po,b712f3934219a9cd963c1c2826b519fc559f8e0eec855be5b2c268ed90e41c6f,{}
3e9ae0d3e0e89900189b052e,Go to the sign in page,Gå till inloggningssidan,Codeberg:readeck,application,,"Granskad filleverans. Endast färdiga, aktiva översättningar tas med; detta är inte ett påstående om separat registrerat radbeslut för varje oförändrad post.",project-context,b34773b712879e51f3f31c01,reviewed-file-delivery,https://github.com/yeager/translations/blob/67e6d27877c9cfd6b6dbc74bd852b10bdbe09c3c/Codeberg Weblate/verified-components/translations/readeck/application/sv.po,b712f3934219a9cd963c1c2826b519fc559f8e0eec855be5b2c268ed90e41c6f,{}
3f92d412c0746be6e418d8ad,copy to clipboard,kopiera till urklipp,Codeberg:readeck,application,,"Granskad filleverans. Endast färdiga, aktiva översättningar tas med; detta är inte ett påstående om separat registrerat radbeslut för varje oförändrad post.",project-context,b7dde024c2e6892f475cd72f,reviewed-file-delivery,https://github.com/yeager/translations/blob/67e6d27877c9cfd6b6dbc74bd852b10bdbe09c3c/Codeberg Weblate/verified-components/translations/readeck/application/sv.po,b712f3934219a9cd963c1c2826b519fc559f8e0eec855be5b2c268ed90e41c6f,{}
3fc27a6634439a1238dc6896,Bookmark List in Browser Bookmarks Format,Bokmärkeslista i webbläsarens bokmärkesformat,Codeberg:readeck,application,,"Granskad filleverans. Endast färdiga, aktiva översättningar tas med; detta är inte ett påstående om separat registrerat radbeslut för varje oförändrad post.",project-context,923432fb5cb8c604b3ed4458,reviewed-file-delivery,https://github.com/yeager/translations/blob/67e6d27877c9cfd6b6dbc74bd852b10bdbe09c3c/Codeberg Weblate/verified-components/translations/readeck/application/sv.po,b712f3934219a9cd963c1c2826b519fc559f8e0eec855be5b2c268ed90e41c6f,{}
400f0feb7ef619e714e0c836,Your API token,Din API-token,Codeberg:readeck,application,,"Granskad filleverans. Endast färdiga, aktiva översättningar tas med; detta är inte ett påstående om separat registrerat radbeslut för varje oförändrad post.",project-context,1aad4c9f68f46df582260856,reviewed-file-delivery,https://github.com/yeager/translations/blob/67e6d27877c9cfd6b6dbc74bd852b10bdbe09c3c/Codeberg Weblate/verified-components/translations/readeck/application/sv.po,b712f3934219a9cd963c1c2826b519fc559f8e0eec855be5b2c268ed90e41c6f,{}
4085b976d6c95394a9d529c6,Mosaic view,Mosaikvy,Codeberg:readeck,application,,"Granskad filleverans. Endast färdiga, aktiva översättningar tas med; detta är inte ett påstående om separat registrerat radbeslut för varje oförändrad post.",project-context,b96829b7a5e2468c1c90f0c5,reviewed-file-delivery,https://github.com/yeager/translations/blob/67e6d27877c9cfd6b6dbc74bd852b10bdbe09c3c/Codeberg Weblate/verified-components/translations/readeck/application/sv.po,b712f3934219a9cd963c1c2826b519fc559f8e0eec855be5b2c268ed90e41c6f,{}
40e011360b351b21daab79aa,"The pictures with the label ""cat""","Bilderna med etiketten ""katt""",Codeberg:readeck,application,,"Granskad filleverans. Endast färdiga, aktiva översättningar tas med; detta är inte ett påstående om separat registrerat radbeslut för varje oförändrad post.",project-context,1b6e094bbbf78d045eb4dae6,reviewed-file-delivery,https://github.com/yeager/translations/blob/67e6d27877c9cfd6b6dbc74bd852b10bdbe09c3c/Codeberg Weblate/verified-components/translations/readeck/application/sv.po,b712f3934219a9cd963c1c2826b519fc559f8e0eec855be5b2c268ed90e41c6f,{}
41cb5ffc4bb4109bfdfe78a4,New Collection,Ny Samling,Codeberg:readeck,application,,"Granskad filleverans. Endast färdiga, aktiva översättningar tas med; detta är inte ett påstående om separat registrerat radbeslut för varje oförändrad post.",project-context,a1f41591105b5bb5192bea41,reviewed-file-delivery,https://github.com/yeager/translations/blob/67e6d27877c9cfd6b6dbc74bd852b10bdbe09c3c/Codeberg Weblate/verified-components/translations/readeck/application/sv.po,b712f3934219a9cd963c1c2826b519fc559f8e0eec855be5b2c268ed90e41c6f,{}
426263b16647e4f8e2ae7763,Export Bookmarks,Exportera bokmärken,Codeberg:readeck,application,,"Granskad filleverans. Endast färdiga, aktiva översättningar tas med; detta är inte ett påstående om separat registrerat radbeslut för varje oförändrad post.",project-context,c201617c3a152f55a6ee551b,reviewed-file-delivery,https://github.com/yeager/translations/blob/67e6d27877c9cfd6b6dbc74bd852b10bdbe09c3c/Codeberg Weblate/verified-components/translations/readeck/application/sv.po,b712f3934219a9cd963c1c2826b519fc559f8e0eec855be5b2c268ed90e41c6f,{}
428c128fad8d3fa8682c51f2,Delete this user,Radera denna användare,Codeberg:readeck,application,,"Granskad filleverans. Endast färdiga, aktiva översättningar tas med; detta är inte ett påstående om separat registrerat radbeslut för varje oförändrad post.",project-context,cdfaa9cbd6fb3bd8d0aebb09,reviewed-file-delivery,https://github.com/yeager/translations/blob/67e6d27877c9cfd6b6dbc74bd852b10bdbe09c3c/Codeberg Weblate/verified-components/translations/readeck/application/sv.po,b712f3934219a9cd963c1c2826b519fc559f8e0eec855be5b2c268ed90e41c6f,{}
42ec323f2a8b05c4ef819e45,Change my password,Ändra mitt lösenord,Codeberg:readeck,application,,"Granskad filleverans. Endast färdiga, aktiva översättningar tas med; detta är inte ett påstående om separat registrerat radbeslut för varje oförändrad post.",project-context,7a4d85a05048669b700237e3,reviewed-file-delivery,https://github.com/yeager/translations/blob/67e6d27877c9cfd6b6dbc74bd852b10bdbe09c3c/Codeberg Weblate/verified-components/translations/readeck/application/sv.po,b712f3934219a9cd963c1c2826b519fc559f8e0eec855be5b2c268ed90e41c6f,{}
4351d77b42392ed415f6b186,Convert section titles to labels,Konvertera sektionstitlar till etiketter,Codeberg:readeck,application,,"Granskad filleverans. Endast färdiga, aktiva översättningar tas med; detta är inte ett påstående om separat registrerat radbeslut för varje oförändrad post.",project-context,dd5825d0d851ae4f9d2754be,reviewed-file-delivery,https://github.com/yeager/translations/blob/67e6d27877c9cfd6b6dbc74bd852b10bdbe09c3c/Codeberg Weblate/verified-components/translations/readeck/application/sv.po,b712f3934219a9cd963c1c2826b519fc559f8e0eec855be5b2c268ed90e41c6f,{}
4382632e55bf4577d58a0735,Readeck in your Browser,Readeck i din webbläsare,Codeberg:readeck,application,,"Granskad filleverans. Endast färdiga, aktiva översättningar tas med; detta är inte ett påstående om separat registrerat radbeslut för varje oförändrad post.",project-context,8d01638af34324b59163b5f3,reviewed-file-delivery,https://github.com/yeager/translations/blob/67e6d27877c9cfd6b6dbc74bd852b10bdbe09c3c/Codeberg Weblate/verified-components/translations/readeck/application/sv.po,b712f3934219a9cd963c1c2826b519fc559f8e0eec855be5b2c268ed90e41c6f,{}
43e18a8b32898dad6544b1f1,System Information,Systeminformation,Codeberg:readeck,application,,"Granskad filleverans. Endast färdiga, aktiva översättningar tas med; detta är inte ett påstående om separat registrerat radbeslut för varje oförändrad post.",project-context,58fc94f998c1b7a524954bc1,reviewed-file-delivery,https://github.com/yeager/translations/blob/67e6d27877c9cfd6b6dbc74bd852b10bdbe09c3c/Codeberg Weblate/verified-components/translations/readeck/application/sv.po,b712f3934219a9cd963c1c2826b519fc559f8e0eec855be5b2c268ed90e41c6f,{}
4483fddde797980704ed255e,Bookmark not found,Bokmärke ej hittat,Codeberg:readeck,application,,"Granskad filleverans. Endast färdiga, aktiva översättningar tas med; detta är inte ett påstående om separat registrerat radbeslut för varje oförändrad post.",project-context,e5e887d55b4670dc179d6ac3,reviewed-file-delivery,https://github.com/yeager/translations/blob/67e6d27877c9cfd6b6dbc74bd852b10bdbe09c3c/Codeberg Weblate/verified-components/translations/readeck/application/sv.po,b712f3934219a9cd963c1c2826b519fc559f8e0eec855be5b2c268ed90e41c6f,{}
449528ae2eb926c62dc03fbe,Warranty,Garanti,Codeberg:readeck,application,,"Granskad filleverans. Endast färdiga, aktiva översättningar tas med; detta är inte ett påstående om separat registrerat radbeslut för varje oförändrad post.",project-context,86f79635f134eb6ca36c9642,reviewed-file-delivery,https://github.com/yeager/translations/blob/67e6d27877c9cfd6b6dbc74bd852b10bdbe09c3c/Codeberg Weblate/verified-components/translations/readeck/application/sv.po,b712f3934219a9cd963c1c2826b519fc559f8e0eec855be5b2c268ed90e41c6f,{}
44b56b11df0d231b3b3f1340,staff,personal,Codeberg:readeck,application,role,"Granskad filleverans. Endast färdiga, aktiva översättningar tas med; detta är inte ett påstående om separat registrerat radbeslut för varje oförändrad post.",project-context,004ae5da561bf30820130acc,reviewed-file-delivery,https://github.com/yeager/translations/blob/67e6d27877c9cfd6b6dbc74bd852b10bdbe09c3c/Codeberg Weblate/verified-components/translations/readeck/application/sv.po,b712f3934219a9cd963c1c2826b519fc559f8e0eec855be5b2c268ed90e41c6f,{}
44dd59de33499b369d8c9159,Delete collection,Radera samling,Codeberg:readeck,application,,"Granskad filleverans. Endast färdiga, aktiva översättningar tas med; detta är inte ett påstående om separat registrerat radbeslut för varje oförändrad post.",project-context,438c6e1fe7f3d847eed90b6d,reviewed-file-delivery,https://github.com/yeager/translations/blob/67e6d27877c9cfd6b6dbc74bd852b10bdbe09c3c/Codeberg Weblate/verified-components/translations/readeck/application/sv.po,b712f3934219a9cd963c1c2826b519fc559f8e0eec855be5b2c268ed90e41c6f,{}
456eeae41416ad8bbf76c68d,Send me a recovery link,Skicka mig en återställningslänk,Codeberg:readeck,application,,"Granskad filleverans. Endast färdiga, aktiva översättningar tas med; detta är inte ett påstående om separat registrerat radbeslut för varje oförändrad post.",project-context,181595fd7d1dfb252885cfa7,reviewed-file-delivery,https://github.com/yeager/translations/blob/67e6d27877c9cfd6b6dbc74bd852b10bdbe09c3c/Codeberg Weblate/verified-components/translations/readeck/application/sv.po,b712f3934219a9cd963c1c2826b519fc559f8e0eec855be5b2c268ed90e41c6f,{}
463b8c5c6aa23582c2790342,License and copyright notice,Licens och upphovsrättsnotis,Codeberg:readeck,application,,"Granskad filleverans. Endast färdiga, aktiva översättningar tas med; detta är inte ett påstående om separat registrerat radbeslut för varje oförändrad post.",project-context,8d5eb34944248c0db5a0c081,reviewed-file-delivery,https://github.com/yeager/translations/blob/67e6d27877c9cfd6b6dbc74bd852b10bdbe09c3c/Codeberg Weblate/verified-components/translations/readeck/application/sv.po,b712f3934219a9cd963c1c2826b519fc559f8e0eec855be5b2c268ed90e41c6f,{}
465bcf580cb2cfb02b031a97,Favorites,Favoriter,Codeberg:readeck,application,,"Granskad filleverans. Endast färdiga, aktiva översättningar tas med; detta är inte ett påstående om separat registrerat radbeslut för varje oförändrad post.",project-context,515b72abd820478ef4de3bd7,reviewed-file-delivery,https://github.com/yeager/translations/blob/67e6d27877c9cfd6b6dbc74bd852b10bdbe09c3c/Codeberg Weblate/verified-components/translations/readeck/application/sv.po,b712f3934219a9cd963c1c2826b519fc559f8e0eec855be5b2c268ed90e41c6f,{}
474431033865e30e770c8812,Export,Exportera,Codeberg:readeck,application,,"Granskad filleverans. Endast färdiga, aktiva översättningar tas med; detta är inte ett påstående om separat registrerat radbeslut för varje oförändrad post.",project-context,e0562916632b7e187b1e6e91,reviewed-file-delivery,https://github.com/yeager/translations/blob/67e6d27877c9cfd6b6dbc74bd852b10bdbe09c3c/Codeberg Weblate/verified-components/translations/readeck/application/sv.po,b712f3934219a9cd963c1c2826b519fc559f8e0eec855be5b2c268ed90e41c6f,{}
477c83c30b02dce8a21dbc0b,Mark as read,Markera som läst,Codeberg:readeck,application,,"Granskad filleverans. Endast färdiga, aktiva översättningar tas med; detta är inte ett påstående om separat registrerat radbeslut för varje oförändrad post.",project-context,c1f519252b3bb91e400823b4,reviewed-file-delivery,https://github.com/yeager/translations/blob/67e6d27877c9cfd6b6dbc74bd852b10bdbe09c3c/Codeberg Weblate/verified-components/translations/readeck/application/sv.po,b712f3934219a9cd963c1c2826b519fc559f8e0eec855be5b2c268ed90e41c6f,{}
47fee08e5d4b31a536f9af30,Current font size,Nuvarande teckenstorlek,Codeberg:readeck,application,,"Granskad filleverans. Endast färdiga, aktiva översättningar tas med; detta är inte ett påstående om separat registrerat radbeslut för varje oförändrad post.",project-context,bdaa4de51a0d80dee74a35cd,reviewed-file-delivery,https://github.com/yeager/translations/blob/67e6d27877c9cfd6b6dbc74bd852b10bdbe09c3c/Codeberg Weblate/verified-components/translations/readeck/application/sv.po,b712f3934219a9cd963c1c2826b519fc559f8e0eec855be5b2c268ed90e41c6f,{}
493441f15aab7764e574692c,Add to favorites,Lägg till i favoriter,Codeberg:readeck,application,,"Granskad filleverans. Endast färdiga, aktiva översättningar tas med; detta är inte ett påstående om separat registrerat radbeslut för varje oförändrad post.",project-context,188b9353dfbcb3995fc03b33,reviewed-file-delivery,https://github.com/yeager/translations/blob/67e6d27877c9cfd6b6dbc74bd852b10bdbe09c3c/Codeberg Weblate/verified-components/translations/readeck/application/sv.po,b712f3934219a9cd963c1c2826b519fc559f8e0eec855be5b2c268ed90e41c6f,{}
494616bd224fb9551ac3476f,Readeck Bookmarks,Readeck-bokmärken,Codeberg:readeck,application,,"Granskad filleverans. Endast färdiga, aktiva översättningar tas med; detta är inte ett påstående om separat registrerat radbeslut för varje oförändrad post.",project-context,caadeb26255aec461cfb06df,reviewed-file-delivery,https://github.com/yeager/translations/blob/67e6d27877c9cfd6b6dbc74bd852b10bdbe09c3c/Codeberg Weblate/verified-components/translations/readeck/application/sv.po,b712f3934219a9cd963c1c2826b519fc559f8e0eec855be5b2c268ed90e41c6f,{}
4a400c54ea76e2c3ba799148,Sun,Sön,Codeberg:readeck,application,datetime_ds,"Granskad filleverans. Endast färdiga, aktiva översättningar tas med; detta är inte ett påstående om separat registrerat radbeslut för varje oförändrad post.",project-context,5777bb0ffc8acc4f4af06ad4,reviewed-file-delivery,https://github.com/yeager/translations/blob/67e6d27877c9cfd6b6dbc74bd852b10bdbe09c3c/Codeberg Weblate/verified-components/translations/readeck/application/sv.po,b712f3934219a9cd963c1c2826b519fc559f8e0eec855be5b2c268ed90e41c6f,{}
4a9ffbab960752881e744315,Review permissions,Granska behörigheter,Codeberg:readeck,application,,"Granskad filleverans. Endast färdiga, aktiva översättningar tas med; detta är inte ett påstående om separat registrerat radbeslut för varje oförändrad post.",project-context,b5b7e7eec9375a119a264f23,reviewed-file-delivery,https://github.com/yeager/translations/blob/67e6d27877c9cfd6b6dbc74bd852b10bdbe09c3c/Codeberg Weblate/verified-components/translations/readeck/application/sv.po,b712f3934219a9cd963c1c2826b519fc559f8e0eec855be5b2c268ed90e41c6f,{}
4b3f27ad930c07abe4c0d4f1,Month(s),Månad(er),Codeberg:readeck,application,,"Granskad filleverans. Endast färdiga, aktiva översättningar tas med; detta är inte ett påstående om separat registrerat radbeslut för varje oförändrad post.",project-context,a5d503fcf7a1333c7ee10323,reviewed-file-delivery,https://github.com/yeager/translations/blob/67e6d27877c9cfd6b6dbc74bd852b10bdbe09c3c/Codeberg Weblate/verified-components/translations/readeck/application/sv.po,b712f3934219a9cd963c1c2826b519fc559f8e0eec855be5b2c268ed90e41c6f,{}
4b5dc309ffa6912eca697d05,Hyphenation,Bindestrecksanvändning,Codeberg:readeck,application,,"Granskad filleverans. Endast färdiga, aktiva översättningar tas med; detta är inte ett påstående om separat registrerat radbeslut för varje oförändrad post.",project-context,389aa31d4eef96be3cbba24c,reviewed-file-delivery,https://github.com/yeager/translations/blob/67e6d27877c9cfd6b6dbc74bd852b10bdbe09c3c/Codeberg Weblate/verified-components/translations/readeck/application/sv.po,b712f3934219a9cd963c1c2826b519fc559f8e0eec855be5b2c268ed90e41c6f,{}
4b85dbb1848dec9caad7b6ea,"Added, oldest first","Tillagda, äldsta först",Codeberg:readeck,application,sort,"Granskad filleverans. Endast färdiga, aktiva översättningar tas med; detta är inte ett påstående om separat registrerat radbeslut för varje oförändrad post.",project-context,ac5007f86659ed3f522e9635,reviewed-file-delivery,https://github.com/yeager/translations/blob/67e6d27877c9cfd6b6dbc74bd852b10bdbe09c3c/Codeberg Weblate/verified-components/translations/readeck/application/sv.po,b712f3934219a9cd963c1c2826b519fc559f8e0eec855be5b2c268ed90e41c6f,{}
4d49c4a6d3f23e8db45f0198,Link address,Länkadress,Codeberg:readeck,application,,"Granskad filleverans. Endast färdiga, aktiva översättningar tas med; detta är inte ett påstående om separat registrerat radbeslut för varje oförändrad post.",project-context,e5f3ffe393feb774dc9daf2e,reviewed-file-delivery,https://github.com/yeager/translations/blob/67e6d27877c9cfd6b6dbc74bd852b10bdbe09c3c/Codeberg Weblate/verified-components/translations/readeck/application/sv.po,b712f3934219a9cd963c1c2826b519fc559f8e0eec855be5b2c268ed90e41c6f,{}
4d5aa0fc358a4c7d76e798ce,Profile,Profil,Codeberg:readeck,application,,"Granskad filleverans. Endast färdiga, aktiva översättningar tas med; detta är inte ett påstående om separat registrerat radbeslut för varje oförändrad post.",project-context,e1321442b183eecca8c8f505,reviewed-file-delivery,https://github.com/yeager/translations/blob/67e6d27877c9cfd6b6dbc74bd852b10bdbe09c3c/Codeberg Weblate/verified-components/translations/readeck/application/sv.po,b712f3934219a9cd963c1c2826b519fc559f8e0eec855be5b2c268ed90e41c6f,{}
4dc01cb4e132eeed711c2b62,Justify text,Justera text,Codeberg:readeck,application,,"Granskad filleverans. Endast färdiga, aktiva översättningar tas med; detta är inte ett påstående om separat registrerat radbeslut för varje oförändrad post.",project-context,3f2fa8fdb8a7b3181fe7c092,reviewed-file-delivery,https://github.com/yeager/translations/blob/67e6d27877c9cfd6b6dbc74bd852b10bdbe09c3c/Codeberg Weblate/verified-components/translations/readeck/application/sv.po,b712f3934219a9cd963c1c2826b519fc559f8e0eec855be5b2c268ed90e41c6f,{}
4e0d5d7c9e66a75df7dd3907,Type,Typ,Codeberg:readeck,application,,"Granskad filleverans. Endast färdiga, aktiva översättningar tas med; detta är inte ett påstående om separat registrerat radbeslut för varje oförändrad post.",project-context,142fb35fcab2bdac388638d0,reviewed-file-delivery,https://github.com/yeager/translations/blob/67e6d27877c9cfd6b6dbc74bd852b10bdbe09c3c/Codeberg Weblate/verified-components/translations/readeck/application/sv.po,b712f3934219a9cd963c1c2826b519fc559f8e0eec855be5b2c268ed90e41c6f,{}
4e6b7817d67635696651426c,Or continue with,Eller fortsätt med,Codeberg:readeck,application,,"Granskad filleverans. Endast färdiga, aktiva översättningar tas med; detta är inte ett påstående om separat registrerat radbeslut för varje oförändrad post.",project-context,4b76bf9cb1dce152916a54e5,reviewed-file-delivery,https://github.com/yeager/translations/blob/67e6d27877c9cfd6b6dbc74bd852b10bdbe09c3c/Codeberg Weblate/verified-components/translations/readeck/application/sv.po,b712f3934219a9cd963c1c2826b519fc559f8e0eec855be5b2c268ed90e41c6f,{}
4ebaf8b035b305f8dec7c3c1,Add a label,Lägg till en etikett,Codeberg:readeck,application,,"Granskad filleverans. Endast färdiga, aktiva översättningar tas med; detta är inte ett påstående om separat registrerat radbeslut för varje oförändrad post.",project-context,d147f11ac9e311c3a1167fc6,reviewed-file-delivery,https://github.com/yeager/translations/blob/67e6d27877c9cfd6b6dbc74bd852b10bdbe09c3c/Codeberg Weblate/verified-components/translations/readeck/application/sv.po,b712f3934219a9cd963c1c2826b519fc559f8e0eec855be5b2c268ed90e41c6f,{}
4eff7c4051184f32e2faa17b,As a Bearer Token,Som Bearer-token,Codeberg:readeck,application,,"Granskad filleverans. Endast färdiga, aktiva översättningar tas med; detta är inte ett påstående om separat registrerat radbeslut för varje oförändrad post.",project-context,87c5a4cd10b96a80ae8828d3,reviewed-file-delivery,https://github.com/yeager/translations/blob/67e6d27877c9cfd6b6dbc74bd852b10bdbe09c3c/Codeberg Weblate/verified-components/translations/readeck/application/sv.po,b712f3934219a9cd963c1c2826b519fc559f8e0eec855be5b2c268ed90e41c6f,{}
4f2a2a72362d5babaf088e53,Favorite Bookmarks,Favoritbokmärken,Codeberg:readeck,application,,"Granskad filleverans. Endast färdiga, aktiva översättningar tas med; detta är inte ett påstående om separat registrerat radbeslut för varje oförändrad post.",project-context,5ed3d864540267fecd421a70,reviewed-file-delivery,https://github.com/yeager/translations/blob/67e6d27877c9cfd6b6dbc74bd852b10bdbe09c3c/Codeberg Weblate/verified-components/translations/readeck/application/sv.po,b712f3934219a9cd963c1c2826b519fc559f8e0eec855be5b2c268ed90e41c6f,{}
5056afa95fc894ef044530af,Bookmarks Disk Usage:,Bokmärkesdiskanvändning:,Codeberg:readeck,application,,"Granskad filleverans. Endast färdiga, aktiva översättningar tas med; detta är inte ett påstående om separat registrerat radbeslut för varje oförändrad post.",project-context,339e0374fbe1d5f969785199,reviewed-file-delivery,https://github.com/yeager/translations/blob/67e6d27877c9cfd6b6dbc74bd852b10bdbe09c3c/Codeberg Weblate/verified-components/translations/readeck/application/sv.po,b712f3934219a9cd963c1c2826b519fc559f8e0eec855be5b2c268ed90e41c6f,{}
51440f0785d4218fe2cb00eb,Go to next page,Gå till nästa sida,Codeberg:readeck,application,,"Granskad filleverans. Endast färdiga, aktiva översättningar tas med; detta är inte ett påstående om separat registrerat radbeslut för varje oförändrad post.",project-context,a5f97729d058b653a585b8da,reviewed-file-delivery,https://github.com/yeager/translations/blob/67e6d27877c9cfd6b6dbc74bd852b10bdbe09c3c/Codeberg Weblate/verified-components/translations/readeck/application/sv.po,b712f3934219a9cd963c1c2826b519fc559f8e0eec855be5b2c268ed90e41c6f,{}
51d218efa9d3b54cc6f33e52,An error occurred.,Ett fel uppstod.,Codeberg:readeck,application,,"Granskad filleverans. Endast färdiga, aktiva översättningar tas med; detta är inte ett påstående om separat registrerat radbeslut för varje oförändrad post.",project-context,995979b3b4af52fd1fdb9e2e,reviewed-file-delivery,https://github.com/yeager/translations/blob/67e6d27877c9cfd6b6dbc74bd852b10bdbe09c3c/Codeberg Weblate/verified-components/translations/readeck/application/sv.po,b712f3934219a9cd963c1c2826b519fc559f8e0eec855be5b2c268ed90e41c6f,{}
522bbbb8fb1c3427378b5a37,Discover applications,Upptäck applikationer,Codeberg:readeck,application,,"Granskad filleverans. Endast färdiga, aktiva översättningar tas med; detta är inte ett påstående om separat registrerat radbeslut för varje oförändrad post.",project-context,4477153c89af3dd8c65387c5,reviewed-file-delivery,https://github.com/yeager/translations/blob/67e6d27877c9cfd6b6dbc74bd852b10bdbe09c3c/Codeberg Weblate/verified-components/translations/readeck/application/sv.po,b712f3934219a9cd963c1c2826b519fc559f8e0eec855be5b2c268ed90e41c6f,{}
542c36e356fe337d83e3ff5e,New password,Nytt lösenord,Codeberg:readeck,application,,"Granskad filleverans. Endast färdiga, aktiva översättningar tas med; detta är inte ett påstående om separat registrerat radbeslut för varje oförändrad post.",project-context,5f2244cdedc3af5d94421e74,reviewed-file-delivery,https://github.com/yeager/translations/blob/67e6d27877c9cfd6b6dbc74bd852b10bdbe09c3c/Codeberg Weblate/verified-components/translations/readeck/application/sv.po,b712f3934219a9cd963c1c2826b519fc559f8e0eec855be5b2c268ed90e41c6f,{}
553df6aaab9cb662c7cc5bcc,Don't remind me,Påminn mig inte,Codeberg:readeck,application,,"Granskad filleverans. Endast färdiga, aktiva översättningar tas med; detta är inte ett påstående om separat registrerat radbeslut för varje oförändrad post.",project-context,70796ef2da447cb4eb80bb27,reviewed-file-delivery,https://github.com/yeager/translations/blob/67e6d27877c9cfd6b6dbc74bd852b10bdbe09c3c/Codeberg Weblate/verified-components/translations/readeck/application/sv.po,b712f3934219a9cd963c1c2826b519fc559f8e0eec855be5b2c268ed90e41c6f,{}
56757caeaa827613bc77c6c9,API Token,API-token,Codeberg:readeck,application,,"Granskad filleverans. Endast färdiga, aktiva översättningar tas med; detta är inte ett påstående om separat registrerat radbeslut för varje oförändrad post.",project-context,4ef9f6b1469940265b7fb473,reviewed-file-delivery,https://github.com/yeager/translations/blob/67e6d27877c9cfd6b6dbc74bd852b10bdbe09c3c/Codeberg Weblate/verified-components/translations/readeck/application/sv.po,b712f3934219a9cd963c1c2826b519fc559f8e0eec855be5b2c268ed90e41c6f,{}
56c0c81deae68ed3351e860f,Move to archive,Flytta till arkiv,Codeberg:readeck,application,,"Granskad filleverans. Endast färdiga, aktiva översättningar tas med; detta är inte ett påstående om separat registrerat radbeslut för varje oförändrad post.",project-context,4698465952a9580947ff3a8a,reviewed-file-delivery,https://github.com/yeager/translations/blob/67e6d27877c9cfd6b6dbc74bd852b10bdbe09c3c/Codeberg Weblate/verified-components/translations/readeck/application/sv.po,b712f3934219a9cd963c1c2826b519fc559f8e0eec855be5b2c268ed90e41c6f,{}
575cbc160b26d03f5a4dbf1a,With hyphenation,Med bindestreck,Codeberg:readeck,application,,"Granskad filleverans. Endast färdiga, aktiva översättningar tas med; detta är inte ett påstående om separat registrerat radbeslut för varje oförändrad post.",project-context,a07684fe2307ab73a5572fe4,reviewed-file-delivery,https://github.com/yeager/translations/blob/67e6d27877c9cfd6b6dbc74bd852b10bdbe09c3c/Codeberg Weblate/verified-components/translations/readeck/application/sv.po,b712f3934219a9cd963c1c2826b519fc559f8e0eec855be5b2c268ed90e41c6f,{}
57c012b8df8281c416f0441d,Setup Verification Code,Ställ in verifieringskod,Codeberg:readeck,application,,"Granskad filleverans. Endast färdiga, aktiva översättningar tas med; detta är inte ett påstående om separat registrerat radbeslut för varje oförändrad post.",project-context,9eddf9fdf36b32f050613868,reviewed-file-delivery,https://github.com/yeager/translations/blob/67e6d27877c9cfd6b6dbc74bd852b10bdbe09c3c/Codeberg Weblate/verified-components/translations/readeck/application/sv.po,b712f3934219a9cd963c1c2826b519fc559f8e0eec855be5b2c268ed90e41c6f,{}
588585f7d3e936f46ed1f947,Expires on,Går ut den,Codeberg:readeck,application,,"Granskad filleverans. Endast färdiga, aktiva översättningar tas med; detta är inte ett påstående om separat registrerat radbeslut för varje oförändrad post.",project-context,bd2fd3252016e44a0f52d256,reviewed-file-delivery,https://github.com/yeager/translations/blob/67e6d27877c9cfd6b6dbc74bd852b10bdbe09c3c/Codeberg Weblate/verified-components/translations/readeck/application/sv.po,b712f3934219a9cd963c1c2826b519fc559f8e0eec855be5b2c268ed90e41c6f,{}
596745a2305f84a6ec8d6e23,External User,Extern användare,Codeberg:readeck,application,,"Granskad filleverans. Endast färdiga, aktiva översättningar tas med; detta är inte ett påstående om separat registrerat radbeslut för varje oförändrad post.",project-context,1b7f2dc93697ce40e95238e7,reviewed-file-delivery,https://github.com/yeager/translations/blob/67e6d27877c9cfd6b6dbc74bd852b10bdbe09c3c/Codeberg Weblate/verified-components/translations/readeck/application/sv.po,b712f3934219a9cd963c1c2826b519fc559f8e0eec855be5b2c268ed90e41c6f,{}
5bb26dbf671b4f99811b0c40,Verify,Verifiera,Codeberg:readeck,application,,"Granskad filleverans. Endast färdiga, aktiva översättningar tas med; detta är inte ett påstående om separat registrerat radbeslut för varje oförändrad post.",project-context,6df53393c03afd7cad6d4d71,reviewed-file-delivery,https://github.com/yeager/translations/blob/67e6d27877c9cfd6b6dbc74bd852b10bdbe09c3c/Codeberg Weblate/verified-components/translations/readeck/application/sv.po,b712f3934219a9cd963c1c2826b519fc559f8e0eec855be5b2c268ed90e41c6f,{}
5bef733680af9c0eae2d6d6e,"Duration, shortest first","Längd, kortast först",Codeberg:readeck,application,sort,"Granskad filleverans. Endast färdiga, aktiva översättningar tas med; detta är inte ett påstående om separat registrerat radbeslut för varje oförändrad post.",project-context,dba02f7fb2026a558f17bd6a,reviewed-file-delivery,https://github.com/yeager/translations/blob/67e6d27877c9cfd6b6dbc74bd852b10bdbe09c3c/Codeberg Weblate/verified-components/translations/readeck/application/sv.po,b712f3934219a9cd963c1c2826b519fc559f8e0eec855be5b2c268ed90e41c6f,{}
5c3e0c374ca37597cebedba0,Don't justify text,Justera inte texten,Codeberg:readeck,application,,"Granskad filleverans. Endast färdiga, aktiva översättningar tas med; detta är inte ett påstående om separat registrerat radbeslut för varje oförändrad post.",project-context,47b4be63aea2a1a86f15127a,reviewed-file-delivery,https://github.com/yeager/translations/blob/67e6d27877c9cfd6b6dbc74bd852b10bdbe09c3c/Codeberg Weblate/verified-components/translations/readeck/application/sv.po,b712f3934219a9cd963c1c2826b519fc559f8e0eec855be5b2c268ed90e41c6f,{}
5d81506e6f6a32b0ebcdb6f0,Enter the code from your application.,Ange koden från din applikation.,Codeberg:readeck,application,,"Granskad filleverans. Endast färdiga, aktiva översättningar tas med; detta är inte ett påstående om separat registrerat radbeslut för varje oförändrad post.",project-context,4e8088f9a79ccf92a8691e6e,reviewed-file-delivery,https://github.com/yeager/translations/blob/67e6d27877c9cfd6b6dbc74bd852b10bdbe09c3c/Codeberg Weblate/verified-components/translations/readeck/application/sv.po,b712f3934219a9cd963c1c2826b519fc559f8e0eec855be5b2c268ed90e41c6f,{}
5da0ef7cbf565763dce29381,Disclose source,Avslöja källa,Codeberg:readeck,application,,"Granskad filleverans. Endast färdiga, aktiva översättningar tas med; detta är inte ett påstående om separat registrerat radbeslut för varje oförändrad post.",project-context,ce727292de9a2fc2b5943461,reviewed-file-delivery,https://github.com/yeager/translations/blob/67e6d27877c9cfd6b6dbc74bd852b10bdbe09c3c/Codeberg Weblate/verified-components/translations/readeck/application/sv.po,b712f3934219a9cd963c1c2826b519fc559f8e0eec855be5b2c268ed90e41c6f,{}
5da9de2ce0ad22f8db2c5d40,Invalid code,Ogiltig kod,Codeberg:readeck,application,,"Granskad filleverans. Endast färdiga, aktiva översättningar tas med; detta är inte ett påstående om separat registrerat radbeslut för varje oförändrad post.",project-context,e3a7592e08bf70521b65a969,reviewed-file-delivery,https://github.com/yeager/translations/blob/67e6d27877c9cfd6b6dbc74bd852b10bdbe09c3c/Codeberg Weblate/verified-components/translations/readeck/application/sv.po,b712f3934219a9cd963c1c2826b519fc559f8e0eec855be5b2c268ed90e41c6f,{}
5ea8595083ef6ae7417534b1,Archived,Arkiverade,Codeberg:readeck,application,,"Granskad filleverans. Endast färdiga, aktiva översättningar tas med; detta är inte ett påstående om separat registrerat radbeslut för varje oförändrad post.",project-context,f2a0d7ba17bb44fde59bb75a,reviewed-file-delivery,https://github.com/yeager/translations/blob/67e6d27877c9cfd6b6dbc74bd852b10bdbe09c3c/Codeberg Weblate/verified-components/translations/readeck/application/sv.po,b712f3934219a9cd963c1c2826b519fc559f8e0eec855be5b2c268ed90e41c6f,{}
5ef1bf713eb051d9e050b27a,Import Links from a Text File,Importera Länkar från Textfil,Codeberg:readeck,application,,"Granskad filleverans. Endast färdiga, aktiva översättningar tas med; detta är inte ett påstående om separat registrerat radbeslut för varje oförändrad post.",project-context,22f314ef5d807f8a8a5b3ac3,reviewed-file-delivery,https://github.com/yeager/translations/blob/67e6d27877c9cfd6b6dbc74bd852b10bdbe09c3c/Codeberg Weblate/verified-components/translations/readeck/application/sv.po,b712f3934219a9cd963c1c2826b519fc559f8e0eec855be5b2c268ed90e41c6f,{}
5f43d78acb51e466c7869a90,August,Augusti,Codeberg:readeck,application,datetime_ml,"Granskad filleverans. Endast färdiga, aktiva översättningar tas med; detta är inte ett påstående om separat registrerat radbeslut för varje oförändrad post.",project-context,2afd48222393b817ef8055e6,reviewed-file-delivery,https://github.com/yeager/translations/blob/67e6d27877c9cfd6b6dbc74bd852b10bdbe09c3c/Codeberg Weblate/verified-components/translations/readeck/application/sv.po,b712f3934219a9cd963c1c2826b519fc559f8e0eec855be5b2c268ed90e41c6f,{}
5f5927f2abd2636f3500a6b4,Sources and issues:,Källor och problem:,Codeberg:readeck,application,,"Granskad filleverans. Endast färdiga, aktiva översättningar tas med; detta är inte ett påstående om separat registrerat radbeslut för varje oförändrad post.",project-context,4cf7a0a9843e2dba2a39f9d7,reviewed-file-delivery,https://github.com/yeager/translations/blob/67e6d27877c9cfd6b6dbc74bd852b10bdbe09c3c/Codeberg Weblate/verified-components/translations/readeck/application/sv.po,b712f3934219a9cd963c1c2826b519fc559f8e0eec855be5b2c268ed90e41c6f,{}
5fa9bbf2a40f8fe360fb5a81,Edit,Redigera,Codeberg:readeck,application,,"Granskad filleverans. Endast färdiga, aktiva översättningar tas med; detta är inte ett påstående om separat registrerat radbeslut för varje oförändrad post.",project-context,f2cb314f4d9b01949f3b3315,reviewed-file-delivery,https://github.com/yeager/translations/blob/67e6d27877c9cfd6b6dbc74bd852b10bdbe09c3c/Codeberg Weblate/verified-components/translations/readeck/application/sv.po,b712f3934219a9cd963c1c2826b519fc559f8e0eec855be5b2c268ed90e41c6f,{}
6109d39e76f2047b5c9e2101,an unexpected error has occurred,ett oväntat fel har uppstått,Codeberg:readeck,application,,"Granskad filleverans. Endast färdiga, aktiva översättningar tas med; detta är inte ett påstående om separat registrerat radbeslut för varje oförändrad post.",project-context,9f8d3f2b4b22387848d58041,reviewed-file-delivery,https://github.com/yeager/translations/blob/67e6d27877c9cfd6b6dbc74bd852b10bdbe09c3c/Codeberg Weblate/verified-components/translations/readeck/application/sv.po,b712f3934219a9cd963c1c2826b519fc559f8e0eec855be5b2c268ed90e41c6f,{}
617df78f0f844b8600001a21,May,Maj,Codeberg:readeck,application,datetime_ml,"Granskad filleverans. Endast färdiga, aktiva översättningar tas med; detta är inte ett påstående om separat registrerat radbeslut för varje oförändrad post.",project-context,cbd2497f25a4c0b9cd6a7bbf,reviewed-file-delivery,https://github.com/yeager/translations/blob/67e6d27877c9cfd6b6dbc74bd852b10bdbe09c3c/Codeberg Weblate/verified-components/translations/readeck/application/sv.po,b712f3934219a9cd963c1c2826b519fc559f8e0eec855be5b2c268ed90e41c6f,{}
61ec344a66cd47c0d211b49f,Increase width,Öka bredden,Codeberg:readeck,application,,"Granskad filleverans. Endast färdiga, aktiva översättningar tas med; detta är inte ett påstående om separat registrerat radbeslut för varje oförändrad post.",project-context,062f6148f97d460ef61a6ad7,reviewed-file-delivery,https://github.com/yeager/translations/blob/67e6d27877c9cfd6b6dbc74bd852b10bdbe09c3c/Codeberg Weblate/verified-components/translations/readeck/application/sv.po,b712f3934219a9cd963c1c2826b519fc559f8e0eec855be5b2c268ed90e41c6f,{}
628ea644d718781ee763c98c,Copy the link,Kopiera länken,Codeberg:readeck,application,,"Granskad filleverans. Endast färdiga, aktiva översättningar tas med; detta är inte ett påstående om separat registrerat radbeslut för varje oförändrad post.",project-context,0224ae847bf156efc924f602,reviewed-file-delivery,https://github.com/yeager/translations/blob/67e6d27877c9cfd6b6dbc74bd852b10bdbe09c3c/Codeberg Weblate/verified-components/translations/readeck/application/sv.po,b712f3934219a9cd963c1c2826b519fc559f8e0eec855be5b2c268ed90e41c6f,{}
62a5c04b8a7988b22799cd6f,You don't have any highlights yet.,Du har inga markeringar än.,Codeberg:readeck,application,,"Granskad filleverans. Endast färdiga, aktiva översättningar tas med; detta är inte ett påstående om separat registrerat radbeslut för varje oförändrad post.",project-context,bed9b57263957d9ae6a013c7,reviewed-file-delivery,https://github.com/yeager/translations/blob/67e6d27877c9cfd6b6dbc74bd852b10bdbe09c3c/Codeberg Weblate/verified-components/translations/readeck/application/sv.po,b712f3934219a9cd963c1c2826b519fc559f8e0eec855be5b2c268ed90e41c6f,{}
62cfce4a1cc790e660f19eb7,API Tokens,API-tokens,Codeberg:readeck,application,,"Granskad filleverans. Endast färdiga, aktiva översättningar tas med; detta är inte ett påstående om separat registrerat radbeslut för varje oförändrad post.",project-context,767fbc7a97446212f6ed1338,reviewed-file-delivery,https://github.com/yeager/translations/blob/67e6d27877c9cfd6b6dbc74bd852b10bdbe09c3c/Codeberg Weblate/verified-components/translations/readeck/application/sv.po,b712f3934219a9cd963c1c2826b519fc559f8e0eec855be5b2c268ed90e41c6f,{}
62ed8ad00007a116f2ad378d,Fullscreen,Helskärm,Codeberg:readeck,application,,"Granskad filleverans. Endast färdiga, aktiva översättningar tas med; detta är inte ett påstående om separat registrerat radbeslut för varje oförändrad post.",project-context,1f7c6ee1cb47d64bb9ac5237,reviewed-file-delivery,https://github.com/yeager/translations/blob/67e6d27877c9cfd6b6dbc74bd852b10bdbe09c3c/Codeberg Weblate/verified-components/translations/readeck/application/sv.po,b712f3934219a9cd963c1c2826b519fc559f8e0eec855be5b2c268ed90e41c6f,{}
636cb3cf13549b14789a026c,Verification Code,Verifieringskod,Codeberg:readeck,application,,"Granskad filleverans. Endast färdiga, aktiva översättningar tas med; detta är inte ett påstående om separat registrerat radbeslut för varje oförändrad post.",project-context,55a39112a8137df39b3000e2,reviewed-file-delivery,https://github.com/yeager/translations/blob/67e6d27877c9cfd6b6dbc74bd852b10bdbe09c3c/Codeberg Weblate/verified-components/translations/readeck/application/sv.po,b712f3934219a9cd963c1c2826b519fc559f8e0eec855be5b2c268ed90e41c6f,{}
639ecf993854ed52c210af1d,Send article by Email,Skicka artikel med Epost,Codeberg:readeck,application,,"Granskad filleverans. Endast färdiga, aktiva översättningar tas med; detta är inte ett påstående om separat registrerat radbeslut för varje oförändrad post.",project-context,f457f05dd55ce5394a67d170,reviewed-file-delivery,https://github.com/yeager/translations/blob/67e6d27877c9cfd6b6dbc74bd852b10bdbe09c3c/Codeberg Weblate/verified-components/translations/readeck/application/sv.po,b712f3934219a9cd963c1c2826b519fc559f8e0eec855be5b2c268ed90e41c6f,{}
64efa2f913aaf1f599ba3b18,Group,Grupp,Codeberg:readeck,application,,"Granskad filleverans. Endast färdiga, aktiva översättningar tas med; detta är inte ett påstående om separat registrerat radbeslut för varje oförändrad post.",project-context,8f542fdbf93715e9c2f3598c,reviewed-file-delivery,https://github.com/yeager/translations/blob/67e6d27877c9cfd6b6dbc74bd852b10bdbe09c3c/Codeberg Weblate/verified-components/translations/readeck/application/sv.po,b712f3934219a9cd963c1c2826b519fc559f8e0eec855be5b2c268ed90e41c6f,{}
651e3cc0e4319a147deb7b20,Two-factor authentication,Tvåfaktorsautentisering,Codeberg:readeck,application,,"Granskad filleverans. Endast färdiga, aktiva översättningar tas med; detta är inte ett påstående om separat registrerat radbeslut för varje oförändrad post.",project-context,ee64cc496d7c6cdf5ea61f53,reviewed-file-delivery,https://github.com/yeager/translations/blob/67e6d27877c9cfd6b6dbc74bd852b10bdbe09c3c/Codeberg Weblate/verified-components/translations/readeck/application/sv.po,b712f3934219a9cd963c1c2826b519fc559f8e0eec855be5b2c268ed90e41c6f,{}
6557e710f162495d97e3b741,Videos,Videor,Codeberg:readeck,application,,"Granskad filleverans. Endast färdiga, aktiva översättningar tas med; detta är inte ett påstående om separat registrerat radbeslut för varje oförändrad post.",project-context,a63da8606c01f14fb4e9a2c7,reviewed-file-delivery,https://github.com/yeager/translations/blob/67e6d27877c9cfd6b6dbc74bd852b10bdbe09c3c/Codeberg Weblate/verified-components/translations/readeck/application/sv.po,b712f3934219a9cd963c1c2826b519fc559f8e0eec855be5b2c268ed90e41c6f,{}
6610780a7752a54ad321cb90,Third-Party Licenses,Tredjepartslicenser,Codeberg:readeck,application,,"Granskad filleverans. Endast färdiga, aktiva översättningar tas med; detta är inte ett påstående om separat registrerat radbeslut för varje oförändrad post.",project-context,a89c46a5c67620a3c6fc6319,reviewed-file-delivery,https://github.com/yeager/translations/blob/67e6d27877c9cfd6b6dbc74bd852b10bdbe09c3c/Codeberg Weblate/verified-components/translations/readeck/application/sv.po,b712f3934219a9cd963c1c2826b519fc559f8e0eec855be5b2c268ed90e41c6f,{}
66d14fb5b9910f1da0a40859,Readeck Bookmark Collections,Readeck-bokmärkessamlingar,Codeberg:readeck,application,,"Granskad filleverans. Endast färdiga, aktiva översättningar tas med; detta är inte ett påstående om separat registrerat radbeslut för varje oförändrad post.",project-context,2522ca1e032225d67e90c17c,reviewed-file-delivery,https://github.com/yeager/translations/blob/67e6d27877c9cfd6b6dbc74bd852b10bdbe09c3c/Codeberg Weblate/verified-components/translations/readeck/application/sv.po,b712f3934219a9cd963c1c2826b519fc559f8e0eec855be5b2c268ed90e41c6f,{}
682e0d2f8fe3aaf5cd3310f9,Undo,Ångra,Codeberg:readeck,application,,"Granskad filleverans. Endast färdiga, aktiva översättningar tas med; detta är inte ett påstående om separat registrerat radbeslut för varje oförändrad post.",project-context,1138a58aed731eb8ae769bd7,reviewed-file-delivery,https://github.com/yeager/translations/blob/67e6d27877c9cfd6b6dbc74bd852b10bdbe09c3c/Codeberg Weblate/verified-components/translations/readeck/application/sv.po,b712f3934219a9cd963c1c2826b519fc559f8e0eec855be5b2c268ed90e41c6f,{}
6954d0b2b126f01475046035,Authorization granted. Connecting device...,Autentisering godkänd. Ansluter enhet...,Codeberg:readeck,application,,"Granskad filleverans. Endast färdiga, aktiva översättningar tas med; detta är inte ett påstående om separat registrerat radbeslut för varje oförändrad post.",project-context,3606762f41ede5686ac0411d,reviewed-file-delivery,https://github.com/yeager/translations/blob/67e6d27877c9cfd6b6dbc74bd852b10bdbe09c3c/Codeberg Weblate/verified-components/translations/readeck/application/sv.po,b712f3934219a9cd963c1c2826b519fc559f8e0eec855be5b2c268ed90e41c6f,{}
69e9e1bc1c734834cdf8f926,Share link,Dela länk,Codeberg:readeck,application,,"Granskad filleverans. Endast färdiga, aktiva översättningar tas med; detta är inte ett påstående om separat registrerat radbeslut för varje oförändrad post.",project-context,194286ecbdae6f0fdb65fa43,reviewed-file-delivery,https://github.com/yeager/translations/blob/67e6d27877c9cfd6b6dbc74bd852b10bdbe09c3c/Codeberg Weblate/verified-components/translations/readeck/application/sv.po,b712f3934219a9cd963c1c2826b519fc559f8e0eec855be5b2c268ed90e41c6f,{}
6cb4c7927d8c7f292882a6df,Build Date:,Byggdatum:,Codeberg:readeck,application,,"Granskad filleverans. Endast färdiga, aktiva översättningar tas med; detta är inte ett påstående om separat registrerat radbeslut för varje oförändrad post.",project-context,06d5ec9b95fddb9686b39807,reviewed-file-delivery,https://github.com/yeager/translations/blob/67e6d27877c9cfd6b6dbc74bd852b10bdbe09c3c/Codeberg Weblate/verified-components/translations/readeck/application/sv.po,b712f3934219a9cd963c1c2826b519fc559f8e0eec855be5b2c268ed90e41c6f,{}
6e7112fa3e61d94b855428e2,Import operation will launch momentarily.,Importprocess kommer påbörjas momentant.,Codeberg:readeck,application,,"Granskad filleverans. Endast färdiga, aktiva översättningar tas med; detta är inte ett påstående om separat registrerat radbeslut för varje oförändrad post.",project-context,95a40cf59d2d635cf04c68ba,reviewed-file-delivery,https://github.com/yeager/translations/blob/67e6d27877c9cfd6b6dbc74bd852b10bdbe09c3c/Codeberg Weblate/verified-components/translations/readeck/application/sv.po,b712f3934219a9cd963c1c2826b519fc559f8e0eec855be5b2c268ed90e41c6f,{}
6f68c28a2d47f2a361674aae,Send EPUB to,Skicka EPUB till,Codeberg:readeck,application,,"Granskad filleverans. Endast färdiga, aktiva översättningar tas med; detta är inte ett påstående om separat registrerat radbeslut för varje oförändrad post.",project-context,fa846047432afbec8a8f0eef,reviewed-file-delivery,https://github.com/yeager/translations/blob/67e6d27877c9cfd6b6dbc74bd852b10bdbe09c3c/Codeberg Weblate/verified-components/translations/readeck/application/sv.po,b712f3934219a9cd963c1c2826b519fc559f8e0eec855be5b2c268ed90e41c6f,{}
6ff3180656b05558c3d11d8a,Invalid URL,Ogiltig URL,Codeberg:readeck,application,,"Granskad filleverans. Endast färdiga, aktiva översättningar tas med; detta är inte ett påstående om separat registrerat radbeslut för varje oförändrad post.",project-context,3b7268209ecb65723d79170b,reviewed-file-delivery,https://github.com/yeager/translations/blob/67e6d27877c9cfd6b6dbc74bd852b10bdbe09c3c/Codeberg Weblate/verified-components/translations/readeck/application/sv.po,b712f3934219a9cd963c1c2826b519fc559f8e0eec855be5b2c268ed90e41c6f,{}
7007d474a57f8a3d8c1ca940,Label,Etikett,Codeberg:readeck,application,,"Granskad filleverans. Endast färdiga, aktiva översättningar tas med; detta är inte ett påstående om separat registrerat radbeslut för varje oförändrad post.",project-context,74d475798093ae9ffcbb951e,reviewed-file-delivery,https://github.com/yeager/translations/blob/67e6d27877c9cfd6b6dbc74bd852b10bdbe09c3c/Codeberg Weblate/verified-components/translations/readeck/application/sv.po,b712f3934219a9cd963c1c2826b519fc559f8e0eec855be5b2c268ed90e41c6f,{}
701e995c1bd6868dd015923d,Change color theme,Byt färgtema,Codeberg:readeck,application,,"Granskad filleverans. Endast färdiga, aktiva översättningar tas med; detta är inte ett påstående om separat registrerat radbeslut för varje oförändrad post.",project-context,62229085f6f6506060f4a784,reviewed-file-delivery,https://github.com/yeager/translations/blob/67e6d27877c9cfd6b6dbc74bd852b10bdbe09c3c/Codeberg Weblate/verified-components/translations/readeck/application/sv.po,b712f3934219a9cd963c1c2826b519fc559f8e0eec855be5b2c268ed90e41c6f,{}
703b392a97e2b06600669cd9,Yellow,Gul,Codeberg:readeck,application,,"Granskad filleverans. Endast färdiga, aktiva översättningar tas med; detta är inte ett påstående om separat registrerat radbeslut för varje oförändrad post.",project-context,6e3bd784f747b8464f86b099,reviewed-file-delivery,https://github.com/yeager/translations/blob/67e6d27877c9cfd6b6dbc74bd852b10bdbe09c3c/Codeberg Weblate/verified-components/translations/readeck/application/sv.po,b712f3934219a9cd963c1c2826b519fc559f8e0eec855be5b2c268ed90e41c6f,{}
710ea5eb69724dd91306233b,"Site Name, Z to A","Sidnamn, Ö till A",Codeberg:readeck,application,sort,"Granskad filleverans. Endast färdiga, aktiva översättningar tas med; detta är inte ett påstående om separat registrerat radbeslut för varje oförändrad post.",project-context,d060c9f68217eb5ced35ce0c,reviewed-file-delivery,https://github.com/yeager/translations/blob/67e6d27877c9cfd6b6dbc74bd852b10bdbe09c3c/Codeberg Weblate/verified-components/translations/readeck/application/sv.po,b712f3934219a9cd963c1c2826b519fc559f8e0eec855be5b2c268ed90e41c6f,{}
716263035f7af3cf27ae3765,Main content,Huvudinnehåll,Codeberg:readeck,application,,"Granskad filleverans. Endast färdiga, aktiva översättningar tas med; detta är inte ett påstående om separat registrerat radbeslut för varje oförändrad post.",project-context,f966f650a6265d3b02001f0a,reviewed-file-delivery,https://github.com/yeager/translations/blob/67e6d27877c9cfd6b6dbc74bd852b10bdbe09c3c/Codeberg Weblate/verified-components/translations/readeck/application/sv.po,b712f3934219a9cd963c1c2826b519fc559f8e0eec855be5b2c268ed90e41c6f,{}
71a2cbcf0ff6d7da7e648b72,Bookmarks,Bokmärken,Codeberg:readeck,application,,"Granskad filleverans. Endast färdiga, aktiva översättningar tas med; detta är inte ett påstående om separat registrerat radbeslut för varje oförändrad post.",project-context,12dd4fd10b8b2877b33d23b4,reviewed-file-delivery,https://github.com/yeager/translations/blob/67e6d27877c9cfd6b6dbc74bd852b10bdbe09c3c/Codeberg Weblate/verified-components/translations/readeck/application/sv.po,b712f3934219a9cd963c1c2826b519fc559f8e0eec855be5b2c268ed90e41c6f,{}
71ae5701d5f11b1574ff79e3,Shared link,Delad länk,Codeberg:readeck,application,,"Granskad filleverans. Endast färdiga, aktiva översättningar tas med; detta är inte ett påstående om separat registrerat radbeslut för varje oförändrad post.",project-context,fc831e086b781b088cd62dcf,reviewed-file-delivery,https://github.com/yeager/translations/blob/67e6d27877c9cfd6b6dbc74bd852b10bdbe09c3c/Codeberg Weblate/verified-components/translations/readeck/application/sv.po,b712f3934219a9cd963c1c2826b519fc559f8e0eec855be5b2c268ed90e41c6f,{}
71f2c0efc7d277fcc6a4f83a,Token was updated.,Token har uppdaterats.,Codeberg:readeck,application,,"Granskad filleverans. Endast färdiga, aktiva översättningar tas med; detta är inte ett påstående om separat registrerat radbeslut för varje oförändrad post.",project-context,539e0e626f0bf6c55d97e48c,reviewed-file-delivery,https://github.com/yeager/translations/blob/67e6d27877c9cfd6b6dbc74bd852b10bdbe09c3c/Codeberg Weblate/verified-components/translations/readeck/application/sv.po,b712f3934219a9cd963c1c2826b519fc559f8e0eec855be5b2c268ed90e41c6f,{}
71fa21c843b6b4367718de87,Bookmark Collections,Bokmärkessamlingar,Codeberg:readeck,application,,"Granskad filleverans. Endast färdiga, aktiva översättningar tas med; detta är inte ett påstående om separat registrerat radbeslut för varje oförändrad post.",project-context,9d4ff4f4f50cc5b66c35f0a9,reviewed-file-delivery,https://github.com/yeager/translations/blob/67e6d27877c9cfd6b6dbc74bd852b10bdbe09c3c/Codeberg Weblate/verified-components/translations/readeck/application/sv.po,b712f3934219a9cd963c1c2826b519fc559f8e0eec855be5b2c268ed90e41c6f,{}
734a5c8564870ee66d9ae019,Import operation has started!,Importprocess har påbörjats!,Codeberg:readeck,application,,"Granskad filleverans. Endast färdiga, aktiva översättningar tas med; detta är inte ett påstående om separat registrerat radbeslut för varje oförändrad post.",project-context,1ec1edc03644353695de7b79,reviewed-file-delivery,https://github.com/yeager/translations/blob/67e6d27877c9cfd6b6dbc74bd852b10bdbe09c3c/Codeberg Weblate/verified-components/translations/readeck/application/sv.po,b712f3934219a9cd963c1c2826b519fc559f8e0eec855be5b2c268ed90e41c6f,{}
735ea5178c59e89ca5ed696b,In-Progress,Pågående,Codeberg:readeck,application,status,"Granskad filleverans. Endast färdiga, aktiva översättningar tas med; detta är inte ett påstående om separat registrerat radbeslut för varje oförändrad post.",project-context,600b8bd774b698dd2a0de622,reviewed-file-delivery,https://github.com/yeager/translations/blob/67e6d27877c9cfd6b6dbc74bd852b10bdbe09c3c/Codeberg Weblate/verified-components/translations/readeck/application/sv.po,b712f3934219a9cd963c1c2826b519fc559f8e0eec855be5b2c268ed90e41c6f,{}
737d86e9c715fae9226282df,Last Login,Senaste inloggning,Codeberg:readeck,application,,"Granskad filleverans. Endast färdiga, aktiva översättningar tas med; detta är inte ett påstående om separat registrerat radbeslut för varje oförändrad post.",project-context,f44f1b8bbf31b94dfed2c614,reviewed-file-delivery,https://github.com/yeager/translations/blob/67e6d27877c9cfd6b6dbc74bd852b10bdbe09c3c/Codeberg Weblate/verified-components/translations/readeck/application/sv.po,b712f3934219a9cd963c1c2826b519fc559f8e0eec855be5b2c268ed90e41c6f,{}
73a98e10ee0eceeee80ccbdc,Mon,Mån,Codeberg:readeck,application,datetime_ds,"Granskad filleverans. Endast färdiga, aktiva översättningar tas med; detta är inte ett påstående om separat registrerat radbeslut för varje oförändrad post.",project-context,660942dbb1a375c32c5351d2,reviewed-file-delivery,https://github.com/yeager/translations/blob/67e6d27877c9cfd6b6dbc74bd852b10bdbe09c3c/Codeberg Weblate/verified-components/translations/readeck/application/sv.po,b712f3934219a9cd963c1c2826b519fc559f8e0eec855be5b2c268ed90e41c6f,{}
7446460345fe40a6c5084def,Bookmark filters,Bokmärkesfilter,Codeberg:readeck,application,,"Granskad filleverans. Endast färdiga, aktiva översättningar tas med; detta är inte ett påstående om separat registrerat radbeslut för varje oförändrad post.",project-context,72596006450c10a80bb721ca,reviewed-file-delivery,https://github.com/yeager/translations/blob/67e6d27877c9cfd6b6dbc74bd852b10bdbe09c3c/Codeberg Weblate/verified-components/translations/readeck/application/sv.po,b712f3934219a9cd963c1c2826b519fc559f8e0eec855be5b2c268ed90e41c6f,{}
746cee843aa08e67991743ec,Sunday,Söndag,Codeberg:readeck,application,datetime_dl,"Granskad filleverans. Endast färdiga, aktiva översättningar tas med; detta är inte ett påstående om separat registrerat radbeslut för varje oförändrad post.",project-context,975e332bd84458c3ef716398,reviewed-file-delivery,https://github.com/yeager/translations/blob/67e6d27877c9cfd6b6dbc74bd852b10bdbe09c3c/Codeberg Weblate/verified-components/translations/readeck/application/sv.po,b712f3934219a9cd963c1c2826b519fc559f8e0eec855be5b2c268ed90e41c6f,{}
75c4e4b22856d3cbf18500c9,Pictures,Bilder,Codeberg:readeck,application,,"Granskad filleverans. Endast färdiga, aktiva översättningar tas med; detta är inte ett påstående om separat registrerat radbeslut för varje oförändrad post.",project-context,c63ac382535b0b05a6bda178,reviewed-file-delivery,https://github.com/yeager/translations/blob/67e6d27877c9cfd6b6dbc74bd852b10bdbe09c3c/Codeberg Weblate/verified-components/translations/readeck/application/sv.po,b712f3934219a9cd963c1c2826b519fc559f8e0eec855be5b2c268ed90e41c6f,{}
7608593151d21a633a3a7f33,Code from your device,Kod från din enhet,Codeberg:readeck,application,,"Granskad filleverans. Endast färdiga, aktiva översättningar tas med; detta är inte ett påstående om separat registrerat radbeslut för varje oförändrad post.",project-context,356e80f305ce0fdef61d30e5,reviewed-file-delivery,https://github.com/yeager/translations/blob/67e6d27877c9cfd6b6dbc74bd852b10bdbe09c3c/Codeberg Weblate/verified-components/translations/readeck/application/sv.po,b712f3934219a9cd963c1c2826b519fc559f8e0eec855be5b2c268ed90e41c6f,{}
7643ceb3b2890ba5347bac1e,Import your Pocket Articles,Importera dina Pocket-artiklar,Codeberg:readeck,application,,"Granskad filleverans. Endast färdiga, aktiva översättningar tas med; detta är inte ett påstående om separat registrerat radbeslut för varje oförändrad post.",project-context,940a85c97e7e32f0954aae7b,reviewed-file-delivery,https://github.com/yeager/translations/blob/67e6d27877c9cfd6b6dbc74bd852b10bdbe09c3c/Codeberg Weblate/verified-components/translations/readeck/application/sv.po,b712f3934219a9cd963c1c2826b519fc559f8e0eec855be5b2c268ed90e41c6f,{}
76dbdafea8640661f38a0a5c,Almost there!,Nästan där!,Codeberg:readeck,application,,"Granskad filleverans. Endast färdiga, aktiva översättningar tas med; detta är inte ett påstående om separat registrerat radbeslut för varje oförändrad post.",project-context,6fb1cbe90400eed6636210c5,reviewed-file-delivery,https://github.com/yeager/translations/blob/67e6d27877c9cfd6b6dbc74bd852b10bdbe09c3c/Codeberg Weblate/verified-components/translations/readeck/application/sv.po,b712f3934219a9cd963c1c2826b519fc559f8e0eec855be5b2c268ed90e41c6f,{}
771662e5482311f517476b4f,copy HTTP header,kopiera HTTP-header,Codeberg:readeck,application,,"Granskad filleverans. Endast färdiga, aktiva översättningar tas med; detta är inte ett påstående om separat registrerat radbeslut för varje oförändrad post.",project-context,29c7c71875afc0b5e1326377,reviewed-file-delivery,https://github.com/yeager/translations/blob/67e6d27877c9cfd6b6dbc74bd852b10bdbe09c3c/Codeberg Weblate/verified-components/translations/readeck/application/sv.po,b712f3934219a9cd963c1c2826b519fc559f8e0eec855be5b2c268ed90e41c6f,{}
7744e3f682c1a8252146b8bb,Left to right,Vänster till höger,Codeberg:readeck,application,,"Granskad filleverans. Endast färdiga, aktiva översättningar tas med; detta är inte ett påstående om separat registrerat radbeslut för varje oförändrad post.",project-context,4560219448d7e345703fa1cb,reviewed-file-delivery,https://github.com/yeager/translations/blob/67e6d27877c9cfd6b6dbc74bd852b10bdbe09c3c/Codeberg Weblate/verified-components/translations/readeck/application/sv.po,b712f3934219a9cd963c1c2826b519fc559f8e0eec855be5b2c268ed90e41c6f,{}
788dba97e1e9b4f54857c3d2,Notes,Anteckningar,Codeberg:readeck,application,,"Granskad filleverans. Endast färdiga, aktiva översättningar tas med; detta är inte ett påstående om separat registrerat radbeslut för varje oförändrad post.",project-context,0d7b9b1bcd4b61bb5c214754,reviewed-file-delivery,https://github.com/yeager/translations/blob/67e6d27877c9cfd6b6dbc74bd852b10bdbe09c3c/Codeberg Weblate/verified-components/translations/readeck/application/sv.po,b712f3934219a9cd963c1c2826b519fc559f8e0eec855be5b2c268ed90e41c6f,{}
78a9098c395af5cc51281c4f,Width,Bredd,Codeberg:readeck,application,,"Granskad filleverans. Endast färdiga, aktiva översättningar tas med; detta är inte ett påstående om separat registrerat radbeslut för varje oförändrad post.",project-context,d06bd0b781a0dd604797de1b,reviewed-file-delivery,https://github.com/yeager/translations/blob/67e6d27877c9cfd6b6dbc74bd852b10bdbe09c3c/Codeberg Weblate/verified-components/translations/readeck/application/sv.po,b712f3934219a9cd963c1c2826b519fc559f8e0eec855be5b2c268ed90e41c6f,{}
78b5388168acdad76ccc304f,Sign in to Readeck,Logga in på Readeck,Codeberg:readeck,application,,"Granskad filleverans. Endast färdiga, aktiva översättningar tas med; detta är inte ett påstående om separat registrerat radbeslut för varje oförändrad post.",project-context,3ab1d51045987d91e857fca3,reviewed-file-delivery,https://github.com/yeager/translations/blob/67e6d27877c9cfd6b6dbc74bd852b10bdbe09c3c/Codeberg Weblate/verified-components/translations/readeck/application/sv.po,b712f3934219a9cd963c1c2826b519fc559f8e0eec855be5b2c268ed90e41c6f,{}
7911910d8e17ccd33e646371,Changelog,Ändringslogg,Codeberg:readeck,application,,"Granskad filleverans. Endast färdiga, aktiva översättningar tas med; detta är inte ett påstående om separat registrerat radbeslut för varje oförändrad post.",project-context,099be47f946bc9a8fd158b8b,reviewed-file-delivery,https://github.com/yeager/translations/blob/67e6d27877c9cfd6b6dbc74bd852b10bdbe09c3c/Codeberg Weblate/verified-components/translations/readeck/application/sv.po,b712f3934219a9cd963c1c2826b519fc559f8e0eec855be5b2c268ed90e41c6f,{}
79be6b0543a9359c0409c6fa,Page not found,Sida ej hittad,Codeberg:readeck,application,,"Granskad filleverans. Endast färdiga, aktiva översättningar tas med; detta är inte ett påstående om separat registrerat radbeslut för varje oförändrad post.",project-context,cfc14ee73ce790e93835d5c4,reviewed-file-delivery,https://github.com/yeager/translations/blob/67e6d27877c9cfd6b6dbc74bd852b10bdbe09c3c/Codeberg Weblate/verified-components/translations/readeck/application/sv.po,b712f3934219a9cd963c1c2826b519fc559f8e0eec855be5b2c268ed90e41c6f,{}
7b53fe29f2639fb8180975ae,Next,Nästa,Codeberg:readeck,application,,"Granskad filleverans. Endast färdiga, aktiva översättningar tas med; detta är inte ett påstående om separat registrerat radbeslut för varje oförändrad post.",project-context,96a0f06da3dc047bd6ec4d2b,reviewed-file-delivery,https://github.com/yeager/translations/blob/67e6d27877c9cfd6b6dbc74bd852b10bdbe09c3c/Codeberg Weblate/verified-components/translations/readeck/application/sv.po,b712f3934219a9cd963c1c2826b519fc559f8e0eec855be5b2c268ed90e41c6f,{}
7c313f1dc1ad9b7ea5f748c6,Bookmarks Labels,Bokmärkesetiketter,Codeberg:readeck,application,,"Granskad filleverans. Endast färdiga, aktiva översättningar tas med; detta är inte ett påstående om separat registrerat radbeslut för varje oförändrad post.",project-context,b34f98624be732ce20d75534,reviewed-file-delivery,https://github.com/yeager/translations/blob/67e6d27877c9cfd6b6dbc74bd852b10bdbe09c3c/Codeberg Weblate/verified-components/translations/readeck/application/sv.po,b712f3934219a9cd963c1c2826b519fc559f8e0eec855be5b2c268ed90e41c6f,{}
7db2e15cc0fa0ec9a8adf874,will not change if empty,kommer inte ändras om tomt,Codeberg:readeck,application,,"Granskad filleverans. Endast färdiga, aktiva översättningar tas med; detta är inte ett påstående om separat registrerat radbeslut för varje oförändrad post.",project-context,3d28eb2e4260f41fbd3612c1,reviewed-file-delivery,https://github.com/yeager/translations/blob/67e6d27877c9cfd6b6dbc74bd852b10bdbe09c3c/Codeberg Weblate/verified-components/translations/readeck/application/sv.po,b712f3934219a9cd963c1c2826b519fc559f8e0eec855be5b2c268ed90e41c6f,{}
7ed21555a5d2a20d3adb6b03,Passcode,Lösenord,Codeberg:readeck,application,,"Granskad filleverans. Endast färdiga, aktiva översättningar tas med; detta är inte ett påstående om separat registrerat radbeslut för varje oförändrad post.",project-context,1be57a164f18080d85131c29,reviewed-file-delivery,https://github.com/yeager/translations/blob/67e6d27877c9cfd6b6dbc74bd852b10bdbe09c3c/Codeberg Weblate/verified-components/translations/readeck/application/sv.po,b712f3934219a9cd963c1c2826b519fc559f8e0eec855be5b2c268ed90e41c6f,{}
7f221cb203486227d9ddbfa6,Options,Alternativ,Codeberg:readeck,application,,"Granskad filleverans. Endast färdiga, aktiva översättningar tas med; detta är inte ett påstående om separat registrerat radbeslut för varje oförändrad post.",project-context,c7ab1fd3abd9d2e9685d05a3,reviewed-file-delivery,https://github.com/yeager/translations/blob/67e6d27877c9cfd6b6dbc74bd852b10bdbe09c3c/Codeberg Weblate/verified-components/translations/readeck/application/sv.po,b712f3934219a9cd963c1c2826b519fc559f8e0eec855be5b2c268ed90e41c6f,{}
8037976c847ae6bbb93145bb,Username or email address,Användarnamn eller epostadress,Codeberg:readeck,application,,"Granskad filleverans. Endast färdiga, aktiva översättningar tas med; detta är inte ett påstående om separat registrerat radbeslut för varje oförändrad post.",project-context,117945ad832e2bd66fae5b63,reviewed-file-delivery,https://github.com/yeager/translations/blob/67e6d27877c9cfd6b6dbc74bd852b10bdbe09c3c/Codeberg Weblate/verified-components/translations/readeck/application/sv.po,b712f3934219a9cd963c1c2826b519fc559f8e0eec855be5b2c268ed90e41c6f,{}
806d257664716acc4dddec5f,Update,Uppdatera,Codeberg:readeck,application,,"Granskad filleverans. Endast färdiga, aktiva översättningar tas med; detta är inte ett påstående om separat registrerat radbeslut för varje oförändrad post.",project-context,1ee5bacbc1087c97709ca7a5,reviewed-file-delivery,https://github.com/yeager/translations/blob/67e6d27877c9cfd6b6dbc74bd852b10bdbe09c3c/Codeberg Weblate/verified-components/translations/readeck/application/sv.po,b712f3934219a9cd963c1c2826b519fc559f8e0eec855be5b2c268ed90e41c6f,{}
80a71083bcf4c4c55e423a64,Author,Författare,Codeberg:readeck,application,,"Granskad filleverans. Endast färdiga, aktiva översättningar tas med; detta är inte ett påstående om separat registrerat radbeslut för varje oförändrad post.",project-context,b9bb0e826b845a3e16c39228,reviewed-file-delivery,https://github.com/yeager/translations/blob/67e6d27877c9cfd6b6dbc74bd852b10bdbe09c3c/Codeberg Weblate/verified-components/translations/readeck/application/sv.po,b712f3934219a9cd963c1c2826b519fc559f8e0eec855be5b2c268ed90e41c6f,{}
80b0d08813c383d0c3f7d5dc,Site Name,Webbplatsnamn,Codeberg:readeck,application,,"Granskad filleverans. Endast färdiga, aktiva översättningar tas med; detta är inte ett påstående om separat registrerat radbeslut för varje oförändrad post.",project-context,e64ff8612b35a2823014c4da,reviewed-file-delivery,https://github.com/yeager/translations/blob/67e6d27877c9cfd6b6dbc74bd852b10bdbe09c3c/Codeberg Weblate/verified-components/translations/readeck/application/sv.po,b712f3934219a9cd963c1c2826b519fc559f8e0eec855be5b2c268ed90e41c6f,{}
80c53b6702df788751f8178c,Wednesday,Onsdag,Codeberg:readeck,application,datetime_dl,"Granskad filleverans. Endast färdiga, aktiva översättningar tas med; detta är inte ett påstående om separat registrerat radbeslut för varje oförändrad post.",project-context,4cec419141689ffe4fb9ae0d,reviewed-file-delivery,https://github.com/yeager/translations/blob/67e6d27877c9cfd6b6dbc74bd852b10bdbe09c3c/Codeberg Weblate/verified-components/translations/readeck/application/sv.po,b712f3934219a9cd963c1c2826b519fc559f8e0eec855be5b2c268ed90e41c6f,{}
814920ffbf0027d708267baa,username is already in use,användarnamnet används redan,Codeberg:readeck,application,,"Granskad filleverans. Endast färdiga, aktiva översättningar tas med; detta är inte ett påstående om separat registrerat radbeslut för varje oförändrad post.",project-context,f014ef105c286987b63428c1,reviewed-file-delivery,https://github.com/yeager/translations/blob/67e6d27877c9cfd6b6dbc74bd852b10bdbe09c3c/Codeberg Weblate/verified-components/translations/readeck/application/sv.po,b712f3934219a9cd963c1c2826b519fc559f8e0eec855be5b2c268ed90e41c6f,{}
816f8800351a888f15edc32d,Import existing bookmarks,Importera existerande bokmärken,Codeberg:readeck,application,,"Granskad filleverans. Endast färdiga, aktiva översättningar tas med; detta är inte ett påstående om separat registrerat radbeslut för varje oförändrad post.",project-context,deee54c5bb0a886ccd174e2d,reviewed-file-delivery,https://github.com/yeager/translations/blob/67e6d27877c9cfd6b6dbc74bd852b10bdbe09c3c/Codeberg Weblate/verified-components/translations/readeck/application/sv.po,b712f3934219a9cd963c1c2826b519fc559f8e0eec855be5b2c268ed90e41c6f,{}
819083b72ebc7147a3c96c03,User updated.,Användare uppdaterad.,Codeberg:readeck,application,,"Granskad filleverans. Endast färdiga, aktiva översättningar tas med; detta är inte ett påstående om separat registrerat radbeslut för varje oförändrad post.",project-context,b1dc4474fb276071238c23e9,reviewed-file-delivery,https://github.com/yeager/translations/blob/67e6d27877c9cfd6b6dbc74bd852b10bdbe09c3c/Codeberg Weblate/verified-components/translations/readeck/application/sv.po,b712f3934219a9cd963c1c2826b519fc559f8e0eec855be5b2c268ed90e41c6f,{}
820626194e1208c51db8507d,Bookmark updated,Bokmärke uppdaterat,Codeberg:readeck,application,,"Granskad filleverans. Endast färdiga, aktiva översättningar tas med; detta är inte ett påstående om separat registrerat radbeslut för varje oförändrad post.",project-context,2aa3f32058b1d7f713aefb03,reviewed-file-delivery,https://github.com/yeager/translations/blob/67e6d27877c9cfd6b6dbc74bd852b10bdbe09c3c/Codeberg Weblate/verified-components/translations/readeck/application/sv.po,b712f3934219a9cd963c1c2826b519fc559f8e0eec855be5b2c268ed90e41c6f,{}
8312c6066b75fb4ab378fdaf,no site name,inget sidnamn,Codeberg:readeck,application,,"Granskad filleverans. Endast färdiga, aktiva översättningar tas med; detta är inte ett påstående om separat registrerat radbeslut för varje oförändrad post.",project-context,0fbc538880dac4d2feea8f4f,reviewed-file-delivery,https://github.com/yeager/translations/blob/67e6d27877c9cfd6b6dbc74bd852b10bdbe09c3c/Codeberg Weblate/verified-components/translations/readeck/application/sv.po,b712f3934219a9cd963c1c2826b519fc559f8e0eec855be5b2c268ed90e41c6f,{}
833e9047d8148ce869275fd9,Permission denied.,Åtkomst nekad.,Codeberg:readeck,application,,"Granskad filleverans. Endast färdiga, aktiva översättningar tas med; detta är inte ett påstående om separat registrerat radbeslut för varje oförändrad post.",project-context,d8c9c2cdfad395e6cffe6f8e,reviewed-file-delivery,https://github.com/yeager/translations/blob/67e6d27877c9cfd6b6dbc74bd852b10bdbe09c3c/Codeberg Weblate/verified-components/translations/readeck/application/sv.po,b712f3934219a9cd963c1c2826b519fc559f8e0eec855be5b2c268ed90e41c6f,{}
8375b0516b37a4deee20cd2d,Create a new collection,Skapa ny samling,Codeberg:readeck,application,,"Granskad filleverans. Endast färdiga, aktiva översättningar tas med; detta är inte ett påstående om separat registrerat radbeslut för varje oförändrad post.",project-context,8e80db7d09952d6980a34b47,reviewed-file-delivery,https://github.com/yeager/translations/blob/67e6d27877c9cfd6b6dbc74bd852b10bdbe09c3c/Codeberg Weblate/verified-components/translations/readeck/application/sv.po,b712f3934219a9cd963c1c2826b519fc559f8e0eec855be5b2c268ed90e41c6f,{}
83f15eb4c5c04021a8c9f4c8,Pinboard JSON backup File,Säkerhetskopieringsfil för Pinboard JSON,Codeberg:readeck,application,,"Granskad filleverans. Endast färdiga, aktiva översättningar tas med; detta är inte ett påstående om separat registrerat radbeslut för varje oförändrad post.",project-context,d5efeb431dc747246a86a44a,reviewed-file-delivery,https://github.com/yeager/translations/blob/67e6d27877c9cfd6b6dbc74bd852b10bdbe09c3c/Codeberg Weblate/verified-components/translations/readeck/application/sv.po,b712f3934219a9cd963c1c2826b519fc559f8e0eec855be5b2c268ed90e41c6f,{}
849c713ae420650271e435b4,or,eller,Codeberg:readeck,application,word,"Granskad filleverans. Endast färdiga, aktiva översättningar tas med; detta är inte ett påstående om separat registrerat radbeslut för varje oförändrad post.",project-context,3bcadee3429617db9c2ae389,reviewed-file-delivery,https://github.com/yeager/translations/blob/67e6d27877c9cfd6b6dbc74bd852b10bdbe09c3c/Codeberg Weblate/verified-components/translations/readeck/application/sv.po,b712f3934219a9cd963c1c2826b519fc559f8e0eec855be5b2c268ed90e41c6f,{}
84b0798f5956bc1bdc8149a9,email address is already in use,e-postadressen används redan,Codeberg:readeck,application,,"Granskad filleverans. Endast färdiga, aktiva översättningar tas med; detta är inte ett påstående om separat registrerat radbeslut för varje oförändrad post.",project-context,191cb463bba746ad6450f9e5,reviewed-file-delivery,https://github.com/yeager/translations/blob/67e6d27877c9cfd6b6dbc74bd852b10bdbe09c3c/Codeberg Weblate/verified-components/translations/readeck/application/sv.po,b712f3934219a9cd963c1c2826b519fc559f8e0eec855be5b2c268ed90e41c6f,{}
85bbb69569327c1a295e5f07,Roles,Roller,Codeberg:readeck,application,,"Granskad filleverans. Endast färdiga, aktiva översättningar tas med; detta är inte ett påstående om separat registrerat radbeslut för varje oförändrad post.",project-context,b54eb44533461ff24192d7b7,reviewed-file-delivery,https://github.com/yeager/translations/blob/67e6d27877c9cfd6b6dbc74bd852b10bdbe09c3c/Codeberg Weblate/verified-components/translations/readeck/application/sv.po,b712f3934219a9cd963c1c2826b519fc559f8e0eec855be5b2c268ed90e41c6f,{}
874d88d8a305273b1e7360bb,admin,administratör,Codeberg:readeck,application,role,"Granskad filleverans. Endast färdiga, aktiva översättningar tas med; detta är inte ett påstående om separat registrerat radbeslut för varje oförändrad post.",project-context,0db522bdfb78c3b294ac5cac,reviewed-file-delivery,https://github.com/yeager/translations/blob/67e6d27877c9cfd6b6dbc74bd852b10bdbe09c3c/Codeberg Weblate/verified-components/translations/readeck/application/sv.po,b712f3934219a9cd963c1c2826b519fc559f8e0eec855be5b2c268ed90e41c6f,{}
87667cb34613b75db5f7812d,Ignore links already in your bookmarks,Ignorera länkar som redan finns i dina bokmärken,Codeberg:readeck,application,,"Granskad filleverans. Endast färdiga, aktiva översättningar tas med; detta är inte ett påstående om separat registrerat radbeslut för varje oförändrad post.",project-context,012541dc99691858473d1c23,reviewed-file-delivery,https://github.com/yeager/translations/blob/67e6d27877c9cfd6b6dbc74bd852b10bdbe09c3c/Codeberg Weblate/verified-components/translations/readeck/application/sv.po,b712f3934219a9cd963c1c2826b519fc559f8e0eec855be5b2c268ed90e41c6f,{}
87799050b9f02829c1d4cb42,Font,Typsnitt,Codeberg:readeck,application,,"Granskad filleverans. Endast färdiga, aktiva översättningar tas med; detta är inte ett påstående om separat registrerat radbeslut för varje oförändrad post.",project-context,1178772c303955d5762f2ab7,reviewed-file-delivery,https://github.com/yeager/translations/blob/67e6d27877c9cfd6b6dbc74bd852b10bdbe09c3c/Codeberg Weblate/verified-components/translations/readeck/application/sv.po,b712f3934219a9cd963c1c2826b519fc559f8e0eec855be5b2c268ed90e41c6f,{}
897de92a2a03fd57d29a1298,password is empty,lösenord är tomt,Codeberg:readeck,application,,"Granskad filleverans. Endast färdiga, aktiva översättningar tas med; detta är inte ett påstående om separat registrerat radbeslut för varje oförändrad post.",project-context,46ca541a27e3a62de16f2864,reviewed-file-delivery,https://github.com/yeager/translations/blob/67e6d27877c9cfd6b6dbc74bd852b10bdbe09c3c/Codeberg Weblate/verified-components/translations/readeck/application/sv.po,b712f3934219a9cd963c1c2826b519fc559f8e0eec855be5b2c268ed90e41c6f,{}
898c6cf1c948c8f06e96dddc,"Import your Browser's Bookmarks, Pinboard, Instapaper","Importera din webbläsares bokmärken, Pinboard, Instapaper",Codeberg:readeck,application,,"Granskad filleverans. Endast färdiga, aktiva översättningar tas med; detta är inte ett påstående om separat registrerat radbeslut för varje oförändrad post.",project-context,c02e977d609a641a4dd1a125,reviewed-file-delivery,https://github.com/yeager/translations/blob/67e6d27877c9cfd6b6dbc74bd852b10bdbe09c3c/Codeberg Weblate/verified-components/translations/readeck/application/sv.po,b712f3934219a9cd963c1c2826b519fc559f8e0eec855be5b2c268ed90e41c6f,{}
8a15c8165180c6b1809eded4,February,Februari,Codeberg:readeck,application,datetime_ml,"Granskad filleverans. Endast färdiga, aktiva översättningar tas med; detta är inte ett påstående om separat registrerat radbeslut för varje oförändrad post.",project-context,20f682fd125d6d6f98f782d5,reviewed-file-delivery,https://github.com/yeager/translations/blob/67e6d27877c9cfd6b6dbc74bd852b10bdbe09c3c/Codeberg Weblate/verified-components/translations/readeck/application/sv.po,b712f3934219a9cd963c1c2826b519fc559f8e0eec855be5b2c268ed90e41c6f,{}
8b6780dc75a166149e844e03,remove,ta bort,Codeberg:readeck,application,,"Granskad filleverans. Endast färdiga, aktiva översättningar tas med; detta är inte ett påstående om separat registrerat radbeslut för varje oförändrad post.",project-context,7502bf4f4647fcb79bf2a6fc,reviewed-file-delivery,https://github.com/yeager/translations/blob/67e6d27877c9cfd6b6dbc74bd852b10bdbe09c3c/Codeberg Weblate/verified-components/translations/readeck/application/sv.po,b712f3934219a9cd963c1c2826b519fc559f8e0eec855be5b2c268ed90e41c6f,{}
8be311bfb575aec4b9a49d49,untitled,utan titel,Codeberg:readeck,application,,"Granskad filleverans. Endast färdiga, aktiva översättningar tas med; detta är inte ett påstående om separat registrerat radbeslut för varje oförändrad post.",project-context,d76be6628ba39daee4d1affe,reviewed-file-delivery,https://github.com/yeager/translations/blob/67e6d27877c9cfd6b6dbc74bd852b10bdbe09c3c/Codeberg Weblate/verified-components/translations/readeck/application/sv.po,b712f3934219a9cd963c1c2826b519fc559f8e0eec855be5b2c268ed90e41c6f,{}
8d011e27f92dbb9e426860b4,Email settings,Epostinställningar,Codeberg:readeck,application,,"Granskad filleverans. Endast färdiga, aktiva översättningar tas med; detta är inte ett påstående om separat registrerat radbeslut för varje oförändrad post.",project-context,c23b42fae20b0c9a333bf3c4,reviewed-file-delivery,https://github.com/yeager/translations/blob/67e6d27877c9cfd6b6dbc74bd852b10bdbe09c3c/Codeberg Weblate/verified-components/translations/readeck/application/sv.po,b712f3934219a9cd963c1c2826b519fc559f8e0eec855be5b2c268ed90e41c6f,{}
8dfc6aa33bdb2f915f47da7b,p.m.,eftermiddag,Codeberg:readeck,application,datetime,"Granskad filleverans. Endast färdiga, aktiva översättningar tas med; detta är inte ett påstående om separat registrerat radbeslut för varje oförändrad post.",project-context,cb20f4c4459fd58826c3470d,reviewed-file-delivery,https://github.com/yeager/translations/blob/67e6d27877c9cfd6b6dbc74bd852b10bdbe09c3c/Codeberg Weblate/verified-components/translations/readeck/application/sv.po,b712f3934219a9cd963c1c2826b519fc559f8e0eec855be5b2c268ed90e41c6f,{}
8fb3c53f44b9dd82be509170,Username,Användarnamn,Codeberg:readeck,application,,"Granskad filleverans. Endast färdiga, aktiva översättningar tas med; detta är inte ett påstående om separat registrerat radbeslut för varje oförändrad post.",project-context,168d0afdb5da6272778205be,reviewed-file-delivery,https://github.com/yeager/translations/blob/67e6d27877c9cfd6b6dbc74bd852b10bdbe09c3c/Codeberg Weblate/verified-components/translations/readeck/application/sv.po,b712f3934219a9cd963c1c2826b519fc559f8e0eec855be5b2c268ed90e41c6f,{}
900a76ce48d6e343c5a7dc28,Revoke application,Återkalla applikation,Codeberg:readeck,application,,"Granskad filleverans. Endast färdiga, aktiva översättningar tas med; detta är inte ett påstående om separat registrerat radbeslut för varje oförändrad post.",project-context,e29f0b63e9a1c3bbb0075cc3,reviewed-file-delivery,https://github.com/yeager/translations/blob/67e6d27877c9cfd6b6dbc74bd852b10bdbe09c3c/Codeberg Weblate/verified-components/translations/readeck/application/sv.po,b712f3934219a9cd963c1c2826b519fc559f8e0eec855be5b2c268ed90e41c6f,{}
90b1ffb8c1caf0adf35ca05a,Import and export,Importera och exportera,Codeberg:readeck,application,,"Granskad filleverans. Endast färdiga, aktiva översättningar tas med; detta är inte ett påstående om separat registrerat radbeslut för varje oförändrad post.",project-context,7f90eebd84e5bab2c5576519,reviewed-file-delivery,https://github.com/yeager/translations/blob/67e6d27877c9cfd6b6dbc74bd852b10bdbe09c3c/Codeberg Weblate/verified-components/translations/readeck/application/sv.po,b712f3934219a9cd963c1c2826b519fc559f8e0eec855be5b2c268ed90e41c6f,{}
912ce73a3782a43c6ef5f25f,Links,Länkar,Codeberg:readeck,application,,"Granskad filleverans. Endast färdiga, aktiva översättningar tas med; detta är inte ett påstående om separat registrerat radbeslut för varje oförändrad post.",project-context,87881e6165273774c39a1bbc,reviewed-file-delivery,https://github.com/yeager/translations/blob/67e6d27877c9cfd6b6dbc74bd852b10bdbe09c3c/Codeberg Weblate/verified-components/translations/readeck/application/sv.po,b712f3934219a9cd963c1c2826b519fc559f8e0eec855be5b2c268ed90e41c6f,{}
926918af70439c8600fa5b45,Verification Code is now enabled.,Verifieringskod är nu aktiverat.,Codeberg:readeck,application,,"Granskad filleverans. Endast färdiga, aktiva översättningar tas med; detta är inte ett påstående om separat registrerat radbeslut för varje oförändrad post.",project-context,56494cc6f569362f3d5a975f,reviewed-file-delivery,https://github.com/yeager/translations/blob/67e6d27877c9cfd6b6dbc74bd852b10bdbe09c3c/Codeberg Weblate/verified-components/translations/readeck/application/sv.po,b712f3934219a9cd963c1c2826b519fc559f8e0eec855be5b2c268ed90e41c6f,{}
93145eab85f8670ff9096138,Is Archived,Är Arkiverad,Codeberg:readeck,application,,"Granskad filleverans. Endast färdiga, aktiva översättningar tas med; detta är inte ett påstående om separat registrerat radbeslut för varje oförändrad post.",project-context,8e719930c56f16e3f4eae435,reviewed-file-delivery,https://github.com/yeager/translations/blob/67e6d27877c9cfd6b6dbc74bd852b10bdbe09c3c/Codeberg Weblate/verified-components/translations/readeck/application/sv.po,b712f3934219a9cd963c1c2826b519fc559f8e0eec855be5b2c268ed90e41c6f,{}
9329e25fad06ac7e1ae1e457,Base settings,Grundinställningar,Codeberg:readeck,application,,"Granskad filleverans. Endast färdiga, aktiva översättningar tas med; detta är inte ett påstående om separat registrerat radbeslut för varje oförändrad post.",project-context,2a3ae5cfb3141c72bd53734a,reviewed-file-delivery,https://github.com/yeager/translations/blob/67e6d27877c9cfd6b6dbc74bd852b10bdbe09c3c/Codeberg Weblate/verified-components/translations/readeck/application/sv.po,b712f3934219a9cd963c1c2826b519fc559f8e0eec855be5b2c268ed90e41c6f,{}
93be9cb4277c323eab6559f1,Did you know?,Visste du att?,Codeberg:readeck,application,,"Granskad filleverans. Endast färdiga, aktiva översättningar tas med; detta är inte ett påstående om separat registrerat radbeslut för varje oförändrad post.",project-context,fcaf9b1cc1acff89f67237cd,reviewed-file-delivery,https://github.com/yeager/translations/blob/67e6d27877c9cfd6b6dbc74bd852b10bdbe09c3c/Codeberg Weblate/verified-components/translations/readeck/application/sv.po,b712f3934219a9cd963c1c2826b519fc559f8e0eec855be5b2c268ed90e41c6f,{}
93eff8d5a5a716757204733c,Note,Anteckning,Codeberg:readeck,application,,"Granskad filleverans. Endast färdiga, aktiva översättningar tas med; detta är inte ett påstående om separat registrerat radbeslut för varje oförändrad post.",project-context,7b52bfdc98847ff6de883722,reviewed-file-delivery,https://github.com/yeager/translations/blob/67e6d27877c9cfd6b6dbc74bd852b10bdbe09c3c/Codeberg Weblate/verified-components/translations/readeck/application/sv.po,b712f3934219a9cd963c1c2826b519fc559f8e0eec855be5b2c268ed90e41c6f,{}
9431c69ed01da38b7895574d,Back to home page,Tillbaka till startsida,Codeberg:readeck,application,,"Granskad filleverans. Endast färdiga, aktiva översättningar tas med; detta är inte ett påstående om separat registrerat radbeslut för varje oförändrad post.",project-context,fcdfa15fe1b3f0e734f8e1cc,reviewed-file-delivery,https://github.com/yeager/translations/blob/67e6d27877c9cfd6b6dbc74bd852b10bdbe09c3c/Codeberg Weblate/verified-components/translations/readeck/application/sv.po,b712f3934219a9cd963c1c2826b519fc559f8e0eec855be5b2c268ed90e41c6f,{}
945bcbff43c87f2506334505,Which information is imported,Vilken information är importerad,Codeberg:readeck,application,,"Granskad filleverans. Endast färdiga, aktiva översättningar tas med; detta är inte ett påstående om separat registrerat radbeslut för varje oförändrad post.",project-context,a957330d322520ba4b54bbea,reviewed-file-delivery,https://github.com/yeager/translations/blob/67e6d27877c9cfd6b6dbc74bd852b10bdbe09c3c/Codeberg Weblate/verified-components/translations/readeck/application/sv.po,b712f3934219a9cd963c1c2826b519fc559f8e0eec855be5b2c268ed90e41c6f,{}
94c60e62536023ab61198859,Text Direction,Textriktning,Codeberg:readeck,application,,"Granskad filleverans. Endast färdiga, aktiva översättningar tas med; detta är inte ett påstående om separat registrerat radbeslut för varje oförändrad post.",project-context,b58c926718a654071d6477a8,reviewed-file-delivery,https://github.com/yeager/translations/blob/67e6d27877c9cfd6b6dbc74bd852b10bdbe09c3c/Codeberg Weblate/verified-components/translations/readeck/application/sv.po,b712f3934219a9cd963c1c2826b519fc559f8e0eec855be5b2c268ed90e41c6f,{}
95a10ab60eb6110b352a05bf,Archive,Arkiv,Codeberg:readeck,application,,"Granskad filleverans. Endast färdiga, aktiva översättningar tas med; detta är inte ett påstående om separat registrerat radbeslut för varje oförändrad post.",project-context,411e5c63f9725a8cb44b898d,reviewed-file-delivery,https://github.com/yeager/translations/blob/67e6d27877c9cfd6b6dbc74bd852b10bdbe09c3c/Codeberg Weblate/verified-components/translations/readeck/application/sv.po,b712f3934219a9cd963c1c2826b519fc559f8e0eec855be5b2c268ed90e41c6f,{}
95c4713c475f2d29cefd43a7,Import bookmarks,Importera bokmärken,Codeberg:readeck,application,,"Granskad filleverans. Endast färdiga, aktiva översättningar tas med; detta är inte ett påstående om separat registrerat radbeslut för varje oförändrad post.",project-context,ef74b63215f01387692d10b7,reviewed-file-delivery,https://github.com/yeager/translations/blob/67e6d27877c9cfd6b6dbc74bd852b10bdbe09c3c/Codeberg Weblate/verified-components/translations/readeck/application/sv.po,b712f3934219a9cd963c1c2826b519fc559f8e0eec855be5b2c268ed90e41c6f,{}
963ff5cbec045ff3089744de,Increase line height,Öka linjehöjden,Codeberg:readeck,application,,"Granskad filleverans. Endast färdiga, aktiva översättningar tas med; detta är inte ett påstående om separat registrerat radbeslut för varje oförändrad post.",project-context,cdc53730ad2bbc68a682922a,reviewed-file-delivery,https://github.com/yeager/translations/blob/67e6d27877c9cfd6b6dbc74bd852b10bdbe09c3c/Codeberg Weblate/verified-components/translations/readeck/application/sv.po,b712f3934219a9cd963c1c2826b519fc559f8e0eec855be5b2c268ed90e41c6f,{}
96f5386cca8763a9afb89559,Published,Publicerad,Codeberg:readeck,application,,"Granskad filleverans. Endast färdiga, aktiva översättningar tas med; detta är inte ett påstående om separat registrerat radbeslut för varje oförändrad post.",project-context,07137cd5d5014c6588ef1d13,reviewed-file-delivery,https://github.com/yeager/translations/blob/67e6d27877c9cfd6b6dbc74bd852b10bdbe09c3c/Codeberg Weblate/verified-components/translations/readeck/application/sv.po,b712f3934219a9cd963c1c2826b519fc559f8e0eec855be5b2c268ed90e41c6f,{}
9779a0ba92811064cfbd0069,Cancel,Avbryt,Codeberg:readeck,application,,"Granskad filleverans. Endast färdiga, aktiva översättningar tas med; detta är inte ett påstående om separat registrerat radbeslut för varje oförändrad post.",project-context,104590b187cc7dacb856b646,reviewed-file-delivery,https://github.com/yeager/translations/blob/67e6d27877c9cfd6b6dbc74bd852b10bdbe09c3c/Codeberg Weblate/verified-components/translations/readeck/application/sv.po,b712f3934219a9cd963c1c2826b519fc559f8e0eec855be5b2c268ed90e41c6f,{}
98b0c40ca03237af2c169d4d,Current line height,Nuvarande linjehöjd,Codeberg:readeck,application,,"Granskad filleverans. Endast färdiga, aktiva översättningar tas med; detta är inte ett påstående om separat registrerat radbeslut för varje oförändrad post.",project-context,2408d80fa3ca26c4bd516240,reviewed-file-delivery,https://github.com/yeager/translations/blob/67e6d27877c9cfd6b6dbc74bd852b10bdbe09c3c/Codeberg Weblate/verified-components/translations/readeck/application/sv.po,b712f3934219a9cd963c1c2826b519fc559f8e0eec855be5b2c268ed90e41c6f,{}
98e670b74c6f94e2fa5178db,CSV Format,CSV-format,Codeberg:readeck,application,,"Granskad filleverans. Endast färdiga, aktiva översättningar tas med; detta är inte ett påstående om separat registrerat radbeslut för varje oförändrad post.",project-context,49f3fb44466fd36c0eb47aa8,reviewed-file-delivery,https://github.com/yeager/translations/blob/67e6d27877c9cfd6b6dbc74bd852b10bdbe09c3c/Codeberg Weblate/verified-components/translations/readeck/application/sv.po,b712f3934219a9cd963c1c2826b519fc559f8e0eec855be5b2c268ed90e41c6f,{}
9907c0311101ccf23f8e4a67,Verification Code (TOTP),Verifieringskod (TOTP),Codeberg:readeck,application,,"Granskad filleverans. Endast färdiga, aktiva översättningar tas med; detta är inte ett påstående om separat registrerat radbeslut för varje oförändrad post.",project-context,c6aa40a5982779ca7190e1c1,reviewed-file-delivery,https://github.com/yeager/translations/blob/67e6d27877c9cfd6b6dbc74bd852b10bdbe09c3c/Codeberg Weblate/verified-components/translations/readeck/application/sv.po,b712f3934219a9cd963c1c2826b519fc559f8e0eec855be5b2c268ed90e41c6f,{}
9925fefc8da09eecb5185a6c,Welcome to Readeck!,Välkommen till Readeck!,Codeberg:readeck,application,,"Granskad filleverans. Endast färdiga, aktiva översättningar tas med; detta är inte ett påstående om separat registrerat radbeslut för varje oförändrad post.",project-context,3f3d23aeead9aa26d4ecdf46,reviewed-file-delivery,https://github.com/yeager/translations/blob/67e6d27877c9cfd6b6dbc74bd852b10bdbe09c3c/Codeberg Weblate/verified-components/translations/readeck/application/sv.po,b712f3934219a9cd963c1c2826b519fc559f8e0eec855be5b2c268ed90e41c6f,{}
997425f9b7fad84580f02240,Bookmark List as Comma Separated Values,"Bokmärkeslista som ""Comma Separated Values""",Codeberg:readeck,application,,"Granskad filleverans. Endast färdiga, aktiva översättningar tas med; detta är inte ett påstående om separat registrerat radbeslut för varje oförändrad post.",project-context,6609300596fcce95eed0e448,reviewed-file-delivery,https://github.com/yeager/translations/blob/67e6d27877c9cfd6b6dbc74bd852b10bdbe09c3c/Codeberg Weblate/verified-components/translations/readeck/application/sv.po,b712f3934219a9cd963c1c2826b519fc559f8e0eec855be5b2c268ed90e41c6f,{}
9982badeb78a6039e54a2f39,Patent use,Patentanvändning,Codeberg:readeck,application,,"Granskad filleverans. Endast färdiga, aktiva översättningar tas med; detta är inte ett påstående om separat registrerat radbeslut för varje oförändrad post.",project-context,743747b16f7d6b41c3659829,reviewed-file-delivery,https://github.com/yeager/translations/blob/67e6d27877c9cfd6b6dbc74bd852b10bdbe09c3c/Codeberg Weblate/verified-components/translations/readeck/application/sv.po,b712f3934219a9cd963c1c2826b519fc559f8e0eec855be5b2c268ed90e41c6f,{}
999f69eed2d5adc81e5372ab,Access to this feed is restricted.,Åtkomst till detta flöde är begränsad.,Codeberg:readeck,application,,"Granskad filleverans. Endast färdiga, aktiva översättningar tas med; detta är inte ett påstående om separat registrerat radbeslut för varje oförändrad post.",project-context,0690b5cf1c3e5bade90574e5,reviewed-file-delivery,https://github.com/yeager/translations/blob/67e6d27877c9cfd6b6dbc74bd852b10bdbe09c3c/Codeberg Weblate/verified-components/translations/readeck/application/sv.po,b712f3934219a9cd963c1c2826b519fc559f8e0eec855be5b2c268ed90e41c6f,{}
9a9a5d1d7deef1fb0045c850,This is you!,Det här är du!,Codeberg:readeck,application,,"Granskad filleverans. Endast färdiga, aktiva översättningar tas med; detta är inte ett påstående om separat registrerat radbeslut för varje oförändrad post.",project-context,4732f80cb150edc15575ef2c,reviewed-file-delivery,https://github.com/yeager/translations/blob/67e6d27877c9cfd6b6dbc74bd852b10bdbe09c3c/Codeberg Weblate/verified-components/translations/readeck/application/sv.po,b712f3934219a9cd963c1c2826b519fc559f8e0eec855be5b2c268ed90e41c6f,{}
9afba736eff4709a6d1ce3e7,Sat,Lör,Codeberg:readeck,application,datetime_ds,"Granskad filleverans. Endast färdiga, aktiva översättningar tas med; detta är inte ett påstående om separat registrerat radbeslut för varje oförändrad post.",project-context,81cd7c9126b102d977f29e3d,reviewed-file-delivery,https://github.com/yeager/translations/blob/67e6d27877c9cfd6b6dbc74bd852b10bdbe09c3c/Codeberg Weblate/verified-components/translations/readeck/application/sv.po,b712f3934219a9cd963c1c2826b519fc559f8e0eec855be5b2c268ed90e41c6f,{}
9bbb65e081a2bd43d7019c4e,Sign in,Logga in,Codeberg:readeck,application,,"Granskad filleverans. Endast färdiga, aktiva översättningar tas med; detta är inte ett påstående om separat registrerat radbeslut för varje oförändrad post.",project-context,e90fbbee2216d02a461d2a4e,reviewed-file-delivery,https://github.com/yeager/translations/blob/67e6d27877c9cfd6b6dbc74bd852b10bdbe09c3c/Codeberg Weblate/verified-components/translations/readeck/application/sv.po,b712f3934219a9cd963c1c2826b519fc559f8e0eec855be5b2c268ed90e41c6f,{}
9bde5f3b9cdd36abfc755270,username is not available,användarnamnet är ej tillgängligt,Codeberg:readeck,application,,"Granskad filleverans. Endast färdiga, aktiva översättningar tas med; detta är inte ett påstående om separat registrerat radbeslut för varje oförändrad post.",project-context,38846b9ed337aba72a096964,reviewed-file-delivery,https://github.com/yeager/translations/blob/67e6d27877c9cfd6b6dbc74bd852b10bdbe09c3c/Codeberg Weblate/verified-components/translations/readeck/application/sv.po,b712f3934219a9cd963c1c2826b519fc559f8e0eec855be5b2c268ed90e41c6f,{}
9bfa9108f910be7d362c908c,Search,Sök,Codeberg:readeck,application,action,"Granskad filleverans. Endast färdiga, aktiva översättningar tas med; detta är inte ett påstående om separat registrerat radbeslut för varje oförändrad post.",project-context,9da463df157d3c4e9b27e8f0,reviewed-file-delivery,https://github.com/yeager/translations/blob/67e6d27877c9cfd6b6dbc74bd852b10bdbe09c3c/Codeberg Weblate/verified-components/translations/readeck/application/sv.po,b712f3934219a9cd963c1c2826b519fc559f8e0eec855be5b2c268ed90e41c6f,{}
9c261e6b2800afa47b76518d,Decrease font size,Minska teckenstorleken,Codeberg:readeck,application,,"Granskad filleverans. Endast färdiga, aktiva översättningar tas med; detta är inte ett påstående om separat registrerat radbeslut för varje oförändrad post.",project-context,1d8ed89a8ca1747b2ecf7513,reviewed-file-delivery,https://github.com/yeager/translations/blob/67e6d27877c9cfd6b6dbc74bd852b10bdbe09c3c/Codeberg Weblate/verified-components/translations/readeck/application/sv.po,b712f3934219a9cd963c1c2826b519fc559f8e0eec855be5b2c268ed90e41c6f,{}
9e38cad46fd90ac80b97c79c,Select or drop file,Välj eller släpp fil,Codeberg:readeck,application,,"Granskad filleverans. Endast färdiga, aktiva översättningar tas med; detta är inte ett påstående om separat registrerat radbeslut för varje oförändrad post.",project-context,06a6344c7ae9a023c197e8a4,reviewed-file-delivery,https://github.com/yeager/translations/blob/67e6d27877c9cfd6b6dbc74bd852b10bdbe09c3c/Codeberg Weblate/verified-components/translations/readeck/application/sv.po,b712f3934219a9cd963c1c2826b519fc559f8e0eec855be5b2c268ed90e41c6f,{}
9e404154cb2c60aa2870be38,All Bookmarks,Alla bokmärken,Codeberg:readeck,application,,"Granskad filleverans. Endast färdiga, aktiva översättningar tas med; detta är inte ett påstående om separat registrerat radbeslut för varje oförändrad post.",project-context,36c6f87798ec3fc42d3f2788,reviewed-file-delivery,https://github.com/yeager/translations/blob/67e6d27877c9cfd6b6dbc74bd852b10bdbe09c3c/Codeberg Weblate/verified-components/translations/readeck/application/sv.po,b712f3934219a9cd963c1c2826b519fc559f8e0eec855be5b2c268ed90e41c6f,{}
9efbae4030181101ac3204f2,Download EPUB,Ladda ner EPUB,Codeberg:readeck,application,,"Granskad filleverans. Endast färdiga, aktiva översättningar tas med; detta är inte ett påstående om separat registrerat radbeslut för varje oförändrad post.",project-context,dd7298915437233ce9bfcd16,reviewed-file-delivery,https://github.com/yeager/translations/blob/67e6d27877c9cfd6b6dbc74bd852b10bdbe09c3c/Codeberg Weblate/verified-components/translations/readeck/application/sv.po,b712f3934219a9cd963c1c2826b519fc559f8e0eec855be5b2c268ed90e41c6f,{}
9f8d35fc852a88c15f602151,Bookmark loading,Bokmärke läses in,Codeberg:readeck,application,,"Granskad filleverans. Endast färdiga, aktiva översättningar tas med; detta är inte ett påstående om separat registrerat radbeslut för varje oförändrad post.",project-context,0f51811d34173fe10a72ae1a,reviewed-file-delivery,https://github.com/yeager/translations/blob/67e6d27877c9cfd6b6dbc74bd852b10bdbe09c3c/Codeberg Weblate/verified-components/translations/readeck/application/sv.po,b712f3934219a9cd963c1c2826b519fc559f8e0eec855be5b2c268ed90e41c6f,{}
a045cce4a5ae141558c5de58,Article,Artikel,Codeberg:readeck,application,,"Granskad filleverans. Endast färdiga, aktiva översättningar tas med; detta är inte ett påstående om separat registrerat radbeslut för varje oförändrad post.",project-context,0beb9c292e8eea8ff4564e9e,reviewed-file-delivery,https://github.com/yeager/translations/blob/67e6d27877c9cfd6b6dbc74bd852b10bdbe09c3c/Codeberg Weblate/verified-components/translations/readeck/application/sv.po,b712f3934219a9cd963c1c2826b519fc559f8e0eec855be5b2c268ed90e41c6f,{}
a3024cbc6e096d252a811ad1,Liability,Ansvar,Codeberg:readeck,application,,"Granskad filleverans. Endast färdiga, aktiva översättningar tas med; detta är inte ett påstående om separat registrerat radbeslut för varje oförändrad post.",project-context,e908d0dde9a661096fb4c054,reviewed-file-delivery,https://github.com/yeager/translations/blob/67e6d27877c9cfd6b6dbc74bd852b10bdbe09c3c/Codeberg Weblate/verified-components/translations/readeck/application/sv.po,b712f3934219a9cd963c1c2826b519fc559f8e0eec855be5b2c268ed90e41c6f,{}
a31829a74ddd5d740be726b4,As a password,Som ett lösenord,Codeberg:readeck,application,,"Granskad filleverans. Endast färdiga, aktiva översättningar tas med; detta är inte ett påstående om separat registrerat radbeslut för varje oförändrad post.",project-context,a6d5cb7c1f4ef4d00407bc1d,reviewed-file-delivery,https://github.com/yeager/translations/blob/67e6d27877c9cfd6b6dbc74bd852b10bdbe09c3c/Codeberg Weblate/verified-components/translations/readeck/application/sv.po,b712f3934219a9cd963c1c2826b519fc559f8e0eec855be5b2c268ed90e41c6f,{}
a3198dc7baef73d787d44977,Readeck Browser Extension,Readeck webläsartillägg,Codeberg:readeck,application,,"Granskad filleverans. Endast färdiga, aktiva översättningar tas med; detta är inte ett påstående om separat registrerat radbeslut för varje oförändrad post.",project-context,23ec8f7bff3ca5573a0b6519,reviewed-file-delivery,https://github.com/yeager/translations/blob/67e6d27877c9cfd6b6dbc74bd852b10bdbe09c3c/Codeberg Weblate/verified-components/translations/readeck/application/sv.po,b712f3934219a9cd963c1c2826b519fc559f8e0eec855be5b2c268ed90e41c6f,{}
a364b78f2977a0ed9d21bef5,Bookmarks : Read Only,Bokmärken: Skrivskyddad,Codeberg:readeck,application,role,"Granskad filleverans. Endast färdiga, aktiva översättningar tas med; detta är inte ett påstående om separat registrerat radbeslut för varje oförändrad post.",project-context,e9846bedf3aca15dd38718c6,reviewed-file-delivery,https://github.com/yeager/translations/blob/67e6d27877c9cfd6b6dbc74bd852b10bdbe09c3c/Codeberg Weblate/verified-components/translations/readeck/application/sv.po,b712f3934219a9cd963c1c2826b519fc559f8e0eec855be5b2c268ed90e41c6f,{}
a3f52c36f55d3f11afe99ede,With Errors,Med Fel,Codeberg:readeck,application,,"Granskad filleverans. Endast färdiga, aktiva översättningar tas med; detta är inte ett påstående om separat registrerat radbeslut för varje oförändrad post.",project-context,91622b473e7c325613055831,reviewed-file-delivery,https://github.com/yeager/translations/blob/67e6d27877c9cfd6b6dbc74bd852b10bdbe09c3c/Codeberg Weblate/verified-components/translations/readeck/application/sv.po,b712f3934219a9cd963c1c2826b519fc559f8e0eec855be5b2c268ed90e41c6f,{}
a4270c1562535bea0a2a8381,Remove from favorites,Radera från favoriter,Codeberg:readeck,application,,"Granskad filleverans. Endast färdiga, aktiva översättningar tas med; detta är inte ett påstående om separat registrerat radbeslut för varje oförändrad post.",project-context,9223d9a8b27b6b631e70cff6,reviewed-file-delivery,https://github.com/yeager/translations/blob/67e6d27877c9cfd6b6dbc74bd852b10bdbe09c3c/Codeberg Weblate/verified-components/translations/readeck/application/sv.po,b712f3934219a9cd963c1c2826b519fc559f8e0eec855be5b2c268ed90e41c6f,{}
a51a5e3599e46e02de51cbe8,no group,ingen grupp,Codeberg:readeck,application,role,"Granskad filleverans. Endast färdiga, aktiva översättningar tas med; detta är inte ett påstående om separat registrerat radbeslut för varje oförändrad post.",project-context,2bc4ffff9c13a676843f7d32,reviewed-file-delivery,https://github.com/yeager/translations/blob/67e6d27877c9cfd6b6dbc74bd852b10bdbe09c3c/Codeberg Weblate/verified-components/translations/readeck/application/sv.po,b712f3934219a9cd963c1c2826b519fc559f8e0eec855be5b2c268ed90e41c6f,{}
a558e785d220d3eda66b56c1,Random,Slumpmässig,Codeberg:readeck,application,sort,"Granskad filleverans. Endast färdiga, aktiva översättningar tas med; detta är inte ett påstående om separat registrerat radbeslut för varje oförändrad post.",project-context,64531e5cb7e6ab365c482d63,reviewed-file-delivery,https://github.com/yeager/translations/blob/67e6d27877c9cfd6b6dbc74bd852b10bdbe09c3c/Codeberg Weblate/verified-components/translations/readeck/application/sv.po,b712f3934219a9cd963c1c2826b519fc559f8e0eec855be5b2c268ed90e41c6f,{}
a598f9800219dd9f80afdf07,Search,Sök,Codeberg:readeck,application,,"Granskad filleverans. Endast färdiga, aktiva översättningar tas med; detta är inte ett påstående om separat registrerat radbeslut för varje oförändrad post.",project-context,59e05d2577b4b352af3427c4,reviewed-file-delivery,https://github.com/yeager/translations/blob/67e6d27877c9cfd6b6dbc74bd852b10bdbe09c3c/Codeberg Weblate/verified-components/translations/readeck/application/sv.po,b712f3934219a9cd963c1c2826b519fc559f8e0eec855be5b2c268ed90e41c6f,{}
a5d478ee9a118abbcb3b3e71,Import bookmarks from other services,Importera bokmärken från andra tjänster,Codeberg:readeck,application,,"Granskad filleverans. Endast färdiga, aktiva översättningar tas med; detta är inte ett påstående om separat registrerat radbeslut för varje oförändrad post.",project-context,6311964c31ff0ed2c265b682,reviewed-file-delivery,https://github.com/yeager/translations/blob/67e6d27877c9cfd6b6dbc74bd852b10bdbe09c3c/Codeberg Weblate/verified-components/translations/readeck/application/sv.po,b712f3934219a9cd963c1c2826b519fc559f8e0eec855be5b2c268ed90e41c6f,{}
a5f0f1eade38b133ffb38ae2,My profile,Min profil,Codeberg:readeck,application,,"Granskad filleverans. Endast färdiga, aktiva översättningar tas med; detta är inte ett påstående om separat registrerat radbeslut för varje oförändrad post.",project-context,a817fb66bb8ffc7de0c70ae2,reviewed-file-delivery,https://github.com/yeager/translations/blob/67e6d27877c9cfd6b6dbc74bd852b10bdbe09c3c/Codeberg Weblate/verified-components/translations/readeck/application/sv.po,b712f3934219a9cd963c1c2826b519fc559f8e0eec855be5b2c268ed90e41c6f,{}
a6408f9eee651204889cd70a,Import links and articles,Importera länkar och artiklar,Codeberg:readeck,application,,"Granskad filleverans. Endast färdiga, aktiva översättningar tas med; detta är inte ett påstående om separat registrerat radbeslut för varje oförändrad post.",project-context,5d0ddcb4fdd282283517cca5,reviewed-file-delivery,https://github.com/yeager/translations/blob/67e6d27877c9cfd6b6dbc74bd852b10bdbe09c3c/Codeberg Weblate/verified-components/translations/readeck/application/sv.po,b712f3934219a9cd963c1c2826b519fc559f8e0eec855be5b2c268ed90e41c6f,{}
a6d15d05a78b64c4b7f03564,Share by email,Dela via epost,Codeberg:readeck,application,,"Granskad filleverans. Endast färdiga, aktiva översättningar tas med; detta är inte ett påstående om separat registrerat radbeslut för varje oförändrad post.",project-context,47410148509653304b8bdb9f,reviewed-file-delivery,https://github.com/yeager/translations/blob/67e6d27877c9cfd6b6dbc74bd852b10bdbe09c3c/Codeberg Weblate/verified-components/translations/readeck/application/sv.po,b712f3934219a9cd963c1c2826b519fc559f8e0eec855be5b2c268ed90e41c6f,{}
a76a08a9752334990cf8fca0,Help,Hjälp,Codeberg:readeck,application,,"Granskad filleverans. Endast färdiga, aktiva översättningar tas med; detta är inte ett påstående om separat registrerat radbeslut för varje oförändrad post.",project-context,14b884c584449a65066369f7,reviewed-file-delivery,https://github.com/yeager/translations/blob/67e6d27877c9cfd6b6dbc74bd852b10bdbe09c3c/Codeberg Weblate/verified-components/translations/readeck/application/sv.po,b712f3934219a9cd963c1c2826b519fc559f8e0eec855be5b2c268ed90e41c6f,{}
a84e5b0035dafbafb1aa4d07,Next,Nästa,Codeberg:readeck,application,page,"Granskad filleverans. Endast färdiga, aktiva översättningar tas med; detta är inte ett påstående om separat registrerat radbeslut för varje oförändrad post.",project-context,5f651f8653a05c5fdc4be36c,reviewed-file-delivery,https://github.com/yeager/translations/blob/67e6d27877c9cfd6b6dbc74bd852b10bdbe09c3c/Codeberg Weblate/verified-components/translations/readeck/application/sv.po,b712f3934219a9cd963c1c2826b519fc559f8e0eec855be5b2c268ed90e41c6f,{}
a853c61fc68f1609a19673d9,Import your Wallabag Articles,Importera dina Wallabag-artiklar,Codeberg:readeck,application,,"Granskad filleverans. Endast färdiga, aktiva översättningar tas med; detta är inte ett påstående om separat registrerat radbeslut för varje oförändrad post.",project-context,1d412fad6b4fe580d001316c,reviewed-file-delivery,https://github.com/yeager/translations/blob/67e6d27877c9cfd6b6dbc74bd852b10bdbe09c3c/Codeberg Weblate/verified-components/translations/readeck/application/sv.po,b712f3934219a9cd963c1c2826b519fc559f8e0eec855be5b2c268ed90e41c6f,{}
a89fa26f8e637690127c5bb1,username does not match,användarnamnet matchar ej,Codeberg:readeck,application,,"Granskad filleverans. Endast färdiga, aktiva översättningar tas med; detta är inte ett påstående om separat registrerat radbeslut för varje oförändrad post.",project-context,98a9290d2894ac47e5d5806b,reviewed-file-delivery,https://github.com/yeager/translations/blob/67e6d27877c9cfd6b6dbc74bd852b10bdbe09c3c/Codeberg Weblate/verified-components/translations/readeck/application/sv.po,b712f3934219a9cd963c1c2826b519fc559f8e0eec855be5b2c268ed90e41c6f,{}
a92f2950f765ca16bfad6e1b,Security,Säkerhet,Codeberg:readeck,application,,"Granskad filleverans. Endast färdiga, aktiva översättningar tas med; detta är inte ett påstående om separat registrerat radbeslut för varje oförändrad post.",project-context,477b36be38bc24f2dc99ccc8,reviewed-file-delivery,https://github.com/yeager/translations/blob/67e6d27877c9cfd6b6dbc74bd852b10bdbe09c3c/Codeberg Weblate/verified-components/translations/readeck/application/sv.po,b712f3934219a9cd963c1c2826b519fc559f8e0eec855be5b2c268ed90e41c6f,{}
a9f7d910142e6780b231c939,License,Licens,Codeberg:readeck,application,,"Granskad filleverans. Endast färdiga, aktiva översättningar tas med; detta är inte ett påstående om separat registrerat radbeslut för varje oförändrad post.",project-context,581c9cc06f9577bf76f8bfa2,reviewed-file-delivery,https://github.com/yeager/translations/blob/67e6d27877c9cfd6b6dbc74bd852b10bdbe09c3c/Codeberg Weblate/verified-components/translations/readeck/application/sv.po,b712f3934219a9cd963c1c2826b519fc559f8e0eec855be5b2c268ed90e41c6f,{}
aab66026ff6bb815c3a5650b,Create a new API token,Skapa en ny API-token,Codeberg:readeck,application,,"Granskad filleverans. Endast färdiga, aktiva översättningar tas med; detta är inte ett påstående om separat registrerat radbeslut för varje oförändrad post.",project-context,a28ce443c585fc267f32f61c,reviewed-file-delivery,https://github.com/yeager/translations/blob/67e6d27877c9cfd6b6dbc74bd852b10bdbe09c3c/Codeberg Weblate/verified-components/translations/readeck/application/sv.po,b712f3934219a9cd963c1c2826b519fc559f8e0eec855be5b2c268ed90e41c6f,{}
aad7012db8e43dbac4c51f85,Finish installation,Färdigställ installation,Codeberg:readeck,application,,"Granskad filleverans. Endast färdiga, aktiva översättningar tas med; detta är inte ett påstående om separat registrerat radbeslut för varje oförändrad post.",project-context,8bf1df6350efe1edbd2fa5cd,reviewed-file-delivery,https://github.com/yeager/translations/blob/67e6d27877c9cfd6b6dbc74bd852b10bdbe09c3c/Codeberg Weblate/verified-components/translations/readeck/application/sv.po,b712f3934219a9cd963c1c2826b519fc559f8e0eec855be5b2c268ed90e41c6f,{}
abeaf0130b5dc74e1c7699b4,Compact view,Kompakt vy,Codeberg:readeck,application,,"Granskad filleverans. Endast färdiga, aktiva översättningar tas med; detta är inte ett påstående om separat registrerat radbeslut för varje oförändrad post.",project-context,d9cb111a4e0f621a47c3fc41,reviewed-file-delivery,https://github.com/yeager/translations/blob/67e6d27877c9cfd6b6dbc74bd852b10bdbe09c3c/Codeberg Weblate/verified-components/translations/readeck/application/sv.po,b712f3934219a9cd963c1c2826b519fc559f8e0eec855be5b2c268ed90e41c6f,{}
ac558e0aca55f8170c663b0f,Application information,Applikationsinformation,Codeberg:readeck,application,,"Granskad filleverans. Endast färdiga, aktiva översättningar tas med; detta är inte ett påstående om separat registrerat radbeslut för varje oförändrad post.",project-context,b0d135ce1379523ac75f1a0e,reviewed-file-delivery,https://github.com/yeager/translations/blob/67e6d27877c9cfd6b6dbc74bd852b10bdbe09c3c/Codeberg Weblate/verified-components/translations/readeck/application/sv.po,b712f3934219a9cd963c1c2826b519fc559f8e0eec855be5b2c268ed90e41c6f,{}
ae295160fd428c1ac4979d7f,Remove label,Ta bort etikett,Codeberg:readeck,application,,"Granskad filleverans. Endast färdiga, aktiva översättningar tas med; detta är inte ett påstående om separat registrerat radbeslut för varje oförändrad post.",project-context,357a784c989d8c851124cbb3,reviewed-file-delivery,https://github.com/yeager/translations/blob/67e6d27877c9cfd6b6dbc74bd852b10bdbe09c3c/Codeberg Weblate/verified-components/translations/readeck/application/sv.po,b712f3934219a9cd963c1c2826b519fc559f8e0eec855be5b2c268ed90e41c6f,{}
aec6fab9b4401b467a89009c,January,Januari,Codeberg:readeck,application,datetime_ml,"Granskad filleverans. Endast färdiga, aktiva översättningar tas med; detta är inte ett påstående om separat registrerat radbeslut för varje oförändrad post.",project-context,b27cbbd9b9de733ba907e4b7,reviewed-file-delivery,https://github.com/yeager/translations/blob/67e6d27877c9cfd6b6dbc74bd852b10bdbe09c3c/Codeberg Weblate/verified-components/translations/readeck/application/sv.po,b712f3934219a9cd963c1c2826b519fc559f8e0eec855be5b2c268ed90e41c6f,{}
af2a56c90bb7911b15151f01,Send To,Skicka Till,Codeberg:readeck,application,,"Granskad filleverans. Endast färdiga, aktiva översättningar tas med; detta är inte ett påstående om separat registrerat radbeslut för varje oförändrad post.",project-context,e8baa0c50c873e59194ef10c,reviewed-file-delivery,https://github.com/yeager/translations/blob/67e6d27877c9cfd6b6dbc74bd852b10bdbe09c3c/Codeberg Weblate/verified-components/translations/readeck/application/sv.po,b712f3934219a9cd963c1c2826b519fc559f8e0eec855be5b2c268ed90e41c6f,{}
afb0a6dc74bc537f85903072,Labels,Etiketter,Codeberg:readeck,application,,"Granskad filleverans. Endast färdiga, aktiva översättningar tas med; detta är inte ett påstående om separat registrerat radbeslut för varje oförändrad post.",project-context,80f2694d9151dcff54706970,reviewed-file-delivery,https://github.com/yeager/translations/blob/67e6d27877c9cfd6b6dbc74bd852b10bdbe09c3c/Codeberg Weblate/verified-components/translations/readeck/application/sv.po,b712f3934219a9cd963c1c2826b519fc559f8e0eec855be5b2c268ed90e41c6f,{}
afd15ba0d21456060f28f5c9,All your Bookmarks,Alla dina bokmärken,Codeberg:readeck,application,,"Granskad filleverans. Endast färdiga, aktiva översättningar tas med; detta är inte ett påstående om separat registrerat radbeslut för varje oförändrad post.",project-context,e6d1ef9e9289732d62b3fad3,reviewed-file-delivery,https://github.com/yeager/translations/blob/67e6d27877c9cfd6b6dbc74bd852b10bdbe09c3c/Codeberg Weblate/verified-components/translations/readeck/application/sv.po,b712f3934219a9cd963c1c2826b519fc559f8e0eec855be5b2c268ed90e41c6f,{}
b0b3fd4e4cf2ceaa4fc6a0be,Admin : Write Only,Administratör: Lässkyddad,Codeberg:readeck,application,role,"Granskad filleverans. Endast färdiga, aktiva översättningar tas med; detta är inte ett påstående om separat registrerat radbeslut för varje oförändrad post.",project-context,3a313e40628ee7138a557849,reviewed-file-delivery,https://github.com/yeager/translations/blob/67e6d27877c9cfd6b6dbc74bd852b10bdbe09c3c/Codeberg Weblate/verified-components/translations/readeck/application/sv.po,b712f3934219a9cd963c1c2826b519fc559f8e0eec855be5b2c268ed90e41c6f,{}
b0d1cf7c1d7b30b5c7f72d4d,Storage,Lagring,Codeberg:readeck,application,,"Granskad filleverans. Endast färdiga, aktiva översättningar tas med; detta är inte ett påstående om separat registrerat radbeslut för varje oförändrad post.",project-context,f288ee0d1524405395994e79,reviewed-file-delivery,https://github.com/yeager/translations/blob/67e6d27877c9cfd6b6dbc74bd852b10bdbe09c3c/Codeberg Weblate/verified-components/translations/readeck/application/sv.po,b712f3934219a9cd963c1c2826b519fc559f8e0eec855be5b2c268ed90e41c6f,{}
b152a894f6c7e19037da37ae,CSV File,CSV-fil,Codeberg:readeck,application,,"Granskad filleverans. Endast färdiga, aktiva översättningar tas med; detta är inte ett påstående om separat registrerat radbeslut för varje oförändrad post.",project-context,7a48d46bb6bcf0a0b1b450b6,reviewed-file-delivery,https://github.com/yeager/translations/blob/67e6d27877c9cfd6b6dbc74bd852b10bdbe09c3c/Codeberg Weblate/verified-components/translations/readeck/application/sv.po,b712f3934219a9cd963c1c2826b519fc559f8e0eec855be5b2c268ed90e41c6f,{}
b16bff4ba8c6eb7c935df984,Last used,Senast använd,Codeberg:readeck,application,,"Granskad filleverans. Endast färdiga, aktiva översättningar tas med; detta är inte ett påstående om separat registrerat radbeslut för varje oförändrad post.",project-context,6c27e81a60b5d9c38a45a825,reviewed-file-delivery,https://github.com/yeager/translations/blob/67e6d27877c9cfd6b6dbc74bd852b10bdbe09c3c/Codeberg Weblate/verified-components/translations/readeck/application/sv.po,b712f3934219a9cd963c1c2826b519fc559f8e0eec855be5b2c268ed90e41c6f,{}
b171a3abcc5bea4b38943944,Create user,Skapa användare,Codeberg:readeck,application,,"Granskad filleverans. Endast färdiga, aktiva översättningar tas med; detta är inte ett påstående om separat registrerat radbeslut för varje oförändrad post.",project-context,80f0e52908e0cd897f1813f9,reviewed-file-delivery,https://github.com/yeager/translations/blob/67e6d27877c9cfd6b6dbc74bd852b10bdbe09c3c/Codeberg Weblate/verified-components/translations/readeck/application/sv.po,b712f3934219a9cd963c1c2826b519fc559f8e0eec855be5b2c268ed90e41c6f,{}
b247173095c84bd3cc55a154,Progress,Progression,Codeberg:readeck,application,,"Granskad filleverans. Endast färdiga, aktiva översättningar tas med; detta är inte ett påstående om separat registrerat radbeslut för varje oförändrad post.",project-context,e1597834520d0b6d615dd6a0,reviewed-file-delivery,https://github.com/yeager/translations/blob/67e6d27877c9cfd6b6dbc74bd852b10bdbe09c3c/Codeberg Weblate/verified-components/translations/readeck/application/sv.po,b712f3934219a9cd963c1c2826b519fc559f8e0eec855be5b2c268ed90e41c6f,{}
b25933a6532b816d4b7a4d9e,copy token,kopiera token,Codeberg:readeck,application,,"Granskad filleverans. Endast färdiga, aktiva översättningar tas med; detta är inte ett påstående om separat registrerat radbeslut för varje oförändrad post.",project-context,03aad2f54eea180411160f9c,reviewed-file-delivery,https://github.com/yeager/translations/blob/67e6d27877c9cfd6b6dbc74bd852b10bdbe09c3c/Codeberg Weblate/verified-components/translations/readeck/application/sv.po,b712f3934219a9cd963c1c2826b519fc559f8e0eec855be5b2c268ed90e41c6f,{}
b262ce3a58301ddcdaf099ca,Learn more,Lär dig mer,Codeberg:readeck,application,,"Granskad filleverans. Endast färdiga, aktiva översättningar tas med; detta är inte ett påstående om separat registrerat radbeslut för varje oförändrad post.",project-context,c0d8af55c5dc821b2cfc8fd3,reviewed-file-delivery,https://github.com/yeager/translations/blob/67e6d27877c9cfd6b6dbc74bd852b10bdbe09c3c/Codeberg Weblate/verified-components/translations/readeck/application/sv.po,b712f3934219a9cd963c1c2826b519fc559f8e0eec855be5b2c268ed90e41c6f,{}
b29777098667d6b23ab2d5a3,Unread Bookmarks,Olästa bokmärken,Codeberg:readeck,application,,"Granskad filleverans. Endast färdiga, aktiva översättningar tas med; detta är inte ett påstående om separat registrerat radbeslut för varje oförändrad post.",project-context,665af6f1e3972489d12117cf,reviewed-file-delivery,https://github.com/yeager/translations/blob/67e6d27877c9cfd6b6dbc74bd852b10bdbe09c3c/Codeberg Weblate/verified-components/translations/readeck/application/sv.po,b712f3934219a9cd963c1c2826b519fc559f8e0eec855be5b2c268ed90e41c6f,{}
b3122f441d712cc09228e31c,Site,Sida,Codeberg:readeck,application,,"Granskad filleverans. Endast färdiga, aktiva översättningar tas med; detta är inte ett påstående om separat registrerat radbeslut för varje oförändrad post.",project-context,00904a8c1d947764a807bd94,reviewed-file-delivery,https://github.com/yeager/translations/blob/67e6d27877c9cfd6b6dbc74bd852b10bdbe09c3c/Codeberg Weblate/verified-components/translations/readeck/application/sv.po,b712f3934219a9cd963c1c2826b519fc559f8e0eec855be5b2c268ed90e41c6f,{}
b32627c5a6f0a10eba3b2ff3,Secondary Menu,Sekundär Meny,Codeberg:readeck,application,,"Granskad filleverans. Endast färdiga, aktiva översättningar tas med; detta är inte ett påstående om separat registrerat radbeslut för varje oförändrad post.",project-context,d32c8f93711f886b09a59ff1,reviewed-file-delivery,https://github.com/yeager/translations/blob/67e6d27877c9cfd6b6dbc74bd852b10bdbe09c3c/Codeberg Weblate/verified-components/translations/readeck/application/sv.po,b712f3934219a9cd963c1c2826b519fc559f8e0eec855be5b2c268ed90e41c6f,{}
b409b2c2a487c2388a3618f0,Monday,Måndag,Codeberg:readeck,application,datetime_dl,"Granskad filleverans. Endast färdiga, aktiva översättningar tas med; detta är inte ett påstående om separat registrerat radbeslut för varje oförändrad post.",project-context,66a0efbb9580233d14de1fbc,reviewed-file-delivery,https://github.com/yeager/translations/blob/67e6d27877c9cfd6b6dbc74bd852b10bdbe09c3c/Codeberg Weblate/verified-components/translations/readeck/application/sv.po,b712f3934219a9cd963c1c2826b519fc559f8e0eec855be5b2c268ed90e41c6f,{}
b4e1bdf139ecb096706796de,Close menu,Stäng meny,Codeberg:readeck,application,,"Granskad filleverans. Endast färdiga, aktiva översättningar tas med; detta är inte ett påstående om separat registrerat radbeslut för varje oförändrad post.",project-context,8b991345003b597e8ebd2537,reviewed-file-delivery,https://github.com/yeager/translations/blob/67e6d27877c9cfd6b6dbc74bd852b10bdbe09c3c/Codeberg Weblate/verified-components/translations/readeck/application/sv.po,b712f3934219a9cd963c1c2826b519fc559f8e0eec855be5b2c268ed90e41c6f,{}
b5544adbc299bc7919897cb8,Decrease line height,Minska linjehöjden,Codeberg:readeck,application,,"Granskad filleverans. Endast färdiga, aktiva översättningar tas med; detta är inte ett påstående om separat registrerat radbeslut för varje oförändrad post.",project-context,6b8ca5c7499d90dd30149479,reviewed-file-delivery,https://github.com/yeager/translations/blob/67e6d27877c9cfd6b6dbc74bd852b10bdbe09c3c/Codeberg Weblate/verified-components/translations/readeck/application/sv.po,b712f3934219a9cd963c1c2826b519fc559f8e0eec855be5b2c268ed90e41c6f,{}
b6cda8515c0bcdc94d155ffe,"No worries, it happens to anyone.","Oroa dig inte, det händer oss alla.",Codeberg:readeck,application,,"Granskad filleverans. Endast färdiga, aktiva översättningar tas med; detta är inte ett påstående om separat registrerat radbeslut för varje oförändrad post.",project-context,1e9de13f26b4dc958d4efa65,reviewed-file-delivery,https://github.com/yeager/translations/blob/67e6d27877c9cfd6b6dbc74bd852b10bdbe09c3c/Codeberg Weblate/verified-components/translations/readeck/application/sv.po,b712f3934219a9cd963c1c2826b519fc559f8e0eec855be5b2c268ed90e41c6f,{}
b7004cbd8c68bcb1fb4484c3,username is not valid,användarnamnet är ogiltigt,Codeberg:readeck,application,,"Granskad filleverans. Endast färdiga, aktiva översättningar tas med; detta är inte ett påstående om separat registrerat radbeslut för varje oförändrad post.",project-context,9837346d2f187970d8b802bd,reviewed-file-delivery,https://github.com/yeager/translations/blob/67e6d27877c9cfd6b6dbc74bd852b10bdbe09c3c/Codeberg Weblate/verified-components/translations/readeck/application/sv.po,b712f3934219a9cd963c1c2826b519fc559f8e0eec855be5b2c268ed90e41c6f,{}
b7379d2cd9d8da14b4684aea,no,nej,Codeberg:readeck,application,,"Granskad filleverans. Endast färdiga, aktiva översättningar tas med; detta är inte ett påstående om separat registrerat radbeslut för varje oförändrad post.",project-context,c2944a7e8df616f159d535d1,reviewed-file-delivery,https://github.com/yeager/translations/blob/67e6d27877c9cfd6b6dbc74bd852b10bdbe09c3c/Codeberg Weblate/verified-components/translations/readeck/application/sv.po,b712f3934219a9cd963c1c2826b519fc559f8e0eec855be5b2c268ed90e41c6f,{}
b75081e0be41b00892d8588e,Admin : Read Only,Administratör: Skrivskyddad,Codeberg:readeck,application,role,"Granskad filleverans. Endast färdiga, aktiva översättningar tas med; detta är inte ett påstående om separat registrerat radbeslut för varje oförändrad post.",project-context,c4019edc6e73ef627b7f7d93,reviewed-file-delivery,https://github.com/yeager/translations/blob/67e6d27877c9cfd6b6dbc74bd852b10bdbe09c3c/Codeberg Weblate/verified-components/translations/readeck/application/sv.po,b712f3934219a9cd963c1c2826b519fc559f8e0eec855be5b2c268ed90e41c6f,{}
b86c95332df6c8a179325943,Page has expired,Sidan har löpt ut,Codeberg:readeck,application,,"Granskad filleverans. Endast färdiga, aktiva översättningar tas med; detta är inte ett påstående om separat registrerat radbeslut för varje oförändrad post.",project-context,a748be704643214f881e48bc,reviewed-file-delivery,https://github.com/yeager/translations/blob/67e6d27877c9cfd6b6dbc74bd852b10bdbe09c3c/Codeberg Weblate/verified-components/translations/readeck/application/sv.po,b712f3934219a9cd963c1c2826b519fc559f8e0eec855be5b2c268ed90e41c6f,{}
b97bf6355b6b5fa1adeca9be,Instructions for Firefox,Instruktioner för Firefox,Codeberg:readeck,application,,"Granskad filleverans. Endast färdiga, aktiva översättningar tas med; detta är inte ett påstående om separat registrerat radbeslut för varje oförändrad post.",project-context,47685997ce24d744ba1c899d,reviewed-file-delivery,https://github.com/yeager/translations/blob/67e6d27877c9cfd6b6dbc74bd852b10bdbe09c3c/Codeberg Weblate/verified-components/translations/readeck/application/sv.po,b712f3934219a9cd963c1c2826b519fc559f8e0eec855be5b2c268ed90e41c6f,{}
bac8da1b936f6ecfcc44bb1f,Increase font size,Öka teckenstorleken,Codeberg:readeck,application,,"Granskad filleverans. Endast färdiga, aktiva översättningar tas med; detta är inte ett påstående om separat registrerat radbeslut för varje oförändrad post.",project-context,bc6c4ebbb755500ab963b0fd,reviewed-file-delivery,https://github.com/yeager/translations/blob/67e6d27877c9cfd6b6dbc74bd852b10bdbe09c3c/Codeberg Weblate/verified-components/translations/readeck/application/sv.po,b712f3934219a9cd963c1c2826b519fc559f8e0eec855be5b2c268ed90e41c6f,{}
bbb745ef78b07c66421c544f,Limitations,Begränsningar,Codeberg:readeck,application,,"Granskad filleverans. Endast färdiga, aktiva översättningar tas med; detta är inte ett påstående om separat registrerat radbeslut för varje oförändrad post.",project-context,1ab28c4587e5580875d7c257,reviewed-file-delivery,https://github.com/yeager/translations/blob/67e6d27877c9cfd6b6dbc74bd852b10bdbe09c3c/Codeberg Weblate/verified-components/translations/readeck/application/sv.po,b712f3934219a9cd963c1c2826b519fc559f8e0eec855be5b2c268ed90e41c6f,{}
bbf408f09f17de955160b9be,Archived Bookmarks,Arkiverade bokmärken,Codeberg:readeck,application,,"Granskad filleverans. Endast färdiga, aktiva översättningar tas med; detta är inte ett påstående om separat registrerat radbeslut för varje oförändrad post.",project-context,f85069f2f6d2030e3f6e025d,reviewed-file-delivery,https://github.com/yeager/translations/blob/67e6d27877c9cfd6b6dbc74bd852b10bdbe09c3c/Codeberg Weblate/verified-components/translations/readeck/application/sv.po,b712f3934219a9cd963c1c2826b519fc559f8e0eec855be5b2c268ed90e41c6f,{}
bc074bb9038e519dccd5c6bb,Fri,Fre,Codeberg:readeck,application,datetime_ds,"Granskad filleverans. Endast färdiga, aktiva översättningar tas med; detta är inte ett påstående om separat registrerat radbeslut för varje oförändrad post.",project-context,23fa65e8e6e3170a18978ac7,reviewed-file-delivery,https://github.com/yeager/translations/blob/67e6d27877c9cfd6b6dbc74bd852b10bdbe09c3c/Codeberg Weblate/verified-components/translations/readeck/application/sv.po,b712f3934219a9cd963c1c2826b519fc559f8e0eec855be5b2c268ed90e41c6f,{}
bcb27ff40c22ecbb7d3cf37b,Sort bookmarks,Sortera bokmärken,Codeberg:readeck,application,,"Granskad filleverans. Endast färdiga, aktiva översättningar tas med; detta är inte ett påstående om separat registrerat radbeslut för varje oförändrad post.",project-context,39aa3e7cb084bf41fefadcfc,reviewed-file-delivery,https://github.com/yeager/translations/blob/67e6d27877c9cfd6b6dbc74bd852b10bdbe09c3c/Codeberg Weblate/verified-components/translations/readeck/application/sv.po,b712f3934219a9cd963c1c2826b519fc559f8e0eec855be5b2c268ed90e41c6f,{}
bce9d00914599b8a475a2d6f,Import Bookmarks,Importera bokmärken,Codeberg:readeck,application,,"Granskad filleverans. Endast färdiga, aktiva översättningar tas med; detta är inte ett påstående om separat registrerat radbeslut för varje oförändrad post.",project-context,42776bdbe45e741a62b0434d,reviewed-file-delivery,https://github.com/yeager/translations/blob/67e6d27877c9cfd6b6dbc74bd852b10bdbe09c3c/Codeberg Weblate/verified-components/translations/readeck/application/sv.po,b712f3934219a9cd963c1c2826b519fc559f8e0eec855be5b2c268ed90e41c6f,{}
bcf75bb55791e46f511176da,Collections,Samlingar,Codeberg:readeck,application,,"Granskad filleverans. Endast färdiga, aktiva översättningar tas med; detta är inte ett påstående om separat registrerat radbeslut för varje oförändrad post.",project-context,e2e2c1d9722faf7eafea51d6,reviewed-file-delivery,https://github.com/yeager/translations/blob/67e6d27877c9cfd6b6dbc74bd852b10bdbe09c3c/Codeberg Weblate/verified-components/translations/readeck/application/sv.po,b712f3934219a9cd963c1c2826b519fc559f8e0eec855be5b2c268ed90e41c6f,{}
bdde9e224b1c8a95247f110d,Previous,Föregående,Codeberg:readeck,application,page,"Granskad filleverans. Endast färdiga, aktiva översättningar tas med; detta är inte ett påstående om separat registrerat radbeslut för varje oförändrad post.",project-context,dbfa55be94ebb3e381fc197b,reviewed-file-delivery,https://github.com/yeager/translations/blob/67e6d27877c9cfd6b6dbc74bd852b10bdbe09c3c/Codeberg Weblate/verified-components/translations/readeck/application/sv.po,b712f3934219a9cd963c1c2826b519fc559f8e0eec855be5b2c268ed90e41c6f,{}
be14a7b7c47e3d2f1db5ca54,not a valid email address,inte en giltig epostadress,Codeberg:readeck,application,,"Granskad filleverans. Endast färdiga, aktiva översättningar tas med; detta är inte ett påstående om separat registrerat radbeslut för varje oförändrad post.",project-context,d00d8922434f3706f010a586,reviewed-file-delivery,https://github.com/yeager/translations/blob/67e6d27877c9cfd6b6dbc74bd852b10bdbe09c3c/Codeberg Weblate/verified-components/translations/readeck/application/sv.po,b712f3934219a9cd963c1c2826b519fc559f8e0eec855be5b2c268ed90e41c6f,{}
be80cba3ed9368b561cf7fdc,May,Maj,Codeberg:readeck,application,datetime_ms,"Granskad filleverans. Endast färdiga, aktiva översättningar tas med; detta är inte ett påstående om separat registrerat radbeslut för varje oförändrad post.",project-context,27b396e82fcdbb01bf2abc6f,reviewed-file-delivery,https://github.com/yeager/translations/blob/67e6d27877c9cfd6b6dbc74bd852b10bdbe09c3c/Codeberg Weblate/verified-components/translations/readeck/application/sv.po,b712f3934219a9cd963c1c2826b519fc559f8e0eec855be5b2c268ed90e41c6f,{}
bedd751cffeb6467e78f174d,Remove,Ta bort,Codeberg:readeck,application,,"Granskad filleverans. Endast färdiga, aktiva översättningar tas med; detta är inte ett påstående om separat registrerat radbeslut för varje oförändrad post.",project-context,1dd69fa31215e467bd6e4562,reviewed-file-delivery,https://github.com/yeager/translations/blob/67e6d27877c9cfd6b6dbc74bd852b10bdbe09c3c/Codeberg Weblate/verified-components/translations/readeck/application/sv.po,b712f3934219a9cd963c1c2826b519fc559f8e0eec855be5b2c268ed90e41c6f,{}
bfec48a428e656b54cbf3021,Open link,Öppna länk,Codeberg:readeck,application,,"Granskad filleverans. Endast färdiga, aktiva översättningar tas med; detta är inte ett påstående om separat registrerat radbeslut för varje oförändrad post.",project-context,992bdb29aef1a3410c770e59,reviewed-file-delivery,https://github.com/yeager/translations/blob/67e6d27877c9cfd6b6dbc74bd852b10bdbe09c3c/Codeberg Weblate/verified-components/translations/readeck/application/sv.po,b712f3934219a9cd963c1c2826b519fc559f8e0eec855be5b2c268ed90e41c6f,{}
c0759de5e24525bc7f4e6a34,Grid view,Rutnätsvy,Codeberg:readeck,application,,"Granskad filleverans. Endast färdiga, aktiva översättningar tas med; detta är inte ett påstående om separat registrerat radbeslut för varje oförändrad post.",project-context,eff977efe6b36671f1a207d1,reviewed-file-delivery,https://github.com/yeager/translations/blob/67e6d27877c9cfd6b6dbc74bd852b10bdbe09c3c/Codeberg Weblate/verified-components/translations/readeck/application/sv.po,b712f3934219a9cd963c1c2826b519fc559f8e0eec855be5b2c268ed90e41c6f,{}
c097641fa1f67599f4ed56c3,Bookmark title,Bokmärkestitel,Codeberg:readeck,application,,"Granskad filleverans. Endast färdiga, aktiva översättningar tas med; detta är inte ett påstående om separat registrerat radbeslut för varje oförändrad post.",project-context,9d4b180368f9d4bdd51b26f7,reviewed-file-delivery,https://github.com/yeager/translations/blob/67e6d27877c9cfd6b6dbc74bd852b10bdbe09c3c/Codeberg Weblate/verified-components/translations/readeck/application/sv.po,b712f3934219a9cd963c1c2826b519fc559f8e0eec855be5b2c268ed90e41c6f,{}
c0eb81b1b4ba13e41a61f953,Private use,Privat användning,Codeberg:readeck,application,,"Granskad filleverans. Endast färdiga, aktiva översättningar tas med; detta är inte ett påstående om separat registrerat radbeslut för varje oförändrad post.",project-context,fc345bb8748ce960db8cf3d5,reviewed-file-delivery,https://github.com/yeager/translations/blob/67e6d27877c9cfd6b6dbc74bd852b10bdbe09c3c/Codeberg Weblate/verified-components/translations/readeck/application/sv.po,b712f3934219a9cd963c1c2826b519fc559f8e0eec855be5b2c268ed90e41c6f,{}
c16a81dadbc225fc7a79650d,Client ID,Klient-ID,Codeberg:readeck,application,,"Granskad filleverans. Endast färdiga, aktiva översättningar tas med; detta är inte ett påstående om separat registrerat radbeslut för varje oförändrad post.",project-context,fdfb600e02748310c1618ce0,reviewed-file-delivery,https://github.com/yeager/translations/blob/67e6d27877c9cfd6b6dbc74bd852b10bdbe09c3c/Codeberg Weblate/verified-components/translations/readeck/application/sv.po,b712f3934219a9cd963c1c2826b519fc559f8e0eec855be5b2c268ed90e41c6f,{}
c1aad64bacdd7ff8764ffd6d,field is required,fält är obligatoriskt,Codeberg:readeck,application,,"Granskad filleverans. Endast färdiga, aktiva översättningar tas med; detta är inte ett påstående om separat registrerat radbeslut för varje oförändrad post.",project-context,fc1106ac2ccd52d02a2d3e5d,reviewed-file-delivery,https://github.com/yeager/translations/blob/67e6d27877c9cfd6b6dbc74bd852b10bdbe09c3c/Codeberg Weblate/verified-components/translations/readeck/application/sv.po,b712f3934219a9cd963c1c2826b519fc559f8e0eec855be5b2c268ed90e41c6f,{}
c28f9d0df8c1ffba522edff9,Import status,Importstatus,Codeberg:readeck,application,,"Granskad filleverans. Endast färdiga, aktiva översättningar tas med; detta är inte ett påstående om separat registrerat radbeslut för varje oförändrad post.",project-context,a21c14af91d52793f609d567,reviewed-file-delivery,https://github.com/yeager/translations/blob/67e6d27877c9cfd6b6dbc74bd852b10bdbe09c3c/Codeberg Weblate/verified-components/translations/readeck/application/sv.po,b712f3934219a9cd963c1c2826b519fc559f8e0eec855be5b2c268ed90e41c6f,{}
c2bd404882beab2656dce4aa,Save,Spara,Codeberg:readeck,application,,"Granskad filleverans. Endast färdiga, aktiva översättningar tas med; detta är inte ett påstående om separat registrerat radbeslut för varje oförändrad post.",project-context,afccf92dc74fd9fbc9546cde,reviewed-file-delivery,https://github.com/yeager/translations/blob/67e6d27877c9cfd6b6dbc74bd852b10bdbe09c3c/Codeberg Weblate/verified-components/translations/readeck/application/sv.po,b712f3934219a9cd963c1c2826b519fc559f8e0eec855be5b2c268ed90e41c6f,{}
c2ddd541644306e33188a3e1,Change theme,Byt tema,Codeberg:readeck,application,,"Granskad filleverans. Endast färdiga, aktiva översättningar tas med; detta är inte ett påstående om separat registrerat radbeslut för varje oförändrad post.",project-context,e9ae3f882fc5832fa41af6a5,reviewed-file-delivery,https://github.com/yeager/translations/blob/67e6d27877c9cfd6b6dbc74bd852b10bdbe09c3c/Codeberg Weblate/verified-components/translations/readeck/application/sv.po,b712f3934219a9cd963c1c2826b519fc559f8e0eec855be5b2c268ed90e41c6f,{}
c372fdaf0786449f7e76dd2f,Last Activity,Senaste aktivitet,Codeberg:readeck,application,,"Granskad filleverans. Endast färdiga, aktiva översättningar tas med; detta är inte ett påstående om separat registrerat radbeslut för varje oförändrad post.",project-context,3b0cf1620d06f9c5c76ac21c,reviewed-file-delivery,https://github.com/yeager/translations/blob/67e6d27877c9cfd6b6dbc74bd852b10bdbe09c3c/Codeberg Weblate/verified-components/translations/readeck/application/sv.po,b712f3934219a9cd963c1c2826b519fc559f8e0eec855be5b2c268ed90e41c6f,{}
c37c317a2abb6f7acf8dd864,Empty or invalid import file,Tom eller ogiltig importfil,Codeberg:readeck,application,,"Granskad filleverans. Endast färdiga, aktiva översättningar tas med; detta är inte ett påstående om separat registrerat radbeslut för varje oförändrad post.",project-context,f914f64edaf0a7adf3bc9d84,reviewed-file-delivery,https://github.com/yeager/translations/blob/67e6d27877c9cfd6b6dbc74bd852b10bdbe09c3c/Codeberg Weblate/verified-components/translations/readeck/application/sv.po,b712f3934219a9cd963c1c2826b519fc559f8e0eec855be5b2c268ed90e41c6f,{}
c589a5983d6ca90328603018,never used,aldrig använd,Codeberg:readeck,application,,"Granskad filleverans. Endast färdiga, aktiva översättningar tas med; detta är inte ett påstående om separat registrerat radbeslut för varje oförändrad post.",project-context,c73a49da1b8b11c9d8d73a51,reviewed-file-delivery,https://github.com/yeager/translations/blob/67e6d27877c9cfd6b6dbc74bd852b10bdbe09c3c/Codeberg Weblate/verified-components/translations/readeck/application/sv.po,b712f3934219a9cd963c1c2826b519fc559f8e0eec855be5b2c268ed90e41c6f,{}
c5b667602cadf98ba37f97bd,Saved with Readeck,Spara med Readeck,Codeberg:readeck,application,,"Granskad filleverans. Endast färdiga, aktiva översättningar tas med; detta är inte ett påstående om separat registrerat radbeslut för varje oförändrad post.",project-context,1f148c7e01dd2256c14ca2ba,reviewed-file-delivery,https://github.com/yeager/translations/blob/67e6d27877c9cfd6b6dbc74bd852b10bdbe09c3c/Codeberg Weblate/verified-components/translations/readeck/application/sv.po,b712f3934219a9cd963c1c2826b519fc559f8e0eec855be5b2c268ed90e41c6f,{}
c62d101761af62cfe780af63,invalid password,ogiltigt lösenord,Codeberg:readeck,application,,"Granskad filleverans. Endast färdiga, aktiva översättningar tas med; detta är inte ett påstående om separat registrerat radbeslut för varje oförändrad post.",project-context,f1cb6ffa467f10a082e47611,reviewed-file-delivery,https://github.com/yeager/translations/blob/67e6d27877c9cfd6b6dbc74bd852b10bdbe09c3c/Codeberg Weblate/verified-components/translations/readeck/application/sv.po,b712f3934219a9cd963c1c2826b519fc559f8e0eec855be5b2c268ed90e41c6f,{}
c743d4e11fe83165ec455d3f,Include annotations and notes,Inkludera annoteringar och anteckningar,Codeberg:readeck,application,,"Granskad filleverans. Endast färdiga, aktiva översättningar tas med; detta är inte ett påstående om separat registrerat radbeslut för varje oförändrad post.",project-context,b2abcfe08a2b875321b264e6,reviewed-file-delivery,https://github.com/yeager/translations/blob/67e6d27877c9cfd6b6dbc74bd852b10bdbe09c3c/Codeberg Weblate/verified-components/translations/readeck/application/sv.po,b712f3934219a9cd963c1c2826b519fc559f8e0eec855be5b2c268ed90e41c6f,{}
c997074a1ac87df461e26bb9,Progress,Progression,Codeberg:readeck,application,filter,"Granskad filleverans. Endast färdiga, aktiva översättningar tas med; detta är inte ett påstående om separat registrerat radbeslut för varje oförändrad post.",project-context,be241175fb3e5ac558f96ffd,reviewed-file-delivery,https://github.com/yeager/translations/blob/67e6d27877c9cfd6b6dbc74bd852b10bdbe09c3c/Codeberg Weblate/verified-components/translations/readeck/application/sv.po,b712f3934219a9cd963c1c2826b519fc559f8e0eec855be5b2c268ed90e41c6f,{}
ca71a1b7b0bff09052234bcc,Email Address,Epostadress,Codeberg:readeck,application,,"Granskad filleverans. Endast färdiga, aktiva översättningar tas med; detta är inte ett påstående om separat registrerat radbeslut för varje oförändrad post.",project-context,4ca27f4ae7688e30bf7fd40d,reviewed-file-delivery,https://github.com/yeager/translations/blob/67e6d27877c9cfd6b6dbc74bd852b10bdbe09c3c/Codeberg Weblate/verified-components/translations/readeck/application/sv.po,b712f3934219a9cd963c1c2826b519fc559f8e0eec855be5b2c268ed90e41c6f,{}
ca74a95a878aaa14da7ec993,Quick access menu,Snabbvalsmeny,Codeberg:readeck,application,,"Granskad filleverans. Endast färdiga, aktiva översättningar tas med; detta är inte ett påstående om separat registrerat radbeslut för varje oförändrad post.",project-context,2d96739e201de791cf4249c3,reviewed-file-delivery,https://github.com/yeager/translations/blob/67e6d27877c9cfd6b6dbc74bd852b10bdbe09c3c/Codeberg Weblate/verified-components/translations/readeck/application/sv.po,b712f3934219a9cd963c1c2826b519fc559f8e0eec855be5b2c268ed90e41c6f,{}
cb128a387ea28bb9d0457153,Sort options,Sorteringsalternativ,Codeberg:readeck,application,,"Granskad filleverans. Endast färdiga, aktiva översättningar tas med; detta är inte ett påstående om separat registrerat radbeslut för varje oförändrad post.",project-context,840a34c98e3611cbda388f50,reviewed-file-delivery,https://github.com/yeager/translations/blob/67e6d27877c9cfd6b6dbc74bd852b10bdbe09c3c/Codeberg Weblate/verified-components/translations/readeck/application/sv.po,b712f3934219a9cd963c1c2826b519fc559f8e0eec855be5b2c268ed90e41c6f,{}
cb84ff0afed04743008fa95e,Import your GoodLinks Articles,Importera dina GoodLinks-artiklar,Codeberg:readeck,application,,"Granskad filleverans. Endast färdiga, aktiva översättningar tas med; detta är inte ett påstående om separat registrerat radbeslut för varje oförändrad post.",project-context,6c4dd26f84b3d42288247736,reviewed-file-delivery,https://github.com/yeager/translations/blob/67e6d27877c9cfd6b6dbc74bd852b10bdbe09c3c/Codeberg Weblate/verified-components/translations/readeck/application/sv.po,b712f3934219a9cd963c1c2826b519fc559f8e0eec855be5b2c268ed90e41c6f,{}
cbe4d875cfbaabf3591f6a60,Matrix Chat:,Matrix-chatt:,Codeberg:readeck,application,,"Granskad filleverans. Endast färdiga, aktiva översättningar tas med; detta är inte ett påstående om separat registrerat radbeslut för varje oförändrad post.",project-context,faa6f8d3713a7478af1c37ab,reviewed-file-delivery,https://github.com/yeager/translations/blob/67e6d27877c9cfd6b6dbc74bd852b10bdbe09c3c/Codeberg Weblate/verified-components/translations/readeck/application/sv.po,b712f3934219a9cd963c1c2826b519fc559f8e0eec855be5b2c268ed90e41c6f,{}
cc1d9e91d133f83bb7ecd2f7,Tue,Tis,Codeberg:readeck,application,datetime_ds,"Granskad filleverans. Endast färdiga, aktiva översättningar tas med; detta är inte ett påstående om separat registrerat radbeslut för varje oförändrad post.",project-context,15ba678476187c1d78422487,reviewed-file-delivery,https://github.com/yeager/translations/blob/67e6d27877c9cfd6b6dbc74bd852b10bdbe09c3c/Codeberg Weblate/verified-components/translations/readeck/application/sv.po,b712f3934219a9cd963c1c2826b519fc559f8e0eec855be5b2c268ed90e41c6f,{}
ccb0aa3d980b814157c32aa0,Import your Pinboard bookmarks,Importera dina Pinboard-bokmärken,Codeberg:readeck,application,,"Granskad filleverans. Endast färdiga, aktiva översättningar tas med; detta är inte ett påstående om separat registrerat radbeslut för varje oförändrad post.",project-context,5fc42ca9d568cc507b91d3bf,reviewed-file-delivery,https://github.com/yeager/translations/blob/67e6d27877c9cfd6b6dbc74bd852b10bdbe09c3c/Codeberg Weblate/verified-components/translations/readeck/application/sv.po,b712f3934219a9cd963c1c2826b519fc559f8e0eec855be5b2c268ed90e41c6f,{}
cd101bdf10b247a38bfd812e,Collection updated.,Samling uppdaterad.,Codeberg:readeck,application,,"Granskad filleverans. Endast färdiga, aktiva översättningar tas med; detta är inte ett påstående om separat registrerat radbeslut för varje oförändrad post.",project-context,1bf46d44ff68662d5864227c,reviewed-file-delivery,https://github.com/yeager/translations/blob/67e6d27877c9cfd6b6dbc74bd852b10bdbe09c3c/Codeberg Weblate/verified-components/translations/readeck/application/sv.po,b712f3934219a9cd963c1c2826b519fc559f8e0eec855be5b2c268ed90e41c6f,{}
cdcb0bb36b16fbd2ab148cd3,March,Mars,Codeberg:readeck,application,datetime_ml,"Granskad filleverans. Endast färdiga, aktiva översättningar tas med; detta är inte ett påstående om separat registrerat radbeslut för varje oförändrad post.",project-context,e4568261b92ca802ff06176e,reviewed-file-delivery,https://github.com/yeager/translations/blob/67e6d27877c9cfd6b6dbc74bd852b10bdbe09c3c/Codeberg Weblate/verified-components/translations/readeck/application/sv.po,b712f3934219a9cd963c1c2826b519fc559f8e0eec855be5b2c268ed90e41c6f,{}
ce12926775d3530f2e90282b,Import is finished!,Importen är avslutad!,Codeberg:readeck,application,,"Granskad filleverans. Endast färdiga, aktiva översättningar tas med; detta är inte ett påstående om separat registrerat radbeslut för varje oförändrad post.",project-context,32aad9217601576d115ae58e,reviewed-file-delivery,https://github.com/yeager/translations/blob/67e6d27877c9cfd6b6dbc74bd852b10bdbe09c3c/Codeberg Weblate/verified-components/translations/readeck/application/sv.po,b712f3934219a9cd963c1c2826b519fc559f8e0eec855be5b2c268ed90e41c6f,{}
ce388961e61a580d795f0e02,Share by Link,Dela via länk,Codeberg:readeck,application,,"Granskad filleverans. Endast färdiga, aktiva översättningar tas med; detta är inte ett påstående om separat registrerat radbeslut för varje oförändrad post.",project-context,69e6a6cb03a4fe51a1976712,reviewed-file-delivery,https://github.com/yeager/translations/blob/67e6d27877c9cfd6b6dbc74bd852b10bdbe09c3c/Codeberg Weblate/verified-components/translations/readeck/application/sv.po,b712f3934219a9cd963c1c2826b519fc559f8e0eec855be5b2c268ed90e41c6f,{}
cecb9949d1f88c1f227df031,Applications for Readeck,Applikationer för Readeck,Codeberg:readeck,application,,"Granskad filleverans. Endast färdiga, aktiva översättningar tas med; detta är inte ett påstående om separat registrerat radbeslut för varje oförändrad post.",project-context,cf74a52c738957fcc016c690,reviewed-file-delivery,https://github.com/yeager/translations/blob/67e6d27877c9cfd6b6dbc74bd852b10bdbe09c3c/Codeberg Weblate/verified-components/translations/readeck/application/sv.po,b712f3934219a9cd963c1c2826b519fc559f8e0eec855be5b2c268ed90e41c6f,{}
d1b16fee9e391188fdf93135,What is not imported:,Vad som inte är importerat:,Codeberg:readeck,application,,"Granskad filleverans. Endast färdiga, aktiva översättningar tas med; detta är inte ett påstående om separat registrerat radbeslut för varje oförändrad post.",project-context,ba7eefcbbc9c3d233a98d770,reviewed-file-delivery,https://github.com/yeager/translations/blob/67e6d27877c9cfd6b6dbc74bd852b10bdbe09c3c/Codeberg Weblate/verified-components/translations/readeck/application/sv.po,b712f3934219a9cd963c1c2826b519fc559f8e0eec855be5b2c268ed90e41c6f,{}
d1cc231d4fa53141a1afdcd1,Export your Readeck Profile,Exportera din Readeck-profil,Codeberg:readeck,application,,"Granskad filleverans. Endast färdiga, aktiva översättningar tas med; detta är inte ett påstående om separat registrerat radbeslut för varje oförändrad post.",project-context,86f012487843d6b4e00340cd,reviewed-file-delivery,https://github.com/yeager/translations/blob/67e6d27877c9cfd6b6dbc74bd852b10bdbe09c3c/Codeberg Weblate/verified-components/translations/readeck/application/sv.po,b712f3934219a9cd963c1c2826b519fc559f8e0eec855be5b2c268ed90e41c6f,{}
d2394b3e35eb59aaf413d53b,With Notes,Med anteckningar,Codeberg:readeck,application,,"Granskad filleverans. Endast färdiga, aktiva översättningar tas med; detta är inte ett påstående om separat registrerat radbeslut för varje oförändrad post.",project-context,9953dde89726abcc0c690563,reviewed-file-delivery,https://github.com/yeager/translations/blob/67e6d27877c9cfd6b6dbc74bd852b10bdbe09c3c/Codeberg Weblate/verified-components/translations/readeck/application/sv.po,b712f3934219a9cd963c1c2826b519fc559f8e0eec855be5b2c268ed90e41c6f,{}
d26f0ed15a9ffa2b48764a6a,Blue,Blå,Codeberg:readeck,application,,"Granskad filleverans. Endast färdiga, aktiva översättningar tas med; detta är inte ett påstående om separat registrerat radbeslut för varje oförändrad post.",project-context,35a5afca7e6e40b60372497f,reviewed-file-delivery,https://github.com/yeager/translations/blob/67e6d27877c9cfd6b6dbc74bd852b10bdbe09c3c/Codeberg Weblate/verified-components/translations/readeck/application/sv.po,b712f3934219a9cd963c1c2826b519fc559f8e0eec855be5b2c268ed90e41c6f,{}
d32cc83e1c64e2efb4a94f33,See all,Se alla,Codeberg:readeck,application,,"Granskad filleverans. Endast färdiga, aktiva översättningar tas med; detta är inte ett påstående om separat registrerat radbeslut för varje oförändrad post.",project-context,09ab37b694d5054f374fa87a,reviewed-file-delivery,https://github.com/yeager/translations/blob/67e6d27877c9cfd6b6dbc74bd852b10bdbe09c3c/Codeberg Weblate/verified-components/translations/readeck/application/sv.po,b712f3934219a9cd963c1c2826b519fc559f8e0eec855be5b2c268ed90e41c6f,{}
d36f0dc9421a18ea8c42bfaa,Password,Lösenord,Codeberg:readeck,application,,"Granskad filleverans. Endast färdiga, aktiva översättningar tas med; detta är inte ett påstående om separat registrerat radbeslut för varje oförändrad post.",project-context,5b1a938475b1a7f6022a2556,reviewed-file-delivery,https://github.com/yeager/translations/blob/67e6d27877c9cfd6b6dbc74bd852b10bdbe09c3c/Codeberg Weblate/verified-components/translations/readeck/application/sv.po,b712f3934219a9cd963c1c2826b519fc559f8e0eec855be5b2c268ed90e41c6f,{}
d399ff67f6316807eef50f1c,invalid language code,ogiltig språkkod,Codeberg:readeck,application,,"Granskad filleverans. Endast färdiga, aktiva översättningar tas med; detta är inte ett påstående om separat registrerat radbeslut för varje oförändrad post.",project-context,8c0c8c9cfbf92744939f8867,reviewed-file-delivery,https://github.com/yeager/translations/blob/67e6d27877c9cfd6b6dbc74bd852b10bdbe09c3c/Codeberg Weblate/verified-components/translations/readeck/application/sv.po,b712f3934219a9cd963c1c2826b519fc559f8e0eec855be5b2c268ed90e41c6f,{}
d3e9d360bd3bb5e1f1286e0a,Bookmark information,Bokmärkesinformation,Codeberg:readeck,application,,"Granskad filleverans. Endast färdiga, aktiva översättningar tas med; detta är inte ett påstående om separat registrerat radbeslut för varje oförändrad post.",project-context,e4a4561fbf36da0967b10279,reviewed-file-delivery,https://github.com/yeager/translations/blob/67e6d27877c9cfd6b6dbc74bd852b10bdbe09c3c/Codeberg Weblate/verified-components/translations/readeck/application/sv.po,b712f3934219a9cd963c1c2826b519fc559f8e0eec855be5b2c268ed90e41c6f,{}
d436926478e99015300b84e4,Deny,Neka,Codeberg:readeck,application,,"Granskad filleverans. Endast färdiga, aktiva översättningar tas med; detta är inte ett påstående om separat registrerat radbeslut för varje oförändrad post.",project-context,b50be6b2e20f5001e375cb86,reviewed-file-delivery,https://github.com/yeager/translations/blob/67e6d27877c9cfd6b6dbc74bd852b10bdbe09c3c/Codeberg Weblate/verified-components/translations/readeck/application/sv.po,b712f3934219a9cd963c1c2826b519fc559f8e0eec855be5b2c268ed90e41c6f,{}
d4edf16c2b2ccc798200bc87,Go to previous page,Gå till föregående sida,Codeberg:readeck,application,,"Granskad filleverans. Endast färdiga, aktiva översättningar tas med; detta är inte ett påstående om separat registrerat radbeslut för varje oförändrad post.",project-context,f0a5439bfc992da8374315d0,reviewed-file-delivery,https://github.com/yeager/translations/blob/67e6d27877c9cfd6b6dbc74bd852b10bdbe09c3c/Codeberg Weblate/verified-components/translations/readeck/application/sv.po,b712f3934219a9cd963c1c2826b519fc559f8e0eec855be5b2c268ed90e41c6f,{}
d5fb5e66bffb0e44242d7dd8,The previous,Den föregående,Codeberg:readeck,application,,"Granskad filleverans. Endast färdiga, aktiva översättningar tas med; detta är inte ett påstående om separat registrerat radbeslut för varje oförändrad post.",project-context,e87cdff577b8c3d8c832c02c,reviewed-file-delivery,https://github.com/yeager/translations/blob/67e6d27877c9cfd6b6dbc74bd852b10bdbe09c3c/Codeberg Weblate/verified-components/translations/readeck/application/sv.po,b712f3934219a9cd963c1c2826b519fc559f8e0eec855be5b2c268ed90e41c6f,{}
d65860dfd5b587f367781657,Password recovery,Lösenordsåterställning,Codeberg:readeck,application,,"Granskad filleverans. Endast färdiga, aktiva översättningar tas med; detta är inte ett påstående om separat registrerat radbeslut för varje oförändrad post.",project-context,3bb725b29b1779e4d7f0d0b7,reviewed-file-delivery,https://github.com/yeager/translations/blob/67e6d27877c9cfd6b6dbc74bd852b10bdbe09c3c/Codeberg Weblate/verified-components/translations/readeck/application/sv.po,b712f3934219a9cd963c1c2826b519fc559f8e0eec855be5b2c268ed90e41c6f,{}
d863d9cb7fc4d953e955c6e9,Download as a text file,Ladda ned som en textfil,Codeberg:readeck,application,,"Granskad filleverans. Endast färdiga, aktiva översättningar tas med; detta är inte ett påstående om separat registrerat radbeslut för varje oförändrad post.",project-context,3f1627cc2ec7ef09920c0c70,reviewed-file-delivery,https://github.com/yeager/translations/blob/67e6d27877c9cfd6b6dbc74bd852b10bdbe09c3c/Codeberg Weblate/verified-components/translations/readeck/application/sv.po,b712f3934219a9cd963c1c2826b519fc559f8e0eec855be5b2c268ed90e41c6f,{}
d8a036e358e669cc408457be,Save link,Spara länk,Codeberg:readeck,application,button,"Granskad filleverans. Endast färdiga, aktiva översättningar tas med; detta är inte ett påstående om separat registrerat radbeslut för varje oförändrad post.",project-context,5aa0f3d708ae28419b8a5b19,reviewed-file-delivery,https://github.com/yeager/translations/blob/67e6d27877c9cfd6b6dbc74bd852b10bdbe09c3c/Codeberg Weblate/verified-components/translations/readeck/application/sv.po,b712f3934219a9cd963c1c2826b519fc559f8e0eec855be5b2c268ed90e41c6f,{}
d8af5e49e114ab6e5cb68f7f,Close panel,Stäng panel,Codeberg:readeck,application,,"Granskad filleverans. Endast färdiga, aktiva översättningar tas med; detta är inte ett påstående om separat registrerat radbeslut för varje oförändrad post.",project-context,59416bd2632b57f6bbc92d48,reviewed-file-delivery,https://github.com/yeager/translations/blob/67e6d27877c9cfd6b6dbc74bd852b10bdbe09c3c/Codeberg Weblate/verified-components/translations/readeck/application/sv.po,b712f3934219a9cd963c1c2826b519fc559f8e0eec855be5b2c268ed90e41c6f,{}
d8b642df86d4f33ff339011c,Since,Sedan,Codeberg:readeck,application,date,"Granskad filleverans. Endast färdiga, aktiva översättningar tas med; detta är inte ett påstående om separat registrerat radbeslut för varje oförändrad post.",project-context,6c138b473359bacdaa3f644d,reviewed-file-delivery,https://github.com/yeager/translations/blob/67e6d27877c9cfd6b6dbc74bd852b10bdbe09c3c/Codeberg Weblate/verified-components/translations/readeck/application/sv.po,b712f3934219a9cd963c1c2826b519fc559f8e0eec855be5b2c268ed90e41c6f,{}
d948cb0a0af3e2f42d1eec4a,User Administration,Användaradministration,Codeberg:readeck,application,,"Granskad filleverans. Endast färdiga, aktiva översättningar tas med; detta är inte ett påstående om separat registrerat radbeslut för varje oförändrad post.",project-context,0a9cead0a84c0a72a70a2309,reviewed-file-delivery,https://github.com/yeager/translations/blob/67e6d27877c9cfd6b6dbc74bd852b10bdbe09c3c/Codeberg Weblate/verified-components/translations/readeck/application/sv.po,b712f3934219a9cd963c1c2826b519fc559f8e0eec855be5b2c268ed90e41c6f,{}
d9659d0c9c7edad9d0ca9f94,Sending e-books to an Amazon Kindle,Skicka e-böcker till en Amazon Kindle,Codeberg:readeck,application,,"Granskad filleverans. Endast färdiga, aktiva översättningar tas med; detta är inte ett påstående om separat registrerat radbeslut för varje oförändrad post.",project-context,445b24b7c61a9b7b60a0c467,reviewed-file-delivery,https://github.com/yeager/translations/blob/67e6d27877c9cfd6b6dbc74bd852b10bdbe09c3c/Codeberg Weblate/verified-components/translations/readeck/application/sv.po,b712f3934219a9cd963c1c2826b519fc559f8e0eec855be5b2c268ed90e41c6f,{}
d9825a75b9e8baf9bd5fecdc,Add a new user,Lägg till ny användare,Codeberg:readeck,application,,"Granskad filleverans. Endast färdiga, aktiva översättningar tas med; detta är inte ett påstående om separat registrerat radbeslut för varje oförändrad post.",project-context,7c810f3de48dd732dc97bf76,reviewed-file-delivery,https://github.com/yeager/translations/blob/67e6d27877c9cfd6b6dbc74bd852b10bdbe09c3c/Codeberg Weblate/verified-components/translations/readeck/application/sv.po,b712f3934219a9cd963c1c2826b519fc559f8e0eec855be5b2c268ed90e41c6f,{}
d9f54b773aeaa8e220e02deb,All,Alla,Codeberg:readeck,application,,"Granskad filleverans. Endast färdiga, aktiva översättningar tas med; detta är inte ett påstående om separat registrerat radbeslut för varje oförändrad post.",project-context,75dac7e4984b5084c00438fe,reviewed-file-delivery,https://github.com/yeager/translations/blob/67e6d27877c9cfd6b6dbc74bd852b10bdbe09c3c/Codeberg Weblate/verified-components/translations/readeck/application/sv.po,b712f3934219a9cd963c1c2826b519fc559f8e0eec855be5b2c268ed90e41c6f,{}
da57a3c87d739d7c22c65eb1,Bookmark content,Bokmärk innehåll,Codeberg:readeck,application,,"Granskad filleverans. Endast färdiga, aktiva översättningar tas med; detta är inte ett påstående om separat registrerat radbeslut för varje oförändrad post.",project-context,da23a9743378f6e7a6ac4c03,reviewed-file-delivery,https://github.com/yeager/translations/blob/67e6d27877c9cfd6b6dbc74bd852b10bdbe09c3c/Codeberg Weblate/verified-components/translations/readeck/application/sv.po,b712f3934219a9cd963c1c2826b519fc559f8e0eec855be5b2c268ed90e41c6f,{}
daa9519ed5fed31fd34d734d,"Added, most recent first","Tillagda, nyaste först",Codeberg:readeck,application,sort,"Granskad filleverans. Endast färdiga, aktiva översättningar tas med; detta är inte ett påstående om separat registrerat radbeslut för varje oförändrad post.",project-context,4290bf82baab163122e3131d,reviewed-file-delivery,https://github.com/yeager/translations/blob/67e6d27877c9cfd6b6dbc74bd852b10bdbe09c3c/Codeberg Weblate/verified-components/translations/readeck/application/sv.po,b712f3934219a9cd963c1c2826b519fc559f8e0eec855be5b2c268ed90e41c6f,{}
daac6b87d834b18591b27d0c,Remove from archive,Radera från arkiv,Codeberg:readeck,application,,"Granskad filleverans. Endast färdiga, aktiva översättningar tas med; detta är inte ett påstående om separat registrerat radbeslut för varje oförändrad post.",project-context,a19fe6f2626d65f21a66d773,reviewed-file-delivery,https://github.com/yeager/translations/blob/67e6d27877c9cfd6b6dbc74bd852b10bdbe09c3c/Codeberg Weblate/verified-components/translations/readeck/application/sv.po,b712f3934219a9cd963c1c2826b519fc559f8e0eec855be5b2c268ed90e41c6f,{}
db30c2e96a3fd9f8da4f544f,Unread,Olästa,Codeberg:readeck,application,,"Granskad filleverans. Endast färdiga, aktiva översättningar tas med; detta är inte ett påstående om separat registrerat radbeslut för varje oförändrad post.",project-context,ec3a4e8349f6f098de57d1e5,reviewed-file-delivery,https://github.com/yeager/translations/blob/67e6d27877c9cfd6b6dbc74bd852b10bdbe09c3c/Codeberg Weblate/verified-components/translations/readeck/application/sv.po,b712f3934219a9cd963c1c2826b519fc559f8e0eec855be5b2c268ed90e41c6f,{}
dc0c0f7edc4baeb78778a894,Picture,Bild,Codeberg:readeck,application,,"Granskad filleverans. Endast färdiga, aktiva översättningar tas med; detta är inte ett påstående om separat registrerat radbeslut för varje oförändrad post.",project-context,eaa54e9f62a7db57124d0915,reviewed-file-delivery,https://github.com/yeager/translations/blob/67e6d27877c9cfd6b6dbc74bd852b10bdbe09c3c/Codeberg Weblate/verified-components/translations/readeck/application/sv.po,b712f3934219a9cd963c1c2826b519fc559f8e0eec855be5b2c268ed90e41c6f,{}
dc6791264bfeaf577ce88f31,Same license,Samma licens,Codeberg:readeck,application,,"Granskad filleverans. Endast färdiga, aktiva översättningar tas med; detta är inte ett påstående om separat registrerat radbeslut för varje oförändrad post.",project-context,082f2747b7b5ba206d40f7b9,reviewed-file-delivery,https://github.com/yeager/translations/blob/67e6d27877c9cfd6b6dbc74bd852b10bdbe09c3c/Codeberg Weblate/verified-components/translations/readeck/application/sv.po,b712f3934219a9cd963c1c2826b519fc559f8e0eec855be5b2c268ed90e41c6f,{}
dd2f09007447de08b5d428d6,New token created.,Ny token skapad.,Codeberg:readeck,application,,"Granskad filleverans. Endast färdiga, aktiva översättningar tas med; detta är inte ett påstående om separat registrerat radbeslut för varje oförändrad post.",project-context,886428b4f3724a8b48162d0b,reviewed-file-delivery,https://github.com/yeager/translations/blob/67e6d27877c9cfd6b6dbc74bd852b10bdbe09c3c/Codeberg Weblate/verified-components/translations/readeck/application/sv.po,b712f3934219a9cd963c1c2826b519fc559f8e0eec855be5b2c268ed90e41c6f,{}
de92d65de3c1464eeb5e29f1,Permissions,Tillåtelser,Codeberg:readeck,application,,"Granskad filleverans. Endast färdiga, aktiva översättningar tas med; detta är inte ett påstående om separat registrerat radbeslut för varje oförändrad post.",project-context,1a366860516a26e598ddb147,reviewed-file-delivery,https://github.com/yeager/translations/blob/67e6d27877c9cfd6b6dbc74bd852b10bdbe09c3c/Codeberg Weblate/verified-components/translations/readeck/application/sv.po,b712f3934219a9cd963c1c2826b519fc559f8e0eec855be5b2c268ed90e41c6f,{}
de95e0b35884d17f4bf96873,Sign out,Logga ut,Codeberg:readeck,application,,"Granskad filleverans. Endast färdiga, aktiva översättningar tas med; detta är inte ett påstående om separat registrerat radbeslut för varje oförändrad post.",project-context,ad46fd0aa8083058c819be14,reviewed-file-delivery,https://github.com/yeager/translations/blob/67e6d27877c9cfd6b6dbc74bd852b10bdbe09c3c/Codeberg Weblate/verified-components/translations/readeck/application/sv.po,b712f3934219a9cd963c1c2826b519fc559f8e0eec855be5b2c268ed90e41c6f,{}
debd00ef35ac1e377469df45,URL of your Wallabag homepage,URL för din Wallabad-sida,Codeberg:readeck,application,,"Granskad filleverans. Endast färdiga, aktiva översättningar tas med; detta är inte ett påstående om separat registrerat radbeslut för varje oförändrad post.",project-context,ac3351da6cf568de09e0e997,reviewed-file-delivery,https://github.com/yeager/translations/blob/67e6d27877c9cfd6b6dbc74bd852b10bdbe09c3c/Codeberg Weblate/verified-components/translations/readeck/application/sv.po,b712f3934219a9cd963c1c2826b519fc559f8e0eec855be5b2c268ed90e41c6f,{}
df226787fc2184c2d01e6a08,Mark as unread,Markera som oläst,Codeberg:readeck,application,,"Granskad filleverans. Endast färdiga, aktiva översättningar tas med; detta är inte ett påstående om separat registrerat radbeslut för varje oförändrad post.",project-context,806b9d01a133c0e0a8a8b08e,reviewed-file-delivery,https://github.com/yeager/translations/blob/67e6d27877c9cfd6b6dbc74bd852b10bdbe09c3c/Codeberg Weblate/verified-components/translations/readeck/application/sv.po,b712f3934219a9cd963c1c2826b519fc559f8e0eec855be5b2c268ed90e41c6f,{}
dfcb07fd8a7e7064c46b4048,API Documentation,API-dokumentation,Codeberg:readeck,application,,"Granskad filleverans. Endast färdiga, aktiva översättningar tas med; detta är inte ett påstående om separat registrerat radbeslut för varje oförändrad post.",project-context,755230db66341c6e2d94fe82,reviewed-file-delivery,https://github.com/yeager/translations/blob/67e6d27877c9cfd6b6dbc74bd852b10bdbe09c3c/Codeberg Weblate/verified-components/translations/readeck/application/sv.po,b712f3934219a9cd963c1c2826b519fc559f8e0eec855be5b2c268ed90e41c6f,{}
e06db6d384affef1f65664bb,User detached.,Användare bortkopplad.,Codeberg:readeck,application,,"Granskad filleverans. Endast färdiga, aktiva översättningar tas med; detta är inte ett påstående om separat registrerat radbeslut för varje oförändrad post.",project-context,2690ece35738b2b6808e74d4,reviewed-file-delivery,https://github.com/yeager/translations/blob/67e6d27877c9cfd6b6dbc74bd852b10bdbe09c3c/Codeberg Weblate/verified-components/translations/readeck/application/sv.po,b712f3934219a9cd963c1c2826b519fc559f8e0eec855be5b2c268ed90e41c6f,{}
e0a7360a6ff3257dd3c29ec3,Your verification code was removed.,Din verifieringskod har tagits bort.,Codeberg:readeck,application,,"Granskad filleverans. Endast färdiga, aktiva översättningar tas med; detta är inte ett påstående om separat registrerat radbeslut för varje oförändrad post.",project-context,0e871faf91be3866786945de,reviewed-file-delivery,https://github.com/yeager/translations/blob/67e6d27877c9cfd6b6dbc74bd852b10bdbe09c3c/Codeberg Weblate/verified-components/translations/readeck/application/sv.po,b712f3934219a9cd963c1c2826b519fc559f8e0eec855be5b2c268ed90e41c6f,{}
e150df063e5dfb79c0a2e166,user,användare,Codeberg:readeck,application,role,"Granskad filleverans. Endast färdiga, aktiva översättningar tas med; detta är inte ett påstående om separat registrerat radbeslut för varje oförändrad post.",project-context,6a509a582df5b9746c7c8c40,reviewed-file-delivery,https://github.com/yeager/translations/blob/67e6d27877c9cfd6b6dbc74bd852b10bdbe09c3c/Codeberg Weblate/verified-components/translations/readeck/application/sv.po,b712f3934219a9cd963c1c2826b519fc559f8e0eec855be5b2c268ed90e41c6f,{}
e2584c2c0f6850c720dcb709,Initial URL:,Inledande URL:,Codeberg:readeck,application,,"Granskad filleverans. Endast färdiga, aktiva översättningar tas med; detta är inte ett påstående om separat registrerat radbeslut för varje oförändrad post.",project-context,e09fa79b24b383e03352e26b,reviewed-file-delivery,https://github.com/yeager/translations/blob/67e6d27877c9cfd6b6dbc74bd852b10bdbe09c3c/Codeberg Weblate/verified-components/translations/readeck/application/sv.po,b712f3934219a9cd963c1c2826b519fc559f8e0eec855be5b2c268ed90e41c6f,{}
e2c4accf5203411de72c0718,Authorization required,Autentisering krävs,Codeberg:readeck,application,,"Granskad filleverans. Endast färdiga, aktiva översättningar tas med; detta är inte ett påstående om separat registrerat radbeslut för varje oförändrad post.",project-context,968b4b696fc7a9bb3f2b94e8,reviewed-file-delivery,https://github.com/yeager/translations/blob/67e6d27877c9cfd6b6dbc74bd852b10bdbe09c3c/Codeberg Weblate/verified-components/translations/readeck/application/sv.po,b712f3934219a9cd963c1c2826b519fc559f8e0eec855be5b2c268ed90e41c6f,{}
e2c7862a62d4640f6a768b87,Error,Fel,Codeberg:readeck,application,,"Granskad filleverans. Endast färdiga, aktiva översättningar tas med; detta är inte ett påstående om separat registrerat radbeslut för varje oförändrad post.",project-context,b3e292ad5de1a305fac80226,reviewed-file-delivery,https://github.com/yeager/translations/blob/67e6d27877c9cfd6b6dbc74bd852b10bdbe09c3c/Codeberg Weblate/verified-components/translations/readeck/application/sv.po,b712f3934219a9cd963c1c2826b519fc559f8e0eec855be5b2c268ed90e41c6f,{}
e2f8818c6bc3acad93bae3f1,Import your Readwise Reader Library,Importera ditt Readwise Reader-bibliotek,Codeberg:readeck,application,,"Granskad filleverans. Endast färdiga, aktiva översättningar tas med; detta är inte ett påstående om separat registrerat radbeslut för varje oförändrad post.",project-context,2845cc7686be622861f94003,reviewed-file-delivery,https://github.com/yeager/translations/blob/67e6d27877c9cfd6b6dbc74bd852b10bdbe09c3c/Codeberg Weblate/verified-components/translations/readeck/application/sv.po,b712f3934219a9cd963c1c2826b519fc559f8e0eec855be5b2c268ed90e41c6f,{}
e37322aeb76781a98e38744b,Import your Bookmarks,Importera dina bokmärken,Codeberg:readeck,application,,"Granskad filleverans. Endast färdiga, aktiva översättningar tas med; detta är inte ett påstående om separat registrerat radbeslut för varje oförändrad post.",project-context,08518e9d7652409d28c56386,reviewed-file-delivery,https://github.com/yeager/translations/blob/67e6d27877c9cfd6b6dbc74bd852b10bdbe09c3c/Codeberg Weblate/verified-components/translations/readeck/application/sv.po,b712f3934219a9cd963c1c2826b519fc559f8e0eec855be5b2c268ed90e41c6f,{}
e3d50d46dc5b6bb38bf9dd66,invalid URL,ogiltig URL,Codeberg:readeck,application,,"Granskad filleverans. Endast färdiga, aktiva översättningar tas med; detta är inte ett påstående om separat registrerat radbeslut för varje oförändrad post.",project-context,dd2124d9118c05176ccb9b1c,reviewed-file-delivery,https://github.com/yeager/translations/blob/67e6d27877c9cfd6b6dbc74bd852b10bdbe09c3c/Codeberg Weblate/verified-components/translations/readeck/application/sv.po,b712f3934219a9cd963c1c2826b519fc559f8e0eec855be5b2c268ed90e41c6f,{}
e3e2b2bbc0e4c0b7a034964c,Title,Titel,Codeberg:readeck,application,,"Granskad filleverans. Endast färdiga, aktiva översättningar tas med; detta är inte ett påstående om separat registrerat radbeslut för varje oförändrad post.",project-context,ad9b24fa49a149b4631d0f31,reviewed-file-delivery,https://github.com/yeager/translations/blob/67e6d27877c9cfd6b6dbc74bd852b10bdbe09c3c/Codeberg Weblate/verified-components/translations/readeck/application/sv.po,b712f3934219a9cd963c1c2826b519fc559f8e0eec855be5b2c268ed90e41c6f,{}
e3f350c17c2cddbca684ddc6,A JSON encoded list of labels,En JSON-formaterad lista med etiketter,Codeberg:readeck,application,,"Granskad filleverans. Endast färdiga, aktiva översättningar tas med; detta är inte ett påstående om separat registrerat radbeslut för varje oförändrad post.",project-context,adba3555c5b1dde75b17260e,reviewed-file-delivery,https://github.com/yeager/translations/blob/67e6d27877c9cfd6b6dbc74bd852b10bdbe09c3c/Codeberg Weblate/verified-components/translations/readeck/application/sv.po,b712f3934219a9cd963c1c2826b519fc559f8e0eec855be5b2c268ed90e41c6f,{}
e402313ad027fd9bfe37dd48,Week(s),Vecka/veckor,Codeberg:readeck,application,,"Granskad filleverans. Endast färdiga, aktiva översättningar tas med; detta är inte ett påstående om separat registrerat radbeslut för varje oförändrad post.",project-context,d2d1b1d2cf195f79c683f6a3,reviewed-file-delivery,https://github.com/yeager/translations/blob/67e6d27877c9cfd6b6dbc74bd852b10bdbe09c3c/Codeberg Weblate/verified-components/translations/readeck/application/sv.po,b712f3934219a9cd963c1c2826b519fc559f8e0eec855be5b2c268ed90e41c6f,{}
e48bbe055217a36243f543e4,Delete,Radera,Codeberg:readeck,application,,"Granskad filleverans. Endast färdiga, aktiva översättningar tas med; detta är inte ett påstående om separat registrerat radbeslut för varje oförändrad post.",project-context,8bf860573e9518cd5b24689c,reviewed-file-delivery,https://github.com/yeager/translations/blob/67e6d27877c9cfd6b6dbc74bd852b10bdbe09c3c/Codeberg Weblate/verified-components/translations/readeck/application/sv.po,b712f3934219a9cd963c1c2826b519fc559f8e0eec855be5b2c268ed90e41c6f,{}
e569a165d3e8da4c1f16e99a,Close dialog,Stäng dialog,Codeberg:readeck,application,,"Granskad filleverans. Endast färdiga, aktiva översättningar tas med; detta är inte ett påstående om separat registrerat radbeslut för varje oförändrad post.",project-context,c615290de90d9fd196ccbfe4,reviewed-file-delivery,https://github.com/yeager/translations/blob/67e6d27877c9cfd6b6dbc74bd852b10bdbe09c3c/Codeberg Weblate/verified-components/translations/readeck/application/sv.po,b712f3934219a9cd963c1c2826b519fc559f8e0eec855be5b2c268ed90e41c6f,{}
e604dc80d7bbd27bbb5e31a5,Wed,Ons,Codeberg:readeck,application,datetime_ds,"Granskad filleverans. Endast färdiga, aktiva översättningar tas med; detta är inte ett påstående om separat registrerat radbeslut för varje oförändrad post.",project-context,c0086675035928d6a24caeb1,reviewed-file-delivery,https://github.com/yeager/translations/blob/67e6d27877c9cfd6b6dbc74bd852b10bdbe09c3c/Codeberg Weblate/verified-components/translations/readeck/application/sv.po,b712f3934219a9cd963c1c2826b519fc559f8e0eec855be5b2c268ed90e41c6f,{}
e6a30b8246b7be35ba67f524,Community Forum:,Community-forum:,Codeberg:readeck,application,,"Granskad filleverans. Endast färdiga, aktiva översättningar tas med; detta är inte ett påstående om separat registrerat radbeslut för varje oförändrad post.",project-context,374d6f6dee2fa37d3ee4a3ec,reviewed-file-delivery,https://github.com/yeager/translations/blob/67e6d27877c9cfd6b6dbc74bd852b10bdbe09c3c/Codeberg Weblate/verified-components/translations/readeck/application/sv.po,b712f3934219a9cd963c1c2826b519fc559f8e0eec855be5b2c268ed90e41c6f,{}
e6a7fd7c962882b580cbff67,Invalid user and/or password,Ogiltig användare och/eller lösenord,Codeberg:readeck,application,,"Granskad filleverans. Endast färdiga, aktiva översättningar tas med; detta är inte ett påstående om separat registrerat radbeslut för varje oförändrad post.",project-context,f46013c2011a1ef6eb51f7a7,reviewed-file-delivery,https://github.com/yeager/translations/blob/67e6d27877c9cfd6b6dbc74bd852b10bdbe09c3c/Codeberg Weblate/verified-components/translations/readeck/application/sv.po,b712f3934219a9cd963c1c2826b519fc559f8e0eec855be5b2c268ed90e41c6f,{}
e6f61d7095114235c677f386,Red,Röd,Codeberg:readeck,application,,"Granskad filleverans. Endast färdiga, aktiva översättningar tas med; detta är inte ett påstående om separat registrerat radbeslut för varje oförändrad post.",project-context,924cc43801f3401420ba3d49,reviewed-file-delivery,https://github.com/yeager/translations/blob/67e6d27877c9cfd6b6dbc74bd852b10bdbe09c3c/Codeberg Weblate/verified-components/translations/readeck/application/sv.po,b712f3934219a9cd963c1c2826b519fc559f8e0eec855be5b2c268ed90e41c6f,{}
e70bc613db0ca33f86a3f375,With Labels,Med Etiketter,Codeberg:readeck,application,,"Granskad filleverans. Endast färdiga, aktiva översättningar tas med; detta är inte ett påstående om separat registrerat radbeslut för varje oförändrad post.",project-context,53654b8a73e17267ea405ce6,reviewed-file-delivery,https://github.com/yeager/translations/blob/67e6d27877c9cfd6b6dbc74bd852b10bdbe09c3c/Codeberg Weblate/verified-components/translations/readeck/application/sv.po,b712f3934219a9cd963c1c2826b519fc559f8e0eec855be5b2c268ed90e41c6f,{}
e738d21e1d5e6015ebdc25b8,Until,Till,Codeberg:readeck,application,date,"Granskad filleverans. Endast färdiga, aktiva översättningar tas med; detta är inte ett påstående om separat registrerat radbeslut för varje oförändrad post.",project-context,d6f86db4c71b343ef6b3f6c8,reviewed-file-delivery,https://github.com/yeager/translations/blob/67e6d27877c9cfd6b6dbc74bd852b10bdbe09c3c/Codeberg Weblate/verified-components/translations/readeck/application/sv.po,b712f3934219a9cd963c1c2826b519fc559f8e0eec855be5b2c268ed90e41c6f,{}
e73e819adc4f663bc8d6ddda,Archive all links,Arkivera alla länkar,Codeberg:readeck,application,,"Granskad filleverans. Endast färdiga, aktiva översättningar tas med; detta är inte ett påstående om separat registrerat radbeslut för varje oförändrad post.",project-context,173853a7cec09b3694cfd2ff,reviewed-file-delivery,https://github.com/yeager/translations/blob/67e6d27877c9cfd6b6dbc74bd852b10bdbe09c3c/Codeberg Weblate/verified-components/translations/readeck/application/sv.po,b712f3934219a9cd963c1c2826b519fc559f8e0eec855be5b2c268ed90e41c6f,{}
e7aaac9b3a4c07f4ed6e79d1,Main website:,Huvudwebbplats:,Codeberg:readeck,application,,"Granskad filleverans. Endast färdiga, aktiva översättningar tas med; detta är inte ett påstående om separat registrerat radbeslut för varje oförändrad post.",project-context,81f5193b2f7bcf7b9bc7b279,reviewed-file-delivery,https://github.com/yeager/translations/blob/67e6d27877c9cfd6b6dbc74bd852b10bdbe09c3c/Codeberg Weblate/verified-components/translations/readeck/application/sv.po,b712f3934219a9cd963c1c2826b519fc559f8e0eec855be5b2c268ed90e41c6f,{}
e807cb4180cc2f5e6f20c038,This link is shared with annotations.,Den här länken delas med annoteringar.,Codeberg:readeck,application,,"Granskad filleverans. Endast färdiga, aktiva översättningar tas med; detta är inte ett påstående om separat registrerat radbeslut för varje oförändrad post.",project-context,c47fff2c200b0f950019e153,reviewed-file-delivery,https://github.com/yeager/translations/blob/67e6d27877c9cfd6b6dbc74bd852b10bdbe09c3c/Codeberg Weblate/verified-components/translations/readeck/application/sv.po,b712f3934219a9cd963c1c2826b519fc559f8e0eec855be5b2c268ed90e41c6f,{}
e9269d44726074e135192cfb,Confirm your user name,Bekräfta ditt användarnamn,Codeberg:readeck,application,,"Granskad filleverans. Endast färdiga, aktiva översättningar tas med; detta är inte ett påstående om separat registrerat radbeslut för varje oförändrad post.",project-context,f7eb8d5c9b0ce90794495970,reviewed-file-delivery,https://github.com/yeager/translations/blob/67e6d27877c9cfd6b6dbc74bd852b10bdbe09c3c/Codeberg Weblate/verified-components/translations/readeck/application/sv.po,b712f3934219a9cd963c1c2826b519fc559f8e0eec855be5b2c268ed90e41c6f,{}
e9d726e46aa1744633d2a243,Unable to read HTML content,Kunde inte läsa HTML-innehåll,Codeberg:readeck,application,,"Granskad filleverans. Endast färdiga, aktiva översättningar tas med; detta är inte ett påstående om separat registrerat radbeslut för varje oförändrad post.",project-context,5f1d5240d0d11121e971d13b,reviewed-file-delivery,https://github.com/yeager/translations/blob/67e6d27877c9cfd6b6dbc74bd852b10bdbe09c3c/Codeberg Weblate/verified-components/translations/readeck/application/sv.po,b712f3934219a9cd963c1c2826b519fc559f8e0eec855be5b2c268ed90e41c6f,{}
ea23dfdc1f6d5b81b40ac0eb,Edit bookmark,Redigera bokmärke,Codeberg:readeck,application,,"Granskad filleverans. Endast färdiga, aktiva översättningar tas med; detta är inte ett påstående om separat registrerat radbeslut för varje oförändrad post.",project-context,8dc8e21015f867a9b6e0dae6,reviewed-file-delivery,https://github.com/yeager/translations/blob/67e6d27877c9cfd6b6dbc74bd852b10bdbe09c3c/Codeberg Weblate/verified-components/translations/readeck/application/sv.po,b712f3934219a9cd963c1c2826b519fc559f8e0eec855be5b2c268ed90e41c6f,{}
ea45179ce5d774586f1fbc8c,Please check your form for errors.,Kontrollera fel i formuläret.,Codeberg:readeck,application,,"Granskad filleverans. Endast färdiga, aktiva översättningar tas med; detta är inte ett påstående om separat registrerat radbeslut för varje oförändrad post.",project-context,87d2767fa0d890c0c1d07cd4,reviewed-file-delivery,https://github.com/yeager/translations/blob/67e6d27877c9cfd6b6dbc74bd852b10bdbe09c3c/Codeberg Weblate/verified-components/translations/readeck/application/sv.po,b712f3934219a9cd963c1c2826b519fc559f8e0eec855be5b2c268ed90e41c6f,{}
ea8e268fcb4decbe803c00a9,Database Size:,Databasstorlek:,Codeberg:readeck,application,,"Granskad filleverans. Endast färdiga, aktiva översättningar tas med; detta är inte ett påstående om separat registrerat radbeslut för varje oförändrad post.",project-context,1fa6559a8925408248b89a5e,reviewed-file-delivery,https://github.com/yeager/translations/blob/67e6d27877c9cfd6b6dbc74bd852b10bdbe09c3c/Codeberg Weblate/verified-components/translations/readeck/application/sv.po,b712f3934219a9cd963c1c2826b519fc559f8e0eec855be5b2c268ed90e41c6f,{}
eb7d259768639e4a47109696,Profile : Read Only,Profil: Skrivskyddad,Codeberg:readeck,application,role,"Granskad filleverans. Endast färdiga, aktiva översättningar tas med; detta är inte ett påstående om separat registrerat radbeslut för varje oförändrad post.",project-context,d3f3d5b05c87b0586c97bdca,reviewed-file-delivery,https://github.com/yeager/translations/blob/67e6d27877c9cfd6b6dbc74bd852b10bdbe09c3c/Codeberg Weblate/verified-components/translations/readeck/application/sv.po,b712f3934219a9cd963c1c2826b519fc559f8e0eec855be5b2c268ed90e41c6f,{}
ebfcbe5cda26a22999ff511d,July,Juli,Codeberg:readeck,application,datetime_ml,"Granskad filleverans. Endast färdiga, aktiva översättningar tas med; detta är inte ett påstående om separat registrerat radbeslut för varje oförändrad post.",project-context,c3e74ddf51895616836b4d6a,reviewed-file-delivery,https://github.com/yeager/translations/blob/67e6d27877c9cfd6b6dbc74bd852b10bdbe09c3c/Codeberg Weblate/verified-components/translations/readeck/application/sv.po,b712f3934219a9cd963c1c2826b519fc559f8e0eec855be5b2c268ed90e41c6f,{}
ec4c1dfc6582bd00c74375b1,Close,Stäng,Codeberg:readeck,application,,"Granskad filleverans. Endast färdiga, aktiva översättningar tas med; detta är inte ett påstående om separat registrerat radbeslut för varje oförändrad post.",project-context,e09c40bf281cc7b49219e6df,reviewed-file-delivery,https://github.com/yeager/translations/blob/67e6d27877c9cfd6b6dbc74bd852b10bdbe09c3c/Codeberg Weblate/verified-components/translations/readeck/application/sv.po,b712f3934219a9cd963c1c2826b519fc559f8e0eec855be5b2c268ed90e41c6f,{}
ecf1bdfd5079e0ee94b3348b,File,Fil,Codeberg:readeck,application,,"Granskad filleverans. Endast färdiga, aktiva översättningar tas med; detta är inte ett påstående om separat registrerat radbeslut för varje oförändrad post.",project-context,c148d78e32bcfa1b74393058,reviewed-file-delivery,https://github.com/yeager/translations/blob/67e6d27877c9cfd6b6dbc74bd852b10bdbe09c3c/Codeberg Weblate/verified-components/translations/readeck/application/sv.po,b712f3934219a9cd963c1c2826b519fc559f8e0eec855be5b2c268ed90e41c6f,{}
eddf535789635afedadfdae8,Filters,Filter,Codeberg:readeck,application,,"Granskad filleverans. Endast färdiga, aktiva översättningar tas med; detta är inte ett påstående om separat registrerat radbeslut för varje oförändrad post.",project-context,7e2920f7314343033f6df0c4,reviewed-file-delivery,https://github.com/yeager/translations/blob/67e6d27877c9cfd6b6dbc74bd852b10bdbe09c3c/Codeberg Weblate/verified-components/translations/readeck/application/sv.po,b712f3934219a9cd963c1c2826b519fc559f8e0eec855be5b2c268ed90e41c6f,{}
ee85c4b1a375ea4198ee807f,Your password was changed.,Ditt lösenord har ändrats.,Codeberg:readeck,application,,"Granskad filleverans. Endast färdiga, aktiva översättningar tas med; detta är inte ett påstående om separat registrerat radbeslut för varje oförändrad post.",project-context,8d428158050ab1578992fb70,reviewed-file-delivery,https://github.com/yeager/translations/blob/67e6d27877c9cfd6b6dbc74bd852b10bdbe09c3c/Codeberg Weblate/verified-components/translations/readeck/application/sv.po,b712f3934219a9cd963c1c2826b519fc559f8e0eec855be5b2c268ed90e41c6f,{}
ef0a39e511235945d3841737,Reply To,Svara Till,Codeberg:readeck,application,,"Granskad filleverans. Endast färdiga, aktiva översättningar tas med; detta är inte ett påstående om separat registrerat radbeslut för varje oförändrad post.",project-context,2cddb66ada80ede00bf948c0,reviewed-file-delivery,https://github.com/yeager/translations/blob/67e6d27877c9cfd6b6dbc74bd852b10bdbe09c3c/Codeberg Weblate/verified-components/translations/readeck/application/sv.po,b712f3934219a9cd963c1c2826b519fc559f8e0eec855be5b2c268ed90e41c6f,{}
f0cd3b838a4f02151106e7e6,Create a collection,Skapa en samling,Codeberg:readeck,application,,"Granskad filleverans. Endast färdiga, aktiva översättningar tas med; detta är inte ett påstående om separat registrerat radbeslut för varje oförändrad post.",project-context,169e77e0a49e8357a8a83886,reviewed-file-delivery,https://github.com/yeager/translations/blob/67e6d27877c9cfd6b6dbc74bd852b10bdbe09c3c/Codeberg Weblate/verified-components/translations/readeck/application/sv.po,b712f3934219a9cd963c1c2826b519fc559f8e0eec855be5b2c268ed90e41c6f,{}
f116cddaf91a8839cdcc42a5,State changes,Uppge ändringar,Codeberg:readeck,application,,"Granskad filleverans. Endast färdiga, aktiva översättningar tas med; detta är inte ett påstående om separat registrerat radbeslut för varje oförändrad post.",project-context,a4d0c969af6b19c840399e0c,reviewed-file-delivery,https://github.com/yeager/translations/blob/67e6d27877c9cfd6b6dbc74bd852b10bdbe09c3c/Codeberg Weblate/verified-components/translations/readeck/application/sv.po,b712f3934219a9cd963c1c2826b519fc559f8e0eec855be5b2c268ed90e41c6f,{}
f27c1ae69e0e12a7d0985eb0,Users,Användare,Codeberg:readeck,application,,"Granskad filleverans. Endast färdiga, aktiva översättningar tas med; detta är inte ett påstående om separat registrerat radbeslut för varje oförändrad post.",project-context,249e9795461ce8f2988abac4,reviewed-file-delivery,https://github.com/yeager/translations/blob/67e6d27877c9cfd6b6dbc74bd852b10bdbe09c3c/Codeberg Weblate/verified-components/translations/readeck/application/sv.po,b712f3934219a9cd963c1c2826b519fc559f8e0eec855be5b2c268ed90e41c6f,{}
f2c6d237f22f01229b0e2300,Device is connected!,Enhet ansluten!,Codeberg:readeck,application,,"Granskad filleverans. Endast färdiga, aktiva översättningar tas med; detta är inte ett påstående om separat registrerat radbeslut för varje oförändrad post.",project-context,06e43207c5c872050d7bae36,reviewed-file-delivery,https://github.com/yeager/translations/blob/67e6d27877c9cfd6b6dbc74bd852b10bdbe09c3c/Codeberg Weblate/verified-components/translations/readeck/application/sv.po,b712f3934219a9cd963c1c2826b519fc559f8e0eec855be5b2c268ed90e41c6f,{}
f2dec0506f96cf91e956843a,Forgot your password?,Glömt lösenord?,Codeberg:readeck,application,,"Granskad filleverans. Endast färdiga, aktiva översättningar tas med; detta är inte ett påstående om separat registrerat radbeslut för varje oförändrad post.",project-context,43b0969ff780a57171008b28,reviewed-file-delivery,https://github.com/yeager/translations/blob/67e6d27877c9cfd6b6dbc74bd852b10bdbe09c3c/Codeberg Weblate/verified-components/translations/readeck/application/sv.po,b712f3934219a9cd963c1c2826b519fc559f8e0eec855be5b2c268ed90e41c6f,{}
f3dc304fadc79bd272411601,Field,Fält,Codeberg:readeck,application,,"Granskad filleverans. Endast färdiga, aktiva översättningar tas med; detta är inte ett påstående om separat registrerat radbeslut för varje oförändrad post.",project-context,93f0738d55fa62bb3b6ea35b,reviewed-file-delivery,https://github.com/yeager/translations/blob/67e6d27877c9cfd6b6dbc74bd852b10bdbe09c3c/Codeberg Weblate/verified-components/translations/readeck/application/sv.po,b712f3934219a9cd963c1c2826b519fc559f8e0eec855be5b2c268ed90e41c6f,{}
f4ba9d68f6605ba266c718b8,GoodLinks Export File,GoodLinks-exportfil,Codeberg:readeck,application,,"Granskad filleverans. Endast färdiga, aktiva översättningar tas med; detta är inte ett påstående om separat registrerat radbeslut för varje oförändrad post.",project-context,23023b010f0a28fc9002462d,reviewed-file-delivery,https://github.com/yeager/translations/blob/67e6d27877c9cfd6b6dbc74bd852b10bdbe09c3c/Codeberg Weblate/verified-components/translations/readeck/application/sv.po,b712f3934219a9cd963c1c2826b519fc559f8e0eec855be5b2c268ed90e41c6f,{}
f5d66f9ea59cabd57cb3cc84,Bookmark is loading,Bokmärke under inläsning,Codeberg:readeck,application,,"Granskad filleverans. Endast färdiga, aktiva översättningar tas med; detta är inte ett påstående om separat registrerat radbeslut för varje oförändrad post.",project-context,66612da1bd8ae52e5bb4cd7c,reviewed-file-delivery,https://github.com/yeager/translations/blob/67e6d27877c9cfd6b6dbc74bd852b10bdbe09c3c/Codeberg Weblate/verified-components/translations/readeck/application/sv.po,b712f3934219a9cd963c1c2826b519fc559f8e0eec855be5b2c268ed90e41c6f,{}
f600a0cb06da319371b65d36,Authorization request was denied.,Autentiseringsförsöket nekades.,Codeberg:readeck,application,,"Granskad filleverans. Endast färdiga, aktiva översättningar tas med; detta är inte ett påstående om separat registrerat radbeslut för varje oförändrad post.",project-context,04e88818ead175917094410d,reviewed-file-delivery,https://github.com/yeager/translations/blob/67e6d27877c9cfd6b6dbc74bd852b10bdbe09c3c/Codeberg Weblate/verified-components/translations/readeck/application/sv.po,b712f3934219a9cd963c1c2826b519fc559f8e0eec855be5b2c268ed90e41c6f,{}
f6188d207233863f4f2ab15d,Network use is distribution,Nätverksanvändning är distribution,Codeberg:readeck,application,,"Granskad filleverans. Endast färdiga, aktiva översättningar tas med; detta är inte ett påstående om separat registrerat radbeslut för varje oförändrad post.",project-context,1213dc3c2d7a9c9260ced668,reviewed-file-delivery,https://github.com/yeager/translations/blob/67e6d27877c9cfd6b6dbc74bd852b10bdbe09c3c/Codeberg Weblate/verified-components/translations/readeck/application/sv.po,b712f3934219a9cd963c1c2826b519fc559f8e0eec855be5b2c268ed90e41c6f,{}
f691c42fc4aea954c71c0b2f,Please note:,Notera:,Codeberg:readeck,application,,"Granskad filleverans. Endast färdiga, aktiva översättningar tas med; detta är inte ett påstående om separat registrerat radbeslut för varje oförändrad post.",project-context,025b2bfa472428b5c280d163,reviewed-file-delivery,https://github.com/yeager/translations/blob/67e6d27877c9cfd6b6dbc74bd852b10bdbe09c3c/Codeberg Weblate/verified-components/translations/readeck/application/sv.po,b712f3934219a9cd963c1c2826b519fc559f8e0eec855be5b2c268ed90e41c6f,{}
f6c910496a5e456d3b68b2be,Decrease width,Minska bredden,Codeberg:readeck,application,,"Granskad filleverans. Endast färdiga, aktiva översättningar tas med; detta är inte ett påstående om separat registrerat radbeslut för varje oförändrad post.",project-context,d34af99898a5ebb1a645ac22,reviewed-file-delivery,https://github.com/yeager/translations/blob/67e6d27877c9cfd6b6dbc74bd852b10bdbe09c3c/Codeberg Weblate/verified-components/translations/readeck/application/sv.po,b712f3934219a9cd963c1c2826b519fc559f8e0eec855be5b2c268ed90e41c6f,{}
f6f0218e2571b1cad4341138,Language,Språk,Codeberg:readeck,application,,"Granskad filleverans. Endast färdiga, aktiva översättningar tas med; detta är inte ett påstående om separat registrerat radbeslut för varje oförändrad post.",project-context,49f8202265f838b9165a1d61,reviewed-file-delivery,https://github.com/yeager/translations/blob/67e6d27877c9cfd6b6dbc74bd852b10bdbe09c3c/Codeberg Weblate/verified-components/translations/readeck/application/sv.po,b712f3934219a9cd963c1c2826b519fc559f8e0eec855be5b2c268ed90e41c6f,{}
f75bef54c6bcfca621820699,Delete highlight,Radera markering,Codeberg:readeck,application,,"Granskad filleverans. Endast färdiga, aktiva översättningar tas med; detta är inte ett påstående om separat registrerat radbeslut för varje oförändrad post.",project-context,8f5d058d160f8ceae3ce347f,reviewed-file-delivery,https://github.com/yeager/translations/blob/67e6d27877c9cfd6b6dbc74bd852b10bdbe09c3c/Codeberg Weblate/verified-components/translations/readeck/application/sv.po,b712f3934219a9cd963c1c2826b519fc559f8e0eec855be5b2c268ed90e41c6f,{}
f7611c760d0f6ab2674eee54,Developer information,Utvecklarinformation,Codeberg:readeck,application,,"Granskad filleverans. Endast färdiga, aktiva översättningar tas med; detta är inte ett påstående om separat registrerat radbeslut för varje oförändrad post.",project-context,c5139d9b0a7862b53d27dd82,reviewed-file-delivery,https://github.com/yeager/translations/blob/67e6d27877c9cfd6b6dbc74bd852b10bdbe09c3c/Codeberg Weblate/verified-components/translations/readeck/application/sv.po,b712f3934219a9cd963c1c2826b519fc559f8e0eec855be5b2c268ed90e41c6f,{}
f79d7552e10f795de7dee139,Highlight,Markering,Codeberg:readeck,application,,"Granskad filleverans. Endast färdiga, aktiva översättningar tas med; detta är inte ett påstående om separat registrerat radbeslut för varje oförändrad post.",project-context,a5e33f18eff4fe3ca5dfdf02,reviewed-file-delivery,https://github.com/yeager/translations/blob/67e6d27877c9cfd6b6dbc74bd852b10bdbe09c3c/Codeberg Weblate/verified-components/translations/readeck/application/sv.po,b712f3934219a9cd963c1c2826b519fc559f8e0eec855be5b2c268ed90e41c6f,{}
f92accf6d62e4412f7f27b1d,Invalid credentials,Ogiltiga inloggningsuppgifter,Codeberg:readeck,application,,"Granskad filleverans. Endast färdiga, aktiva översättningar tas med; detta är inte ett påstående om separat registrerat radbeslut för varje oförändrad post.",project-context,19e22a4a11a29c0907c12374,reviewed-file-delivery,https://github.com/yeager/translations/blob/67e6d27877c9cfd6b6dbc74bd852b10bdbe09c3c/Codeberg Weblate/verified-components/translations/readeck/application/sv.po,b712f3934219a9cd963c1c2826b519fc559f8e0eec855be5b2c268ed90e41c6f,{}
f9332c4bc9c4a6a91560683d,Wallabag URL,Wallabag-URL,Codeberg:readeck,application,,"Granskad filleverans. Endast färdiga, aktiva översättningar tas med; detta är inte ett påstående om separat registrerat radbeslut för varje oförändrad post.",project-context,d0f0adc4786c07cb1bd033a1,reviewed-file-delivery,https://github.com/yeager/translations/blob/67e6d27877c9cfd6b6dbc74bd852b10bdbe09c3c/Codeberg Weblate/verified-components/translations/readeck/application/sv.po,b712f3934219a9cd963c1c2826b519fc559f8e0eec855be5b2c268ed90e41c6f,{}
fa600243bb5d8eca0f8384e3,User created.,Användare skapad.,Codeberg:readeck,application,,"Granskad filleverans. Endast färdiga, aktiva översättningar tas med; detta är inte ett påstående om separat registrerat radbeslut för varje oförändrad post.",project-context,74919c36dfac02cbb8faffd7,reviewed-file-delivery,https://github.com/yeager/translations/blob/67e6d27877c9cfd6b6dbc74bd852b10bdbe09c3c/Codeberg Weblate/verified-components/translations/readeck/application/sv.po,b712f3934219a9cd963c1c2826b519fc559f8e0eec855be5b2c268ed90e41c6f,{}
faa9931b2670ba917c20fb6c,Errors occurred during extraction.,Något gick fel under extraktion.,Codeberg:readeck,application,,"Granskad filleverans. Endast färdiga, aktiva översättningar tas med; detta är inte ett påstående om separat registrerat radbeslut för varje oförändrad post.",project-context,2874eaabaac9f5eee01136d4,reviewed-file-delivery,https://github.com/yeager/translations/blob/67e6d27877c9cfd6b6dbc74bd852b10bdbe09c3c/Codeberg Weblate/verified-components/translations/readeck/application/sv.po,b712f3934219a9cd963c1c2826b519fc559f8e0eec855be5b2c268ed90e41c6f,{}
fd1f5ac1ef0d7fd91064f1ee,Applications,Applikationer,Codeberg:readeck,application,,"Granskad filleverans. Endast färdiga, aktiva översättningar tas med; detta är inte ett påstående om separat registrerat radbeslut för varje oförändrad post.",project-context,948828c8d2a214f7f51d38a0,reviewed-file-delivery,https://github.com/yeager/translations/blob/67e6d27877c9cfd6b6dbc74bd852b10bdbe09c3c/Codeberg Weblate/verified-components/translations/readeck/application/sv.po,b712f3934219a9cd963c1c2826b519fc559f8e0eec855be5b2c268ed90e41c6f,{}
fe4876c5dc49ba5b4701817a,Authors,Författare,Codeberg:readeck,application,,"Granskad filleverans. Endast färdiga, aktiva översättningar tas med; detta är inte ett påstående om separat registrerat radbeslut för varje oförändrad post.",project-context,4d15ce0a9cbc285008f90701,reviewed-file-delivery,https://github.com/yeager/translations/blob/67e6d27877c9cfd6b6dbc74bd852b10bdbe09c3c/Codeberg Weblate/verified-components/translations/readeck/application/sv.po,b712f3934219a9cd963c1c2826b519fc559f8e0eec855be5b2c268ed90e41c6f,{}
fead388bd55232c02a5c2501,Enabled,Aktiverad,Codeberg:readeck,application,,"Granskad filleverans. Endast färdiga, aktiva översättningar tas med; detta är inte ett påstående om separat registrerat radbeslut för varje oförändrad post.",project-context,7c4f285aeb361a6174785a8c,reviewed-file-delivery,https://github.com/yeager/translations/blob/67e6d27877c9cfd6b6dbc74bd852b10bdbe09c3c/Codeberg Weblate/verified-components/translations/readeck/application/sv.po,b712f3934219a9cd963c1c2826b519fc559f8e0eec855be5b2c268ed90e41c6f,{}
