id,source,canonical,project,component,context,note,scope,review_id,publication_status,reference,evidence_sha256,source_evidence
03483316d0c93e794d74f8d1,Define a database.,Definiera en databas.,mailfromd,mailfromd-8.17.91.sv.po,,Bilingual translation changed in reviewed commit: Add reviewed mailfromd 8.17.91 Swedish translation,project-context,77976808ae4356b1ee01199e,review-commit,https://github.com/yeager/translations/blob/4a97a335bb9bb177d69df66255daf277f20b3782/mailfromd/mailfromd-8.17.91.sv.po,56c63a5da76b4bf68280a0456080f0a4930e5e04418513d42e61c2b8b6f95418,{}
034ed75537e04efed273e26b,Mode selection,Val av läge,mailfromd,mailfromd-8.17.91.sv.po,,Bilingual translation changed in reviewed commit: Add reviewed mailfromd 8.17.91 Swedish translation,project-context,35d3a68cc52d6f50c9b60bd6,review-commit,https://github.com/yeager/translations/blob/4a97a335bb9bb177d69df66255daf277f20b3782/mailfromd/mailfromd-8.17.91.sv.po,56c63a5da76b4bf68280a0456080f0a4930e5e04418513d42e61c2b8b6f95418,{}
034f4426cfe0dafcc3d1a2e1,define Sendmail macro,define Sendmail makro,mailfromd,mailfromd-8.17.91.sv.po,,Bilingual translation changed in reviewed commit: Add reviewed mailfromd 8.17.91 Swedish translation,project-context,78a5e1276f0f9535f8e6e5fd,review-commit,https://github.com/yeager/translations/blob/4a97a335bb9bb177d69df66255daf277f20b3782/mailfromd/mailfromd-8.17.91.sv.po,56c63a5da76b4bf68280a0456080f0a4930e5e04418513d42e61c2b8b6f95418,{}
0362cfc167c51689a1115a19,show compilation defaults,visa standardvärden för kompilering,mailfromd,mailfromd-8.17.91.sv.po,,Bilingual translation changed in reviewed commit: Add reviewed mailfromd 8.17.91 Swedish translation,project-context,83c908ce7388b4059e78e164,review-commit,https://github.com/yeager/translations/blob/4a97a335bb9bb177d69df66255daf277f20b3782/mailfromd/mailfromd-8.17.91.sv.po,56c63a5da76b4bf68280a0456080f0a4930e5e04418513d42e61c2b8b6f95418,{}
049f06634de4d8a0c2635e16,seteuid(0) succeeded when it should not,seteuid(0) lyckades när det inte borde,mailfromd,mailfromd-8.17.91.sv.po,,Bilingual translation changed in reviewed commit: Add reviewed mailfromd 8.17.91 Swedish translation,project-context,f4a8bf9b8318fcb6615fbb51,review-commit,https://github.com/yeager/translations/blob/4a97a335bb9bb177d69df66255daf277f20b3782/mailfromd/mailfromd-8.17.91.sv.po,56c63a5da76b4bf68280a0456080f0a4930e5e04418513d42e61c2b8b6f95418,{}
06fc3a8c2dfbda25e0f70387,stack trace:,stackspårning:,mailfromd,mailfromd-8.17.91.sv.po,,Bilingual translation changed in reviewed commit: Add reviewed mailfromd 8.17.91 Swedish translation,project-context,0882802dd4b5cfca03e1f0f2,review-commit,https://github.com/yeager/translations/blob/4a97a335bb9bb177d69df66255daf277f20b3782/mailfromd/mailfromd-8.17.91.sv.po,56c63a5da76b4bf68280a0456080f0a4930e5e04418513d42e61c2b8b6f95418,{}
073f0c7d946f4bac775be311,sieve called from here,sikt som kallas härifrån,mailfromd,mailfromd-8.17.91.sv.po,,Bilingual translation changed in reviewed commit: Add reviewed mailfromd 8.17.91 Swedish translation,project-context,c16906a9abad84b2280a8e57,review-commit,https://github.com/yeager/translations/blob/4a97a335bb9bb177d69df66255daf277f20b3782/mailfromd/mailfromd-8.17.91.sv.po,56c63a5da76b4bf68280a0456080f0a4930e5e04418513d42e61c2b8b6f95418,{}
090987df8e5190f6996c30e0,Maximum number of stream descriptors.,Maximalt antal stream descriptors.,mailfromd,mailfromd-8.17.91.sv.po,,Bilingual translation changed in reviewed commit: Add reviewed mailfromd 8.17.91 Swedish translation,project-context,19ad3fc5b5aaddb6b73c8a9d,review-commit,https://github.com/yeager/translations/blob/4a97a335bb9bb177d69df66255daf277f20b3782/mailfromd/mailfromd-8.17.91.sv.po,56c63a5da76b4bf68280a0456080f0a4930e5e04418513d42e61c2b8b6f95418,{}
0a1ea719a0444e44af4357d4,calloutd -- a call out server,calloutd -- en utropsserver,mailfromd,mailfromd-8.17.91.sv.po,,Bilingual translation changed in reviewed commit: Add reviewed mailfromd 8.17.91 Swedish translation,project-context,3ac675a767719d2c488d94a7,review-commit,https://github.com/yeager/translations/blob/4a97a335bb9bb177d69df66255daf277f20b3782/mailfromd/mailfromd-8.17.91.sv.po,56c63a5da76b4bf68280a0456080f0a4930e5e04418513d42e61c2b8b6f95418,{}
0a39c1d33b1a681728e042dd,cannot define variable of unspecified type,kan inte definiera variabel av ospecificerad typ,mailfromd,mailfromd-8.17.91.sv.po,,Bilingual translation changed in reviewed commit: Add reviewed mailfromd 8.17.91 Swedish translation,project-context,817ff3f326cad8eb4b96993b,review-commit,https://github.com/yeager/translations/blob/4a97a335bb9bb177d69df66255daf277f20b3782/mailfromd/mailfromd-8.17.91.sv.po,56c63a5da76b4bf68280a0456080f0a4930e5e04418513d42e61c2b8b6f95418,{}
0bc54e70a175c71bff81aa15,Initial SMTP connection timeout.,Initial tidsgräns för SMTP-anslutning.,mailfromd,mailfromd-8.17.91.sv.po,,Bilingual translation changed in reviewed commit: Add reviewed mailfromd 8.17.91 Swedish translation,project-context,a6767939cb611bba979899a3,review-commit,https://github.com/yeager/translations/blob/4a97a335bb9bb177d69df66255daf277f20b3782/mailfromd/mailfromd-8.17.91.sv.po,56c63a5da76b4bf68280a0456080f0a4930e5e04418513d42e61c2b8b6f95418,{}
0bec3e68f304131d6d6412af,path: string,sökväg: sträng,mailfromd,mailfromd-8.17.91.sv.po,,Bilingual translation changed in reviewed commit: Add reviewed mailfromd 8.17.91 Swedish translation,project-context,3384c5d27d93e13045c25bd5,review-commit,https://github.com/yeager/translations/blob/4a97a335bb9bb177d69df66255daf277f20b3782/mailfromd/mailfromd-8.17.91.sv.po,56c63a5da76b4bf68280a0456080f0a4930e5e04418513d42e61c2b8b6f95418,{}
0c0118566629f92fb890e0ed,ident,identifierare,mailfromd,mailfromd-8.17.91.sv.po,,Bilingual translation changed in reviewed commit: Add reviewed mailfromd 8.17.91 Swedish translation,project-context,d48946d3d9bc42bb2f4012ce,review-commit,https://github.com/yeager/translations/blob/4a97a335bb9bb177d69df66255daf277f20b3782/mailfromd/mailfromd-8.17.91.sv.po,56c63a5da76b4bf68280a0456080f0a4930e5e04418513d42e61c2b8b6f95418,{}
0d32778d8f64672b8056253b,set new program state directory,ställa in nytt program statskatalog,mailfromd,mailfromd-8.17.91.sv.po,,Bilingual translation changed in reviewed commit: Add reviewed mailfromd 8.17.91 Swedish translation,project-context,1c9d2575bc625eedc84e0370,review-commit,https://github.com/yeager/translations/blob/4a97a335bb9bb177d69df66255daf277f20b3782/mailfromd/mailfromd-8.17.91.sv.po,56c63a5da76b4bf68280a0456080f0a4930e5e04418513d42e61c2b8b6f95418,{}
0d58fa268c1a21e4714dd3a4,`precious' used with func,"""värdefull"" används med func",mailfromd,mailfromd-8.17.91.sv.po,,Bilingual translation changed in reviewed commit: Add reviewed mailfromd 8.17.91 Swedish translation,project-context,6136d8c25810b953571726c8,review-commit,https://github.com/yeager/translations/blob/4a97a335bb9bb177d69df66255daf277f20b3782/mailfromd/mailfromd-8.17.91.sv.po,56c63a5da76b4bf68280a0456080f0a4930e5e04418513d42e61c2b8b6f95418,{}
0f1f5c7fffaf9a0b21945690,use either --stdio or --daemon,använd antingen --stdio eller --daemon,mailfromd,mailfromd-8.17.91.sv.po,,Bilingual translation changed in reviewed commit: Add reviewed mailfromd 8.17.91 Swedish translation,project-context,8f9588c6726159e6ac89fef0,review-commit,https://github.com/yeager/translations/blob/4a97a335bb9bb177d69df66255daf277f20b3782/mailfromd/mailfromd-8.17.91.sv.po,56c63a5da76b4bf68280a0456080f0a4930e5e04418513d42e61c2b8b6f95418,{}
0fa26c536632bab02867ec68,Reuse existing socket (default).,Återanvänd befintligt uttag (standard).,mailfromd,mailfromd-8.17.91.sv.po,,Bilingual translation changed in reviewed commit: Add reviewed mailfromd 8.17.91 Swedish translation,project-context,60f14c4852d2e56d5c429141,review-commit,https://github.com/yeager/translations/blob/4a97a335bb9bb177d69df66255daf277f20b3782/mailfromd/mailfromd-8.17.91.sv.po,56c63a5da76b4bf68280a0456080f0a4930e5e04418513d42e61c2b8b6f95418,{}
100271beb2f286777db68f6a,set callout socket,inställd utropsteckning,mailfromd,mailfromd-8.17.91.sv.po,,Bilingual translation changed in reviewed commit: Add reviewed mailfromd 8.17.91 Swedish translation,project-context,d47cc87c61959b9469aa3516,review-commit,https://github.com/yeager/translations/blob/4a97a335bb9bb177d69df66255daf277f20b3782/mailfromd/mailfromd-8.17.91.sv.po,56c63a5da76b4bf68280a0456080f0a4930e5e04418513d42e61c2b8b6f95418,{}
10884317da5523541f22e70d,group: string,grupp: sträng,mailfromd,mailfromd-8.17.91.sv.po,,Bilingual translation changed in reviewed commit: Add reviewed mailfromd 8.17.91 Swedish translation,project-context,9a1a1179dab4839afc174bd0,review-commit,https://github.com/yeager/translations/blob/4a97a335bb9bb177d69df66255daf277f20b3782/mailfromd/mailfromd-8.17.91.sv.po,56c63a5da76b4bf68280a0456080f0a4930e5e04418513d42e61c2b8b6f95418,{}
108d1c6a411a5ca047e97ff8,Command modifiers,Kommandomodifierare,mailfromd,mailfromd-8.17.91.sv.po,,Bilingual translation changed in reviewed commit: Add reviewed mailfromd 8.17.91 Swedish translation,project-context,3ec0055ffc2a894698371235,review-commit,https://github.com/yeager/translations/blob/4a97a335bb9bb177d69df66255daf277f20b3782/mailfromd/mailfromd-8.17.91.sv.po,56c63a5da76b4bf68280a0456080f0a4930e5e04418513d42e61c2b8b6f95418,{}
1158241f5e634ab31ae12cac,arguments are ignored for accept,argument ignoreras för accept,mailfromd,mailfromd-8.17.91.sv.po,,Bilingual translation changed in reviewed commit: Add reviewed mailfromd 8.17.91 Swedish translation,project-context,1d39672c4a5c9747965527a0,review-commit,https://github.com/yeager/translations/blob/4a97a335bb9bb177d69df66255daf277f20b3782/mailfromd/mailfromd-8.17.91.sv.po,56c63a5da76b4bf68280a0456080f0a4930e5e04418513d42e61c2b8b6f95418,{}
121633d5a33f0c0894b47a34,Server-dependent options,Serverberoende alternativ,mailfromd,mailfromd-8.17.91.sv.po,,Bilingual translation changed in reviewed commit: Add reviewed mailfromd 8.17.91 Swedish translation,project-context,a193f4a2514d21b8be1d434a,review-commit,https://github.com/yeager/translations/blob/4a97a335bb9bb177d69df66255daf277f20b3782/mailfromd/mailfromd-8.17.91.sv.po,56c63a5da76b4bf68280a0456080f0a4930e5e04418513d42e61c2b8b6f95418,{}
121e7d1dbde836f3da54aea0,Maximum number of threads (hard limit).,Maximalt antal trådar (hård gräns).,mailfromd,mailfromd-8.17.91.sv.po,,Bilingual translation changed in reviewed commit: Add reviewed mailfromd 8.17.91 Swedish translation,project-context,bc6a1551eb2fa958047de5a3,review-commit,https://github.com/yeager/translations/blob/4a97a335bb9bb177d69df66255daf277f20b3782/mailfromd/mailfromd-8.17.91.sv.po,56c63a5da76b4bf68280a0456080f0a4930e5e04418513d42e61c2b8b6f95418,{}
12f84b31d4f0faa5a089169f,mtasim -- MTA simulator for mailfromd,mtasim -- MTA-simulator för mailfromd,mailfromd,mailfromd-8.17.91.sv.po,,Bilingual translation changed in reviewed commit: Add reviewed mailfromd 8.17.91 Swedish translation,project-context,bae2b27ba4409bfc86a0e98e,review-commit,https://github.com/yeager/translations/blob/4a97a335bb9bb177d69df66255daf277f20b3782/mailfromd/mailfromd-8.17.91.sv.po,56c63a5da76b4bf68280a0456080f0a4930e5e04418513d42e61c2b8b6f95418,{}
13873719c8d2183c6f4af631,malformed data list,missbildad datalista,mailfromd,mailfromd-8.17.91.sv.po,,Bilingual translation changed in reviewed commit: Add reviewed mailfromd 8.17.91 Swedish translation,project-context,31bfb907414ffd17f99cf445,review-commit,https://github.com/yeager/translations/blob/4a97a335bb9bb177d69df66255daf277f20b3782/mailfromd/mailfromd-8.17.91.sv.po,56c63a5da76b4bf68280a0456080f0a4930e5e04418513d42e61c2b8b6f95418,{}
13a4b3d79091591ad5b8fa07,load library,ladda bibliotek,mailfromd,mailfromd-8.17.91.sv.po,,Bilingual translation changed in reviewed commit: Add reviewed mailfromd 8.17.91 Swedish translation,project-context,72b16801f1e0c25c5783d750,review-commit,https://github.com/yeager/translations/blob/4a97a335bb9bb177d69df66255daf277f20b3782/mailfromd/mailfromd-8.17.91.sv.po,56c63a5da76b4bf68280a0456080f0a4930e5e04418513d42e61c2b8b6f95418,{}
15d94f48e26c0e9a17f0293a,unsupported address family,adressfamilj som inte stöds,mailfromd,mailfromd-8.17.91.sv.po,,Bilingual translation changed in reviewed commit: Add reviewed mailfromd 8.17.91 Swedish translation,project-context,9da21fc6b9c5e302a86e5c93,review-commit,https://github.com/yeager/translations/blob/4a97a335bb9bb177d69df66255daf277f20b3782/mailfromd/mailfromd-8.17.91.sv.po,56c63a5da76b4bf68280a0456080f0a4930e5e04418513d42e61c2b8b6f95418,{}
183a4e9d794ce7a0b060f1bc,FILE,ORDER,mailfromd,mailfromd-8.17.91.sv.po,,Bilingual translation changed in reviewed commit: Add reviewed mailfromd 8.17.91 Swedish translation,project-context,d9e8fa9189e76926c86128a9,review-commit,https://github.com/yeager/translations/blob/4a97a335bb9bb177d69df66255daf277f20b3782/mailfromd/mailfromd-8.17.91.sv.po,56c63a5da76b4bf68280a0456080f0a4930e5e04418513d42e61c2b8b6f95418,{}
1bfeae5cc77fd8e2dc736150,buffer,buffert,mailfromd,mailfromd-8.17.91.sv.po,,Bilingual translation changed in reviewed commit: Add reviewed mailfromd 8.17.91 Swedish translation,project-context,9ed2035a93de2b67834265cf,review-commit,https://github.com/yeager/translations/blob/4a97a335bb9bb177d69df66255daf277f20b3782/mailfromd/mailfromd-8.17.91.sv.po,56c63a5da76b4bf68280a0456080f0a4930e5e04418513d42e61c2b8b6f95418,{}
1c63a11cd6f5870c599d9371,malformed #line statement,felformad #line-sats,mailfromd,mailfromd-8.17.91.sv.po,,Bilingual translation changed in reviewed commit: Add reviewed mailfromd 8.17.91 Swedish translation,project-context,c6e12b24978d12b8661702a5,review-commit,https://github.com/yeager/translations/blob/4a97a335bb9bb177d69df66255daf277f20b3782/mailfromd/mailfromd-8.17.91.sv.po,56c63a5da76b4bf68280a0456080f0a4930e5e04418513d42e61c2b8b6f95418,{}
1d98c3feb2e3b94c2849737e,set code optimization level,ställa in kodoptimeringsnivå,mailfromd,mailfromd-8.17.91.sv.po,,Bilingual translation changed in reviewed commit: Add reviewed mailfromd 8.17.91 Swedish translation,project-context,7ad803b147ede70463936873,review-commit,https://github.com/yeager/translations/blob/4a97a335bb9bb177d69df66255daf277f20b3782/mailfromd/mailfromd-8.17.91.sv.po,56c63a5da76b4bf68280a0456080f0a4930e5e04418513d42e61c2b8b6f95418,{}
1eeb55f51351a85db49074fe,no more mailboxes available,inga fler brevlådor tillgängliga,mailfromd,mailfromd-8.17.91.sv.po,,Bilingual translation changed in reviewed commit: Add reviewed mailfromd 8.17.91 Swedish translation,project-context,5c7a27a3809665728d56c20a,review-commit,https://github.com/yeager/translations/blob/4a97a335bb9bb177d69df66255daf277f20b3782/mailfromd/mailfromd-8.17.91.sv.po,56c63a5da76b4bf68280a0456080f0a4930e5e04418513d42e61c2b8b6f95418,{}
1f84816014fe4b0d4c515556,no more library slots available,inga fler biblioteksplatser tillgängliga,mailfromd,mailfromd-8.17.91.sv.po,,Bilingual translation changed in reviewed commit: Add reviewed mailfromd 8.17.91 Swedish translation,project-context,ca1edb850ae897f85f12075b,review-commit,https://github.com/yeager/translations/blob/4a97a335bb9bb177d69df66255daf277f20b3782/mailfromd/mailfromd-8.17.91.sv.po,56c63a5da76b4bf68280a0456080f0a4930e5e04418513d42e61c2b8b6f95418,{}
2026a3eb47c05353341c5f1e,duplicate loop increment,duplicera slinga inkrement,mailfromd,mailfromd-8.17.91.sv.po,,Bilingual translation changed in reviewed commit: Add reviewed mailfromd 8.17.91 Swedish translation,project-context,e2dedb1c52d7fad5c38ec67f,review-commit,https://github.com/yeager/translations/blob/4a97a335bb9bb177d69df66255daf277f20b3782/mailfromd/mailfromd-8.17.91.sv.po,56c63a5da76b4bf68280a0456080f0a4930e5e04418513d42e61c2b8b6f95418,{}
225dfdabe46684955b1e7f6c,Database management commands,Kommandon för databashantering,mailfromd,mailfromd-8.17.91.sv.po,,Bilingual translation changed in reviewed commit: Add reviewed mailfromd 8.17.91 Swedish translation,project-context,321a02f2fcaba925670c5385,review-commit,https://github.com/yeager/translations/blob/4a97a335bb9bb177d69df66255daf277f20b3782/mailfromd/mailfromd-8.17.91.sv.po,56c63a5da76b4bf68280a0456080f0a4930e5e04418513d42e61c2b8b6f95418,{}
228e3baeb904b31304dea4a3,list given database (default cache),lista given databas (standard cache),mailfromd,mailfromd-8.17.91.sv.po,,Bilingual translation changed in reviewed commit: Add reviewed mailfromd 8.17.91 Swedish translation,project-context,6d466e907073a79e89a77dac,review-commit,https://github.com/yeager/translations/blob/4a97a335bb9bb177d69df66255daf277f20b3782/mailfromd/mailfromd-8.17.91.sv.po,56c63a5da76b4bf68280a0456080f0a4930e5e04418513d42e61c2b8b6f95418,{}
2346e5bfb556fe0831f67321,duplicate default statement,duplicera standarduttalande,mailfromd,mailfromd-8.17.91.sv.po,,Bilingual translation changed in reviewed commit: Add reviewed mailfromd 8.17.91 Swedish translation,project-context,fb8cfddb97c19f3c0ccbb858,review-commit,https://github.com/yeager/translations/blob/4a97a335bb9bb177d69df66255daf277f20b3782/mailfromd/mailfromd-8.17.91.sv.po,56c63a5da76b4bf68280a0456080f0a4930e5e04418513d42e61c2b8b6f95418,{}
2397ff07848f36691c81e5c8,DNS reply table full,DNS-svarstabell full,mailfromd,mailfromd-8.17.91.sv.po,,Bilingual translation changed in reviewed commit: Add reviewed mailfromd 8.17.91 Swedish translation,project-context,efae5a11650795155d662266,review-commit,https://github.com/yeager/translations/blob/4a97a335bb9bb177d69df66255daf277f20b3782/mailfromd/mailfromd-8.17.91.sv.po,56c63a5da76b4bf68280a0456080f0a4930e5e04418513d42e61c2b8b6f95418,{}
244c9c1ec6dfa1a02f9320fe,not enough memory,inte tillräckligt med minne,mailfromd,mailfromd-8.17.91.sv.po,,Bilingual translation changed in reviewed commit: Add reviewed mailfromd 8.17.91 Swedish translation,project-context,4bf09d8c44d6c2986944d1b4,review-commit,https://github.com/yeager/translations/blob/4a97a335bb9bb177d69df66255daf277f20b3782/mailfromd/mailfromd-8.17.91.sv.po,56c63a5da76b4bf68280a0456080f0a4930e5e04418513d42e61c2b8b6f95418,{}
24ea32cae80b1b01dbed2dc7,`break' used outside of `loop',`break' används utanför `loop',mailfromd,mailfromd-8.17.91.sv.po,,Bilingual translation changed in reviewed commit: Add reviewed mailfromd 8.17.91 Swedish translation,project-context,6da7fc80e4ca8741bbe7d1d0,review-commit,https://github.com/yeager/translations/blob/4a97a335bb9bb177d69df66255daf277f20b3782/mailfromd/mailfromd-8.17.91.sv.po,56c63a5da76b4bf68280a0456080f0a4930e5e04418513d42e61c2b8b6f95418,{}
255382c641d44298fc77b628,Default database type,Standardtyp av databas,mailfromd,mailfromd-8.17.91.sv.po,,Bilingual translation changed in reviewed commit: Add reviewed mailfromd 8.17.91 Swedish translation,project-context,9af3243dacf4336ed2a57b97,review-commit,https://github.com/yeager/translations/blob/4a97a335bb9bb177d69df66255daf277f20b3782/mailfromd/mailfromd-8.17.91.sv.po,56c63a5da76b4bf68280a0456080f0a4930e5e04418513d42e61c2b8b6f95418,{}
26990e8e64bafe0d5aab5283,`static' and `public' used together,`static' och `public' används tillsammans,mailfromd,mailfromd-8.17.91.sv.po,,Bilingual translation changed in reviewed commit: Add reviewed mailfromd 8.17.91 Swedish translation,project-context,dd665f462402dae6bdcf57b8,review-commit,https://github.com/yeager/translations/blob/4a97a335bb9bb177d69df66255daf277f20b3782/mailfromd/mailfromd-8.17.91.sv.po,56c63a5da76b4bf68280a0456080f0a4930e5e04418513d42e61c2b8b6f95418,{}
27e897d93e55af109af80b58,buffer size out of allowed range,buffertstorlek utanför tillåtet intervall,mailfromd,mailfromd-8.17.91.sv.po,,Bilingual translation changed in reviewed commit: Add reviewed mailfromd 8.17.91 Swedish translation,project-context,7a78e9f8798ccb15f9b13f5b,review-commit,https://github.com/yeager/translations/blob/4a97a335bb9bb177d69df66255daf277f20b3782/mailfromd/mailfromd-8.17.91.sv.po,56c63a5da76b4bf68280a0456080f0a4930e5e04418513d42e61c2b8b6f95418,{}
2824e95a28c00ec170e84818,too few arguments in pragma,för få argument i pragma,mailfromd,mailfromd-8.17.91.sv.po,,Bilingual translation changed in reviewed commit: Add reviewed mailfromd 8.17.91 Swedish translation,project-context,a2b916624ce102dbff59fa0f,review-commit,https://github.com/yeager/translations/blob/4a97a335bb9bb177d69df66255daf277f20b3782/mailfromd/mailfromd-8.17.91.sv.po,56c63a5da76b4bf68280a0456080f0a4930e5e04418513d42e61c2b8b6f95418,{}
28cc8dab453793fa247f19d2,Preprocessor command line stub.,Preprocessor kommandoradsstub.,mailfromd,mailfromd-8.17.91.sv.po,,Bilingual translation changed in reviewed commit: Add reviewed mailfromd 8.17.91 Swedish translation,project-context,6a2965242b2592128c3e56c9,review-commit,https://github.com/yeager/translations/blob/4a97a335bb9bb177d69df66255daf277f20b3782/mailfromd/mailfromd-8.17.91.sv.po,56c63a5da76b4bf68280a0456080f0a4930e5e04418513d42e61c2b8b6f95418,{}
295d1401659b1f010f4cc8d7,Configuration modifiers,Konfigurationsmodifierare,mailfromd,mailfromd-8.17.91.sv.po,,Bilingual translation changed in reviewed commit: Add reviewed mailfromd 8.17.91 Swedish translation,project-context,5ac126b66d7946e2073d91b6,review-commit,https://github.com/yeager/translations/blob/4a97a335bb9bb177d69df66255daf277f20b3782/mailfromd/mailfromd-8.17.91.sv.po,56c63a5da76b4bf68280a0456080f0a4930e5e04418513d42e61c2b8b6f95418,{}
2a9aa172a6172d11799d1e77,expression evaluates to unspecified data type,uttrycket utvärderas till ospecificerad datatyp,mailfromd,mailfromd-8.17.91.sv.po,,Bilingual translation changed in reviewed commit: Add reviewed mailfromd 8.17.91 Swedish translation,project-context,710856da04d2aa55f998ff80,review-commit,https://github.com/yeager/translations/blob/4a97a335bb9bb177d69df66255daf277f20b3782/mailfromd/mailfromd-8.17.91.sv.po,56c63a5da76b4bf68280a0456080f0a4930e5e04418513d42e61c2b8b6f95418,{}
2b98b706d7a53f426891c209,too many arguments,för många argument,mailfromd,mailfromd-8.17.91.sv.po,,Bilingual translation changed in reviewed commit: Add reviewed mailfromd 8.17.91 Swedish translation,project-context,dfa4f15900ffa30d96000958,review-commit,https://github.com/yeager/translations/blob/4a97a335bb9bb177d69df66255daf277f20b3782/mailfromd/mailfromd-8.17.91.sv.po,56c63a5da76b4bf68280a0456080f0a4930e5e04418513d42e61c2b8b6f95418,{}
2c15cb77b29183ab0d1fbcfe,initializer element is not numeric,initialiseringselementet är inte numeriskt,mailfromd,mailfromd-8.17.91.sv.po,,Bilingual translation changed in reviewed commit: Add reviewed mailfromd 8.17.91 Swedish translation,project-context,6f10bc4b89185ff4577bc7ef,review-commit,https://github.com/yeager/translations/blob/4a97a335bb9bb177d69df66255daf277f20b3782/mailfromd/mailfromd-8.17.91.sv.po,56c63a5da76b4bf68280a0456080f0a4930e5e04418513d42e61c2b8b6f95418,{}
2d8bb4ac8162e738d46b2ed8,communicate with Milter PORT,kommunicera med Milter PORT,mailfromd,mailfromd-8.17.91.sv.po,,Bilingual translation changed in reviewed commit: Add reviewed mailfromd 8.17.91 Swedish translation,project-context,bf135d6a8cd8f90e9cb2ae66,review-commit,https://github.com/yeager/translations/blob/4a97a335bb9bb177d69df66255daf277f20b3782/mailfromd/mailfromd-8.17.91.sv.po,56c63a5da76b4bf68280a0456080f0a4930e5e04418513d42e61c2b8b6f95418,{}
2eae328e9c6d1d4bc48a50cb,misplaced `module',felplacerad `modul',mailfromd,mailfromd-8.17.91.sv.po,,Bilingual translation changed in reviewed commit: Add reviewed mailfromd 8.17.91 Swedish translation,project-context,538fd64accf4a8176728d280,review-commit,https://github.com/yeager/translations/blob/4a97a335bb9bb177d69df66255daf277f20b3782/mailfromd/mailfromd-8.17.91.sv.po,56c63a5da76b4bf68280a0456080f0a4930e5e04418513d42e61c2b8b6f95418,{}
308d3cd609948beaf1abf75e,MODE,LÄGE,mailfromd,mailfromd-8.17.91.sv.po,,Bilingual translation changed in reviewed commit: Add reviewed mailfromd 8.17.91 Swedish translation,project-context,f6ed469a621566ea39a48649,review-commit,https://github.com/yeager/translations/blob/4a97a335bb9bb177d69df66255daf277f20b3782/mailfromd/mailfromd-8.17.91.sv.po,56c63a5da76b4bf68280a0456080f0a4930e5e04418513d42e61c2b8b6f95418,{}
3320b17c9c9c40f47a6f1d16,too many arguments in pragma,för många argument i pragma,mailfromd,mailfromd-8.17.91.sv.po,,Bilingual translation changed in reviewed commit: Add reviewed mailfromd 8.17.91 Swedish translation,project-context,7a84bf769f046bd07362eefb,review-commit,https://github.com/yeager/translations/blob/4a97a335bb9bb177d69df66255daf277f20b3782/mailfromd/mailfromd-8.17.91.sv.po,56c63a5da76b4bf68280a0456080f0a4930e5e04418513d42e61c2b8b6f95418,{}
33413f2e8a86106b00cbf5e1,set Milter protocol capabilities,ställa in Milter-protokollets kapacitet,mailfromd,mailfromd-8.17.91.sv.po,,Bilingual translation changed in reviewed commit: Add reviewed mailfromd 8.17.91 Swedish translation,project-context,b447079a4e5d7f2505f0c380,review-commit,https://github.com/yeager/translations/blob/4a97a335bb9bb177d69df66255daf277f20b3782/mailfromd/mailfromd-8.17.91.sv.po,56c63a5da76b4bf68280a0456080f0a4930e5e04418513d42e61c2b8b6f95418,{}
3386f20ef3031d5e6c6d0820,run with this user privileges,körs med dessa användarrättigheter,mailfromd,mailfromd-8.17.91.sv.po,,Bilingual translation changed in reviewed commit: Add reviewed mailfromd 8.17.91 Swedish translation,project-context,fe9923f93e52d59d713f237a,review-commit,https://github.com/yeager/translations/blob/4a97a335bb9bb177d69df66255daf277f20b3782/mailfromd/mailfromd-8.17.91.sv.po,56c63a5da76b4bf68280a0456080f0a4930e5e04418513d42e61c2b8b6f95418,{}
34f400c3048995cfaa7a67f2,program started without full file name,program startat utan fullständigt filnamn,mailfromd,mailfromd-8.17.91.sv.po,,Bilingual translation changed in reviewed commit: Add reviewed mailfromd 8.17.91 Swedish translation,project-context,d7f81047dc3a39bddea92722,review-commit,https://github.com/yeager/translations/blob/4a97a335bb9bb177d69df66255daf277f20b3782/mailfromd/mailfromd-8.17.91.sv.po,56c63a5da76b4bf68280a0456080f0a4930e5e04418513d42e61c2b8b6f95418,{}
35122ec5740f6dd9ec2d0f9b,Size of queue of pending connections.,Storlek på kön med väntande anslutningar.,mailfromd,mailfromd-8.17.91.sv.po,,Bilingual translation changed in reviewed commit: Add reviewed mailfromd 8.17.91 Swedish translation,project-context,f274d39cf3fb76ba88276b3a,review-commit,https://github.com/yeager/translations/blob/4a97a335bb9bb177d69df66255daf277f20b3782/mailfromd/mailfromd-8.17.91.sv.po,56c63a5da76b4bf68280a0456080f0a4930e5e04418513d42e61c2b8b6f95418,{}
3550dceea1409aa0c44338bb,dump grammar traces,dumpa grammatiska spår,mailfromd,mailfromd-8.17.91.sv.po,,Bilingual translation changed in reviewed commit: Add reviewed mailfromd 8.17.91 Swedish translation,project-context,1b244fc19a4a0af7279de14e,review-commit,https://github.com/yeager/translations/blob/4a97a335bb9bb177d69df66255daf277f20b3782/mailfromd/mailfromd-8.17.91.sv.po,56c63a5da76b4bf68280a0456080f0a4930e5e04418513d42e61c2b8b6f95418,{}
358732c51f3e04a84eb8bf73,DNS resolver configuration.,Konfiguration av DNS-resolver.,mailfromd,mailfromd-8.17.91.sv.po,,Bilingual translation changed in reviewed commit: Add reviewed mailfromd 8.17.91 Swedish translation,project-context,91274d2cc1b077eb219e08c4,review-commit,https://github.com/yeager/translations/blob/4a97a335bb9bb177d69df66255daf277f20b3782/mailfromd/mailfromd-8.17.91.sv.po,56c63a5da76b4bf68280a0456080f0a4930e5e04418513d42e61c2b8b6f95418,{}
3637328acc317fd7b4c9a283,unexpected list,oväntad lista,mailfromd,mailfromd-8.17.91.sv.po,,Bilingual translation changed in reviewed commit: Add reviewed mailfromd 8.17.91 Swedish translation,project-context,954d5abe5956927c6245dd75,review-commit,https://github.com/yeager/translations/blob/4a97a335bb9bb177d69df66255daf277f20b3782/mailfromd/mailfromd-8.17.91.sv.po,56c63a5da76b4bf68280a0456080f0a4930e5e04418513d42e61c2b8b6f95418,{}
38bf0d7762a66f35b8dd913d,show used Sendmail macros,visa använda Sendmail-makron,mailfromd,mailfromd-8.17.91.sv.po,,Bilingual translation changed in reviewed commit: Add reviewed mailfromd 8.17.91 Swedish translation,project-context,6ff9fd186835f88ac19a6c40,review-commit,https://github.com/yeager/translations/blob/4a97a335bb9bb177d69df66255daf277f20b3782/mailfromd/mailfromd-8.17.91.sv.po,56c63a5da76b4bf68280a0456080f0a4930e5e04418513d42e61c2b8b6f95418,{}
3afe7e60986526deb4d15547,addr,adress,mailfromd,mailfromd-8.17.91.sv.po,,Bilingual translation changed in reviewed commit: Add reviewed mailfromd 8.17.91 Swedish translation,project-context,2eb3380d5b5384ee613609ee,review-commit,https://github.com/yeager/translations/blob/4a97a335bb9bb177d69df66255daf277f20b3782/mailfromd/mailfromd-8.17.91.sv.po,56c63a5da76b4bf68280a0456080f0a4930e5e04418513d42e61c2b8b6f95418,{}
3c911b96ed0dab22e43f8ef3,no more database entries available,inga fler databasposter tillgängliga,mailfromd,mailfromd-8.17.91.sv.po,,Bilingual translation changed in reviewed commit: Add reviewed mailfromd 8.17.91 Swedish translation,project-context,b008b6389f6ec6ef6b72258a,review-commit,https://github.com/yeager/translations/blob/4a97a335bb9bb177d69df66255daf277f20b3782/mailfromd/mailfromd-8.17.91.sv.po,56c63a5da76b4bf68280a0456080f0a4930e5e04418513d42e61c2b8b6f95418,{}
3da9e6eba14b6d6218642f27,assign VALUE to VAR,tilldela VALUE till VAR,mailfromd,mailfromd-8.17.91.sv.po,,Bilingual translation changed in reviewed commit: Add reviewed mailfromd 8.17.91 Swedish translation,project-context,8d0e247e5ca06e1cccc7c5ce,review-commit,https://github.com/yeager/translations/blob/4a97a335bb9bb177d69df66255daf277f20b3782/mailfromd/mailfromd-8.17.91.sv.po,56c63a5da76b4bf68280a0456080f0a4930e5e04418513d42e61c2b8b6f95418,{}
3f05c9cd5367e679196c1f8e,unknown SMTP stage,okänt SMTP-steg,mailfromd,mailfromd-8.17.91.sv.po,,Bilingual translation changed in reviewed commit: Add reviewed mailfromd 8.17.91 Swedish translation,project-context,195a714837c7b77627609f91,review-commit,https://github.com/yeager/translations/blob/4a97a335bb9bb177d69df66255daf277f20b3782/mailfromd/mailfromd-8.17.91.sv.po,56c63a5da76b4bf68280a0456080f0a4930e5e04418513d42e61c2b8b6f95418,{}
3fc10d1e40f4d95365fdb8f8,stack underflow,stack underflöde,mailfromd,mailfromd-8.17.91.sv.po,,Bilingual translation changed in reviewed commit: Add reviewed mailfromd 8.17.91 Swedish translation,project-context,792a53527e953935235f8c05,review-commit,https://github.com/yeager/translations/blob/4a97a335bb9bb177d69df66255daf277f20b3782/mailfromd/mailfromd-8.17.91.sv.po,56c63a5da76b4bf68280a0456080f0a4930e5e04418513d42e61c2b8b6f95418,{}
423d96d78c5983886eb41b18,disable the use of external preprocessor,inaktivera användningen av extern preprocessor,mailfromd,mailfromd-8.17.91.sv.po,,Bilingual translation changed in reviewed commit: Add reviewed mailfromd 8.17.91 Swedish translation,project-context,e034a955432b56b1c20712bd,review-commit,https://github.com/yeager/translations/blob/4a97a335bb9bb177d69df66255daf277f20b3782/mailfromd/mailfromd-8.17.91.sv.po,56c63a5da76b4bf68280a0456080f0a4930e5e04418513d42e61c2b8b6f95418,{}
42781565c91c69f48f3f3539,no built-in private data registered,inga inbyggda privata uppgifter registrerade,mailfromd,mailfromd-8.17.91.sv.po,,Bilingual translation changed in reviewed commit: Add reviewed mailfromd 8.17.91 Swedish translation,project-context,e75d0b6c1581d33849b7c01c,review-commit,https://github.com/yeager/translations/blob/4a97a335bb9bb177d69df66255daf277f20b3782/mailfromd/mailfromd-8.17.91.sv.po,56c63a5da76b4bf68280a0456080f0a4930e5e04418513d42e61c2b8b6f95418,{}
428ecc4b716b053d8f8b3940,Timeout control,Timeout-kontroll,mailfromd,mailfromd-8.17.91.sv.po,,Bilingual translation changed in reviewed commit: Add reviewed mailfromd 8.17.91 Swedish translation,project-context,e4b9299d646918bf71ed0b8b,review-commit,https://github.com/yeager/translations/blob/4a97a335bb9bb177d69df66255daf277f20b3782/mailfromd/mailfromd-8.17.91.sv.po,56c63a5da76b4bf68280a0456080f0a4930e5e04418513d42e61c2b8b6f95418,{}
43330c52fedd1f247b99e744,label,etikett,mailfromd,mailfromd-8.17.91.sv.po,,Bilingual translation changed in reviewed commit: Add reviewed mailfromd 8.17.91 Swedish translation,project-context,eaf1df79a1692ccb32b7ce0e,review-commit,https://github.com/yeager/translations/blob/4a97a335bb9bb177d69df66255daf277f20b3782/mailfromd/mailfromd-8.17.91.sv.po,56c63a5da76b4bf68280a0456080f0a4930e5e04418513d42e61c2b8b6f95418,{}
437f822bf39f65ad3c45b87b,end of file in string,slutet av filen i strängen,mailfromd,mailfromd-8.17.91.sv.po,,Bilingual translation changed in reviewed commit: Add reviewed mailfromd 8.17.91 Swedish translation,project-context,f0b2747fc610ad76ec05a0a0,review-commit,https://github.com/yeager/translations/blob/4a97a335bb9bb177d69df66255daf277f20b3782/mailfromd/mailfromd-8.17.91.sv.po,56c63a5da76b4bf68280a0456080f0a4930e5e04418513d42e61c2b8b6f95418,{}
43888e0c64585fba0cfe75c6,stay in foreground,hålla sig i förgrunden,mailfromd,mailfromd-8.17.91.sv.po,,Bilingual translation changed in reviewed commit: Add reviewed mailfromd 8.17.91 Swedish translation,project-context,9f659f6f35e2b796c1fb46d8,review-commit,https://github.com/yeager/translations/blob/4a97a335bb9bb177d69df66255daf277f20b3782/mailfromd/mailfromd-8.17.91.sv.po,56c63a5da76b4bf68280a0456080f0a4930e5e04418513d42e61c2b8b6f95418,{}
44266a473e13a1573f1c2515,unexpected end of file,oväntat slut på filen,mailfromd,mailfromd-8.17.91.sv.po,,Bilingual translation changed in reviewed commit: Add reviewed mailfromd 8.17.91 Swedish translation,project-context,7678b4a3eb303def1a7d393b,review-commit,https://github.com/yeager/translations/blob/4a97a335bb9bb177d69df66255daf277f20b3782/mailfromd/mailfromd-8.17.91.sv.po,56c63a5da76b4bf68280a0456080f0a4930e5e04418513d42e61c2b8b6f95418,{}
443575b3b91883e966dfbb59,Write PID to this file.,Skriv PID till den här filen.,mailfromd,mailfromd-8.17.91.sv.po,,Bilingual translation changed in reviewed commit: Add reviewed mailfromd 8.17.91 Swedish translation,project-context,9385cd4b26a4f85e11b58db6,review-commit,https://github.com/yeager/translations/blob/4a97a335bb9bb177d69df66255daf277f20b3782/mailfromd/mailfromd-8.17.91.sv.po,56c63a5da76b4bf68280a0456080f0a4930e5e04418513d42e61c2b8b6f95418,{}
497544158d3785289afe39f3,received invalid stage number,fick ogiltigt stegnummer,mailfromd,mailfromd-8.17.91.sv.po,,Bilingual translation changed in reviewed commit: Add reviewed mailfromd 8.17.91 Swedish translation,project-context,bda3cc1c21cee749e17e8bc6,review-commit,https://github.com/yeager/translations/blob/4a97a335bb9bb177d69df66255daf277f20b3782/mailfromd/mailfromd-8.17.91.sv.po,56c63a5da76b4bf68280a0456080f0a4930e5e04418513d42e61c2b8b6f95418,{}
49bc93f2e4db1cb83a5df2d0,initializer element is not constant,initialiseringselementet är inte konstant,mailfromd,mailfromd-8.17.91.sv.po,,Bilingual translation changed in reviewed commit: Add reviewed mailfromd 8.17.91 Swedish translation,project-context,e46e32ac2cac286f2517a53b,review-commit,https://github.com/yeager/translations/blob/4a97a335bb9bb177d69df66255daf277f20b3782/mailfromd/mailfromd-8.17.91.sv.po,56c63a5da76b4bf68280a0456080f0a4930e5e04418513d42e61c2b8b6f95418,{}
4ae012975fb6fd77efc9d924,back reference out of range,bakre referens utanför intervallet,mailfromd,mailfromd-8.17.91.sv.po,,Bilingual translation changed in reviewed commit: Add reviewed mailfromd 8.17.91 Swedish translation,project-context,67c0027f5f64b257d7b55b5e,review-commit,https://github.com/yeager/translations/blob/4a97a335bb9bb177d69df66255daf277f20b3782/mailfromd/mailfromd-8.17.91.sv.po,56c63a5da76b4bf68280a0456080f0a4930e5e04418513d42e61c2b8b6f95418,{}
4b7aef0cafa025142b0be6cf,time: seconds,tid: sekunder,mailfromd,mailfromd-8.17.91.sv.po,,Bilingual translation changed in reviewed commit: Add reviewed mailfromd 8.17.91 Swedish translation,project-context,c7efe5d629e89dd555a0d18c,review-commit,https://github.com/yeager/translations/blob/4a97a335bb9bb177d69df66255daf277f20b3782/mailfromd/mailfromd-8.17.91.sv.po,56c63a5da76b4bf68280a0456080f0a4930e5e04418513d42e61c2b8b6f95418,{}
4bc67c47a2adbf0c69a88dab,recursive inclusion,rekursiv inkludering,mailfromd,mailfromd-8.17.91.sv.po,,Bilingual translation changed in reviewed commit: Add reviewed mailfromd 8.17.91 Swedish translation,project-context,5300674a6e1a1fe523715b99,review-commit,https://github.com/yeager/translations/blob/4a97a335bb9bb177d69df66255daf277f20b3782/mailfromd/mailfromd-8.17.91.sv.po,56c63a5da76b4bf68280a0456080f0a4930e5e04418513d42e61c2b8b6f95418,{}
4c6c4d44d5d2b91e512d3ef2,LEVEL,NIVÅ,mailfromd,mailfromd-8.17.91.sv.po,,Bilingual translation changed in reviewed commit: Add reviewed mailfromd 8.17.91 Swedish translation,project-context,ee14b65203876014ad1ad255,review-commit,https://github.com/yeager/translations/blob/4a97a335bb9bb177d69df66255daf277f20b3782/mailfromd/mailfromd-8.17.91.sv.po,56c63a5da76b4bf68280a0456080f0a4930e5e04418513d42e61c2b8b6f95418,{}
4cf1ebe504d192e55c8f5241,missing module declaration,saknar moduldeklaration,mailfromd,mailfromd-8.17.91.sv.po,,Bilingual translation changed in reviewed commit: Add reviewed mailfromd 8.17.91 Swedish translation,project-context,4f6b2690176584d65484e89b,review-commit,https://github.com/yeager/translations/blob/4a97a335bb9bb177d69df66255daf277f20b3782/mailfromd/mailfromd-8.17.91.sv.po,56c63a5da76b4bf68280a0456080f0a4930e5e04418513d42e61c2b8b6f95418,{}
4d2b3aa65df86e399a747488,end of file reached,slutet av filen har nåtts,mailfromd,mailfromd-8.17.91.sv.po,,Bilingual translation changed in reviewed commit: Add reviewed mailfromd 8.17.91 Swedish translation,project-context,78cf8ae99a4a8875bc11754d,review-commit,https://github.com/yeager/translations/blob/4a97a335bb9bb177d69df66255daf277f20b3782/mailfromd/mailfromd-8.17.91.sv.po,56c63a5da76b4bf68280a0456080f0a4930e5e04418513d42e61c2b8b6f95418,{}
4e309726cb937076b476ae70,url: string,webbadress: sträng,mailfromd,mailfromd-8.17.91.sv.po,,Bilingual translation changed in reviewed commit: Add reviewed mailfromd 8.17.91 Swedish translation,project-context,01f190c290ed41b3853b793f,review-commit,https://github.com/yeager/translations/blob/4a97a335bb9bb177d69df66255daf277f20b3782/mailfromd/mailfromd-8.17.91.sv.po,56c63a5da76b4bf68280a0456080f0a4930e5e04418513d42e61c2b8b6f95418,{}
4e4761d73080b0ae48cd51ed,increase verbosity level,öka ordrikhetsnivån,mailfromd,mailfromd-8.17.91.sv.po,,Bilingual translation changed in reviewed commit: Add reviewed mailfromd 8.17.91 Swedish translation,project-context,12d52653c6e71f40240a4fa5,review-commit,https://github.com/yeager/translations/blob/4a97a335bb9bb177d69df66255daf277f20b3782/mailfromd/mailfromd-8.17.91.sv.po,56c63a5da76b4bf68280a0456080f0a4930e5e04418513d42e61c2b8b6f95418,{}
4ecc9550e0a9bc80652679ff,cannot drop non-root setuid privileges,kan inte släppa setuid-privilegier för icke-root,mailfromd,mailfromd-8.17.91.sv.po,,Bilingual translation changed in reviewed commit: Add reviewed mailfromd 8.17.91 Swedish translation,project-context,9c6a8a8c8155d63391cb8adf,review-commit,https://github.com/yeager/translations/blob/4a97a335bb9bb177d69df66255daf277f20b3782/mailfromd/mailfromd-8.17.91.sv.po,56c63a5da76b4bf68280a0456080f0a4930e5e04418513d42e61c2b8b6f95418,{}
5069bb0b1b31f24ec29bc09e,invalid transform expression,ogiltigt transformationsuttryck,mailfromd,mailfromd-8.17.91.sv.po,,Bilingual translation changed in reviewed commit: Add reviewed mailfromd 8.17.91 Swedish translation,project-context,a63c6eb23bc9be4aa85c6be2,review-commit,https://github.com/yeager/translations/blob/4a97a335bb9bb177d69df66255daf277f20b3782/mailfromd/mailfromd-8.17.91.sv.po,56c63a5da76b4bf68280a0456080f0a4930e5e04418513d42e61c2b8b6f95418,{}
50d8ac0f923963dbce82471f,tempfail extended code should be 4.x.x,tempfail utökad kod bör vara 4.x.x,mailfromd,mailfromd-8.17.91.sv.po,,Bilingual translation changed in reviewed commit: Add reviewed mailfromd 8.17.91 Swedish translation,project-context,c0dfccfe59ed8871430f238c,review-commit,https://github.com/yeager/translations/blob/4a97a335bb9bb177d69df66255daf277f20b3782/mailfromd/mailfromd-8.17.91.sv.po,56c63a5da76b4bf68280a0456080f0a4930e5e04418513d42e61c2b8b6f95418,{}
50f48e534941cc724161f795,invalid dynamic library handle,ogiltigt dynamiskt bibliotekshandtag,mailfromd,mailfromd-8.17.91.sv.po,,Bilingual translation changed in reviewed commit: Add reviewed mailfromd 8.17.91 Swedish translation,project-context,9277500d5425367686b93c6a,review-commit,https://github.com/yeager/translations/blob/4a97a335bb9bb177d69df66255daf277f20b3782/mailfromd/mailfromd-8.17.91.sv.po,56c63a5da76b4bf68280a0456080f0a4930e5e04418513d42e61c2b8b6f95418,{}
510af4d4304cfc52f4bfaecc,Trace executed actions.,Spåra utförda åtgärder.,mailfromd,mailfromd-8.17.91.sv.po,,Bilingual translation changed in reviewed commit: Add reviewed mailfromd 8.17.91 Swedish translation,project-context,54570d2a226a31165249fc34,review-commit,https://github.com/yeager/translations/blob/4a97a335bb9bb177d69df66255daf277f20b3782/mailfromd/mailfromd-8.17.91.sv.po,56c63a5da76b4bf68280a0456080f0a4930e5e04418513d42e61c2b8b6f95418,{}
55159c296c620097d811c7d2,end of file in comment,slutet av filen i kommentar,mailfromd,mailfromd-8.17.91.sv.po,,Bilingual translation changed in reviewed commit: Add reviewed mailfromd 8.17.91 Swedish translation,project-context,6252e690405b54d0188ea495,review-commit,https://github.com/yeager/translations/blob/4a97a335bb9bb177d69df66255daf277f20b3782/mailfromd/mailfromd-8.17.91.sv.po,56c63a5da76b4bf68280a0456080f0a4930e5e04418513d42e61c2b8b6f95418,{}
55221e13185182d5c11e1ae3,Preprocessor options,Alternativ för preprocessor,mailfromd,mailfromd-8.17.91.sv.po,,Bilingual translation changed in reviewed commit: Add reviewed mailfromd 8.17.91 Swedish translation,project-context,e09abfc6c493896d5aa96132,review-commit,https://github.com/yeager/translations/blob/4a97a335bb9bb177d69df66255daf277f20b3782/mailfromd/mailfromd-8.17.91.sv.po,56c63a5da76b4bf68280a0456080f0a4930e5e04418513d42e61c2b8b6f95418,{}
5530d5f5f1d75558dafbd2e5,reject extended code should be 5.x.x,avvisa utökad kod bör vara 5.x.x,mailfromd,mailfromd-8.17.91.sv.po,,Bilingual translation changed in reviewed commit: Add reviewed mailfromd 8.17.91 Swedish translation,project-context,2878f6227a93e4a89702c15d,review-commit,https://github.com/yeager/translations/blob/4a97a335bb9bb177d69df66255daf277f20b3782/mailfromd/mailfromd-8.17.91.sv.po,56c63a5da76b4bf68280a0456080f0a4930e5e04418513d42e61c2b8b6f95418,{}
5555c5698d72d4e1543768f6,can't use dns_reply_ip on non-IPv4 replies,kan inte använda dns_reply_ip för svar som inte är IPv4,mailfromd,mailfromd-8.17.91.sv.po,,Bilingual translation changed in reviewed commit: Add reviewed mailfromd 8.17.91 Swedish translation,project-context,eb93d1d61055352ee4222edb,review-commit,https://github.com/yeager/translations/blob/4a97a335bb9bb177d69df66255daf277f20b3782/mailfromd/mailfromd-8.17.91.sv.po,56c63a5da76b4bf68280a0456080f0a4930e5e04418513d42e61c2b8b6f95418,{}
564bf311aa3f70f13eca8731,element not found in table,elementet hittades inte i tabellen,mailfromd,mailfromd-8.17.91.sv.po,,Bilingual translation changed in reviewed commit: Add reviewed mailfromd 8.17.91 Swedish translation,project-context,dd17450c44f56d018fb10065,review-commit,https://github.com/yeager/translations/blob/4a97a335bb9bb177d69df66255daf277f20b3782/mailfromd/mailfromd-8.17.91.sv.po,56c63a5da76b4bf68280a0456080f0a4930e5e04418513d42e61c2b8b6f95418,{}
5658d27d336370dd3d20ac10,undefine a preprocessor symbol NAME,avdefiniera en preprocessorsymbol NAME,mailfromd,mailfromd-8.17.91.sv.po,,Bilingual translation changed in reviewed commit: Add reviewed mailfromd 8.17.91 Swedish translation,project-context,9c71564b3da6bc807fe25edf,review-commit,https://github.com/yeager/translations/blob/4a97a335bb9bb177d69df66255daf277f20b3782/mailfromd/mailfromd-8.17.91.sv.po,56c63a5da76b4bf68280a0456080f0a4930e5e04418513d42e61c2b8b6f95418,{}
57b7f63e2d3400bbfb2acdd9,restarting session,omstart av session,mailfromd,mailfromd-8.17.91.sv.po,,Bilingual translation changed in reviewed commit: Add reviewed mailfromd 8.17.91 Swedish translation,project-context,e0c5f735afab598210f1b80b,review-commit,https://github.com/yeager/translations/blob/4a97a335bb9bb177d69df66255daf277f20b3782/mailfromd/mailfromd-8.17.91.sv.po,56c63a5da76b4bf68280a0456080f0a4930e5e04418513d42e61c2b8b6f95418,{}
5835b36bd2d3e3556abb223a,send data,skicka data,mailfromd,mailfromd-8.17.91.sv.po,,Bilingual translation changed in reviewed commit: Add reviewed mailfromd 8.17.91 Swedish translation,project-context,a2824efb93df2ce7c0f700dd,review-commit,https://github.com/yeager/translations/blob/4a97a335bb9bb177d69df66255daf277f20b3782/mailfromd/mailfromd-8.17.91.sv.po,56c63a5da76b4bf68280a0456080f0a4930e5e04418513d42e61c2b8b6f95418,{}
585e9fc03c66db9a8323ca4a,invalid file mode,ogiltigt filläge,mailfromd,mailfromd-8.17.91.sv.po,,Bilingual translation changed in reviewed commit: Add reviewed mailfromd 8.17.91 Swedish translation,project-context,b7996e64459a2c3fbaf18470,review-commit,https://github.com/yeager/translations/blob/4a97a335bb9bb177d69df66255daf277f20b3782/mailfromd/mailfromd-8.17.91.sv.po,56c63a5da76b4bf68280a0456080f0a4930e5e04418513d42e61c2b8b6f95418,{}
5910e40c66ab51e1fd54c679,database file name is not given,databasens filnamn anges inte,mailfromd,mailfromd-8.17.91.sv.po,,Bilingual translation changed in reviewed commit: Add reviewed mailfromd 8.17.91 Swedish translation,project-context,d09a6dc36c47ede9c920b8c6,review-commit,https://github.com/yeager/translations/blob/4a97a335bb9bb177d69df66255daf277f20b3782/mailfromd/mailfromd-8.17.91.sv.po,56c63a5da76b4bf68280a0456080f0a4930e5e04418513d42e61c2b8b6f95418,{}
5b5d0b76c6d155b9806312c4,Set connect timeout.,Ställ in tidsgräns för anslutning.,mailfromd,mailfromd-8.17.91.sv.po,,Bilingual translation changed in reviewed commit: Add reviewed mailfromd 8.17.91 Swedish translation,project-context,60e9d3af638e31e52d456d6f,review-commit,https://github.com/yeager/translations/blob/4a97a335bb9bb177d69df66255daf277f20b3782/mailfromd/mailfromd-8.17.91.sv.po,56c63a5da76b4bf68280a0456080f0a4930e5e04418513d42e61c2b8b6f95418,{}
5bcdcd59fab4d3bf93a86145,Set remote client URL.,Ange URL för fjärrklient.,mailfromd,mailfromd-8.17.91.sv.po,,Bilingual translation changed in reviewed commit: Add reviewed mailfromd 8.17.91 Swedish translation,project-context,976175ac47abad0557233297,review-commit,https://github.com/yeager/translations/blob/4a97a335bb9bb177d69df66255daf277f20b3782/mailfromd/mailfromd-8.17.91.sv.po,56c63a5da76b4bf68280a0456080f0a4930e5e04418513d42e61c2b8b6f95418,{}
5c7e9936f666706fb5921b64,imported symbol location,plats för importerad symbol,mailfromd,mailfromd-8.17.91.sv.po,,Bilingual translation changed in reviewed commit: Add reviewed mailfromd 8.17.91 Swedish translation,project-context,645c96fb880ba3812aba7b18,review-commit,https://github.com/yeager/translations/blob/4a97a335bb9bb177d69df66255daf277f20b3782/mailfromd/mailfromd-8.17.91.sv.po,56c63a5da76b4bf68280a0456080f0a4930e5e04418513d42e61c2b8b6f95418,{}
5d6dcd23de423d5aecb3833a,expected string or list of strings,förväntad sträng eller lista med strängar,mailfromd,mailfromd-8.17.91.sv.po,,Bilingual translation changed in reviewed commit: Add reviewed mailfromd 8.17.91 Swedish translation,project-context,9c4e08be7c635dbad68238e9,review-commit,https://github.com/yeager/translations/blob/4a97a335bb9bb177d69df66255daf277f20b3782/mailfromd/mailfromd-8.17.91.sv.po,56c63a5da76b4bf68280a0456080f0a4930e5e04418513d42e61c2b8b6f95418,{}
5dadb70255ace992ee3a304d,Logging and debugging options,Alternativ för loggning och felsökning,mailfromd,mailfromd-8.17.91.sv.po,,Bilingual translation changed in reviewed commit: Add reviewed mailfromd 8.17.91 Swedish translation,project-context,faf09368ce8f2957ca7f5186,review-commit,https://github.com/yeager/translations/blob/4a97a335bb9bb177d69df66255daf277f20b3782/mailfromd/mailfromd-8.17.91.sv.po,56c63a5da76b4bf68280a0456080f0a4930e5e04418513d42e61c2b8b6f95418,{}
5db8008f08a4368c4f183dd3,unsupported mode,läge som inte stöds,mailfromd,mailfromd-8.17.91.sv.po,,Bilingual translation changed in reviewed commit: Add reviewed mailfromd 8.17.91 Swedish translation,project-context,d78be5565cdd46770d16cd34,review-commit,https://github.com/yeager/translations/blob/4a97a335bb9bb177d69df66255daf277f20b3782/mailfromd/mailfromd-8.17.91.sv.po,56c63a5da76b4bf68280a0456080f0a4930e5e04418513d42e61c2b8b6f95418,{}
5e636f754392df1d3c4987a7,run in single-process mode,körs i enprocessläge,mailfromd,mailfromd-8.17.91.sv.po,,Bilingual translation changed in reviewed commit: Add reviewed mailfromd 8.17.91 Swedish translation,project-context,0aa11b81d729e431e22ec8d9,review-commit,https://github.com/yeager/translations/blob/4a97a335bb9bb177d69df66255daf277f20b3782/mailfromd/mailfromd-8.17.91.sv.po,56c63a5da76b4bf68280a0456080f0a4930e5e04418513d42e61c2b8b6f95418,{}
60f37b21f131fda68f7ff3da,log to stderr,logga till stderr,mailfromd,mailfromd-8.17.91.sv.po,,Bilingual translation changed in reviewed commit: Add reviewed mailfromd 8.17.91 Swedish translation,project-context,490efc49f06c1539e3a51655,review-commit,https://github.com/yeager/translations/blob/4a97a335bb9bb177d69df66255daf277f20b3782/mailfromd/mailfromd-8.17.91.sv.po,56c63a5da76b4bf68280a0456080f0a4930e5e04418513d42e61c2b8b6f95418,{}
616352f60a7912918f6284cf,dump parser tree,dumpa parser träd,mailfromd,mailfromd-8.17.91.sv.po,,Bilingual translation changed in reviewed commit: Add reviewed mailfromd 8.17.91 Swedish translation,project-context,a4db12b444bdd8cabf93cfac,review-commit,https://github.com/yeager/translations/blob/4a97a335bb9bb177d69df66255daf277f20b3782/mailfromd/mailfromd-8.17.91.sv.po,56c63a5da76b4bf68280a0456080f0a4930e5e04418513d42e61c2b8b6f95418,{}
638af19673bb06a957dd6bdf,arg: list,arg: lista,mailfromd,mailfromd-8.17.91.sv.po,,Bilingual translation changed in reviewed commit: Add reviewed mailfromd 8.17.91 Swedish translation,project-context,0ef8e2ee4241d73af44891ea,review-commit,https://github.com/yeager/translations/blob/4a97a335bb9bb177d69df66255daf277f20b3782/mailfromd/mailfromd-8.17.91.sv.po,56c63a5da76b4bf68280a0456080f0a4930e5e04418513d42e61c2b8b6f95418,{}
647e57020ef774599a2944ec,Ignored for compatibility with mailfromd,Ignoreras för kompatibilitet med mailfromd,mailfromd,mailfromd-8.17.91.sv.po,,Bilingual translation changed in reviewed commit: Add reviewed mailfromd 8.17.91 Swedish translation,project-context,889f5873ac351e56bd723b67,review-commit,https://github.com/yeager/translations/blob/4a97a335bb9bb177d69df66255daf277f20b3782/mailfromd/mailfromd-8.17.91.sv.po,56c63a5da76b4bf68280a0456080f0a4930e5e04418513d42e61c2b8b6f95418,{}
64d395f02d454ae0b698232e,empty pragma,tom pragma,mailfromd,mailfromd-8.17.91.sv.po,,Bilingual translation changed in reviewed commit: Add reviewed mailfromd 8.17.91 Swedish translation,project-context,29ea57b2cbe2c72a1742a68c,review-commit,https://github.com/yeager/translations/blob/4a97a335bb9bb177d69df66255daf277f20b3782/mailfromd/mailfromd-8.17.91.sv.po,56c63a5da76b4bf68280a0456080f0a4930e5e04418513d42e61c2b8b6f95418,{}
652662d981763606dcefa26a,invalid pidfile name: must be absolute,ogiltigt pidfile-namn: måste vara absolut,mailfromd,mailfromd-8.17.91.sv.po,,Bilingual translation changed in reviewed commit: Add reviewed mailfromd 8.17.91 Swedish translation,project-context,03b69206921346beca214077,review-commit,https://github.com/yeager/translations/blob/4a97a335bb9bb177d69df66255daf277f20b3782/mailfromd/mailfromd-8.17.91.sv.po,56c63a5da76b4bf68280a0456080f0a4930e5e04418513d42e61c2b8b6f95418,{}
656517d8405bb4726f2380af,cannot create gacopyz server,kan inte skapa gacopyz-server,mailfromd,mailfromd-8.17.91.sv.po,,Bilingual translation changed in reviewed commit: Add reviewed mailfromd 8.17.91 Swedish translation,project-context,2d5d4c9918f49f8d28bd1e39,review-commit,https://github.com/yeager/translations/blob/4a97a335bb9bb177d69df66255daf277f20b3782/mailfromd/mailfromd-8.17.91.sv.po,56c63a5da76b4bf68280a0456080f0a4930e5e04418513d42e61c2b8b6f95418,{}
677f2ccdfbabccfe1538d131,mailbox not open,brevlådan inte öppen,mailfromd,mailfromd-8.17.91.sv.po,,Bilingual translation changed in reviewed commit: Add reviewed mailfromd 8.17.91 Swedish translation,project-context,0c955b7effe6b781d546c8f9,review-commit,https://github.com/yeager/translations/blob/4a97a335bb9bb177d69df66255daf277f20b3782/mailfromd/mailfromd-8.17.91.sv.po,56c63a5da76b4bf68280a0456080f0a4930e5e04418513d42e61c2b8b6f95418,{}
67a885d30472f2c0634a06da,Timeout for RSET response.,Timeout för RSET-svar.,mailfromd,mailfromd-8.17.91.sv.po,,Bilingual translation changed in reviewed commit: Add reviewed mailfromd 8.17.91 Swedish translation,project-context,bef0ef5eb38122646539e263,review-commit,https://github.com/yeager/translations/blob/4a97a335bb9bb177d69df66255daf277f20b3782/mailfromd/mailfromd-8.17.91.sv.po,56c63a5da76b4bf68280a0456080f0a4930e5e04418513d42e61c2b8b6f95418,{}
6912e9085cab2c493560c7bc,General options,Allmäna inställningar,mailfromd,mailfromd-8.17.91.sv.po,,Bilingual translation changed in reviewed commit: Add reviewed mailfromd 8.17.91 Swedish translation,project-context,bb283ae6d9cead868f1612c1,review-commit,https://github.com/yeager/translations/blob/4a97a335bb9bb177d69df66255daf277f20b3782/mailfromd/mailfromd-8.17.91.sv.po,56c63a5da76b4bf68280a0456080f0a4930e5e04418513d42e61c2b8b6f95418,{}
6957ecf0e869ca3637bc5baf,replacement set cannot be empty,ersättningssetet kan inte vara tomt,mailfromd,mailfromd-8.17.91.sv.po,,Bilingual translation changed in reviewed commit: Add reviewed mailfromd 8.17.91 Swedish translation,project-context,e6e1b71321f300a8b5ec495a,review-commit,https://github.com/yeager/translations/blob/4a97a335bb9bb177d69df66255daf277f20b3782/mailfromd/mailfromd-8.17.91.sv.po,56c63a5da76b4bf68280a0456080f0a4930e5e04418513d42e61c2b8b6f95418,{}
69d510faab7dfecac60ebf9c,set name of the trace file,ange namn på spårningsfilen,mailfromd,mailfromd-8.17.91.sv.po,,Bilingual translation changed in reviewed commit: Add reviewed mailfromd 8.17.91 Swedish translation,project-context,39f2824cd135987b4f366206,review-commit,https://github.com/yeager/translations/blob/4a97a335bb9bb177d69df66255daf277f20b3782/mailfromd/mailfromd-8.17.91.sv.po,56c63a5da76b4bf68280a0456080f0a4930e5e04418513d42e61c2b8b6f95418,{}
6d60e1c24a74e045578ec690,invalid database descriptor,ogiltig databasdeskriptor,mailfromd,mailfromd-8.17.91.sv.po,,Bilingual translation changed in reviewed commit: Add reviewed mailfromd 8.17.91 Swedish translation,project-context,f0ca24823432eaed047bee70,review-commit,https://github.com/yeager/translations/blob/4a97a335bb9bb177d69df66255daf277f20b3782/mailfromd/mailfromd-8.17.91.sv.po,56c63a5da76b4bf68280a0456080f0a4930e5e04418513d42e61c2b8b6f95418,{}
6eaae23cb178dd4c45153106,conflicting symbol location,motstridig symbolplacering,mailfromd,mailfromd-8.17.91.sv.po,,Bilingual translation changed in reviewed commit: Add reviewed mailfromd 8.17.91 Swedish translation,project-context,6d96372f1cd498511d671e0e,review-commit,https://github.com/yeager/translations/blob/4a97a335bb9bb177d69df66255daf277f20b3782/mailfromd/mailfromd-8.17.91.sv.po,56c63a5da76b4bf68280a0456080f0a4930e5e04418513d42e61c2b8b6f95418,{}
6f2abdb0eafe71591f365ccc,refusing to run as root,vägrar att ställa upp som root,mailfromd,mailfromd-8.17.91.sv.po,,Bilingual translation changed in reviewed commit: Add reviewed mailfromd 8.17.91 Swedish translation,project-context,486c49f71bbef21a89f48c02,review-commit,https://github.com/yeager/translations/blob/4a97a335bb9bb177d69df66255daf277f20b3782/mailfromd/mailfromd-8.17.91.sv.po,56c63a5da76b4bf68280a0456080f0a4930e5e04418513d42e61c2b8b6f95418,{}
701ce37789a35a1595edfc59,too many arguments to define-macros,för många argument till define-makron,mailfromd,mailfromd-8.17.91.sv.po,,Bilingual translation changed in reviewed commit: Add reviewed mailfromd 8.17.91 Swedish translation,project-context,6a7fc519e193424e871d4948,review-commit,https://github.com/yeager/translations/blob/4a97a335bb9bb177d69df66255daf277f20b3782/mailfromd/mailfromd-8.17.91.sv.po,56c63a5da76b4bf68280a0456080f0a4930e5e04418513d42e61c2b8b6f95418,{}
709410d41cc9dbcfa43f0892,TLS options,TLS-alternativ,mailfromd,mailfromd-8.17.91.sv.po,,Bilingual translation changed in reviewed commit: Add reviewed mailfromd 8.17.91 Swedish translation,project-context,f9e3cde1f13ef00da6adc3cc,review-commit,https://github.com/yeager/translations/blob/4a97a335bb9bb177d69df66255daf277f20b3782/mailfromd/mailfromd-8.17.91.sv.po,56c63a5da76b4bf68280a0456080f0a4930e5e04418513d42e61c2b8b6f95418,{}
720d2741784a85cdca02ca3f,Timeout for HELO response.,Timeout för HELO-svar.,mailfromd,mailfromd-8.17.91.sv.po,,Bilingual translation changed in reviewed commit: Add reviewed mailfromd 8.17.91 Swedish translation,project-context,c4db2e2dd15bfacb92bd0218,review-commit,https://github.com/yeager/translations/blob/4a97a335bb9bb177d69df66255daf277f20b3782/mailfromd/mailfromd-8.17.91.sv.po,56c63a5da76b4bf68280a0456080f0a4930e5e04418513d42e61c2b8b6f95418,{}
72826f656b1b7f8f3c2947d9,empty or missing socket information,tom eller saknad information om uttag,mailfromd,mailfromd-8.17.91.sv.po,,Bilingual translation changed in reviewed commit: Add reviewed mailfromd 8.17.91 Swedish translation,project-context,fbbda734f428d4d7b7d4065e,review-commit,https://github.com/yeager/translations/blob/4a97a335bb9bb177d69df66255daf277f20b3782/mailfromd/mailfromd-8.17.91.sv.po,56c63a5da76b4bf68280a0456080f0a4930e5e04418513d42e61c2b8b6f95418,{}
72d0e88e84556f7a9fa34c34,type: string,typ: sträng,mailfromd,mailfromd-8.17.91.sv.po,,Bilingual translation changed in reviewed commit: Add reviewed mailfromd 8.17.91 Swedish translation,project-context,1d59070f9fc3a8cf75551675,review-commit,https://github.com/yeager/translations/blob/4a97a335bb9bb177d69df66255daf277f20b3782/mailfromd/mailfromd-8.17.91.sv.po,56c63a5da76b4bf68280a0456080f0a4930e5e04418513d42e61c2b8b6f95418,{}
7308ee310ffc8a64bc0592d3,force the given Milter actions,tvinga fram de givna Milter-åtgärderna,mailfromd,mailfromd-8.17.91.sv.po,,Bilingual translation changed in reviewed commit: Add reviewed mailfromd 8.17.91 Swedish translation,project-context,27e98f45e5d64e03e8660e90,review-commit,https://github.com/yeager/translations/blob/4a97a335bb9bb177d69df66255daf277f20b3782/mailfromd/mailfromd-8.17.91.sv.po,56c63a5da76b4bf68280a0456080f0a4930e5e04418513d42e61c2b8b6f95418,{}
73710e15a56b06c107afe945,start of context loop,start av kontextslinga,mailfromd,mailfromd-8.17.91.sv.po,,Bilingual translation changed in reviewed commit: Add reviewed mailfromd 8.17.91 Swedish translation,project-context,158b5c0c7a418206f22bf214,review-commit,https://github.com/yeager/translations/blob/4a97a335bb9bb177d69df66255daf277f20b3782/mailfromd/mailfromd-8.17.91.sv.po,56c63a5da76b4bf68280a0456080f0a4930e5e04418513d42e61c2b8b6f95418,{}
75a176e3e01f0f4c8b511fe8,unknown flag,okänd flagga,mailfromd,mailfromd-8.17.91.sv.po,,Bilingual translation changed in reviewed commit: Add reviewed mailfromd 8.17.91 Swedish translation,project-context,55d00a2f06ef01c7d7f9e273,review-commit,https://github.com/yeager/translations/blob/4a97a335bb9bb177d69df66255daf277f20b3782/mailfromd/mailfromd-8.17.91.sv.po,56c63a5da76b4bf68280a0456080f0a4930e5e04418513d42e61c2b8b6f95418,{}
768df831c145dfb2cf2bfd5b,IP not found in the database,IP finns inte i databasen,mailfromd,mailfromd-8.17.91.sv.po,,Bilingual translation changed in reviewed commit: Add reviewed mailfromd 8.17.91 Swedish translation,project-context,88cf0026a69021c47e3f019f,review-commit,https://github.com/yeager/translations/blob/4a97a335bb9bb177d69df66255daf277f20b3782/mailfromd/mailfromd-8.17.91.sv.po,56c63a5da76b4bf68280a0456080f0a4930e5e04418513d42e61c2b8b6f95418,{}
78c5025d4772b1dbd557ce55,message is not a RFC-934 digest,meddelandet är inte en RFC-934-digest,mailfromd,mailfromd-8.17.91.sv.po,,Bilingual translation changed in reviewed commit: Add reviewed mailfromd 8.17.91 Swedish translation,project-context,7401177ca3a9e76d7c175ba1,review-commit,https://github.com/yeager/translations/blob/4a97a335bb9bb177d69df66255daf277f20b3782/mailfromd/mailfromd-8.17.91.sv.po,56c63a5da76b4bf68280a0456080f0a4930e5e04418513d42e61c2b8b6f95418,{}
7a06894d3b0011cd72cd0689,division by zero,division med noll,mailfromd,mailfromd-8.17.91.sv.po,,Bilingual translation changed in reviewed commit: Add reviewed mailfromd 8.17.91 Swedish translation,project-context,9d796b06d8e96d224e749ac5,review-commit,https://github.com/yeager/translations/blob/4a97a335bb9bb177d69df66255daf277f20b3782/mailfromd/mailfromd-8.17.91.sv.po,56c63a5da76b4bf68280a0456080f0a4930e5e04418513d42e61c2b8b6f95418,{}
7a142bd02b1da5ee77642c5f,Set pmilter debug verbosity level.,Ställ in pmilter debug-ordningsnivå.,mailfromd,mailfromd-8.17.91.sv.po,,Bilingual translation changed in reviewed commit: Add reviewed mailfromd 8.17.91 Swedish translation,project-context,c8bc0a2332f880ef47ad4a67,review-commit,https://github.com/yeager/translations/blob/4a97a335bb9bb177d69df66255daf277f20b3782/mailfromd/mailfromd-8.17.91.sv.po,56c63a5da76b4bf68280a0456080f0a4930e5e04418513d42e61c2b8b6f95418,{}
7ad4e8d79c03ea952a845bc6,invalid size: numeric overflow occurred,ogiltig storlek: numeriskt överflöd inträffade,mailfromd,mailfromd-8.17.91.sv.po,,Bilingual translation changed in reviewed commit: Add reviewed mailfromd 8.17.91 Swedish translation,project-context,971b9d9a40e2301aea3b1d74,review-commit,https://github.com/yeager/translations/blob/4a97a335bb9bb177d69df66255daf277f20b3782/mailfromd/mailfromd-8.17.91.sv.po,56c63a5da76b4bf68280a0456080f0a4930e5e04418513d42e61c2b8b6f95418,{}
7adeb4b8556ec1ba97da539c,Server ID.,Server-ID.,mailfromd,mailfromd-8.17.91.sv.po,,Bilingual translation changed in reviewed commit: Add reviewed mailfromd 8.17.91 Swedish translation,project-context,c4d1c4d7604a4dddfe5ec6dc,review-commit,https://github.com/yeager/translations/blob/4a97a335bb9bb177d69df66255daf277f20b3782/mailfromd/mailfromd-8.17.91.sv.po,56c63a5da76b4bf68280a0456080f0a4930e5e04418513d42e61c2b8b6f95418,{}
7afa5ae1a4cae2ddfeb8f20a,Pass auth macros to MAIL handler.,Skicka auth-makron till MAIL-hanteraren.,mailfromd,mailfromd-8.17.91.sv.po,,Bilingual translation changed in reviewed commit: Add reviewed mailfromd 8.17.91 Swedish translation,project-context,647c0caed71db38a1fdea87c,review-commit,https://github.com/yeager/translations/blob/4a97a335bb9bb177d69df66255daf277f20b3782/mailfromd/mailfromd-8.17.91.sv.po,56c63a5da76b4bf68280a0456080f0a4930e5e04418513d42e61c2b8b6f95418,{}
7d0692d5957881eae59ed82b,unknown pragma,okänd pragma,mailfromd,mailfromd-8.17.91.sv.po,,Bilingual translation changed in reviewed commit: Add reviewed mailfromd 8.17.91 Swedish translation,project-context,a5ba245655fb139fcc751f24,review-commit,https://github.com/yeager/translations/blob/4a97a335bb9bb177d69df66255daf277f20b3782/mailfromd/mailfromd-8.17.91.sv.po,56c63a5da76b4bf68280a0456080f0a4930e5e04418513d42e61c2b8b6f95418,{}
7e3c40cfdab027b114570c53,set debugging level,ställa in felsökningsnivå,mailfromd,mailfromd-8.17.91.sv.po,,Bilingual translation changed in reviewed commit: Add reviewed mailfromd 8.17.91 Swedish translation,project-context,7996b268df7e65d79663c312,review-commit,https://github.com/yeager/translations/blob/4a97a335bb9bb177d69df66255daf277f20b3782/mailfromd/mailfromd-8.17.91.sv.po,56c63a5da76b4bf68280a0456080f0a4930e5e04418513d42e61c2b8b6f95418,{}
7e4f4dccf10ad412c6e5f8bf,invalid module declaration,ogiltig moduldeklaration,mailfromd,mailfromd-8.17.91.sv.po,,Bilingual translation changed in reviewed commit: Add reviewed mailfromd 8.17.91 Swedish translation,project-context,249fff921a288f9099e63d7d,review-commit,https://github.com/yeager/translations/blob/4a97a335bb9bb177d69df66255daf277f20b3782/mailfromd/mailfromd-8.17.91.sv.po,56c63a5da76b4bf68280a0456080f0a4930e5e04418513d42e61c2b8b6f95418,{}
7fa7a1ad8e422e25fac16593,`return' outside of a function,`return' utanför en funktion,mailfromd,mailfromd-8.17.91.sv.po,,Bilingual translation changed in reviewed commit: Add reviewed mailfromd 8.17.91 Swedish translation,project-context,e18a2c8e3f0b2ff7b45580b5,review-commit,https://github.com/yeager/translations/blob/4a97a335bb9bb177d69df66255daf277f20b3782/mailfromd/mailfromd-8.17.91.sv.po,56c63a5da76b4bf68280a0456080f0a4930e5e04418513d42e61c2b8b6f95418,{}
7fcca38ec43190f5d9184b0c,invalid message descriptor,ogiltig meddelandebeskrivning,mailfromd,mailfromd-8.17.91.sv.po,,Bilingual translation changed in reviewed commit: Add reviewed mailfromd 8.17.91 Swedish translation,project-context,fdc507c2f9bc89dffda8acd4,review-commit,https://github.com/yeager/translations/blob/4a97a335bb9bb177d69df66255daf277f20b3782/mailfromd/mailfromd-8.17.91.sv.po,56c63a5da76b4bf68280a0456080f0a4930e5e04418513d42e61c2b8b6f95418,{}
806ccda5eddcc35c21bccbd8,invalid extended reply code,ogiltig kod för utökat svar,mailfromd,mailfromd-8.17.91.sv.po,,Bilingual translation changed in reviewed commit: Add reviewed mailfromd 8.17.91 Swedish translation,project-context,a4238730d32e51e98dbd35a1,review-commit,https://github.com/yeager/translations/blob/4a97a335bb9bb177d69df66255daf277f20b3782/mailfromd/mailfromd-8.17.91.sv.po,56c63a5da76b4bf68280a0456080f0a4930e5e04418513d42e61c2b8b6f95418,{}
80ea1b6725225636b80283aa,extra arguments in daemon mode,extra argument i daemon-läge,mailfromd,mailfromd-8.17.91.sv.po,,Bilingual translation changed in reviewed commit: Add reviewed mailfromd 8.17.91 Swedish translation,project-context,11898c31069cbf2571d7e291,review-commit,https://github.com/yeager/translations/blob/4a97a335bb9bb177d69df66255daf277f20b3782/mailfromd/mailfromd-8.17.91.sv.po,56c63a5da76b4bf68280a0456080f0a4930e5e04418513d42e61c2b8b6f95418,{}
814b27ffc22844507a37d719,arg: milter [version: number]|pmilter,arg: milter [version: nummer]|pmilter,mailfromd,mailfromd-8.17.91.sv.po,,Bilingual translation changed in reviewed commit: Add reviewed mailfromd 8.17.91 Swedish translation,project-context,7799e3fbd0d8200ad6b55d10,review-commit,https://github.com/yeager/translations/blob/4a97a335bb9bb177d69df66255daf277f20b3782/mailfromd/mailfromd-8.17.91.sv.po,56c63a5da76b4bf68280a0456080f0a4930e5e04418513d42e61c2b8b6f95418,{}
82084d551d6f66e6e658d14c,compact the database,komprimera databasen,mailfromd,mailfromd-8.17.91.sv.po,,Bilingual translation changed in reviewed commit: Add reviewed mailfromd 8.17.91 Swedish translation,project-context,683dc9e9fff8188a3c0b8cf1,review-commit,https://github.com/yeager/translations/blob/4a97a335bb9bb177d69df66255daf277f20b3782/mailfromd/mailfromd-8.17.91.sv.po,56c63a5da76b4bf68280a0456080f0a4930e5e04418513d42e61c2b8b6f95418,{}
843b7ab5d2c3c50c1f9af435,operation is not applicable,operationen är inte tillämplig,mailfromd,mailfromd-8.17.91.sv.po,,Bilingual translation changed in reviewed commit: Add reviewed mailfromd 8.17.91 Swedish translation,project-context,45847d1df3a26396a1eaaad0,review-commit,https://github.com/yeager/translations/blob/4a97a335bb9bb177d69df66255daf277f20b3782/mailfromd/mailfromd-8.17.91.sv.po,56c63a5da76b4bf68280a0456080f0a4930e5e04418513d42e61c2b8b6f95418,{}
8491ce28af48bf53a79abd84,read data,läsa data,mailfromd,mailfromd-8.17.91.sv.po,,Bilingual translation changed in reviewed commit: Add reviewed mailfromd 8.17.91 Swedish translation,project-context,bb0f382c6339cd47f9c6d950,review-commit,https://github.com/yeager/translations/blob/4a97a335bb9bb177d69df66255daf277f20b3782/mailfromd/mailfromd-8.17.91.sv.po,56c63a5da76b4bf68280a0456080f0a4930e5e04418513d42e61c2b8b6f95418,{}
85d2e656a5cba447ccdb5a2f,child process exited unexpectedly,barnprocessen avslutades oväntat,mailfromd,mailfromd-8.17.91.sv.po,,Bilingual translation changed in reviewed commit: Add reviewed mailfromd 8.17.91 Swedish translation,project-context,b9023380d81948aeefacc3f5,review-commit,https://github.com/yeager/translations/blob/4a97a335bb9bb177d69df66255daf277f20b3782/mailfromd/mailfromd-8.17.91.sv.po,56c63a5da76b4bf68280a0456080f0a4930e5e04418513d42e61c2b8b6f95418,{}
8642848f942d0c6d54eba013,Timeout for all SMTP I/O operations.,Timeout för alla SMTP I/O-operationer.,mailfromd,mailfromd-8.17.91.sv.po,,Bilingual translation changed in reviewed commit: Add reviewed mailfromd 8.17.91 Swedish translation,project-context,d19f40866eae76d6345535c4,review-commit,https://github.com/yeager/translations/blob/4a97a335bb9bb177d69df66255daf277f20b3782/mailfromd/mailfromd-8.17.91.sv.po,56c63a5da76b4bf68280a0456080f0a4930e5e04418513d42e61c2b8b6f95418,{}
870d1f816dcc8cee0eaf6e09,`next' used outside `loop',`next' används utanför `loop',mailfromd,mailfromd-8.17.91.sv.po,,Bilingual translation changed in reviewed commit: Add reviewed mailfromd 8.17.91 Swedish translation,project-context,e78a061c1081859998f9d55b,review-commit,https://github.com/yeager/translations/blob/4a97a335bb9bb177d69df66255daf277f20b3782/mailfromd/mailfromd-8.17.91.sv.po,56c63a5da76b4bf68280a0456080f0a4930e5e04418513d42e61c2b8b6f95418,{}
8718eb10ba41fed51aae47f6,enable stack traces on runtime errors,aktivera stackspårning vid körtidsfel,mailfromd,mailfromd-8.17.91.sv.po,,Bilingual translation changed in reviewed commit: Add reviewed mailfromd 8.17.91 Swedish translation,project-context,05740bff9616a10f97d24555,review-commit,https://github.com/yeager/translations/blob/4a97a335bb9bb177d69df66255daf277f20b3782/mailfromd/mailfromd-8.17.91.sv.po,56c63a5da76b4bf68280a0456080f0a4930e5e04418513d42e61c2b8b6f95418,{}
87b95ec70eabafe8b816dd02,can't allocate stream buffer,kan inte allokera strömbuffert,mailfromd,mailfromd-8.17.91.sv.po,,Bilingual translation changed in reviewed commit: Add reviewed mailfromd 8.17.91 Swedish translation,project-context,9ffbb13e53a151b4f5303e81,review-commit,https://github.com/yeager/translations/blob/4a97a335bb9bb177d69df66255daf277f20b3782/mailfromd/mailfromd-8.17.91.sv.po,56c63a5da76b4bf68280a0456080f0a4930e5e04418513d42e61c2b8b6f95418,{}
88f63d438bace68b8fc3cf79,invalid macro list,ogiltig makrolista,mailfromd,mailfromd-8.17.91.sv.po,,Bilingual translation changed in reviewed commit: Add reviewed mailfromd 8.17.91 Swedish translation,project-context,aafbc1ec834a10379944d20f,review-commit,https://github.com/yeager/translations/blob/4a97a335bb9bb177d69df66255daf277f20b3782/mailfromd/mailfromd-8.17.91.sv.po,56c63a5da76b4bf68280a0456080f0a4930e5e04418513d42e61c2b8b6f95418,{}
8981e0b5efc1ca6ebc1eff5d,set Gacopyz log level,ställa in Gacopyz loggnivå,mailfromd,mailfromd-8.17.91.sv.po,,Bilingual translation changed in reviewed commit: Add reviewed mailfromd 8.17.91 Swedish translation,project-context,e440b3c9ec0ec5e3e1aa1dac,review-commit,https://github.com/yeager/translations/blob/4a97a335bb9bb177d69df66255daf277f20b3782/mailfromd/mailfromd-8.17.91.sv.po,56c63a5da76b4bf68280a0456080f0a4930e5e04418513d42e61c2b8b6f95418,{}
8992418b0d8a1d51620f2155,argument number too high,argument nummer för högt,mailfromd,mailfromd-8.17.91.sv.po,,Bilingual translation changed in reviewed commit: Add reviewed mailfromd 8.17.91 Swedish translation,project-context,e5169e8510882e7c48c4cb4e,review-commit,https://github.com/yeager/translations/blob/4a97a335bb9bb177d69df66255daf277f20b3782/mailfromd/mailfromd-8.17.91.sv.po,56c63a5da76b4bf68280a0456080f0a4930e5e04418513d42e61c2b8b6f95418,{}
89ac44385b7f8c00d840d872,bad numeric file mode,dåligt numeriskt filläge,mailfromd,mailfromd-8.17.91.sv.po,,Bilingual translation changed in reviewed commit: Add reviewed mailfromd 8.17.91 Swedish translation,project-context,6eb74f4b8c0e6aff9242d13f,review-commit,https://github.com/yeager/translations/blob/4a97a335bb9bb177d69df66255daf277f20b3782/mailfromd/mailfromd-8.17.91.sv.po,56c63a5da76b4bf68280a0456080f0a4930e5e04418513d42e61c2b8b6f95418,{}
89cf4ccb8b2a07763e7e1d81,message not open,meddelandet inte öppet,mailfromd,mailfromd-8.17.91.sv.po,,Bilingual translation changed in reviewed commit: Add reviewed mailfromd 8.17.91 Swedish translation,project-context,33d77ac32bae03a8b1c99295,review-commit,https://github.com/yeager/translations/blob/4a97a335bb9bb177d69df66255daf277f20b3782/mailfromd/mailfromd-8.17.91.sv.po,56c63a5da76b4bf68280a0456080f0a4930e5e04418513d42e61c2b8b6f95418,{}
8b39497d48e50aae2c9b77da,unknown server type,okänd servertyp,mailfromd,mailfromd-8.17.91.sv.po,,Bilingual translation changed in reviewed commit: Add reviewed mailfromd 8.17.91 Swedish translation,project-context,6818868b6cebcd5020b55379,review-commit,https://github.com/yeager/translations/blob/4a97a335bb9bb177d69df66255daf277f20b3782/mailfromd/mailfromd-8.17.91.sv.po,56c63a5da76b4bf68280a0456080f0a4930e5e04418513d42e61c2b8b6f95418,{}
8b4a96963ac2c158d301608b,append to the trace file,lägg till i spårningsfilen,mailfromd,mailfromd-8.17.91.sv.po,,Bilingual translation changed in reviewed commit: Add reviewed mailfromd 8.17.91 Swedish translation,project-context,e0f80982ce055d78f47a69e5,review-commit,https://github.com/yeager/translations/blob/4a97a335bb9bb177d69df66255daf277f20b3782/mailfromd/mailfromd-8.17.91.sv.po,56c63a5da76b4bf68280a0456080f0a4930e5e04418513d42e61c2b8b6f95418,{}
8b667371c48c3e2066b1ecfd,arg: number,arg: nummer,mailfromd,mailfromd-8.17.91.sv.po,,Bilingual translation changed in reviewed commit: Add reviewed mailfromd 8.17.91 Swedish translation,project-context,84ccfb3fecce4a38e8db0697,review-commit,https://github.com/yeager/translations/blob/4a97a335bb9bb177d69df66255daf277f20b3782/mailfromd/mailfromd-8.17.91.sv.po,56c63a5da76b4bf68280a0456080f0a4930e5e04418513d42e61c2b8b6f95418,{}
8b8bfa7624665c7237be3227,invalid back-reference number,ogiltigt back-referensnummer,mailfromd,mailfromd-8.17.91.sv.po,,Bilingual translation changed in reviewed commit: Add reviewed mailfromd 8.17.91 Swedish translation,project-context,f8e25b9786d67e4ce7668b08,review-commit,https://github.com/yeager/translations/blob/4a97a335bb9bb177d69df66255daf277f20b3782/mailfromd/mailfromd-8.17.91.sv.po,56c63a5da76b4bf68280a0456080f0a4930e5e04418513d42e61c2b8b6f95418,{}
8cb102d4a42683bd0ab858ab,Enable filter program tracing.,Aktivera spårning av filterprogram.,mailfromd,mailfromd-8.17.91.sv.po,,Bilingual translation changed in reviewed commit: Add reviewed mailfromd 8.17.91 Swedish translation,project-context,409bf4fd00f8bb60b4f3c656,review-commit,https://github.com/yeager/translations/blob/4a97a335bb9bb177d69df66255daf277f20b3782/mailfromd/mailfromd-8.17.91.sv.po,56c63a5da76b4bf68280a0456080f0a4930e5e04418513d42e61c2b8b6f95418,{}
8df0566346d97a81147c4dda,spec: list,spec: lista,mailfromd,mailfromd-8.17.91.sv.po,,Bilingual translation changed in reviewed commit: Add reviewed mailfromd 8.17.91 Swedish translation,project-context,3ddb9b89f36b83e75ef0286d,review-commit,https://github.com/yeager/translations/blob/4a97a335bb9bb177d69df66255daf277f20b3782/mailfromd/mailfromd-8.17.91.sv.po,56c63a5da76b4bf68280a0456080f0a4930e5e04418513d42e61c2b8b6f95418,{}
8ed51e9cf121bfe0bf5831ad,[soft | hard],[mjuk | hård],mailfromd,mailfromd-8.17.91.sv.po,,Bilingual translation changed in reviewed commit: Add reviewed mailfromd 8.17.91 Swedish translation,project-context,c19b8b115f0591343a557c7c,review-commit,https://github.com/yeager/translations/blob/4a97a335bb9bb177d69df66255daf277f20b3782/mailfromd/mailfromd-8.17.91.sv.po,56c63a5da76b4bf68280a0456080f0a4930e5e04418513d42e61c2b8b6f95418,{}
8f86430966eb18de7fe77370,Set SMTP timeouts.,Ange tidsgränser för SMTP.,mailfromd,mailfromd-8.17.91.sv.po,,Bilingual translation changed in reviewed commit: Add reviewed mailfromd 8.17.91 Swedish translation,project-context,6f42703987c627fc402a7988,review-commit,https://github.com/yeager/translations/blob/4a97a335bb9bb177d69df66255daf277f20b3782/mailfromd/mailfromd-8.17.91.sv.po,56c63a5da76b4bf68280a0456080f0a4930e5e04418513d42e61c2b8b6f95418,{}
90422bbcccbccfa4fa6495ae,Timeout for initial SMTP response.,Timeout för det första SMTP-svaret.,mailfromd,mailfromd-8.17.91.sv.po,,Bilingual translation changed in reviewed commit: Add reviewed mailfromd 8.17.91 Swedish translation,project-context,b2423bbb9db945c2b1c77655,review-commit,https://github.com/yeager/translations/blob/4a97a335bb9bb177d69df66255daf277f20b3782/mailfromd/mailfromd-8.17.91.sv.po,56c63a5da76b4bf68280a0456080f0a4930e5e04418513d42e61c2b8b6f95418,{}
90fb357766d1e4a3c9ed28c0,Set program state directory.,Ställ in programstatuskatalog.,mailfromd,mailfromd-8.17.91.sv.po,,Bilingual translation changed in reviewed commit: Add reviewed mailfromd 8.17.91 Swedish translation,project-context,f78980e98b63361fd7144a8d,review-commit,https://github.com/yeager/translations/blob/4a97a335bb9bb177d69df66255daf277f20b3782/mailfromd/mailfromd-8.17.91.sv.po,56c63a5da76b4bf68280a0456080f0a4930e5e04418513d42e61c2b8b6f95418,{}
910c0852e2039f5f2ae1fba8,Set write timeout.,Ställ in tidsgräns för skrivning.,mailfromd,mailfromd-8.17.91.sv.po,,Bilingual translation changed in reviewed commit: Add reviewed mailfromd 8.17.91 Swedish translation,project-context,12e30963fa2b3ba3253dfc16,review-commit,https://github.com/yeager/translations/blob/4a97a335bb9bb177d69df66255daf277f20b3782/mailfromd/mailfromd-8.17.91.sv.po,56c63a5da76b4bf68280a0456080f0a4930e5e04418513d42e61c2b8b6f95418,{}
9128baf48eb7666a58449d08,connection refused by xxfi_accept,anslutning nekad av xxfi_accept,mailfromd,mailfromd-8.17.91.sv.po,,Bilingual translation changed in reviewed commit: Add reviewed mailfromd 8.17.91 Swedish translation,project-context,c3b543203e8f7aeac053a268,review-commit,https://github.com/yeager/translations/blob/4a97a335bb9bb177d69df66255daf277f20b3782/mailfromd/mailfromd-8.17.91.sv.po,56c63a5da76b4bf68280a0456080f0a4930e5e04418513d42e61c2b8b6f95418,{}
932a2f961867dce8414b08bf,pc out of range,pc utanför intervallet,mailfromd,mailfromd-8.17.91.sv.po,,Bilingual translation changed in reviewed commit: Add reviewed mailfromd 8.17.91 Swedish translation,project-context,f47c384ce55daf62e2eb3d80,review-commit,https://github.com/yeager/translations/blob/4a97a335bb9bb177d69df66255daf277f20b3782/mailfromd/mailfromd-8.17.91.sv.po,56c63a5da76b4bf68280a0456080f0a4930e5e04418513d42e61c2b8b6f95418,{}
943c88de6d2088a47e1516f0,Timeout for MAIL response.,Timeout för MAIL-svar.,mailfromd,mailfromd-8.17.91.sv.po,,Bilingual translation changed in reviewed commit: Add reviewed mailfromd 8.17.91 Swedish translation,project-context,87112460cf92c647308275f9,review-commit,https://github.com/yeager/translations/blob/4a97a335bb9bb177d69df66255daf277f20b3782/mailfromd/mailfromd-8.17.91.sv.po,56c63a5da76b4bf68280a0456080f0a4930e5e04418513d42e61c2b8b6f95418,{}
94a918a8a8733f2fa8d76d17,exception code not a number,undantagskod inte ett nummer,mailfromd,mailfromd-8.17.91.sv.po,,Bilingual translation changed in reviewed commit: Add reviewed mailfromd 8.17.91 Swedish translation,project-context,6589c0e601289c8ab35d388c,review-commit,https://github.com/yeager/translations/blob/4a97a335bb9bb177d69df66255daf277f20b3782/mailfromd/mailfromd-8.17.91.sv.po,56c63a5da76b4bf68280a0456080f0a4930e5e04418513d42e61c2b8b6f95418,{}
95f7a46d8c1a56f4b5709e0a,syntax check failed; restart cancelled,syntaxkontroll misslyckades; omstart avbruten,mailfromd,mailfromd-8.17.91.sv.po,,Bilingual translation changed in reviewed commit: Add reviewed mailfromd 8.17.91 Swedish translation,project-context,24e5a48f99c6196fba67e376,review-commit,https://github.com/yeager/translations/blob/4a97a335bb9bb177d69df66255daf277f20b3782/mailfromd/mailfromd-8.17.91.sv.po,56c63a5da76b4bf68280a0456080f0a4930e5e04418513d42e61c2b8b6f95418,{}
961ea3f9042a14c9cd27e41a,dump disassembled code,dumpa disassemblerad kod,mailfromd,mailfromd-8.17.91.sv.po,,Bilingual translation changed in reviewed commit: Add reviewed mailfromd 8.17.91 Swedish translation,project-context,3a88c1138633fa7dd1dbf75f,review-commit,https://github.com/yeager/translations/blob/4a97a335bb9bb177d69df66255daf277f20b3782/mailfromd/mailfromd-8.17.91.sv.po,56c63a5da76b4bf68280a0456080f0a4930e5e04418513d42e61c2b8b6f95418,{}
964eabf201a5ef488401d2cd,delete expired entries from the database,ta bort utgångna poster från databasen,mailfromd,mailfromd-8.17.91.sv.po,,Bilingual translation changed in reviewed commit: Add reviewed mailfromd 8.17.91 Swedish translation,project-context,384d09956a7f6da3abff8ecb,review-commit,https://github.com/yeager/translations/blob/4a97a335bb9bb177d69df66255daf277f20b3782/mailfromd/mailfromd-8.17.91.sv.po,56c63a5da76b4bf68280a0456080f0a4930e5e04418513d42e61c2b8b6f95418,{}
9685b4e4c72049c01fe2e636,nothing to pop,inget att poppa,mailfromd,mailfromd-8.17.91.sv.po,,Bilingual translation changed in reviewed commit: Add reviewed mailfromd 8.17.91 Swedish translation,project-context,56ec9b69b2cb99f7e9027f1c,review-commit,https://github.com/yeager/translations/blob/4a97a335bb9bb177d69df66255daf277f20b3782/mailfromd/mailfromd-8.17.91.sv.po,56c63a5da76b4bf68280a0456080f0a4930e5e04418513d42e61c2b8b6f95418,{}
97851ba15ee140614e074ca5,no clients configured,inga klienter konfigurerade,mailfromd,mailfromd-8.17.91.sv.po,,Bilingual translation changed in reviewed commit: Add reviewed mailfromd 8.17.91 Swedish translation,project-context,dacb6a52ede6b04d72a830f6,review-commit,https://github.com/yeager/translations/blob/4a97a335bb9bb177d69df66255daf277f20b3782/mailfromd/mailfromd-8.17.91.sv.po,56c63a5da76b4bf68280a0456080f0a4930e5e04418513d42e61c2b8b6f95418,{}
97dab2f8a333bcc94ff45bd4,set MTA connection timeout,set Timeout för MTA-anslutning,mailfromd,mailfromd-8.17.91.sv.po,,Bilingual translation changed in reviewed commit: Add reviewed mailfromd 8.17.91 Swedish translation,project-context,16c7087f0910da2623acb49e,review-commit,https://github.com/yeager/translations/blob/4a97a335bb9bb177d69df66255daf277f20b3782/mailfromd/mailfromd-8.17.91.sv.po,56c63a5da76b4bf68280a0456080f0a4930e5e04418513d42e61c2b8b6f95418,{}
97ef0688db9e8daec1a9a4bd,invalid file descriptor,ogiltig filbeskrivare,mailfromd,mailfromd-8.17.91.sv.po,,Bilingual translation changed in reviewed commit: Add reviewed mailfromd 8.17.91 Swedish translation,project-context,b3506a84d82e27a61af481c3,review-commit,https://github.com/yeager/translations/blob/4a97a335bb9bb177d69df66255daf277f20b3782/mailfromd/mailfromd-8.17.91.sv.po,56c63a5da76b4bf68280a0456080f0a4930e5e04418513d42e61c2b8b6f95418,{}
985b7def8ff029f653332362,invalid version syntax,ogiltig version syntax,mailfromd,mailfromd-8.17.91.sv.po,,Bilingual translation changed in reviewed commit: Add reviewed mailfromd 8.17.91 Swedish translation,project-context,25f3a03ce3a915ee22a05afd,review-commit,https://github.com/yeager/translations/blob/4a97a335bb9bb177d69df66255daf277f20b3782/mailfromd/mailfromd-8.17.91.sv.po,56c63a5da76b4bf68280a0456080f0a4930e5e04418513d42e61c2b8b6f95418,{}
98ce8e78a81fc7ffa573e8ed,invalid SMTP reply code,ogiltig SMTP-svarskod,mailfromd,mailfromd-8.17.91.sv.po,,Bilingual translation changed in reviewed commit: Add reviewed mailfromd 8.17.91 Swedish translation,project-context,281c4b2b7e3f192d715c0ce4,review-commit,https://github.com/yeager/translations/blob/4a97a335bb9bb177d69df66255daf277f20b3782/mailfromd/mailfromd-8.17.91.sv.po,56c63a5da76b4bf68280a0456080f0a4930e5e04418513d42e61c2b8b6f95418,{}
9999c34dbb824d75814cfb36,preprocessor terminated abnormally,förprocessorn avslutades onormalt,mailfromd,mailfromd-8.17.91.sv.po,,Bilingual translation changed in reviewed commit: Add reviewed mailfromd 8.17.91 Swedish translation,project-context,4e17fb2b19385ee59f84cb3c,review-commit,https://github.com/yeager/translations/blob/4a97a335bb9bb177d69df66255daf277f20b3782/mailfromd/mailfromd-8.17.91.sv.po,56c63a5da76b4bf68280a0456080f0a4930e5e04418513d42e61c2b8b6f95418,{}
99eec524321903b7d212647c,invalid resolve family value,ogiltig upplösning familjevärde,mailfromd,mailfromd-8.17.91.sv.po,,Bilingual translation changed in reviewed commit: Add reviewed mailfromd 8.17.91 Swedish translation,project-context,931e953624e87b18539b5715,review-commit,https://github.com/yeager/translations/blob/4a97a335bb9bb177d69df66255daf277f20b3782/mailfromd/mailfromd-8.17.91.sv.po,56c63a5da76b4bf68280a0456080f0a4930e5e04418513d42e61c2b8b6f95418,{}
9a86ff00207d542d5edfcccf,header size out of representable range,rubrikstorlek utanför representativt intervall,mailfromd,mailfromd-8.17.91.sv.po,,Bilingual translation changed in reviewed commit: Add reviewed mailfromd 8.17.91 Swedish translation,project-context,3b3d3065249cd1a90b977ac3,review-commit,https://github.com/yeager/translations/blob/4a97a335bb9bb177d69df66255daf277f20b3782/mailfromd/mailfromd-8.17.91.sv.po,56c63a5da76b4bf68280a0456080f0a4930e5e04418513d42e61c2b8b6f95418,{}
9b8856e166a2b9d5824c5c99,duplicate module declaration,duplikat moduldeklaration,mailfromd,mailfromd-8.17.91.sv.po,,Bilingual translation changed in reviewed commit: Add reviewed mailfromd 8.17.91 Swedish translation,project-context,167a2ca6f3efdd6be6cd2e34,review-commit,https://github.com/yeager/translations/blob/4a97a335bb9bb177d69df66255daf277f20b3782/mailfromd/mailfromd-8.17.91.sv.po,56c63a5da76b4bf68280a0456080f0a4930e5e04418513d42e61c2b8b6f95418,{}
9c7e90755a4a2dff72b26893,no servers configured,inga servrar konfigurerade,mailfromd,mailfromd-8.17.91.sv.po,,Bilingual translation changed in reviewed commit: Add reviewed mailfromd 8.17.91 Swedish translation,project-context,959931622714c87a2065eea8,review-commit,https://github.com/yeager/translations/blob/4a97a335bb9bb177d69df66255daf277f20b3782/mailfromd/mailfromd-8.17.91.sv.po,56c63a5da76b4bf68280a0456080f0a4930e5e04418513d42e61c2b8b6f95418,{}
9d51dc090e591c97f7425bf6,"invalid data type, expected number","ogiltig datatyp, förväntat tal",mailfromd,mailfromd-8.17.91.sv.po,,Bilingual translation changed in reviewed commit: Add reviewed mailfromd 8.17.91 Swedish translation,project-context,60d14ff16ddd94a506a4f95b,review-commit,https://github.com/yeager/translations/blob/4a97a335bb9bb177d69df66255daf277f20b3782/mailfromd/mailfromd-8.17.91.sv.po,56c63a5da76b4bf68280a0456080f0a4930e5e04418513d42e61c2b8b6f95418,{}
9f4160a0d134301eabf0323f,not enough arguments to define-macros,inte tillräckligt med argument för define-macros,mailfromd,mailfromd-8.17.91.sv.po,,Bilingual translation changed in reviewed commit: Add reviewed mailfromd 8.17.91 Swedish translation,project-context,4ecedd28645b6e7e589f000b,review-commit,https://github.com/yeager/translations/blob/4a97a335bb9bb177d69df66255daf277f20b3782/mailfromd/mailfromd-8.17.91.sv.po,56c63a5da76b4bf68280a0456080f0a4930e5e04418513d42e61c2b8b6f95418,{}
9fa9051c1f2574877242275d,set pidfile name,set pidfile namn,mailfromd,mailfromd-8.17.91.sv.po,,Bilingual translation changed in reviewed commit: Add reviewed mailfromd 8.17.91 Swedish translation,project-context,a4bac75d30a3d47090a1cbae,review-commit,https://github.com/yeager/translations/blob/4a97a335bb9bb177d69df66255daf277f20b3782/mailfromd/mailfromd-8.17.91.sv.po,56c63a5da76b4bf68280a0456080f0a4930e5e04418513d42e61c2b8b6f95418,{}
a18524454bd9e5edd8b1e669,Timeout for QUIT response.,Timeout för QUIT-svar.,mailfromd,mailfromd-8.17.91.sv.po,,Bilingual translation changed in reviewed commit: Add reviewed mailfromd 8.17.91 Swedish translation,project-context,2418fde4561fa4f412917c48,review-commit,https://github.com/yeager/translations/blob/4a97a335bb9bb177d69df66255daf277f20b3782/mailfromd/mailfromd-8.17.91.sv.po,56c63a5da76b4bf68280a0456080f0a4930e5e04418513d42e61c2b8b6f95418,{}
a2f040ef6d7c4e7bc8d5dca9,Set read timeout.,Ställ in tidsgräns för läsning.,mailfromd,mailfromd-8.17.91.sv.po,,Bilingual translation changed in reviewed commit: Add reviewed mailfromd 8.17.91 Swedish translation,project-context,822067228f053263a54f36c0,review-commit,https://github.com/yeager/translations/blob/4a97a335bb9bb177d69df66255daf277f20b3782/mailfromd/mailfromd-8.17.91.sv.po,56c63a5da76b4bf68280a0456080f0a4930e5e04418513d42e61c2b8b6f95418,{}
a32d111776dde59ff422a865,invalid mailbox descriptor,ogiltig brevlådebeskrivare,mailfromd,mailfromd-8.17.91.sv.po,,Bilingual translation changed in reviewed commit: Add reviewed mailfromd 8.17.91 Swedish translation,project-context,16220846636c44c7570aa9c4,review-commit,https://github.com/yeager/translations/blob/4a97a335bb9bb177d69df66255daf277f20b3782/mailfromd/mailfromd-8.17.91.sv.po,56c63a5da76b4bf68280a0456080f0a4930e5e04418513d42e61c2b8b6f95418,{}
a3e5a0b632bc378a6b2dccef,missing replacement expression,saknas ersättning uttryck,mailfromd,mailfromd-8.17.91.sv.po,,Bilingual translation changed in reviewed commit: Add reviewed mailfromd 8.17.91 Swedish translation,project-context,ba8da6e6c019893193a7c488,review-commit,https://github.com/yeager/translations/blob/4a97a335bb9bb177d69df66255daf277f20b3782/mailfromd/mailfromd-8.17.91.sv.po,56c63a5da76b4bf68280a0456080f0a4930e5e04418513d42e61c2b8b6f95418,{}
a3f9500d43613ec2f38a3d19,Configure server.,Konfigurera servern.,mailfromd,mailfromd-8.17.91.sv.po,,Bilingual translation changed in reviewed commit: Add reviewed mailfromd 8.17.91 Swedish translation,project-context,816c98e4e1867c7a4d292e1f,review-commit,https://github.com/yeager/translations/blob/4a97a335bb9bb177d69df66255daf277f20b3782/mailfromd/mailfromd-8.17.91.sv.po,56c63a5da76b4bf68280a0456080f0a4930e5e04418513d42e61c2b8b6f95418,{}
a495305906dfc9eb562c7780,invalid argument type in binary operation,ogiltig argumenttyp i binär operation,mailfromd,mailfromd-8.17.91.sv.po,,Bilingual translation changed in reviewed commit: Add reviewed mailfromd 8.17.91 Swedish translation,project-context,43a954affcf76759a148e04e,review-commit,https://github.com/yeager/translations/blob/4a97a335bb9bb177d69df66255daf277f20b3782/mailfromd/mailfromd-8.17.91.sv.po,56c63a5da76b4bf68280a0456080f0a4930e5e04418513d42e61c2b8b6f95418,{}
a49ef2dd5a16fcc365780839,modules: list,moduler: lista,mailfromd,mailfromd-8.17.91.sv.po,,Bilingual translation changed in reviewed commit: Add reviewed mailfromd 8.17.91 Swedish translation,project-context,a3ffda2c1d9732f1974ff497,review-commit,https://github.com/yeager/translations/blob/4a97a335bb9bb177d69df66255daf277f20b3782/mailfromd/mailfromd-8.17.91.sv.po,56c63a5da76b4bf68280a0456080f0a4930e5e04418513d42e61c2b8b6f95418,{}
a573509247b05ca676b88b6d,set milter timeouts,ställ in tidsgränser för milter,mailfromd,mailfromd-8.17.91.sv.po,,Bilingual translation changed in reviewed commit: Add reviewed mailfromd 8.17.91 Swedish translation,project-context,07eca462c505c574cc9883d8,review-commit,https://github.com/yeager/translations/blob/4a97a335bb9bb177d69df66255daf277f20b3782/mailfromd/mailfromd-8.17.91.sv.po,56c63a5da76b4bf68280a0456080f0a4930e5e04418513d42e61c2b8b6f95418,{}
a8cafdcd7b6599f9a7c53ec9,cannot convert literal to number,kan inte konvertera bokstav till tal,mailfromd,mailfromd-8.17.91.sv.po,,Bilingual translation changed in reviewed commit: Add reviewed mailfromd 8.17.91 Swedish translation,project-context,89d9349eaa31b38a352176b7,review-commit,https://github.com/yeager/translations/blob/4a97a335bb9bb177d69df66255daf277f20b3782/mailfromd/mailfromd-8.17.91.sv.po,56c63a5da76b4bf68280a0456080f0a4930e5e04418513d42e61c2b8b6f95418,{}
a9962a1476d470e9626b0644,set debug verbosity level,ställ in felsökningsnivå,mailfromd,mailfromd-8.17.91.sv.po,,Bilingual translation changed in reviewed commit: Add reviewed mailfromd 8.17.91 Swedish translation,project-context,308a3e465f201ce877b6a195,review-commit,https://github.com/yeager/translations/blob/4a97a335bb9bb177d69df66255daf277f20b3782/mailfromd/mailfromd-8.17.91.sv.po,56c63a5da76b4bf68280a0456080f0a4930e5e04418513d42e61c2b8b6f95418,{}
a9d86cbbf8182f0eb188391f,set readline prompt,ställa in readline prompt,mailfromd,mailfromd-8.17.91.sv.po,,Bilingual translation changed in reviewed commit: Add reviewed mailfromd 8.17.91 Swedish translation,project-context,f0df6a148df2fbd67e7137af,review-commit,https://github.com/yeager/translations/blob/4a97a335bb9bb177d69df66255daf277f20b3782/mailfromd/mailfromd-8.17.91.sv.po,56c63a5da76b4bf68280a0456080f0a4930e5e04418513d42e61c2b8b6f95418,{}
aba31f6fafefcb952ee32fc0,run in test mode,kör i testläge,mailfromd,mailfromd-8.17.91.sv.po,,Bilingual translation changed in reviewed commit: Add reviewed mailfromd 8.17.91 Swedish translation,project-context,26fa9496fe46963a33b93952,review-commit,https://github.com/yeager/translations/blob/4a97a335bb9bb177d69df66255daf277f20b3782/mailfromd/mailfromd-8.17.91.sv.po,56c63a5da76b4bf68280a0456080f0a4930e5e04418513d42e61c2b8b6f95418,{}
ac8c8d78488a5b979f20f463,run in daemon mode (default),körs i daemon-läge (standard),mailfromd,mailfromd-8.17.91.sv.po,,Bilingual translation changed in reviewed commit: Add reviewed mailfromd 8.17.91 Swedish translation,project-context,54fe2a12592e4b6e80d3565f,review-commit,https://github.com/yeager/translations/blob/4a97a335bb9bb177d69df66255daf277f20b3782/mailfromd/mailfromd-8.17.91.sv.po,56c63a5da76b4bf68280a0456080f0a4930e5e04418513d42e61c2b8b6f95418,{}
ac8e44ffe44714f242747598,extra arguments in this mode,extra argument i detta läge,mailfromd,mailfromd-8.17.91.sv.po,,Bilingual translation changed in reviewed commit: Add reviewed mailfromd 8.17.91 Swedish translation,project-context,c87a2f1d3080b981b8bdfb88,review-commit,https://github.com/yeager/translations/blob/4a97a335bb9bb177d69df66255daf277f20b3782/mailfromd/mailfromd-8.17.91.sv.po,56c63a5da76b4bf68280a0456080f0a4930e5e04418513d42e61c2b8b6f95418,{}
acc8a876d59732beed6642e7,Timeout for RCPT response.,Timeout för svar från RCPT.,mailfromd,mailfromd-8.17.91.sv.po,,Bilingual translation changed in reviewed commit: Add reviewed mailfromd 8.17.91 Swedish translation,project-context,dfb09508582d033142f966fa,review-commit,https://github.com/yeager/translations/blob/4a97a335bb9bb177d69df66255daf277f20b3782/mailfromd/mailfromd-8.17.91.sv.po,56c63a5da76b4bf68280a0456080f0a4930e5e04418513d42e61c2b8b6f95418,{}
adf1d2c70de6aca6438ef874,select logger stream,välj loggerström,mailfromd,mailfromd-8.17.91.sv.po,,Bilingual translation changed in reviewed commit: Add reviewed mailfromd 8.17.91 Swedish translation,project-context,97f711a3417b0de4de98a1bc,review-commit,https://github.com/yeager/translations/blob/4a97a335bb9bb177d69df66255daf277f20b3782/mailfromd/mailfromd-8.17.91.sv.po,56c63a5da76b4bf68280a0456080f0a4930e5e04418513d42e61c2b8b6f95418,{}
adff805795c3d0cb31046814,Operation modifiers,Modifierare av operationer,mailfromd,mailfromd-8.17.91.sv.po,,Bilingual translation changed in reviewed commit: Add reviewed mailfromd 8.17.91 Swedish translation,project-context,4932d298ed6e45a1f10db5d5,review-commit,https://github.com/yeager/translations/blob/4a97a335bb9bb177d69df66255daf277f20b3782/mailfromd/mailfromd-8.17.91.sv.po,56c63a5da76b4bf68280a0456080f0a4930e5e04418513d42e61c2b8b6f95418,{}
ae5c4090e97a07ea450a697e,Single-process mode.,Enprocessläge.,mailfromd,mailfromd-8.17.91.sv.po,,Bilingual translation changed in reviewed commit: Add reviewed mailfromd 8.17.91 Swedish translation,project-context,06a425bb150b6f34a1a25f39,review-commit,https://github.com/yeager/translations/blob/4a97a335bb9bb177d69df66255daf277f20b3782/mailfromd/mailfromd-8.17.91.sv.po,56c63a5da76b4bf68280a0456080f0a4930e5e04418513d42e61c2b8b6f95418,{}
af97ed74ff1c83f4ed3f4a2c,no more message slots available,inga fler meddelandeplatser tillgängliga,mailfromd,mailfromd-8.17.91.sv.po,,Bilingual translation changed in reviewed commit: Add reviewed mailfromd 8.17.91 Swedish translation,project-context,b02544d232aadf52420812e6,review-commit,https://github.com/yeager/translations/blob/4a97a335bb9bb177d69df66255daf277f20b3782/mailfromd/mailfromd-8.17.91.sv.po,56c63a5da76b4bf68280a0456080f0a4930e5e04418513d42e61c2b8b6f95418,{}
b11280633f464a0487dabbc7,dir: string,dir: sträng,mailfromd,mailfromd-8.17.91.sv.po,,Bilingual translation changed in reviewed commit: Add reviewed mailfromd 8.17.91 Swedish translation,project-context,6eb710372682019452d1cb66,review-commit,https://github.com/yeager/translations/blob/4a97a335bb9bb177d69df66255daf277f20b3782/mailfromd/mailfromd-8.17.91.sv.po,56c63a5da76b4bf68280a0456080f0a4930e5e04418513d42e61c2b8b6f95418,{}
b1d6d6e2dd3b74b5011bf3fc,Maximum allowed length of CNAME chains,Högsta tillåtna längd på CNAME-kedjor,mailfromd,mailfromd-8.17.91.sv.po,,Bilingual translation changed in reviewed commit: Add reviewed mailfromd 8.17.91 Swedish translation,project-context,ddc3cf66acf7b4bf733a4782,review-commit,https://github.com/yeager/translations/blob/4a97a335bb9bb177d69df66255daf277f20b3782/mailfromd/mailfromd-8.17.91.sv.po,56c63a5da76b4bf68280a0456080f0a4930e5e04418513d42e61c2b8b6f95418,{}
b2a49f7210afe39d3de090a0,run as daemon (same as -bd),kör som daemon (samma som -bd),mailfromd,mailfromd-8.17.91.sv.po,,Bilingual translation changed in reviewed commit: Add reviewed mailfromd 8.17.91 Swedish translation,project-context,cd49cf9372e3eac12df987ce,review-commit,https://github.com/yeager/translations/blob/4a97a335bb9bb177d69df66255daf277f20b3782/mailfromd/mailfromd-8.17.91.sv.po,56c63a5da76b4bf68280a0456080f0a4930e5e04418513d42e61c2b8b6f95418,{}
b32a8293a4861b37d4dcc30b,NUMBER,TAL,mailfromd,mailfromd-8.17.91.sv.po,,Bilingual translation changed in reviewed commit: Add reviewed mailfromd 8.17.91 Swedish translation,project-context,a863b06ae047ad7d46f3f680,review-commit,https://github.com/yeager/translations/blob/4a97a335bb9bb177d69df66255daf277f20b3782/mailfromd/mailfromd-8.17.91.sv.po,56c63a5da76b4bf68280a0456080f0a4930e5e04418513d42e61c2b8b6f95418,{}
b3519862bd340f0ad561b939,symbol table is full,symbolbordet är fullt,mailfromd,mailfromd-8.17.91.sv.po,,Bilingual translation changed in reviewed commit: Add reviewed mailfromd 8.17.91 Swedish translation,project-context,1ec7c8211ce4a0be0c63f2fd,review-commit,https://github.com/yeager/translations/blob/4a97a335bb9bb177d69df66255daf277f20b3782/mailfromd/mailfromd-8.17.91.sv.po,56c63a5da76b4bf68280a0456080f0a4930e5e04418513d42e61c2b8b6f95418,{}
b4b477485338be394cbfca37,malformed canonical stream,missbildad kanonisk ström,mailfromd,mailfromd-8.17.91.sv.po,,Bilingual translation changed in reviewed commit: Add reviewed mailfromd 8.17.91 Swedish translation,project-context,010a8ec28d878586bffa541c,review-commit,https://github.com/yeager/translations/blob/4a97a335bb9bb177d69df66255daf277f20b3782/mailfromd/mailfromd-8.17.91.sv.po,56c63a5da76b4bf68280a0456080f0a4930e5e04418513d42e61c2b8b6f95418,{}
b710b952aa7641f1c4f86ae4,set communication socket,ställ in kommunikationsuttag,mailfromd,mailfromd-8.17.91.sv.po,,Bilingual translation changed in reviewed commit: Add reviewed mailfromd 8.17.91 Swedish translation,project-context,3059a78ead5d90c3294accbe,review-commit,https://github.com/yeager/translations/blob/4a97a335bb9bb177d69df66255daf277f20b3782/mailfromd/mailfromd-8.17.91.sv.po,56c63a5da76b4bf68280a0456080f0a4930e5e04418513d42e61c2b8b6f95418,{}
b75c5c46260033741b3a9a46,header not found,rubriken hittades inte,mailfromd,mailfromd-8.17.91.sv.po,,Bilingual translation changed in reviewed commit: Add reviewed mailfromd 8.17.91 Swedish translation,project-context,548abb62cb6ecc8e74369f58,review-commit,https://github.com/yeager/translations/blob/4a97a335bb9bb177d69df66255daf277f20b3782/mailfromd/mailfromd-8.17.91.sv.po,56c63a5da76b4bf68280a0456080f0a4930e5e04418513d42e61c2b8b6f95418,{}
b7a06cbbb116399709e1372a,Name of the database file,Namn på databasfilen,mailfromd,mailfromd-8.17.91.sv.po,,Bilingual translation changed in reviewed commit: Add reviewed mailfromd 8.17.91 Swedish translation,project-context,b861e76aad98fba85bfa0c04,review-commit,https://github.com/yeager/translations/blob/4a97a335bb9bb177d69df66255daf277f20b3782/mailfromd/mailfromd-8.17.91.sv.po,56c63a5da76b4bf68280a0456080f0a4930e5e04418513d42e61c2b8b6f95418,{}
b82ef0c290df2c37ef56b078,interactive mode,interaktivt läge,mailfromd,mailfromd-8.17.91.sv.po,,Bilingual translation changed in reviewed commit: Add reviewed mailfromd 8.17.91 Swedish translation,project-context,8d09df04105766c28291b428,review-commit,https://github.com/yeager/translations/blob/4a97a335bb9bb177d69df66255daf277f20b3782/mailfromd/mailfromd-8.17.91.sv.po,56c63a5da76b4bf68280a0456080f0a4930e5e04418513d42e61c2b8b6f95418,{}
b89d0e0ed5f3f7d7675dea6d,mfdbtool -- Mailfromd database management tool,mfdbtool -- Verktyg för hantering av Mailfromd-databasen,mailfromd,mailfromd-8.17.91.sv.po,,Bilingual translation changed in reviewed commit: Add reviewed mailfromd 8.17.91 Swedish translation,project-context,69ab8c7864c9ff317005e7bc,review-commit,https://github.com/yeager/translations/blob/4a97a335bb9bb177d69df66255daf277f20b3782/mailfromd/mailfromd-8.17.91.sv.po,56c63a5da76b4bf68280a0456080f0a4930e5e04418513d42e61c2b8b6f95418,{}
ba1f6c1d58f0c7bae102e769,cannot reallocate stream buffer,kan inte omfördela strömbufferten,mailfromd,mailfromd-8.17.91.sv.po,,Bilingual translation changed in reviewed commit: Add reviewed mailfromd 8.17.91 Swedish translation,project-context,688479eab96b0284e5186ae5,review-commit,https://github.com/yeager/translations/blob/4a97a335bb9bb177d69df66255daf277f20b3782/mailfromd/mailfromd-8.17.91.sv.po,56c63a5da76b4bf68280a0456080f0a4930e5e04418513d42e61c2b8b6f95418,{}
ba245aa0faaa606e5ce46243,enable transcript of SMTP sessions,aktivera transkribering av SMTP-sessioner,mailfromd,mailfromd-8.17.91.sv.po,,Bilingual translation changed in reviewed commit: Add reviewed mailfromd 8.17.91 Swedish translation,project-context,0d092f30a817f88fa1e503bb,review-commit,https://github.com/yeager/translations/blob/4a97a335bb9bb177d69df66255daf277f20b3782/mailfromd/mailfromd-8.17.91.sv.po,56c63a5da76b4bf68280a0456080f0a4930e5e04418513d42e61c2b8b6f95418,{}
bb10b7838f578172f401f9d7,file: string,fil: sträng,mailfromd,mailfromd-8.17.91.sv.po,,Bilingual translation changed in reviewed commit: Add reviewed mailfromd 8.17.91 Swedish translation,project-context,22c15af4875293ec65c7dac0,review-commit,https://github.com/yeager/translations/blob/4a97a335bb9bb177d69df66255daf277f20b3782/mailfromd/mailfromd-8.17.91.sv.po,56c63a5da76b4bf68280a0456080f0a4930e5e04418513d42e61c2b8b6f95418,{}
bb449e8af2e4e9efbbaf4f8e,no previous regular expression,inget tidigare reguljärt uttryck,mailfromd,mailfromd-8.17.91.sv.po,,Bilingual translation changed in reviewed commit: Add reviewed mailfromd 8.17.91 Swedish translation,project-context,24643d4ec657f1f093ae6ad1,review-commit,https://github.com/yeager/translations/blob/4a97a335bb9bb177d69df66255daf277f20b3782/mailfromd/mailfromd-8.17.91.sv.po,56c63a5da76b4bf68280a0456080f0a4930e5e04418513d42e61c2b8b6f95418,{}
bb846631780251acfd00e0b8,`precious' used with const,`precious' används med const,mailfromd,mailfromd-8.17.91.sv.po,,Bilingual translation changed in reviewed commit: Add reviewed mailfromd 8.17.91 Swedish translation,project-context,7d41f3551003b6447cccd920,review-commit,https://github.com/yeager/translations/blob/4a97a335bb9bb177d69df66255daf277f20b3782/mailfromd/mailfromd-8.17.91.sv.po,56c63a5da76b4bf68280a0456080f0a4930e5e04418513d42e61c2b8b6f95418,{}
bcb5967468074a37bfc18510,file,fil,mailfromd,mailfromd-8.17.91.sv.po,,Bilingual translation changed in reviewed commit: Add reviewed mailfromd 8.17.91 Swedish translation,project-context,5f4df06f8e0222115deacbd0,review-commit,https://github.com/yeager/translations/blob/4a97a335bb9bb177d69df66255daf277f20b3782/mailfromd/mailfromd-8.17.91.sv.po,56c63a5da76b4bf68280a0456080f0a4930e5e04418513d42e61c2b8b6f95418,{}
bdeb1ee374487843e0aefdb6,stack trace finishes,stackspårningen avslutas,mailfromd,mailfromd-8.17.91.sv.po,,Bilingual translation changed in reviewed commit: Add reviewed mailfromd 8.17.91 Swedish translation,project-context,aa718ce56ffd3bdf2c81f908,review-commit,https://github.com/yeager/translations/blob/4a97a335bb9bb177d69df66255daf277f20b3782/mailfromd/mailfromd-8.17.91.sv.po,56c63a5da76b4bf68280a0456080f0a4930e5e04418513d42e61c2b8b6f95418,{}
be34b6cf77a6c83d7df8374f,end of file in shell block,slutet av filen i skalblock,mailfromd,mailfromd-8.17.91.sv.po,,Bilingual translation changed in reviewed commit: Add reviewed mailfromd 8.17.91 Swedish translation,project-context,c8b6d5ad1d2f429ed7144287,review-commit,https://github.com/yeager/translations/blob/4a97a335bb9bb177d69df66255daf277f20b3782/mailfromd/mailfromd-8.17.91.sv.po,56c63a5da76b4bf68280a0456080f0a4930e5e04418513d42e61c2b8b6f95418,{}
bef09e216848bc442bc943be,argument parsing failed,parsning av argument misslyckades,mailfromd,mailfromd-8.17.91.sv.po,,Bilingual translation changed in reviewed commit: Add reviewed mailfromd 8.17.91 Swedish translation,project-context,9970fb497acfaa032f12be43,review-commit,https://github.com/yeager/translations/blob/4a97a335bb9bb177d69df66255daf277f20b3782/mailfromd/mailfromd-8.17.91.sv.po,56c63a5da76b4bf68280a0456080f0a4930e5e04418513d42e61c2b8b6f95418,{}
bf7c61d36d7e75583a04f2d4,trace executed actions,spåra utförda åtgärder,mailfromd,mailfromd-8.17.91.sv.po,,Bilingual translation changed in reviewed commit: Add reviewed mailfromd 8.17.91 Swedish translation,project-context,554b91b5662625959e8c55c7,review-commit,https://github.com/yeager/translations/blob/4a97a335bb9bb177d69df66255daf277f20b3782/mailfromd/mailfromd-8.17.91.sv.po,56c63a5da76b4bf68280a0456080f0a4930e5e04418513d42e61c2b8b6f95418,{}
c0ff22b617dfae0eb212b659,remote side has closed connection,fjärrsidan har sluten anslutning,mailfromd,mailfromd-8.17.91.sv.po,,Bilingual translation changed in reviewed commit: Add reviewed mailfromd 8.17.91 Swedish translation,project-context,40525bd21ccaf679bb3bd87d,review-commit,https://github.com/yeager/translations/blob/4a97a335bb9bb177d69df66255daf277f20b3782/mailfromd/mailfromd-8.17.91.sv.po,56c63a5da76b4bf68280a0456080f0a4930e5e04418513d42e61c2b8b6f95418,{}
c1f93d5700e50bee671b5c2f,tempfail code should be 4xx,tempfail-koden bör vara 4xx,mailfromd,mailfromd-8.17.91.sv.po,,Bilingual translation changed in reviewed commit: Add reviewed mailfromd 8.17.91 Swedish translation,project-context,55224e66a742bfe0d52166be,review-commit,https://github.com/yeager/translations/blob/4a97a335bb9bb177d69df66255daf277f20b3782/mailfromd/mailfromd-8.17.91.sv.po,56c63a5da76b4bf68280a0456080f0a4930e5e04418513d42e61c2b8b6f95418,{}
c23e6066aa60c92e1150ad2c,restart (SIGHUP) will not work,omstart (SIGHUP) fungerar inte,mailfromd,mailfromd-8.17.91.sv.po,,Bilingual translation changed in reviewed commit: Add reviewed mailfromd 8.17.91 Swedish translation,project-context,e9de2289233fdbf433c6b042,review-commit,https://github.com/yeager/translations/blob/4a97a335bb9bb177d69df66255daf277f20b3782/mailfromd/mailfromd-8.17.91.sv.po,56c63a5da76b4bf68280a0456080f0a4930e5e04418513d42e61c2b8b6f95418,{}
c282c73d1b7ad6e5f3c54979,terminating subprocesses,avsluta delprocesser,mailfromd,mailfromd-8.17.91.sv.po,,Bilingual translation changed in reviewed commit: Add reviewed mailfromd 8.17.91 Swedish translation,project-context,5d79ffb15e68edf5b55f15b8,review-commit,https://github.com/yeager/translations/blob/4a97a335bb9bb177d69df66255daf277f20b3782/mailfromd/mailfromd-8.17.91.sv.po,56c63a5da76b4bf68280a0456080f0a4930e5e04418513d42e61c2b8b6f95418,{}
c2c2b5c880f45a6e92898da1,type,typ,mailfromd,mailfromd-8.17.91.sv.po,,Bilingual translation changed in reviewed commit: Add reviewed mailfromd 8.17.91 Swedish translation,project-context,ccabe6ef49570daf91051426,review-commit,https://github.com/yeager/translations/blob/4a97a335bb9bb177d69df66255daf277f20b3782/mailfromd/mailfromd-8.17.91.sv.po,56c63a5da76b4bf68280a0456080f0a4930e5e04418513d42e61c2b8b6f95418,{}
c3a7bb56164cfb2478f97080,Maximum number of dynamically loaded modules.,Maximalt antal dynamiskt laddade moduler.,mailfromd,mailfromd-8.17.91.sv.po,,Bilingual translation changed in reviewed commit: Add reviewed mailfromd 8.17.91 Swedish translation,project-context,6ca5a74affd6e65e8e96fccf,review-commit,https://github.com/yeager/translations/blob/4a97a335bb9bb177d69df66255daf277f20b3782/mailfromd/mailfromd-8.17.91.sv.po,56c63a5da76b4bf68280a0456080f0a4930e5e04418513d42e61c2b8b6f95418,{}
c3a81649e75f5d3245116b23,set sender socket address,ange avsändarens socketadress,mailfromd,mailfromd-8.17.91.sv.po,,Bilingual translation changed in reviewed commit: Add reviewed mailfromd 8.17.91 Swedish translation,project-context,da9ba0ff2556a74da0a5153f,review-commit,https://github.com/yeager/translations/blob/4a97a335bb9bb177d69df66255daf277f20b3782/mailfromd/mailfromd-8.17.91.sv.po,56c63a5da76b4bf68280a0456080f0a4930e5e04418513d42e61c2b8b6f95418,{}
c3b6c5db4119dd60791c76fb,listen on the given URL,lyssna på den angivna URL:en,mailfromd,mailfromd-8.17.91.sv.po,,Bilingual translation changed in reviewed commit: Add reviewed mailfromd 8.17.91 Swedish translation,project-context,19448ed01a7f98b16be67e1c,review-commit,https://github.com/yeager/translations/blob/4a97a335bb9bb177d69df66255daf277f20b3782/mailfromd/mailfromd-8.17.91.sv.po,56c63a5da76b4bf68280a0456080f0a4930e5e04418513d42e61c2b8b6f95418,{}
c4f0b8cc1ee79cf1bbdd8f1b,preprocess source files and exit,förbehandla källfiler och avsluta,mailfromd,mailfromd-8.17.91.sv.po,,Bilingual translation changed in reviewed commit: Add reviewed mailfromd 8.17.91 Swedish translation,project-context,0244aaa1ff45a9997736277c,review-commit,https://github.com/yeager/translations/blob/4a97a335bb9bb177d69df66255daf277f20b3782/mailfromd/mailfromd-8.17.91.sv.po,56c63a5da76b4bf68280a0456080f0a4930e5e04418513d42e61c2b8b6f95418,{}
c560fb66c603044ba6e341c1,COMMAND,KOMMANDO,mailfromd,mailfromd-8.17.91.sv.po,,Bilingual translation changed in reviewed commit: Add reviewed mailfromd 8.17.91 Swedish translation,project-context,c77288328f5a78f7d8b6c737,review-commit,https://github.com/yeager/translations/blob/4a97a335bb9bb177d69df66255daf277f20b3782/mailfromd/mailfromd-8.17.91.sv.po,56c63a5da76b4bf68280a0456080f0a4930e5e04418513d42e61c2b8b6f95418,{}
c5e699699de9c9631fd8fcd7,reject code should be 5xx,avvisningskoden ska vara 5xx,mailfromd,mailfromd-8.17.91.sv.po,,Bilingual translation changed in reviewed commit: Add reviewed mailfromd 8.17.91 Swedish translation,project-context,06e93635d8bf7d6c0cdad539,review-commit,https://github.com/yeager/translations/blob/4a97a335bb9bb177d69df66255daf277f20b3782/mailfromd/mailfromd-8.17.91.sv.po,56c63a5da76b4bf68280a0456080f0a4930e5e04418513d42e61c2b8b6f95418,{}
c7d9f71d37c90edf577b1348,previously defined here,tidigare definierad här,mailfromd,mailfromd-8.17.91.sv.po,,Bilingual translation changed in reviewed commit: Add reviewed mailfromd 8.17.91 Swedish translation,project-context,858da7f8f5501e3e988c86bf,review-commit,https://github.com/yeager/translations/blob/4a97a335bb9bb177d69df66255daf277f20b3782/mailfromd/mailfromd-8.17.91.sv.po,56c63a5da76b4bf68280a0456080f0a4930e5e04418513d42e61c2b8b6f95418,{}
c8a15b6a535982934f15cd5d,"FAMILY[,HOSTNAME,ADDRESS[,PORT]]","FAMILJ[,VÄRDNAMN,ADRESS[,PORT]]",mailfromd,mailfromd-8.17.91.sv.po,,Bilingual translation changed in reviewed commit: Add reviewed mailfromd 8.17.91 Swedish translation,project-context,44801f29470413f9ed4b8be8,review-commit,https://github.com/yeager/translations/blob/4a97a335bb9bb177d69df66255daf277f20b3782/mailfromd/mailfromd-8.17.91.sv.po,56c63a5da76b4bf68280a0456080f0a4930e5e04418513d42e61c2b8b6f95418,{}
caf008ed85d0338303e8e6d9,heap overrun; increase #pragma stacksize,överskridande av heap; öka #pragma stacksize,mailfromd,mailfromd-8.17.91.sv.po,,Bilingual translation changed in reviewed commit: Add reviewed mailfromd 8.17.91 Swedish translation,project-context,8677809611f72d697924ca89,review-commit,https://github.com/yeager/translations/blob/4a97a335bb9bb177d69df66255daf277f20b3782/mailfromd/mailfromd-8.17.91.sv.po,56c63a5da76b4bf68280a0456080f0a4930e5e04418513d42e61c2b8b6f95418,{}
cbdf745ce3a67bba30e1102a,path too long,vägen för lång,mailfromd,mailfromd-8.17.91.sv.po,,Bilingual translation changed in reviewed commit: Add reviewed mailfromd 8.17.91 Swedish translation,project-context,fc6b500d0cab7c881d1f73e9,review-commit,https://github.com/yeager/translations/blob/4a97a335bb9bb177d69df66255daf277f20b3782/mailfromd/mailfromd-8.17.91.sv.po,56c63a5da76b4bf68280a0456080f0a4930e5e04418513d42e61c2b8b6f95418,{}
cc84172c234b5f943b57c21d,unknown,okänd,mailfromd,mailfromd-8.17.91.sv.po,,Bilingual translation changed in reviewed commit: Add reviewed mailfromd 8.17.91 Swedish translation,project-context,01db2d1d56ed0d5ad49ca040,review-commit,https://github.com/yeager/translations/blob/4a97a335bb9bb177d69df66255daf277f20b3782/mailfromd/mailfromd-8.17.91.sv.po,56c63a5da76b4bf68280a0456080f0a4930e5e04418513d42e61c2b8b6f95418,{}
cd2f0496f40cdf76268e9513,missing trailing delimiter,saknar efterföljande avgränsare,mailfromd,mailfromd-8.17.91.sv.po,,Bilingual translation changed in reviewed commit: Add reviewed mailfromd 8.17.91 Swedish translation,project-context,2754aa6528bcbb284f4a625e,review-commit,https://github.com/yeager/translations/blob/4a97a335bb9bb177d69df66255daf277f20b3782/mailfromd/mailfromd-8.17.91.sv.po,56c63a5da76b4bf68280a0456080f0a4930e5e04418513d42e61c2b8b6f95418,{}
cdd65afdb366697d416324dd,read resolver configuration from FILE,läsa resolverkonfiguration från FILE,mailfromd,mailfromd-8.17.91.sv.po,,Bilingual translation changed in reviewed commit: Add reviewed mailfromd 8.17.91 Swedish translation,project-context,24afa4fd57be848682d41472,review-commit,https://github.com/yeager/translations/blob/4a97a335bb9bb177d69df66255daf277f20b3782/mailfromd/mailfromd-8.17.91.sv.po,56c63a5da76b4bf68280a0456080f0a4930e5e04418513d42e61c2b8b6f95418,{}
d0a35d4cb80da4e6a79c4325,log to syslog (default),logga till syslog (standard),mailfromd,mailfromd-8.17.91.sv.po,,Bilingual translation changed in reviewed commit: Add reviewed mailfromd 8.17.91 Swedish translation,project-context,d86955a02dd64883af59bea3,review-commit,https://github.com/yeager/translations/blob/4a97a335bb9bb177d69df66255daf277f20b3782/mailfromd/mailfromd-8.17.91.sv.po,56c63a5da76b4bf68280a0456080f0a4930e5e04418513d42e61c2b8b6f95418,{}
d0c879b3756aae5d96f244f3,Server configuration modifiers,Modifierare för serverkonfiguration,mailfromd,mailfromd-8.17.91.sv.po,,Bilingual translation changed in reviewed commit: Add reviewed mailfromd 8.17.91 Swedish translation,project-context,e1fafeb854f9e4641f6889f9,review-commit,https://github.com/yeager/translations/blob/4a97a335bb9bb177d69df66255daf277f20b3782/mailfromd/mailfromd-8.17.91.sv.po,56c63a5da76b4bf68280a0456080f0a4930e5e04418513d42e61c2b8b6f95418,{}
d19b14f6ab77fdaca839dbff,HANDLER,HANDHAVARE,mailfromd,mailfromd-8.17.91.sv.po,,Bilingual translation changed in reviewed commit: Add reviewed mailfromd 8.17.91 Swedish translation,project-context,02e81fde67cc85893e6910dc,review-commit,https://github.com/yeager/translations/blob/4a97a335bb9bb177d69df66255daf277f20b3782/mailfromd/mailfromd-8.17.91.sv.po,56c63a5da76b4bf68280a0456080f0a4930e5e04418513d42e61c2b8b6f95418,{}
d1bcae2061ba580994bbbbbf,NAME,NAMN,mailfromd,mailfromd-8.17.91.sv.po,,Bilingual translation changed in reviewed commit: Add reviewed mailfromd 8.17.91 Swedish translation,project-context,ec6bba3fdf2dfefa88b63612,review-commit,https://github.com/yeager/translations/blob/4a97a335bb9bb177d69df66255daf277f20b3782/mailfromd/mailfromd-8.17.91.sv.po,56c63a5da76b4bf68280a0456080f0a4930e5e04418513d42e61c2b8b6f95418,{}
d1c4cdb61fa6b5bc92092455,no more files available,inga fler filer tillgängliga,mailfromd,mailfromd-8.17.91.sv.po,,Bilingual translation changed in reviewed commit: Add reviewed mailfromd 8.17.91 Swedish translation,project-context,20bfb368fdb0d392a59b6d00,review-commit,https://github.com/yeager/translations/blob/4a97a335bb9bb177d69df66255daf277f20b3782/mailfromd/mailfromd-8.17.91.sv.po,56c63a5da76b4bf68280a0456080f0a4930e5e04418513d42e61c2b8b6f95418,{}
d21465cc5a2896ef5b86a277,Set database record expiration interval,Ange utgångsintervall för databasposter,mailfromd,mailfromd-8.17.91.sv.po,,Bilingual translation changed in reviewed commit: Add reviewed mailfromd 8.17.91 Swedish translation,project-context,9b6cf0c4dadd6fddd2c1fd9d,review-commit,https://github.com/yeager/translations/blob/4a97a335bb9bb177d69df66255daf277f20b3782/mailfromd/mailfromd-8.17.91.sv.po,56c63a5da76b4bf68280a0456080f0a4930e5e04418513d42e61c2b8b6f95418,{}
d23cd6228f3aac20c1bbea63,connection not initialized,anslutningen inte initierad,mailfromd,mailfromd-8.17.91.sv.po,,Bilingual translation changed in reviewed commit: Add reviewed mailfromd 8.17.91 Swedish translation,project-context,60485b3d484798a092325d37,review-commit,https://github.com/yeager/translations/blob/4a97a335bb9bb177d69df66255daf277f20b3782/mailfromd/mailfromd-8.17.91.sv.po,56c63a5da76b4bf68280a0456080f0a4930e5e04418513d42e61c2b8b6f95418,{}
d25e4b465267b806f2bd2c28,time: interval,tid: intervall,mailfromd,mailfromd-8.17.91.sv.po,,Bilingual translation changed in reviewed commit: Add reviewed mailfromd 8.17.91 Swedish translation,project-context,79d4232885065fb197c725f6,review-commit,https://github.com/yeager/translations/blob/4a97a335bb9bb177d69df66255daf277f20b3782/mailfromd/mailfromd-8.17.91.sv.po,56c63a5da76b4bf68280a0456080f0a4930e5e04418513d42e61c2b8b6f95418,{}
d2f6d693d17bbac338ce2216,Informational and debugging options,Informations- och felsökningsalternativ,mailfromd,mailfromd-8.17.91.sv.po,,Bilingual translation changed in reviewed commit: Add reviewed mailfromd 8.17.91 Swedish translation,project-context,7be5776516a4e3ff777bae88,review-commit,https://github.com/yeager/translations/blob/4a97a335bb9bb177d69df66255daf277f20b3782/mailfromd/mailfromd-8.17.91.sv.po,56c63a5da76b4bf68280a0456080f0a4930e5e04418513d42e61c2b8b6f95418,{}
d3df434875a9aa7cd16e1eb5,delete given entries from the database,radera givna poster från databasen,mailfromd,mailfromd-8.17.91.sv.po,,Bilingual translation changed in reviewed commit: Add reviewed mailfromd 8.17.91 Swedish translation,project-context,1dd7534af6267455a0f51591,review-commit,https://github.com/yeager/translations/blob/4a97a335bb9bb177d69df66255daf277f20b3782/mailfromd/mailfromd-8.17.91.sv.po,56c63a5da76b4bf68280a0456080f0a4930e5e04418513d42e61c2b8b6f95418,{}
d46af5f875ef205c3e8e451d,message size out of representable range,meddelandets storlek utanför det representativa intervallet,mailfromd,mailfromd-8.17.91.sv.po,,Bilingual translation changed in reviewed commit: Add reviewed mailfromd 8.17.91 Swedish translation,project-context,2fc6163fe13d0e5f94238b5e,review-commit,https://github.com/yeager/translations/blob/4a97a335bb9bb177d69df66255daf277f20b3782/mailfromd/mailfromd-8.17.91.sv.po,56c63a5da76b4bf68280a0456080f0a4930e5e04418513d42e61c2b8b6f95418,{}
d4e82f6bf5d61b733c8b50fa,enable filter program tracing,aktivera spårning av filterprogram,mailfromd,mailfromd-8.17.91.sv.po,,Bilingual translation changed in reviewed commit: Add reviewed mailfromd 8.17.91 Swedish translation,project-context,41356b44926c10b5226c1412,review-commit,https://github.com/yeager/translations/blob/4a97a335bb9bb177d69df66255daf277f20b3782/mailfromd/mailfromd-8.17.91.sv.po,56c63a5da76b4bf68280a0456080f0a4930e5e04418513d42e61c2b8b6f95418,{}
d5b49728919d7b56c8f9dcc8,MFL preprocessor configuration.,Konfiguration av MFL-preprocessor.,mailfromd,mailfromd-8.17.91.sv.po,,Bilingual translation changed in reviewed commit: Add reviewed mailfromd 8.17.91 Swedish translation,project-context,9d805226c76ec7aca9685ed3,review-commit,https://github.com/yeager/translations/blob/4a97a335bb9bb177d69df66255daf277f20b3782/mailfromd/mailfromd-8.17.91.sv.po,56c63a5da76b4bf68280a0456080f0a4930e5e04418513d42e61c2b8b6f95418,{}
d69624dde471e0e5d9d5899f,invalid #line statement,ogiltig #line-sats,mailfromd,mailfromd-8.17.91.sv.po,,Bilingual translation changed in reviewed commit: Add reviewed mailfromd 8.17.91 Swedish translation,project-context,0a7d3ffc602e38cc1f88e6f1,review-commit,https://github.com/yeager/translations/blob/4a97a335bb9bb177d69df66255daf277f20b3782/mailfromd/mailfromd-8.17.91.sv.po,56c63a5da76b4bf68280a0456080f0a4930e5e04418513d42e61c2b8b6f95418,{}
d7a8bb976b5c6833f155a525,ADDRESS,ADRESS,mailfromd,mailfromd-8.17.91.sv.po,,Bilingual translation changed in reviewed commit: Add reviewed mailfromd 8.17.91 Swedish translation,project-context,15b5d05bcf21e5ed284a53d4,review-commit,https://github.com/yeager/translations/blob/4a97a335bb9bb177d69df66255daf277f20b3782/mailfromd/mailfromd-8.17.91.sv.po,56c63a5da76b4bf68280a0456080f0a4930e5e04418513d42e61c2b8b6f95418,{}
d7b05d1410876b4081000241,body size out of representable range,kroppsstorlek utanför representativt intervall,mailfromd,mailfromd-8.17.91.sv.po,,Bilingual translation changed in reviewed commit: Add reviewed mailfromd 8.17.91 Swedish translation,project-context,c3c9b81866025b2fe652c0a7,review-commit,https://github.com/yeager/translations/blob/4a97a335bb9bb177d69df66255daf277f20b3782/mailfromd/mailfromd-8.17.91.sv.po,56c63a5da76b4bf68280a0456080f0a4930e5e04418513d42e61c2b8b6f95418,{}
d7e1dc41d54c919d195dabf9,Search path for dynamically loaded modules.,Sökväg för dynamiskt laddade moduler.,mailfromd,mailfromd-8.17.91.sv.po,,Bilingual translation changed in reviewed commit: Add reviewed mailfromd 8.17.91 Swedish translation,project-context,7b9b78bcb0f19f6e516491af,review-commit,https://github.com/yeager/translations/blob/4a97a335bb9bb177d69df66255daf277f20b3782/mailfromd/mailfromd-8.17.91.sv.po,56c63a5da76b4bf68280a0456080f0a4930e5e04418513d42e61c2b8b6f95418,{}
d90846f10f652f7dcb7b738a,Set timeout for EOM.,Ställ in timeout för EOM.,mailfromd,mailfromd-8.17.91.sv.po,,Bilingual translation changed in reviewed commit: Add reviewed mailfromd 8.17.91 Swedish translation,project-context,8487192c68f6438d8038c2e6,review-commit,https://github.com/yeager/translations/blob/4a97a335bb9bb177d69df66255daf277f20b3782/mailfromd/mailfromd-8.17.91.sv.po,56c63a5da76b4bf68280a0456080f0a4930e5e04418513d42e61c2b8b6f95418,{}
d94026dcdc2e1d446de925e7,name: string,namn: sträng,mailfromd,mailfromd-8.17.91.sv.po,,Bilingual translation changed in reviewed commit: Add reviewed mailfromd 8.17.91 Swedish translation,project-context,973791f240180a41680c1a93,review-commit,https://github.com/yeager/translations/blob/4a97a335bb9bb177d69df66255daf277f20b3782/mailfromd/mailfromd-8.17.91.sv.po,56c63a5da76b4bf68280a0456080f0a4930e5e04418513d42e61c2b8b6f95418,{}
d99b03bb0ff2fbc2f23ef2f2,mailfromd terminated with unrecognized status,mailfromd avslutat med okänd status,mailfromd,mailfromd-8.17.91.sv.po,,Bilingual translation changed in reviewed commit: Add reviewed mailfromd 8.17.91 Swedish translation,project-context,66d2099702dbcc62ba5a6193,review-commit,https://github.com/yeager/translations/blob/4a97a335bb9bb177d69df66255daf277f20b3782/mailfromd/mailfromd-8.17.91.sv.po,56c63a5da76b4bf68280a0456080f0a4930e5e04418513d42e61c2b8b6f95418,{}
db121e2ff61bb518850c6c75,check syntax and exit,kontrollera syntax och avsluta,mailfromd,mailfromd-8.17.91.sv.po,,Bilingual translation changed in reviewed commit: Add reviewed mailfromd 8.17.91 Swedish translation,project-context,80dccd886d0d0759ed92108f,review-commit,https://github.com/yeager/translations/blob/4a97a335bb9bb177d69df66255daf277f20b3782/mailfromd/mailfromd-8.17.91.sv.po,56c63a5da76b4bf68280a0456080f0a4930e5e04418513d42e61c2b8b6f95418,{}
db464ef5b37ab629a78b284f,dump lexical analyzer traces,dumpa spår av lexikal analysator,mailfromd,mailfromd-8.17.91.sv.po,,Bilingual translation changed in reviewed commit: Add reviewed mailfromd 8.17.91 Swedish translation,project-context,4994e84a1aba7409c0a2ca5a,review-commit,https://github.com/yeager/translations/blob/4a97a335bb9bb177d69df66255daf277f20b3782/mailfromd/mailfromd-8.17.91.sv.po,56c63a5da76b4bf68280a0456080f0a4930e5e04418513d42e61c2b8b6f95418,{}
dbdb595c3018d4a5e22173f9,dupn: negative count,dupn: negativ räkning,mailfromd,mailfromd-8.17.91.sv.po,,Bilingual translation changed in reviewed commit: Add reviewed mailfromd 8.17.91 Swedish translation,project-context,ac386feef7450664f0fc9fee,review-commit,https://github.com/yeager/translations/blob/4a97a335bb9bb177d69df66255daf277f20b3782/mailfromd/mailfromd-8.17.91.sv.po,56c63a5da76b4bf68280a0456080f0a4930e5e04418513d42e61c2b8b6f95418,{}
de2403fa801a4e7626b25aad,Maximum number of threads (soft limit).,Maximalt antal trådar (soft limit).,mailfromd,mailfromd-8.17.91.sv.po,,Bilingual translation changed in reviewed commit: Add reviewed mailfromd 8.17.91 Swedish translation,project-context,d5f9a17231aef931627ae04a,review-commit,https://github.com/yeager/translations/blob/4a97a335bb9bb177d69df66255daf277f20b3782/mailfromd/mailfromd-8.17.91.sv.po,56c63a5da76b4bf68280a0456080f0a4930e5e04418513d42e61c2b8b6f95418,{}
e01a86bf51274682b261c6c6,not enough arguments,inte tillräckligt med argument,mailfromd,mailfromd-8.17.91.sv.po,,Bilingual translation changed in reviewed commit: Add reviewed mailfromd 8.17.91 Swedish translation,project-context,db9744674bbde0532df9681c,review-commit,https://github.com/yeager/translations/blob/4a97a335bb9bb177d69df66255daf277f20b3782/mailfromd/mailfromd-8.17.91.sv.po,56c63a5da76b4bf68280a0456080f0a4930e5e04418513d42e61c2b8b6f95418,{}
e04e5fdd8411a00f61daf822,Configure MFL runtime values.,Konfigurera MFL:s runtime-värden.,mailfromd,mailfromd-8.17.91.sv.po,,Bilingual translation changed in reviewed commit: Add reviewed mailfromd 8.17.91 Swedish translation,project-context,886162a0c74abd48b256b85a,review-commit,https://github.com/yeager/translations/blob/4a97a335bb9bb177d69df66255daf277f20b3782/mailfromd/mailfromd-8.17.91.sv.po,56c63a5da76b4bf68280a0456080f0a4930e5e04418513d42e61c2b8b6f95418,{}
e30584504261f03041e08117,argument out of range,argument utanför intervallet,mailfromd,mailfromd-8.17.91.sv.po,,Bilingual translation changed in reviewed commit: Add reviewed mailfromd 8.17.91 Swedish translation,project-context,b75ef76ded03a0a8bad2d6f9,review-commit,https://github.com/yeager/translations/blob/4a97a335bb9bb177d69df66255daf277f20b3782/mailfromd/mailfromd-8.17.91.sv.po,56c63a5da76b4bf68280a0456080f0a4930e5e04418513d42e61c2b8b6f95418,{}
e35daa215345964a5eb3b9d7,DB file name to operate upon,DB-filnamn att arbeta med,mailfromd,mailfromd-8.17.91.sv.po,,Bilingual translation changed in reviewed commit: Add reviewed mailfromd 8.17.91 Swedish translation,project-context,57fbc3b892edf03d7f88319d,review-commit,https://github.com/yeager/translations/blob/4a97a335bb9bb177d69df66255daf277f20b3782/mailfromd/mailfromd-8.17.91.sv.po,56c63a5da76b4bf68280a0456080f0a4930e5e04418513d42e61c2b8b6f95418,{}
e38c725737435a2e09a5b25d,--format is incompatible with --all,--format är inkompatibelt med --all,mailfromd,mailfromd-8.17.91.sv.po,,Bilingual translation changed in reviewed commit: Add reviewed mailfromd 8.17.91 Swedish translation,project-context,26d6e23759909d56327701d0,review-commit,https://github.com/yeager/translations/blob/4a97a335bb9bb177d69df66255daf277f20b3782/mailfromd/mailfromd-8.17.91.sv.po,56c63a5da76b4bf68280a0456080f0a4930e5e04418513d42e61c2b8b6f95418,{}
e42bce8dbd5acd97a112a0a4,arg: interval,arg: intervall,mailfromd,mailfromd-8.17.91.sv.po,,Bilingual translation changed in reviewed commit: Add reviewed mailfromd 8.17.91 Swedish translation,project-context,019dfdc8945c225a81aae1cf,review-commit,https://github.com/yeager/translations/blob/4a97a335bb9bb177d69df66255daf277f20b3782/mailfromd/mailfromd-8.17.91.sv.po,56c63a5da76b4bf68280a0456080f0a4930e5e04418513d42e61c2b8b6f95418,{}
e44c126f9304a5133dfce5e8,add DIR to the load path,lägg till DIR i laddningsstigen,mailfromd,mailfromd-8.17.91.sv.po,,Bilingual translation changed in reviewed commit: Add reviewed mailfromd 8.17.91 Swedish translation,project-context,6d02b0f7050408aecc281880,review-commit,https://github.com/yeager/translations/blob/4a97a335bb9bb177d69df66255daf277f20b3782/mailfromd/mailfromd-8.17.91.sv.po,56c63a5da76b4bf68280a0456080f0a4930e5e04418513d42e61c2b8b6f95418,{}
e51c77b155e22c1c47c94aac,compile files,kompilera filer,mailfromd,mailfromd-8.17.91.sv.po,,Bilingual translation changed in reviewed commit: Add reviewed mailfromd 8.17.91 Swedish translation,project-context,6338270b7da540f90dc77d01,review-commit,https://github.com/yeager/translations/blob/4a97a335bb9bb177d69df66255daf277f20b3782/mailfromd/mailfromd-8.17.91.sv.po,56c63a5da76b4bf68280a0456080f0a4930e5e04418513d42e61c2b8b6f95418,{}
e5639ac795aee1a0dcacc26e,Enable or disable the database,Aktivera eller inaktivera databasen,mailfromd,mailfromd-8.17.91.sv.po,,Bilingual translation changed in reviewed commit: Add reviewed mailfromd 8.17.91 Swedish translation,project-context,a4dcd02406f38c88aa60ce41,review-commit,https://github.com/yeager/translations/blob/4a97a335bb9bb177d69df66255daf277f20b3782/mailfromd/mailfromd-8.17.91.sv.po,56c63a5da76b4bf68280a0456080f0a4930e5e04418513d42e61c2b8b6f95418,{}
e63b0c1ac0b65cec70968a6d,Enable preprocessor (default).,Aktivera preprocessor (standard).,mailfromd,mailfromd-8.17.91.sv.po,,Bilingual translation changed in reviewed commit: Add reviewed mailfromd 8.17.91 Swedish translation,project-context,b03b6fdb6c90d2d5d7a522f9,review-commit,https://github.com/yeager/translations/blob/4a97a335bb9bb177d69df66255daf277f20b3782/mailfromd/mailfromd-8.17.91.sv.po,56c63a5da76b4bf68280a0456080f0a4930e5e04418513d42e61c2b8b6f95418,{}
e6814a7a99e723b6ca5bdd8b,end of input,slut på inmatning,mailfromd,mailfromd-8.17.91.sv.po,,Bilingual translation changed in reviewed commit: Add reviewed mailfromd 8.17.91 Swedish translation,project-context,b022cae6e4b2026125816e0d,review-commit,https://github.com/yeager/translations/blob/4a97a335bb9bb177d69df66255daf277f20b3782/mailfromd/mailfromd-8.17.91.sv.po,56c63a5da76b4bf68280a0456080f0a4930e5e04418513d42e61c2b8b6f95418,{}
e70e242286488e7e5dcb6ca4,Set source address for TCP connections.,Ange källadress för TCP-anslutningar.,mailfromd,mailfromd-8.17.91.sv.po,,Bilingual translation changed in reviewed commit: Add reviewed mailfromd 8.17.91 Swedish translation,project-context,124d07e001431b5f2eac7952,review-commit,https://github.com/yeager/translations/blob/4a97a335bb9bb177d69df66255daf277f20b3782/mailfromd/mailfromd-8.17.91.sv.po,56c63a5da76b4bf68280a0456080f0a4930e5e04418513d42e61c2b8b6f95418,{}
e7837553cd431e1f00750938,Dump stack traces on runtime errors.,Dumpa stackspår vid körtidsfel.,mailfromd,mailfromd-8.17.91.sv.po,,Bilingual translation changed in reviewed commit: Add reviewed mailfromd 8.17.91 Swedish translation,project-context,2d10fa496f562776e0ba9510,review-commit,https://github.com/yeager/translations/blob/4a97a335bb9bb177d69df66255daf277f20b3782/mailfromd/mailfromd-8.17.91.sv.po,56c63a5da76b4bf68280a0456080f0a4930e5e04418513d42e61c2b8b6f95418,{}
e8dc47edf60e95f26eaa81e7,MODULES,MODULER,mailfromd,mailfromd-8.17.91.sv.po,,Bilingual translation changed in reviewed commit: Add reviewed mailfromd 8.17.91 Swedish translation,project-context,3b4f4b1309408466e3d68b04,review-commit,https://github.com/yeager/translations/blob/4a97a335bb9bb177d69df66255daf277f20b3782/mailfromd/mailfromd-8.17.91.sv.po,56c63a5da76b4bf68280a0456080f0a4930e5e04418513d42e61c2b8b6f95418,{}
e99a02da77476d19ec23cde8,gacopyz_srv_negotiate: not enough data returned,gacopyz_srv_negotiate: inte tillräckligt med data returnerades,mailfromd,mailfromd-8.17.91.sv.po,,Bilingual translation changed in reviewed commit: Add reviewed mailfromd 8.17.91 Swedish translation,project-context,caf9dd5ddeb56f2f592670bc,review-commit,https://github.com/yeager/translations/blob/4a97a335bb9bb177d69df66255daf277f20b3782/mailfromd/mailfromd-8.17.91.sv.po,56c63a5da76b4bf68280a0456080f0a4930e5e04418513d42e61c2b8b6f95418,{}
ea049f2ae09b2f2f6d0bfcf8,TIME,TID,mailfromd,mailfromd-8.17.91.sv.po,,Bilingual translation changed in reviewed commit: Add reviewed mailfromd 8.17.91 Swedish translation,project-context,e849ccb913cb4d83874fac4d,review-commit,https://github.com/yeager/translations/blob/4a97a335bb9bb177d69df66255daf277f20b3782/mailfromd/mailfromd-8.17.91.sv.po,56c63a5da76b4bf68280a0456080f0a4930e5e04418513d42e61c2b8b6f95418,{}
eb6987db746d858cf250b6ac,numeric value out of range,numeriskt värde utanför intervallet,mailfromd,mailfromd-8.17.91.sv.po,,Bilingual translation changed in reviewed commit: Add reviewed mailfromd 8.17.91 Swedish translation,project-context,4120fb014a59d8dfdd01f1db,review-commit,https://github.com/yeager/translations/blob/4a97a335bb9bb177d69df66255daf277f20b3782/mailfromd/mailfromd-8.17.91.sv.po,56c63a5da76b4bf68280a0456080f0a4930e5e04418513d42e61c2b8b6f95418,{}
ed1bbe764fc73c9d1d9bb712,DKIM failed,DKIM misslyckades,mailfromd,mailfromd-8.17.91.sv.po,,Bilingual translation changed in reviewed commit: Add reviewed mailfromd 8.17.91 Swedish translation,project-context,a194344a694c3e0714d417cc,review-commit,https://github.com/yeager/translations/blob/4a97a335bb9bb177d69df66255daf277f20b3782/mailfromd/mailfromd-8.17.91.sv.po,56c63a5da76b4bf68280a0456080f0a4930e5e04418513d42e61c2b8b6f95418,{}
ed7b0a3e89506d014270eaa7,duplicate while statement,duplicera while-satsen,mailfromd,mailfromd-8.17.91.sv.po,,Bilingual translation changed in reviewed commit: Add reviewed mailfromd 8.17.91 Swedish translation,project-context,e0d18160067ee676e417ee29,review-commit,https://github.com/yeager/translations/blob/4a97a335bb9bb177d69df66255daf277f20b3782/mailfromd/mailfromd-8.17.91.sv.po,56c63a5da76b4bf68280a0456080f0a4930e5e04418513d42e61c2b8b6f95418,{}
edfb5b4d08ea02a4abed6f9e,set MTA mode (-bd or -bs),ange MTA-läge (-bd eller -bs),mailfromd,mailfromd-8.17.91.sv.po,,Bilingual translation changed in reviewed commit: Add reviewed mailfromd 8.17.91 Swedish translation,project-context,3526d517242221b32d584813,review-commit,https://github.com/yeager/translations/blob/4a97a335bb9bb177d69df66255daf277f20b3782/mailfromd/mailfromd-8.17.91.sv.po,56c63a5da76b4bf68280a0456080f0a4930e5e04418513d42e61c2b8b6f95418,{}
efe31bf391ec78000285c5a3,Configure file mode for database files,Konfigurera filläge för databasfiler,mailfromd,mailfromd-8.17.91.sv.po,,Bilingual translation changed in reviewed commit: Add reviewed mailfromd 8.17.91 Swedish translation,project-context,94763b79258ae79756676227,review-commit,https://github.com/yeager/translations/blob/4a97a335bb9bb177d69df66255daf277f20b3782/mailfromd/mailfromd-8.17.91.sv.po,56c63a5da76b4bf68280a0456080f0a4930e5e04418513d42e61c2b8b6f95418,{}
f00c8534ce6030397319c871,Set milter timeout.,Ställ in milter timeout.,mailfromd,mailfromd-8.17.91.sv.po,,Bilingual translation changed in reviewed commit: Add reviewed mailfromd 8.17.91 Swedish translation,project-context,f2b2fe0c878789c19edc81a5,review-commit,https://github.com/yeager/translations/blob/4a97a335bb9bb177d69df66255daf277f20b3782/mailfromd/mailfromd-8.17.91.sv.po,56c63a5da76b4bf68280a0456080f0a4930e5e04418513d42e61c2b8b6f95418,{}
f0b9046647305d0dc56c43ad,use command as external preprocessor,använda kommandot som extern preprocessor,mailfromd,mailfromd-8.17.91.sv.po,,Bilingual translation changed in reviewed commit: Add reviewed mailfromd 8.17.91 Swedish translation,project-context,99f9c6c2b211ce67a84a803b,review-commit,https://github.com/yeager/translations/blob/4a97a335bb9bb177d69df66255daf277f20b3782/mailfromd/mailfromd-8.17.91.sv.po,56c63a5da76b4bf68280a0456080f0a4930e5e04418513d42e61c2b8b6f95418,{}
f0cc676d4ca3634567b4569f,Listen on this URL.,Lyssna på den här URL:en.,mailfromd,mailfromd-8.17.91.sv.po,,Bilingual translation changed in reviewed commit: Add reviewed mailfromd 8.17.91 Swedish translation,project-context,df1a34476f223d9233c9c6bc,review-commit,https://github.com/yeager/translations/blob/4a97a335bb9bb177d69df66255daf277f20b3782/mailfromd/mailfromd-8.17.91.sv.po,56c63a5da76b4bf68280a0456080f0a4930e5e04418513d42e61c2b8b6f95418,{}
f19eec9c3546d214340f3832,preprocessor stopped,preprocessorn stoppad,mailfromd,mailfromd-8.17.91.sv.po,,Bilingual translation changed in reviewed commit: Add reviewed mailfromd 8.17.91 Swedish translation,project-context,44fbf10c771a7d18e5716bf1,review-commit,https://github.com/yeager/translations/blob/4a97a335bb9bb177d69df66255daf277f20b3782/mailfromd/mailfromd-8.17.91.sv.po,56c63a5da76b4bf68280a0456080f0a4930e5e04418513d42e61c2b8b6f95418,{}
f28c2d0a40a8b19533d656d5,record already exists,posten finns redan,mailfromd,mailfromd-8.17.91.sv.po,,Bilingual translation changed in reviewed commit: Add reviewed mailfromd 8.17.91 Swedish translation,project-context,a703b1836866cad0f88c82f4,review-commit,https://github.com/yeager/translations/blob/4a97a335bb9bb177d69df66255daf277f20b3782/mailfromd/mailfromd-8.17.91.sv.po,56c63a5da76b4bf68280a0456080f0a4930e5e04418513d42e61c2b8b6f95418,{}
f32fb522acf5004b2b39be17,finishing connection,avslutande anslutning,mailfromd,mailfromd-8.17.91.sv.po,,Bilingual translation changed in reviewed commit: Add reviewed mailfromd 8.17.91 Swedish translation,project-context,a5404cfc57b6e99ba467d0ba,review-commit,https://github.com/yeager/translations/blob/4a97a335bb9bb177d69df66255daf277f20b3782/mailfromd/mailfromd-8.17.91.sv.po,56c63a5da76b4bf68280a0456080f0a4930e5e04418513d42e61c2b8b6f95418,{}
f345fed0bbc707c580d78ea3,mode: octal,läge: oktal,mailfromd,mailfromd-8.17.91.sv.po,,Bilingual translation changed in reviewed commit: Add reviewed mailfromd 8.17.91 Swedish translation,project-context,2781bc25ebd7f104ef793bd8,review-commit,https://github.com/yeager/translations/blob/4a97a335bb9bb177d69df66255daf277f20b3782/mailfromd/mailfromd-8.17.91.sv.po,56c63a5da76b4bf68280a0456080f0a4930e5e04418513d42e61c2b8b6f95418,{}
f48124280ab4d04acb4b4a3c,Set logger stream.,Ställ in loggerström.,mailfromd,mailfromd-8.17.91.sv.po,,Bilingual translation changed in reviewed commit: Add reviewed mailfromd 8.17.91 Swedish translation,project-context,eaedbe49b8c65849de647c01,review-commit,https://github.com/yeager/translations/blob/4a97a335bb9bb177d69df66255daf277f20b3782/mailfromd/mailfromd-8.17.91.sv.po,56c63a5da76b4bf68280a0456080f0a4930e5e04418513d42e61c2b8b6f95418,{}
f4bdc84c24a2955f83cf6dfb,run in mtasim compatibility mode,kör i mtasim-kompatibilitetsläge,mailfromd,mailfromd-8.17.91.sv.po,,Bilingual translation changed in reviewed commit: Add reviewed mailfromd 8.17.91 Swedish translation,project-context,c86fa267fc95a3628d43edd3,review-commit,https://github.com/yeager/translations/blob/4a97a335bb9bb177d69df66255daf277f20b3782/mailfromd/mailfromd-8.17.91.sv.po,56c63a5da76b4bf68280a0456080f0a4930e5e04418513d42e61c2b8b6f95418,{}
f61c683750b379ea9d37b5e3,read relayed domains from FILE,läsa vidarebefordrade domäner från FILE,mailfromd,mailfromd-8.17.91.sv.po,,Bilingual translation changed in reviewed commit: Add reviewed mailfromd 8.17.91 Swedish translation,project-context,0b248854dbcebf41500b6431,review-commit,https://github.com/yeager/translations/blob/4a97a335bb9bb177d69df66255daf277f20b3782/mailfromd/mailfromd-8.17.91.sv.po,56c63a5da76b4bf68280a0456080f0a4930e5e04418513d42e61c2b8b6f95418,{}
f741b3267b5529830f499ce5,produce a cross-reference listing,producera en korsreferenslista,mailfromd,mailfromd-8.17.91.sv.po,,Bilingual translation changed in reviewed commit: Add reviewed mailfromd 8.17.91 Swedish translation,project-context,c3f466d0847d18006bbc0c1e,review-commit,https://github.com/yeager/translations/blob/4a97a335bb9bb177d69df66255daf277f20b3782/mailfromd/mailfromd-8.17.91.sv.po,56c63a5da76b4bf68280a0456080f0a4930e5e04418513d42e61c2b8b6f95418,{}
f749210abe3aec07ed90d5e4,duplicate for statement,duplikat för uttalande,mailfromd,mailfromd-8.17.91.sv.po,,Bilingual translation changed in reviewed commit: Add reviewed mailfromd 8.17.91 Swedish translation,project-context,e36bb25d1df91dca85ceec00,review-commit,https://github.com/yeager/translations/blob/4a97a335bb9bb177d69df66255daf277f20b3782/mailfromd/mailfromd-8.17.91.sv.po,56c63a5da76b4bf68280a0456080f0a4930e5e04418513d42e61c2b8b6f95418,{}
f87028483b233b4bdae48c57,set source address for TCP connections,ange källadress för TCP-anslutningar,mailfromd,mailfromd-8.17.91.sv.po,,Bilingual translation changed in reviewed commit: Add reviewed mailfromd 8.17.91 Swedish translation,project-context,2bdb4b410f635fe0d26c32c5,review-commit,https://github.com/yeager/translations/blob/4a97a335bb9bb177d69df66255daf277f20b3782/mailfromd/mailfromd-8.17.91.sv.po,56c63a5da76b4bf68280a0456080f0a4930e5e04418513d42e61c2b8b6f95418,{}
f9718c1b561c256677194c6f,Debugging and tracing,Felsökning och spårning,mailfromd,mailfromd-8.17.91.sv.po,,Bilingual translation changed in reviewed commit: Add reviewed mailfromd 8.17.91 Swedish translation,project-context,2deb71b395807301c0abfab7,review-commit,https://github.com/yeager/translations/blob/4a97a335bb9bb177d69df66255daf277f20b3782/mailfromd/mailfromd-8.17.91.sv.po,56c63a5da76b4bf68280a0456080f0a4930e5e04418513d42e61c2b8b6f95418,{}
fce06c2fe14fe84bd725c889,Enable transcript of call-out SMTP sessions.,Aktivera transkribering av SMTP-sessioner med utrop.,mailfromd,mailfromd-8.17.91.sv.po,,Bilingual translation changed in reviewed commit: Add reviewed mailfromd 8.17.91 Swedish translation,project-context,558523f6b48c5f1384d6732c,review-commit,https://github.com/yeager/translations/blob/4a97a335bb9bb177d69df66255daf277f20b3782/mailfromd/mailfromd-8.17.91.sv.po,56c63a5da76b4bf68280a0456080f0a4930e5e04418513d42e61c2b8b6f95418,{}
ff0f28d7bfe62b12cba797cf,arg: never|always|ondemand,arg: aldrig|alltid|ondemand,mailfromd,mailfromd-8.17.91.sv.po,,Bilingual translation changed in reviewed commit: Add reviewed mailfromd 8.17.91 Swedish translation,project-context,481fe9596dde38d10022e0e0,review-commit,https://github.com/yeager/translations/blob/4a97a335bb9bb177d69df66255daf277f20b3782/mailfromd/mailfromd-8.17.91.sv.po,56c63a5da76b4bf68280a0456080f0a4930e5e04418513d42e61c2b8b6f95418,{}
ff68c6edecdd5f67453a07f6,debug messages include source information,felsökningsmeddelanden innehåller källinformation,mailfromd,mailfromd-8.17.91.sv.po,,Bilingual translation changed in reviewed commit: Add reviewed mailfromd 8.17.91 Swedish translation,project-context,1ff7bb94d3b3ed363ec3c0a8,review-commit,https://github.com/yeager/translations/blob/4a97a335bb9bb177d69df66255daf277f20b3782/mailfromd/mailfromd-8.17.91.sv.po,56c63a5da76b4bf68280a0456080f0a4930e5e04418513d42e61c2b8b6f95418,{}
