id,source,canonical,project,component,context,note,scope,review_id,publication_status,reference,evidence_sha256,source_evidence
002c0169c97fc283308f5f8d,Use Diagonal Scale Correction,Använd korrigering av diagonal skalning,PCSX2,crowdin-current-ui-batch9-20260920,"Pad
../../pcsx2/SIO/Pad/PadDualshock2.cpp:71",,project-context,f74817e08d1db3532cab28be,reviewed-receipt,https://github.com/yeager/translations/blob/67e6d27877c9cfd6b6dbc74bd852b10bdbe09c3c/PCSX2/crowdin-current-ui-batch9-20260920.json,134204bdde884be3c2722090609773e05cd73b495e902e6f39659aa156be0139,"{""artifact"":""https://crowdin.com/project/pcsx2"",""sha256"":""7ce55acc5b091da6a99cef81015ec1d7a74d17db078b2c5eb4a0448d526f2b96""}"
008201e62ef3b62bc6b6373d,System Fonts,Systemteckensnitt,PCSX2,Crowdin UI,,"Granskad filleverans. Endast färdiga, aktiva översättningar tas med; detta är inte ett påstående om separat registrerat radbeslut för varje oförändrad post.",project-context,1c4d9a56cd5c4fe8d559ba1e,reviewed-file-delivery,https://crowdin.com/project/pcsx2,c5f591f1edc9553e40265bc0be0fe67c8e4252c052a1cf8ecfb524489a5aff60,{}
0096f7ea2b51f23d5fa5328e,Add Separator,Lägg till avgränsare,PCSX2,crowdin-current-ui-batch9-20260920,"ToolbarCustomizationDialog
../ToolbarCustomizationDialog.ui:162",Publiceringsförsöket nekades enligt det äldre kvittot; texten är ett lokalt granskningsförslag.,project-context,7f8d954d4f47c460635d5486,reviewed-local,https://github.com/yeager/translations/blob/67e6d27877c9cfd6b6dbc74bd852b10bdbe09c3c/PCSX2/crowdin-current-ui-batch9-20260920.json,134204bdde884be3c2722090609773e05cd73b495e902e6f39659aa156be0139,"{""artifact"":""https://crowdin.com/project/pcsx2"",""sha256"":""325738ee7dc7a72f9f7a7fad47c8db01075b7d8913705a1fb265ad7966db1555""}"
00b1a31fdc567f2f426cdc7c,None,Ingen,PCSX2,crowdin-current-ui-batch64-20260920,"BreakpointDialog
../Debugger/Breakpoints/BreakpointDialog.ui:394",Publiceringsförsöket nekades enligt det äldre kvittot; texten är ett lokalt granskningsförslag.,project-context,aaa6307f2d8af15aaa4d98d2,reviewed-local,https://github.com/yeager/translations/blob/67e6d27877c9cfd6b6dbc74bd852b10bdbe09c3c/PCSX2/crowdin-current-ui-batch64-20260920.json,3eb6750c0d4249b01cf40b2787e9f2e9792529adfb274d1a979de2495c7acabc,"{""artifact"":""https://crowdin.com/project/pcsx2"",""sha256"":""cdfbefe9e9f50df31109e3490f0a36ee60ff4d7eca90879af68a1d8c4809c8c5""}"
00ba120acd02b5240abb89a6,Save Draw Range Start,Start för sparat ritintervall,PCSX2,Crowdin UI,,"Granskad filleverans. Endast färdiga, aktiva översättningar tas med; detta är inte ett påstående om separat registrerat radbeslut för varje oförändrad post.",project-context,3d10dc979818fd04436b607c,reviewed-file-delivery,https://crowdin.com/project/pcsx2,c5f591f1edc9553e40265bc0be0fe67c8e4252c052a1cf8ecfb524489a5aff60,{}
00e0e521cd8cb0916939dab8,Show GPU Debug Info,Visa felsökningsinformation för GPU,PCSX2,Crowdin UI,,"Granskad filleverans. Endast färdiga, aktiva översättningar tas med; detta är inte ett påstående om separat registrerat radbeslut för varje oförändrad post.",project-context,9e5a79fe1ecf4a5e59a8b645,reviewed-file-delivery,https://crowdin.com/project/pcsx2,c5f591f1edc9553e40265bc0be0fe67c8e4252c052a1cf8ecfb524489a5aff60,{}
0150839fb61e75b4b8e2d626,Account,Konto,PCSX2,crowdin-current-ui-batch54-20260920,"SetupWizardDialog
../SetupWizardDialog.ui:819",Publiceringsförsöket nekades enligt det äldre kvittot; texten är ett lokalt granskningsförslag.,project-context,5f3d528e5cab687edfb039a2,reviewed-local,https://github.com/yeager/translations/blob/67e6d27877c9cfd6b6dbc74bd852b10bdbe09c3c/PCSX2/crowdin-current-ui-batch54-20260920.json,1ea914cd857e948af6e29d5981765e20bf4f3f3bfcd3d14fdfab548fae14eacc,"{""artifact"":""https://crowdin.com/project/pcsx2"",""sha256"":""9aae34dbb7ddd718652e5726785d65e35fe4d76514fb4a087cad74aec27120d5""}"
015a8dd29796bc4a80436d03,Unlock Notification Duration,Varaktighet för upplåsningsnotis,PCSX2,Crowdin UI,,"Granskad filleverans. Endast färdiga, aktiva översättningar tas med; detta är inte ett påstående om separat registrerat radbeslut för varje oförändrad post.",project-context,28e653aa3823c82aa051399a,reviewed-file-delivery,https://crowdin.com/project/pcsx2,c5f591f1edc9553e40265bc0be0fe67c8e4252c052a1cf8ecfb524489a5aff60,{}
0161bcab35dc1a5c7d26ccd7,Disable Vertex Shader Expand,Inaktivera utökning av vertexshader,PCSX2,crowdin-current-ui-batch23-20260920,"GraphicsAdvancedSettingsTab
../Settings/GraphicsAdvancedSettingsTab.ui:325",,project-context,b38da68d7896e7f12d3704be,reviewed-receipt,https://github.com/yeager/translations/blob/67e6d27877c9cfd6b6dbc74bd852b10bdbe09c3c/PCSX2/crowdin-current-ui-batch23-20260920.json,94825b8000dc084475f7ee18208d828359829f994a9e4d0dfc9ec3c3d325f60e,"{""artifact"":""https://crowdin.com/project/pcsx2"",""sha256"":""62c8cbf5586b907cd94875ed2d61fe766dfbf8c0f8e5afc190b1cf0d2e9a372e""}"
01c73f8dda4d61bd0f279a31,Day of the month (1-31).,Månadens dag (1–31).,PCSX2,Crowdin UI,,"Granskad filleverans. Endast färdiga, aktiva översättningar tas med; detta är inte ett påstående om separat registrerat radbeslut för varje oförändrad post.",project-context,3fec3adbcfdf62307802a468,reviewed-file-delivery,https://crowdin.com/project/pcsx2,c5f591f1edc9553e40265bc0be0fe67c8e4252c052a1cf8ecfb524489a5aff60,{}
021590e71c243613a91cf1a9,Wave Filter,Vågfilter,PCSX2,crowdin-current-ui-batch19-20260920,"Hotkeys
../../pcsx2/GS/GS.cpp:1362",Publiceringsförsöket nekades enligt det äldre kvittot; texten är ett lokalt granskningsförslag.,project-context,d6871020e68ab2286048814e,reviewed-local,https://github.com/yeager/translations/blob/67e6d27877c9cfd6b6dbc74bd852b10bdbe09c3c/PCSX2/crowdin-current-ui-batch19-20260920.json,17ccc6616b1cef815b61276809e4efb6b66f1930c7e5c53901c22a4c000bffb9,"{""artifact"":""https://crowdin.com/project/pcsx2"",""sha256"":""45b2fb666c63790cc15e7e3f7c58138eebbd023700727c868bb05af70c4e82a9""}"
021b53c73c9d8fc461c3efba,Disable Framebuffer Fetch,Inaktivera hämtning av rambuffert,PCSX2,crowdin-current-ui-batch7-20260920,"GraphicsSettingsWidget
../Settings/GraphicsSettingsWidget.cpp:810",,project-context,4ce8b37565f47b4352d44fb8,reviewed-receipt,https://github.com/yeager/translations/blob/67e6d27877c9cfd6b6dbc74bd852b10bdbe09c3c/PCSX2/crowdin-current-ui-batch7-20260920.json,8c630c03eadaf91965c9d87bc474586df0a53ac156826372c002fcc927248561,"{""artifact"":""https://crowdin.com/project/pcsx2"",""sha256"":""fd46de6b92c55dd37f1b407738b8f2da4f739ff375318d1b1d014bb932fc0fea""}"
022eb131146e627c3004f0fa,Use Frame Range,Använd bildruteintervall,PCSX2,crowdin-current-ui-batch63-20260920,"DebugGSSettingsTab
../Settings/DebugGSSettingsTab.ui:254",Publiceringsförsöket nekades enligt det äldre kvittot; texten är ett lokalt granskningsförslag.,project-context,95cf7564e04cdc2ceff542d8,reviewed-local,https://github.com/yeager/translations/blob/67e6d27877c9cfd6b6dbc74bd852b10bdbe09c3c/PCSX2/crowdin-current-ui-batch63-20260920.json,08ff78cfcd818cefe89524c4604550c53e468e64909a3ca76a582c3f0c9c5540,"{""artifact"":""https://crowdin.com/project/pcsx2"",""sha256"":""52c64c870588bb94f260a6296f0bf16ee63f9410a230ed1bbcaea5e29ad7e011""}"
023bc5ab6e7598095c37f950,ROV Barriers Vulkan,ROV-barriärer för Vulkan,PCSX2,Crowdin UI,,"Granskad filleverans. Endast färdiga, aktiva översättningar tas med; detta är inte ett påstående om separat registrerat radbeslut för varje oförändrad post.",project-context,9bf0e2e87bdc8e7b432fa354,reviewed-file-delivery,https://crowdin.com/project/pcsx2,c5f591f1edc9553e40265bc0be0fe67c8e4252c052a1cf8ecfb524489a5aff60,{}
028e348dcec7bac8b976cdc3,Input New Float,Ange nytt flyttal,PCSX2,crowdin-current-ui-batch33-20260920,"MemoryViewTable
../Debugger/Memory/MemoryView.cpp:316",,project-context,3ee70d8f5d6fda24b86f5592,reviewed-receipt,https://github.com/yeager/translations/blob/67e6d27877c9cfd6b6dbc74bd852b10bdbe09c3c/PCSX2/crowdin-current-ui-batch33-20260920.json,db45917ba435e8eb96dc8e0386753426bf3263cb8c803cce452dbcc53f92b77f,"{""artifact"":""https://crowdin.com/project/pcsx2"",""sha256"":""5f74624b17dccb73d6d5e184e864d511a2661477db497fdf0e75ad350c7600de""}"
02be19438ffa940853cc47ac,Video Codec,Videokodek,PCSX2,crowdin-current-ui-batch63-20260920,"FullscreenUI
../../pcsx2/ImGui/FullscreenUI_Settings.cpp:6885",Publiceringsförsöket nekades enligt det äldre kvittot; texten är ett lokalt granskningsförslag.,project-context,e490e2c4c8b42f6b9d78e9ad,reviewed-local,https://github.com/yeager/translations/blob/67e6d27877c9cfd6b6dbc74bd852b10bdbe09c3c/PCSX2/crowdin-current-ui-batch63-20260920.json,08ff78cfcd818cefe89524c4604550c53e468e64909a3ca76a582c3f0c9c5540,"{""artifact"":""https://crowdin.com/project/pcsx2"",""sha256"":""2a267c3d55d1f09cc7455ac9a5f96603f22d727c1822b9825a2b3b4bd4a8dea5""}"
02e87bac573460cbaa1b2278,Options,Alternativ,PCSX2,crowdin-current-ui-batch27-20260920,"GraphicsTextureReplacementSettingsTab
../Settings/GraphicsTextureReplacementSettingsTab.ui:20",Publiceringsförsöket nekades enligt det äldre kvittot; texten är ett lokalt granskningsförslag.,project-context,c2a53af21143de796d5e5fc6,reviewed-local,https://github.com/yeager/translations/blob/67e6d27877c9cfd6b6dbc74bd852b10bdbe09c3c/PCSX2/crowdin-current-ui-batch27-20260920.json,daf14a4c22835aeb84f9a6f6d33a6c69ac188b84259e32a73fa4a47caa65dc63,"{""artifact"":""https://crowdin.com/project/pcsx2"",""sha256"":""e772f758f94d21b834da15acf3fffc7f2fa8d74c70b339082928e04b5d6d79c1""}"
02f24e47e21150be71f40906,Failed to create font cache directory.,Det gick inte att skapa cachekatalogen för teckensnitt.,PCSX2,crowdin-current-ui-batch52-20260920,"OSDFontPickerDialog
../Settings/OsdFontPickerDialog.cpp:383",,project-context,3ff3cd100ab5c7891977deb6,reviewed-receipt,https://github.com/yeager/translations/blob/67e6d27877c9cfd6b6dbc74bd852b10bdbe09c3c/PCSX2/crowdin-current-ui-batch52-20260920.json,8cfffc76ca6e36b6b86d335ad9a92ba99954d58c53ce7d299caec541e1b3ff9b,"{""artifact"":""https://crowdin.com/project/pcsx2"",""sha256"":""87a1540983538ccbb84ec27a91073880dfaa38c57815aa9ce19f168f554bff1d""}"
033fa82bd6eeb1fdc73c0a03,Bottom:,Nederst:,PCSX2,crowdin-current-ui-batch24-20260920,"Warning: short space constraints. Abbreviate if necessary.
GraphicsDisplaySettingsTab
../Settings/GraphicsDisplaySettingsTab.ui:371",Publiceringsförsöket nekades enligt det äldre kvittot; texten är ett lokalt granskningsförslag.,project-context,b2fd44b490891fc61ab6e28c,reviewed-local,https://github.com/yeager/translations/blob/67e6d27877c9cfd6b6dbc74bd852b10bdbe09c3c/PCSX2/crowdin-current-ui-batch24-20260920.json,ee2587e30ef9f54541bdbfb4dfcf7512e05bd487cd41e18f4834c7ff3b6d4915,"{""artifact"":""https://crowdin.com/project/pcsx2"",""sha256"":""6efeea87746fdaccee98b169ab91689a7033307a82de788de62d86b947fcbca0""}"
035a75438f4d046f7dbd5115,Generic,Allmänt,PCSX2,Crowdin UI,,"Granskad filleverans. Endast färdiga, aktiva översättningar tas med; detta är inte ett påstående om separat registrerat radbeslut för varje oförändrad post.",project-context,8459529e409267c6f49c9127,reviewed-file-delivery,https://crowdin.com/project/pcsx2,c5f591f1edc9553e40265bc0be0fe67c8e4252c052a1cf8ecfb524489a5aff60,{}
03772e2dba6776762a9ab706,Input Profile,Inmatningsprofil,PCSX2,crowdin-current-ui-batch6-20260920,"GameSummaryWidget
../Settings/GameSummaryWidget.cpp:57",Publiceringsförsöket nekades enligt det äldre kvittot; texten är ett lokalt granskningsförslag.,project-context,d18464339f746ec48cc09530,reviewed-local,https://github.com/yeager/translations/blob/67e6d27877c9cfd6b6dbc74bd852b10bdbe09c3c/PCSX2/crowdin-current-ui-batch6-20260920.json,eb7ae206e0c74bdc70f0bf3439bd87f935bfd8ae85feb90ab9f43919304a6c09,"{""artifact"":""https://crowdin.com/project/pcsx2"",""sha256"":""d5271bf934bf4b9509533c676f8d52283d39449dc61f6433215c586e82369d07""}"
037abe642e040165a8743ab4,Save Hardware Config,Spara hårdvarukonfiguration,PCSX2,crowdin-current-ui-batch4-20260920,"DebugSettingsWidget
../Settings/DebugSettingsWidget.cpp:148",,project-context,c491ebcefe69b39b76b8686a,reviewed-receipt,https://github.com/yeager/translations/blob/67e6d27877c9cfd6b6dbc74bd852b10bdbe09c3c/PCSX2/crowdin-current-ui-batch4-20260920.json,ba9e5644897861c8a18b34f41eeec20168b3176a59ad05fabbf37a183fc525c8,"{""artifact"":""https://crowdin.com/project/pcsx2"",""sha256"":""a2f6ad5fb77ace1c533d33796b461ddd4ad9b48a6ef9db17f48c36f0daefd35d""}"
0393f4408a81da0866d8e5ff,Scaled,Skalad,PCSX2,crowdin-current-ui-batch25-20260920,"GraphicsHardwareRenderingSettingsTab
../Settings/GraphicsHardwareRenderingSettingsTab.ui:36",Publiceringsförsöket nekades enligt det äldre kvittot; texten är ett lokalt granskningsförslag.,project-context,11d54c735a45831bf23567db,reviewed-local,https://github.com/yeager/translations/blob/67e6d27877c9cfd6b6dbc74bd852b10bdbe09c3c/PCSX2/crowdin-current-ui-batch25-20260920.json,c686e808bea1ecea795d6bd0a3871f9ea94959e30276601f8efafda34c283479,"{""artifact"":""https://crowdin.com/project/pcsx2"",""sha256"":""210d39caca5bd0a44ecb4c0d45cc9f054bbfc292b7ad35d86db6763197daa829""}"
03b0047cc646ac98ec8e8b6f,Dump Replay Options,Alternativ för dumpuppspelning,PCSX2,crowdin-current-ui-batch63-20260920,"DebugGSSettingsTab
../Settings/DebugGSSettingsTab.ui:246",Publiceringsförsöket nekades enligt det äldre kvittot; texten är ett lokalt granskningsförslag.,project-context,8d9791552f733e56613cadf6,reviewed-local,https://github.com/yeager/translations/blob/67e6d27877c9cfd6b6dbc74bd852b10bdbe09c3c/PCSX2/crowdin-current-ui-batch63-20260920.json,08ff78cfcd818cefe89524c4604550c53e468e64909a3ca76a582c3f0c9c5540,"{""artifact"":""https://crowdin.com/project/pcsx2"",""sha256"":""36dd4cd7c1da7d0016fa085b087596d847d0bb110593d78d9adc8e39e55730c2""}"
040cd5e3f718ece98a7524b4,Top Center,Uppe i mitten,PCSX2,crowdin-current-ui-batch18-20260920,"FullscreenUI
../../pcsx2/ImGui/FullscreenUI_Settings.cpp:5032
../../pcsx2/ImGui/FullscreenUI_Settings.cpp:6716",,project-context,0a7eca62541e7a21526a0359,reviewed-receipt,https://github.com/yeager/translations/blob/67e6d27877c9cfd6b6dbc74bd852b10bdbe09c3c/PCSX2/crowdin-current-ui-batch18-20260920.json,d0045488eb1eee4246057f420111c6313a5a756b798114b9e4b249ca38af16a7,"{""artifact"":""https://crowdin.com/project/pcsx2"",""sha256"":""4f618e3aad6ae7212f792ea2c4cd5095ee9dd47c22efc352883f01a538f3a944""}"
041edf6dcb2ef99ee01ee26e,Enables loading cheats from pnach files.,Aktiverar inläsning av fusk från pnach-filer.,PCSX2,crowdin-current-ui-batch62-20260920,"GameCheatSettingsWidget
../Settings/GameCheatSettingsWidget.cpp:65",Publiceringsförsöket nekades enligt det äldre kvittot; texten är ett lokalt granskningsförslag.,project-context,f22cee1a572009d974fcef39,reviewed-local,https://github.com/yeager/translations/blob/67e6d27877c9cfd6b6dbc74bd852b10bdbe09c3c/PCSX2/crowdin-current-ui-batch62-20260920.json,6f455bab497aab5f47fecf4d901525cee3a927cec35cd4f2f0dc82942d40dace,"{""artifact"":""https://crowdin.com/project/pcsx2"",""sha256"":""257ec3350673842877a9db09676bd9f29c025f709cd327d8da08d1172872baf2""}"
042c575934410c4d74feb69f,10 (640 Max Width),10 (maximal bredd 640),PCSX2,crowdin-current-ui-batch25-20260920,"GraphicsHardwareFixesSettingsTab
../Settings/GraphicsHardwareFixesSettingsTab.ui:125",,project-context,5649e4ecd38ac384bf319be0,reviewed-receipt,https://github.com/yeager/translations/blob/67e6d27877c9cfd6b6dbc74bd852b10bdbe09c3c/PCSX2/crowdin-current-ui-batch25-20260920.json,c686e808bea1ecea795d6bd0a3871f9ea94959e30276601f8efafda34c283479,"{""artifact"":""https://crowdin.com/project/pcsx2"",""sha256"":""5412ad9102eca7a3284bfafca78b5055d3e1ca63bd98907d2b1c8e38249fd42f""}"
0459a6ff0e1c9b4839ee6470,Rename Memory Card,Byt namn på minneskort,PCSX2,crowdin-current-ui-batch64-20260920,"MemoryCardSettingsWidget
../Settings/MemoryCardSettingsWidget.cpp:248
../Settings/MemoryCardSettingsWidget.cpp:255
../Settings/MemoryCardSettingsWidget.cpp:262
../Settings/MemoryCardSettingsWidget.cpp:269",Publiceringsförsöket nekades enligt det äldre kvittot; texten är ett lokalt granskningsförslag.,project-context,97c03b2ba4aa280541a0fca5,reviewed-local,https://github.com/yeager/translations/blob/67e6d27877c9cfd6b6dbc74bd852b10bdbe09c3c/PCSX2/crowdin-current-ui-batch64-20260920.json,3eb6750c0d4249b01cf40b2787e9f2e9792529adfb274d1a979de2495c7acabc,"{""artifact"":""https://crowdin.com/project/pcsx2"",""sha256"":""23de9cc968f942d08095fd5236e81c61329127ccf4a2acfe8745c840c2281963""}"
0479af6a810cff295ef8c6b4,Left:,Vänster:,PCSX2,crowdin-current-ui-batch24-20260920,"Warning: short space constraints. Abbreviate if necessary.
GraphicsDisplaySettingsTab
../Settings/GraphicsDisplaySettingsTab.ui:331",Publiceringsförsöket nekades enligt det äldre kvittot; texten är ett lokalt granskningsförslag.,project-context,8fc588e2b95acd75d412a91d,reviewed-local,https://github.com/yeager/translations/blob/67e6d27877c9cfd6b6dbc74bd852b10bdbe09c3c/PCSX2/crowdin-current-ui-batch24-20260920.json,ee2587e30ef9f54541bdbfb4dfcf7512e05bd487cd41e18f4834c7ff3b6d4915,"{""artifact"":""https://crowdin.com/project/pcsx2"",""sha256"":""581e4e086b0d54ead43c4dd873b990fae67f498977dd41b3ebd1f8fbd72f0cea""}"
04a25de29f3140e9fa19151a,Inside Target,Inuti renderingsmålet,PCSX2,crowdin-current-ui-batch13-20260920,"GraphicsHardwareFixesSettingsTab
../Settings/GraphicsHardwareFixesSettingsTab.ui:49",,project-context,73210ae1d8696f96d227d5e7,reviewed-receipt,https://github.com/yeager/translations/blob/67e6d27877c9cfd6b6dbc74bd852b10bdbe09c3c/PCSX2/crowdin-current-ui-batch13-20260920.json,623ec591b5fcb41c8d897353bf192b4285c0b8b4a6be7d0f716afe784de07e1d,"{""artifact"":""https://crowdin.com/project/pcsx2"",""sha256"":""a4af55f78864ef07f19ed2cd5832e601cb6ba0873cb6542856cb11fcd86fa749""}"
04c7b0ac9e7d227dacd117fd,Accurate Force Full (Can Reduce Readbacks),Noggrann tvingad full (kan minska återläsningar),PCSX2,Crowdin UI,,"Granskad filleverans. Endast färdiga, aktiva översättningar tas med; detta är inte ett påstående om separat registrerat radbeslut för varje oförändrad post.",project-context,6c06dfd0a364e0f176888988,reviewed-file-delivery,https://crowdin.com/project/pcsx2,c5f591f1edc9553e40265bc0be0fe67c8e4252c052a1cf8ecfb524489a5aff60,{}
04d393657032087261f0f236,Save GS State Info,Spara information om GS-tillstånd,PCSX2,crowdin-current-ui-batch4-20260920,"DebugSettingsWidget
../Settings/DebugSettingsWidget.cpp:140",,project-context,b7f5a4b2fc5c93c980c22d31,reviewed-receipt,https://github.com/yeager/translations/blob/67e6d27877c9cfd6b6dbc74bd852b10bdbe09c3c/PCSX2/crowdin-current-ui-batch4-20260920.json,ba9e5644897861c8a18b34f41eeec20168b3176a59ad05fabbf37a183fc525c8,"{""artifact"":""https://crowdin.com/project/pcsx2"",""sha256"":""6787493e02f87833c5e29d8c4c74cc885bebda3aa39fd7591f247eb836c495e0""}"
0515082d96d83f804001e36d,PS1 (128KB),PS1 (128 KB),PCSX2,crowdin-current-ui-batch18-20260920,"FullscreenUI
../../pcsx2/ImGui/FullscreenUI_Settings.cpp:6069",,project-context,c7de5a9f27ac36e22a762e00,reviewed-receipt,https://github.com/yeager/translations/blob/67e6d27877c9cfd6b6dbc74bd852b10bdbe09c3c/PCSX2/crowdin-current-ui-batch18-20260920.json,d0045488eb1eee4246057f420111c6313a5a756b798114b9e4b249ca38af16a7,"{""artifact"":""https://crowdin.com/project/pcsx2"",""sha256"":""e2d77dfa39962c8caa1009c8a8aa0332a976a3ac5f6373fcedd31c38003004c7""}"
051b0d118ea90e50a2d3c133,Customize Toolbar,Anpassa verktygsrad,PCSX2,crowdin-current-ui-batch9-20260920,"ToolbarCustomizationDialog
../ToolbarCustomizationDialog.ui:14",Publiceringsförsöket nekades enligt det äldre kvittot; texten är ett lokalt granskningsförslag.,project-context,f50c17d96601198e959807f8,reviewed-local,https://github.com/yeager/translations/blob/67e6d27877c9cfd6b6dbc74bd852b10bdbe09c3c/PCSX2/crowdin-current-ui-batch9-20260920.json,134204bdde884be3c2722090609773e05cd73b495e902e6f39659aa156be0139,"{""artifact"":""https://crowdin.com/project/pcsx2"",""sha256"":""74bf9e359fcc1d445bffcd9a7b6260592fb571061bf3f32f4c8fe3b0f15a4d21""}"
052672d19eae9b2e2391488b,WAIT ID,VÄNTA-ID,PCSX2,crowdin-current-ui-batch55-20260920,"Warning: short space limit. Abbreviate if needed.
ThreadModel
../Debugger/ThreadModel.cpp:125",,project-context,1d4e9de0fd037fec768f6145,reviewed-receipt,https://github.com/yeager/translations/blob/67e6d27877c9cfd6b6dbc74bd852b10bdbe09c3c/PCSX2/crowdin-current-ui-batch55-20260920.json,eef7fecf9007fb67b7321b88ecfd43d8a1e78e3c19d6b14ffe23010d7cdbe6b1,"{""artifact"":""https://crowdin.com/project/pcsx2"",""sha256"":""7ea6e89a8702dcd233078b18160c97d3a33e71721953df3db0deaea59abcd0c5""}"
055922ea2f355f3f146d75ea,Logging saved performance metrics,Loggar sparade prestandamått,PCSX2,crowdin-current-ui-batch8-20260920,"GS
../../pcsx2/GS/Renderers/Common/GSRenderer.cpp:977",,project-context,b574c40549238ac1d95cab26,reviewed-receipt,https://github.com/yeager/translations/blob/67e6d27877c9cfd6b6dbc74bd852b10bdbe09c3c/PCSX2/crowdin-current-ui-batch8-20260920.json,6d671a2f5891b45d5687714706665353e2ac62d51b8d507209b9c6fd5769ca1f,"{""artifact"":""https://crowdin.com/project/pcsx2"",""sha256"":""b137c2ff3c028590a1c0af0bd8d35737da2b5a2a941ba44de2227dd3fbeb38c1""}"
058d777a4b488278a38cfaf7,Texture Preloading:,Förinläsning av texturer:,PCSX2,crowdin-current-ui-batch14-20260920,"GraphicsAdvancedSettingsTab
../Settings/GraphicsAdvancedSettingsTab.ui:194",Publiceringsförsöket nekades enligt det äldre kvittot; texten är ett lokalt granskningsförslag.,project-context,7f796da21923120dfaa8802d,reviewed-local,https://github.com/yeager/translations/blob/67e6d27877c9cfd6b6dbc74bd852b10bdbe09c3c/PCSX2/crowdin-current-ui-batch14-20260920.json,9f0ff248176205a3bda2eb3f8c6f8e1ab1d89f1ac984b49ef2d06f0eb6672cce,"{""artifact"":""https://crowdin.com/project/pcsx2"",""sha256"":""2f87cc853a0b2c17caf08f70e0a19571dcdf78c3fecb51866f0de72fb06d0af4""}"
05b39d860824e92484141a5c,Go to Address,Gå till adress,PCSX2,crowdin-current-ui-batch16-20260920,"MemoryView
../Debugger/Memory/MemoryView.cpp:835",Publiceringsförsöket nekades enligt det äldre kvittot; texten är ett lokalt granskningsförslag.,project-context,ff0c16f92d048bc614945abc,reviewed-local,https://github.com/yeager/translations/blob/67e6d27877c9cfd6b6dbc74bd852b10bdbe09c3c/PCSX2/crowdin-current-ui-batch16-20260920.json,97ddb02a5c2e9d349bcc0facea2f2c65740a59d833cbc32e9a26b9d72a9feeb5,"{""artifact"":""https://crowdin.com/project/pcsx2"",""sha256"":""bc26bfa10898e74fefaf4db67b71cd122abd8c251eb2add26202958990730f14""}"
05c0e2bc740c1b942a883c99,Video Capture Height,Höjd för videoinspelning,PCSX2,crowdin-current-ui-batch63-20260920,"FullscreenUI
../../pcsx2/ImGui/FullscreenUI_Settings.cpp:6890",Publiceringsförsöket nekades enligt det äldre kvittot; texten är ett lokalt granskningsförslag.,project-context,a920d455386902ea7c34ad8a,reviewed-local,https://github.com/yeager/translations/blob/67e6d27877c9cfd6b6dbc74bd852b10bdbe09c3c/PCSX2/crowdin-current-ui-batch63-20260920.json,08ff78cfcd818cefe89524c4604550c53e468e64909a3ca76a582c3f0c9c5540,"{""artifact"":""https://crowdin.com/project/pcsx2"",""sha256"":""28661c67a14e4439a54955a482df82877296f76f1be7c9eff7679b9259bebb1e""}"
06147e16d1dda0094ce496a3,Local Echo,Lokalt eko,PCSX2,crowdin-current-ui-batch49-20260920,"LogWindow
../LogWindow.cpp:207",Publiceringsförsöket nekades enligt det äldre kvittot; texten är ett lokalt granskningsförslag.,project-context,3635be86d4023374c422fcf6,reviewed-local,https://github.com/yeager/translations/blob/67e6d27877c9cfd6b6dbc74bd852b10bdbe09c3c/PCSX2/crowdin-current-ui-batch49-20260920.json,3e907fbc31b1fdfcccfc47d4a6a49ad2bfe6eb9414cebf6471f974279c345287,"{""artifact"":""https://crowdin.com/project/pcsx2"",""sha256"":""e7174e6a8cc629bc1dad53365d575640cd48dd2d8fd06627f82c680b8a67819a""}"
062428262a28dc309d8b9bc8,Performance Stats,Prestandastatistik,PCSX2,crowdin-current-ui-batch53-20260920,"OSDSettingsWidget
../Settings/OSDSettingsWidget.ui:358",Publiceringsförsöket nekades enligt det äldre kvittot; texten är ett lokalt granskningsförslag.,project-context,e266b4464476e83f5e549fe1,reviewed-local,https://github.com/yeager/translations/blob/67e6d27877c9cfd6b6dbc74bd852b10bdbe09c3c/PCSX2/crowdin-current-ui-batch53-20260920.json,cf9e3a076b0a7a4c9da64198f8216ad33f840f37229f480c53c816b8096dd673,"{""artifact"":""https://crowdin.com/project/pcsx2"",""sha256"":""20d4500c8d302e89514c1f2b79fe48f9a9f8ddccb251237530716df0358d4893""}"
065c6cd50f0243bc7b853464,Software Texture Filtering,Programvarufiltrering av texturer,PCSX2,crowdin-current-ui-batch6-20260920,"GraphicsSettingsWidget
../Settings/GraphicsSettingsWidget.cpp:562",,project-context,352f47bca34d97e3f8f1451f,reviewed-receipt,https://github.com/yeager/translations/blob/67e6d27877c9cfd6b6dbc74bd852b10bdbe09c3c/PCSX2/crowdin-current-ui-batch6-20260920.json,eb7ae206e0c74bdc70f0bf3439bd87f935bfd8ae85feb90ab9f43919304a6c09,"{""artifact"":""https://crowdin.com/project/pcsx2"",""sha256"":""39bd3eee917c3dfb1e7d21ddc4312658fe16838f266b87b8c537e60e04f39876""}"
06723a8691e736a818fc8f5b,Hardware Dump Directory,Katalog för hårdvarudump,PCSX2,crowdin-current-ui-batch4-20260920,"DebugSettingsWidget
../Settings/DebugSettingsWidget.cpp:158",,project-context,cee6b2f7845f8310cae20949,reviewed-receipt,https://github.com/yeager/translations/blob/67e6d27877c9cfd6b6dbc74bd852b10bdbe09c3c/PCSX2/crowdin-current-ui-batch4-20260920.json,ba9e5644897861c8a18b34f41eeec20168b3176a59ad05fabbf37a183fc525c8,"{""artifact"":""https://crowdin.com/project/pcsx2"",""sha256"":""cae4182e4bda04c71725d75fcc033e02e98d46d317a763c175c904455c31292e""}"
06cbdab30fcb2c909a86136c,PINE Settings,PINE-inställningar,PCSX2,Crowdin UI,,"Granskad filleverans. Endast färdiga, aktiva översättningar tas med; detta är inte ett påstående om separat registrerat radbeslut för varje oförändrad post.",project-context,56922c59942cf255e58b2366,reviewed-file-delivery,https://crowdin.com/project/pcsx2,c5f591f1edc9553e40265bc0be0fe67c8e4252c052a1cf8ecfb524489a5aff60,{}
07097965169d46f7e1376298,Olympus Camera,Olympus-kamera,PCSX2,crowdin-current-ui-batch55-20260920,"USB
../../pcsx2/USB/usb-msd/usb-msd.cpp:1295",Publiceringsförsöket nekades enligt det äldre kvittot; texten är ett lokalt granskningsförslag.,project-context,c628d3e80c9ae5e1e3e88e72,reviewed-local,https://github.com/yeager/translations/blob/67e6d27877c9cfd6b6dbc74bd852b10bdbe09c3c/PCSX2/crowdin-current-ui-batch55-20260920.json,eef7fecf9007fb67b7321b88ecfd43d8a1e78e3c19d6b14ffe23010d7cdbe6b1,"{""artifact"":""https://crowdin.com/project/pcsx2"",""sha256"":""eb31e225e118e5c46576f94c491a25f5721cfb79ae32c8aa5e0092bc6f7b802c""}"
075e03f4e396f22cf93c3f7c,None,Ingen,PCSX2,crowdin-current-ui-batch9-20260920,"BreakpointDialog
../Debugger/Breakpoints/BreakpointDialog.ui:394",Publiceringsförsöket nekades enligt det äldre kvittot; texten är ett lokalt granskningsförslag.,project-context,14deea497f38093955e06328,reviewed-local,https://github.com/yeager/translations/blob/67e6d27877c9cfd6b6dbc74bd852b10bdbe09c3c/PCSX2/crowdin-current-ui-batch9-20260920.json,134204bdde884be3c2722090609773e05cd73b495e902e6f39659aa156be0139,"{""artifact"":""https://crowdin.com/project/pcsx2"",""sha256"":""cdfbefe9e9f50df31109e3490f0a36ee60ff4d7eca90879af68a1d8c4809c8c5""}"
07628b4fa45786127faf37d6,Prefer English Game Titles,Föredra engelska speltitlar,PCSX2,crowdin-current-ui-batch50-20260920,"FullscreenUI
../../pcsx2/ImGui/FullscreenUI_Settings.cpp:6758",Publiceringsförsöket nekades enligt det äldre kvittot; texten är ett lokalt granskningsförslag.,project-context,baca211714cd70e60da68b4b,reviewed-local,https://github.com/yeager/translations/blob/67e6d27877c9cfd6b6dbc74bd852b10bdbe09c3c/PCSX2/crowdin-current-ui-batch50-20260920.json,526c37bda266096897ffc29f6d90f1526ccd117934fef6462d4629b30c159187,"{""artifact"":""https://crowdin.com/project/pcsx2"",""sha256"":""b87306ab1390870371b30950aac2086e42fb466753484fa03605fa48246c531b""}"
07746c10e8b418dace7be790,Save Frame Range Count,Antal i sparat bildruteintervall,PCSX2,crowdin-current-ui-batch61-20260920,"DebugSettingsWidget
../Settings/DebugSettingsWidget.cpp:156",,project-context,28d8cd0aacb7e20ed3e690b3,reviewed-receipt,https://github.com/yeager/translations/blob/67e6d27877c9cfd6b6dbc74bd852b10bdbe09c3c/PCSX2/crowdin-current-ui-batch61-20260920.json,7d1487a8e7a6c977e135205cbfbe024e70d8199f0ee522f5ae9219965d474fa2,"{""artifact"":""https://crowdin.com/project/pcsx2"",""sha256"":""d47100dc76d06314c95698c05f955790e398e0be70b4307b5ecdd122b1ef30bd""}"
07d316b48c439c80827b0ac6,Shows debug information about the renderer.,Visar felsökningsinformation om renderaren.,PCSX2,crowdin-current-ui-batch1-20260920,"FullscreenUI
../../pcsx2/ImGui/FullscreenUI_Settings.cpp:6308",,project-context,1dd4838eb3896bcd5180adff,reviewed-receipt,https://github.com/yeager/translations/blob/67e6d27877c9cfd6b6dbc74bd852b10bdbe09c3c/PCSX2/crowdin-current-ui-batch1-20260920.json,fbacbf8b449e630f42dbc651e3eb3d61f650cd4cb6d478d350f9a55ce6b87962,"{""artifact"":""https://crowdin.com/project/pcsx2"",""sha256"":""581b9f11a2c395b6c15fdf330fcdb855021aba570c40c84b816227a0332eec41""}"
07d761f878f7128bb14c7eb5,Failed to Save State,Det gick inte att spara tillståndet,PCSX2,crowdin-current-ui-batch11-20260920,"MainWindow
../MainWindow.cpp:1637",,project-context,3df587a034e189ea65bae9f7,reviewed-receipt,https://github.com/yeager/translations/blob/67e6d27877c9cfd6b6dbc74bd852b10bdbe09c3c/PCSX2/crowdin-current-ui-batch11-20260920.json,ca34a36082ac7bb7c72d20bd72c4f2da2c969dae95acc424871cf924ec9d06b4,"{""artifact"":""https://crowdin.com/project/pcsx2"",""sha256"":""8f052c6a4df65d092d88def51e2edc4d19893b77ba92689a65103c473d58638b""}"
07e6aefd0a41a5c31a542f2e,Fast Forward Boot,Snabbspola start,PCSX2,crowdin-current-ui-batch56-20260920,"FullscreenUI
../../pcsx2/ImGui/FullscreenUI_Settings.cpp:6785",,project-context,57315322151f24b2972b28d5,reviewed-receipt,https://github.com/yeager/translations/blob/67e6d27877c9cfd6b6dbc74bd852b10bdbe09c3c/PCSX2/crowdin-current-ui-batch56-20260920.json,e544f4e37b292a5a59167a947672fb099eeaff33c9d732c3cd8e9184cd9a4307,"{""artifact"":""https://crowdin.com/project/pcsx2"",""sha256"":""2b0a9c89f7586975844d105c2cd4d40873d67a9d9fd50644ba86847f7cbe2e5c""}"
07f6938bf0a3cfa7b24b8ce1,Switch Rankings,Växla rankning,PCSX2,crowdin-current-ui-batch15-20260920,"Achievements
../../pcsx2/Achievements.cpp:3506
../../pcsx2/Achievements.cpp:3514",,project-context,e3f247c7ad0fc0d85445279d,reviewed-receipt,https://github.com/yeager/translations/blob/67e6d27877c9cfd6b6dbc74bd852b10bdbe09c3c/PCSX2/crowdin-current-ui-batch15-20260920.json,9b2ebc5e4b008f5a05b2c32d2825bc90cde350d6c271bc9dbc7a0033312db467,"{""artifact"":""https://crowdin.com/project/pcsx2"",""sha256"":""80dfa3957971d82049126a42f1c3e5ce8fd424968b067fe3d007556bbe70d3a5""}"
0822669dc4fa7c5910234222,Nocash Symbols,Nocash-symboler,PCSX2,crowdin-current-ui-batch29-20260920,"SymbolGuardian
../../pcsx2/DebugTools/SymbolGuardian.cpp:228",Publiceringsförsöket nekades enligt det äldre kvittot; texten är ett lokalt granskningsförslag.,project-context,5c0beda6f21da72bea278b71,reviewed-local,https://github.com/yeager/translations/blob/67e6d27877c9cfd6b6dbc74bd852b10bdbe09c3c/PCSX2/crowdin-current-ui-batch29-20260920.json,5e9d99ed74373c2f72a189c1db7205af0fb3f607d18807039efe55821b2dea06,"{""artifact"":""https://crowdin.com/project/pcsx2"",""sha256"":""fb66eb8663e82c871fe3b104fc678c13742b982e352a7e7ae8beb0c0f1f5f079""}"
08a48465b9da2955da8732d8,Toggle Mouse Lock,Växla muslås,PCSX2,Crowdin UI,,"Granskad filleverans. Endast färdiga, aktiva översättningar tas med; detta är inte ett påstående om separat registrerat radbeslut för varje oförändrad post.",project-context,6a5ee3c16865ab8029c71bc5,reviewed-file-delivery,https://crowdin.com/project/pcsx2,c5f591f1edc9553e40265bc0be0fe67c8e4252c052a1cf8ecfb524489a5aff60,{}
08d6a86bf8a49bd3a1be1f10,System Default,Systemstandard,PCSX2,crowdin-current-ui-batch7-20260920,"InterfaceSettingsWidget
../Settings/InterfaceSettingsWidget.cpp:254",Publiceringsförsöket nekades enligt det äldre kvittot; texten är ett lokalt granskningsförslag.,project-context,c548759a60a141e492f1cba1,reviewed-local,https://github.com/yeager/translations/blob/67e6d27877c9cfd6b6dbc74bd852b10bdbe09c3c/PCSX2/crowdin-current-ui-batch7-20260920.json,8c630c03eadaf91965c9d87bc474586df0a53ac156826372c002fcc927248561,"{""artifact"":""https://crowdin.com/project/pcsx2"",""sha256"":""633480e3b2805fda57f4d6615c879c342378abbd015045ae9c9cc7c18d36c88f""}"
08d786301d197999cd90d7bb,Software Texture Filtering,Programvarutexturfiltrering,PCSX2,Crowdin UI,,"Granskad filleverans. Endast färdiga, aktiva översättningar tas med; detta är inte ett påstående om separat registrerat radbeslut för varje oförändrad post.",project-context,8967cc9465ac60e8c55df8c0,reviewed-file-delivery,https://crowdin.com/project/pcsx2,c5f591f1edc9553e40265bc0be0fe67c8e4252c052a1cf8ecfb524489a5aff60,{}
090a15046abdf09c345b4908,Use Blit Swap Chain,Använd blit-swap-kedja,PCSX2,Crowdin UI,,"Granskad filleverans. Endast färdiga, aktiva översättningar tas med; detta är inte ett påstående om separat registrerat radbeslut för varje oförändrad post.",project-context,d2685b7a5052396fc7a219d2,reviewed-file-delivery,https://crowdin.com/project/pcsx2,c5f591f1edc9553e40265bc0be0fe67c8e4252c052a1cf8ecfb524489a5aff60,{}
09201390c1d0411c9face347,Texture Offsets Y,Texturförskjutning Y,PCSX2,crowdin-current-ui-batch57-20260920,"FullscreenUI
../../pcsx2/ImGui/FullscreenUI_Settings.cpp:6859",,project-context,bf11b3bc4c341974d68709ea,reviewed-receipt,https://github.com/yeager/translations/blob/67e6d27877c9cfd6b6dbc74bd852b10bdbe09c3c/PCSX2/crowdin-current-ui-batch57-20260920.json,5c871fa681fe60ac837787f04a021e0897b135316665fb1695de5041b8a5e637,"{""artifact"":""https://crowdin.com/project/pcsx2"",""sha256"":""0b6a09b6443830a5c0d04ddb2a0cd6ca7c6c2fa40ee47a7987a7e65ca3149dad""}"
096500ab8005d222ee5a726e,Start Recording,Starta inspelning,PCSX2,crowdin-current-ui-batch64-20260920,"FullscreenUI
../../pcsx2/ImGui/FullscreenUI.cpp:4174",Publiceringsförsöket nekades enligt det äldre kvittot; texten är ett lokalt granskningsförslag.,project-context,d218959d093ea62d010cc906,reviewed-local,https://github.com/yeager/translations/blob/67e6d27877c9cfd6b6dbc74bd852b10bdbe09c3c/PCSX2/crowdin-current-ui-batch64-20260920.json,3eb6750c0d4249b01cf40b2787e9f2e9792529adfb274d1a979de2495c7acabc,"{""artifact"":""https://crowdin.com/project/pcsx2"",""sha256"":""6e632b9176e400a4d9f2d80da2337b4d89a166cd879659e45f840ffa6df377d9""}"
097bc4d5dfff01e39f106edb,Logout,Logga ut,PCSX2,crowdin-current-ui-batch54-20260920,"SetupWizardDialog
../SetupWizardDialog.cpp:473",Publiceringsförsöket nekades enligt det äldre kvittot; texten är ett lokalt granskningsförslag.,project-context,aa7612da5221f525539301db,reviewed-local,https://github.com/yeager/translations/blob/67e6d27877c9cfd6b6dbc74bd852b10bdbe09c3c/PCSX2/crowdin-current-ui-batch54-20260920.json,1ea914cd857e948af6e29d5981765e20bf4f3f3bfcd3d14fdfab548fae14eacc,"{""artifact"":""https://crowdin.com/project/pcsx2"",""sha256"":""e127cb6bff9f3956e7f3deace4f9c03b34ba3539c85059bafe6c3bf63d86d433""}"
097f43aa838bdad2c0479ce0,Enable Spectator Mode,Aktivera åskådarläge,PCSX2,crowdin-current-ui-batch57-20260920,"FullscreenUI
../../pcsx2/ImGui/FullscreenUI_Settings.cpp:6978",,project-context,5ebd40caea52d3967fb9273a,reviewed-receipt,https://github.com/yeager/translations/blob/67e6d27877c9cfd6b6dbc74bd852b10bdbe09c3c/PCSX2/crowdin-current-ui-batch57-20260920.json,5c871fa681fe60ac837787f04a021e0897b135316665fb1695de5041b8a5e637,"{""artifact"":""https://crowdin.com/project/pcsx2"",""sha256"":""7949994e5a77af4ad2877c79c719fcdb6c5af556fcf0bd079d44c9922d4403fc""}"
09bf5a31946db3a04e45ffd1,Custom HDD Size,Egen HDD-storlek,PCSX2,crowdin-current-ui-batch36-20260920,"FullscreenUI
../../pcsx2/ImGui/FullscreenUI_Settings.cpp:6967",,project-context,46f198f7bbaafedf0ed95461,reviewed-receipt,https://github.com/yeager/translations/blob/67e6d27877c9cfd6b6dbc74bd852b10bdbe09c3c/PCSX2/crowdin-current-ui-batch36-20260920.json,06685b2a6b6a0881c244315d3604555b5de0e31fa34564c53c68e8d7b263bdfe,"{""artifact"":""https://crowdin.com/project/pcsx2"",""sha256"":""4172ac1ba36bd5ff24b472983a50dc2c81b2fa2ce3b9ffafd0f21cdf3cfab2db""}"
09c6101f44a596897500b18a,Save Frame Count:,Antal sparade bildrutor:,PCSX2,crowdin-current-ui-batch21-20260920,"DebugGSSettingsTab
../Settings/DebugGSSettingsTab.ui:161",Publiceringsförsöket nekades enligt det äldre kvittot; texten är ett lokalt granskningsförslag.,project-context,e453f85933f07e9b7a4c488b,reviewed-local,https://github.com/yeager/translations/blob/67e6d27877c9cfd6b6dbc74bd852b10bdbe09c3c/PCSX2/crowdin-current-ui-batch21-20260920.json,a17a684939c7836f99eed6a2beb5c914bdeb5bc299843bbd766ce571585ee88e,"{""artifact"":""https://crowdin.com/project/pcsx2"",""sha256"":""9055854ec6f505d4c305d18ecdfb30508052f58c4ba16fad98c504b8e5f2c026""}"
0a24000b9bf42ac4c231ea41,Display Resolution,Bildskärmsupplösning,PCSX2,crowdin-current-ui-batch46-20260920,"GraphicsSettingsWidget
../Settings/GraphicsSettingsWidget.cpp:461",,project-context,9ff0ab8805254d62c217addc,reviewed-receipt,https://github.com/yeager/translations/blob/67e6d27877c9cfd6b6dbc74bd852b10bdbe09c3c/PCSX2/crowdin-current-ui-batch46-20260920.json,5fd49be2672b59f0daff08c9e08a881d25eb868891d139d395ea94a1aba23434,"{""artifact"":""https://crowdin.com/project/pcsx2"",""sha256"":""99db7ac36b12488ae8a90649ba10399494f17fb8371a4b90c3d5c7ce76f9098b""}"
0a406620f88e836f629f18e2,Frame Rate Options,Alternativ för bildrutehastighet,PCSX2,crowdin-current-ui-batch14-20260920,"GraphicsAdvancedSettingsTab
../Settings/GraphicsAdvancedSettingsTab.ui:207",,project-context,1f33f159759c860eab7a61bc,reviewed-receipt,https://github.com/yeager/translations/blob/67e6d27877c9cfd6b6dbc74bd852b10bdbe09c3c/PCSX2/crowdin-current-ui-batch14-20260920.json,9f0ff248176205a3bda2eb3f8c6f8e1ab1d89f1ac984b49ef2d06f0eb6672cce,"{""artifact"":""https://crowdin.com/project/pcsx2"",""sha256"":""6571805ccb7ccddb09c8ced5d74a3cade83a5403001538f22015ecd1811cdfbb""}"
0ab41b6689ffabfb646161de,Reset to Default,Återställ till standardvärde,PCSX2,Crowdin UI,,"Granskad filleverans. Endast färdiga, aktiva översättningar tas med; detta är inte ett påstående om separat registrerat radbeslut för varje oförändrad post.",project-context,3979d270c61688a2f2eaed8b,reviewed-file-delivery,https://crowdin.com/project/pcsx2,c5f591f1edc9553e40265bc0be0fe67c8e4252c052a1cf8ecfb524489a5aff60,{}
0ad5602abdf2b52de6fd80bd,Video Recording Setup,Inställningar för videoinspelning,PCSX2,crowdin-current-ui-batch26-20260920,"GraphicsMediaCaptureSettingsTab
../Settings/GraphicsMediaCaptureSettingsTab.ui:113",,project-context,3e7cb077f976411230e118a1,reviewed-receipt,https://github.com/yeager/translations/blob/67e6d27877c9cfd6b6dbc74bd852b10bdbe09c3c/PCSX2/crowdin-current-ui-batch26-20260920.json,49be151dc9918b0d30da49c790d627c159af0560d66be018b2a4920b716f4063,"{""artifact"":""https://crowdin.com/project/pcsx2"",""sha256"":""6f038fbf27ddee10a9961e0c90b8475d56f27aff2a8adb48df337d71a072e33d""}"
0b0b3fd6fabde51d6743ddbc,Maximum,Största,PCSX2,crowdin-current-ui-batch55-20260920,"Hotkeys_BlendAcc
../../pcsx2/GS/GS.cpp:1388",,project-context,8ce302856a0f668b0f9aa72a,reviewed-receipt,https://github.com/yeager/translations/blob/67e6d27877c9cfd6b6dbc74bd852b10bdbe09c3c/PCSX2/crowdin-current-ui-batch55-20260920.json,eef7fecf9007fb67b7321b88ecfd43d8a1e78e3c19d6b14ffe23010d7cdbe6b1,"{""artifact"":""https://crowdin.com/project/pcsx2"",""sha256"":""356d819f23753ae806d3fe38de8726208c5d8bd9557422fbcf05e7c1c221c246""}"
0b2f4772147e5fe31e60ddeb,Background Image,Bakgrundsbild,PCSX2,crowdin-current-ui-batch12-20260920,"FullscreenUI
../../pcsx2/ImGui/FullscreenUI_Settings.cpp:6760",Publiceringsförsöket nekades enligt det äldre kvittot; texten är ett lokalt granskningsförslag.,project-context,6ac9a8503cdc1025f6dd02d9,reviewed-local,https://github.com/yeager/translations/blob/67e6d27877c9cfd6b6dbc74bd852b10bdbe09c3c/PCSX2/crowdin-current-ui-batch12-20260920.json,069c92ed85703bad78e9b4e17bd0d4fccb132ebeed9d3bedd8328dbf6ea26909,"{""artifact"":""https://crowdin.com/project/pcsx2"",""sha256"":""f11c28734f02c7179d6e73192e629a335861df2e098608695772c8398a812868""}"
0b5cfce01d1c0ab702ecee9f,Select OSD Font,Välj OSD-teckensnitt,PCSX2,crowdin-current-ui-batch54-20260920,"OsdFontPickerDialog
../Settings/OsdFontPickerDialog.ui:14",,project-context,798f261e780f5f235b3fad79,reviewed-receipt,https://github.com/yeager/translations/blob/67e6d27877c9cfd6b6dbc74bd852b10bdbe09c3c/PCSX2/crowdin-current-ui-batch54-20260920.json,1ea914cd857e948af6e29d5981765e20bf4f3f3bfcd3d14fdfab548fae14eacc,"{""artifact"":""https://crowdin.com/project/pcsx2"",""sha256"":""8feabdc662bdfcab362c50343fd620a294cd60df7539f23ac3c9b2b58c3d8501""}"
0b6897ef6b9ef50e56e4c6dd,Notifications,Notiser,PCSX2,Crowdin UI,,"Granskad filleverans. Endast färdiga, aktiva översättningar tas med; detta är inte ett påstående om separat registrerat radbeslut för varje oförändrad post.",project-context,b35740c1c2e07ba01f15dfa0,reviewed-file-delivery,https://crowdin.com/project/pcsx2,c5f591f1edc9553e40265bc0be0fe67c8e4252c052a1cf8ecfb524489a5aff60,{}
0b709ba85fbbde31b9c999d3,Newline on send,Radbrytning vid sändning,PCSX2,crowdin-current-ui-batch49-20260920,"LogWindow
../LogWindow.cpp:213",,project-context,06c7adb5ac87361d08841dee,reviewed-receipt,https://github.com/yeager/translations/blob/67e6d27877c9cfd6b6dbc74bd852b10bdbe09c3c/PCSX2/crowdin-current-ui-batch49-20260920.json,3e907fbc31b1fdfcccfc47d4a6a49ad2bfe6eb9414cebf6471f974279c345287,"{""artifact"":""https://crowdin.com/project/pcsx2"",""sha256"":""519e7c9d7b623d40bec81bcbc8093626242a9e7211a43bd54d76e4e78a1f2959""}"
0b73e2a11176682f85a0e4de,Top Center,Uppe i mitten,PCSX2,crowdin-current-ui-batch17-20260920,"AchievementSettingsWidget
../Settings/AchievementSettingsWidget.ui:281
../Settings/AchievementSettingsWidget.ui:339",,project-context,79aa3fc1306a04461434f15e,reviewed-receipt,https://github.com/yeager/translations/blob/67e6d27877c9cfd6b6dbc74bd852b10bdbe09c3c/PCSX2/crowdin-current-ui-batch17-20260920.json,c3e8ec58262cb9ca378f79dea9c4f1baee0c939d134bdeccfba91a46dd70eaae,"{""artifact"":""https://crowdin.com/project/pcsx2"",""sha256"":""4bf02e3a644c12afb5675ae544c29b0004bcfdb931cc6071c711265a4f0f72b4""}"
0bb8ea0522a0440144a264a6,Expansion Mode,Expansionsläge,PCSX2,Crowdin UI,,"Granskad filleverans. Endast färdiga, aktiva översättningar tas med; detta är inte ett påstående om separat registrerat radbeslut för varje oförändrad post.",project-context,6cc66e9a179cbf6144bc75e7,reviewed-file-delivery,https://crowdin.com/project/pcsx2,c5f591f1edc9553e40265bc0be0fe67c8e4252c052a1cf8ecfb524489a5aff60,{}
0be1bdcccc060994b6bd5814,Override Texture Barriers,Åsidosätt texturbarriärer,PCSX2,crowdin-current-ui-batch62-20260920,"GraphicsSettingsWidget
../Settings/GraphicsSettingsWidget.cpp:804",Publiceringsförsöket nekades enligt det äldre kvittot; texten är ett lokalt granskningsförslag.,project-context,421fc27f4eaa8d20f82b3a9e,reviewed-local,https://github.com/yeager/translations/blob/67e6d27877c9cfd6b6dbc74bd852b10bdbe09c3c/PCSX2/crowdin-current-ui-batch62-20260920.json,6f455bab497aab5f47fecf4d901525cee3a927cec35cd4f2f0dc82942d40dace,"{""artifact"":""https://crowdin.com/project/pcsx2"",""sha256"":""4520ebcaa6bc24d6455d7db232a5fa9e75d5a27ea0a79bb8e8f4f403d173061b""}"
0befa0fb636b0f48d4d5d3bc,Estimate Texture Region,Uppskatta texturområde,PCSX2,crowdin-current-ui-batch25-20260920,"GraphicsHardwareFixesSettingsTab
../Settings/GraphicsHardwareFixesSettingsTab.ui:291",,project-context,f4763cd0907da5690061eaf9,reviewed-receipt,https://github.com/yeager/translations/blob/67e6d27877c9cfd6b6dbc74bd852b10bdbe09c3c/PCSX2/crowdin-current-ui-batch25-20260920.json,c686e808bea1ecea795d6bd0a3871f9ea94959e30276601f8efafda34c283479,"{""artifact"":""https://crowdin.com/project/pcsx2"",""sha256"":""925f67d598762b34c96806de44eba0a4eb14286a09cbe2fdee135989067ca879""}"
0bf883d435b0e6168ee98573,Software Dump Directory,Katalog för programvarudumpar,PCSX2,crowdin-current-ui-batch61-20260920,"DebugSettingsWidget
../Settings/DebugSettingsWidget.cpp:160",,project-context,fe3cfd615db0535efbed056a,reviewed-receipt,https://github.com/yeager/translations/blob/67e6d27877c9cfd6b6dbc74bd852b10bdbe09c3c/PCSX2/crowdin-current-ui-batch61-20260920.json,7d1487a8e7a6c977e135205cbfbe024e70d8199f0ee522f5ae9219965d474fa2,"{""artifact"":""https://crowdin.com/project/pcsx2"",""sha256"":""ca398f289dbdddf6fe0e932a4638b18f1fdc00d9a96fa27dd31792591f4855b8""}"
0c0ad0322aa24ed555290a5a,Gateway Address,Gatewayadress,PCSX2,crowdin-current-ui-batch36-20260920,"FullscreenUI
../../pcsx2/ImGui/FullscreenUI_Settings.cpp:6959",,project-context,15d84589f978c7740421b670,reviewed-receipt,https://github.com/yeager/translations/blob/67e6d27877c9cfd6b6dbc74bd852b10bdbe09c3c/PCSX2/crowdin-current-ui-batch36-20260920.json,06685b2a6b6a0881c244315d3604555b5de0e31fa34564c53c68e8d7b263bdfe,"{""artifact"":""https://crowdin.com/project/pcsx2"",""sha256"":""996716db5743f7c724c215042bee50b7a4792507ea4eba8e234029e16960ac07""}"
0c3e0adcf30011097187f255,Generic,Allmänt,PCSX2,crowdin-current-ui-batch59-20260920,"FullscreenUI
../../pcsx2/ImGui/FullscreenUI_Settings.cpp:6547",,project-context,98f31b760557073d879385d5,reviewed-receipt,https://github.com/yeager/translations/blob/67e6d27877c9cfd6b6dbc74bd852b10bdbe09c3c/PCSX2/crowdin-current-ui-batch59-20260920.json,9f38fdcde8389b4381406c889374f3d78d817dcfb9ea2ab1119de66a68266465,"{""artifact"":""https://crowdin.com/project/pcsx2"",""sha256"":""4511a45ac82f302a7793b9dce33130e8dcaa10e26919ed9e0ee1ef6aec3ab94c""}"
0cb5284168612549fbea907c,User-Defined,Användardefinierad,PCSX2,crowdin-current-ui-batch29-20260920,"SymbolGuardian
../../pcsx2/DebugTools/SymbolGuardian.cpp:231",Publiceringsförsöket nekades enligt det äldre kvittot; texten är ett lokalt granskningsförslag.,project-context,cee36a1bd5b473453b7267f5,reviewed-local,https://github.com/yeager/translations/blob/67e6d27877c9cfd6b6dbc74bd852b10bdbe09c3c/PCSX2/crowdin-current-ui-batch29-20260920.json,5e9d99ed74373c2f72a189c1db7205af0fb3f607d18807039efe55821b2dea06,"{""artifact"":""https://crowdin.com/project/pcsx2"",""sha256"":""fe869e3bc691bef0e3e84abf47b072d19516db0d1c4719e40c454aa516bc5d03""}"
0cc7b7f86b6435c288ac4951,Draw Buffering,Ritbuffring,PCSX2,crowdin-current-ui-batch51-20260920,"GraphicsSettingsWidget
../Settings/GraphicsSettingsWidget.cpp:638",,project-context,fc4959b9c6ff2a81eb374669,reviewed-receipt,https://github.com/yeager/translations/blob/67e6d27877c9cfd6b6dbc74bd852b10bdbe09c3c/PCSX2/crowdin-current-ui-batch51-20260920.json,a8b5191343bdd297b5d152a224021320a839b19ec9afc66e6fdf7d9067e58697,"{""artifact"":""https://crowdin.com/project/pcsx2"",""sha256"":""228b085467f8967a68f94b01983ff70adcbf9702c044770aee3604b2aa3fff9a""}"
0d2b597627e2f2ad05919437,Disable Shader Cache,Inaktivera shadercache,PCSX2,crowdin-current-ui-batch63-20260920,"GraphicsSettingsWidget
../Settings/GraphicsSettingsWidget.cpp:813",Publiceringsförsöket nekades enligt det äldre kvittot; texten är ett lokalt granskningsförslag.,project-context,9c1736b38fd57bb8b7711e7d,reviewed-local,https://github.com/yeager/translations/blob/67e6d27877c9cfd6b6dbc74bd852b10bdbe09c3c/PCSX2/crowdin-current-ui-batch63-20260920.json,08ff78cfcd818cefe89524c4604550c53e468e64909a3ca76a582c3f0c9c5540,"{""artifact"":""https://crowdin.com/project/pcsx2"",""sha256"":""8c7fc45b576c1aede69be6958e4f2cdff2093ac237a076b65aa9ba4a17c69d99""}"
0d57c0d3c8335bdaef60d806,Unchecked,Avmarkerad,PCSX2,crowdin-current-ui-batch54-20260920,"OSDSettingsWidget
../Settings/OSDSettingsWidget.cpp:104
../Settings/OSDSettingsWidget.cpp:107
../Settings/OSDSettingsWidget.cpp:110
../Settings/OSDSettingsWidget.cpp:113
../Settings/OSDSettingsWidget.cpp:116
../Settings/OSDSettingsWidget.cpp:120
../Settings/OSDSettingsWidget.cpp:123
../Settings/OSDSettingsWidget.cpp:129
../Settings/OSDSettingsWidget.cpp:132
../Settings/OSDSettingsWidget.cpp:133
../Settings/OSDSettingsWidget.cpp:136
../Settings/OSDSettingsWidget.cpp:139
../Settings/OSDSettingsWidget.cpp:142
../Settings/OSDSettingsWidget.cpp:148
../Settings/OSDSettingsWidget.cpp:151
../Settings/OSDSettingsWidget.cpp:160",,project-context,564dd93efe68a2a124083c32,reviewed-receipt,https://github.com/yeager/translations/blob/67e6d27877c9cfd6b6dbc74bd852b10bdbe09c3c/PCSX2/crowdin-current-ui-batch54-20260920.json,1ea914cd857e948af6e29d5981765e20bf4f3f3bfcd3d14fdfab548fae14eacc,"{""artifact"":""https://crowdin.com/project/pcsx2"",""sha256"":""2e4055e3ae3bfa5f47c35feae5a63e4353b029baebbe2d3740f3dfb7ce144094""}"
0d753bc6b82713b13c7e3a85,Includes audio in recordings.,Inkluderar ljud i inspelningar.,PCSX2,crowdin-current-ui-batch8-20260920,"FullscreenUI
../../pcsx2/ImGui/FullscreenUI_Settings.cpp:6269",,project-context,b75f9af061a5867c9015544e,reviewed-receipt,https://github.com/yeager/translations/blob/67e6d27877c9cfd6b6dbc74bd852b10bdbe09c3c/PCSX2/crowdin-current-ui-batch8-20260920.json,6d671a2f5891b45d5687714706665353e2ac62d51b8d507209b9c6fd5769ca1f,"{""artifact"":""https://crowdin.com/project/pcsx2"",""sha256"":""2b2ca8db8a443517bf36ee680daf72a2577f6e5e125039ebfa51a62dcd9cddca""}"
0d78f325888b5cb11a8ba6b2,Texture Filtering,Texturfiltrering,PCSX2,crowdin-current-ui-batch56-20260920,"FullscreenUI
../../pcsx2/ImGui/FullscreenUI_Settings.cpp:6824",,project-context,6e828d89d60913c716546756,reviewed-receipt,https://github.com/yeager/translations/blob/67e6d27877c9cfd6b6dbc74bd852b10bdbe09c3c/PCSX2/crowdin-current-ui-batch56-20260920.json,e544f4e37b292a5a59167a947672fb099eeaff33c9d732c3cd8e9184cd9a4307,"{""artifact"":""https://crowdin.com/project/pcsx2"",""sha256"":""62d92af62d75fbc5022d8f1079b1c3b1c10efe64637d3403d5b6ddf2a661cd7c""}"
0da26dfa15ff48fdd7fdac2e,Warn About Unsafe Settings,Varna för osäkra inställningar,PCSX2,crowdin-current-ui-batch53-20260920,"OSDSettingsWidget
../Settings/OSDSettingsWidget.ui:442
../Settings/OSDSettingsWidget.cpp:163",Publiceringsförsöket nekades enligt det äldre kvittot; texten är ett lokalt granskningsförslag.,project-context,9b57b1125da287827f368507,reviewed-local,https://github.com/yeager/translations/blob/67e6d27877c9cfd6b6dbc74bd852b10bdbe09c3c/PCSX2/crowdin-current-ui-batch53-20260920.json,cf9e3a076b0a7a4c9da64198f8216ad33f840f37229f480c53c816b8096dd673,"{""artifact"":""https://crowdin.com/project/pcsx2"",""sha256"":""3785755df0adbab45a571ed4e37f6334893eb492ebea0f0c38eef555c7abff16""}"
0da4419458020d490131667e,Default,Standard,PCSX2,crowdin-current-ui-batch59-20260920,"AchievementSettingsWidget
../Settings/AchievementSettingsWidget.cpp:63
../Settings/AchievementSettingsWidget.cpp:65
../Settings/AchievementSettingsWidget.cpp:67",Publiceringsförsöket nekades enligt det äldre kvittot; texten är ett lokalt granskningsförslag.,project-context,9d2fefc4c1e519330c57f1f4,reviewed-local,https://github.com/yeager/translations/blob/67e6d27877c9cfd6b6dbc74bd852b10bdbe09c3c/PCSX2/crowdin-current-ui-batch59-20260920.json,9f38fdcde8389b4381406c889374f3d78d817dcfb9ea2ab1119de66a68266465,"{""artifact"":""https://crowdin.com/project/pcsx2"",""sha256"":""2822514dec9846ac0da05db47831041103e8847a27cfe338cad932beb5ec3fe0""}"
0dac562199edba2c245f67c5,Shows the current PCSX2 version.,Visar den aktuella PCSX2-versionen.,PCSX2,Crowdin UI,,"Granskad filleverans. Endast färdiga, aktiva översättningar tas med; detta är inte ett påstående om separat registrerat radbeslut för varje oförändrad post.",project-context,114efc7a4af32c9d73d85ba4,reviewed-file-delivery,https://crowdin.com/project/pcsx2,c5f591f1edc9553e40265bc0be0fe67c8e4252c052a1cf8ecfb524489a5aff60,{}
0dd575b7e2b785f6119e4e72,Adjust Per-Game,Justera per spel,PCSX2,Crowdin UI,,"Granskad filleverans. Endast färdiga, aktiva översättningar tas med; detta är inte ett påstående om separat registrerat radbeslut för varje oförändrad post.",project-context,7ea0421440012f54e7a819d2,reviewed-file-delivery,https://crowdin.com/project/pcsx2,c5f591f1edc9553e40265bc0be0fe67c8e4252c052a1cf8ecfb524489a5aff60,{}
0ddcc3e1fa2d6b1bdb596b93,Hardware Dump Directory,Katalog för maskinvarudumpar,PCSX2,crowdin-current-ui-batch61-20260920,"DebugSettingsWidget
../Settings/DebugSettingsWidget.cpp:158",,project-context,ba6b2d101ca469783989c31f,reviewed-receipt,https://github.com/yeager/translations/blob/67e6d27877c9cfd6b6dbc74bd852b10bdbe09c3c/PCSX2/crowdin-current-ui-batch61-20260920.json,7d1487a8e7a6c977e135205cbfbe024e70d8199f0ee522f5ae9219965d474fa2,"{""artifact"":""https://crowdin.com/project/pcsx2"",""sha256"":""cae4182e4bda04c71725d75fcc033e02e98d46d317a763c175c904455c31292e""}"
0e1da9edae65ebaa1ba975e1,Enable Extended RAM (Dev Console),Aktivera utökat RAM-minne (utvecklarkonsol),PCSX2,Crowdin UI,,"Granskad filleverans. Endast färdiga, aktiva översättningar tas med; detta är inte ett påstående om separat registrerat radbeslut för varje oförändrad post.",project-context,f6d9278c710505bbabcdb801,reviewed-file-delivery,https://crowdin.com/project/pcsx2,c5f591f1edc9553e40265bc0be0fe67c8e4252c052a1cf8ecfb524489a5aff60,{}
0e2e4dd4afff3c9c7a35c1fa,Switch Rankings,Byt ranking,PCSX2,crowdin-current-ui-batch20-20260920,"Achievements
../../pcsx2/Achievements.cpp:3506
../../pcsx2/Achievements.cpp:3514",Publiceringsförsöket nekades enligt det äldre kvittot; texten är ett lokalt granskningsförslag.,project-context,ebd8d5aed2bcd4e30fc96bcb,reviewed-local,https://github.com/yeager/translations/blob/67e6d27877c9cfd6b6dbc74bd852b10bdbe09c3c/PCSX2/crowdin-current-ui-batch20-20260920.json,b9f3010178fb1ba2ee5cb59570e69caac32abf9f9b7229bf26b14b3a321dc236,"{""artifact"":""https://crowdin.com/project/pcsx2"",""sha256"":""80dfa3957971d82049126a42f1c3e5ce8fd424968b067fe3d007556bbe70d3a5""}"
0e2fa1acd1b03061cef2616f,Save Frame Start:,Start för sparade bildrutor:,PCSX2,crowdin-current-ui-batch21-20260920,"DebugGSSettingsTab
../Settings/DebugGSSettingsTab.ui:144",,project-context,6c077cbd33abb4c6e03b9809,reviewed-receipt,https://github.com/yeager/translations/blob/67e6d27877c9cfd6b6dbc74bd852b10bdbe09c3c/PCSX2/crowdin-current-ui-batch21-20260920.json,a17a684939c7836f99eed6a2beb5c914bdeb5bc299843bbd766ce571585ee88e,"{""artifact"":""https://crowdin.com/project/pcsx2"",""sha256"":""ac62b5999c55895f4d8ef20a923b7673239d3536f29b80e2956bd3875454e305""}"
0e5ba560ed1bfcce0389262c,16x Native (~5760px),16× inbyggd (~5760 px),PCSX2,crowdin-current-ui-batch50-20260920,"FullscreenUI
../../pcsx2/ImGui/FullscreenUI_Settings.cpp:6619",,project-context,e30b997f6e14710fe2ce966f,reviewed-receipt,https://github.com/yeager/translations/blob/67e6d27877c9cfd6b6dbc74bd852b10bdbe09c3c/PCSX2/crowdin-current-ui-batch50-20260920.json,526c37bda266096897ffc29f6d90f1526ccd117934fef6462d4629b30c159187,"{""artifact"":""https://crowdin.com/project/pcsx2"",""sha256"":""6ad335231cc6d6cdd6e55a1d3a6d318c661496721edfb0ce4c982221f70ebb43""}"
0eba4922c29e23419da01143,Appearance,Utseende,PCSX2,crowdin-current-ui-batch30-20260920,"InterfaceSettingsWidget
../Settings/InterfaceSettingsWidget.ui:166",Publiceringsförsöket nekades enligt det äldre kvittot; texten är ett lokalt granskningsförslag.,project-context,9b8b95c4f4cc5fa8b634d052,reviewed-local,https://github.com/yeager/translations/blob/67e6d27877c9cfd6b6dbc74bd852b10bdbe09c3c/PCSX2/crowdin-current-ui-batch30-20260920.json,d4af30d773c2d445fd558ede29e0c75536433129a2aa3de962c902c53c53d27e,"{""artifact"":""https://crowdin.com/project/pcsx2"",""sha256"":""24a9d4a17a1af0b85593d2a0c61a188afb585922a8170c33198d1d8dde43f4ea""}"
0ebbf63bf44ea4099cce910c,1 (64 Max Width),1 (maximal bredd 64),PCSX2,crowdin-current-ui-batch24-20260920,"GraphicsHardwareFixesSettingsTab
../Settings/GraphicsHardwareFixesSettingsTab.ui:80",,project-context,42815b5f18b4efa03bb38e07,reviewed-receipt,https://github.com/yeager/translations/blob/67e6d27877c9cfd6b6dbc74bd852b10bdbe09c3c/PCSX2/crowdin-current-ui-batch24-20260920.json,ee2587e30ef9f54541bdbfb4dfcf7512e05bd487cd41e18f4834c7ff3b6d4915,"{""artifact"":""https://crowdin.com/project/pcsx2"",""sha256"":""313e10d7a1ddf23e72777c1e6f091e769247d43686e7bdc2a595b5f8b361557a""}"
0ec29b8908989d4ca55a12bf,Spin GPU During Readbacks,Låt GPU:n snurra under återläsningar,PCSX2,crowdin-current-ui-batch23-20260920,"GraphicsAdvancedSettingsTab
../Settings/GraphicsAdvancedSettingsTab.ui:109",,project-context,3210bd5a0bf6a9ff7f247ae4,reviewed-receipt,https://github.com/yeager/translations/blob/67e6d27877c9cfd6b6dbc74bd852b10bdbe09c3c/PCSX2/crowdin-current-ui-batch23-20260920.json,94825b8000dc084475f7ee18208d828359829f994a9e4d0dfc9ec3c3d325f60e,"{""artifact"":""https://crowdin.com/project/pcsx2"",""sha256"":""6b8288ea9f88c94e2c92760641e3a9f4e9bcf0afd5792486ccdb4cadfbaa3cb3""}"
0ee8830a28d9781b18014045,Use Debug Blend,Använd felsökningsblandning,PCSX2,crowdin-current-ui-batch1-20260920,"FullscreenUI
../../pcsx2/ImGui/FullscreenUI_Settings.cpp:7071",,project-context,ece4e28e2c78a9b5c23caad4,reviewed-receipt,https://github.com/yeager/translations/blob/67e6d27877c9cfd6b6dbc74bd852b10bdbe09c3c/PCSX2/crowdin-current-ui-batch1-20260920.json,fbacbf8b449e630f42dbc651e3eb3d61f650cd4cb6d478d350f9a55ce6b87962,"{""artifact"":""https://crowdin.com/project/pcsx2"",""sha256"":""7f5abe16dafc203bc5f1d57f81d2b8c21be7428078ab48e9f9392afc3962e699""}"
0f23ee952b1bf8a2290cf6e7,Network Adapter,Nätverksadapter,PCSX2,crowdin-current-ui-batch34-20260920,"FullscreenUI
../../pcsx2/ImGui/FullscreenUI_Settings.cpp:6337",Publiceringsförsöket nekades enligt det äldre kvittot; texten är ett lokalt granskningsförslag.,project-context,42ba92f2896a745028caf3dd,reviewed-local,https://github.com/yeager/translations/blob/67e6d27877c9cfd6b6dbc74bd852b10bdbe09c3c/PCSX2/crowdin-current-ui-batch34-20260920.json,8d6bc4cd53749b6ed56459f38c0244781001a3de538ab116fa6b6c047f93e6ed,"{""artifact"":""https://crowdin.com/project/pcsx2"",""sha256"":""63dee893647f62c16a7776f315b6875bfcdd2e6cde8408d093756780dc8f68e5""}"
0f4eab72b4bb5c4a1f9b7c81,Adapter / Interface,Adapter/gränssnitt,PCSX2,crowdin-current-ui-batch2-20260920,"DEV9SettingsWidget
../Settings/DEV9SettingsWidget.cpp:198",,project-context,c19cf53f884ff00fd7f6edc8,reviewed-receipt,https://github.com/yeager/translations/blob/67e6d27877c9cfd6b6dbc74bd852b10bdbe09c3c/PCSX2/crowdin-current-ui-batch2-20260920.json,a8019ae64305421dc140bdb4a328c495e84cd0cf6043ab46c5d4bf619d05bd2b,"{""artifact"":""https://crowdin.com/project/pcsx2"",""sha256"":""cf39288d6bf52687f04aca1446e306b2ef891fda4e538f6866cb96f3b4635643""}"
0f6de542e164abadb499d956,Software Texture Filtering,Programvarutexturfiltrering,PCSX2,crowdin-current-ui-batch62-20260920,"GraphicsSettingsWidget
../Settings/GraphicsSettingsWidget.cpp:562",,project-context,bcd792bcc75bdbf7d2bb801a,reviewed-receipt,https://github.com/yeager/translations/blob/67e6d27877c9cfd6b6dbc74bd852b10bdbe09c3c/PCSX2/crowdin-current-ui-batch62-20260920.json,6f455bab497aab5f47fecf4d901525cee3a927cec35cd4f2f0dc82942d40dace,"{""artifact"":""https://crowdin.com/project/pcsx2"",""sha256"":""39bd3eee917c3dfb1e7d21ddc4312658fe16838f266b87b8c537e60e04f39876""}"
0f73497491bf1360b24593e2,Save State Management,Hantering av sparlägen,PCSX2,Crowdin UI,,"Granskad filleverans. Endast färdiga, aktiva översättningar tas med; detta är inte ett påstående om separat registrerat radbeslut för varje oförändrad post.",project-context,b4ea5dada6cb7e842cf080bb,reviewed-file-delivery,https://crowdin.com/project/pcsx2,c5f591f1edc9553e40265bc0be0fe67c8e4252c052a1cf8ecfb524489a5aff60,{}
0fd491f6c9d0c098df178e6d,Show Patches,Visa patchar,PCSX2,crowdin-current-ui-batch53-20260920,"OSDSettingsWidget
../Settings/OSDSettingsWidget.ui:379
../Settings/OSDSettingsWidget.cpp:148",Publiceringsförsöket nekades enligt det äldre kvittot; texten är ett lokalt granskningsförslag.,project-context,61e646cdecbd1cc3ec268b61,reviewed-local,https://github.com/yeager/translations/blob/67e6d27877c9cfd6b6dbc74bd852b10bdbe09c3c/PCSX2/crowdin-current-ui-batch53-20260920.json,cf9e3a076b0a7a4c9da64198f8216ad33f840f37229f480c53c816b8096dd673,"{""artifact"":""https://crowdin.com/project/pcsx2"",""sha256"":""ee74e6725bc5b9a5846692fc6f2d0772a552245791a19ce438267fe8a14732cd""}"
0fd8213b9321bb91b6d625fb,Not provided by catalog,Tillhandahålls inte av katalogen,PCSX2,Crowdin UI,,"Granskad filleverans. Endast färdiga, aktiva översättningar tas med; detta är inte ett påstående om separat registrerat radbeslut för varje oförändrad post.",project-context,6d07f926cca3442d4787c8ac,reviewed-file-delivery,https://crowdin.com/project/pcsx2,c5f591f1edc9553e40265bc0be0fe67c8e4252c052a1cf8ecfb524489a5aff60,{}
0fee9afd0f9ea1689e8de169,Show GPU Debug Info,Visa felsökningsinformation för GPU,PCSX2,crowdin-current-ui-batch50-20260920,"FullscreenUI
../../pcsx2/ImGui/FullscreenUI_Settings.cpp:6928",Publiceringsförsöket nekades enligt det äldre kvittot; texten är ett lokalt granskningsförslag.,project-context,a196fd69500384fd7196fee3,reviewed-local,https://github.com/yeager/translations/blob/67e6d27877c9cfd6b6dbc74bd852b10bdbe09c3c/PCSX2/crowdin-current-ui-batch50-20260920.json,526c37bda266096897ffc29f6d90f1526ccd117934fef6462d4629b30c159187,"{""artifact"":""https://crowdin.com/project/pcsx2"",""sha256"":""89631646a24f521125cf115557d0b9ab75d620a1e427a09c4539ba42616377c7""}"
101a8c646a9e1bbba3eb219d,Navigate Subsets,Navigera delmängder,PCSX2,Crowdin UI,,"Granskad filleverans. Endast färdiga, aktiva översättningar tas med; detta är inte ett påstående om separat registrerat radbeslut för varje oförändrad post.",project-context,1ed16b48e4e423598e86fd73,reviewed-file-delivery,https://crowdin.com/project/pcsx2,c5f591f1edc9553e40265bc0be0fe67c8e4252c052a1cf8ecfb524489a5aff60,{}
104d7d3986646e83d728eae7,Capture Video,Spela in video,PCSX2,crowdin-current-ui-batch8-20260920,"FullscreenUI
../../pcsx2/ImGui/FullscreenUI_Settings.cpp:6884",,project-context,c9d1e8bcbbafaa6615acf441,reviewed-receipt,https://github.com/yeager/translations/blob/67e6d27877c9cfd6b6dbc74bd852b10bdbe09c3c/PCSX2/crowdin-current-ui-batch8-20260920.json,6d671a2f5891b45d5687714706665353e2ac62d51b8d507209b9c6fd5769ca1f,"{""artifact"":""https://crowdin.com/project/pcsx2"",""sha256"":""51df285590d0ee51ab026722f6d8e330b29b71bfebf5ee6cdb0e6f55dc5103a2""}"
1088f584c0689cb5c5f96c1b,Enable Compatibility Patches,Aktivera kompatibilitetspatchar,PCSX2,crowdin-current-ui-batch57-20260920,"FullscreenUI
../../pcsx2/ImGui/FullscreenUI_Settings.cpp:7067",,project-context,7ba74cdebf426fa8ce63c2ea,reviewed-receipt,https://github.com/yeager/translations/blob/67e6d27877c9cfd6b6dbc74bd852b10bdbe09c3c/PCSX2/crowdin-current-ui-batch57-20260920.json,5c871fa681fe60ac837787f04a021e0897b135316665fb1695de5041b8a5e637,"{""artifact"":""https://crowdin.com/project/pcsx2"",""sha256"":""3ad563141c58d7d3d1bfc903f72f62375ea452d45cecf6f46601d1253b0af46a""}"
109793a94a5cea40f2dd2d9d,Full,Fullständig,PCSX2,crowdin-current-ui-batch51-20260920,"GameDatabase
../../pcsx2/GameDatabase.cpp:926",Publiceringsförsöket nekades enligt det äldre kvittot; texten är ett lokalt granskningsförslag.,project-context,f62542a96891baa3f2f9bcea,reviewed-local,https://github.com/yeager/translations/blob/67e6d27877c9cfd6b6dbc74bd852b10bdbe09c3c/PCSX2/crowdin-current-ui-batch51-20260920.json,a8b5191343bdd297b5d152a224021320a839b19ec9afc66e6fdf7d9067e58697,"{""artifact"":""https://crowdin.com/project/pcsx2"",""sha256"":""1822e4fb6944939f0bc1d9c2470b16618a7b8b3eb8ca1d5caeca878ae0b90835""}"
10c1276c415085c29233c268,No - Disable NTFS compression,Nej – inaktivera NTFS-komprimering,PCSX2,crowdin-current-ui-batch18-20260920,"FullscreenUI
../../pcsx2/ImGui/FullscreenUI_Settings.cpp:6072",,project-context,a90077953f82be84cc59c076,reviewed-receipt,https://github.com/yeager/translations/blob/67e6d27877c9cfd6b6dbc74bd852b10bdbe09c3c/PCSX2/crowdin-current-ui-batch18-20260920.json,d0045488eb1eee4246057f420111c6313a5a756b798114b9e4b249ca38af16a7,"{""artifact"":""https://crowdin.com/project/pcsx2"",""sha256"":""81637081daa5e5eb43520e69a6c1489697f4da4cd696bafe62d41d0e1a8796dc""}"
113f7c645c5ebcc7c3e8c6f9,Off,Av,PCSX2,crowdin-current-ui-batch13-20260920,"GraphicsHardwareRenderingSettingsTab
../Settings/GraphicsHardwareRenderingSettingsTab.ui:31",Publiceringsförsöket nekades enligt det äldre kvittot; texten är ett lokalt granskningsförslag.,project-context,5e09e4d779a694283cf3f51c,reviewed-local,https://github.com/yeager/translations/blob/67e6d27877c9cfd6b6dbc74bd852b10bdbe09c3c/PCSX2/crowdin-current-ui-batch13-20260920.json,623ec591b5fcb41c8d897353bf192b4285c0b8b4a6be7d0f716afe784de07e1d,"{""artifact"":""https://crowdin.com/project/pcsx2"",""sha256"":""b0d970c5a3e5162e182626b45e9b61211669c419a13a6db10e30014eac8c0ea6""}"
1142cbf5a3780c4ac310bc9c,Enter the Gateway address,Ange gatewayadressen,PCSX2,crowdin-current-ui-batch34-20260920,"FullscreenUI
../../pcsx2/ImGui/FullscreenUI_Settings.cpp:6097",,project-context,ec3e8b264f819f0199ba1a47,reviewed-receipt,https://github.com/yeager/translations/blob/67e6d27877c9cfd6b6dbc74bd852b10bdbe09c3c/PCSX2/crowdin-current-ui-batch34-20260920.json,8d6bc4cd53749b6ed56459f38c0244781001a3de538ab116fa6b6c047f93e6ed,"{""artifact"":""https://crowdin.com/project/pcsx2"",""sha256"":""3e13602ddd17cdb8532925b67d8bce923e21b16a611087a36aabc485ce0f1fa3""}"
11a20d1e998a736b9773a0c4,Failed to initialize USB.,Det gick inte att initiera USB.,PCSX2,crowdin-current-ui-batch10-20260920,"VMManager
../../pcsx2/VMManager.cpp:1606",,project-context,8dd429c415d412595033e771,reviewed-receipt,https://github.com/yeager/translations/blob/67e6d27877c9cfd6b6dbc74bd852b10bdbe09c3c/PCSX2/crowdin-current-ui-batch10-20260920.json,3c14ee97d43ded3046a999eef4784f22e73a1576e3b07915345f50e5fc2d9296,"{""artifact"":""https://crowdin.com/project/pcsx2"",""sha256"":""ffb9708125923232721e20012e490e460819e88b7ac855754b437b927fa0a741""}"
11d9b32249b994c6efac2a0b,Reverser Down,Minska färdriktare,PCSX2,crowdin-current-ui-batch49-20260920,"USB
../../pcsx2/USB/usb-pad/usb-train.cpp:129
../../pcsx2/USB/usb-pad/usb-train.cpp:152",,project-context,d0aef41c731a1ffec92a56c3,reviewed-receipt,https://github.com/yeager/translations/blob/67e6d27877c9cfd6b6dbc74bd852b10bdbe09c3c/PCSX2/crowdin-current-ui-batch49-20260920.json,3e907fbc31b1fdfcccfc47d4a6a49ad2bfe6eb9414cebf6471f974279c345287,"{""artifact"":""https://crowdin.com/project/pcsx2"",""sha256"":""b78508b112b07bf5d4b2d8b3d7cb22cf12f306dd40e7ee567ad7e78516dc2822""}"
11ec5d8f45f4d7f68559616f,Manual,Manuell,PCSX2,crowdin-current-ui-batch35-20260920,"FullscreenUI
../../pcsx2/ImGui/FullscreenUI_Settings.cpp:6724",,project-context,bcaf720ac1f07c19403a251c,reviewed-receipt,https://github.com/yeager/translations/blob/67e6d27877c9cfd6b6dbc74bd852b10bdbe09c3c/PCSX2/crowdin-current-ui-batch35-20260920.json,6c1b597bc9480c34eadc255045e58a2413f454db5a76874db451ebfcd5d24853,"{""artifact"":""https://crowdin.com/project/pcsx2"",""sha256"":""b38bd7b1153f8490c829f8f27713bc1d4c47820bd61d2b5522c299adf689687d""}"
124ab6c01243877195f4c6a6,Replay Frame Start:,Startbildruta för uppspelning:,PCSX2,crowdin-current-ui-batch8-20260920,"DebugGSSettingsTab
../Settings/DebugGSSettingsTab.ui:263",,project-context,3d6e5567cb0acee2b9bbef9a,reviewed-receipt,https://github.com/yeager/translations/blob/67e6d27877c9cfd6b6dbc74bd852b10bdbe09c3c/PCSX2/crowdin-current-ui-batch8-20260920.json,6d671a2f5891b45d5687714706665353e2ac62d51b8d507209b9c6fd5769ca1f,"{""artifact"":""https://crowdin.com/project/pcsx2"",""sha256"":""e2b347690e7821e1b60ebf243d9ab23d9be324c5e4dcec9e3ffe40dd3666e6dc""}"
12651b3c0c2ae84b1fde58a8,ENTRY,INGÅNG,PCSX2,crowdin-current-ui-batch16-20260920,"Warning: short space limit. Abbreviate if needed. // Entrypoint of the executable
ModuleModel
../Debugger/ModuleModel.cpp:108",,project-context,215dea5ec751e3ad6a6462d2,reviewed-receipt,https://github.com/yeager/translations/blob/67e6d27877c9cfd6b6dbc74bd852b10bdbe09c3c/PCSX2/crowdin-current-ui-batch16-20260920.json,97ddb02a5c2e9d349bcc0facea2f2c65740a59d833cbc32e9a26b9d72a9feeb5,"{""artifact"":""https://crowdin.com/project/pcsx2"",""sha256"":""2ec9b1255a33ff6594b67f0d6b3b26e322d844d6c010d5d435e5f7d6a67caaf2""}"
12d63f041de57f23d409f24e,Enable SDL Raw Input,Aktivera råindata från SDL,PCSX2,crowdin-current-ui-batch57-20260920,"FullscreenUI
../../pcsx2/ImGui/FullscreenUI_Settings.cpp:7005",,project-context,c3c760560ee12d8ca27ce7c3,reviewed-receipt,https://github.com/yeager/translations/blob/67e6d27877c9cfd6b6dbc74bd852b10bdbe09c3c/PCSX2/crowdin-current-ui-batch57-20260920.json,5c871fa681fe60ac837787f04a021e0897b135316665fb1695de5041b8a5e637,"{""artifact"":""https://crowdin.com/project/pcsx2"",""sha256"":""4d64ba37e8640cf2eac4a4e0c99393e01ff8221a578f7fcb4a5deb69d04a696c""}"
1301ea99718834c76e1588d7,System font families: loading...,Teckensnittsfamiljer i systemet: läser in …,PCSX2,Crowdin UI,,"Granskad filleverans. Endast färdiga, aktiva översättningar tas med; detta är inte ett påstående om separat registrerat radbeslut för varje oförändrad post.",project-context,87be19f3024c118a6980199b,reviewed-file-delivery,https://crowdin.com/project/pcsx2,c5f591f1edc9553e40265bc0be0fe67c8e4252c052a1cf8ecfb524489a5aff60,{}
1340458f567d6da77d891e80,Enable HDD,Aktivera hårddisk,PCSX2,crowdin-current-ui-batch3-20260920,"DEV9SettingsWidget
../Settings/DEV9SettingsWidget.cpp:220",,project-context,25fbcdf1cb6d91a5ff289b36,reviewed-receipt,https://github.com/yeager/translations/blob/67e6d27877c9cfd6b6dbc74bd852b10bdbe09c3c/PCSX2/crowdin-current-ui-batch3-20260920.json,312b703c14e788fca3d8a80055543aca887c12d491340b56e8de7abdd1dbfcb8,"{""artifact"":""https://crowdin.com/project/pcsx2"",""sha256"":""c5ebcc430a76023d72b2cf9b59453fe3b9e10fd322006f3fa2893f54873cd4d0""}"
138d3471953de7b43d5d33f3,Output Device,Utdataenhet,PCSX2,crowdin-current-ui-batch2-20260920,"AudioSettingsWidget
../Settings/AudioSettingsWidget.cpp:113",,project-context,9e5f2afeef383d996bc9361f,reviewed-receipt,https://github.com/yeager/translations/blob/67e6d27877c9cfd6b6dbc74bd852b10bdbe09c3c/PCSX2/crowdin-current-ui-batch2-20260920.json,a8019ae64305421dc140bdb4a328c495e84cd0cf6043ab46c5d4bf619d05bd2b,"{""artifact"":""https://crowdin.com/project/pcsx2"",""sha256"":""3d94cd6374093a657b730f3d78d488a5db7295ca12e62a6206d121f44c6f8c6a""}"
13cca65c23379e5f12b81f0d,Save Frame Range Start,Start för sparat bildruteintervall,PCSX2,Crowdin UI,,"Granskad filleverans. Endast färdiga, aktiva översättningar tas med; detta är inte ett påstående om separat registrerat radbeslut för varje oförändrad post.",project-context,8934f8e2372461af99a3502e,reviewed-file-delivery,https://crowdin.com/project/pcsx2,c5f591f1edc9553e40265bc0be0fe67c8e4252c052a1cf8ecfb524489a5aff60,{}
13ee462afb354a30ab4e1baf,Saved Metrics Capture Time:,Inspelningstid för sparade mätvärden:,PCSX2,crowdin-current-ui-batch63-20260920,"DebugGSSettingsTab
../Settings/DebugGSSettingsTab.ui:332",,project-context,eee8b603e9f6887adc2f96f5,reviewed-receipt,https://github.com/yeager/translations/blob/67e6d27877c9cfd6b6dbc74bd852b10bdbe09c3c/PCSX2/crowdin-current-ui-batch63-20260920.json,08ff78cfcd818cefe89524c4604550c53e468e64909a3ca76a582c3f0c9c5540,"{""artifact"":""https://crowdin.com/project/pcsx2"",""sha256"":""739c4967f255f8eff1da95e8df84b3d2ed333f5793a5645e175bf5d7ca504b07""}"
140c7682186d0b48e1b3d960,Standard Volume:,Standardvolym:,PCSX2,crowdin-current-ui-batch32-20260920,"AudioSettingsWidget
../Settings/AudioSettingsWidget.ui:246",Publiceringsförsöket nekades enligt det äldre kvittot; texten är ett lokalt granskningsförslag.,project-context,0aa87bd3b1718346619e923f,reviewed-local,https://github.com/yeager/translations/blob/67e6d27877c9cfd6b6dbc74bd852b10bdbe09c3c/PCSX2/crowdin-current-ui-batch32-20260920.json,8508e8374eb7f35a6dbd9e586bfae248023f55fcc7b6ce641daf41e2c61e9c01,"{""artifact"":""https://crowdin.com/project/pcsx2"",""sha256"":""a9c102c1408bcfdd327f7938a0a685d7f514a2be06b6e4a51abb9885f5128bb4""}"
1413a4a6513a82e5924b52ad,Video Capture Width,Bredd för videoinspelning,PCSX2,crowdin-current-ui-batch8-20260920,"FullscreenUI
../../pcsx2/ImGui/FullscreenUI_Settings.cpp:6889",,project-context,98e779279e1937872bf3bca1,reviewed-receipt,https://github.com/yeager/translations/blob/67e6d27877c9cfd6b6dbc74bd852b10bdbe09c3c/PCSX2/crowdin-current-ui-batch8-20260920.json,6d671a2f5891b45d5687714706665353e2ac62d51b8d507209b9c6fd5769ca1f,"{""artifact"":""https://crowdin.com/project/pcsx2"",""sha256"":""13ab4284d254761458f5a0538d6b159c9d940cf07a7444d7c78a76b16968f542""}"
141a08c89b900b7b7654fcef,Center,Mitten,PCSX2,crowdin-current-ui-batch53-20260920,"OSDSettingsWidget
../Settings/OSDSettingsWidget.ui:120
../Settings/OSDSettingsWidget.ui:184",Publiceringsförsöket nekades enligt det äldre kvittot; texten är ett lokalt granskningsförslag.,project-context,7fc5f6ca67647a048646d4fc,reviewed-local,https://github.com/yeager/translations/blob/67e6d27877c9cfd6b6dbc74bd852b10bdbe09c3c/PCSX2/crowdin-current-ui-batch53-20260920.json,cf9e3a076b0a7a4c9da64198f8216ad33f840f37229f480c53c816b8096dd673,"{""artifact"":""https://crowdin.com/project/pcsx2"",""sha256"":""129206ea90c2979c776be63c58d8d4a0d3392b7da7d941b48f0d7a6dcc10457c""}"
1468774984f396ba14e9b76b,Save Draw Range Count,Antal i sparat ritintervall,PCSX2,crowdin-current-ui-batch61-20260920,"DebugSettingsWidget
../Settings/DebugSettingsWidget.cpp:152",,project-context,58e64ca8e25f60ee1d1cee21,reviewed-receipt,https://github.com/yeager/translations/blob/67e6d27877c9cfd6b6dbc74bd852b10bdbe09c3c/PCSX2/crowdin-current-ui-batch61-20260920.json,7d1487a8e7a6c977e135205cbfbe024e70d8199f0ee522f5ae9219965d474fa2,"{""artifact"":""https://crowdin.com/project/pcsx2"",""sha256"":""cd9afde8456f5463b9fcd48f671512f9f4a4a260c9789eb120a2f5d699cfbee5""}"
146b678959e0164fdefed7e5,Create Game Shortcut...,Skapa spelgenväg…,PCSX2,crowdin-current-ui-batch37-20260920,"MainWindow
../MainWindow.cpp:1873",,project-context,731e4309778fe1197bc1028c,reviewed-receipt,https://github.com/yeager/translations/blob/67e6d27877c9cfd6b6dbc74bd852b10bdbe09c3c/PCSX2/crowdin-current-ui-batch37-20260920.json,3d30ac42902a2603744414716b97c7784c4b7f2491b297a70bd0590534da88f4,"{""artifact"":""https://crowdin.com/project/pcsx2"",""sha256"":""122ede220aa24b6883232d34e933b0d27efc1b357cc306076fa21675ddfe331e""}"
1480f500b9b6f25d777f7417,Second of the minute (0-59).,Minuts sekund (0–59).,PCSX2,crowdin-current-ui-batch58-20260920,"FullscreenUI
../../pcsx2/ImGui/FullscreenUI_Settings.cpp:6165",,project-context,9654db3b7eb55ffceb2056ba,reviewed-receipt,https://github.com/yeager/translations/blob/67e6d27877c9cfd6b6dbc74bd852b10bdbe09c3c/PCSX2/crowdin-current-ui-batch58-20260920.json,63dc6922c386d319276df2094a26afd341a8755f207ce8908444de581c157b66,"{""artifact"":""https://crowdin.com/project/pcsx2"",""sha256"":""2004f06878bcf7b065cbe7b0661f681675fe3668d849bc7373bac0f8c802a793""}"
1493ed90bfd38d542cf38d40,Minimal Output Latency,Minimal utdatafördröjning,PCSX2,crowdin-current-ui-batch60-20260920,"AudioSettingsWidget
../Settings/AudioSettingsWidget.cpp:107",Publiceringsförsöket nekades enligt det äldre kvittot; texten är ett lokalt granskningsförslag.,project-context,48566c4888e071a144d72723,reviewed-local,https://github.com/yeager/translations/blob/67e6d27877c9cfd6b6dbc74bd852b10bdbe09c3c/PCSX2/crowdin-current-ui-batch60-20260920.json,8c6cbd32b1310e0a049b06bc12d78c06699e0e814d471dcdf308e46e1f1388d6,"{""artifact"":""https://crowdin.com/project/pcsx2"",""sha256"":""213841b2a8fe4bcee1b5e4f37ad685bed0af1f14fe8b4a695b1a982edb68c754""}"
14bb370c3f1c216241fdf81d,Leaderboard Notification Duration,Varaktighet för topplistenotis,PCSX2,crowdin-current-ui-batch57-20260920,"FullscreenUI
../../pcsx2/ImGui/FullscreenUI_Settings.cpp:6986",,project-context,3bf0f53b2a20f14ab7f506fb,reviewed-receipt,https://github.com/yeager/translations/blob/67e6d27877c9cfd6b6dbc74bd852b10bdbe09c3c/PCSX2/crowdin-current-ui-batch57-20260920.json,5c871fa681fe60ac837787f04a021e0897b135316665fb1695de5041b8a5e637,"{""artifact"":""https://crowdin.com/project/pcsx2"",""sha256"":""42621a8f02e3112ea8ab1c6bd99f925054d938e2d22b0fdc14a9a12ee31ae310""}"
14e0e224f36ea8a06d668852,DNS1 Address,DNS1-adress,PCSX2,crowdin-current-ui-batch36-20260920,"FullscreenUI
../../pcsx2/ImGui/FullscreenUI_Settings.cpp:6961",Publiceringsförsöket nekades enligt det äldre kvittot; texten är ett lokalt granskningsförslag.,project-context,a2e97c9cd271796acd137a80,reviewed-local,https://github.com/yeager/translations/blob/67e6d27877c9cfd6b6dbc74bd852b10bdbe09c3c/PCSX2/crowdin-current-ui-batch36-20260920.json,06685b2a6b6a0881c244315d3604555b5de0e31fa34564c53c68e8d7b263bdfe,"{""artifact"":""https://crowdin.com/project/pcsx2"",""sha256"":""2fc56e9c318779ce73f592e4778f18f769384eea24f57fd5cbcb3269e53d04e7""}"
15159b1da55cac2db1116967,Automatically Analyze Program:,Analysera program automatiskt:,PCSX2,crowdin-current-ui-batch20-20260920,"DebugAnalysisSettingsTab
../Settings/DebugAnalysisSettingsTab.ui:53",,project-context,b4fe57b747bd4fbed81750b2,reviewed-receipt,https://github.com/yeager/translations/blob/67e6d27877c9cfd6b6dbc74bd852b10bdbe09c3c/PCSX2/crowdin-current-ui-batch20-20260920.json,b9f3010178fb1ba2ee5cb59570e69caac32abf9f9b7229bf26b14b3a321dc236,"{""artifact"":""https://crowdin.com/project/pcsx2"",""sha256"":""b1907306f6fe1886a09ad3a804350986184623d497351fa86e0c8f03b2defd38""}"
15408eff04c5c0ab7e12cbd8,&Video Capture,&Videoinspelning,PCSX2,crowdin-current-ui-batch46-20260920,"MainWindow
In Toolbar
../MainWindow.ui:1080",Publiceringsförsöket nekades enligt det äldre kvittot; texten är ett lokalt granskningsförslag.,project-context,0791d92f77419b2d450af8ca,reviewed-local,https://github.com/yeager/translations/blob/67e6d27877c9cfd6b6dbc74bd852b10bdbe09c3c/PCSX2/crowdin-current-ui-batch46-20260920.json,5fd49be2672b59f0daff08c9e08a881d25eb868891d139d395ea94a1aba23434,"{""artifact"":""https://crowdin.com/project/pcsx2"",""sha256"":""f85f09f73955b0814a315472ccd8b374f89591421f3fdc9962192ca50971ee46""}"
15783c04ac44448b81860fcd,Add PCSX2 to the Application Menu,Lägg till PCSX2 på programmenyn,PCSX2,Crowdin UI,,"Granskad filleverans. Endast färdiga, aktiva översättningar tas med; detta är inte ett påstående om separat registrerat radbeslut för varje oförändrad post.",project-context,9fd91066aa8ebe0db54aa6e7,reviewed-file-delivery,https://crowdin.com/project/pcsx2,c5f591f1edc9553e40265bc0be0fe67c8e4252c052a1cf8ecfb524489a5aff60,{}
15a4b72f717570ce30811e76,Fit,Anpassa,PCSX2,crowdin-current-ui-batch40-20260920,"InterfaceSettingsWidget
../Settings/InterfaceSettingsWidget.ui:297
../Settings/InterfaceSettingsWidget.cpp:246",Publiceringsförsöket nekades enligt det äldre kvittot; texten är ett lokalt granskningsförslag.,project-context,375ac6cfba998531d532cace,reviewed-local,https://github.com/yeager/translations/blob/67e6d27877c9cfd6b6dbc74bd852b10bdbe09c3c/PCSX2/crowdin-current-ui-batch40-20260920.json,10eda59b167a547e47b04d1ef5226a52229dce7efa17d02a4fe94908fb96ed03,"{""artifact"":""https://crowdin.com/project/pcsx2"",""sha256"":""8e8eb9b70df958217776ed6ff991aad1b8741316bff937c4939ab2d0153f7821""}"
15a742c733156c4401ccda69,Filters,Filter,PCSX2,crowdin-current-ui-batch27-20260920,"GraphicsPostProcessingSettingsTab
../Settings/GraphicsPostProcessingSettingsTab.ui:102",Publiceringsförsöket nekades enligt det äldre kvittot; texten är ett lokalt granskningsförslag.,project-context,d463e8b744a737bbcccfb9c0,reviewed-local,https://github.com/yeager/translations/blob/67e6d27877c9cfd6b6dbc74bd852b10bdbe09c3c/PCSX2/crowdin-current-ui-batch27-20260920.json,daf14a4c22835aeb84f9a6f6d33a6c69ac188b84259e32a73fa4a47caa65dc63,"{""artifact"":""https://crowdin.com/project/pcsx2"",""sha256"":""0ffb2e57a2ef09007e408478c3b62ddf31d5357bcfa0d6f3311e56ffcc0e6e18""}"
15b82d94f82dac7f0b596fc8,Show Patches For All CRCs,Visa patchar för alla CRC:er,PCSX2,Crowdin UI,,"Granskad filleverans. Endast färdiga, aktiva översättningar tas med; detta är inte ett påstående om separat registrerat radbeslut för varje oförändrad post.",project-context,3218350e37db2ec9bea41c25,reviewed-file-delivery,https://crowdin.com/project/pcsx2,c5f591f1edc9553e40265bc0be0fe67c8e4252c052a1cf8ecfb524489a5aff60,{}
15eb0ac03cad69d3b5435a50,Overlay Settings,Inställningar för överlagring,PCSX2,crowdin-current-ui-batch58-20260920,"FullscreenUI
../../pcsx2/ImGui/FullscreenUI_Settings.cpp:6381",,project-context,5167350db03a02a4faac2603,reviewed-receipt,https://github.com/yeager/translations/blob/67e6d27877c9cfd6b6dbc74bd852b10bdbe09c3c/PCSX2/crowdin-current-ui-batch58-20260920.json,63dc6922c386d319276df2094a26afd341a8755f207ce8908444de581c157b66,"{""artifact"":""https://crowdin.com/project/pcsx2"",""sha256"":""a17c47e11b34303193ecaea4b7e553a0305cb72d54478887b0e2c93766ea4f85""}"
16192218b22a71152ff9f3c4,Default Sound Effect,Standardljudeffekt,PCSX2,crowdin-current-ui-batch50-20260920,"AchievementSettingsWidget
../Settings/AchievementSettingsWidget.ui:415
../Settings/AchievementSettingsWidget.ui:422
../Settings/AchievementSettingsWidget.ui:457",,project-context,a17c4b2c9d29711fec8fd358,reviewed-receipt,https://github.com/yeager/translations/blob/67e6d27877c9cfd6b6dbc74bd852b10bdbe09c3c/PCSX2/crowdin-current-ui-batch50-20260920.json,526c37bda266096897ffc29f6d90f1526ccd117934fef6462d4629b30c159187,"{""artifact"":""https://crowdin.com/project/pcsx2"",""sha256"":""22d56cdafabcb88d440ac455cf54ae68296d7c567ac20a3d3bdb1ccb505f8c75""}"
169ddc2dd34c58a1a59570dd,Scanning for new games...,Söker efter nya spel …,PCSX2,crowdin-current-ui-batch58-20260920,"FullscreenUI
../../pcsx2/ImGui/FullscreenUI.cpp:4053",,project-context,42fd8ab2c02dd9afbc6b6281,reviewed-receipt,https://github.com/yeager/translations/blob/67e6d27877c9cfd6b6dbc74bd852b10bdbe09c3c/PCSX2/crowdin-current-ui-batch58-20260920.json,63dc6922c386d319276df2094a26afd341a8755f207ce8908444de581c157b66,"{""artifact"":""https://crowdin.com/project/pcsx2"",""sha256"":""7123705413f6c4e4aa3c916b34568ca1c072adbf2a17b8e2c36ca545f1a15aa2""}"
16b10f150e05162074816280,Half,Halv,PCSX2,crowdin-current-ui-batch28-20260920,"GraphicsUpscalingFixesSettingsTab
../Settings/GraphicsUpscalingFixesSettingsTab.ui:215",Publiceringsförsöket nekades enligt det äldre kvittot; texten är ett lokalt granskningsförslag.,project-context,1b00d0d1f50489beaf7e91f7,reviewed-local,https://github.com/yeager/translations/blob/67e6d27877c9cfd6b6dbc74bd852b10bdbe09c3c/PCSX2/crowdin-current-ui-batch28-20260920.json,6edf9357e080f44b992185b2f688a80546a47f78b1e6dc7048d1fa1c764180b5,"{""artifact"":""https://crowdin.com/project/pcsx2"",""sha256"":""510ce27632482fa0d71525f1e1d1e74c632787526f318f50cb1b766f425dc35d""}"
16db954662e96bc546f342f6,Downloaded only,Endast hämtade,PCSX2,crowdin-current-ui-batch54-20260920,"OsdFontPickerDialog
../Settings/OsdFontPickerDialog.ui:141",,project-context,5875edc86d71c543da8d6293,reviewed-receipt,https://github.com/yeager/translations/blob/67e6d27877c9cfd6b6dbc74bd852b10bdbe09c3c/PCSX2/crowdin-current-ui-batch54-20260920.json,1ea914cd857e948af6e29d5981765e20bf4f3f3bfcd3d14fdfab548fae14eacc,"{""artifact"":""https://crowdin.com/project/pcsx2"",""sha256"":""683e06291ad9ef0b4404a1e17941f4590f7237f46f35218210b4742bb4c34baa""}"
1746ddce4e0f518781747376,Year,År,PCSX2,crowdin-current-ui-batch56-20260920,"FullscreenUI
../../pcsx2/ImGui/FullscreenUI_Settings.cpp:6798",,project-context,1bc4daac8def3db3d8c10a77,reviewed-receipt,https://github.com/yeager/translations/blob/67e6d27877c9cfd6b6dbc74bd852b10bdbe09c3c/PCSX2/crowdin-current-ui-batch56-20260920.json,e544f4e37b292a5a59167a947672fb099eeaff33c9d732c3cd8e9184cd9a4307,"{""artifact"":""https://crowdin.com/project/pcsx2"",""sha256"":""437c55543da00e133e5b9d00b540a4487cd173a78ed4539e2f5a533062f4d373""}"
17529175919c9a81eda19e03,Rewrite Large ST,Skriv om stora ST,PCSX2,crowdin-current-ui-batch63-20260920,"GraphicsSettingsWidget
../Settings/GraphicsSettingsWidget.cpp:641",,project-context,4a9716651dbc78e19015d4d2,reviewed-receipt,https://github.com/yeager/translations/blob/67e6d27877c9cfd6b6dbc74bd852b10bdbe09c3c/PCSX2/crowdin-current-ui-batch63-20260920.json,08ff78cfcd818cefe89524c4604550c53e468e64909a3ca76a582c3f0c9c5540,"{""artifact"":""https://crowdin.com/project/pcsx2"",""sha256"":""1db5af0692d2e3787288d377383ffaf7cc35206ef279a66ae79c46ec5f799797""}"
176b01a1c7a963debe6363b6,Leaderboard Sound,Topplisteljud,PCSX2,crowdin-current-ui-batch59-20260920,"AchievementSettingsWidget
../Settings/AchievementSettingsWidget.cpp:66",,project-context,14cbba3e120e825b3fdae75b,reviewed-receipt,https://github.com/yeager/translations/blob/67e6d27877c9cfd6b6dbc74bd852b10bdbe09c3c/PCSX2/crowdin-current-ui-batch59-20260920.json,9f38fdcde8389b4381406c889374f3d78d817dcfb9ea2ab1119de66a68266465,"{""artifact"":""https://crowdin.com/project/pcsx2"",""sha256"":""e91a9d4dfb923083f9acab93d35dc922f31b81c30b45cb40ad831be949b34aeb""}"
176b17b11558bc5bf55635e2,Achievement Unlock Sound,Ljud vid upplåsning av prestation,PCSX2,Crowdin UI,,"Granskad filleverans. Endast färdiga, aktiva översättningar tas med; detta är inte ett påstående om separat registrerat radbeslut för varje oförändrad post.",project-context,ddd5f4502b179e82a725f97d,reviewed-file-delivery,https://crowdin.com/project/pcsx2,c5f591f1edc9553e40265bc0be0fe67c8e4252c052a1cf8ecfb524489a5aff60,{}
17b13449a818577906f1b2f8,&Dismiss,&Avfärda,PCSX2,crowdin-current-ui-batch40-20260920,"AchievementLoginDialog
../Settings/AchievementLoginDialog.cpp:145",,project-context,b1daebb2c7bfb60e70ec297a,reviewed-receipt,https://github.com/yeager/translations/blob/67e6d27877c9cfd6b6dbc74bd852b10bdbe09c3c/PCSX2/crowdin-current-ui-batch40-20260920.json,10eda59b167a547e47b04d1ef5226a52229dce7efa17d02a4fe94908fb96ed03,"{""artifact"":""https://crowdin.com/project/pcsx2"",""sha256"":""9a4551ff5d29cbfbada34cc9defbd02fe8520644017fc0d17eb961816afc21ff""}"
180481a1c4bebc9d6d00a352,DNS1 Mode,DNS1-läge,PCSX2,crowdin-current-ui-batch3-20260920,"DEV9SettingsWidget
../Settings/DEV9SettingsWidget.cpp:212",,project-context,22dc4f31bcdf5bf5bf05f1a6,reviewed-receipt,https://github.com/yeager/translations/blob/67e6d27877c9cfd6b6dbc74bd852b10bdbe09c3c/PCSX2/crowdin-current-ui-batch3-20260920.json,312b703c14e788fca3d8a80055543aca887c12d491340b56e8de7abdd1dbfcb8,"{""artifact"":""https://crowdin.com/project/pcsx2"",""sha256"":""2b4695b73194e8b6af2e6f06cc7c9adbacf617f9fb3795c8a477083859c77389""}"
183b09f35b1c56a2e092e1e3,PINE Slot,PINE-port,PCSX2,crowdin-current-ui-batch2-20260920,"AdvancedSettingsWidget
../Settings/AdvancedSettingsWidget.cpp:157",,project-context,3d2e08f97ff79b450e83aba8,reviewed-receipt,https://github.com/yeager/translations/blob/67e6d27877c9cfd6b6dbc74bd852b10bdbe09c3c/PCSX2/crowdin-current-ui-batch2-20260920.json,a8019ae64305421dc140bdb4a328c495e84cd0cf6043ab46c5d4bf619d05bd2b,"{""artifact"":""https://crowdin.com/project/pcsx2"",""sha256"":""b4a8589aac98f962be8e5f392125ea6166bd954011464f5407bcd6dcc5631bd5""}"
184456433c5ed4819ddb0cf5,Disable Framebuffer Fetch,Inaktivera hämtning från bildbuffert,PCSX2,crowdin-current-ui-batch23-20260920,"GraphicsAdvancedSettingsTab
../Settings/GraphicsAdvancedSettingsTab.ui:311",,project-context,5f3648a7d01e962522b733a7,reviewed-receipt,https://github.com/yeager/translations/blob/67e6d27877c9cfd6b6dbc74bd852b10bdbe09c3c/PCSX2/crowdin-current-ui-batch23-20260920.json,94825b8000dc084475f7ee18208d828359829f994a9e4d0dfc9ec3c3d325f60e,"{""artifact"":""https://crowdin.com/project/pcsx2"",""sha256"":""e643af54b5da04722e7a5c46adfa9257fd4c2c2a5e6499377151829a01d0a4ad""}"
1867135fb917973c043190a3,Show Leaderboard Notifications,Visa topplistenotiser,PCSX2,crowdin-current-ui-batch57-20260920,"FullscreenUI
../../pcsx2/ImGui/FullscreenUI_Settings.cpp:6982",,project-context,61406c22983eb6cc9cdb3945,reviewed-receipt,https://github.com/yeager/translations/blob/67e6d27877c9cfd6b6dbc74bd852b10bdbe09c3c/PCSX2/crowdin-current-ui-batch57-20260920.json,5c871fa681fe60ac837787f04a021e0897b135316665fb1695de5041b8a5e637,"{""artifact"":""https://crowdin.com/project/pcsx2"",""sha256"":""6e9a95af20d2fcec387bc5260935cf4225f59e5a575c3400ff64cd0a4b13700f""}"
18a9940b705c456e27f9d45c,Save State Management,Hantering av sparlägen,PCSX2,crowdin-current-ui-batch45-20260920,"FullscreenUI
../../pcsx2/ImGui/FullscreenUI_Settings.cpp:6440",,project-context,444a11ebc8fd5235e98ed21f,reviewed-receipt,https://github.com/yeager/translations/blob/67e6d27877c9cfd6b6dbc74bd852b10bdbe09c3c/PCSX2/crowdin-current-ui-batch45-20260920.json,4c2583095ac82af7cbd5d2e9b388582811e469f82c52448518b800a7bc23bdc8,"{""artifact"":""https://crowdin.com/project/pcsx2"",""sha256"":""dbeabdf1e0fc80f2dfadd41fc9961424f7d73cda1fe5d12f97cef0add6e6d145""}"
18dd9034cca8bff654a10c14,Checked,Markerad,PCSX2,crowdin-current-ui-batch60-20260920,"DEV9SettingsWidget
../Settings/DEV9SettingsWidget.cpp:206
../Settings/DEV9SettingsWidget.cpp:210",Publiceringsförsöket nekades enligt det äldre kvittot; texten är ett lokalt granskningsförslag.,project-context,0394314383f8a00723e99485,reviewed-local,https://github.com/yeager/translations/blob/67e6d27877c9cfd6b6dbc74bd852b10bdbe09c3c/PCSX2/crowdin-current-ui-batch60-20260920.json,8c6cbd32b1310e0a049b06bc12d78c06699e0e814d471dcdf308e46e1f1388d6,"{""artifact"":""https://crowdin.com/project/pcsx2"",""sha256"":""5837bb71c94933ea1b88082e0f50f211f0fb58be49ba3cd472cd8e5b95af61bd""}"
18f6d50786c3ec745ae28938,Never,Aldrig,PCSX2,crowdin-current-ui-batch20-20260920,"DebugAnalysisSettingsTab
../Settings/DebugAnalysisSettingsTab.ui:74",Publiceringsförsöket nekades enligt det äldre kvittot; texten är ett lokalt granskningsförslag.,project-context,37235c89f9caa88ce6c7a258,reviewed-local,https://github.com/yeager/translations/blob/67e6d27877c9cfd6b6dbc74bd852b10bdbe09c3c/PCSX2/crowdin-current-ui-batch20-20260920.json,b9f3010178fb1ba2ee5cb59570e69caac32abf9f9b7229bf26b14b3a321dc236,"{""artifact"":""https://crowdin.com/project/pcsx2"",""sha256"":""33b6fa2cdd0d2a337f20e03ff78f4a94330314142434122736b0a5f347ecbc78""}"
1900593801df661dfd98d38d,Backend,Bakände,PCSX2,Crowdin UI,,"Granskad filleverans. Endast färdiga, aktiva översättningar tas med; detta är inte ett påstående om separat registrerat radbeslut för varje oförändrad post.",project-context,9214c0901eb3a5263e815b93,reviewed-file-delivery,https://crowdin.com/project/pcsx2,c5f591f1edc9553e40265bc0be0fe67c8e4252c052a1cf8ecfb524489a5aff60,{}
19bb3e9e28478b31245d9741,Open Snapshots Folder,Öppna mappen Skärmbilder,PCSX2,crowdin-current-ui-batch12-20260920,"MainWindow
../MainWindow.cpp:1892",,project-context,85784c2fc9443da908b200f5,reviewed-receipt,https://github.com/yeager/translations/blob/67e6d27877c9cfd6b6dbc74bd852b10bdbe09c3c/PCSX2/crowdin-current-ui-batch12-20260920.json,069c92ed85703bad78e9b4e17bd0d4fccb132ebeed9d3bedd8328dbf6ea26909,"{""artifact"":""https://crowdin.com/project/pcsx2"",""sha256"":""b1a8545f4e0337265f0d3a4dc8df87d6446cc4aaac4489d63f44fb02744bbacf""}"
19d8fb97c95fd334120f689e,Display Resolution,Visningsupplösning,PCSX2,crowdin-current-ui-batch10-20260920,"GraphicsSettingsWidget
../Settings/GraphicsSettingsWidget.cpp:461",Publiceringsförsöket nekades enligt det äldre kvittot; texten är ett lokalt granskningsförslag.,project-context,bf4838d429442354df9b9e18,reviewed-local,https://github.com/yeager/translations/blob/67e6d27877c9cfd6b6dbc74bd852b10bdbe09c3c/PCSX2/crowdin-current-ui-batch10-20260920.json,3c14ee97d43ded3046a999eef4784f22e73a1576e3b07915345f50e5fc2d9296,"{""artifact"":""https://crowdin.com/project/pcsx2"",""sha256"":""99db7ac36b12488ae8a90649ba10399494f17fb8371a4b90c3d5c7ce76f9098b""}"
1a2ca810c78a4f3a7b03439b,Remove,Ta bort,PCSX2,crowdin-current-ui-batch64-20260920,"ToolbarCustomizationDialog
../ToolbarCustomizationDialog.ui:78",Publiceringsförsöket nekades enligt det äldre kvittot; texten är ett lokalt granskningsförslag.,project-context,c532c09ac3c908cf2915eecb,reviewed-local,https://github.com/yeager/translations/blob/67e6d27877c9cfd6b6dbc74bd852b10bdbe09c3c/PCSX2/crowdin-current-ui-batch64-20260920.json,3eb6750c0d4249b01cf40b2787e9f2e9792529adfb274d1a979de2495c7acabc,"{""artifact"":""https://crowdin.com/project/pcsx2"",""sha256"":""6de1eb9618f6304d7496422899e4c43fc5dc3e99353ad1147dcd72a361f394e2""}"
1a454aedca52fb869edf803c,Device Type,Enhetstyp,PCSX2,crowdin-current-ui-batch2-20260920,"DEV9SettingsWidget
../Settings/DEV9SettingsWidget.cpp:196",,project-context,c79b23b9f15f1b871ab9f1e2,reviewed-receipt,https://github.com/yeager/translations/blob/67e6d27877c9cfd6b6dbc74bd852b10bdbe09c3c/PCSX2/crowdin-current-ui-batch2-20260920.json,a8019ae64305421dc140bdb4a328c495e84cd0cf6043ab46c5d4bf619d05bd2b,"{""artifact"":""https://crowdin.com/project/pcsx2"",""sha256"":""1f70db6f5d723fb148f36843a9599a807cd69e6a82bc64b489a3f2205db92f3b""}"
1ac0905b14ab15103a52af69,Auto Subnet Mask,Automatisk nätmask,PCSX2,crowdin-current-ui-batch60-20260920,"DEV9SettingsWidget
../Settings/DEV9SettingsWidget.cpp:206",Publiceringsförsöket nekades enligt det äldre kvittot; texten är ett lokalt granskningsförslag.,project-context,fa262ad3c9ab17cf40258d9d,reviewed-local,https://github.com/yeager/translations/blob/67e6d27877c9cfd6b6dbc74bd852b10bdbe09c3c/PCSX2/crowdin-current-ui-batch60-20260920.json,8c6cbd32b1310e0a049b06bc12d78c06699e0e814d471dcdf308e46e1f1388d6,"{""artifact"":""https://crowdin.com/project/pcsx2"",""sha256"":""d3177fcf1085d59ff1b070690dca7c490d5fba58b7e870edbe09ba132632f2d0""}"
1ad14be8c0250190c543de11,Cannot convert an unformatted memory card.,Det går inte att konvertera ett oformaterat minneskort.,PCSX2,crowdin-current-ui-batch9-20260920,"MemoryCardSettingsWidget
../Settings/MemoryCardSettingsWidget.cpp:286",,project-context,b8729155ed5dd42623425944,reviewed-receipt,https://github.com/yeager/translations/blob/67e6d27877c9cfd6b6dbc74bd852b10bdbe09c3c/PCSX2/crowdin-current-ui-batch9-20260920.json,134204bdde884be3c2722090609773e05cd73b495e902e6f39659aa156be0139,"{""artifact"":""https://crowdin.com/project/pcsx2"",""sha256"":""558c1efee69167ff647bf179369fc0a53ebc66df15ef4a0b1d6735758ea5a4a8""}"
1af9c13ee81970845878ae6b,Background,Bakgrund,PCSX2,crowdin-current-ui-batch12-20260920,"FullscreenUI
../../pcsx2/ImGui/FullscreenUI_Settings.cpp:6114",Publiceringsförsöket nekades enligt det äldre kvittot; texten är ett lokalt granskningsförslag.,project-context,93ceb6380fe7afbff0fc5e03,reviewed-local,https://github.com/yeager/translations/blob/67e6d27877c9cfd6b6dbc74bd852b10bdbe09c3c/PCSX2/crowdin-current-ui-batch12-20260920.json,069c92ed85703bad78e9b4e17bd0d4fccb132ebeed9d3bedd8328dbf6ea26909,"{""artifact"":""https://crowdin.com/project/pcsx2"",""sha256"":""9d4435cbea29c19247b1761791648eb8108e2e30cb17be60c8417b44838052f0""}"
1b4116bc9f0074600c73a58b,NTSC Frame Rate,Bildrutehastighet för NTSC,PCSX2,crowdin-current-ui-batch15-20260920,"GraphicsSettingsWidget
../Settings/GraphicsSettingsWidget.cpp:837",,project-context,d55b142271abe87791f0cc3e,reviewed-receipt,https://github.com/yeager/translations/blob/67e6d27877c9cfd6b6dbc74bd852b10bdbe09c3c/PCSX2/crowdin-current-ui-batch15-20260920.json,9b2ebc5e4b008f5a05b2c32d2825bc90cde350d6c271bc9dbc7a0033312db467,"{""artifact"":""https://crowdin.com/project/pcsx2"",""sha256"":""31c9274bff0a140a1aa960908c12dc538d3a89298a200d7d699412b0795da9b6""}"
1b4a6b28a830377c8549f2c7,no serial,inget serienummer,PCSX2,crowdin-current-ui-batch34-20260920,"FullscreenUI
../../pcsx2/ImGui/FullscreenUI.cpp:4055",Publiceringsförsöket nekades enligt det äldre kvittot; texten är ett lokalt granskningsförslag.,project-context,9264ce30153b12ece088b3a4,reviewed-local,https://github.com/yeager/translations/blob/67e6d27877c9cfd6b6dbc74bd852b10bdbe09c3c/PCSX2/crowdin-current-ui-batch34-20260920.json,8d6bc4cd53749b6ed56459f38c0244781001a3de538ab116fa6b6c047f93e6ed,"{""artifact"":""https://crowdin.com/project/pcsx2"",""sha256"":""71f11eddfa779805ba37f3fcd22fe04728fab9fc8e5a271fe82a0a19bcd9cf36""}"
1b53c05aa7515e96803ef834,Always,Alltid,PCSX2,crowdin-current-ui-batch20-20260920,"DebugAnalysisSettingsTab
../Settings/DebugAnalysisSettingsTab.ui:64",Publiceringsförsöket nekades enligt det äldre kvittot; texten är ett lokalt granskningsförslag.,project-context,4228202301074e6d9027120e,reviewed-local,https://github.com/yeager/translations/blob/67e6d27877c9cfd6b6dbc74bd852b10bdbe09c3c/PCSX2/crowdin-current-ui-batch20-20260920.json,b9f3010178fb1ba2ee5cb59570e69caac32abf9f9b7229bf26b14b3a321dc236,"{""artifact"":""https://crowdin.com/project/pcsx2"",""sha256"":""cb63a0a41dedbaedf8f1b7ec4b44785fc03c0584e296d63a50ae3c7043af4ce6""}"
1b541d7b4882ac056b336cd8,PS2 IP Address,PS2-IP-adress,PCSX2,crowdin-current-ui-batch2-20260920,"DEV9SettingsWidget
../Settings/DEV9SettingsWidget.cpp:202",,project-context,94aaf6876aaeb169638fa9f6,reviewed-receipt,https://github.com/yeager/translations/blob/67e6d27877c9cfd6b6dbc74bd852b10bdbe09c3c/PCSX2/crowdin-current-ui-batch2-20260920.json,a8019ae64305421dc140bdb4a328c495e84cd0cf6043ab46c5d4bf619d05bd2b,"{""artifact"":""https://crowdin.com/project/pcsx2"",""sha256"":""ac47a88df10eaad1480720d3d3da471365abfe6a9beb03aa2bc03be6b679e387""}"
1b5f6eba4d860e1dd0383fdb,Direct3D 11 (Legacy),Direct3D 11 (äldre),PCSX2,crowdin-current-ui-batch49-20260920,"FullscreenUI
../../pcsx2/ImGui/FullscreenUI_Settings.cpp:6585",,project-context,49a56947d640461d56e4669a,reviewed-receipt,https://github.com/yeager/translations/blob/67e6d27877c9cfd6b6dbc74bd852b10bdbe09c3c/PCSX2/crowdin-current-ui-batch49-20260920.json,3e907fbc31b1fdfcccfc47d4a6a49ad2bfe6eb9414cebf6471f974279c345287,"{""artifact"":""https://crowdin.com/project/pcsx2"",""sha256"":""8a6672485817e864d23498445c660f220c81ed7f8173113c032f9e30c07347e7""}"
1b6b25caa53174292020c4dd,Save Frame,Spara bildruta,PCSX2,crowdin-current-ui-batch21-20260920,"DebugGSSettingsTab
../Settings/DebugGSSettingsTab.ui:42",Publiceringsförsöket nekades enligt det äldre kvittot; texten är ett lokalt granskningsförslag.,project-context,a1e85669a96bc955381316f5,reviewed-local,https://github.com/yeager/translations/blob/67e6d27877c9cfd6b6dbc74bd852b10bdbe09c3c/PCSX2/crowdin-current-ui-batch21-20260920.json,a17a684939c7836f99eed6a2beb5c914bdeb5bc299843bbd766ce571585ee88e,"{""artifact"":""https://crowdin.com/project/pcsx2"",""sha256"":""242e3939fcb20f4bc83be78e38eeca6bd6c854952c795820e12b794c3f747ad2""}"
1b8c39c793e22b7f73aee644,Enable Network Adapter,Aktivera nätverksadapter,PCSX2,crowdin-current-ui-batch2-20260920,"DEV9SettingsWidget
../Settings/DEV9SettingsWidget.cpp:194",,project-context,851bd9eccc73ed4584ed6159,reviewed-receipt,https://github.com/yeager/translations/blob/67e6d27877c9cfd6b6dbc74bd852b10bdbe09c3c/PCSX2/crowdin-current-ui-batch2-20260920.json,a8019ae64305421dc140bdb4a328c495e84cd0cf6043ab46c5d4bf619d05bd2b,"{""artifact"":""https://crowdin.com/project/pcsx2"",""sha256"":""06e985a55d7ab4d9dbbd96acec5cf74038b8237020cd9dca4b93e88470e758ed""}"
1b93d3ae5f8763eb5463255d,&On-Screen Display,&Skärmvisning,PCSX2,crowdin-current-ui-batch52-20260920,"MainWindow
../MainWindow.ui:603",,project-context,4098a8b35b0ba3a103454ca1,reviewed-receipt,https://github.com/yeager/translations/blob/67e6d27877c9cfd6b6dbc74bd852b10bdbe09c3c/PCSX2/crowdin-current-ui-batch52-20260920.json,8cfffc76ca6e36b6b86d335ad9a92ba99954d58c53ce7d299caec541e1b3ff9b,"{""artifact"":""https://crowdin.com/project/pcsx2"",""sha256"":""7323475c8f9783b6442cae070682a43fcb6fd649062a1ffaa3a7cb86b76867da""}"
1c1525bb071719c36b87baff,Save Render Targets,Spara renderingsmål,PCSX2,crowdin-current-ui-batch61-20260920,"DebugSettingsWidget
../Settings/DebugSettingsWidget.cpp:130",Publiceringsförsöket nekades enligt det äldre kvittot; texten är ett lokalt granskningsförslag.,project-context,fd689d5b7d6afe18aedeb25e,reviewed-local,https://github.com/yeager/translations/blob/67e6d27877c9cfd6b6dbc74bd852b10bdbe09c3c/PCSX2/crowdin-current-ui-batch61-20260920.json,7d1487a8e7a6c977e135205cbfbe024e70d8199f0ee522f5ae9219965d474fa2,"{""artifact"":""https://crowdin.com/project/pcsx2"",""sha256"":""1f08e884958704586925731629011db0db8827f7d7045b9502520a96b3118968""}"
1ca2a4ca1f705cfc536060c0,Catalog unavailable.,Katalogen är inte tillgänglig.,PCSX2,crowdin-current-ui-batch52-20260920,"OSDFontPickerDialog
../Settings/OsdFontPickerDialog.cpp:134
../Settings/OsdFontPickerDialog.cpp:525",,project-context,2d6622d4cfb28b83ec793faa,reviewed-receipt,https://github.com/yeager/translations/blob/67e6d27877c9cfd6b6dbc74bd852b10bdbe09c3c/PCSX2/crowdin-current-ui-batch52-20260920.json,8cfffc76ca6e36b6b86d335ad9a92ba99954d58c53ce7d299caec541e1b3ff9b,"{""artifact"":""https://crowdin.com/project/pcsx2"",""sha256"":""b2170ace74a00f2014bd292365f5b1f37a810b598c9b93edf5df97e957847e11""}"
1cd066c4246d496da3a3d355,Download Failed,Hämtningen misslyckades,PCSX2,Crowdin UI,,"Granskad filleverans. Endast färdiga, aktiva översättningar tas med; detta är inte ett påstående om separat registrerat radbeslut för varje oförändrad post.",project-context,e92639d052e65f2dcb4c6b72,reviewed-file-delivery,https://crowdin.com/project/pcsx2,c5f591f1edc9553e40265bc0be0fe67c8e4252c052a1cf8ecfb524489a5aff60,{}
1cd9378ca5491f13c7121aa1,Capture Audio,Spela in ljud,PCSX2,crowdin-current-ui-batch7-20260920,"GraphicsSettingsWidget
../Settings/GraphicsSettingsWidget.cpp:771",,project-context,43d058af259d1f5c046800cb,reviewed-receipt,https://github.com/yeager/translations/blob/67e6d27877c9cfd6b6dbc74bd852b10bdbe09c3c/PCSX2/crowdin-current-ui-batch7-20260920.json,8c630c03eadaf91965c9d87bc474586df0a53ac156826372c002fcc927248561,"{""artifact"":""https://crowdin.com/project/pcsx2"",""sha256"":""918a383f7c71736aea2a62e2968fe4bf30f70981348c7e8b78b7c695c4218b0c""}"
1d2fe9c3c1a7fc1db48ed26f,Enables loading cheats from pnach files.,Aktiverar inläsning av fusk från pnach-filer.,PCSX2,crowdin-current-ui-batch6-20260920,"GameCheatSettingsWidget
../Settings/GameCheatSettingsWidget.cpp:65",,project-context,a5027b6ef8a040799e87a826,reviewed-receipt,https://github.com/yeager/translations/blob/67e6d27877c9cfd6b6dbc74bd852b10bdbe09c3c/PCSX2/crowdin-current-ui-batch6-20260920.json,eb7ae206e0c74bdc70f0bf3439bd87f935bfd8ae85feb90ab9f43919304a6c09,"{""artifact"":""https://crowdin.com/project/pcsx2"",""sha256"":""257ec3350673842877a9db09676bd9f29c025f709cd327d8da08d1172872baf2""}"
1d565db3d0e2025025720e2b,Search system fonts...,Sök efter systemteckensnitt …,PCSX2,crowdin-current-ui-batch54-20260920,"OsdFontPickerDialog
../Settings/OsdFontPickerDialog.ui:89",,project-context,4f97cbb17b3d9f641b0e93d2,reviewed-receipt,https://github.com/yeager/translations/blob/67e6d27877c9cfd6b6dbc74bd852b10bdbe09c3c/PCSX2/crowdin-current-ui-batch54-20260920.json,1ea914cd857e948af6e29d5981765e20bf4f3f3bfcd3d14fdfab548fae14eacc,"{""artifact"":""https://crowdin.com/project/pcsx2"",""sha256"":""292f357b9150cfbd0fc3847ba0b07c2d0c95178743e436aad99997cf4f4ec16b""}"
1d7956b13e4a2c2ab505d3ee,Navigation,Navigering,PCSX2,crowdin-current-ui-batch29-20260920,"Hotkeys
../../pcsx2/Hotkeys.cpp:151
../../pcsx2/Hotkeys.cpp:156
../../pcsx2/Hotkeys.cpp:161
../../pcsx2/Hotkeys.cpp:166",Publiceringsförsöket nekades enligt det äldre kvittot; texten är ett lokalt granskningsförslag.,project-context,d3929089756bae6cafe4ec35,reviewed-local,https://github.com/yeager/translations/blob/67e6d27877c9cfd6b6dbc74bd852b10bdbe09c3c/PCSX2/crowdin-current-ui-batch29-20260920.json,5e9d99ed74373c2f72a189c1db7205af0fb3f607d18807039efe55821b2dea06,"{""artifact"":""https://crowdin.com/project/pcsx2"",""sha256"":""073b7b7a101d751ea6781d7c5ba777fd27da2865d939ffe7283acf65badcec1e""}"
1d7ca64e59d02696063b9240,Save Alpha,Spara alfa,PCSX2,crowdin-current-ui-batch21-20260920,"DebugGSSettingsTab
../Settings/DebugGSSettingsTab.ui:63",Publiceringsförsöket nekades enligt det äldre kvittot; texten är ett lokalt granskningsförslag.,project-context,95ffbf4a5bc09f9f84f363bc,reviewed-local,https://github.com/yeager/translations/blob/67e6d27877c9cfd6b6dbc74bd852b10bdbe09c3c/PCSX2/crowdin-current-ui-batch21-20260920.json,a17a684939c7836f99eed6a2beb5c914bdeb5bc299843bbd766ce571585ee88e,"{""artifact"":""https://crowdin.com/project/pcsx2"",""sha256"":""f78d9f4d641b60f479f4ab26f6c74678d7170fdadb35989f3ea76430430e1814""}"
1dac889460b92aa0d197f9b0,Auto Flush,Automatisk tömning,PCSX2,crowdin-current-ui-batch27-20260920,"GraphicsSoftwareRenderingSettingsTab
../Settings/GraphicsSoftwareRenderingSettingsTab.ui:49",,project-context,340463e7056c8d6c84c9166d,reviewed-receipt,https://github.com/yeager/translations/blob/67e6d27877c9cfd6b6dbc74bd852b10bdbe09c3c/PCSX2/crowdin-current-ui-batch27-20260920.json,daf14a4c22835aeb84f9a6f6d33a6c69ac188b84259e32a73fa4a47caa65dc63,"{""artifact"":""https://crowdin.com/project/pcsx2"",""sha256"":""c36749efea5ed12c478bb1ce51cbf3220345c9ce456dde0d31b0a1160a3105a8""}"
1dc4af67ee3ea9acdea65f87,Override boot ELF:,Åsidosätt start-ELF:,PCSX2,crowdin-current-ui-batch37-20260920,"ShortcutCreationDialog
../ShortcutCreationDialog.ui:155",,project-context,bc6542162f913b0c330ece4b,reviewed-receipt,https://github.com/yeager/translations/blob/67e6d27877c9cfd6b6dbc74bd852b10bdbe09c3c/PCSX2/crowdin-current-ui-batch37-20260920.json,3d30ac42902a2603744414716b97c7784c4b7f2491b297a70bd0590534da88f4,"{""artifact"":""https://crowdin.com/project/pcsx2"",""sha256"":""72bd5086440d4375e97a069ddcbcdfa277744a1fe6046a2d92f33fa24209302a""}"
1de95d4e768cbe4fd01f001b,Error,Fel,PCSX2,crowdin-current-ui-batch12-20260920,"GameListRefreshThread
../GameList/GameListRefreshThread.cpp:64",Publiceringsförsöket nekades enligt det äldre kvittot; texten är ett lokalt granskningsförslag.,project-context,7733fd571c2f78ff01125455,reviewed-local,https://github.com/yeager/translations/blob/67e6d27877c9cfd6b6dbc74bd852b10bdbe09c3c/PCSX2/crowdin-current-ui-batch12-20260920.json,069c92ed85703bad78e9b4e17bd0d4fccb132ebeed9d3bedd8328dbf6ea26909,"{""artifact"":""https://crowdin.com/project/pcsx2"",""sha256"":""2a66dce0725cb2396a5c7945a6206cb4777d5ac3c7464dd5601b6899db509531""}"
1e04f4adfc1a709d0480f597,Video Format,Videoformat,PCSX2,crowdin-current-ui-batch8-20260920,"FullscreenUI
../../pcsx2/ImGui/FullscreenUI_Settings.cpp:6886",,project-context,b0269847dd6515f46d2a7707,reviewed-receipt,https://github.com/yeager/translations/blob/67e6d27877c9cfd6b6dbc74bd852b10bdbe09c3c/PCSX2/crowdin-current-ui-batch8-20260920.json,6d671a2f5891b45d5687714706665353e2ac62d51b8d507209b9c6fd5769ca1f,"{""artifact"":""https://crowdin.com/project/pcsx2"",""sha256"":""0c158c13396dce0984424ecc469bce6331c043274270602e2e4c64a8df946d1b""}"
1e248a1fb91f347571d6d82e,Full,Fullständig,PCSX2,crowdin-current-ui-batch28-20260920,"GraphicsUpscalingFixesSettingsTab
../Settings/GraphicsUpscalingFixesSettingsTab.ui:220",,project-context,8658b21912f368b5bb390f45,reviewed-receipt,https://github.com/yeager/translations/blob/67e6d27877c9cfd6b6dbc74bd852b10bdbe09c3c/PCSX2/crowdin-current-ui-batch28-20260920.json,6edf9357e080f44b992185b2f688a80546a47f78b1e6dc7048d1fa1c764180b5,"{""artifact"":""https://crowdin.com/project/pcsx2"",""sha256"":""cb443d5897cf4302419e293f86b27e38cf14c0275e3a249d21b0bb7df3135c80""}"
1e2bd46918aed2274c8c8a58,23x Native (~8280px),23× inbyggd (~8280 px),PCSX2,crowdin-current-ui-batch50-20260920,"FullscreenUI
../../pcsx2/ImGui/FullscreenUI_Settings.cpp:6626",,project-context,248c2497a1813be0494f873c,reviewed-receipt,https://github.com/yeager/translations/blob/67e6d27877c9cfd6b6dbc74bd852b10bdbe09c3c/PCSX2/crowdin-current-ui-batch50-20260920.json,526c37bda266096897ffc29f6d90f1526ccd117934fef6462d4629b30c159187,"{""artifact"":""https://crowdin.com/project/pcsx2"",""sha256"":""fe50420e87db6cf7651e3ee39022946d6bf477284c18062e0068c2f17cf99534""}"
1e3cbcaaf7eba5846f1814ec,Show EE SIO &Input,Visa EE SIO-&inmatning,PCSX2,crowdin-current-ui-batch49-20260920,"LogWindow
../LogWindow.cpp:188",,project-context,1311fccaeaba07fef2745331,reviewed-receipt,https://github.com/yeager/translations/blob/67e6d27877c9cfd6b6dbc74bd852b10bdbe09c3c/PCSX2/crowdin-current-ui-batch49-20260920.json,3e907fbc31b1fdfcccfc47d4a6a49ad2bfe6eb9414cebf6471f974279c345287,"{""artifact"":""https://crowdin.com/project/pcsx2"",""sha256"":""0c2e883628c06a619206ba076779c49a6f8e6eb1ff64b3fef293c45a77c11c6d""}"
1ebd9b4477b83758a76dbbb3,Aggressive (Maintain Upscale),Aggressiv (behåll uppskalning),PCSX2,crowdin-current-ui-batch12-20260920,"FullscreenUI
../../pcsx2/ImGui/FullscreenUI_Settings.cpp:6691",,project-context,69f46c9771efc30a5ea285e3,reviewed-receipt,https://github.com/yeager/translations/blob/67e6d27877c9cfd6b6dbc74bd852b10bdbe09c3c/PCSX2/crowdin-current-ui-batch12-20260920.json,069c92ed85703bad78e9b4e17bd0d4fccb132ebeed9d3bedd8328dbf6ea26909,"{""artifact"":""https://crowdin.com/project/pcsx2"",""sha256"":""a5ee608c0b7ebed2afafc7b0a800d9c1923760df73da30eddf176acdb54d951c""}"
1ece304fcb3e23f0d1bc2823,Browse...,Bläddra …,PCSX2,Crowdin UI,,"Granskad filleverans. Endast färdiga, aktiva översättningar tas med; detta är inte ett påstående om separat registrerat radbeslut för varje oförändrad post.",project-context,59ef48d7a7c10da0befc7b72,reviewed-file-delivery,https://crowdin.com/project/pcsx2,c5f591f1edc9553e40265bc0be0fe67c8e4252c052a1cf8ecfb524489a5aff60,{}
1ed686cc5d0a519bdfd993f8,Online Catalog,Nätkatalog,PCSX2,Crowdin UI,,"Granskad filleverans. Endast färdiga, aktiva översättningar tas med; detta är inte ett påstående om separat registrerat radbeslut för varje oförändrad post.",project-context,b5fe407424fe787d56769320,reviewed-file-delivery,https://crowdin.com/project/pcsx2,c5f591f1edc9553e40265bc0be0fe67c8e4252c052a1cf8ecfb524489a5aff60,{}
1f016cb08b0a6e3f00d143dc,Name:,Namn:,PCSX2,crowdin-current-ui-batch58-20260920,"LayoutEditorDialog
../Debugger/Docking/LayoutEditorDialog.ui:28",Publiceringsförsöket nekades enligt det äldre kvittot; texten är ett lokalt granskningsförslag.,project-context,1bc5a21c6dcbe19bbf7811d0,reviewed-local,https://github.com/yeager/translations/blob/67e6d27877c9cfd6b6dbc74bd852b10bdbe09c3c/PCSX2/crowdin-current-ui-batch58-20260920.json,63dc6922c386d319276df2094a26afd341a8755f207ce8908444de581c157b66,"{""artifact"":""https://crowdin.com/project/pcsx2"",""sha256"":""39dd3716899578c4293016285e3221a0e11099d9ee48b11cc489525b87f06293""}"
1f02cf372f706675dada5f99,Reverser Up,Öka färdriktare,PCSX2,Crowdin UI,,"Granskad filleverans. Endast färdiga, aktiva översättningar tas med; detta är inte ett påstående om separat registrerat radbeslut för varje oförändrad post.",project-context,9ddf2d0d5663169845ad2f96,reviewed-file-delivery,https://crowdin.com/project/pcsx2,c5f591f1edc9553e40265bc0be0fe67c8e4252c052a1cf8ecfb524489a5aff60,{}
1f1eb7a95c1c828563237529,OSD Margin,OSD-marginal,PCSX2,crowdin-current-ui-batch50-20260920,"FullscreenUI
../../pcsx2/ImGui/FullscreenUI_Settings.cpp:6912",Publiceringsförsöket nekades enligt det äldre kvittot; texten är ett lokalt granskningsförslag.,project-context,3fbce06b68acc4fc45e38952,reviewed-local,https://github.com/yeager/translations/blob/67e6d27877c9cfd6b6dbc74bd852b10bdbe09c3c/PCSX2/crowdin-current-ui-batch50-20260920.json,526c37bda266096897ffc29f6d90f1526ccd117934fef6462d4629b30c159187,"{""artifact"":""https://crowdin.com/project/pcsx2"",""sha256"":""00f4a352ec10f41210204b6d824fdd04e4cd4968c8993787b4b58229b795a9d4""}"
1f2487f31a96f009f7b50e83,Bilinear (Forced),Bilinär (tvingad),PCSX2,crowdin-current-ui-batch13-20260920,"GraphicsHardwareRenderingSettingsTab
../Settings/GraphicsHardwareRenderingSettingsTab.ui:125",,project-context,ce24920bf188bec729279be1,reviewed-receipt,https://github.com/yeager/translations/blob/67e6d27877c9cfd6b6dbc74bd852b10bdbe09c3c/PCSX2/crowdin-current-ui-batch13-20260920.json,623ec591b5fcb41c8d897353bf192b4285c0b8b4a6be7d0f716afe784de07e1d,"{""artifact"":""https://crowdin.com/project/pcsx2"",""sha256"":""748790bbc4ebb92576dc4bdc22a04909c0ac84bd12bc3427fe9572f19326a9db""}"
1f2ae79e7a19c4e4b92cae4f,Eject Memory Card,Mata ut minneskort,PCSX2,crowdin-current-ui-batch9-20260920,"MemoryCardSettingsWidget
../Settings/MemoryCardSettingsWidget.cpp:124",,project-context,6daf477bfe1c1fbbc981b107,reviewed-receipt,https://github.com/yeager/translations/blob/67e6d27877c9cfd6b6dbc74bd852b10bdbe09c3c/PCSX2/crowdin-current-ui-batch9-20260920.json,134204bdde884be3c2722090609773e05cd73b495e902e6f39659aa156be0139,"{""artifact"":""https://crowdin.com/project/pcsx2"",""sha256"":""38d5dc3692388455ea7325659bdb33e33c26da36f6e8afdd9edc6871d8bc3801""}"
1f8a66f4c3f3e77cdbd79ff6,Select a File,Välj en fil,PCSX2,crowdin-current-ui-batch10-20260920,"InputRecordingViewer
../Tools/InputRecording/InputRecordingViewer.cpp:85",Publiceringsförsöket nekades enligt det äldre kvittot; texten är ett lokalt granskningsförslag.,project-context,5852e7a23c9e216392a8dbee,reviewed-local,https://github.com/yeager/translations/blob/67e6d27877c9cfd6b6dbc74bd852b10bdbe09c3c/PCSX2/crowdin-current-ui-batch10-20260920.json,3c14ee97d43ded3046a999eef4784f22e73a1576e3b07915345f50e5fc2d9296,"{""artifact"":""https://crowdin.com/project/pcsx2"",""sha256"":""b2a40167aea157e84fdd2fa6008ea891d4f1b7e49822848b4aad50a52cc2ed13""}"
1f8fa499affef38ed335c20b,Widescreen (16:9),Bredbild (16:9),PCSX2,crowdin-current-ui-batch24-20260920,"GraphicsDisplaySettingsTab
../Settings/GraphicsDisplaySettingsTab.ui:121
../Settings/GraphicsDisplaySettingsTab.ui:199",Publiceringsförsöket nekades enligt det äldre kvittot; texten är ett lokalt granskningsförslag.,project-context,6260162e565bf7995cbd384b,reviewed-local,https://github.com/yeager/translations/blob/67e6d27877c9cfd6b6dbc74bd852b10bdbe09c3c/PCSX2/crowdin-current-ui-batch24-20260920.json,ee2587e30ef9f54541bdbfb4dfcf7512e05bd487cd41e18f4834c7ff3b6d4915,"{""artifact"":""https://crowdin.com/project/pcsx2"",""sha256"":""d2366890e05c40cb0831eba458a3a788a0d29c4ac901a384773383a286e983f4""}"
1f95ac868c77545729846d26,Show Leaderboard Notifications,Visa topplistenotiser,PCSX2,Crowdin UI,,"Granskad filleverans. Endast färdiga, aktiva översättningar tas med; detta är inte ett påstående om separat registrerat radbeslut för varje oförändrad post.",project-context,650d034eb25b79b2b5402ccd,reviewed-file-delivery,https://crowdin.com/project/pcsx2,c5f591f1edc9553e40265bc0be0fe67c8e4252c052a1cf8ecfb524489a5aff60,{}
1f9cdaa5ab120e1e1fac4326,Toggle Mute,Växla ljud av/på,PCSX2,Crowdin UI,,"Granskad filleverans. Endast färdiga, aktiva översättningar tas med; detta är inte ett påstående om separat registrerat radbeslut för varje oförändrad post.",project-context,30a9f3a87027d5d43271826c,reviewed-file-delivery,https://crowdin.com/project/pcsx2,c5f591f1edc9553e40265bc0be0fe67c8e4252c052a1cf8ecfb524489a5aff60,{}
1fa6931603ed0752237b624f,Move Up,Flytta upp,PCSX2,crowdin-current-ui-batch9-20260920,"ToolbarCustomizationDialog
../ToolbarCustomizationDialog.ui:142",,project-context,80485821abf68f8a57452ae4,reviewed-receipt,https://github.com/yeager/translations/blob/67e6d27877c9cfd6b6dbc74bd852b10bdbe09c3c/PCSX2/crowdin-current-ui-batch9-20260920.json,134204bdde884be3c2722090609773e05cd73b495e902e6f39659aa156be0139,"{""artifact"":""https://crowdin.com/project/pcsx2"",""sha256"":""8d8590d81959f4942561eade1bdddf88222b2b075f5618c6808aa18ee528989e""}"
1fccc63ae00b1e1659d35874,Full (Slow),Fullständig (långsam),PCSX2,crowdin-current-ui-batch26-20260920,"GraphicsHardwareRenderingSettingsTab
../Settings/GraphicsHardwareRenderingSettingsTab.ui:174",Publiceringsförsöket nekades enligt det äldre kvittot; texten är ett lokalt granskningsförslag.,project-context,9d956ba1b85c8fec782f4db3,reviewed-local,https://github.com/yeager/translations/blob/67e6d27877c9cfd6b6dbc74bd852b10bdbe09c3c/PCSX2/crowdin-current-ui-batch26-20260920.json,49be151dc9918b0d30da49c790d627c159af0560d66be018b2a4920b716f4063,"{""artifact"":""https://crowdin.com/project/pcsx2"",""sha256"":""d054d71735dfbc0bca1992a6869daf095f8ed62834c0f8dc67c873fe10024f8d""}"
1fe028f7d574b41172ca2ec5,Asynchronous Texture Loading,Asynkron texturinläsning,PCSX2,crowdin-current-ui-batch27-20260920,"GraphicsTextureReplacementSettingsTab
../Settings/GraphicsTextureReplacementSettingsTab.ui:33",Publiceringsförsöket nekades enligt det äldre kvittot; texten är ett lokalt granskningsförslag.,project-context,65eeec732bdf6c40fb4265b5,reviewed-local,https://github.com/yeager/translations/blob/67e6d27877c9cfd6b6dbc74bd852b10bdbe09c3c/PCSX2/crowdin-current-ui-batch27-20260920.json,daf14a4c22835aeb84f9a6f6d33a6c69ac188b84259e32a73fa4a47caa65dc63,"{""artifact"":""https://crowdin.com/project/pcsx2"",""sha256"":""b51ed4cec829c067a53f2396953639edc316a7e556bd555ae7226249c26d7979""}"
2002596bc20952f0e24b58d1,Texture Offsets X,Texturförskjutning X,PCSX2,Crowdin UI,,"Granskad filleverans. Endast färdiga, aktiva översättningar tas med; detta är inte ett påstående om separat registrerat radbeslut för varje oförändrad post.",project-context,eff7127e710220881c066c8d,reviewed-file-delivery,https://crowdin.com/project/pcsx2,c5f591f1edc9553e40265bc0be0fe67c8e4252c052a1cf8ecfb524489a5aff60,{}
2078dde46a84c6d69af29d69,Default PCSX2 Icon,PCSX2-standardikon,PCSX2,Crowdin UI,,"Granskad filleverans. Endast färdiga, aktiva översättningar tas med; detta är inte ett påstående om separat registrerat radbeslut för varje oförändrad post.",project-context,1352683699193d8594d8af72,reviewed-file-delivery,https://crowdin.com/project/pcsx2,c5f591f1edc9553e40265bc0be0fe67c8e4252c052a1cf8ecfb524489a5aff60,{}
20909450eee178510ffb1ce2,Initial State:,Starttillstånd:,PCSX2,Crowdin UI,,"Granskad filleverans. Endast färdiga, aktiva översättningar tas med; detta är inte ett påstående om separat registrerat radbeslut för varje oförändrad post.",project-context,a8fafea6ede86d9e0d4bfe60,reviewed-file-delivery,https://crowdin.com/project/pcsx2,c5f591f1edc9553e40265bc0be0fe67c8e4252c052a1cf8ecfb524489a5aff60,{}
20eaddc5b7155ece9f79d54a,Navigate Back,Navigera bakåt,PCSX2,crowdin-current-ui-batch56-20260920,"DebuggerWindow
../Debugger/DebuggerWindow.ui:354
../Debugger/DebuggerWindow.ui:357",,project-context,2eaf02ec8c82ee45e2341a5d,reviewed-receipt,https://github.com/yeager/translations/blob/67e6d27877c9cfd6b6dbc74bd852b10bdbe09c3c/PCSX2/crowdin-current-ui-batch56-20260920.json,e544f4e37b292a5a59167a947672fb099eeaff33c9d732c3cd8e9184cd9a4307,"{""artifact"":""https://crowdin.com/project/pcsx2"",""sha256"":""aca311e63a32db7daf0f5b26d46e5da3e7528260ea74edd8e413420d500b22c1""}"
20f33dfe9e45b45c643db1e2,Enable Multithreaded VU1 (MTVU),Aktivera flertrådad VU1 (MTVU),PCSX2,Crowdin UI,,"Granskad filleverans. Endast färdiga, aktiva översättningar tas med; detta är inte ett påstående om separat registrerat radbeslut för varje oförändrad post.",project-context,6a6991c483428a95c9942028,reviewed-file-delivery,https://crowdin.com/project/pcsx2,c5f591f1edc9553e40265bc0be0fe67c8e4252c052a1cf8ecfb524489a5aff60,{}
2111b5ca025bf63061872477,Swap Memory Cards,Byt minneskort,PCSX2,crowdin-current-ui-batch9-20260920,"MemoryCardSettingsWidget
../Settings/MemoryCardSettingsWidget.cpp:104",,project-context,d2dd1f156a1c6b50d8358349,reviewed-receipt,https://github.com/yeager/translations/blob/67e6d27877c9cfd6b6dbc74bd852b10bdbe09c3c/PCSX2/crowdin-current-ui-batch9-20260920.json,134204bdde884be3c2722090609773e05cd73b495e902e6f39659aa156be0139,"{""artifact"":""https://crowdin.com/project/pcsx2"",""sha256"":""be8fef0328917d6c9f537466e6504c0d4558725c25f2860bfe772cf63020063a""}"
21144909852f57f310edafef,Invalid Log Format,Ogiltigt loggformat,PCSX2,crowdin-current-ui-batch64-20260920,"BreakpointDialog
../Debugger/Breakpoints/BreakpointDialog.cpp:129
../Debugger/Breakpoints/BreakpointDialog.cpp:185",Publiceringsförsöket nekades enligt det äldre kvittot; texten är ett lokalt granskningsförslag.,project-context,e9d3dc8308118d9d9d653d46,reviewed-local,https://github.com/yeager/translations/blob/67e6d27877c9cfd6b6dbc74bd852b10bdbe09c3c/PCSX2/crowdin-current-ui-batch64-20260920.json,3eb6750c0d4249b01cf40b2787e9f2e9792529adfb274d1a979de2495c7acabc,"{""artifact"":""https://crowdin.com/project/pcsx2"",""sha256"":""167e4e91be0bcb427738ce961dc825ecdd0b0d904b1728d952d376eb266ea801""}"
2165003c9235fa664233034b,DNS1 Address,DNS1-adress,PCSX2,crowdin-current-ui-batch3-20260920,"DEV9SettingsWidget
../Settings/DEV9SettingsWidget.cpp:214",,project-context,fdd89797bfb41d4e7f383c93,reviewed-receipt,https://github.com/yeager/translations/blob/67e6d27877c9cfd6b6dbc74bd852b10bdbe09c3c/PCSX2/crowdin-current-ui-batch3-20260920.json,312b703c14e788fca3d8a80055543aca887c12d491340b56e8de7abdd1dbfcb8,"{""artifact"":""https://crowdin.com/project/pcsx2"",""sha256"":""ea2cfbfdd4cca24e3f5fab5ea1658ebbd7c6b3df1a15a0366ab784a571f2ec0b""}"
2170d6ee4fe25e1c3e46c89b,Apply No-Interlacing Patches,Tillämpa patchar för att ta bort sammanflätning,PCSX2,Crowdin UI,,"Granskad filleverans. Endast färdiga, aktiva översättningar tas med; detta är inte ett påstående om separat registrerat radbeslut för varje oförändrad post.",project-context,dd4e0d52697cbf4f29b3ee3e,reviewed-file-delivery,https://crowdin.com/project/pcsx2,c5f591f1edc9553e40265bc0be0fe67c8e4252c052a1cf8ecfb524489a5aff60,{}
2179ca8b92bb2356c143f9bd,Reset Standard Volume,Återställ standardvolym,PCSX2,crowdin-current-ui-batch32-20260920,"AudioSettingsWidget
../Settings/AudioSettingsWidget.ui:293
../Settings/AudioSettingsWidget.cpp:130",Publiceringsförsöket nekades enligt det äldre kvittot; texten är ett lokalt granskningsförslag.,project-context,c2646ca648b34a364742e550,reviewed-local,https://github.com/yeager/translations/blob/67e6d27877c9cfd6b6dbc74bd852b10bdbe09c3c/PCSX2/crowdin-current-ui-batch32-20260920.json,8508e8374eb7f35a6dbd9e586bfae248023f55fcc7b6ce641daf41e2c61e9c01,"{""artifact"":""https://crowdin.com/project/pcsx2"",""sha256"":""96e6d4f722cb0cb1ab6f375d8992c1433631ebd087fcb653638e2881e9ffb8a8""}"
219ffd331ac7fbfa3f61fc0c,CPU Sprite Render Level,Renderingsnivå för CPU-sprites,PCSX2,crowdin-current-ui-batch6-20260920,"GraphicsSettingsWidget
../Settings/GraphicsSettingsWidget.cpp:582",,project-context,82f99db37673024a8235bd6d,reviewed-receipt,https://github.com/yeager/translations/blob/67e6d27877c9cfd6b6dbc74bd852b10bdbe09c3c/PCSX2/crowdin-current-ui-batch6-20260920.json,eb7ae206e0c74bdc70f0bf3439bd87f935bfd8ae85feb90ab9f43919304a6c09,"{""artifact"":""https://crowdin.com/project/pcsx2"",""sha256"":""0317ee1b5f065bf489b1038269f7027746908374664407749de53f01c247b775""}"
21d1fd5909edfcefd167f806,Video Captures Directory,Katalog för videoinspelningar,PCSX2,crowdin-current-ui-batch61-20260920,"FolderSettingsWidget
../Settings/FolderSettingsWidget.cpp:37",Publiceringsförsöket nekades enligt det äldre kvittot; texten är ett lokalt granskningsförslag.,project-context,8c601a53ca01b7b496426578,reviewed-local,https://github.com/yeager/translations/blob/67e6d27877c9cfd6b6dbc74bd852b10bdbe09c3c/PCSX2/crowdin-current-ui-batch61-20260920.json,7d1487a8e7a6c977e135205cbfbe024e70d8199f0ee522f5ae9219965d474fa2,"{""artifact"":""https://crowdin.com/project/pcsx2"",""sha256"":""4a5583ed674a1f58e6d0617694a6c0d3e59cd751559b1c3a9674224c4e738937""}"
21dd06f07c68fb2f17231b9d,Wait Loop Detection,Identifiering av vänteloop,PCSX2,crowdin-current-ui-batch57-20260920,"FullscreenUI
../../pcsx2/ImGui/FullscreenUI_Settings.cpp:7054",,project-context,3473cd91272217220b0c60e5,reviewed-receipt,https://github.com/yeager/translations/blob/67e6d27877c9cfd6b6dbc74bd852b10bdbe09c3c/PCSX2/crowdin-current-ui-batch57-20260920.json,5c871fa681fe60ac837787f04a021e0897b135316665fb1695de5041b8a5e637,"{""artifact"":""https://crowdin.com/project/pcsx2"",""sha256"":""2a0cc610b1e26dcdefceb4382cfd43987824893275af6d2976ac40a6316e8719""}"
226c052b4502130414dc3a2e,WAV Audio Files (*.wav),WAV-ljudfiler (*.wav),PCSX2,crowdin-current-ui-batch10-20260920,"AchievementSettingsWidget
../Settings/AchievementSettingsWidget.cpp:20",Publiceringsförsöket nekades enligt det äldre kvittot; texten är ett lokalt granskningsförslag.,project-context,ef2954fe3c2fb935c47d75c9,reviewed-local,https://github.com/yeager/translations/blob/67e6d27877c9cfd6b6dbc74bd852b10bdbe09c3c/PCSX2/crowdin-current-ui-batch10-20260920.json,3c14ee97d43ded3046a999eef4784f22e73a1576e3b07915345f50e5fc2d9296,"{""artifact"":""https://crowdin.com/project/pcsx2"",""sha256"":""a61edf64eeff15347bd753246af7197efc1b1e9cec7ef1c4969f2dc43060ac7b""}"
2275812566b8c4c5555e55c6,Unknown MMIO,Okänd MMIO,PCSX2,crowdin-current-ui-batch21-20260920,"DebugLoggingSettingsTab
../Settings/DebugLoggingSettingsTab.ui:142
../Settings/DebugLoggingSettingsTab.ui:210",Publiceringsförsöket nekades enligt det äldre kvittot; texten är ett lokalt granskningsförslag.,project-context,f851c93a6252726a7297027c,reviewed-local,https://github.com/yeager/translations/blob/67e6d27877c9cfd6b6dbc74bd852b10bdbe09c3c/PCSX2/crowdin-current-ui-batch21-20260920.json,a17a684939c7836f99eed6a2beb5c914bdeb5bc299843bbd766ce571585ee88e,"{""artifact"":""https://crowdin.com/project/pcsx2"",""sha256"":""64e0883c737ed2a5716e489acc9bea4683a6c047e870145d85bab28141c41bfb""}"
22cec964a358363a9ac5271a,Adapter / Interface,Adapter/gränssnitt,PCSX2,crowdin-current-ui-batch60-20260920,"DEV9SettingsWidget
../Settings/DEV9SettingsWidget.cpp:198",Publiceringsförsöket nekades enligt det äldre kvittot; texten är ett lokalt granskningsförslag.,project-context,4febfc33243c983721e837f3,reviewed-local,https://github.com/yeager/translations/blob/67e6d27877c9cfd6b6dbc74bd852b10bdbe09c3c/PCSX2/crowdin-current-ui-batch60-20260920.json,8c6cbd32b1310e0a049b06bc12d78c06699e0e814d471dcdf308e46e1f1388d6,"{""artifact"":""https://crowdin.com/project/pcsx2"",""sha256"":""cf39288d6bf52687f04aca1446e306b2ef891fda4e538f6866cb96f3b4635643""}"
234d79b46d51676d6cf559ac,Login...,Logga in …,PCSX2,crowdin-current-ui-batch54-20260920,"SetupWizardDialog
../SetupWizardDialog.ui:861
../SetupWizardDialog.cpp:478",,project-context,54803e92edd189d1daf74d62,reviewed-receipt,https://github.com/yeager/translations/blob/67e6d27877c9cfd6b6dbc74bd852b10bdbe09c3c/PCSX2/crowdin-current-ui-batch54-20260920.json,1ea914cd857e948af6e29d5981765e20bf4f3f3bfcd3d14fdfab548fae14eacc,"{""artifact"":""https://crowdin.com/project/pcsx2"",""sha256"":""b62324ef44fcbaeadc1ad9d1f4925e5a3cc3607e11c8f5479b75f9ef3c257823""}"
236b38d2fb0827b535b890cb,5 (320 Max Width),5 (maximal bredd 320),PCSX2,crowdin-current-ui-batch25-20260920,"GraphicsHardwareFixesSettingsTab
../Settings/GraphicsHardwareFixesSettingsTab.ui:100",,project-context,13c22574af7c7f98f5e5f42c,reviewed-receipt,https://github.com/yeager/translations/blob/67e6d27877c9cfd6b6dbc74bd852b10bdbe09c3c/PCSX2/crowdin-current-ui-batch25-20260920.json,c686e808bea1ecea795d6bd0a3871f9ea94959e30276601f8efafda34c283479,"{""artifact"":""https://crowdin.com/project/pcsx2"",""sha256"":""438311624afadbf6ac4cc0fa4fc7dc1b8c6efc3ae6444ca2a31709847a5e3279""}"
2379282b7c862f11f6644867,Auto Flush,Automatisk rensning,PCSX2,Crowdin UI,,"Granskad filleverans. Endast färdiga, aktiva översättningar tas med; detta är inte ett påstående om separat registrerat radbeslut för varje oförändrad post.",project-context,7ec836df1313608770307545,reviewed-file-delivery,https://crowdin.com/project/pcsx2,c5f591f1edc9553e40265bc0be0fe67c8e4252c052a1cf8ecfb524489a5aff60,{}
23f608d4cac0c6c5b420b1fc,Save Render Targets,Spara renderingsmål,PCSX2,crowdin-current-ui-batch3-20260920,"DebugSettingsWidget
../Settings/DebugSettingsWidget.cpp:130",,project-context,a842e3fb6ec33e52f0fedfee,reviewed-receipt,https://github.com/yeager/translations/blob/67e6d27877c9cfd6b6dbc74bd852b10bdbe09c3c/PCSX2/crowdin-current-ui-batch3-20260920.json,312b703c14e788fca3d8a80055543aca887c12d491340b56e8de7abdd1dbfcb8,"{""artifact"":""https://crowdin.com/project/pcsx2"",""sha256"":""1f08e884958704586925731629011db0db8827f7d7045b9502520a96b3118968""}"
244b5c765a8688b94fc82cfd,Show Video Capture Status,Visa status för videoinspelning,PCSX2,Crowdin UI,,"Granskad filleverans. Endast färdiga, aktiva översättningar tas med; detta är inte ett påstående om separat registrerat radbeslut för varje oförändrad post.",project-context,35aa7b478b21ed343a5ff690,reviewed-file-delivery,https://crowdin.com/project/pcsx2,c5f591f1edc9553e40265bc0be0fe67c8e4252c052a1cf8ecfb524489a5aff60,{}
24a485b3d5f258e80ee6eb93,Save GS State Info,Spara GS-tillståndsinformation,PCSX2,crowdin-current-ui-batch61-20260920,"DebugSettingsWidget
../Settings/DebugSettingsWidget.cpp:140",,project-context,6e799a740478b6aaf7b09f30,reviewed-receipt,https://github.com/yeager/translations/blob/67e6d27877c9cfd6b6dbc74bd852b10bdbe09c3c/PCSX2/crowdin-current-ui-batch61-20260920.json,7d1487a8e7a6c977e135205cbfbe024e70d8199f0ee522f5ae9219965d474fa2,"{""artifact"":""https://crowdin.com/project/pcsx2"",""sha256"":""6787493e02f87833c5e29d8c4c74cc885bebda3aa39fd7591f247eb836c495e0""}"
253c13d0ffecb091e75de08c,Enable PINE,Aktivera PINE,PCSX2,Crowdin UI,,"Granskad filleverans. Endast färdiga, aktiva översättningar tas med; detta är inte ett påstående om separat registrerat radbeslut för varje oförändrad post.",project-context,740fd804d253d7aa160b051c,reviewed-file-delivery,https://crowdin.com/project/pcsx2,c5f591f1edc9553e40265bc0be0fe67c8e4252c052a1cf8ecfb524489a5aff60,{}
25516b7c8a9bbdd4be229a84,Center Right,I mitten till höger,PCSX2,Crowdin UI,,"Granskad filleverans. Endast färdiga, aktiva översättningar tas med; detta är inte ett påstående om separat registrerat radbeslut för varje oförändrad post.",project-context,4577162a26984e9bf5f3148d,reviewed-file-delivery,https://crowdin.com/project/pcsx2,c5f591f1edc9553e40265bc0be0fe67c8e4252c052a1cf8ecfb524489a5aff60,{}
25edd8aee69083c72343a2f4,The virtual machine is already running.,Den virtuella maskinen körs redan.,PCSX2,crowdin-current-ui-batch44-20260920,"VMManager
../../pcsx2/VMManager.cpp:1357",Publiceringsförsöket nekades enligt det äldre kvittot; texten är ett lokalt granskningsförslag.,project-context,bf540a558abca90400b0edd4,reviewed-local,https://github.com/yeager/translations/blob/67e6d27877c9cfd6b6dbc74bd852b10bdbe09c3c/PCSX2/crowdin-current-ui-batch44-20260920.json,5e82a7b07227a314e65a1724efbcf7b471342793ce2ac9d6b518d156f340e5a6,"{""artifact"":""https://crowdin.com/project/pcsx2"",""sha256"":""2bec561b6e41711deef275a8ccf35a1c7fb565bb9670d769fddabcd56fab2c06""}"
261abef3710b6517a28c5884,Select OSD Font,Välj OSD-teckensnitt,PCSX2,crowdin-current-ui-batch52-20260920,"OSDFontPickerDialog
../Settings/OsdFontPickerDialog.cpp:105
../Settings/OsdFontPickerDialog.cpp:440",,project-context,acb1d0b108849b3296fa723a,reviewed-receipt,https://github.com/yeager/translations/blob/67e6d27877c9cfd6b6dbc74bd852b10bdbe09c3c/PCSX2/crowdin-current-ui-batch52-20260920.json,8cfffc76ca6e36b6b86d335ad9a92ba99954d58c53ce7d299caec541e1b3ff9b,"{""artifact"":""https://crowdin.com/project/pcsx2"",""sha256"":""1282602d456c3c46dd231942afb9947c0c78f03482926734c7523ce555372817""}"
262f7609a8b48011ab540b51,Failed to create font cache directory.,Det gick inte att skapa cachekatalogen för teckensnitt.,PCSX2,Crowdin UI,,"Granskad filleverans. Endast färdiga, aktiva översättningar tas med; detta är inte ett påstående om separat registrerat radbeslut för varje oförändrad post.",project-context,26f2b54a5838942ae70cacab,reviewed-file-delivery,https://crowdin.com/project/pcsx2,c5f591f1edc9553e40265bc0be0fe67c8e4252c052a1cf8ecfb524489a5aff60,{}
264d54dd8ae2d3d88b9b7975,DWARF Symbol Table,DWARF-symboltabell,PCSX2,crowdin-current-ui-batch29-20260920,"SymbolGuardian
../../pcsx2/DebugTools/SymbolGuardian.cpp:224",,project-context,e5080aecaf393e1b4c875580,reviewed-receipt,https://github.com/yeager/translations/blob/67e6d27877c9cfd6b6dbc74bd852b10bdbe09c3c/PCSX2/crowdin-current-ui-batch29-20260920.json,5e9d99ed74373c2f72a189c1db7205af0fb3f607d18807039efe55821b2dea06,"{""artifact"":""https://crowdin.com/project/pcsx2"",""sha256"":""ad7193394baaba814e827e9e983c4636c6773701ceb929b62586996859711bda""}"
2657a62c70c9666c84b13361,Disable Partial Source Invalidation,Inaktivera ogiltigförklaring av partiell källa,PCSX2,crowdin-current-ui-batch13-20260920,"GraphicsHardwareFixesSettingsTab
../Settings/GraphicsHardwareFixesSettingsTab.ui:319",,project-context,bab47477d95cc94e17e06bfc,reviewed-receipt,https://github.com/yeager/translations/blob/67e6d27877c9cfd6b6dbc74bd852b10bdbe09c3c/PCSX2/crowdin-current-ui-batch13-20260920.json,623ec591b5fcb41c8d897353bf192b4285c0b8b4a6be7d0f716afe784de07e1d,"{""artifact"":""https://crowdin.com/project/pcsx2"",""sha256"":""689e772205fc8c887967ebbaabbeb8fae1cbca7a910858b91573e1c2bd81af80""}"
268c5c57561195fa3735956f,DMA Control,DMA-styrning,PCSX2,crowdin-current-ui-batch21-20260920,"DebugLoggingSettingsTab
../Settings/DebugLoggingSettingsTab.ui:37
../Settings/DebugLoggingSettingsTab.ui:273",,project-context,98db8a77ea230b4d731b5aa8,reviewed-receipt,https://github.com/yeager/translations/blob/67e6d27877c9cfd6b6dbc74bd852b10bdbe09c3c/PCSX2/crowdin-current-ui-batch21-20260920.json,a17a684939c7836f99eed6a2beb5c914bdeb5bc299843bbd766ce571585ee88e,"{""artifact"":""https://crowdin.com/project/pcsx2"",""sha256"":""5f93177e1bc4e68aa552f6512ead12638eb113843482beb9e10f4342d45a1a74""}"
26c0bdc85ef63e2a09ce423b,NTSC Frame Rate,NTSC-bildfrekvens,PCSX2,crowdin-current-ui-batch20-20260920,"FullscreenUI
../../pcsx2/ImGui/FullscreenUI_Settings.cpp:6909",Publiceringsförsöket nekades enligt det äldre kvittot; texten är ett lokalt granskningsförslag.,project-context,f06bee2ed36352edbc686221,reviewed-local,https://github.com/yeager/translations/blob/67e6d27877c9cfd6b6dbc74bd852b10bdbe09c3c/PCSX2/crowdin-current-ui-batch20-20260920.json,b9f3010178fb1ba2ee5cb59570e69caac32abf9f9b7229bf26b14b3a321dc236,"{""artifact"":""https://crowdin.com/project/pcsx2"",""sha256"":""9199137ba985a7317b550dc47e9ffebc45be374452f1a6797b2f38a8d25ff063""}"
26d5832a057d93c28c4c6cad,Video Capture Height,Höjd för videoinspelning,PCSX2,crowdin-current-ui-batch62-20260920,"GraphicsSettingsWidget
../Settings/GraphicsSettingsWidget.cpp:761",Publiceringsförsöket nekades enligt det äldre kvittot; texten är ett lokalt granskningsförslag.,project-context,64d4a90a0fba8ab156378e8d,reviewed-local,https://github.com/yeager/translations/blob/67e6d27877c9cfd6b6dbc74bd852b10bdbe09c3c/PCSX2/crowdin-current-ui-batch62-20260920.json,6f455bab497aab5f47fecf4d901525cee3a927cec35cd4f2f0dc82942d40dace,"{""artifact"":""https://crowdin.com/project/pcsx2"",""sha256"":""40216fa954aee78c5d626f19c40d394e809de1423a87c0d35a9742beefa464a4""}"
26d7fdbdcfbb3f40d31ca468,Enable In-Game Leaderboard Overlays,Aktivera topplisteöverlägg i spelet,PCSX2,crowdin-current-ui-batch14-20260920,"FullscreenUI
../../pcsx2/ImGui/FullscreenUI_Settings.cpp:6988",,project-context,c6c115593dbbc5116024e4b5,reviewed-receipt,https://github.com/yeager/translations/blob/67e6d27877c9cfd6b6dbc74bd852b10bdbe09c3c/PCSX2/crowdin-current-ui-batch14-20260920.json,9f0ff248176205a3bda2eb3f8c6f8e1ab1d89f1ac984b49ef2d06f0eb6672cce,"{""artifact"":""https://crowdin.com/project/pcsx2"",""sha256"":""c0676ed7e79f8f739253fb28b9eeffdd0601d3d1b84c13137908e859958c0406""}"
26f8c716d3c316857856fe5e,Display Resolution (Aspect Corrected),Visningsupplösning (korrigerat bildförhållande),PCSX2,crowdin-current-ui-batch10-20260920,"FullscreenUI
../../pcsx2/ImGui/FullscreenUI_Settings.cpp:6659",,project-context,d72734ded37ca5ea02cd4b11,reviewed-receipt,https://github.com/yeager/translations/blob/67e6d27877c9cfd6b6dbc74bd852b10bdbe09c3c/PCSX2/crowdin-current-ui-batch10-20260920.json,3c14ee97d43ded3046a999eef4784f22e73a1576e3b07915345f50e5fc2d9296,"{""artifact"":""https://crowdin.com/project/pcsx2"",""sha256"":""25dc0b405fa0cab096145dc76f44a24635e8ac4147d6d3b880f2cacfd3e26567""}"
2708e46db7b9e386e1dc9e3c,Notification Sound Path,Sökväg till notisljud,PCSX2,crowdin-current-ui-batch59-20260920,"AchievementSettingsWidget
../Settings/AchievementSettingsWidget.cpp:63",,project-context,3d97cd6af34119900a3bce1d,reviewed-receipt,https://github.com/yeager/translations/blob/67e6d27877c9cfd6b6dbc74bd852b10bdbe09c3c/PCSX2/crowdin-current-ui-batch59-20260920.json,9f38fdcde8389b4381406c889374f3d78d817dcfb9ea2ab1119de66a68266465,"{""artifact"":""https://crowdin.com/project/pcsx2"",""sha256"":""91fac2f37d3bb3ed00704e78191f395e08c5b32defe01a0b1f074a435a9e4985""}"
272157b879f23cfe614cb018,Disable Mailbox Presentation,Inaktivera mailbox-presentation,PCSX2,crowdin-current-ui-batch14-20260920,"Mailbox Presentation: a type of graphics-rendering technique that has not been exposed to the public that often, so chances are you will need to keep the word mailbox in English. It does not have anything to do with postal mailboxes or email inboxes/outboxes.
GraphicsAdvancedSettingsTab
../Settings/GraphicsAdvancedSettingsTab.ui:130",Publiceringsförsöket nekades enligt det äldre kvittot; texten är ett lokalt granskningsförslag.,project-context,be313c3ccfc7e7742eec3ceb,reviewed-local,https://github.com/yeager/translations/blob/67e6d27877c9cfd6b6dbc74bd852b10bdbe09c3c/PCSX2/crowdin-current-ui-batch14-20260920.json,9f0ff248176205a3bda2eb3f8c6f8e1ab1d89f1ac984b49ef2d06f0eb6672cce,"{""artifact"":""https://crowdin.com/project/pcsx2"",""sha256"":""f5b5bf90def466489297f5401da82cbf6e6bcbdf3e25fc1bbd29ed1107ae2491""}"
2723f8a544f44171996cae41,DMA Registers,DMA-register,PCSX2,crowdin-current-ui-batch21-20260920,"DebugLoggingSettingsTab
../Settings/DebugLoggingSettingsTab.ui:163
../Settings/DebugLoggingSettingsTab.ui:245",Publiceringsförsöket nekades enligt det äldre kvittot; texten är ett lokalt granskningsförslag.,project-context,98fffcc991bc629aafb91557,reviewed-local,https://github.com/yeager/translations/blob/67e6d27877c9cfd6b6dbc74bd852b10bdbe09c3c/PCSX2/crowdin-current-ui-batch21-20260920.json,a17a684939c7836f99eed6a2beb5c914bdeb5bc299843bbd766ce571585ee88e,"{""artifact"":""https://crowdin.com/project/pcsx2"",""sha256"":""c42f1f6f4880a39c21bae32007fc72d50a8a4fe4c6500bdd0dec28e7ab657d0e""}"
2726efbc3aa73c16390bc3d5,&Customize Toolbar...,&Anpassa verktygsfält …,PCSX2,crowdin-current-ui-batch64-20260920,"MainWindow
../MainWindow.ui:741",,project-context,abc6b4cdb88fe36543dde02c,reviewed-receipt,https://github.com/yeager/translations/blob/67e6d27877c9cfd6b6dbc74bd852b10bdbe09c3c/PCSX2/crowdin-current-ui-batch64-20260920.json,3eb6750c0d4249b01cf40b2787e9f2e9792529adfb274d1a979de2495c7acabc,"{""artifact"":""https://crowdin.com/project/pcsx2"",""sha256"":""7b214bbefeefc4ad8424ace1440f1bf0ddfc2a9b56d7376f2751c3b2abf85de4""}"
277bb393ae82e574c6219b8a,Icon Files (*.ico);;All Files (*.*),Ikonfiler (*.ico);;Alla filer (*.*),PCSX2,crowdin-current-ui-batch54-20260920,"ShortcutCreationDialog
../ShortcutCreationDialog.cpp:68",Publiceringsförsöket nekades enligt det äldre kvittot; texten är ett lokalt granskningsförslag.,project-context,a083ec2aee160a6d64a781b5,reviewed-local,https://github.com/yeager/translations/blob/67e6d27877c9cfd6b6dbc74bd852b10bdbe09c3c/PCSX2/crowdin-current-ui-batch54-20260920.json,1ea914cd857e948af6e29d5981765e20bf4f3f3bfcd3d14fdfab548fae14eacc,"{""artifact"":""https://crowdin.com/project/pcsx2"",""sha256"":""d2c6fe0c37292d92622aae153533a53162f922e766b61fa5882afed62b3d4fb1""}"
278414b46e89f48363f10e01,19x Native (~6840px),19× inbyggd (~6840 px),PCSX2,crowdin-current-ui-batch50-20260920,"FullscreenUI
../../pcsx2/ImGui/FullscreenUI_Settings.cpp:6622",,project-context,46f7af88a0faacafa3148c15,reviewed-receipt,https://github.com/yeager/translations/blob/67e6d27877c9cfd6b6dbc74bd852b10bdbe09c3c/PCSX2/crowdin-current-ui-batch50-20260920.json,526c37bda266096897ffc29f6d90f1526ccd117934fef6462d4629b30c159187,"{""artifact"":""https://crowdin.com/project/pcsx2"",""sha256"":""b1c8cf026c95e75125a3c628a84b2b87b729ac9e17ad8d7afd0d7d2c68b2e6dd""}"
27a0799c7f972ae7153fce8b,Capture Video,Spela in video,PCSX2,crowdin-current-ui-batch7-20260920,"GraphicsSettingsWidget
../Settings/GraphicsSettingsWidget.cpp:735",,project-context,916cb000ebeaf0c78d33bf3d,reviewed-receipt,https://github.com/yeager/translations/blob/67e6d27877c9cfd6b6dbc74bd852b10bdbe09c3c/PCSX2/crowdin-current-ui-batch7-20260920.json,8c630c03eadaf91965c9d87bc474586df0a53ac156826372c002fcc927248561,"{""artifact"":""https://crowdin.com/project/pcsx2"",""sha256"":""509ff489501529fca221c4bcb9544301a74546ae3de74172416f5425a0d1495c""}"
27b23e65783e255691d80cae,Reset to default application icon,Återställ till programmets standardikon,PCSX2,Crowdin UI,,"Granskad filleverans. Endast färdiga, aktiva översättningar tas med; detta är inte ett påstående om separat registrerat radbeslut för varje oförändrad post.",project-context,bf3f184f92d2e833606d2557,reviewed-file-delivery,https://crowdin.com/project/pcsx2,c5f591f1edc9553e40265bc0be0fe67c8e4252c052a1cf8ecfb524489a5aff60,{}
27c5cc0a584369960dd1011c,Precache Textures,Förlagra texturer i cache,PCSX2,crowdin-current-ui-batch27-20260920,"GraphicsTextureReplacementSettingsTab
../Settings/GraphicsTextureReplacementSettingsTab.ui:26",,project-context,db840e528fb21ffba828d557,reviewed-receipt,https://github.com/yeager/translations/blob/67e6d27877c9cfd6b6dbc74bd852b10bdbe09c3c/PCSX2/crowdin-current-ui-batch27-20260920.json,daf14a4c22835aeb84f9a6f6d33a6c69ac188b84259e32a73fa4a47caa65dc63,"{""artifact"":""https://crowdin.com/project/pcsx2"",""sha256"":""290ea46eb6a598bd10b943d80a9b9541392d9a4c34fee8e7ab16a9a7585e2478""}"
27cbda1f3808cb32612e3807,Search system fonts...,Sök efter systemteckensnitt …,PCSX2,Crowdin UI,,"Granskad filleverans. Endast färdiga, aktiva översättningar tas med; detta är inte ett påstående om separat registrerat radbeslut för varje oförändrad post.",project-context,6d3a2ac4658a57dc86b2fca0,reviewed-file-delivery,https://crowdin.com/project/pcsx2,c5f591f1edc9553e40265bc0be0fe67c8e4252c052a1cf8ecfb524489a5aff60,{}
281313ba6291a7dd52f2a246,Minimum,Minsta,PCSX2,crowdin-current-ui-batch51-20260920,"GameDatabase
../../pcsx2/GameDatabase.cpp:922",,project-context,cfa2e78fc39eb9935563fa1b,reviewed-receipt,https://github.com/yeager/translations/blob/67e6d27877c9cfd6b6dbc74bd852b10bdbe09c3c/PCSX2/crowdin-current-ui-batch51-20260920.json,a8b5191343bdd297b5d152a224021320a839b19ec9afc66e6fdf7d9067e58697,"{""artifact"":""https://crowdin.com/project/pcsx2"",""sha256"":""c11092f959198f31ae020e31c08b2b32559923984dfd67b9dd0cf125e402f920""}"
2841a66de616d4fb562aaf0d,Swap Memory Cards,Byt minneskort,PCSX2,crowdin-current-ui-batch57-20260920,"FullscreenUI
../../pcsx2/ImGui/FullscreenUI_Settings.cpp:6950",,project-context,d4e0b2a3f3867f7f75964a9b,reviewed-receipt,https://github.com/yeager/translations/blob/67e6d27877c9cfd6b6dbc74bd852b10bdbe09c3c/PCSX2/crowdin-current-ui-batch57-20260920.json,5c871fa681fe60ac837787f04a021e0897b135316665fb1695de5041b8a5e637,"{""artifact"":""https://crowdin.com/project/pcsx2"",""sha256"":""5f7575036bff05d97dcd664ed7f6836e4c379677d537360e09320dadcb636574""}"
285c069b90dd6bf753c1f04f,Stop,Stoppa,PCSX2,crowdin-current-ui-batch56-20260920,"FullscreenUI
../../pcsx2/ImGui/FullscreenUI.cpp:4205",Publiceringsförsöket nekades enligt det äldre kvittot; texten är ett lokalt granskningsförslag.,project-context,99b10e7f91b2a4a3f3e8e77e,reviewed-local,https://github.com/yeager/translations/blob/67e6d27877c9cfd6b6dbc74bd852b10bdbe09c3c/PCSX2/crowdin-current-ui-batch56-20260920.json,e544f4e37b292a5a59167a947672fb099eeaff33c9d732c3cd8e9184cd9a4307,"{""artifact"":""https://crowdin.com/project/pcsx2"",""sha256"":""86214d31055df717d99449ab8117d36b703bd75fc38d44f064ff33d5ebe69eb0""}"
28c871f4be12f904d9d19c7e,Failed to initialize FW.,Det gick inte att initiera FW.,PCSX2,crowdin-current-ui-batch45-20260920,"VMManager
../../pcsx2/VMManager.cpp:1614",Publiceringsförsöket nekades enligt det äldre kvittot; texten är ett lokalt granskningsförslag.,project-context,427e5a83424d4244b546848c,reviewed-local,https://github.com/yeager/translations/blob/67e6d27877c9cfd6b6dbc74bd852b10bdbe09c3c/PCSX2/crowdin-current-ui-batch45-20260920.json,4c2583095ac82af7cbd5d2e9b388582811e469f82c52448518b800a7bc23bdc8,"{""artifact"":""https://crowdin.com/project/pcsx2"",""sha256"":""c860302af7da1063e3b7434d8154158c7bfd637accf60a74742926d0469725b1""}"
28e2d859c1917751a564d7c9,Includes video in recordings.,Inkluderar video i inspelningar.,PCSX2,crowdin-current-ui-batch8-20260920,"FullscreenUI
../../pcsx2/ImGui/FullscreenUI_Settings.cpp:6261",,project-context,cc84dddc80d445e0c715b131,reviewed-receipt,https://github.com/yeager/translations/blob/67e6d27877c9cfd6b6dbc74bd852b10bdbe09c3c/PCSX2/crowdin-current-ui-batch8-20260920.json,6d671a2f5891b45d5687714706665353e2ac62d51b8d507209b9c6fd5769ca1f,"{""artifact"":""https://crowdin.com/project/pcsx2"",""sha256"":""e2a8c50c78508f1a37559f41830a5895ae450f5bef98f1114d49ac6ad56ae5fa""}"
28f4f20735cee4894d365ae6,Read Targets When Closing,Läs mål vid stängning,PCSX2,crowdin-current-ui-batch25-20260920,"GraphicsHardwareFixesSettingsTab
../Settings/GraphicsHardwareFixesSettingsTab.ui:305",Publiceringsförsöket nekades enligt det äldre kvittot; texten är ett lokalt granskningsförslag.,project-context,78adc9dd2a41c4d4ce8b577c,reviewed-local,https://github.com/yeager/translations/blob/67e6d27877c9cfd6b6dbc74bd852b10bdbe09c3c/PCSX2/crowdin-current-ui-batch25-20260920.json,c686e808bea1ecea795d6bd0a3871f9ea94959e30276601f8efafda34c283479,"{""artifact"":""https://crowdin.com/project/pcsx2"",""sha256"":""92ad566a3836f6540931e67ad73496dca14705363dffe5195841bd58a8b8b8a5""}"
290d7dea7fd90f7af4f3fa83,Yes - Enable NTFS compression,Ja – aktivera NTFS-komprimering,PCSX2,crowdin-current-ui-batch18-20260920,"FullscreenUI
../../pcsx2/ImGui/FullscreenUI_Settings.cpp:6071",,project-context,0abf74c7521f5352bfcd88fc,reviewed-receipt,https://github.com/yeager/translations/blob/67e6d27877c9cfd6b6dbc74bd852b10bdbe09c3c/PCSX2/crowdin-current-ui-batch18-20260920.json,d0045488eb1eee4246057f420111c6313a5a756b798114b9e4b249ca38af16a7,"{""artifact"":""https://crowdin.com/project/pcsx2"",""sha256"":""8abdd930bf74a8c85d47a194ed9dc320d4b4afcc49dbd39f16233214fac4c615""}"
2926c84793be26409a764944,Refresh List,Uppdatera lista,PCSX2,crowdin-current-ui-batch58-20260920,"FullscreenUI
../../pcsx2/ImGui/FullscreenUI.cpp:4157",Publiceringsförsöket nekades enligt det äldre kvittot; texten är ett lokalt granskningsförslag.,project-context,6530c8b13f1019a23ecb38c5,reviewed-local,https://github.com/yeager/translations/blob/67e6d27877c9cfd6b6dbc74bd852b10bdbe09c3c/PCSX2/crowdin-current-ui-batch58-20260920.json,63dc6922c386d319276df2094a26afd341a8755f207ce8908444de581c157b66,"{""artifact"":""https://crowdin.com/project/pcsx2"",""sha256"":""85092bb1681faca05570bf887c6f20dd1db9a399e707252f34269ed37c55c904""}"
292f85b2b0f1bb9cf535bfd4,Capture Audio,Spela in ljud,PCSX2,crowdin-current-ui-batch8-20260920,"FullscreenUI
../../pcsx2/ImGui/FullscreenUI_Settings.cpp:6891",,project-context,6a38ace8746525b27159b5e0,reviewed-receipt,https://github.com/yeager/translations/blob/67e6d27877c9cfd6b6dbc74bd852b10bdbe09c3c/PCSX2/crowdin-current-ui-batch8-20260920.json,6d671a2f5891b45d5687714706665353e2ac62d51b8d507209b9c6fd5769ca1f,"{""artifact"":""https://crowdin.com/project/pcsx2"",""sha256"":""38328e879b10f2d9c58a55d26e31c3ff6be04f0d0d9fc317f636b439f3cb84b1""}"
295016f8d13b7a2fc418ad0f,Use Blit Swap Chain,Använd blit-växlingskedja,PCSX2,crowdin-current-ui-batch23-20260920,"Blit = a data operation. You might want to write it as-is, but fully uppercased. More information: https://en.wikipedia.org/wiki/Bit_blit \nSwap chain: see Microsoft&apos;s Terminology Portal.
GraphicsAdvancedSettingsTab
../Settings/GraphicsAdvancedSettingsTab.ui:116",Publiceringsförsöket nekades enligt det äldre kvittot; texten är ett lokalt granskningsförslag.,project-context,9e8dace6ebde6a54cc787068,reviewed-local,https://github.com/yeager/translations/blob/67e6d27877c9cfd6b6dbc74bd852b10bdbe09c3c/PCSX2/crowdin-current-ui-batch23-20260920.json,94825b8000dc084475f7ee18208d828359829f994a9e4d0dfc9ec3c3d325f60e,"{""artifact"":""https://crowdin.com/project/pcsx2"",""sha256"":""4d95041d1665c8415990bd010678ceb3d98bb9ca6a91513deb2be2ce1e4208fe""}"
296582ca7be69b6a3866b426,Address,Adress,PCSX2,crowdin-current-ui-batch36-20260920,"FullscreenUI
../../pcsx2/ImGui/FullscreenUI_Settings.cpp:6955",Publiceringsförsöket nekades enligt det äldre kvittot; texten är ett lokalt granskningsförslag.,project-context,016cff69c481a2a3102a4f6a,reviewed-local,https://github.com/yeager/translations/blob/67e6d27877c9cfd6b6dbc74bd852b10bdbe09c3c/PCSX2/crowdin-current-ui-batch36-20260920.json,06685b2a6b6a0881c244315d3604555b5de0e31fa34564c53c68e8d7b263bdfe,"{""artifact"":""https://crowdin.com/project/pcsx2"",""sha256"":""784a305cd321d9ad8b3c4f4193f18bbb15038265002274d3b3db34cedab0f712""}"
297b9590650f8fd052900e62,Minute,Minut,PCSX2,Crowdin UI,,"Granskad filleverans. Endast färdiga, aktiva översättningar tas med; detta är inte ett påstående om separat registrerat radbeslut för varje oförändrad post.",project-context,e5eb6604575f02ca7687c929,reviewed-file-delivery,https://crowdin.com/project/pcsx2,c5f591f1edc9553e40265bc0be0fe67c8e4252c052a1cf8ecfb524489a5aff60,{}
297d0b90ac62c5cb0dce1416,Unlimited,Obegränsat,PCSX2,crowdin-current-ui-batch54-20260920,"ShortcutCreationDialog
../ShortcutCreationDialog.ui:261",Publiceringsförsöket nekades enligt det äldre kvittot; texten är ett lokalt granskningsförslag.,project-context,c222de866b07a2e78884f61a,reviewed-local,https://github.com/yeager/translations/blob/67e6d27877c9cfd6b6dbc74bd852b10bdbe09c3c/PCSX2/crowdin-current-ui-batch54-20260920.json,1ea914cd857e948af6e29d5981765e20bf4f3f3bfcd3d14fdfab548fae14eacc,"{""artifact"":""https://crowdin.com/project/pcsx2"",""sha256"":""8f86be5d0b5247ff2bcbfd393de24e132c9e2127e7efc06a90e603d2c2089487""}"
2989a95fda7d604ab10d3302,Minimum,Minsta,PCSX2,Crowdin UI,,"Granskad filleverans. Endast färdiga, aktiva översättningar tas med; detta är inte ett påstående om separat registrerat radbeslut för varje oförändrad post.",project-context,14f874989942b6606f9ef308,reviewed-file-delivery,https://crowdin.com/project/pcsx2,c5f591f1edc9553e40265bc0be0fe67c8e4252c052a1cf8ecfb524489a5aff60,{}
29acd2703586d379f3e36dd1,Container Format,Behållarformat,PCSX2,crowdin-current-ui-batch63-20260920,"FullscreenUI
../../pcsx2/ImGui/FullscreenUI_Settings.cpp:6883",,project-context,55482f51c8ff102b3a4d2b2b,reviewed-receipt,https://github.com/yeager/translations/blob/67e6d27877c9cfd6b6dbc74bd852b10bdbe09c3c/PCSX2/crowdin-current-ui-batch63-20260920.json,08ff78cfcd818cefe89524c4604550c53e468e64909a3ca76a582c3f0c9c5540,"{""artifact"":""https://crowdin.com/project/pcsx2"",""sha256"":""8272206f7943a1aebbc9c872ee9bcf8a82cd7cd2b90b7aad1d43102d2dbb0b14""}"
29f8f57011c37298c1c72c8d,Container:,Behållare:,PCSX2,crowdin-current-ui-batch26-20260920,"GraphicsMediaCaptureSettingsTab
../Settings/GraphicsMediaCaptureSettingsTab.ui:119",,project-context,deee5bd77392400524e8c960,reviewed-receipt,https://github.com/yeager/translations/blob/67e6d27877c9cfd6b6dbc74bd852b10bdbe09c3c/PCSX2/crowdin-current-ui-batch26-20260920.json,49be151dc9918b0d30da49c790d627c159af0560d66be018b2a4920b716f4063,"{""artifact"":""https://crowdin.com/project/pcsx2"",""sha256"":""50d4938967563a40201e986d52db2e31bc98f07da189d598e34fcbb320bf3453""}"
2a4ffcab81fbfc590f22d433,Advanced Frame Display,Avancerad bildrutevisning,PCSX2,crowdin-current-ui-batch8-20260920,"FullscreenUI
../../pcsx2/ImGui/FullscreenUI_Settings.cpp:6806",,project-context,f1bb6be693368f7764a7f583,reviewed-receipt,https://github.com/yeager/translations/blob/67e6d27877c9cfd6b6dbc74bd852b10bdbe09c3c/PCSX2/crowdin-current-ui-batch8-20260920.json,6d671a2f5891b45d5687714706665353e2ac62d51b8d507209b9c6fd5769ca1f,"{""artifact"":""https://crowdin.com/project/pcsx2"",""sha256"":""3fdacbfd11e7a002d430ad2c053be3d1d33df9abab2e398940e4809c1630fc32""}"
2a54ba52008671df1c091f63,Force Enable,Tvinga aktiverad,PCSX2,crowdin-current-ui-batch37-20260920,"ShortcutCreationDialog
../ShortcutCreationDialog.ui:77",,project-context,ac15f2adc40b1a5324ee66f3,reviewed-receipt,https://github.com/yeager/translations/blob/67e6d27877c9cfd6b6dbc74bd852b10bdbe09c3c/PCSX2/crowdin-current-ui-batch37-20260920.json,3d30ac42902a2603744414716b97c7784c4b7f2491b297a70bd0590534da88f4,"{""artifact"":""https://crowdin.com/project/pcsx2"",""sha256"":""45a5c534396a734f1fdb63de915e3edd3009a162b3cd7f8146866b4b83d21790""}"
2a8b28e1f2bf7c2e6a5f1641,Bilinear (Smooth),Bilinjär (mjuk),PCSX2,crowdin-current-ui-batch24-20260920,"Smooth: Refers to the texture clarity.
GraphicsDisplaySettingsTab
../Settings/GraphicsDisplaySettingsTab.ui:140",,project-context,15a53616003f09935a43d543,reviewed-receipt,https://github.com/yeager/translations/blob/67e6d27877c9cfd6b6dbc74bd852b10bdbe09c3c/PCSX2/crowdin-current-ui-batch24-20260920.json,ee2587e30ef9f54541bdbfb4dfcf7512e05bd487cd41e18f4834c7ff3b6d4915,"{""artifact"":""https://crowdin.com/project/pcsx2"",""sha256"":""c23217e768c92047b5aabe01e1d2a243c8a535fbd14566247c2992434a282f94""}"
2ad5d4345d016a218db56d87,Save Snapshots in Game-Specific Folders,Spara ögonblicksbilder i spelspecifika mappar,PCSX2,Crowdin UI,,"Granskad filleverans. Endast färdiga, aktiva översättningar tas med; detta är inte ett påstående om separat registrerat radbeslut för varje oförändrad post.",project-context,baef424f5ea3ff3141b2889a,reviewed-file-delivery,https://crowdin.com/project/pcsx2,c5f591f1edc9553e40265bc0be0fe67c8e4252c052a1cf8ecfb524489a5aff60,{}
2b50f6a73683e6a197957e56,Automatic (Default),Automatiskt (standard),PCSX2,crowdin-current-ui-batch24-20260920,"GraphicsDisplaySettingsTab
../Settings/GraphicsDisplaySettingsTab.ui:230",,project-context,be9e2c2d66f9b9c54e01fb14,reviewed-receipt,https://github.com/yeager/translations/blob/67e6d27877c9cfd6b6dbc74bd852b10bdbe09c3c/PCSX2/crowdin-current-ui-batch24-20260920.json,ee2587e30ef9f54541bdbfb4dfcf7512e05bd487cd41e18f4834c7ff3b6d4915,"{""artifact"":""https://crowdin.com/project/pcsx2"",""sha256"":""eb0bca92b5dedb73224c5af03a9086a74239dfa0dcd766f6130569a7d1c58553""}"
2b708d9784e39451d1588580,Overlay Position:,Överlagringens position:,PCSX2,crowdin-current-ui-batch17-20260920,"AchievementSettingsWidget
../Settings/AchievementSettingsWidget.ui:382",,project-context,bd98b98152d91929b4fff759,reviewed-receipt,https://github.com/yeager/translations/blob/67e6d27877c9cfd6b6dbc74bd852b10bdbe09c3c/PCSX2/crowdin-current-ui-batch17-20260920.json,c3e8ec58262cb9ca378f79dea9c4f1baee0c939d134bdeccfba91a46dd70eaae,"{""artifact"":""https://crowdin.com/project/pcsx2"",""sha256"":""030d4162326c57cbac97c6b3ad685467fc138a1d0e1b45a29ee61144f4fcc51b""}"
2b738b4d8d937fd258c99ec2,High,Hög,PCSX2,crowdin-current-ui-batch26-20260920,"GraphicsHardwareRenderingSettingsTab
../Settings/GraphicsHardwareRenderingSettingsTab.ui:169",Publiceringsförsöket nekades enligt det äldre kvittot; texten är ett lokalt granskningsförslag.,project-context,d4c9568fdb48a51f58937d5f,reviewed-local,https://github.com/yeager/translations/blob/67e6d27877c9cfd6b6dbc74bd852b10bdbe09c3c/PCSX2/crowdin-current-ui-batch26-20260920.json,49be151dc9918b0d30da49c790d627c159af0560d66be018b2a4920b716f4063,"{""artifact"":""https://crowdin.com/project/pcsx2"",""sha256"":""364ba968457d233fc799a509ff77cfb11635f1e3a17e8ea89b58e8434232184e""}"
2bdfa10d91395af85650493d,Unsynchronized (Non-Deterministic),Osynkroniserad (icke-deterministisk),PCSX2,crowdin-current-ui-batch14-20260920,"GraphicsAdvancedSettingsTab
../Settings/GraphicsAdvancedSettingsTab.ui:58",Publiceringsförsöket nekades enligt det äldre kvittot; texten är ett lokalt granskningsförslag.,project-context,cc8a4a4ed88bd9e81225eba2,reviewed-local,https://github.com/yeager/translations/blob/67e6d27877c9cfd6b6dbc74bd852b10bdbe09c3c/PCSX2/crowdin-current-ui-batch14-20260920.json,9f0ff248176205a3bda2eb3f8c6f8e1ab1d89f1ac984b49ef2d06f0eb6672cce,"{""artifact"":""https://crowdin.com/project/pcsx2"",""sha256"":""bf4f141d66de951e6145101e2528ee4c7888e0859c98ea990d6e1694b8cd03a1""}"
2be28a76a99b0f402b179fde,Increased,Ökad,PCSX2,crowdin-current-ui-batch55-20260920,"Hotkeys_Volume
../../pcsx2/Hotkeys.cpp:66",Publiceringsförsöket nekades enligt det äldre kvittot; texten är ett lokalt granskningsförslag.,project-context,1dab9f1b02bea770c5783e10,reviewed-local,https://github.com/yeager/translations/blob/67e6d27877c9cfd6b6dbc74bd852b10bdbe09c3c/PCSX2/crowdin-current-ui-batch55-20260920.json,eef7fecf9007fb67b7321b88ecfd43d8a1e78e3c19d6b14ffe23010d7cdbe6b1,"{""artifact"":""https://crowdin.com/project/pcsx2"",""sha256"":""c17af27d8aa75300c78a7c29d99c2f5c26fda2f094e355db00aac43018e9160b""}"
2c04bfd559936fa913b24e58,Aggressive (Maintain Upscale),Aggressiv (behåll uppskalning),PCSX2,crowdin-current-ui-batch12-20260920,"GraphicsUpscalingFixesSettingsTab
../Settings/GraphicsUpscalingFixesSettingsTab.ui:146",,project-context,fc47cc858e427742419c5277,reviewed-receipt,https://github.com/yeager/translations/blob/67e6d27877c9cfd6b6dbc74bd852b10bdbe09c3c/PCSX2/crowdin-current-ui-batch12-20260920.json,069c92ed85703bad78e9b4e17bd0d4fccb132ebeed9d3bedd8328dbf6ea26909,"{""artifact"":""https://crowdin.com/project/pcsx2"",""sha256"":""51712f9e0bfc76d85def566aac52ff7d29b16bfdf5aeceeb5f92800d772b84a1""}"
2c11c821097bd17254e3827d,GS Dump Compression:,Komprimering av GS-dump:,PCSX2,crowdin-current-ui-batch22-20260920,"GraphicsAdvancedSettingsTab
../Settings/GraphicsAdvancedSettingsTab.ui:71",Publiceringsförsöket nekades enligt det äldre kvittot; texten är ett lokalt granskningsförslag.,project-context,6039741fd23055b529b19130,reviewed-local,https://github.com/yeager/translations/blob/67e6d27877c9cfd6b6dbc74bd852b10bdbe09c3c/PCSX2/crowdin-current-ui-batch22-20260920.json,4f04c5281fafa51fe7ba74101b3c304645c8874ef28d97c8f99b5d9fe805c47e,"{""artifact"":""https://crowdin.com/project/pcsx2"",""sha256"":""8dc8a6b28caf2404c8f1cd1ebdeb6c0c31eca069fcb2aba9672d7a5d52f2f7f1""}"
2c124c3733f56ebcd0c99551,Fullscreen mode:,Helskärmsläge:,PCSX2,crowdin-current-ui-batch37-20260920,"ShortcutCreationDialog
../ShortcutCreationDialog.ui:66",Publiceringsförsöket nekades enligt det äldre kvittot; texten är ett lokalt granskningsförslag.,project-context,4edd0a0cd4edc97c8740bb90,reviewed-local,https://github.com/yeager/translations/blob/67e6d27877c9cfd6b6dbc74bd852b10bdbe09c3c/PCSX2/crowdin-current-ui-batch37-20260920.json,3d30ac42902a2603744414716b97c7784c4b7f2491b297a70bd0590534da88f4,"{""artifact"":""https://crowdin.com/project/pcsx2"",""sha256"":""0dceae3971c777b4f278b93a12fcdbde3fa49625df30a4e83fb23e6fad9f18cd""}"
2c20a8a670764c5379a90e0c,Notification Position:,Aviseringsposition:,PCSX2,crowdin-current-ui-batch17-20260920,"AchievementSettingsWidget
../Settings/AchievementSettingsWidget.ui:260",,project-context,b5e2dc77bddf52c1bf93f5f1,reviewed-receipt,https://github.com/yeager/translations/blob/67e6d27877c9cfd6b6dbc74bd852b10bdbe09c3c/PCSX2/crowdin-current-ui-batch17-20260920.json,c3e8ec58262cb9ca378f79dea9c4f1baee0c939d134bdeccfba91a46dd70eaae,"{""artifact"":""https://crowdin.com/project/pcsx2"",""sha256"":""cb6ad5dcf43d7de13ef6651c89105b6af31be1cd2a987196e2da8e733d5b25b0""}"
2c2f1b9daea317235bc81daf,Notifications,Notiser,PCSX2,crowdin-current-ui-batch58-20260920,"FullscreenUI
../../pcsx2/ImGui/FullscreenUI_Settings.cpp:6374",,project-context,c83713df12a6a9a0ba89db14,reviewed-receipt,https://github.com/yeager/translations/blob/67e6d27877c9cfd6b6dbc74bd852b10bdbe09c3c/PCSX2/crowdin-current-ui-batch58-20260920.json,63dc6922c386d319276df2094a26afd341a8755f207ce8908444de581c157b66,"{""artifact"":""https://crowdin.com/project/pcsx2"",""sha256"":""fba4150261abae9642ecb8679b065cb36ea24455436ae99b662463e6287f5120""}"
2c458d89d2cf8310664b160a,Screenshot Capture Setup,Inställningar för skärmbildsfångst,PCSX2,crowdin-current-ui-batch26-20260920,"GraphicsMediaCaptureSettingsTab
../Settings/GraphicsMediaCaptureSettingsTab.ui:20",,project-context,e34fa1f624fdac9b80a3d6df,reviewed-receipt,https://github.com/yeager/translations/blob/67e6d27877c9cfd6b6dbc74bd852b10bdbe09c3c/PCSX2/crowdin-current-ui-batch26-20260920.json,49be151dc9918b0d30da49c790d627c159af0560d66be018b2a4920b716f4063,"{""artifact"":""https://crowdin.com/project/pcsx2"",""sha256"":""04cd536f9a405b26752077ae336a06ae514216a72f91a644ac167f6f773ebede""}"
2c538354e6000708f8cfbcf6,PINE Slot,PINE-plats,PCSX2,crowdin-current-ui-batch57-20260920,"FullscreenUI
../../pcsx2/ImGui/FullscreenUI_Settings.cpp:7073",,project-context,e45fc162133e964896d92fdc,reviewed-receipt,https://github.com/yeager/translations/blob/67e6d27877c9cfd6b6dbc74bd852b10bdbe09c3c/PCSX2/crowdin-current-ui-batch57-20260920.json,5c871fa681fe60ac837787f04a021e0897b135316665fb1695de5041b8a5e637,"{""artifact"":""https://crowdin.com/project/pcsx2"",""sha256"":""93a7f7e7950c56dd3a11bd394e8bddcacb6c75783347cb8340de2c6de60bba4e""}"
2c7bfd4339a4976279c08ae3,Controller Glyph Style,Stil för handkontrollsymboler,PCSX2,Crowdin UI,,"Granskad filleverans. Endast färdiga, aktiva översättningar tas med; detta är inte ett påstående om separat registrerat radbeslut för varje oförändrad post.",project-context,0af1c4bf426fa09cfd225b79,reviewed-file-delivery,https://crowdin.com/project/pcsx2,c5f591f1edc9553e40265bc0be0fe67c8e4252c052a1cf8ecfb524489a5aff60,{}
2c97cd03727f9e45e75c1abb,Disable Readbacks (Synchronize GS Thread),Inaktivera återläsningar (synkronisera GS-tråden),PCSX2,crowdin-current-ui-batch22-20260920,"GraphicsAdvancedSettingsTab
../Settings/GraphicsAdvancedSettingsTab.ui:53",,project-context,6d8344b38174744e214495ba,reviewed-receipt,https://github.com/yeager/translations/blob/67e6d27877c9cfd6b6dbc74bd852b10bdbe09c3c/PCSX2/crowdin-current-ui-batch22-20260920.json,4f04c5281fafa51fe7ba74101b3c304645c8874ef28d97c8f99b5d9fe805c47e,"{""artifact"":""https://crowdin.com/project/pcsx2"",""sha256"":""8f86f4ceb93f3b89dc60bf6ac1b9574a9c0ae08c97f42a6968a962be2bd7eaa6""}"
2ca8948c852d20bb00a223d2,Use Frame Range,Använd bildruteintervall,PCSX2,crowdin-current-ui-batch8-20260920,"DebugGSSettingsTab
../Settings/DebugGSSettingsTab.ui:254",,project-context,06a84ff3d6f5c0c7156b0894,reviewed-receipt,https://github.com/yeager/translations/blob/67e6d27877c9cfd6b6dbc74bd852b10bdbe09c3c/PCSX2/crowdin-current-ui-batch8-20260920.json,6d671a2f5891b45d5687714706665353e2ac62d51b8d507209b9c6fd5769ca1f,"{""artifact"":""https://crowdin.com/project/pcsx2"",""sha256"":""52c64c870588bb94f260a6296f0bf16ee63f9410a230ed1bbcaea5e29ad7e011""}"
2cab82d82e80734aaaff4142,Media Capture,Medieinspelning,PCSX2,crowdin-current-ui-batch63-20260920,"FullscreenUI
../../pcsx2/ImGui/FullscreenUI_Settings.cpp:6256",Publiceringsförsöket nekades enligt det äldre kvittot; texten är ett lokalt granskningsförslag.,project-context,5de01bc72675434ea63852e6,reviewed-local,https://github.com/yeager/translations/blob/67e6d27877c9cfd6b6dbc74bd852b10bdbe09c3c/PCSX2/crowdin-current-ui-batch63-20260920.json,08ff78cfcd818cefe89524c4604550c53e468e64909a3ca76a582c3f0c9c5540,"{""artifact"":""https://crowdin.com/project/pcsx2"",""sha256"":""5d00874f4be88a1fb9c39daa75e4d78404ee14e516f0224a8b39a4805889aa93""}"
2cb0ab1d2cc81cd1e68f139c,Force Nearest,Tvinga närmaste,PCSX2,crowdin-current-ui-batch28-20260920,"GraphicsUpscalingFixesSettingsTab
../Settings/GraphicsUpscalingFixesSettingsTab.ui:117",Publiceringsförsöket nekades enligt det äldre kvittot; texten är ett lokalt granskningsförslag.,project-context,3e73467380a33b97a3d269a4,reviewed-local,https://github.com/yeager/translations/blob/67e6d27877c9cfd6b6dbc74bd852b10bdbe09c3c/PCSX2/crowdin-current-ui-batch28-20260920.json,6edf9357e080f44b992185b2f688a80546a47f78b1e6dc7048d1fa1c764180b5,"{""artifact"":""https://crowdin.com/project/pcsx2"",""sha256"":""6b08701580976b4c4f4e464dafcac617cc365fab73cc6eea00922d4fa2722df1""}"
2d0df5085d5d74fad2efd6df,Disable Partial Source Invalidation,Inaktivera partiell ogiltigförklaring av källan,PCSX2,crowdin-current-ui-batch25-20260920,"GraphicsHardwareFixesSettingsTab
../Settings/GraphicsHardwareFixesSettingsTab.ui:319",,project-context,85ec1c7bca38a2eedeca04c3,reviewed-receipt,https://github.com/yeager/translations/blob/67e6d27877c9cfd6b6dbc74bd852b10bdbe09c3c/PCSX2/crowdin-current-ui-batch25-20260920.json,c686e808bea1ecea795d6bd0a3871f9ea94959e30276601f8efafda34c283479,"{""artifact"":""https://crowdin.com/project/pcsx2"",""sha256"":""689e772205fc8c887967ebbaabbeb8fae1cbca7a910858b91573e1c2bd81af80""}"
2d1957513b4dd2a82f5ed9c7,Video Format,Videoformat,PCSX2,crowdin-current-ui-batch63-20260920,"FullscreenUI
../../pcsx2/ImGui/FullscreenUI_Settings.cpp:6886",Publiceringsförsöket nekades enligt det äldre kvittot; texten är ett lokalt granskningsförslag.,project-context,96407a11e05d875d019846a6,reviewed-local,https://github.com/yeager/translations/blob/67e6d27877c9cfd6b6dbc74bd852b10bdbe09c3c/PCSX2/crowdin-current-ui-batch63-20260920.json,08ff78cfcd818cefe89524c4604550c53e468e64909a3ca76a582c3f0c9c5540,"{""artifact"":""https://crowdin.com/project/pcsx2"",""sha256"":""0c158c13396dce0984424ecc469bce6331c043274270602e2e4c64a8df946d1b""}"
2d3ce7f24982aef01c746d08,OSD Font File,OSD-teckensnittsfil,PCSX2,Crowdin UI,,"Granskad filleverans. Endast färdiga, aktiva översättningar tas med; detta är inte ett påstående om separat registrerat radbeslut för varje oförändrad post.",project-context,5fcd53cd98cf79371fa919d6,reviewed-file-delivery,https://crowdin.com/project/pcsx2,c5f591f1edc9553e40265bc0be0fe67c8e4252c052a1cf8ecfb524489a5aff60,{}
2d4251a03879dd603de3a79f,Game List Background:,Bakgrund för spellista:,PCSX2,crowdin-current-ui-batch30-20260920,"InterfaceSettingsWidget
../Settings/InterfaceSettingsWidget.ui:198",Publiceringsförsöket nekades enligt det äldre kvittot; texten är ett lokalt granskningsförslag.,project-context,d8e9eca50484a28ec18ca71d,reviewed-local,https://github.com/yeager/translations/blob/67e6d27877c9cfd6b6dbc74bd852b10bdbe09c3c/PCSX2/crowdin-current-ui-batch30-20260920.json,d4af30d773c2d445fd558ede29e0c75536433129a2aa3de962c902c53c53d27e,"{""artifact"":""https://crowdin.com/project/pcsx2"",""sha256"":""7cd272f7406bf782df3b5f34b57a376ad9199a69c62ebd728ddb9360a0e6c948""}"
2d48dd17eaff0ca92938e13c,Progression,Framsteg,PCSX2,crowdin-current-ui-batch50-20260920,"Achievements
../../pcsx2/Achievements.cpp:2909",Publiceringsförsöket nekades enligt det äldre kvittot; texten är ett lokalt granskningsförslag.,project-context,0adc973b30ab5986ae4646aa,reviewed-local,https://github.com/yeager/translations/blob/67e6d27877c9cfd6b6dbc74bd852b10bdbe09c3c/PCSX2/crowdin-current-ui-batch50-20260920.json,526c37bda266096897ffc29f6d90f1526ccd117934fef6462d4629b30c159187,"{""artifact"":""https://crowdin.com/project/pcsx2"",""sha256"":""88bf492ffa637489e6e5cdb328e7b20218351b0b31488fbd07e777bd8a05dfce""}"
2d5a94cd6d861e3f5783181d,Override Texture Barriers:,Åsidosätt texturbarriärer:,PCSX2,crowdin-current-ui-batch23-20260920,"GraphicsAdvancedSettingsTab
../Settings/GraphicsAdvancedSettingsTab.ui:280",Publiceringsförsöket nekades enligt det äldre kvittot; texten är ett lokalt granskningsförslag.,project-context,cbb1a1dfed834f30d81c8d24,reviewed-local,https://github.com/yeager/translations/blob/67e6d27877c9cfd6b6dbc74bd852b10bdbe09c3c/PCSX2/crowdin-current-ui-batch23-20260920.json,94825b8000dc084475f7ee18208d828359829f994a9e4d0dfc9ec3c3d325f60e,"{""artifact"":""https://crowdin.com/project/pcsx2"",""sha256"":""f2a0aa98318ad70a702918e247046cd29c03aef29929f26f027a704ba0520753""}"
2e4946e560a47b7b2bf6fa5b,Unlock Sound Path,Sökväg till upplåsningsljud,PCSX2,crowdin-current-ui-batch59-20260920,"AchievementSettingsWidget
../Settings/AchievementSettingsWidget.cpp:65",,project-context,5c0b616ad9934c2f8c5dc7e8,reviewed-receipt,https://github.com/yeager/translations/blob/67e6d27877c9cfd6b6dbc74bd852b10bdbe09c3c/PCSX2/crowdin-current-ui-batch59-20260920.json,9f38fdcde8389b4381406c889374f3d78d817dcfb9ea2ab1119de66a68266465,"{""artifact"":""https://crowdin.com/project/pcsx2"",""sha256"":""10d27499780c591aec966287c54cf823e4c3ba84838782c0acf3f3f46b0f21ba""}"
2e57d59ad3d2261f2e069474,Enable Cache (Slow),Aktivera cache (långsamt),PCSX2,crowdin-current-ui-batch57-20260920,"FullscreenUI
../../pcsx2/ImGui/FullscreenUI_Settings.cpp:7052",,project-context,235f9c505bfd878174d37f37,reviewed-receipt,https://github.com/yeager/translations/blob/67e6d27877c9cfd6b6dbc74bd852b10bdbe09c3c/PCSX2/crowdin-current-ui-batch57-20260920.json,5c871fa681fe60ac837787f04a021e0897b135316665fb1695de5041b8a5e637,"{""artifact"":""https://crowdin.com/project/pcsx2"",""sha256"":""00851f1c69f60a93bd93c3e49a2a7ad658889749fcfaf49ac43bf5a47e7f5f00""}"
2e6d124f81ba00b14ec18499,Disabled (Default),Inaktiverad (standard),PCSX2,crowdin-current-ui-batch24-20260920,"GraphicsHardwareFixesSettingsTab
../Settings/GraphicsHardwareFixesSettingsTab.ui:44
../Settings/GraphicsHardwareFixesSettingsTab.ui:183
../Settings/GraphicsHardwareFixesSettingsTab.ui:257
../Settings/GraphicsHardwareFixesSettingsTab.ui:357",,project-context,e6a5b522d2ad8700f59f2174,reviewed-receipt,https://github.com/yeager/translations/blob/67e6d27877c9cfd6b6dbc74bd852b10bdbe09c3c/PCSX2/crowdin-current-ui-batch24-20260920.json,ee2587e30ef9f54541bdbfb4dfcf7512e05bd487cd41e18f4834c7ff3b6d4915,"{""artifact"":""https://crowdin.com/project/pcsx2"",""sha256"":""0eab36e17e66f0ab78d0582398902aa57e99ae269bfc99e9a8a835ae3def0ded""}"
2e7424a90fdbbe459ae92e2b,DNS2 Mode,DNS2-läge,PCSX2,crowdin-current-ui-batch60-20260920,"DEV9SettingsWidget
../Settings/DEV9SettingsWidget.cpp:216",Publiceringsförsöket nekades enligt det äldre kvittot; texten är ett lokalt granskningsförslag.,project-context,c3ae915e491fba09b08e6a9a,reviewed-local,https://github.com/yeager/translations/blob/67e6d27877c9cfd6b6dbc74bd852b10bdbe09c3c/PCSX2/crowdin-current-ui-batch60-20260920.json,8c6cbd32b1310e0a049b06bc12d78c06699e0e814d471dcdf308e46e1f1388d6,"{""artifact"":""https://crowdin.com/project/pcsx2"",""sha256"":""837fe08494ab43f6e6ffeeea014c225e57ccbe0da73a458b9aa7b9d48a30d596""}"
2e7f53802f86e24674d57031,23x Native (~8280px),23× inbyggd (~8280 px),PCSX2,Crowdin UI,,"Granskad filleverans. Endast färdiga, aktiva översättningar tas med; detta är inte ett påstående om separat registrerat radbeslut för varje oförändrad post.",project-context,a6930d9229e4afaca8c0c8f9,reviewed-file-delivery,https://crowdin.com/project/pcsx2,c5f591f1edc9553e40265bc0be0fe67c8e4252c052a1cf8ecfb524489a5aff60,{}
2ecd4f6e126eaa371cde7aa0,Display Resolution (Aspect Corrected),Bildskärmsupplösning (korrigerat bildförhållande),PCSX2,crowdin-current-ui-batch45-20260920,"FullscreenUI
../../pcsx2/ImGui/FullscreenUI_Settings.cpp:6659",,project-context,ee8bcf22c9bf1ef0895031f4,reviewed-receipt,https://github.com/yeager/translations/blob/67e6d27877c9cfd6b6dbc74bd852b10bdbe09c3c/PCSX2/crowdin-current-ui-batch45-20260920.json,4c2583095ac82af7cbd5d2e9b388582811e469f82c52448518b800a7bc23bdc8,"{""artifact"":""https://crowdin.com/project/pcsx2"",""sha256"":""25dc0b405fa0cab096145dc76f44a24635e8ac4147d6d3b880f2cacfd3e26567""}"
2ece2e8acda203d3b89361ce,Scan Range Start Address,Startadress för sökintervall,PCSX2,Crowdin UI,,"Granskad filleverans. Endast färdiga, aktiva översättningar tas med; detta är inte ett påstående om separat registrerat radbeslut för varje oförändrad post.",project-context,93cb2c2c27254e590291454b,reviewed-file-delivery,https://crowdin.com/project/pcsx2,c5f591f1edc9553e40265bc0be0fe67c8e4252c052a1cf8ecfb524489a5aff60,{}
2ee10a34ec40cbd5e8bd814e,Center Right,I mitten till höger,PCSX2,crowdin-current-ui-batch18-20260920,"FullscreenUI
../../pcsx2/ImGui/FullscreenUI_Settings.cpp:5036
../../pcsx2/ImGui/FullscreenUI_Settings.cpp:6719",,project-context,a0fed75dab37a687d7876b45,reviewed-receipt,https://github.com/yeager/translations/blob/67e6d27877c9cfd6b6dbc74bd852b10bdbe09c3c/PCSX2/crowdin-current-ui-batch18-20260920.json,d0045488eb1eee4246057f420111c6313a5a756b798114b9e4b249ca38af16a7,"{""artifact"":""https://crowdin.com/project/pcsx2"",""sha256"":""a7a5ee56e05f3693a3e42c1253af24d8e46f14020e86a48cddb54d89c7048194""}"
2f06051d7b125c44665ca634,Maximum,Största,PCSX2,crowdin-current-ui-batch55-20260920,"Hotkeys_Volume
../../pcsx2/Hotkeys.cpp:71",,project-context,b4eb897f5647db013255f73f,reviewed-receipt,https://github.com/yeager/translations/blob/67e6d27877c9cfd6b6dbc74bd852b10bdbe09c3c/PCSX2/crowdin-current-ui-batch55-20260920.json,eef7fecf9007fb67b7321b88ecfd43d8a1e78e3c19d6b14ffe23010d7cdbe6b1,"{""artifact"":""https://crowdin.com/project/pcsx2"",""sha256"":""b52146677d5f018ba36ef7db5861b139b3ce7a6d9bfe30c5542580b6fa44464a""}"
2f2c6a2dd67a457c1c9230b6,Shows debug information about the renderer.,Visar felsökningsinformation om renderaren.,PCSX2,crowdin-current-ui-batch51-20260920,"FullscreenUI
../../pcsx2/ImGui/FullscreenUI_Settings.cpp:6308",Publiceringsförsöket nekades enligt det äldre kvittot; texten är ett lokalt granskningsförslag.,project-context,ef9785ad99d1de5fed30a86e,reviewed-local,https://github.com/yeager/translations/blob/67e6d27877c9cfd6b6dbc74bd852b10bdbe09c3c/PCSX2/crowdin-current-ui-batch51-20260920.json,a8b5191343bdd297b5d152a224021320a839b19ec9afc66e6fdf7d9067e58697,"{""artifact"":""https://crowdin.com/project/pcsx2"",""sha256"":""581b9f11a2c395b6c15fdf330fcdb855021aba570c40c84b816227a0332eec41""}"
2f4079f7a92e24dcf9b265c3,Use default bundled font,Använd medföljande standardteckensnitt,PCSX2,Crowdin UI,,"Granskad filleverans. Endast färdiga, aktiva översättningar tas med; detta är inte ett påstående om separat registrerat radbeslut för varje oförändrad post.",project-context,05aa5812be3f5df10cd5ebae,reviewed-file-delivery,https://crowdin.com/project/pcsx2,c5f591f1edc9553e40265bc0be0fe67c8e4252c052a1cf8ecfb524489a5aff60,{}
2f6abe07996fd6eaca120cea,Start Saving Performance Metrics (Capture Timer),Börja spara prestandamått (inspelningstimer),PCSX2,crowdin-current-ui-batch63-20260920,"Hotkeys
../../pcsx2/GS/GS.cpp:1268",Publiceringsförsöket nekades enligt det äldre kvittot; texten är ett lokalt granskningsförslag.,project-context,fd69a516242ea1bdbca9895c,reviewed-local,https://github.com/yeager/translations/blob/67e6d27877c9cfd6b6dbc74bd852b10bdbe09c3c/PCSX2/crowdin-current-ui-batch63-20260920.json,08ff78cfcd818cefe89524c4604550c53e468e64909a3ca76a582c3f0c9c5540,"{""artifact"":""https://crowdin.com/project/pcsx2"",""sha256"":""17de71103a8bb2246845d9e62b87059cfa22b9add036ba884db692aba4533f74""}"
2f996da1eabd2df3c6451808,Max Hits,Maximalt antal träffar,PCSX2,crowdin-current-ui-batch9-20260920,"BreakpointDialog
../Debugger/Breakpoints/BreakpointDialog.ui:381",,project-context,12c4f1a6ca34d228e9cd958e,reviewed-receipt,https://github.com/yeager/translations/blob/67e6d27877c9cfd6b6dbc74bd852b10bdbe09c3c/PCSX2/crowdin-current-ui-batch9-20260920.json,134204bdde884be3c2722090609773e05cd73b495e902e6f39659aa156be0139,"{""artifact"":""https://crowdin.com/project/pcsx2"",""sha256"":""bc73f60c2557d92ef622c2a13458c00f51e32345b77263167dca463e04bb5167""}"
2fadf1cbc98f8761a3e838c4,DNS1 Address,DNS1-adress,PCSX2,crowdin-current-ui-batch60-20260920,"DEV9SettingsWidget
../Settings/DEV9SettingsWidget.cpp:214",Publiceringsförsöket nekades enligt det äldre kvittot; texten är ett lokalt granskningsförslag.,project-context,803f808a821d49f683d0b092,reviewed-local,https://github.com/yeager/translations/blob/67e6d27877c9cfd6b6dbc74bd852b10bdbe09c3c/PCSX2/crowdin-current-ui-batch60-20260920.json,8c6cbd32b1310e0a049b06bc12d78c06699e0e814d471dcdf308e46e1f1388d6,"{""artifact"":""https://crowdin.com/project/pcsx2"",""sha256"":""ea2cfbfdd4cca24e3f5fab5ea1658ebbd7c6b3df1a15a0366ab784a571f2ec0b""}"
2fe415bf5def972e725dbd8f,Use Debug Blend,Använd felsökningsblandning,PCSX2,crowdin-current-ui-batch51-20260920,"GraphicsAdvancedSettingsTab
../Settings/GraphicsAdvancedSettingsTab.ui:339",,project-context,c5899a34bd30594b4d47939b,reviewed-receipt,https://github.com/yeager/translations/blob/67e6d27877c9cfd6b6dbc74bd852b10bdbe09c3c/PCSX2/crowdin-current-ui-batch51-20260920.json,a8b5191343bdd297b5d152a224021320a839b19ec9afc66e6fdf7d9067e58697,"{""artifact"":""https://crowdin.com/project/pcsx2"",""sha256"":""f93ccdea740328e7848edc33601de41dbaae6c0ab0254635172183f7b955046f""}"
3045b410497e4520ea622a8e,Advanced Options,Avancerade alternativ,PCSX2,crowdin-current-ui-batch14-20260920,"GraphicsAdvancedSettingsTab
../Settings/GraphicsAdvancedSettingsTab.ui:26",Publiceringsförsöket nekades enligt det äldre kvittot; texten är ett lokalt granskningsförslag.,project-context,4ae4f0e55f7b810ab37a94b1,reviewed-local,https://github.com/yeager/translations/blob/67e6d27877c9cfd6b6dbc74bd852b10bdbe09c3c/PCSX2/crowdin-current-ui-batch14-20260920.json,9f0ff248176205a3bda2eb3f8c6f8e1ab1d89f1ac984b49ef2d06f0eb6672cce,"{""artifact"":""https://crowdin.com/project/pcsx2"",""sha256"":""1a22eaa6cb6ceac7b6f3533986c501f714cadd69575db65010326dfa79197e7f""}"
304f3701cec4294364a9c427,If Debugger Is Open,Om felsökaren är öppen,PCSX2,crowdin-current-ui-batch20-20260920,"DebugAnalysisSettingsTab
../Settings/DebugAnalysisSettingsTab.ui:69",Publiceringsförsöket nekades enligt det äldre kvittot; texten är ett lokalt granskningsförslag.,project-context,61081ee6557b653356f53116,reviewed-local,https://github.com/yeager/translations/blob/67e6d27877c9cfd6b6dbc74bd852b10bdbe09c3c/PCSX2/crowdin-current-ui-batch20-20260920.json,b9f3010178fb1ba2ee5cb59570e69caac32abf9f9b7229bf26b14b3a321dc236,"{""artifact"":""https://crowdin.com/project/pcsx2"",""sha256"":""792ee4c3e58ded168aa565c4a185d247dd05771d4acb82d5fc5cc34ebf4a522a""}"
30c10ebe9ba4ae5c73e41610,Integer Scaling,Heltalsskalning,PCSX2,crowdin-current-ui-batch56-20260920,"FullscreenUI
../../pcsx2/ImGui/FullscreenUI_Settings.cpp:6819",,project-context,6e0bd586b8191a0397c68963,reviewed-receipt,https://github.com/yeager/translations/blob/67e6d27877c9cfd6b6dbc74bd852b10bdbe09c3c/PCSX2/crowdin-current-ui-batch56-20260920.json,e544f4e37b292a5a59167a947672fb099eeaff33c9d732c3cd8e9184cd9a4307,"{""artifact"":""https://crowdin.com/project/pcsx2"",""sha256"":""095320d544a22bef44bafbfa861bc31023ef8bd82c56189881f084dfda461edc""}"
30c63c98b2f3ecbfd3597b93,Failed to read state data.,Det gick inte att läsa tillståndsdata.,PCSX2,crowdin-current-ui-batch43-20260920,"GSDumpFile
../../pcsx2/GS/GSLzma.cpp:85",,project-context,36747cb29ed027aeaf011c07,reviewed-receipt,https://github.com/yeager/translations/blob/67e6d27877c9cfd6b6dbc74bd852b10bdbe09c3c/PCSX2/crowdin-current-ui-batch43-20260920.json,f579d21901c076c71bfe3d8f99475909dc2a77edf2cbda40a55f781cfb57432e,"{""artifact"":""https://crowdin.com/project/pcsx2"",""sha256"":""d61af73bc13b8b73852899f5c9f1b3aaadff323aefa78855691011cf0d953f40""}"
30e57b67ae552637902613d1,Screenshot Resolution,Upplösning för skärmbild,PCSX2,Crowdin UI,,"Granskad filleverans. Endast färdiga, aktiva översättningar tas med; detta är inte ett påstående om separat registrerat radbeslut för varje oförändrad post.",project-context,c75efbae16394bbf9285287e,reviewed-file-delivery,https://crowdin.com/project/pcsx2,c5f591f1edc9553e40265bc0be0fe67c8e4252c052a1cf8ecfb524489a5aff60,{}
31260f02402a2d710eb89582,Every Frame,Varje bildruta,PCSX2,crowdin-current-ui-batch11-20260920,"Time when a patch is applied.
Patch
../../pcsx2/Patch.cpp:1841",Publiceringsförsöket nekades enligt det äldre kvittot; texten är ett lokalt granskningsförslag.,project-context,4c91a6c29fa825371a9181e8,reviewed-local,https://github.com/yeager/translations/blob/67e6d27877c9cfd6b6dbc74bd852b10bdbe09c3c/PCSX2/crowdin-current-ui-batch11-20260920.json,ca34a36082ac7bb7c72d20bd72c4f2da2c969dae95acc424871cf924ec9d06b4,"{""artifact"":""https://crowdin.com/project/pcsx2"",""sha256"":""a296d4945f1bc46d863ab2007394c273524218605a347d515fe47b77c4e2339d""}"
314acebb4ce8f9ebef9e93fe,Show GPU Pipeline Statistics,Visa GPU-pipelinestatistik,PCSX2,Crowdin UI,,"Granskad filleverans. Endast färdiga, aktiva översättningar tas med; detta är inte ett påstående om separat registrerat radbeslut för varje oförändrad post.",project-context,b2eb8edd81eaafb22d1aeb32,reviewed-file-delivery,https://crowdin.com/project/pcsx2,c5f591f1edc9553e40265bc0be0fe67c8e4252c052a1cf8ecfb524489a5aff60,{}
31643b980f5d8d6572391c8a,Skip Draw Range Start,Start för intervall med hoppade ritytor,PCSX2,crowdin-current-ui-batch46-20260920,"GraphicsSettingsWidget
../Settings/GraphicsSettingsWidget.cpp:591",,project-context,2d0bf734f8093bf7af16f423,reviewed-receipt,https://github.com/yeager/translations/blob/67e6d27877c9cfd6b6dbc74bd852b10bdbe09c3c/PCSX2/crowdin-current-ui-batch46-20260920.json,5fd49be2672b59f0daff08c9e08a881d25eb868891d139d395ea94a1aba23434,"{""artifact"":""https://crowdin.com/project/pcsx2"",""sha256"":""0c85d2a3264c47487bbfac9caaf42e6420a0b80c8208c9efdac6a2693260ac7b""}"
31725aea0bbdc4c350c36af8,Manually Set Real-Time Clock,Ange realtidsklocka manuellt,PCSX2,crowdin-current-ui-batch56-20260920,"FullscreenUI
../../pcsx2/ImGui/FullscreenUI_Settings.cpp:6797",,project-context,0ecdc374a6e0444e14886ca7,reviewed-receipt,https://github.com/yeager/translations/blob/67e6d27877c9cfd6b6dbc74bd852b10bdbe09c3c/PCSX2/crowdin-current-ui-batch56-20260920.json,e544f4e37b292a5a59167a947672fb099eeaff33c9d732c3cd8e9184cd9a4307,"{""artifact"":""https://crowdin.com/project/pcsx2"",""sha256"":""90c688e42875eba2bc7af4dfeaaaf755945be61530eb3bf32c7cdc7d53935f31""}"
3178fe0ca43acfc53a9e911a,Toggle Mouse Lock,Växla muslås,PCSX2,crowdin-current-ui-batch51-20260920,"Hotkeys
../../pcsx2/Hotkeys.cpp:353",,project-context,3ba033bccfc226d39e0bb74f,reviewed-receipt,https://github.com/yeager/translations/blob/67e6d27877c9cfd6b6dbc74bd852b10bdbe09c3c/PCSX2/crowdin-current-ui-batch51-20260920.json,a8b5191343bdd297b5d152a224021320a839b19ec9afc66e6fdf7d9067e58697,"{""artifact"":""https://crowdin.com/project/pcsx2"",""sha256"":""0cfc5875b2af112f556f7309d2563e779b8500dbcab172098ee3d34f7679658d""}"
317e5137cb48d16c7e09efc2,Downloading Font,Hämtar teckensnitt,PCSX2,Crowdin UI,,"Granskad filleverans. Endast färdiga, aktiva översättningar tas med; detta är inte ett påstående om separat registrerat radbeslut för varje oförändrad post.",project-context,6b8857c3fd9b9d83bcfa4239,reviewed-file-delivery,https://crowdin.com/project/pcsx2,c5f591f1edc9553e40265bc0be0fe67c8e4252c052a1cf8ecfb524489a5aff60,{}
3195dbabc1bdf2014452cdb0,Skip Draw Range Start,Start för intervall med hoppade ritytor,PCSX2,Crowdin UI,,"Granskad filleverans. Endast färdiga, aktiva översättningar tas med; detta är inte ett påstående om separat registrerat radbeslut för varje oförändrad post.",project-context,9fcf9141448fafe666cabd4b,reviewed-file-delivery,https://crowdin.com/project/pcsx2,c5f591f1edc9553e40265bc0be0fe67c8e4252c052a1cf8ecfb524489a5aff60,{}
31ab21c2bf594df350a7c87e,Enable DualSense Player LED,Aktivera spelar-LED för DualSense,PCSX2,Crowdin UI,,"Granskad filleverans. Endast färdiga, aktiva översättningar tas med; detta är inte ett påstående om separat registrerat radbeslut för varje oförändrad post.",project-context,7e5c05d5b79c326072b015a2,reviewed-file-delivery,https://crowdin.com/project/pcsx2,c5f591f1edc9553e40265bc0be0fe67c8e4252c052a1cf8ecfb524489a5aff60,{}
31d86e8401019f46daa28fda,Crop:,Beskärning:,PCSX2,crowdin-current-ui-batch24-20260920,"GraphicsDisplaySettingsTab
../Settings/GraphicsDisplaySettingsTab.ui:212",,project-context,3b3c123b14bf0f4f516bb746,reviewed-receipt,https://github.com/yeager/translations/blob/67e6d27877c9cfd6b6dbc74bd852b10bdbe09c3c/PCSX2/crowdin-current-ui-batch24-20260920.json,ee2587e30ef9f54541bdbfb4dfcf7512e05bd487cd41e18f4834c7ff3b6d4915,"{""artifact"":""https://crowdin.com/project/pcsx2"",""sha256"":""dec971d7f9cfb3c98ff2678fd5c971e2d7cb1518a543af5d043351f2b7511635""}"
31e399c93725a5a4e2e9d5b2,Fast-Forward Speed,Snabbspolningshastighet,PCSX2,Crowdin UI,,"Granskad filleverans. Endast färdiga, aktiva översättningar tas med; detta är inte ett påstående om separat registrerat radbeslut för varje oförändrad post.",project-context,35dae848b2f88d39407777af,reviewed-file-delivery,https://crowdin.com/project/pcsx2,c5f591f1edc9553e40265bc0be0fe67c8e4252c052a1cf8ecfb524489a5aff60,{}
3250faa0036d694277fa4b81,Input Profile,Inmatningsprofil,PCSX2,crowdin-current-ui-batch62-20260920,"GameSummaryWidget
../Settings/GameSummaryWidget.cpp:57",Publiceringsförsöket nekades enligt det äldre kvittot; texten är ett lokalt granskningsförslag.,project-context,8498397bef331183049708cc,reviewed-local,https://github.com/yeager/translations/blob/67e6d27877c9cfd6b6dbc74bd852b10bdbe09c3c/PCSX2/crowdin-current-ui-batch62-20260920.json,6f455bab497aab5f47fecf4d901525cee3a927cec35cd4f2f0dc82942d40dace,"{""artifact"":""https://crowdin.com/project/pcsx2"",""sha256"":""d5271bf934bf4b9509533c676f8d52283d39449dc61f6433215c586e82369d07""}"
3277cebb026076c66478948d,Failed to Load State,Det gick inte att läsa in tillståndet,PCSX2,crowdin-current-ui-batch47-20260920,"MainWindow
../MainWindow.cpp:1591",Publiceringsförsöket nekades enligt det äldre kvittot; texten är ett lokalt granskningsförslag.,project-context,f2aae8a2ec3d1a43e48de34a,reviewed-local,https://github.com/yeager/translations/blob/67e6d27877c9cfd6b6dbc74bd852b10bdbe09c3c/PCSX2/crowdin-current-ui-batch47-20260920.json,5525653b661a6bb7979e7fadd45e8dab82bba08c0b0dea48a9923c4a98e6b913,"{""artifact"":""https://crowdin.com/project/pcsx2"",""sha256"":""63c63c0de9d5ef0f962da7e1ff6b8fc8943fbdfe8d7008472ed828bd66342b40""}"
3311b483f8b208aba94423c0,Full Boot,Fullständig start,PCSX2,crowdin-current-ui-batch37-20260920,"ShortcutCreationDialog
../ShortcutCreationDialog.ui:279",,project-context,d16d8b3d2ef06eb8cc74658f,reviewed-receipt,https://github.com/yeager/translations/blob/67e6d27877c9cfd6b6dbc74bd852b10bdbe09c3c/PCSX2/crowdin-current-ui-batch37-20260920.json,3d30ac42902a2603744414716b97c7784c4b7f2491b297a70bd0590534da88f4,"{""artifact"":""https://crowdin.com/project/pcsx2"",""sha256"":""24df3b71b70f0a51da20d478d696bda8c4e1476ee8a439ac3a5bc0ad7711073b""}"
336f16017555a9515d7dc361,Do not load save state,Läs inte in sparläge,PCSX2,crowdin-current-ui-batch37-20260920,"ShortcutCreationDialog
../ShortcutCreationDialog.ui:188",,project-context,f73ea91f6638cce597042d89,reviewed-receipt,https://github.com/yeager/translations/blob/67e6d27877c9cfd6b6dbc74bd852b10bdbe09c3c/PCSX2/crowdin-current-ui-batch37-20260920.json,3d30ac42902a2603744414716b97c7784c4b7f2491b297a70bd0590534da88f4,"{""artifact"":""https://crowdin.com/project/pcsx2"",""sha256"":""b17d6308b2685f9496ac3a92148de74468df465f0cf61705fc4de04dc8034421""}"
338d402a306623141242f89b,Folder,Mapp,PCSX2,crowdin-current-ui-batch18-20260920,"FullscreenUI
../../pcsx2/ImGui/FullscreenUI_Settings.cpp:6070",Publiceringsförsöket nekades enligt det äldre kvittot; texten är ett lokalt granskningsförslag.,project-context,0349625fdfc9d881f372147e,reviewed-local,https://github.com/yeager/translations/blob/67e6d27877c9cfd6b6dbc74bd852b10bdbe09c3c/PCSX2/crowdin-current-ui-batch18-20260920.json,d0045488eb1eee4246057f420111c6313a5a756b798114b9e4b249ca38af16a7,"{""artifact"":""https://crowdin.com/project/pcsx2"",""sha256"":""2184d998919b0445737cf1c1b0cacb99cb2ca64033958484e74cf3563f24c87f""}"
33a5e1576de3a42fd154e346,Skip Draw Range End,Slut för intervall med hoppade ritytor,PCSX2,crowdin-current-ui-batch57-20260920,"FullscreenUI
../../pcsx2/ImGui/FullscreenUI_Settings.cpp:6841",,project-context,b8cc3906b2fcfab1efe92728,reviewed-receipt,https://github.com/yeager/translations/blob/67e6d27877c9cfd6b6dbc74bd852b10bdbe09c3c/PCSX2/crowdin-current-ui-batch57-20260920.json,5c871fa681fe60ac837787f04a021e0897b135316665fb1695de5041b8a5e637,"{""artifact"":""https://crowdin.com/project/pcsx2"",""sha256"":""ab150fa96e01520ed7197308a7708fc69916574513c7031b8f900f95db52ca2e""}"
33a64a2b2d710b3409d6de79,Prefer English Game Titles,Föredra engelska speltitlar,PCSX2,Crowdin UI,,"Granskad filleverans. Endast färdiga, aktiva översättningar tas med; detta är inte ett påstående om separat registrerat radbeslut för varje oförändrad post.",project-context,46b1d3d1187a8d46e2250b04,reviewed-file-delivery,https://crowdin.com/project/pcsx2,c5f591f1edc9553e40265bc0be0fe67c8e4252c052a1cf8ecfb524489a5aff60,{}
33ac23f6da75c8ffb6001b1a,No disc to remove.,Ingen skiva att mata ut.,PCSX2,crowdin-current-ui-batch30-20260920,"VMManager
../../pcsx2/VMManager.cpp:2363",,project-context,454d08fdf6ebb1549f0bcaa6,reviewed-receipt,https://github.com/yeager/translations/blob/67e6d27877c9cfd6b6dbc74bd852b10bdbe09c3c/PCSX2/crowdin-current-ui-batch30-20260920.json,d4af30d773c2d445fd558ede29e0c75536433129a2aa3de962c902c53c53d27e,"{""artifact"":""https://crowdin.com/project/pcsx2"",""sha256"":""7a2fc2b9beb94118b1655b477da664d3f4d60aaf421df895f748a29eab7f7e2d""}"
33d1fa06ca135d796bcd911a,Renderer,Renderare,PCSX2,crowdin-current-ui-batch62-20260920,"GraphicsSettingsWidget
../Settings/GraphicsSettingsWidget.cpp:416",Publiceringsförsöket nekades enligt det äldre kvittot; texten är ett lokalt granskningsförslag.,project-context,3f477eac343f16932668e21d,reviewed-local,https://github.com/yeager/translations/blob/67e6d27877c9cfd6b6dbc74bd852b10bdbe09c3c/PCSX2/crowdin-current-ui-batch62-20260920.json,6f455bab497aab5f47fecf4d901525cee3a927cec35cd4f2f0dc82942d40dace,"{""artifact"":""https://crowdin.com/project/pcsx2"",""sha256"":""46b07ed3fd8a0543292dd69c646e490e676872594034aac1548e900c9150f6ae""}"
33d6eda424dc1eeb840f3f86,Fill,Fyll,PCSX2,crowdin-current-ui-batch12-20260920,"FullscreenUI
../../pcsx2/ImGui/FullscreenUI_Settings.cpp:6540",Publiceringsförsöket nekades enligt det äldre kvittot; texten är ett lokalt granskningsförslag.,project-context,55569e5b0b99ae3b5e47acce,reviewed-local,https://github.com/yeager/translations/blob/67e6d27877c9cfd6b6dbc74bd852b10bdbe09c3c/PCSX2/crowdin-current-ui-batch12-20260920.json,069c92ed85703bad78e9b4e17bd0d4fccb132ebeed9d3bedd8328dbf6ea26909,"{""artifact"":""https://crowdin.com/project/pcsx2"",""sha256"":""fc03ea1ca70ac3e82c1bc89ff59c97d817e03afcbcd6df088d3db71a77d58f11""}"
342dee7883366b656a09e229,Show in Explorer,Visa i Utforskaren,PCSX2,crowdin-current-ui-batch10-20260920,"Windows action to show a file in Windows Explorer
FileOperations
../QtUtils.cpp:306",Publiceringsförsöket nekades enligt det äldre kvittot; texten är ett lokalt granskningsförslag.,project-context,19f9b22667fb6d464aef1241,reviewed-local,https://github.com/yeager/translations/blob/67e6d27877c9cfd6b6dbc74bd852b10bdbe09c3c/PCSX2/crowdin-current-ui-batch10-20260920.json,3c14ee97d43ded3046a999eef4784f22e73a1576e3b07915345f50e5fc2d9296,"{""artifact"":""https://crowdin.com/project/pcsx2"",""sha256"":""ba7c156dff42d7630f4cd1c22b60322133c767b87445b36459038124def0bc0c""}"
3462150fc4a3772cc068cef4,Off (Default),Av (standard),PCSX2,crowdin-current-ui-batch24-20260920,"GraphicsDisplaySettingsTab
../Settings/GraphicsDisplaySettingsTab.ui:184",,project-context,cb055b9bba8b473d8ac3f640,reviewed-receipt,https://github.com/yeager/translations/blob/67e6d27877c9cfd6b6dbc74bd852b10bdbe09c3c/PCSX2/crowdin-current-ui-batch24-20260920.json,ee2587e30ef9f54541bdbfb4dfcf7512e05bd487cd41e18f4834c7ff3b6d4915,"{""artifact"":""https://crowdin.com/project/pcsx2"",""sha256"":""6ebbe85dc69b432f9bc887a3cf08d52882aa74314c8b4fb0bcf34b0b586de049""}"
34d0388a677f70dfa469d3cd,Show Titles,Visa titlar,PCSX2,crowdin-current-ui-batch31-20260920,"FullscreenUI
../../pcsx2/ImGui/FullscreenUI.cpp:4196",Publiceringsförsöket nekades enligt det äldre kvittot; texten är ett lokalt granskningsförslag.,project-context,f22374c3c76ccb8635dd3f99,reviewed-local,https://github.com/yeager/translations/blob/67e6d27877c9cfd6b6dbc74bd852b10bdbe09c3c/PCSX2/crowdin-current-ui-batch31-20260920.json,7f296a46b32719e99a638c81474fc3438c10c81ba7fa7f9ae7a93270e2b8c504,"{""artifact"":""https://crowdin.com/project/pcsx2"",""sha256"":""b718f69d139f57008b916388ba24997c19a6feb348746a1df93494f79d2d938d""}"
34f2a47c1d70714edd5a5da7,Capture Video,Fånga video,PCSX2,crowdin-current-ui-batch26-20260920,"GraphicsMediaCaptureSettingsTab
../Settings/GraphicsMediaCaptureSettingsTab.ui:363",Publiceringsförsöket nekades enligt det äldre kvittot; texten är ett lokalt granskningsförslag.,project-context,b5b663757b5ffb37c95780aa,reviewed-local,https://github.com/yeager/translations/blob/67e6d27877c9cfd6b6dbc74bd852b10bdbe09c3c/PCSX2/crowdin-current-ui-batch26-20260920.json,49be151dc9918b0d30da49c790d627c159af0560d66be018b2a4920b716f4063,"{""artifact"":""https://crowdin.com/project/pcsx2"",""sha256"":""abddeed289ab297a06ae1e6d8ac94d3996e8cfe153f60de87f0d326d6be6b81d""}"
34f2e235c806b24c20257051,Fast Boot Options,Alternativ för snabbstart,PCSX2,Crowdin UI,,"Granskad filleverans. Endast färdiga, aktiva översättningar tas med; detta är inte ett påstående om separat registrerat radbeslut för varje oförändrad post.",project-context,05ab6154f5344387f0f26761,reviewed-file-delivery,https://crowdin.com/project/pcsx2,c5f591f1edc9553e40265bc0be0fe67c8e4252c052a1cf8ecfb524489a5aff60,{}
352803de71b561cea41c31a6,Save Transfer Images,Spara överföringsbilder,PCSX2,crowdin-current-ui-batch61-20260920,"DebugSettingsWidget
../Settings/DebugSettingsWidget.cpp:142",Publiceringsförsöket nekades enligt det äldre kvittot; texten är ett lokalt granskningsförslag.,project-context,dcabc0ad8ef139a8ceae18b8,reviewed-local,https://github.com/yeager/translations/blob/67e6d27877c9cfd6b6dbc74bd852b10bdbe09c3c/PCSX2/crowdin-current-ui-batch61-20260920.json,7d1487a8e7a6c977e135205cbfbe024e70d8199f0ee522f5ae9219965d474fa2,"{""artifact"":""https://crowdin.com/project/pcsx2"",""sha256"":""8f505f99637ef96e29c656e3ee26d2c1da383f5eec08f1975454f8b0726c17e1""}"
356eb45c189ba9bc546ca5c9,Open...,Öppna…,PCSX2,crowdin-current-ui-batch27-20260920,"GraphicsTextureReplacementSettingsTab
../Settings/GraphicsTextureReplacementSettingsTab.ui:87",,project-context,6614286b729faf2b9e9a45d3,reviewed-receipt,https://github.com/yeager/translations/blob/67e6d27877c9cfd6b6dbc74bd852b10bdbe09c3c/PCSX2/crowdin-current-ui-batch27-20260920.json,daf14a4c22835aeb84f9a6f6d33a6c69ac188b84259e32a73fa4a47caa65dc63,"{""artifact"":""https://crowdin.com/project/pcsx2"",""sha256"":""cd5e7f441696a114db6b8927412ba39f0d74f475b809d046c22a55a21583facd""}"
3593eab82221fb0822924e1a,Enabled (Sprites Only),Aktiverad (endast sprites),PCSX2,crowdin-current-ui-batch24-20260920,"GraphicsHardwareFixesSettingsTab
../Settings/GraphicsHardwareFixesSettingsTab.ui:262",Publiceringsförsöket nekades enligt det äldre kvittot; texten är ett lokalt granskningsförslag.,project-context,c11cc198ee6d5a6a31279f5b,reviewed-local,https://github.com/yeager/translations/blob/67e6d27877c9cfd6b6dbc74bd852b10bdbe09c3c/PCSX2/crowdin-current-ui-batch24-20260920.json,ee2587e30ef9f54541bdbfb4dfcf7512e05bd487cd41e18f4834c7ff3b6d4915,"{""artifact"":""https://crowdin.com/project/pcsx2"",""sha256"":""53a31f67407d54672f51644230f1a64b23d64f3ee6529078466bb84d5c01b737""}"
35ac753e7b9bd9b0781cdff5,Generate Symbols For IRX Exports,Generera symboler för IRX-exporter,PCSX2,crowdin-current-ui-batch20-20260920,"DebugAnalysisSettingsTab
../Settings/DebugAnalysisSettingsTab.ui:84",Publiceringsförsöket nekades enligt det äldre kvittot; texten är ett lokalt granskningsförslag.,project-context,3a9e8814dad38ee83a2be947,reviewed-local,https://github.com/yeager/translations/blob/67e6d27877c9cfd6b6dbc74bd852b10bdbe09c3c/PCSX2/crowdin-current-ui-batch20-20260920.json,b9f3010178fb1ba2ee5cb59570e69caac32abf9f9b7229bf26b14b3a321dc236,"{""artifact"":""https://crowdin.com/project/pcsx2"",""sha256"":""2b924c1d8418cd38f83221068d80c30d305b23864f596b219e3b5f1b084bf646""}"
35c51f6e9ced6e3d05e23cf2,Load save state by slot:,Läs in sparläge efter plats:,PCSX2,crowdin-current-ui-batch37-20260920,"ShortcutCreationDialog
../ShortcutCreationDialog.ui:198",,project-context,02058c0cca6031e7fafbbfa7,reviewed-receipt,https://github.com/yeager/translations/blob/67e6d27877c9cfd6b6dbc74bd852b10bdbe09c3c/PCSX2/crowdin-current-ui-batch37-20260920.json,3d30ac42902a2603744414716b97c7784c4b7f2491b297a70bd0590534da88f4,"{""artifact"":""https://crowdin.com/project/pcsx2"",""sha256"":""6a3a29e3de26e639706ca9a3542b1d61299f039b899ca067283eaa569e88745e""}"
35d2ebd6e609f315b4bdefdf,Sharpness,Skärpa,PCSX2,crowdin-current-ui-batch57-20260920,"FullscreenUI
../../pcsx2/ImGui/FullscreenUI_Settings.cpp:6873",,project-context,ffa933f12d0522dde776323f,reviewed-receipt,https://github.com/yeager/translations/blob/67e6d27877c9cfd6b6dbc74bd852b10bdbe09c3c/PCSX2/crowdin-current-ui-batch57-20260920.json,5c871fa681fe60ac837787f04a021e0897b135316665fb1695de5041b8a5e637,"{""artifact"":""https://crowdin.com/project/pcsx2"",""sha256"":""dc00183e6ae7353e0b03f5123dd48186345ca7b68225804b41b819140b52f643""}"
36032a1f36a179c5c5bd60fd,Download Failed,Hämtningen misslyckades,PCSX2,crowdin-current-ui-batch52-20260920,"OSDFontPickerDialog
../Settings/OsdFontPickerDialog.cpp:362
../Settings/OsdFontPickerDialog.cpp:370
../Settings/OsdFontPickerDialog.cpp:383
../Settings/OsdFontPickerDialog.cpp:405
../Settings/OsdFontPickerDialog.cpp:413
../Settings/OsdFontPickerDialog.cpp:428",,project-context,ce14c88e93d0d2c6ead0f9db,reviewed-receipt,https://github.com/yeager/translations/blob/67e6d27877c9cfd6b6dbc74bd852b10bdbe09c3c/PCSX2/crowdin-current-ui-batch52-20260920.json,8cfffc76ca6e36b6b86d335ad9a92ba99954d58c53ce7d299caec541e1b3ff9b,"{""artifact"":""https://crowdin.com/project/pcsx2"",""sha256"":""842fc0e0bf3f6a88a07266be20e025c3f5ba8f280f40fc6e403afabc4f924dfc""}"
36120e375b7c2195ff25198b,Show Speed Percentages,Visa hastighetsprocent,PCSX2,crowdin-current-ui-batch57-20260920,"FullscreenUI
../../pcsx2/ImGui/FullscreenUI_Settings.cpp:6919",,project-context,c6aa4e953955acb2a58bd3a2,reviewed-receipt,https://github.com/yeager/translations/blob/67e6d27877c9cfd6b6dbc74bd852b10bdbe09c3c/PCSX2/crowdin-current-ui-batch57-20260920.json,5c871fa681fe60ac837787f04a021e0897b135316665fb1695de5041b8a5e637,"{""artifact"":""https://crowdin.com/project/pcsx2"",""sha256"":""153ea9bf5063f8219b60269a4b1ecb6fd6e9c6ee6080299f9692f0e0bac9c2b9""}"
364dbfc5b00c3060cf0802b8,Disable Partial Source Invalidation,Inaktivera partiell ogiltigförklaring av källa,PCSX2,Crowdin UI,,"Granskad filleverans. Endast färdiga, aktiva översättningar tas med; detta är inte ett påstående om separat registrerat radbeslut för varje oförändrad post.",project-context,f859ea41ce3f0da3bf20d414,reviewed-file-delivery,https://crowdin.com/project/pcsx2,c5f591f1edc9553e40265bc0be0fe67c8e4252c052a1cf8ecfb524489a5aff60,{}
36569f52efa01afe56c5e3ab,Basic,Grundläggande,PCSX2,crowdin-current-ui-batch55-20260920,"Hotkeys_BlendAcc
../../pcsx2/GS/GS.cpp:1384",Publiceringsförsöket nekades enligt det äldre kvittot; texten är ett lokalt granskningsförslag.,project-context,e8ba19971f24c4c026aedc37,reviewed-local,https://github.com/yeager/translations/blob/67e6d27877c9cfd6b6dbc74bd852b10bdbe09c3c/PCSX2/crowdin-current-ui-batch55-20260920.json,eef7fecf9007fb67b7321b88ecfd43d8a1e78e3c19d6b14ffe23010d7cdbe6b1,"{""artifact"":""https://crowdin.com/project/pcsx2"",""sha256"":""fde54d8b8cf9fd3c705bc415e13378bfb09e03e74f95d249108f0e949a3ff996""}"
368f37f4d81058cb84c6d070,Download Failed,Hämtningen misslyckades,PCSX2,crowdin-current-ui-batch56-20260920,"FullscreenUI
../../pcsx2/ImGui/FullscreenUI.cpp:4057",,project-context,85590218f255414111521b02,reviewed-receipt,https://github.com/yeager/translations/blob/67e6d27877c9cfd6b6dbc74bd852b10bdbe09c3c/PCSX2/crowdin-current-ui-batch56-20260920.json,e544f4e37b292a5a59167a947672fb099eeaff33c9d732c3cd8e9184cd9a4307,"{""artifact"":""https://crowdin.com/project/pcsx2"",""sha256"":""de507b3a558c7895f2929c233fbf15e3f1afaef98b6b357bbc5ed763b96a803f""}"
369c3677036323f8848428b1,Failed to initialize PAD.,Det gick inte att initiera PAD.,PCSX2,crowdin-current-ui-batch44-20260920,"VMManager
../../pcsx2/VMManager.cpp:1566",,project-context,0f592d7fbe0538222594a406,reviewed-receipt,https://github.com/yeager/translations/blob/67e6d27877c9cfd6b6dbc74bd852b10bdbe09c3c/PCSX2/crowdin-current-ui-batch44-20260920.json,5e82a7b07227a314e65a1724efbcf7b471342793ce2ac9d6b518d156f340e5a6,"{""artifact"":""https://crowdin.com/project/pcsx2"",""sha256"":""d04b4b2090434070be00ad6a5307f80dadfa61760ac799c05a2f42b10dca6007""}"
36fc02c38e59e1bb78f63b5f,Dismiss,Avfärda,PCSX2,crowdin-current-ui-batch51-20260920,"FullscreenUI
../../pcsx2/ImGui/FullscreenUI_Settings.cpp:6361",Publiceringsförsöket nekades enligt det äldre kvittot; texten är ett lokalt granskningsförslag.,project-context,5a3215df8078c7bd2285a65f,reviewed-local,https://github.com/yeager/translations/blob/67e6d27877c9cfd6b6dbc74bd852b10bdbe09c3c/PCSX2/crowdin-current-ui-batch51-20260920.json,a8b5191343bdd297b5d152a224021320a839b19ec9afc66e6fdf7d9067e58697,"{""artifact"":""https://crowdin.com/project/pcsx2"",""sha256"":""985f3c4b1b448f0d74cef1884a6e422eebe7ffc338fbd69e304e224c5b3e21d2""}"
36fd5aabe295d625d846bf5a,Apply No-Interlacing Patches,Tillämpa patchar för att ta bort sammanflätning,PCSX2,crowdin-current-ui-batch56-20260920,"FullscreenUI
../../pcsx2/ImGui/FullscreenUI_Settings.cpp:6817",,project-context,dc17f5f783df9c7b113c1829,reviewed-receipt,https://github.com/yeager/translations/blob/67e6d27877c9cfd6b6dbc74bd852b10bdbe09c3c/PCSX2/crowdin-current-ui-batch56-20260920.json,e544f4e37b292a5a59167a947672fb099eeaff33c9d732c3cd8e9184cd9a4307,"{""artifact"":""https://crowdin.com/project/pcsx2"",""sha256"":""e2d767166f95ebedca0486dd2f2c40b6b139d2cc8693e37629a52cb570972a04""}"
370ddc9e19478f54ba82ce33,Hostname,Värdnamn,PCSX2,crowdin-current-ui-batch45-20260920,"DEV9SettingsWidget
../Settings/DEV9SettingsWidget.cpp:142",Publiceringsförsöket nekades enligt det äldre kvittot; texten är ett lokalt granskningsförslag.,project-context,02ba9e2ea9a5b1a4ca48987a,reviewed-local,https://github.com/yeager/translations/blob/67e6d27877c9cfd6b6dbc74bd852b10bdbe09c3c/PCSX2/crowdin-current-ui-batch45-20260920.json,4c2583095ac82af7cbd5d2e9b388582811e469f82c52448518b800a7bc23bdc8,"{""artifact"":""https://crowdin.com/project/pcsx2"",""sha256"":""8168b73ca73be8638c791dbdaefa7fd0adee2220f24b7f457dd6403433890b58""}"
372500be0d35baca72dc0026,Bilinear (Forced excluding sprite),"Bilinjär (tvingad, exklusive sprite)",PCSX2,crowdin-current-ui-batch25-20260920,"GraphicsHardwareRenderingSettingsTab
../Settings/GraphicsHardwareRenderingSettingsTab.ui:135",,project-context,87cf33cfbf59617ce713b1c4,reviewed-receipt,https://github.com/yeager/translations/blob/67e6d27877c9cfd6b6dbc74bd852b10bdbe09c3c/PCSX2/crowdin-current-ui-batch25-20260920.json,c686e808bea1ecea795d6bd0a3871f9ea94959e30276601f8efafda34c283479,"{""artifact"":""https://crowdin.com/project/pcsx2"",""sha256"":""4a1811b6a76dc88c52fae8bf63953b42a6f138126bdd6032d3815069d93a64e1""}"
37608d6e254dd058f51f03bc,Center Left,I mitten till vänster,PCSX2,crowdin-current-ui-batch18-20260920,"FullscreenUI
../../pcsx2/ImGui/FullscreenUI_Settings.cpp:5034
../../pcsx2/ImGui/FullscreenUI_Settings.cpp:6718",,project-context,59db71ba79b040db7fbbc398,reviewed-receipt,https://github.com/yeager/translations/blob/67e6d27877c9cfd6b6dbc74bd852b10bdbe09c3c/PCSX2/crowdin-current-ui-batch18-20260920.json,d0045488eb1eee4246057f420111c6313a5a756b798114b9e4b249ca38af16a7,"{""artifact"":""https://crowdin.com/project/pcsx2"",""sha256"":""f4c7bc1881d95a343ac4f1ace09ecb39b87e478b80bd0aef5f61e7132209310c""}"
3797b1b740e48796fa35013c,Upscale multiplier set to native resolution.,Uppskalningsmultiplikatorn är inställd på ursprunglig upplösning.,PCSX2,crowdin-current-ui-batch12-20260920,"GS
../../pcsx2/GS/GS.cpp:1180",,project-context,0bfedb2955d1a1b1a0abd0f1,reviewed-receipt,https://github.com/yeager/translations/blob/67e6d27877c9cfd6b6dbc74bd852b10bdbe09c3c/PCSX2/crowdin-current-ui-batch12-20260920.json,069c92ed85703bad78e9b4e17bd0d4fccb132ebeed9d3bedd8328dbf6ea26909,"{""artifact"":""https://crowdin.com/project/pcsx2"",""sha256"":""6c283b39c7fd16eba3d05161bf76fe6561197e4eded9066c874fbd6ec814d709""}"
37d2ac47966677ff9a048fc1,OSD Messages Position,Position för OSD-meddelanden,PCSX2,crowdin-current-ui-batch18-20260920,"FullscreenUI
../../pcsx2/ImGui/FullscreenUI_Settings.cpp:6913",Publiceringsförsöket nekades enligt det äldre kvittot; texten är ett lokalt granskningsförslag.,project-context,39cd2a40c45b743c3519b108,reviewed-local,https://github.com/yeager/translations/blob/67e6d27877c9cfd6b6dbc74bd852b10bdbe09c3c/PCSX2/crowdin-current-ui-batch18-20260920.json,d0045488eb1eee4246057f420111c6313a5a756b798114b9e4b249ca38af16a7,"{""artifact"":""https://crowdin.com/project/pcsx2"",""sha256"":""1a740da7fdf15c7b6cef487f9b677f9dd9063fb17ccfb3d16ad90e64b16e57f1""}"
37f93a48329624d17aab9649,Enter the DNS server address,Ange DNS-serveradressen,PCSX2,crowdin-current-ui-batch34-20260920,"FullscreenUI
../../pcsx2/ImGui/FullscreenUI_Settings.cpp:6096",,project-context,48ddbf3e7be0a35ca007ea87,reviewed-receipt,https://github.com/yeager/translations/blob/67e6d27877c9cfd6b6dbc74bd852b10bdbe09c3c/PCSX2/crowdin-current-ui-batch34-20260920.json,8d6bc4cd53749b6ed56459f38c0244781001a3de538ab116fa6b6c047f93e6ed,"{""artifact"":""https://crowdin.com/project/pcsx2"",""sha256"":""d88b211ef4965f859965b453c1468cb5425df9337e36c7b6c3c96bc0fcd12dcb""}"
380e6a3e9a1ed21699280fef,Failed to initialize SIO0.,Det gick inte att initiera SIO0.,PCSX2,crowdin-current-ui-batch45-20260920,"VMManager
../../pcsx2/VMManager.cpp:1585",,project-context,564ae2132bad58feec074d36,reviewed-receipt,https://github.com/yeager/translations/blob/67e6d27877c9cfd6b6dbc74bd852b10bdbe09c3c/PCSX2/crowdin-current-ui-batch45-20260920.json,4c2583095ac82af7cbd5d2e9b388582811e469f82c52448518b800a7bc23bdc8,"{""artifact"":""https://crowdin.com/project/pcsx2"",""sha256"":""a47846ff69bea8c9217f8e62350fc6f6b59f990e0f6d56f6ff6bd045ecdeab4a""}"
38273eedb58402fcf6070c56,OSD Font File,OSD-typsnittsfil,PCSX2,crowdin-current-ui-batch1-20260920,"FullscreenUI
../../pcsx2/ImGui/FullscreenUI_Settings.cpp:6915",,project-context,a2b281fd3ae6e935f4306ba2,reviewed-receipt,https://github.com/yeager/translations/blob/67e6d27877c9cfd6b6dbc74bd852b10bdbe09c3c/PCSX2/crowdin-current-ui-batch1-20260920.json,fbacbf8b449e630f42dbc651e3eb3d61f650cd4cb6d478d350f9a55ce6b87962,"{""artifact"":""https://crowdin.com/project/pcsx2"",""sha256"":""007df7c3062b8ee65fe4c3cbdc78d5fe998a6218e5c62a8e3fceeb1246e72775""}"
38651932030187f5c9aa570e,Theme,Tema,PCSX2,crowdin-current-ui-batch63-20260920,"InterfaceSettingsWidget
../Settings/InterfaceSettingsWidget.cpp:252",Publiceringsförsöket nekades enligt det äldre kvittot; texten är ett lokalt granskningsförslag.,project-context,d5d624fdb431b0d1a32a95c3,reviewed-local,https://github.com/yeager/translations/blob/67e6d27877c9cfd6b6dbc74bd852b10bdbe09c3c/PCSX2/crowdin-current-ui-batch63-20260920.json,08ff78cfcd818cefe89524c4604550c53e468e64909a3ca76a582c3f0c9c5540,"{""artifact"":""https://crowdin.com/project/pcsx2"",""sha256"":""ceafdad8d7860e827451855f1eb7a12088f7121a3fad7a9f084864ea204715da""}"
38cb0ef622a39825d12dc243,Continue on hit,Fortsätt vid träff,PCSX2,crowdin-current-ui-batch9-20260920,"BreakpointDialog
../Debugger/Breakpoints/BreakpointDialog.ui:334",,project-context,0ff98b39ab99e6d2de671c3b,reviewed-receipt,https://github.com/yeager/translations/blob/67e6d27877c9cfd6b6dbc74bd852b10bdbe09c3c/PCSX2/crowdin-current-ui-batch9-20260920.json,134204bdde884be3c2722090609773e05cd73b495e902e6f39659aa156be0139,"{""artifact"":""https://crowdin.com/project/pcsx2"",""sha256"":""68b31fce43ffaeb99465d6e463038a8584469dedc6602a6e3998e2e77f4133c7""}"
38d650ab35c955c19efc3035,Mipmapping,Mipmapning,PCSX2,crowdin-current-ui-batch25-20260920,"GraphicsHardwareRenderingSettingsTab
../Settings/GraphicsHardwareRenderingSettingsTab.ui:63",,project-context,1a94b1cf9dcb12781b0b4771,reviewed-receipt,https://github.com/yeager/translations/blob/67e6d27877c9cfd6b6dbc74bd852b10bdbe09c3c/PCSX2/crowdin-current-ui-batch25-20260920.json,c686e808bea1ecea795d6bd0a3871f9ea94959e30276601f8efafda34c283479,"{""artifact"":""https://crowdin.com/project/pcsx2"",""sha256"":""1236ce7e6d9fef9c29b10367465743605d2f4ae5796f04451a56b2b869dfe45f""}"
38f183174ea84cee88906093,Native Scaling:,Inbyggd skalning:,PCSX2,crowdin-current-ui-batch46-20260920,"GraphicsUpscalingFixesSettingsTab
../Settings/GraphicsUpscalingFixesSettingsTab.ui:96",Publiceringsförsöket nekades enligt det äldre kvittot; texten är ett lokalt granskningsförslag.,project-context,7b3e5f4c2931ce886835b25a,reviewed-local,https://github.com/yeager/translations/blob/67e6d27877c9cfd6b6dbc74bd852b10bdbe09c3c/PCSX2/crowdin-current-ui-batch46-20260920.json,5fd49be2672b59f0daff08c9e08a881d25eb868891d139d395ea94a1aba23434,"{""artifact"":""https://crowdin.com/project/pcsx2"",""sha256"":""a565888bfa72c9f64c9c6c0753a0fe0a5e399d9ce8bc70f7800c3a078f56e01f""}"
39107a7ead5a735cad8b84f6,24x Native (~8640px/16K UHD),24× inbyggd (~8640 px/16K UHD),PCSX2,crowdin-current-ui-batch50-20260920,"FullscreenUI
../../pcsx2/ImGui/FullscreenUI_Settings.cpp:6627",,project-context,06e7f653f45c5ee139288dcb,reviewed-receipt,https://github.com/yeager/translations/blob/67e6d27877c9cfd6b6dbc74bd852b10bdbe09c3c/PCSX2/crowdin-current-ui-batch50-20260920.json,526c37bda266096897ffc29f6d90f1526ccd117934fef6462d4629b30c159187,"{""artifact"":""https://crowdin.com/project/pcsx2"",""sha256"":""1ae016e12eb8187b562604c40b0a9ddc865401b5568b2d525b4ed9473ce6b91a""}"
39759185581b316526df7499,Rewrite Large ST,Skriv om stora ST,PCSX2,crowdin-current-ui-batch7-20260920,"FullscreenUI
../../pcsx2/ImGui/FullscreenUI_Settings.cpp:6221",,project-context,748f90504ea1a961c2d4e4c1,reviewed-receipt,https://github.com/yeager/translations/blob/67e6d27877c9cfd6b6dbc74bd852b10bdbe09c3c/PCSX2/crowdin-current-ui-batch7-20260920.json,8c630c03eadaf91965c9d87bc474586df0a53ac156826372c002fcc927248561,"{""artifact"":""https://crowdin.com/project/pcsx2"",""sha256"":""8d846c73e4c93f8298a714f38a48ecf56b35630f2218858864223b97948880d8""}"
397e13e71de9c1bab9b35e38,Refresh Interval,Uppdateringsintervall,PCSX2,crowdin-current-ui-batch22-20260920,"DebugSettingsWidget
../Settings/DebugSettingsWidget.cpp:45",Publiceringsförsöket nekades enligt det äldre kvittot; texten är ett lokalt granskningsförslag.,project-context,001bf7e949c49692a2f30b99,reviewed-local,https://github.com/yeager/translations/blob/67e6d27877c9cfd6b6dbc74bd852b10bdbe09c3c/PCSX2/crowdin-current-ui-batch22-20260920.json,4f04c5281fafa51fe7ba74101b3c304645c8874ef28d97c8f99b5d9fe805c47e,"{""artifact"":""https://crowdin.com/project/pcsx2"",""sha256"":""806dcb5f90f8f31fb4f3b9ab42c922a817d6a9395fe21fdd50ea56f0b3764bf9""}"
39a7bd418c623d36791c6d7f,Full (Slow),Fullständig (långsam),PCSX2,crowdin-current-ui-batch13-20260920,"GraphicsHardwareRenderingSettingsTab
../Settings/GraphicsHardwareRenderingSettingsTab.ui:174",,project-context,3e9fb7faf9113c75292bb617,reviewed-receipt,https://github.com/yeager/translations/blob/67e6d27877c9cfd6b6dbc74bd852b10bdbe09c3c/PCSX2/crowdin-current-ui-batch13-20260920.json,623ec591b5fcb41c8d897353bf192b4285c0b8b4a6be7d0f716afe784de07e1d,"{""artifact"":""https://crowdin.com/project/pcsx2"",""sha256"":""d054d71735dfbc0bca1992a6869daf095f8ed62834c0f8dc67c873fe10024f8d""}"
39d721bb91c17c647c5d0833,Eject Memory Card,Mata ut minneskort,PCSX2,crowdin-current-ui-batch64-20260920,"MemoryCardSettingsWidget
../Settings/MemoryCardSettingsWidget.cpp:124",Publiceringsförsöket nekades enligt det äldre kvittot; texten är ett lokalt granskningsförslag.,project-context,42dfb6f42d6498915b18d580,reviewed-local,https://github.com/yeager/translations/blob/67e6d27877c9cfd6b6dbc74bd852b10bdbe09c3c/PCSX2/crowdin-current-ui-batch64-20260920.json,3eb6750c0d4249b01cf40b2787e9f2e9792529adfb274d1a979de2495c7acabc,"{""artifact"":""https://crowdin.com/project/pcsx2"",""sha256"":""38d5dc3692388455ea7325659bdb33e33c26da36f6e8afdd9edc6871d8bc3801""}"
3af97896cac1acef86d42b02,Framebuffer Conversion,Konvertering av bildbuffert,PCSX2,crowdin-current-ui-batch25-20260920,"GraphicsHardwareFixesSettingsTab
../Settings/GraphicsHardwareFixesSettingsTab.ui:333",,project-context,a788daff1e7ad55417192780,reviewed-receipt,https://github.com/yeager/translations/blob/67e6d27877c9cfd6b6dbc74bd852b10bdbe09c3c/PCSX2/crowdin-current-ui-batch25-20260920.json,c686e808bea1ecea795d6bd0a3871f9ea94959e30276601f8efafda34c283479,"{""artifact"":""https://crowdin.com/project/pcsx2"",""sha256"":""a828cef5cd16e789135211c10c226d589ef606d431b7110f2132ef09e8e463b1""}"
3b04987cda1757150dd6a2a1,Saved just now,Sparad nyss,PCSX2,crowdin-current-ui-batch12-20260920,"ImGuiOverlays
../../pcsx2/ImGui/ImGuiOverlays.cpp:1417",,project-context,2a74edde8427823c2d5a7ecb,reviewed-receipt,https://github.com/yeager/translations/blob/67e6d27877c9cfd6b6dbc74bd852b10bdbe09c3c/PCSX2/crowdin-current-ui-batch12-20260920.json,069c92ed85703bad78e9b4e17bd0d4fccb132ebeed9d3bedd8328dbf6ea26909,"{""artifact"":""https://crowdin.com/project/pcsx2"",""sha256"":""008d370d6686962784d5e515690ceddd789921cec726af40c7f9f09efa3ed284""}"
3b46b06814453a64eb796782,Show Texture Replacement Status,Visa status för textersättning,PCSX2,Crowdin UI,,"Granskad filleverans. Endast färdiga, aktiva översättningar tas med; detta är inte ett påstående om separat registrerat radbeslut för varje oförändrad post.",project-context,ae777d0c1a25bee80c7d383a,reviewed-file-delivery,https://crowdin.com/project/pcsx2,c5f591f1edc9553e40265bc0be0fe67c8e4252c052a1cf8ecfb524489a5aff60,{}
3bbe0a1c10a1111156b5b3c6,Use Diagonal Scale Correction,Använd korrigering av diagonalskala,PCSX2,crowdin-current-ui-batch64-20260920,"Pad
../../pcsx2/SIO/Pad/PadDualshock2.cpp:71",,project-context,879b7292d169c98b8e1129c5,reviewed-receipt,https://github.com/yeager/translations/blob/67e6d27877c9cfd6b6dbc74bd852b10bdbe09c3c/PCSX2/crowdin-current-ui-batch64-20260920.json,3eb6750c0d4249b01cf40b2787e9f2e9792529adfb274d1a979de2495c7acabc,"{""artifact"":""https://crowdin.com/project/pcsx2"",""sha256"":""7ce55acc5b091da6a99cef81015ec1d7a74d17db078b2c5eb4a0448d526f2b96""}"
3bdd6c8c5b5d474a90744a3f,Add PCSX2 to the Start Menu,Lägg till PCSX2 på Start-menyn,PCSX2,crowdin-current-ui-batch59-20260920,"SetupWizardDialog
../SetupWizardDialog.cpp:448",,project-context,eaece2e2a882339b31f13134,reviewed-receipt,https://github.com/yeager/translations/blob/67e6d27877c9cfd6b6dbc74bd852b10bdbe09c3c/PCSX2/crowdin-current-ui-batch59-20260920.json,9f38fdcde8389b4381406c889374f3d78d817dcfb9ea2ab1119de66a68266465,"{""artifact"":""https://crowdin.com/project/pcsx2"",""sha256"":""91e87780383d9a09b2eb79f9ffbff8e48b68aa560be33a92733b6c3b406b5c0c""}"
3be79202216070dc683a2d35,Unscaled (Default),Oskalad (standard),PCSX2,crowdin-current-ui-batch13-20260920,"GraphicsHardwareRenderingSettingsTab
../Settings/GraphicsHardwareRenderingSettingsTab.ui:41",,project-context,f018cdebc6cabca4acc8c72c,reviewed-receipt,https://github.com/yeager/translations/blob/67e6d27877c9cfd6b6dbc74bd852b10bdbe09c3c/PCSX2/crowdin-current-ui-batch13-20260920.json,623ec591b5fcb41c8d897353bf192b4285c0b8b4a6be7d0f716afe784de07e1d,"{""artifact"":""https://crowdin.com/project/pcsx2"",""sha256"":""a7658d476c7f644fc06d1c81b93a2c6353b903fe9fc3b0f28035c0182bd09fa3""}"
3bee696f019cf3f21f3b76fe,Prioritize Upper Bits,Prioritera övre bitar,PCSX2,crowdin-current-ui-batch49-20260920,"GraphicsHardwareFixesSettingsTab
../Settings/GraphicsHardwareFixesSettingsTab.ui:362",Publiceringsförsöket nekades enligt det äldre kvittot; texten är ett lokalt granskningsförslag.,project-context,dbdf11a773bec7aaf71f20cf,reviewed-local,https://github.com/yeager/translations/blob/67e6d27877c9cfd6b6dbc74bd852b10bdbe09c3c/PCSX2/crowdin-current-ui-batch49-20260920.json,3e907fbc31b1fdfcccfc47d4a6a49ad2bfe6eb9414cebf6471f974279c345287,"{""artifact"":""https://crowdin.com/project/pcsx2"",""sha256"":""5715f2b3f75d4df637369fd65054d3b43eae83cc021ca7f592cb7eb990000d85""}"
3c8dfdc9601b788f42247426,Start Menu,Startmeny,PCSX2,crowdin-current-ui-batch38-20260920,"ShortcutCreationDialog
../ShortcutCreationDialog.cpp:24",Publiceringsförsöket nekades enligt det äldre kvittot; texten är ett lokalt granskningsförslag.,project-context,ebb3b276f47d7197db289594,reviewed-local,https://github.com/yeager/translations/blob/67e6d27877c9cfd6b6dbc74bd852b10bdbe09c3c/PCSX2/crowdin-current-ui-batch38-20260920.json,10bff2a438da2537a334cdf30d1f2646aa56f2807af070ba50c07f07c76b0e06,"{""artifact"":""https://crowdin.com/project/pcsx2"",""sha256"":""5b8931237d3e5635dd712c68d2bc84629005da36b1ba1ed2c2967f9e30cdd401""}"
3c975cd6d090d18af78eeba6,Internal Resolution (Aspect Corrected),Intern upplösning (korrigerat bildförhållande),PCSX2,crowdin-current-ui-batch45-20260920,"FullscreenUI
../../pcsx2/ImGui/FullscreenUI_Settings.cpp:6660",Publiceringsförsöket nekades enligt det äldre kvittot; texten är ett lokalt granskningsförslag.,project-context,f6cf3573b7ca4c2dec8e6848,reviewed-local,https://github.com/yeager/translations/blob/67e6d27877c9cfd6b6dbc74bd852b10bdbe09c3c/PCSX2/crowdin-current-ui-batch45-20260920.json,4c2583095ac82af7cbd5d2e9b388582811e469f82c52448518b800a7bc23bdc8,"{""artifact"":""https://crowdin.com/project/pcsx2"",""sha256"":""7e05586495adcb27824a00eb08c326e66d245425c1635b72ca3e3515494d96cb""}"
3c97f2b9fad50b2c3fd47b1f,Right:,Höger:,PCSX2,crowdin-current-ui-batch24-20260920,"Warning: short space constraints. Abbreviate if necessary.
GraphicsDisplaySettingsTab
../Settings/GraphicsDisplaySettingsTab.ui:351",Publiceringsförsöket nekades enligt det äldre kvittot; texten är ett lokalt granskningsförslag.,project-context,080fae21976daabb602badc5,reviewed-local,https://github.com/yeager/translations/blob/67e6d27877c9cfd6b6dbc74bd852b10bdbe09c3c/PCSX2/crowdin-current-ui-batch24-20260920.json,ee2587e30ef9f54541bdbfb4dfcf7512e05bd487cd41e18f4834c7ff3b6d4915,"{""artifact"":""https://crowdin.com/project/pcsx2"",""sha256"":""01fd63c159032d5d3dbe1174897e1831358e24a74de1000a2e3c0b0c2e32288a""}"
3c9e0246c4225a93e8da55e9,Auto Subnet Mask,Automatisk nätmask,PCSX2,crowdin-current-ui-batch36-20260920,"FullscreenUI
../../pcsx2/ImGui/FullscreenUI_Settings.cpp:6956",,project-context,daa45f1d7728871b12daa231,reviewed-receipt,https://github.com/yeager/translations/blob/67e6d27877c9cfd6b6dbc74bd852b10bdbe09c3c/PCSX2/crowdin-current-ui-batch36-20260920.json,06685b2a6b6a0881c244315d3604555b5de0e31fa34564c53c68e8d7b263bdfe,"{""artifact"":""https://crowdin.com/project/pcsx2"",""sha256"":""cca78c580f8bde0ffe273c42b23cac1fb82d290df97a56ef0aa0c57c54e76f23""}"
3ca8a74221c2a9de66a5a62e,DNS2 Address,DNS2-adress,PCSX2,crowdin-current-ui-batch3-20260920,"DEV9SettingsWidget
../Settings/DEV9SettingsWidget.cpp:218",,project-context,0d1f62f57059f437e8b3b177,reviewed-receipt,https://github.com/yeager/translations/blob/67e6d27877c9cfd6b6dbc74bd852b10bdbe09c3c/PCSX2/crowdin-current-ui-batch3-20260920.json,312b703c14e788fca3d8a80055543aca887c12d491340b56e8de7abdd1dbfcb8,"{""artifact"":""https://crowdin.com/project/pcsx2"",""sha256"":""b437f6ca6d6dce6d6784cd5f7d8eee3f122728f2742019c5b93ae16f58a51aa3""}"
3cb4b3d06d926200fae10b34,17x Native (~6120px),17× inbyggd (~6120 px),PCSX2,crowdin-current-ui-batch50-20260920,"FullscreenUI
../../pcsx2/ImGui/FullscreenUI_Settings.cpp:6620",,project-context,683a535bcfd89d0570529660,reviewed-receipt,https://github.com/yeager/translations/blob/67e6d27877c9cfd6b6dbc74bd852b10bdbe09c3c/PCSX2/crowdin-current-ui-batch50-20260920.json,526c37bda266096897ffc29f6d90f1526ccd117934fef6462d4629b30c159187,"{""artifact"":""https://crowdin.com/project/pcsx2"",""sha256"":""16d4d3d28c2745c1c38faba33133286c9155245dc32bdabffd6e7888b235fcf1""}"
3ccb5631da8cbbe3faff84d5,Trilinear (PS2),Trilinjär (PS2),PCSX2,crowdin-current-ui-batch26-20260920,"GraphicsHardwareRenderingSettingsTab
../Settings/GraphicsHardwareRenderingSettingsTab.ui:198",Publiceringsförsöket nekades enligt det äldre kvittot; texten är ett lokalt granskningsförslag.,project-context,5caea5f83b3abd3cb9187970,reviewed-local,https://github.com/yeager/translations/blob/67e6d27877c9cfd6b6dbc74bd852b10bdbe09c3c/PCSX2/crowdin-current-ui-batch26-20260920.json,49be151dc9918b0d30da49c790d627c159af0560d66be018b2a4920b716f4063,"{""artifact"":""https://crowdin.com/project/pcsx2"",""sha256"":""d2555a1e96f7d539377de8ff5ad95a19b6baff4d180be24a1ab6ed75995aa542""}"
3ce74fbe381697f59ec7dabe,Default,Standard,PCSX2,crowdin-current-ui-batch60-20260920,"BIOSSettingsWidget
../Settings/BIOSSettingsWidget.cpp:36",Publiceringsförsöket nekades enligt det äldre kvittot; texten är ett lokalt granskningsförslag.,project-context,b854dfe9f45ed3d9c5341297,reviewed-local,https://github.com/yeager/translations/blob/67e6d27877c9cfd6b6dbc74bd852b10bdbe09c3c/PCSX2/crowdin-current-ui-batch60-20260920.json,8c6cbd32b1310e0a049b06bc12d78c06699e0e814d471dcdf308e46e1f1388d6,"{""artifact"":""https://crowdin.com/project/pcsx2"",""sha256"":""bf9a8e74fb179fb286b26ef88579770d36fe93f0ebb5295c71b2dfb82754b480""}"
3cf61dfc249dd0b2da3d741c,Reset to Default,Återställ till standardvärde,PCSX2,crowdin-current-ui-batch51-20260920,"FullscreenUI
../../pcsx2/ImGui/FullscreenUI_Settings.cpp:6992",,project-context,247a8e57caf9d13afef227bd,reviewed-receipt,https://github.com/yeager/translations/blob/67e6d27877c9cfd6b6dbc74bd852b10bdbe09c3c/PCSX2/crowdin-current-ui-batch51-20260920.json,a8b5191343bdd297b5d152a224021320a839b19ec9afc66e6fdf7d9067e58697,"{""artifact"":""https://crowdin.com/project/pcsx2"",""sha256"":""c14ec0a49318e27703a3d094b84a7ee64812f808f4252f8d2b01c1b0fced1a9f""}"
3d238b2317cb98b9539d4328,On-Screen Display Settings,Inställningar för skärmvisning,PCSX2,crowdin-current-ui-batch51-20260920,"FullscreenUI
../../pcsx2/ImGui/FullscreenUI_Settings.cpp:6517",Publiceringsförsöket nekades enligt det äldre kvittot; texten är ett lokalt granskningsförslag.,project-context,93bab24a188b1cdf97ace47d,reviewed-local,https://github.com/yeager/translations/blob/67e6d27877c9cfd6b6dbc74bd852b10bdbe09c3c/PCSX2/crowdin-current-ui-batch51-20260920.json,a8b5191343bdd297b5d152a224021320a839b19ec9afc66e6fdf7d9067e58697,"{""artifact"":""https://crowdin.com/project/pcsx2"",""sha256"":""8d6bdc9bbde2f2061268ad0c368ae0d3aacb0a10ab4849035abfeccd93204a25""}"
3d374c2d936f5e74034207d7,Enable HDD,Aktivera HDD,PCSX2,crowdin-current-ui-batch36-20260920,"FullscreenUI
../../pcsx2/ImGui/FullscreenUI_Settings.cpp:6964",Publiceringsförsöket nekades enligt det äldre kvittot; texten är ett lokalt granskningsförslag.,project-context,ad7cc4bc3b121188e9277edd,reviewed-local,https://github.com/yeager/translations/blob/67e6d27877c9cfd6b6dbc74bd852b10bdbe09c3c/PCSX2/crowdin-current-ui-batch36-20260920.json,06685b2a6b6a0881c244315d3604555b5de0e31fa34564c53c68e8d7b263bdfe,"{""artifact"":""https://crowdin.com/project/pcsx2"",""sha256"":""d8ee7de970232dfe4b5a9fb7aa385d91b7aebd78e7cb1605131f55f16e3a25c3""}"
3d43ec287198b5a743111905,Failed to initialize SPU2.,Det gick inte att initiera SPU2.,PCSX2,Crowdin UI,,"Granskad filleverans. Endast färdiga, aktiva översättningar tas med; detta är inte ett påstående om separat registrerat radbeslut för varje oförändrad post.",project-context,6ecbe56734b7f3735a635ed6,reviewed-file-delivery,https://crowdin.com/project/pcsx2,c5f591f1edc9553e40265bc0be0fe67c8e4252c052a1cf8ecfb524489a5aff60,{}
3d611ead142396a1b18e7fdc,OSD Font File,OSD-teckensnittsfil,PCSX2,crowdin-current-ui-batch50-20260920,"FullscreenUI
../../pcsx2/ImGui/FullscreenUI_Settings.cpp:6915",,project-context,1eefeb20834d35959f9f3645,reviewed-receipt,https://github.com/yeager/translations/blob/67e6d27877c9cfd6b6dbc74bd852b10bdbe09c3c/PCSX2/crowdin-current-ui-batch50-20260920.json,526c37bda266096897ffc29f6d90f1526ccd117934fef6462d4629b30c159187,"{""artifact"":""https://crowdin.com/project/pcsx2"",""sha256"":""007df7c3062b8ee65fe4c3cbdc78d5fe998a6218e5c62a8e3fceeb1246e72775""}"
3d7aafb758cb94e365c53188,Texture Offsets X,Texturförskjutning X,PCSX2,crowdin-current-ui-batch57-20260920,"FullscreenUI
../../pcsx2/ImGui/FullscreenUI_Settings.cpp:6858",,project-context,e93bed53a2360b6d71b2ce7d,reviewed-receipt,https://github.com/yeager/translations/blob/67e6d27877c9cfd6b6dbc74bd852b10bdbe09c3c/PCSX2/crowdin-current-ui-batch57-20260920.json,5c871fa681fe60ac837787f04a021e0897b135316665fb1695de5041b8a5e637,"{""artifact"":""https://crowdin.com/project/pcsx2"",""sha256"":""51a458cd6fcfe68afe8525c8c57d0d636271cbed02528d0309ffd4c086d82c88""}"
3e6f9958ee60e80cdae7884a,Game Info,Spelinformation,PCSX2,crowdin-current-ui-batch58-20260920,"FullscreenUI
../../pcsx2/ImGui/FullscreenUI_Settings.cpp:6367",,project-context,140f1406d2e23a8e758d5660,reviewed-receipt,https://github.com/yeager/translations/blob/67e6d27877c9cfd6b6dbc74bd852b10bdbe09c3c/PCSX2/crowdin-current-ui-batch58-20260920.json,63dc6922c386d319276df2094a26afd341a8755f207ce8908444de581c157b66,"{""artifact"":""https://crowdin.com/project/pcsx2"",""sha256"":""275824496eebb8cb8b8966674fa55296dfbfeb4d426a20e545decc286c548bdb""}"
3e8f2d7a2e2c735f4b05106a,Draw Buffering,Ritbuffring,PCSX2,crowdin-current-ui-batch51-20260920,"GraphicsHardwareFixesSettingsTab
../Settings/GraphicsHardwareFixesSettingsTab.ui:284",,project-context,0ab4295a2e5f39c90d8956c7,reviewed-receipt,https://github.com/yeager/translations/blob/67e6d27877c9cfd6b6dbc74bd852b10bdbe09c3c/PCSX2/crowdin-current-ui-batch51-20260920.json,a8b5191343bdd297b5d152a224021320a839b19ec9afc66e6fdf7d9067e58697,"{""artifact"":""https://crowdin.com/project/pcsx2"",""sha256"":""fcbffe15a494e2db2cda3e12c698f2cc49731ef404ebf45a6de669220f3f808e""}"
3ea6041ad7c2f1b528869c29,The save slot is empty.,Sparplatsen är tom.,PCSX2,crowdin-current-ui-batch48-20260920,"VMManager
../../pcsx2/VMManager.cpp:2092",Publiceringsförsöket nekades enligt det äldre kvittot; texten är ett lokalt granskningsförslag.,project-context,a0651c217b1b76a56689dfd5,reviewed-local,https://github.com/yeager/translations/blob/67e6d27877c9cfd6b6dbc74bd852b10bdbe09c3c/PCSX2/crowdin-current-ui-batch48-20260920.json,53a6bd5e6ff3e33c37224589c725b25f42041f0d7158bccac5d4cfdc56ac0074,"{""artifact"":""https://crowdin.com/project/pcsx2"",""sha256"":""c166a807481195e6b4a5c2d7fc5314befd4ae8936774d5de31d402ec1badb0df""}"
3ea6fe6914444c89de163000,Resolution:,Upplösning:,PCSX2,crowdin-current-ui-batch26-20260920,"GraphicsMediaCaptureSettingsTab
../Settings/GraphicsMediaCaptureSettingsTab.ui:28
../Settings/GraphicsMediaCaptureSettingsTab.ui:287",Publiceringsförsöket nekades enligt det äldre kvittot; texten är ett lokalt granskningsförslag.,project-context,ff8a8e6ec992db950f5f42ce,reviewed-local,https://github.com/yeager/translations/blob/67e6d27877c9cfd6b6dbc74bd852b10bdbe09c3c/PCSX2/crowdin-current-ui-batch26-20260920.json,49be151dc9918b0d30da49c790d627c159af0560d66be018b2a4920b716f4063,"{""artifact"":""https://crowdin.com/project/pcsx2"",""sha256"":""e3bdbdd3f5fa8a12c46cf66792c0a0f0c42b0724650a04cf7c09cd8425fbff2e""}"
3ec6349698eb30911af99d4d,Disable Interlace Offset,Inaktivera radsprångsförskjutning,PCSX2,crowdin-current-ui-batch23-20260920,"GraphicsDisplaySettingsTab
../Settings/GraphicsDisplaySettingsTab.ui:72",,project-context,8fe201f91522c63c49d599e1,reviewed-receipt,https://github.com/yeager/translations/blob/67e6d27877c9cfd6b6dbc74bd852b10bdbe09c3c/PCSX2/crowdin-current-ui-batch23-20260920.json,94825b8000dc084475f7ee18208d828359829f994a9e4d0dfc9ec3c3d325f60e,"{""artifact"":""https://crowdin.com/project/pcsx2"",""sha256"":""4d042879091907725ede035555be8bf2caf7b330e989929abf9625d8e240e0fc""}"
3ee816f65534fa268619e41f,ELF Symbol Table,ELF-symboltabell,PCSX2,crowdin-current-ui-batch29-20260920,"SymbolGuardian
../../pcsx2/DebugTools/SymbolGuardian.cpp:226",Publiceringsförsöket nekades enligt det äldre kvittot; texten är ett lokalt granskningsförslag.,project-context,279a1f16325c8f1b776e465f,reviewed-local,https://github.com/yeager/translations/blob/67e6d27877c9cfd6b6dbc74bd852b10bdbe09c3c/PCSX2/crowdin-current-ui-batch29-20260920.json,5e9d99ed74373c2f72a189c1db7205af0fb3f607d18807039efe55821b2dea06,"{""artifact"":""https://crowdin.com/project/pcsx2"",""sha256"":""a268b0eec6c6e89782b1f9a04826e2b4b91eac680e8dfe20ffb54480600021f4""}"
3f0a6c44939a8edc53b63459,Maximum (Very Slow),Maximal (mycket långsam),PCSX2,crowdin-current-ui-batch26-20260920,"GraphicsHardwareRenderingSettingsTab
../Settings/GraphicsHardwareRenderingSettingsTab.ui:179",Publiceringsförsöket nekades enligt det äldre kvittot; texten är ett lokalt granskningsförslag.,project-context,ce4556f366cd5c2419596d6d,reviewed-local,https://github.com/yeager/translations/blob/67e6d27877c9cfd6b6dbc74bd852b10bdbe09c3c/PCSX2/crowdin-current-ui-batch26-20260920.json,49be151dc9918b0d30da49c790d627c159af0560d66be018b2a4920b716f4063,"{""artifact"":""https://crowdin.com/project/pcsx2"",""sha256"":""b948d88aa14728522a84cb7c2495c7ca6de1d034505a5fe00c8c5f8b01f6bf29""}"
3f343f836fc31036bf4db26e,Draw Buffering,Ritbuffring,PCSX2,crowdin-current-ui-batch56-20260920,"FullscreenUI
../../pcsx2/ImGui/FullscreenUI_Settings.cpp:6852",,project-context,8f4aae7966af55cb7a5712e8,reviewed-receipt,https://github.com/yeager/translations/blob/67e6d27877c9cfd6b6dbc74bd852b10bdbe09c3c/PCSX2/crowdin-current-ui-batch56-20260920.json,e544f4e37b292a5a59167a947672fb099eeaff33c9d732c3cd8e9184cd9a4307,"{""artifact"":""https://crowdin.com/project/pcsx2"",""sha256"":""9effa39fe328f4de0fc176d08ffd72c4a977646470a5bf1c24937bc167110d00""}"
3f3ba7f3f214aa49826cec0f,Show Texture Replacement Status,Visa status för texturersättning,PCSX2,crowdin-current-ui-batch42-20260920,"FullscreenUI
../../pcsx2/ImGui/FullscreenUI_Settings.cpp:6936",Publiceringsförsöket nekades enligt det äldre kvittot; texten är ett lokalt granskningsförslag.,project-context,52e7adac694b8e30d5d92bb2,reviewed-local,https://github.com/yeager/translations/blob/67e6d27877c9cfd6b6dbc74bd852b10bdbe09c3c/PCSX2/crowdin-current-ui-batch42-20260920.json,9f520ef0d6d3953823cdb4b972b8c0d3d52fb638fcfa4ed0d77caf784e6987f5,"{""artifact"":""https://crowdin.com/project/pcsx2"",""sha256"":""94cfba2a028dcd9f5f9c71c8e9874cef6cce66b3a9a03d8ec1e2f93a3eba3897""}"
3f4df4fdcf977b4725bdda18,New Global Variable,Ny global variabel,PCSX2,crowdin-current-ui-batch17-20260920,"NewGlobalVariableDialog
../Debugger/SymbolTree/NewSymbolDialogs.cpp:371",Publiceringsförsöket nekades enligt det äldre kvittot; texten är ett lokalt granskningsförslag.,project-context,d1c646c46259c9e20a9e5818,reviewed-local,https://github.com/yeager/translations/blob/67e6d27877c9cfd6b6dbc74bd852b10bdbe09c3c/PCSX2/crowdin-current-ui-batch17-20260920.json,c3e8ec58262cb9ca378f79dea9c4f1baee0c939d134bdeccfba91a46dd70eaae,"{""artifact"":""https://crowdin.com/project/pcsx2"",""sha256"":""8f9b892a266766dda32f71ee6e909f8acc37a3758b89e1ea1583e295d412c32c""}"
3fbfd5d068be05f1523c0dc1,Default,Standard,PCSX2,crowdin-current-ui-batch53-20260920,"OSDSettingsWidget
../Settings/OSDSettingsWidget.ui:238
../Settings/OSDSettingsWidget.cpp:94",Publiceringsförsöket nekades enligt det äldre kvittot; texten är ett lokalt granskningsförslag.,project-context,ab14ed4247407cd6bc42e655,reviewed-local,https://github.com/yeager/translations/blob/67e6d27877c9cfd6b6dbc74bd852b10bdbe09c3c/PCSX2/crowdin-current-ui-batch53-20260920.json,cf9e3a076b0a7a4c9da64198f8216ad33f840f37229f480c53c816b8096dd673,"{""artifact"":""https://crowdin.com/project/pcsx2"",""sha256"":""990e6dff758dcd68ed031929273902537924bdfb0aa0c4ed27a558944e0c7457""}"
3fe2f5605802f90e3de2b835,Downloaded only,Endast hämtade,PCSX2,Crowdin UI,,"Granskad filleverans. Endast färdiga, aktiva översättningar tas med; detta är inte ett påstående om separat registrerat radbeslut för varje oförändrad post.",project-context,afa9435a75e0ce1ca153138b,reviewed-file-delivery,https://crowdin.com/project/pcsx2,c5f591f1edc9553e40265bc0be0fe67c8e4252c052a1cf8ecfb524489a5aff60,{}
3fe895e2b15862c3ae44e7a3,Current Toolbar:,Aktuell verktygsrad:,PCSX2,crowdin-current-ui-batch9-20260920,"ToolbarCustomizationDialog
../ToolbarCustomizationDialog.ui:105",,project-context,3a1e579ab5ee5f37c996bc7c,reviewed-receipt,https://github.com/yeager/translations/blob/67e6d27877c9cfd6b6dbc74bd852b10bdbe09c3c/PCSX2/crowdin-current-ui-batch9-20260920.json,134204bdde884be3c2722090609773e05cd73b495e902e6f39659aa156be0139,"{""artifact"":""https://crowdin.com/project/pcsx2"",""sha256"":""19b756639d06d2e23820f5cc9caa3c26688cfa791bef3c2a9a98ffe2f1cedf98""}"
3ff3f5379cc27fdb8988715a,Video Capture Width,Bredd för videoinspelning,PCSX2,crowdin-current-ui-batch7-20260920,"GraphicsSettingsWidget
../Settings/GraphicsSettingsWidget.cpp:758",,project-context,4713ee9a9391b15c5e906b52,reviewed-receipt,https://github.com/yeager/translations/blob/67e6d27877c9cfd6b6dbc74bd852b10bdbe09c3c/PCSX2/crowdin-current-ui-batch7-20260920.json,8c630c03eadaf91965c9d87bc474586df0a53ac156826372c002fcc927248561,"{""artifact"":""https://crowdin.com/project/pcsx2"",""sha256"":""05263999d540496cd75d84c1a9b1c16112140aca26cd2d7e92d950032a1e92e9""}"
400da3336645690d81269bd3,Draw Dumping,Dumpning av ritanrop,PCSX2,crowdin-current-ui-batch20-20260920,"DebugGSSettingsTab
../Settings/DebugGSSettingsTab.ui:20",,project-context,476e788880ae7048ce7defe5,reviewed-receipt,https://github.com/yeager/translations/blob/67e6d27877c9cfd6b6dbc74bd852b10bdbe09c3c/PCSX2/crowdin-current-ui-batch20-20260920.json,b9f3010178fb1ba2ee5cb59570e69caac32abf9f9b7229bf26b14b3a321dc236,"{""artifact"":""https://crowdin.com/project/pcsx2"",""sha256"":""7d7dfed87903800b56233b57e2641a0378a745c3aefd0d651a24415c67cdd15f""}"
403d30453c00676ba6be105e,OSD Font File:,OSD-teckensnittsfil:,PCSX2,crowdin-current-ui-batch53-20260920,"OSDSettingsWidget
../Settings/OSDSettingsWidget.ui:212",,project-context,3b2cf13842be808d7d471168,reviewed-receipt,https://github.com/yeager/translations/blob/67e6d27877c9cfd6b6dbc74bd852b10bdbe09c3c/PCSX2/crowdin-current-ui-batch53-20260920.json,cf9e3a076b0a7a4c9da64198f8216ad33f840f37229f480c53c816b8096dd673,"{""artifact"":""https://crowdin.com/project/pcsx2"",""sha256"":""d4aeb94a9ac5618c618e16d037c40676e24b75834ac73634a714918fd71617af""}"
40489ad0b7849cef3b45c930,Messages,Meddelanden,PCSX2,crowdin-current-ui-batch53-20260920,"OSDSettingsWidget
../Settings/OSDSettingsWidget.ui:351",Publiceringsförsöket nekades enligt det äldre kvittot; texten är ett lokalt granskningsförslag.,project-context,ee91ce94ab4a109efa1d99ef,reviewed-local,https://github.com/yeager/translations/blob/67e6d27877c9cfd6b6dbc74bd852b10bdbe09c3c/PCSX2/crowdin-current-ui-batch53-20260920.json,cf9e3a076b0a7a4c9da64198f8216ad33f840f37229f480c53c816b8096dd673,"{""artifact"":""https://crowdin.com/project/pcsx2"",""sha256"":""52ce7c9316d276d1246c198be3a913e7fd73ee5b180d4481aff4205b4e67bf14""}"
405321ba69c01e5cbcb5f63b,Prefer English Game Titles,Föredra engelska speltitlar,PCSX2,crowdin-current-ui-batch1-20260920,"FullscreenUI
../../pcsx2/ImGui/FullscreenUI_Settings.cpp:6758",Publiceringsförsöket nekades enligt det äldre kvittot; texten är ett lokalt granskningsförslag.,project-context,2452c5eb534ca19468381f77,reviewed-local,https://github.com/yeager/translations/blob/67e6d27877c9cfd6b6dbc74bd852b10bdbe09c3c/PCSX2/crowdin-current-ui-batch1-20260920.json,fbacbf8b449e630f42dbc651e3eb3d61f650cd4cb6d478d350f9a55ce6b87962,"{""artifact"":""https://crowdin.com/project/pcsx2"",""sha256"":""b87306ab1390870371b30950aac2086e42fb466753484fa03605fa48246c531b""}"
408960c9b6e65e7d1a505377,Brightness:,Ljusstyrka:,PCSX2,crowdin-current-ui-batch27-20260920,"GraphicsPostProcessingSettingsTab
../Settings/GraphicsPostProcessingSettingsTab.ui:117",Publiceringsförsöket nekades enligt det äldre kvittot; texten är ett lokalt granskningsförslag.,project-context,c77f1f66c569dd4ef14425e6,reviewed-local,https://github.com/yeager/translations/blob/67e6d27877c9cfd6b6dbc74bd852b10bdbe09c3c/PCSX2/crowdin-current-ui-batch27-20260920.json,daf14a4c22835aeb84f9a6f6d33a6c69ac188b84259e32a73fa4a47caa65dc63,"{""artifact"":""https://crowdin.com/project/pcsx2"",""sha256"":""8377bb84cc365f4a43c049198d084e0f9247a4fc70366bc4a30bdd88375df43a""}"
40bdd1e485d12a3aec73f43c,Enable Game Fixes,Aktivera spelkorrigeringar,PCSX2,crowdin-current-ui-batch57-20260920,"FullscreenUI
../../pcsx2/ImGui/FullscreenUI_Settings.cpp:7066",,project-context,41b179184abb83d7be204041,reviewed-receipt,https://github.com/yeager/translations/blob/67e6d27877c9cfd6b6dbc74bd852b10bdbe09c3c/PCSX2/crowdin-current-ui-batch57-20260920.json,5c871fa681fe60ac837787f04a021e0897b135316665fb1695de5041b8a5e637,"{""artifact"":""https://crowdin.com/project/pcsx2"",""sha256"":""8d4fd8f128947cfdbe1835c4bd857b40fb025b84d1df360acbcddc91e0d8c679""}"
40f34601c9318e1cb080051d,Bottom Left,Nederst till vänster,PCSX2,crowdin-current-ui-batch53-20260920,"OSDSettingsWidget
../Settings/OSDSettingsWidget.ui:130
../Settings/OSDSettingsWidget.ui:194",Publiceringsförsöket nekades enligt det äldre kvittot; texten är ett lokalt granskningsförslag.,project-context,90c256565b2e942ae915756f,reviewed-local,https://github.com/yeager/translations/blob/67e6d27877c9cfd6b6dbc74bd852b10bdbe09c3c/PCSX2/crowdin-current-ui-batch53-20260920.json,cf9e3a076b0a7a4c9da64198f8216ad33f840f37229f480c53c816b8096dd673,"{""artifact"":""https://crowdin.com/project/pcsx2"",""sha256"":""aabdf4887ac093a39d565a84ee936983c867d417674b4146429735e3f4aae6fa""}"
411f1a04a44b091e15a96d0c,CPU Sprite Render Size:,Storlek för CPU-spriterendering:,PCSX2,crowdin-current-ui-batch13-20260920,"GraphicsHardwareFixesSettingsTab
../Settings/GraphicsHardwareFixesSettingsTab.ui:201",,project-context,0b5a58287e174f3b9911f8dd,reviewed-receipt,https://github.com/yeager/translations/blob/67e6d27877c9cfd6b6dbc74bd852b10bdbe09c3c/PCSX2/crowdin-current-ui-batch13-20260920.json,623ec591b5fcb41c8d897353bf192b4285c0b8b4a6be7d0f716afe784de07e1d,"{""artifact"":""https://crowdin.com/project/pcsx2"",""sha256"":""b40629b605d41f9548b76d91897f7c87cbb70e1ce8a40b24946a61fa11ea55b0""}"
4159848f2cb288ca1970b5b6,Disable Mailbox Presentation,Inaktivera mailbox-presentation,PCSX2,crowdin-current-ui-batch23-20260920,"Mailbox Presentation: a type of graphics-rendering technique that has not been exposed to the public that often, so chances are you will need to keep the word mailbox in English. It does not have anything to do with postal mailboxes or email inboxes/outboxes.
GraphicsAdvancedSettingsTab
../Settings/GraphicsAdvancedSettingsTab.ui:130",Publiceringsförsöket nekades enligt det äldre kvittot; texten är ett lokalt granskningsförslag.,project-context,1c2a2a2f0b4e610f86e607c1,reviewed-local,https://github.com/yeager/translations/blob/67e6d27877c9cfd6b6dbc74bd852b10bdbe09c3c/PCSX2/crowdin-current-ui-batch23-20260920.json,94825b8000dc084475f7ee18208d828359829f994a9e4d0dfc9ec3c3d325f60e,"{""artifact"":""https://crowdin.com/project/pcsx2"",""sha256"":""f5b5bf90def466489297f5401da82cbf6e6bcbdf3e25fc1bbd29ed1107ae2491""}"
41af3c33a89412c50d82c9bd,Display Resolution,Bildskärmsupplösning,PCSX2,Crowdin UI,,"Granskad filleverans. Endast färdiga, aktiva översättningar tas med; detta är inte ett påstående om separat registrerat radbeslut för varje oförändrad post.",project-context,773918f61c3aecab81bd1305,reviewed-file-delivery,https://crowdin.com/project/pcsx2,c5f591f1edc9553e40265bc0be0fe67c8e4252c052a1cf8ecfb524489a5aff60,{}
41bf873bffd5c459b8568cbd,Anisotropic Filtering:,Anisotropisk filtrering:,PCSX2,crowdin-current-ui-batch13-20260920,"GraphicsHardwareRenderingSettingsTab
../Settings/GraphicsHardwareRenderingSettingsTab.ui:93",Publiceringsförsöket nekades enligt det äldre kvittot; texten är ett lokalt granskningsförslag.,project-context,c5f175fa88e2e611199a6c18,reviewed-local,https://github.com/yeager/translations/blob/67e6d27877c9cfd6b6dbc74bd852b10bdbe09c3c/PCSX2/crowdin-current-ui-batch13-20260920.json,623ec591b5fcb41c8d897353bf192b4285c0b8b4a6be7d0f716afe784de07e1d,"{""artifact"":""https://crowdin.com/project/pcsx2"",""sha256"":""bcf10d20e07b96567882bbe9ef9710f6730d7da265c792e5587eaa623501130c""}"
41ffa6db2c87af94d9774dc8,Bottom Left,Nere till vänster,PCSX2,crowdin-current-ui-batch17-20260920,"AchievementSettingsWidget
../Settings/AchievementSettingsWidget.ui:306
../Settings/AchievementSettingsWidget.ui:364",,project-context,718f9ffef9c1696cf255c58b,reviewed-receipt,https://github.com/yeager/translations/blob/67e6d27877c9cfd6b6dbc74bd852b10bdbe09c3c/PCSX2/crowdin-current-ui-batch17-20260920.json,c3e8ec58262cb9ca378f79dea9c4f1baee0c939d134bdeccfba91a46dd70eaae,"{""artifact"":""https://crowdin.com/project/pcsx2"",""sha256"":""283888cff5323d0d5845c4671a09b6eeb39dd942c960f19a0f61f99410798654""}"
421e7829f1fbcc7b2dd1633c,Native Scaling:,Ursprunglig skalning:,PCSX2,crowdin-current-ui-batch10-20260920,"GraphicsUpscalingFixesSettingsTab
../Settings/GraphicsUpscalingFixesSettingsTab.ui:96",,project-context,d2f7718685281876a8b1059a,reviewed-receipt,https://github.com/yeager/translations/blob/67e6d27877c9cfd6b6dbc74bd852b10bdbe09c3c/PCSX2/crowdin-current-ui-batch10-20260920.json,3c14ee97d43ded3046a999eef4784f22e73a1576e3b07915345f50e5fc2d9296,"{""artifact"":""https://crowdin.com/project/pcsx2"",""sha256"":""a565888bfa72c9f64c9c6c0753a0fe0a5e399d9ce8bc70f7800c3a078f56e01f""}"
4223e5004b4f8173abe5b2da,Analysis,Analys,PCSX2,crowdin-current-ui-batch20-20260920,"DebugAnalysisSettingsTab
../Settings/DebugAnalysisSettingsTab.ui:45",Publiceringsförsöket nekades enligt det äldre kvittot; texten är ett lokalt granskningsförslag.,project-context,2812c6faceef1d826a56e087,reviewed-local,https://github.com/yeager/translations/blob/67e6d27877c9cfd6b6dbc74bd852b10bdbe09c3c/PCSX2/crowdin-current-ui-batch20-20260920.json,b9f3010178fb1ba2ee5cb59570e69caac32abf9f9b7229bf26b14b3a321dc236,"{""artifact"":""https://crowdin.com/project/pcsx2"",""sha256"":""93c3ffc51d4ab1fa13aa58fcc5ce82b9c5bdf64d0ae4009fc1a8db430de356ee""}"
4259305d4d74e2c941292e0d,Disable Readbacks (Synchronize GS Thread),Inaktivera återläsningar (synkronisera GS-tråd),PCSX2,crowdin-current-ui-batch14-20260920,"GraphicsAdvancedSettingsTab
../Settings/GraphicsAdvancedSettingsTab.ui:53",Publiceringsförsöket nekades enligt det äldre kvittot; texten är ett lokalt granskningsförslag.,project-context,3e41d7d798b12fbfd8df5bb2,reviewed-local,https://github.com/yeager/translations/blob/67e6d27877c9cfd6b6dbc74bd852b10bdbe09c3c/PCSX2/crowdin-current-ui-batch14-20260920.json,9f0ff248176205a3bda2eb3f8c6f8e1ab1d89f1ac984b49ef2d06f0eb6672cce,"{""artifact"":""https://crowdin.com/project/pcsx2"",""sha256"":""8f86f4ceb93f3b89dc60bf6ac1b9574a9c0ae08c97f42a6968a962be2bd7eaa6""}"
4267b334ede045d3cbb161ee,Unlimited,Obegränsat,PCSX2,crowdin-current-ui-batch58-20260920,"MainWindow
../MainWindow.cpp:398",,project-context,481431a0adf29ae63d6adde1,reviewed-receipt,https://github.com/yeager/translations/blob/67e6d27877c9cfd6b6dbc74bd852b10bdbe09c3c/PCSX2/crowdin-current-ui-batch58-20260920.json,63dc6922c386d319276df2094a26afd341a8755f207ce8908444de581c157b66,"{""artifact"":""https://crowdin.com/project/pcsx2"",""sha256"":""bcb59b070d446f2ec4030d201f3124a72a84c15fab6eaaa9167140fa6665b7ec""}"
42a034c6bfb1b5c8344c6634,Power Up,Öka effekt,PCSX2,Crowdin UI,,"Granskad filleverans. Endast färdiga, aktiva översättningar tas med; detta är inte ett påstående om separat registrerat radbeslut för varje oförändrad post.",project-context,e82b03c67f0bac9320011867,reviewed-file-delivery,https://crowdin.com/project/pcsx2,c5f591f1edc9553e40265bc0be0fe67c8e4252c052a1cf8ecfb524489a5aff60,{}
43364e093f975114534d996d,Vertical Stretch:,Vertikal sträckning:,PCSX2,crowdin-current-ui-batch24-20260920,"GraphicsDisplaySettingsTab
../Settings/GraphicsDisplaySettingsTab.ui:153",,project-context,99518efe084c06848631e56f,reviewed-receipt,https://github.com/yeager/translations/blob/67e6d27877c9cfd6b6dbc74bd852b10bdbe09c3c/PCSX2/crowdin-current-ui-batch24-20260920.json,ee2587e30ef9f54541bdbfb4dfcf7512e05bd487cd41e18f4834c7ff3b6d4915,"{""artifact"":""https://crowdin.com/project/pcsx2"",""sha256"":""1678f1b60a4fcff65154e6003ce0953b17207ec9a355932bc14f28d5aeb5ced7""}"
433a30e776b3e28668a57a76,Internal Resolution (No Aspect Correction),Intern upplösning (ingen korrigering av bildförhållande),PCSX2,crowdin-current-ui-batch45-20260920,"FullscreenUI
../../pcsx2/ImGui/FullscreenUI_Settings.cpp:6661",Publiceringsförsöket nekades enligt det äldre kvittot; texten är ett lokalt granskningsförslag.,project-context,2391bee9d992636cdffb71f6,reviewed-local,https://github.com/yeager/translations/blob/67e6d27877c9cfd6b6dbc74bd852b10bdbe09c3c/PCSX2/crowdin-current-ui-batch45-20260920.json,4c2583095ac82af7cbd5d2e9b388582811e469f82c52448518b800a7bc23bdc8,"{""artifact"":""https://crowdin.com/project/pcsx2"",""sha256"":""8b5369a1d23cd8f1b5e807c169b82ffeb8fabe0e5c59b08b7276f1ba3e9e9cce""}"
4346ad6b387ab348c4aad8b2,Browse...,Bläddra…,PCSX2,crowdin-current-ui-batch37-20260920,"ShortcutCreationDialog
../ShortcutCreationDialog.ui:110
../ShortcutCreationDialog.ui:215
../ShortcutCreationDialog.ui:379",,project-context,d66ac83e351b527a0521235a,reviewed-receipt,https://github.com/yeager/translations/blob/67e6d27877c9cfd6b6dbc74bd852b10bdbe09c3c/PCSX2/crowdin-current-ui-batch37-20260920.json,3d30ac42902a2603744414716b97c7784c4b7f2491b297a70bd0590534da88f4,"{""artifact"":""https://crowdin.com/project/pcsx2"",""sha256"":""19ee115152b600535f6ccee57ac839de8b8391505b30bcb9115d79153dc90944""}"
436565014f1b3b793b0faf50,Prioritize Lower Bits,Prioritera lägre bitar,PCSX2,Crowdin UI,,"Granskad filleverans. Endast färdiga, aktiva översättningar tas med; detta är inte ett påstående om separat registrerat radbeslut för varje oförändrad post.",project-context,3e110edd5f7189e9fd22e831,reviewed-file-delivery,https://crowdin.com/project/pcsx2,c5f591f1edc9553e40265bc0be0fe67c8e4252c052a1cf8ecfb524489a5aff60,{}
436789a9ba9afecb0415d430,Replay Frame End:,Slutbildruta för uppspelning:,PCSX2,crowdin-current-ui-batch63-20260920,"DebugGSSettingsTab
../Settings/DebugGSSettingsTab.ui:283",Publiceringsförsöket nekades enligt det äldre kvittot; texten är ett lokalt granskningsförslag.,project-context,3b2740fdc26d2e7f2cd9716e,reviewed-local,https://github.com/yeager/translations/blob/67e6d27877c9cfd6b6dbc74bd852b10bdbe09c3c/PCSX2/crowdin-current-ui-batch63-20260920.json,08ff78cfcd818cefe89524c4604550c53e468e64909a3ca76a582c3f0c9c5540,"{""artifact"":""https://crowdin.com/project/pcsx2"",""sha256"":""d56fe255779b012f297f94eedfc54a54e4c913c0e8b2b3d0bbcd58d9e441d35f""}"
436e7c289dbaebbe909dcd2e,Refresh Catalog,Uppdatera katalog,PCSX2,crowdin-current-ui-batch54-20260920,"OsdFontPickerDialog
../Settings/OsdFontPickerDialog.ui:125",Publiceringsförsöket nekades enligt det äldre kvittot; texten är ett lokalt granskningsförslag.,project-context,2c6ef196b3e3c8295b83993b,reviewed-local,https://github.com/yeager/translations/blob/67e6d27877c9cfd6b6dbc74bd852b10bdbe09c3c/PCSX2/crowdin-current-ui-batch54-20260920.json,1ea914cd857e948af6e29d5981765e20bf4f3f3bfcd3d14fdfab548fae14eacc,"{""artifact"":""https://crowdin.com/project/pcsx2"",""sha256"":""340beee823beb8298e31fd7ac4e47e3cb83522cb9b77ecf7779acaed44677748""}"
43d1efd9212046313597fd73,Description,Beskrivning,PCSX2,crowdin-current-ui-batch28-20260920,"SavedAddressesModel
../Debugger/Memory/SavedAddressesModel.cpp:161",Publiceringsförsöket nekades enligt det äldre kvittot; texten är ett lokalt granskningsförslag.,project-context,c1efe9a81fb630f18cfa32e6,reviewed-local,https://github.com/yeager/translations/blob/67e6d27877c9cfd6b6dbc74bd852b10bdbe09c3c/PCSX2/crowdin-current-ui-batch28-20260920.json,6edf9357e080f44b992185b2f688a80546a47f78b1e6dc7048d1fa1c764180b5,"{""artifact"":""https://crowdin.com/project/pcsx2"",""sha256"":""e6966a3e8646232a7c29a4384459b2af5d8363709e1727ee2b4c0fd35a61407a""}"
443604171c944f8d3de11842, threads, trådar,PCSX2,crowdin-current-ui-batch27-20260920,"GraphicsSoftwareRenderingSettingsTab
../Settings/GraphicsSoftwareRenderingSettingsTab.ui:88",Publiceringsförsöket nekades enligt det äldre kvittot; texten är ett lokalt granskningsförslag.,project-context,f37deb4eb385b8294999e424,reviewed-local,https://github.com/yeager/translations/blob/67e6d27877c9cfd6b6dbc74bd852b10bdbe09c3c/PCSX2/crowdin-current-ui-batch27-20260920.json,daf14a4c22835aeb84f9a6f6d33a6c69ac188b84259e32a73fa4a47caa65dc63,"{""artifact"":""https://crowdin.com/project/pcsx2"",""sha256"":""68c54728034b0829bcb719a386fa13ed685ffc14f00edaf025ff4cead9d5789a""}"
4461148ffdc917a817ce69b6,Slow-Motion Speed,Hastighet för långsam uppspelning,PCSX2,crowdin-current-ui-batch56-20260920,"FullscreenUI
../../pcsx2/ImGui/FullscreenUI_Settings.cpp:6788",,project-context,85574a8021b7a339e04a4e1c,reviewed-receipt,https://github.com/yeager/translations/blob/67e6d27877c9cfd6b6dbc74bd852b10bdbe09c3c/PCSX2/crowdin-current-ui-batch56-20260920.json,e544f4e37b292a5a59167a947672fb099eeaff33c9d732c3cd8e9184cd9a4307,"{""artifact"":""https://crowdin.com/project/pcsx2"",""sha256"":""96d77909a6ddf34438dff5d28e1d005a6498607986ead3156415e091332083d6""}"
4494ee2c9f61dd5bd139cefd,Unlock Notification Duration,Varaktighet för upplåsningsnotis,PCSX2,crowdin-current-ui-batch59-20260920,"AchievementSettingsWidget
../Settings/AchievementSettingsWidget.cpp:57",,project-context,92ed8a4c320fb203989aed5f,reviewed-receipt,https://github.com/yeager/translations/blob/67e6d27877c9cfd6b6dbc74bd852b10bdbe09c3c/PCSX2/crowdin-current-ui-batch59-20260920.json,9f38fdcde8389b4381406c889374f3d78d817dcfb9ea2ab1119de66a68266465,"{""artifact"":""https://crowdin.com/project/pcsx2"",""sha256"":""42a3eb13de4186bda68c5548a082d101a736c0a24035e3b119e17b01aeebc75a""}"
449a560fd37b6355168ed75c,Native Scaling,Ursprunglig skalning,PCSX2,crowdin-current-ui-batch6-20260920,"GraphicsSettingsWidget
../Settings/GraphicsSettingsWidget.cpp:682",,project-context,1e4a380bed17e152b1808102,reviewed-receipt,https://github.com/yeager/translations/blob/67e6d27877c9cfd6b6dbc74bd852b10bdbe09c3c/PCSX2/crowdin-current-ui-batch6-20260920.json,eb7ae206e0c74bdc70f0bf3439bd87f935bfd8ae85feb90ab9f43919304a6c09,"{""artifact"":""https://crowdin.com/project/pcsx2"",""sha256"":""48287fad57ff49269c609b3efaa661f36cc9dac021aaaf49550dd38f355f02b9""}"
44b44246172524858f583c7b,4xRGSS downsampling (4x Rotated Grid SuperSampling),Nedsampling med 4xRGSS (4x roterat rutnät med supersampling),PCSX2,crowdin-current-ui-batch27-20260920,"GraphicsPostProcessingSettingsTab
../Settings/GraphicsPostProcessingSettingsTab.ui:240",,project-context,2c9937773ffcf078ad2b0c68,reviewed-receipt,https://github.com/yeager/translations/blob/67e6d27877c9cfd6b6dbc74bd852b10bdbe09c3c/PCSX2/crowdin-current-ui-batch27-20260920.json,daf14a4c22835aeb84f9a6f6d33a6c69ac188b84259e32a73fa4a47caa65dc63,"{""artifact"":""https://crowdin.com/project/pcsx2"",""sha256"":""a1d4e32c925b3a20cc23e8c40df56b89fcb265218542eb7824f898a759bc4216""}"
4532b113535234a809af35e6, seconds, sekunder,PCSX2,crowdin-current-ui-batch8-20260920,"DebugGSSettingsTab
../Settings/DebugGSSettingsTab.ui:342",Publiceringsförsöket nekades enligt det äldre kvittot; texten är ett lokalt granskningsförslag.,project-context,981b0a4c34a5df8038de5daa,reviewed-local,https://github.com/yeager/translations/blob/67e6d27877c9cfd6b6dbc74bd852b10bdbe09c3c/PCSX2/crowdin-current-ui-batch8-20260920.json,6d671a2f5891b45d5687714706665353e2ac62d51b8d507209b9c6fd5769ca1f,"{""artifact"":""https://crowdin.com/project/pcsx2"",""sha256"":""739c7c521f01c2a2bc58a4b599cf56ad2dec3180000a61b9f3a4e1003e143522""}"
457caf2da123acc651905d74,Win Condition,Vinstvillkor,PCSX2,crowdin-current-ui-batch50-20260920,"Achievements
../../pcsx2/Achievements.cpp:2916",,project-context,5614ba9650d0f30d8ca106ca,reviewed-receipt,https://github.com/yeager/translations/blob/67e6d27877c9cfd6b6dbc74bd852b10bdbe09c3c/PCSX2/crowdin-current-ui-batch50-20260920.json,526c37bda266096897ffc29f6d90f1526ccd117934fef6462d4629b30c159187,"{""artifact"":""https://crowdin.com/project/pcsx2"",""sha256"":""c0d995f89ccc812a474fa4e0c1b5fb294c685c08a1b3225a69f29650a8780e98""}"
45d4166407235ce0e4c97123,Win Condition,Vinstvillkor,PCSX2,Crowdin UI,,"Granskad filleverans. Endast färdiga, aktiva översättningar tas med; detta är inte ett påstående om separat registrerat radbeslut för varje oförändrad post.",project-context,44600e76555e3461a5debd71,reviewed-file-delivery,https://crowdin.com/project/pcsx2,c5f591f1edc9553e40265bc0be0fe67c8e4252c052a1cf8ecfb524489a5aff60,{}
45e23f7367af2bd08f22864b,Game Info,Spelinformation,PCSX2,Crowdin UI,,"Granskad filleverans. Endast färdiga, aktiva översättningar tas med; detta är inte ett påstående om separat registrerat radbeslut för varje oförändrad post.",project-context,822ded827afe5ab7fd0c2b41,reviewed-file-delivery,https://crowdin.com/project/pcsx2,c5f591f1edc9553e40265bc0be0fe67c8e4252c052a1cf8ecfb524489a5aff60,{}
4630abd0235bfdfc5092cec1,Preload Frame Data,Förinläs bildrutedata,PCSX2,crowdin-current-ui-batch13-20260920,"GraphicsHardwareFixesSettingsTab
../Settings/GraphicsHardwareFixesSettingsTab.ui:347",Publiceringsförsöket nekades enligt det äldre kvittot; texten är ett lokalt granskningsförslag.,project-context,8835c0d459a0f00a8a0ef761,reviewed-local,https://github.com/yeager/translations/blob/67e6d27877c9cfd6b6dbc74bd852b10bdbe09c3c/PCSX2/crowdin-current-ui-batch13-20260920.json,623ec591b5fcb41c8d897353bf192b4285c0b8b4a6be7d0f716afe784de07e1d,"{""artifact"":""https://crowdin.com/project/pcsx2"",""sha256"":""52c4a08e33d759ce005d90ec5358e2c7e25f474cec724e370f480a9fa9084e36""}"
4651be7891d463dd70297840,Enter the Subnet Mask,Ange nätmasken,PCSX2,crowdin-current-ui-batch34-20260920,"FullscreenUI
../../pcsx2/ImGui/FullscreenUI_Settings.cpp:6098",,project-context,f024e5d7cabd179d01125999,reviewed-receipt,https://github.com/yeager/translations/blob/67e6d27877c9cfd6b6dbc74bd852b10bdbe09c3c/PCSX2/crowdin-current-ui-batch34-20260920.json,8d6bc4cd53749b6ed56459f38c0244781001a3de538ab116fa6b6c047f93e6ed,"{""artifact"":""https://crowdin.com/project/pcsx2"",""sha256"":""cb44abeae0be2bff77a33b82c5bdd1fd852747be4f4aa2b243e8e7011790fc78""}"
467ea52c3b9b35e21433352e,Media Capture,Medieinspelning,PCSX2,crowdin-current-ui-batch8-20260920,"FullscreenUI
../../pcsx2/ImGui/FullscreenUI_Settings.cpp:6256",,project-context,7bba97043c57d9cbab673e4f,reviewed-receipt,https://github.com/yeager/translations/blob/67e6d27877c9cfd6b6dbc74bd852b10bdbe09c3c/PCSX2/crowdin-current-ui-batch8-20260920.json,6d671a2f5891b45d5687714706665353e2ac62d51b8d507209b9c6fd5769ca1f,"{""artifact"":""https://crowdin.com/project/pcsx2"",""sha256"":""5d00874f4be88a1fb9c39daa75e4d78404ee14e516f0224a8b39a4805889aa93""}"
46ac8c761c957ce8e0ac5d76,EE Cycle Skipping,Hoppning av EE-cykler,PCSX2,crowdin-current-ui-batch55-20260920,"EmulationSettingsWidget
../Settings/EmulationSettingsWidget.cpp:116",,project-context,777ddd4b89547c6d1fd78513,reviewed-receipt,https://github.com/yeager/translations/blob/67e6d27877c9cfd6b6dbc74bd852b10bdbe09c3c/PCSX2/crowdin-current-ui-batch55-20260920.json,eef7fecf9007fb67b7321b88ecfd43d8a1e78e3c19d6b14ffe23010d7cdbe6b1,"{""artifact"":""https://crowdin.com/project/pcsx2"",""sha256"":""5d061f9172b2c41e18fb44ca48eaa14c4444625841489d617e9760b6941183bf""}"
46f52556a963d5daca525642,Determines the simulated Ethernet adapter type.,Anger typen av simulerad Ethernet-adapter.,PCSX2,crowdin-current-ui-batch34-20260920,"FullscreenUI
../../pcsx2/ImGui/FullscreenUI_Settings.cpp:6339",,project-context,e4e0cdf5f0e9054db849de0f,reviewed-receipt,https://github.com/yeager/translations/blob/67e6d27877c9cfd6b6dbc74bd852b10bdbe09c3c/PCSX2/crowdin-current-ui-batch34-20260920.json,8d6bc4cd53749b6ed56459f38c0244781001a3de538ab116fa6b6c047f93e6ed,"{""artifact"":""https://crowdin.com/project/pcsx2"",""sha256"":""28c293867f74a92be8521c0bd5670b5701b6ca257d268597efcbcd5fc05cc278""}"
4722b9b98c19fd22f3f02650,Automatic (Default),Automatisk (standard),PCSX2,crowdin-current-ui-batch13-20260920,"GraphicsHardwareRenderingSettingsTab
../Settings/GraphicsHardwareRenderingSettingsTab.ui:188",,project-context,b20922d60d38475854ad3fdc,reviewed-receipt,https://github.com/yeager/translations/blob/67e6d27877c9cfd6b6dbc74bd852b10bdbe09c3c/PCSX2/crowdin-current-ui-batch13-20260920.json,623ec591b5fcb41c8d897353bf192b4285c0b8b4a6be7d0f716afe784de07e1d,"{""artifact"":""https://crowdin.com/project/pcsx2"",""sha256"":""f0a1e906686f8717a7eaca65cbff5003cc4362e6b3b6c18cad899b37c26f77a5""}"
47a77fcfd08e5c3220d7a839,Search on Redump.info...,Sök på Redump.info …,PCSX2,Crowdin UI,,"Granskad filleverans. Endast färdiga, aktiva översättningar tas med; detta är inte ett påstående om separat registrerat radbeslut för varje oförändrad post.",project-context,5b356d0b16e4ab017948d882,reviewed-file-delivery,https://crowdin.com/project/pcsx2,c5f591f1edc9553e40265bc0be0fe67c8e4252c052a1cf8ecfb524489a5aff60,{}
47cb96dde18d2f707b4bc2cc,Estimate Texture Region,Beräkna texturregion,PCSX2,crowdin-current-ui-batch13-20260920,"GraphicsHardwareFixesSettingsTab
../Settings/GraphicsHardwareFixesSettingsTab.ui:291",,project-context,0b10d214d106addb79d604cf,reviewed-receipt,https://github.com/yeager/translations/blob/67e6d27877c9cfd6b6dbc74bd852b10bdbe09c3c/PCSX2/crowdin-current-ui-batch13-20260920.json,623ec591b5fcb41c8d897353bf192b4285c0b8b4a6be7d0f716afe784de07e1d,"{""artifact"":""https://crowdin.com/project/pcsx2"",""sha256"":""925f67d598762b34c96806de44eba0a4eb14286a09cbe2fdee135989067ca879""}"
47d190f88a2fa786edd57518,Open Memory Card Folder,Öppna minneskortsmapp,PCSX2,Crowdin UI,,"Granskad filleverans. Endast färdiga, aktiva översättningar tas med; detta är inte ett påstående om separat registrerat radbeslut för varje oförändrad post.",project-context,874f249adaff0d3d9bb59af8,reviewed-file-delivery,https://crowdin.com/project/pcsx2,c5f591f1edc9553e40265bc0be0fe67c8e4252c052a1cf8ecfb524489a5aff60,{}
482facdf5021ae34cc782944,Enable Recompiler,Aktivera omkompilator,PCSX2,Crowdin UI,,"Granskad filleverans. Endast färdiga, aktiva översättningar tas med; detta är inte ett påstående om separat registrerat radbeslut för varje oförändrad post.",project-context,94aaea6663aebadab2e682a7,reviewed-file-delivery,https://crowdin.com/project/pcsx2,c5f591f1edc9553e40265bc0be0fe67c8e4252c052a1cf8ecfb524489a5aff60,{}
485e21e5e0ed497f0a24ffaa,Subsets,Delmängder,PCSX2,Crowdin UI,,"Granskad filleverans. Endast färdiga, aktiva översättningar tas med; detta är inte ett påstående om separat registrerat radbeslut för varje oförändrad post.",project-context,2f2ae34186b606fa8ebde70a,reviewed-file-delivery,https://crowdin.com/project/pcsx2,c5f591f1edc9553e40265bc0be0fe67c8e4252c052a1cf8ecfb524489a5aff60,{}
48aa39ecf3660c285b6b11d3,Uncompressed,Okomprimerad,PCSX2,crowdin-current-ui-batch23-20260920,"GraphicsAdvancedSettingsTab
../Settings/GraphicsAdvancedSettingsTab.ui:82",Publiceringsförsöket nekades enligt det äldre kvittot; texten är ett lokalt granskningsförslag.,project-context,47dea169268eb8e861c48302,reviewed-local,https://github.com/yeager/translations/blob/67e6d27877c9cfd6b6dbc74bd852b10bdbe09c3c/PCSX2/crowdin-current-ui-batch23-20260920.json,94825b8000dc084475f7ee18208d828359829f994a9e4d0dfc9ec3c3d325f60e,"{""artifact"":""https://crowdin.com/project/pcsx2"",""sha256"":""8beafb4ce38d4a710ccdeef7ad3071721ce9835fe2c06855514b3c5960d43f04""}"
48ab8569af88e33a92f03847,&Video Capture,&Videoinspelning,PCSX2,crowdin-current-ui-batch10-20260920,"MainWindow
In Toolbar
../MainWindow.ui:1080",,project-context,9048f2a03b642fe911d579bc,reviewed-receipt,https://github.com/yeager/translations/blob/67e6d27877c9cfd6b6dbc74bd852b10bdbe09c3c/PCSX2/crowdin-current-ui-batch10-20260920.json,3c14ee97d43ded3046a999eef4784f22e73a1576e3b07915345f50e5fc2d9296,"{""artifact"":""https://crowdin.com/project/pcsx2"",""sha256"":""f85f09f73955b0814a315472ccd8b374f89591421f3fdc9962192ca50971ee46""}"
48b10407d6af948953621b76,Driver,Drivrutin,PCSX2,crowdin-current-ui-batch60-20260920,"AudioSettingsWidget
../Settings/AudioSettingsWidget.cpp:110",Publiceringsförsöket nekades enligt det äldre kvittot; texten är ett lokalt granskningsförslag.,project-context,15ef8b0034f6086c0ded59b8,reviewed-local,https://github.com/yeager/translations/blob/67e6d27877c9cfd6b6dbc74bd852b10bdbe09c3c/PCSX2/crowdin-current-ui-batch60-20260920.json,8c6cbd32b1310e0a049b06bc12d78c06699e0e814d471dcdf308e46e1f1388d6,"{""artifact"":""https://crowdin.com/project/pcsx2"",""sha256"":""ab30ea970dcc92fafdeedf6872bd7b34c6cc5ee18c5b65fc2948b69da293e9bf""}"
49088b4bc5ba456e9699ebb3,Center,I mitten,PCSX2,crowdin-current-ui-batch17-20260920,"AchievementSettingsWidget
../Settings/AchievementSettingsWidget.ui:296
../Settings/AchievementSettingsWidget.ui:354",,project-context,a5897a1305861641e30d8817,reviewed-receipt,https://github.com/yeager/translations/blob/67e6d27877c9cfd6b6dbc74bd852b10bdbe09c3c/PCSX2/crowdin-current-ui-batch17-20260920.json,c3e8ec58262cb9ca378f79dea9c4f1baee0c939d134bdeccfba91a46dd70eaae,"{""artifact"":""https://crowdin.com/project/pcsx2"",""sha256"":""3880688fc1b79fdb3c759be5f91b1ebf7748aab63c9ab9c2b98eb4479ce64a60""}"
490e6deb4953a6fc98f2801e,Failed to read regs data.,Det gick inte att läsa registerdata.,PCSX2,crowdin-current-ui-batch43-20260920,"GSDumpFile
../../pcsx2/GS/GSLzma.cpp:127",,project-context,28c61b1731b9a39cb8bc9120,reviewed-receipt,https://github.com/yeager/translations/blob/67e6d27877c9cfd6b6dbc74bd852b10bdbe09c3c/PCSX2/crowdin-current-ui-batch43-20260920.json,f579d21901c076c71bfe3d8f99475909dc2a77edf2cbda40a55f781cfb57432e,"{""artifact"":""https://crowdin.com/project/pcsx2"",""sha256"":""64cd92aeacdfd1fc1adfe9150e6b93f6c55938c1d0bc16b2dd69664dd55d2337""}"
492646fed62f4526f9a55fa6,Browse...,Bläddra…,PCSX2,crowdin-current-ui-batch34-20260920,"FullscreenUI
../../pcsx2/ImGui/FullscreenUI_Settings.cpp:6058",,project-context,d47cfdbad7a84cbb2af214c9,reviewed-receipt,https://github.com/yeager/translations/blob/67e6d27877c9cfd6b6dbc74bd852b10bdbe09c3c/PCSX2/crowdin-current-ui-batch34-20260920.json,8d6bc4cd53749b6ed56459f38c0244781001a3de538ab116fa6b6c047f93e6ed,"{""artifact"":""https://crowdin.com/project/pcsx2"",""sha256"":""ab55a6ad748f442ec1a0dcb71977d91e28053121a26a19ccfce8f08736999e27""}"
49673ee171af8a4f3e6adc94,Center Left,I mitten till vänster,PCSX2,crowdin-current-ui-batch17-20260920,"AchievementSettingsWidget
../Settings/AchievementSettingsWidget.ui:291
../Settings/AchievementSettingsWidget.ui:349",,project-context,21e11d8b79bfe8fa13817250,reviewed-receipt,https://github.com/yeager/translations/blob/67e6d27877c9cfd6b6dbc74bd852b10bdbe09c3c/PCSX2/crowdin-current-ui-batch17-20260920.json,c3e8ec58262cb9ca378f79dea9c4f1baee0c939d134bdeccfba91a46dd70eaae,"{""artifact"":""https://crowdin.com/project/pcsx2"",""sha256"":""512e94e3a2657ccd60d9a275b656a2e7976d42ca24020c9ebdf10697158ddb7f""}"
496e59377c37ee9b94e0d289,GS Dump Compression:,Komprimering av GS-dump:,PCSX2,crowdin-current-ui-batch14-20260920,"GraphicsAdvancedSettingsTab
../Settings/GraphicsAdvancedSettingsTab.ui:71",,project-context,9c18375e575d1f0a1ae517be,reviewed-receipt,https://github.com/yeager/translations/blob/67e6d27877c9cfd6b6dbc74bd852b10bdbe09c3c/PCSX2/crowdin-current-ui-batch14-20260920.json,9f0ff248176205a3bda2eb3f8c6f8e1ab1d89f1ac984b49ef2d06f0eb6672cce,"{""artifact"":""https://crowdin.com/project/pcsx2"",""sha256"":""8dc8a6b28caf2404c8f1cd1ebdeb6c0c31eca069fcb2aba9672d7a5d52f2f7f1""}"
49c665b56bc96684aa49c86a,Follow Address,Följ adress,PCSX2,crowdin-current-ui-batch16-20260920,"MemoryView
../Debugger/Memory/MemoryView.cpp:838",Publiceringsförsöket nekades enligt det äldre kvittot; texten är ett lokalt granskningsförslag.,project-context,e3ea94e4092062f62e2c8224,reviewed-local,https://github.com/yeager/translations/blob/67e6d27877c9cfd6b6dbc74bd852b10bdbe09c3c/PCSX2/crowdin-current-ui-batch16-20260920.json,97ddb02a5c2e9d349bcc0facea2f2c65740a59d833cbc32e9a26b9d72a9feeb5,"{""artifact"":""https://crowdin.com/project/pcsx2"",""sha256"":""279f3409169f591c5e1d9ba8f16f07952920230fbe42a199e459dfc85b0b6f93""}"
4a07fc4e6e5effd7b275508d,On Startup & When Enabled,Vid start och när aktiverad,PCSX2,crowdin-current-ui-batch48-20260920,"Time when a patch is applied.
Patch
../../pcsx2/Patch.cpp:1847",Publiceringsförsöket nekades enligt det äldre kvittot; texten är ett lokalt granskningsförslag.,project-context,17a715d6a8a2d9c6869e5eca,reviewed-local,https://github.com/yeager/translations/blob/67e6d27877c9cfd6b6dbc74bd852b10bdbe09c3c/PCSX2/crowdin-current-ui-batch48-20260920.json,53a6bd5e6ff3e33c37224589c725b25f42041f0d7158bccac5d4cfdc56ac0074,"{""artifact"":""https://crowdin.com/project/pcsx2"",""sha256"":""6e306d94cc87255ea3db557aec893e166f70d7bc45760eff6e7e802bc3c82039""}"
4a0ebd2ad99efc9238658963,System font families: loading...,Teckensnittsfamiljer i systemet: läser in …,PCSX2,crowdin-current-ui-batch52-20260920,"OSDFontPickerDialog
../Settings/OsdFontPickerDialog.cpp:137",,project-context,7b20d31218681d7f9dc27fc4,reviewed-receipt,https://github.com/yeager/translations/blob/67e6d27877c9cfd6b6dbc74bd852b10bdbe09c3c/PCSX2/crowdin-current-ui-batch52-20260920.json,8cfffc76ca6e36b6b86d335ad9a92ba99954d58c53ce7d299caec541e1b3ff9b,"{""artifact"":""https://crowdin.com/project/pcsx2"",""sha256"":""dfe6172c96965e935ec3e7093a82d0e004bf7a296814998fa937ea838d313f3b""}"
4aa63c77bf0eccf795e78093,Software Dump Directory:,Katalog för programvarudumpar:,PCSX2,crowdin-current-ui-batch21-20260920,"DebugGSSettingsTab
../Settings/DebugGSSettingsTab.ui:191",,project-context,c8b02e025d03f69694980427,reviewed-receipt,https://github.com/yeager/translations/blob/67e6d27877c9cfd6b6dbc74bd852b10bdbe09c3c/PCSX2/crowdin-current-ui-batch21-20260920.json,a17a684939c7836f99eed6a2beb5c914bdeb5bc299843bbd766ce571585ee88e,"{""artifact"":""https://crowdin.com/project/pcsx2"",""sha256"":""a1005dfca1b361bc6e4261b2fcb9d2074cde4261e19e6a44d5a48a262bb8d17c""}"
4ada3a0d18f2445c14bd4373,Bottom Right,Nere till höger,PCSX2,crowdin-current-ui-batch18-20260920,"FullscreenUI
../../pcsx2/ImGui/FullscreenUI_Settings.cpp:5039
../../pcsx2/ImGui/FullscreenUI_Settings.cpp:6722",,project-context,e23649fd387c7f75e34e3e52,reviewed-receipt,https://github.com/yeager/translations/blob/67e6d27877c9cfd6b6dbc74bd852b10bdbe09c3c/PCSX2/crowdin-current-ui-batch18-20260920.json,d0045488eb1eee4246057f420111c6313a5a756b798114b9e4b249ca38af16a7,"{""artifact"":""https://crowdin.com/project/pcsx2"",""sha256"":""0db280823b7c996e8ae3c045c7f3c11f2feb94412e59a08424b2e692756e9eea""}"
4af9af07f15c33ca7d81528c,Use Blit Swap Chain,Använd blit-swap-kedja,PCSX2,crowdin-current-ui-batch57-20260920,"FullscreenUI
../../pcsx2/ImGui/FullscreenUI_Settings.cpp:6896",,project-context,de1f35ae3771ec02d8fb966f,reviewed-receipt,https://github.com/yeager/translations/blob/67e6d27877c9cfd6b6dbc74bd852b10bdbe09c3c/PCSX2/crowdin-current-ui-batch57-20260920.json,5c871fa681fe60ac837787f04a021e0897b135316665fb1695de5041b8a5e637,"{""artifact"":""https://crowdin.com/project/pcsx2"",""sha256"":""d406d32d8e6b7b35927abc177e0dfdd77cec3c886b16ad99f72e9ff0faababd1""}"
4b02d874b827074ad84209cc,None (Default),Ingen (standard),PCSX2,crowdin-current-ui-batch19-20260920,"Hotkeys
../../pcsx2/GS/GS.cpp:1358",,project-context,1ae3d61c0c17dace667871ff,reviewed-receipt,https://github.com/yeager/translations/blob/67e6d27877c9cfd6b6dbc74bd852b10bdbe09c3c/PCSX2/crowdin-current-ui-batch19-20260920.json,17ccc6616b1cef815b61276809e4efb6b66f1930c7e5c53901c22a4c000bffb9,"{""artifact"":""https://crowdin.com/project/pcsx2"",""sha256"":""e6478e62b1c88efd68f79f783d2fb6cb98fd66bba1d4e2265af204c1531e189a""}"
4b28642c2372e1bd9eabc7be,NxAGSS downsampling (Nx Automatic Grid SuperSampling),Nedsampling med NxAGSS (Nx automatiskt rutnät med supersampling),PCSX2,crowdin-current-ui-batch27-20260920,"GraphicsPostProcessingSettingsTab
../Settings/GraphicsPostProcessingSettingsTab.ui:245",,project-context,4f75cd5fa1eb28ccda922b92,reviewed-receipt,https://github.com/yeager/translations/blob/67e6d27877c9cfd6b6dbc74bd852b10bdbe09c3c/PCSX2/crowdin-current-ui-batch27-20260920.json,daf14a4c22835aeb84f9a6f6d33a6c69ac188b84259e32a73fa4a47caa65dc63,"{""artifact"":""https://crowdin.com/project/pcsx2"",""sha256"":""fd97fa75a696ba613765c17c82d40be6563b06933946bc4296f6e17d2f74641b""}"
4b41190ce6be3fd2a15fd063,Enabled (All Primitives),Aktiverad (alla primitiver),PCSX2,crowdin-current-ui-batch24-20260920,"GraphicsHardwareFixesSettingsTab
../Settings/GraphicsHardwareFixesSettingsTab.ui:267",Publiceringsförsöket nekades enligt det äldre kvittot; texten är ett lokalt granskningsförslag.,project-context,37cf0aa378bfeec0b0719522,reviewed-local,https://github.com/yeager/translations/blob/67e6d27877c9cfd6b6dbc74bd852b10bdbe09c3c/PCSX2/crowdin-current-ui-batch24-20260920.json,ee2587e30ef9f54541bdbfb4dfcf7512e05bd487cd41e18f4834c7ff3b6d4915,"{""artifact"":""https://crowdin.com/project/pcsx2"",""sha256"":""de6e5448a900804ab8105e7d0c7f0ffa4bd80b8c1911bf52d584c44c47233090""}"
4b48e2e09e544fdab395a749,Video Recording Directory,Katalog för videoinspelningar,PCSX2,crowdin-current-ui-batch50-20260920,"FolderSettingsWidget
../Settings/FolderSettingsWidget.ui:254",Publiceringsförsöket nekades enligt det äldre kvittot; texten är ett lokalt granskningsförslag.,project-context,6a41277cc222dd0abdb083e6,reviewed-local,https://github.com/yeager/translations/blob/67e6d27877c9cfd6b6dbc74bd852b10bdbe09c3c/PCSX2/crowdin-current-ui-batch50-20260920.json,526c37bda266096897ffc29f6d90f1526ccd117934fef6462d4629b30c159187,"{""artifact"":""https://crowdin.com/project/pcsx2"",""sha256"":""207b65cfef24eab9bd07064a7a06d7ea0b9a10a333fa4e236d2f6bcd374d980d""}"
4b5422ef59ecb6709a7f60c9,0 (Disabled),0 (inaktiverad),PCSX2,crowdin-current-ui-batch24-20260920,"0 (Disabled)
GraphicsHardwareFixesSettingsTab
../Settings/GraphicsHardwareFixesSettingsTab.ui:75
../Settings/GraphicsHardwareFixesSettingsTab.ui:221
../Settings/GraphicsHardwareFixesSettingsTab.ui:228",,project-context,705595054693805a4fb4d3ec,reviewed-receipt,https://github.com/yeager/translations/blob/67e6d27877c9cfd6b6dbc74bd852b10bdbe09c3c/PCSX2/crowdin-current-ui-batch24-20260920.json,ee2587e30ef9f54541bdbfb4dfcf7512e05bd487cd41e18f4834c7ff3b6d4915,"{""artifact"":""https://crowdin.com/project/pcsx2"",""sha256"":""834e2a247b1313e7fcf396a010fbf361c2fb949c38fcbf264233512fc9569a0a""}"
4b594126fd18cd4ebdd366f6,Save State Options,Alternativ för sparläge,PCSX2,crowdin-current-ui-batch37-20260920,"ShortcutCreationDialog
../ShortcutCreationDialog.ui:232",,project-context,e2d7b4c1692490946bb06fe3,reviewed-receipt,https://github.com/yeager/translations/blob/67e6d27877c9cfd6b6dbc74bd852b10bdbe09c3c/PCSX2/crowdin-current-ui-batch37-20260920.json,3d30ac42902a2603744414716b97c7784c4b7f2491b297a70bd0590534da88f4,"{""artifact"":""https://crowdin.com/project/pcsx2"",""sha256"":""4f3851508766c4cbdd473e37e1eef3c09315a0366d741dc8539f78e0f693ca9f""}"
4b5efae7ec36058d98bd24ca,Memory Card Type,Typ av minneskort,PCSX2,crowdin-current-ui-batch18-20260920,"FullscreenUI
../../pcsx2/ImGui/FullscreenUI_Settings.cpp:6970",Publiceringsförsöket nekades enligt det äldre kvittot; texten är ett lokalt granskningsförslag.,project-context,6920c1faaa92233e43b611f8,reviewed-local,https://github.com/yeager/translations/blob/67e6d27877c9cfd6b6dbc74bd852b10bdbe09c3c/PCSX2/crowdin-current-ui-batch18-20260920.json,d0045488eb1eee4246057f420111c6313a5a756b798114b9e4b249ca38af16a7,"{""artifact"":""https://crowdin.com/project/pcsx2"",""sha256"":""c01d58dea1a890f31dc742cf22997316815887f473f20bc6bb5752ff86a62666""}"
4b82f84cd0bbe589a0a5a81d,Extended Upscaling Multipliers,Utökade uppskalningsmultiplikatorer,PCSX2,crowdin-current-ui-batch23-20260920,"GraphicsAdvancedSettingsTab
../Settings/GraphicsAdvancedSettingsTab.ui:137",Publiceringsförsöket nekades enligt det äldre kvittot; texten är ett lokalt granskningsförslag.,project-context,f1d1cd220a8d77324bb8ba0e,reviewed-local,https://github.com/yeager/translations/blob/67e6d27877c9cfd6b6dbc74bd852b10bdbe09c3c/PCSX2/crowdin-current-ui-batch23-20260920.json,94825b8000dc084475f7ee18208d828359829f994a9e4d0dfc9ec3c3d325f60e,"{""artifact"":""https://crowdin.com/project/pcsx2"",""sha256"":""893573b6303bffbcf6c6c42a80be7c394349fce3ed4d8df8abe691861a88a231""}"
4b96a520237091a8c7c8cb18,Subnet Mask,Nätmask,PCSX2,crowdin-current-ui-batch60-20260920,"DEV9SettingsWidget
../Settings/DEV9SettingsWidget.cpp:204",Publiceringsförsöket nekades enligt det äldre kvittot; texten är ett lokalt granskningsförslag.,project-context,5208fc18b9c000968d3ef3ec,reviewed-local,https://github.com/yeager/translations/blob/67e6d27877c9cfd6b6dbc74bd852b10bdbe09c3c/PCSX2/crowdin-current-ui-batch60-20260920.json,8c6cbd32b1310e0a049b06bc12d78c06699e0e814d471dcdf308e46e1f1388d6,"{""artifact"":""https://crowdin.com/project/pcsx2"",""sha256"":""d65b52025ad9de0bbe5254e9f5e552b49d17497da4ba868d0067900c58cdf8e2""}"
4be59b28af060aeb07e2b373,Current Toolbar:,Aktuellt verktygsfält:,PCSX2,crowdin-current-ui-batch64-20260920,"ToolbarCustomizationDialog
../ToolbarCustomizationDialog.ui:105",Publiceringsförsöket nekades enligt det äldre kvittot; texten är ett lokalt granskningsförslag.,project-context,b8bf05e106e02358585218ff,reviewed-local,https://github.com/yeager/translations/blob/67e6d27877c9cfd6b6dbc74bd852b10bdbe09c3c/PCSX2/crowdin-current-ui-batch64-20260920.json,3eb6750c0d4249b01cf40b2787e9f2e9792529adfb274d1a979de2495c7acabc,"{""artifact"":""https://crowdin.com/project/pcsx2"",""sha256"":""19b756639d06d2e23820f5cc9caa3c26688cfa791bef3c2a9a98ffe2f1cedf98""}"
4bf0d79dcfd23177909572ee,Unchecked,Avmarkerad,PCSX2,crowdin-current-ui-batch20-20260920,"FolderSettingsWidget
../Settings/FolderSettingsWidget.cpp:33
../Settings/FolderSettingsWidget.cpp:39",Publiceringsförsöket nekades enligt det äldre kvittot; texten är ett lokalt granskningsförslag.,project-context,1277897f64904a69fd8e5dfd,reviewed-local,https://github.com/yeager/translations/blob/67e6d27877c9cfd6b6dbc74bd852b10bdbe09c3c/PCSX2/crowdin-current-ui-batch20-20260920.json,b9f3010178fb1ba2ee5cb59570e69caac32abf9f9b7229bf26b14b3a321dc236,"{""artifact"":""https://crowdin.com/project/pcsx2"",""sha256"":""eb2f2699637a50a32b50ae2744509faf6a0d6261e1d28e951005d68c0a610031""}"
4c461c317225286fb1e4469e,Show GPU Debug Info,Visa felsökningsinformation för GPU,PCSX2,crowdin-current-ui-batch53-20260920,"OSDSettingsWidget
../Settings/OSDSettingsWidget.ui:491
../Settings/OSDSettingsWidget.cpp:128",,project-context,fdf44e38ad7819bcbbe464cf,reviewed-receipt,https://github.com/yeager/translations/blob/67e6d27877c9cfd6b6dbc74bd852b10bdbe09c3c/PCSX2/crowdin-current-ui-batch53-20260920.json,cf9e3a076b0a7a4c9da64198f8216ad33f840f37229f480c53c816b8096dd673,"{""artifact"":""https://crowdin.com/project/pcsx2"",""sha256"":""d0319d375c844fb3de378b139d7952e9797fcf780a4faadb8046cdeee98a9016""}"
4c468d9672da989476fbfb4b,Invalid float value,Ogiltigt flyttalsvärde,PCSX2,crowdin-current-ui-batch33-20260920,"MemoryViewTable
../Debugger/Memory/MemoryView.cpp:324
../Debugger/Memory/MemoryView.cpp:361",Publiceringsförsöket nekades enligt det äldre kvittot; texten är ett lokalt granskningsförslag.,project-context,8b822f883ca48f973ce3641f,reviewed-local,https://github.com/yeager/translations/blob/67e6d27877c9cfd6b6dbc74bd852b10bdbe09c3c/PCSX2/crowdin-current-ui-batch33-20260920.json,db45917ba435e8eb96dc8e0386753426bf3263cb8c803cce452dbcc53f92b77f,"{""artifact"":""https://crowdin.com/project/pcsx2"",""sha256"":""f54327ee9433c0d84db57c033ff89da1fd6cd79866554e6ec2f3f287b5f691b0""}"
4c4b94a17e87a9597e45c265,Auto Flush,Automatisk rensning,PCSX2,crowdin-current-ui-batch56-20260920,"FullscreenUI
../../pcsx2/ImGui/FullscreenUI_Settings.cpp:6834",,project-context,14ecf7d601bd8fa512bfdf9d,reviewed-receipt,https://github.com/yeager/translations/blob/67e6d27877c9cfd6b6dbc74bd852b10bdbe09c3c/PCSX2/crowdin-current-ui-batch56-20260920.json,e544f4e37b292a5a59167a947672fb099eeaff33c9d732c3cd8e9184cd9a4307,"{""artifact"":""https://crowdin.com/project/pcsx2"",""sha256"":""da844b77109b928be4f22c08e06cf75c7a1f44da0d65025ef40b1cf655534703""}"
4c5447a92cd37e067d51ca15,Fast Boot Options,Alternativ för snabbstart,PCSX2,crowdin-current-ui-batch1-20260920,"BIOSSettingsWidget
../Settings/BIOSSettingsWidget.ui:138",,project-context,dd1913fb3305c0ff3730a782,reviewed-receipt,https://github.com/yeager/translations/blob/67e6d27877c9cfd6b6dbc74bd852b10bdbe09c3c/PCSX2/crowdin-current-ui-batch1-20260920.json,fbacbf8b449e630f42dbc651e3eb3d61f650cd4cb6d478d350f9a55ce6b87962,"{""artifact"":""https://crowdin.com/project/pcsx2"",""sha256"":""98fba83c26954303a7831ea55e08b822a7dfb7f74895d80bc35a032259ca392a""}"
4c5bac2e3bdb3475b6b60821,Second,Sekund,PCSX2,crowdin-current-ui-batch56-20260920,"FullscreenUI
../../pcsx2/ImGui/FullscreenUI_Settings.cpp:6803",,project-context,225c811e43768bb4a8919ac0,reviewed-receipt,https://github.com/yeager/translations/blob/67e6d27877c9cfd6b6dbc74bd852b10bdbe09c3c/PCSX2/crowdin-current-ui-batch56-20260920.json,e544f4e37b292a5a59167a947672fb099eeaff33c9d732c3cd8e9184cd9a4307,"{""artifact"":""https://crowdin.com/project/pcsx2"",""sha256"":""31243179b0f2b9d641159cef844aee85b6a465abdd750dfaff1a973a94d2c2f2""}"
4c940a5b07ade87687233730,Accurate Alpha Test,Noggrant alfatest,PCSX2,Crowdin UI,,"Granskad filleverans. Endast färdiga, aktiva översättningar tas med; detta är inte ett påstående om separat registrerat radbeslut för varje oförändrad post.",project-context,860151971028d1cf7e3315cd,reviewed-file-delivery,https://crowdin.com/project/pcsx2,c5f591f1edc9553e40265bc0be0fe67c8e4252c052a1cf8ecfb524489a5aff60,{}
4c9d23462e5888d3456d676a,Every Frame,Varje bildruta,PCSX2,crowdin-current-ui-batch48-20260920,"Time when a patch is applied.
Patch
../../pcsx2/Patch.cpp:1841",Publiceringsförsöket nekades enligt det äldre kvittot; texten är ett lokalt granskningsförslag.,project-context,757e69a1b2b684c5a8d5297a,reviewed-local,https://github.com/yeager/translations/blob/67e6d27877c9cfd6b6dbc74bd852b10bdbe09c3c/PCSX2/crowdin-current-ui-batch48-20260920.json,53a6bd5e6ff3e33c37224589c725b25f42041f0d7158bccac5d4cfdc56ac0074,"{""artifact"":""https://crowdin.com/project/pcsx2"",""sha256"":""a296d4945f1bc46d863ab2007394c273524218605a347d515fe47b77c4e2339d""}"
4cb1dcdb4d1c6ee22fa4f4f5,Dump Textures,Dumpa texturer,PCSX2,crowdin-current-ui-batch27-20260920,"GraphicsTextureReplacementSettingsTab
../Settings/GraphicsTextureReplacementSettingsTab.ui:47",Publiceringsförsöket nekades enligt det äldre kvittot; texten är ett lokalt granskningsförslag.,project-context,ba4da9e2ecd1affd3925e132,reviewed-local,https://github.com/yeager/translations/blob/67e6d27877c9cfd6b6dbc74bd852b10bdbe09c3c/PCSX2/crowdin-current-ui-batch27-20260920.json,daf14a4c22835aeb84f9a6f6d33a6c69ac188b84259e32a73fa4a47caa65dc63,"{""artifact"":""https://crowdin.com/project/pcsx2"",""sha256"":""0ca86ab1fa77b87ffd76ee414a60d4b63525d6070e1647c6264410f08087d835""}"
4d1c6f915b174169eb399fb6,Capture Audio,Spela in ljud,PCSX2,crowdin-current-ui-batch62-20260920,"GraphicsSettingsWidget
../Settings/GraphicsSettingsWidget.cpp:771",Publiceringsförsöket nekades enligt det äldre kvittot; texten är ett lokalt granskningsförslag.,project-context,f263671d39f9954e4be1fb56,reviewed-local,https://github.com/yeager/translations/blob/67e6d27877c9cfd6b6dbc74bd852b10bdbe09c3c/PCSX2/crowdin-current-ui-batch62-20260920.json,6f455bab497aab5f47fecf4d901525cee3a927cec35cd4f2f0dc82942d40dace,"{""artifact"":""https://crowdin.com/project/pcsx2"",""sha256"":""918a383f7c71736aea2a62e2968fe4bf30f70981348c7e8b78b7c695c4218b0c""}"
4d2bd8579ec0d634311e0cea,None,Ingen,PCSX2,crowdin-current-ui-batch17-20260920,"AchievementSettingsWidget
../Settings/AchievementSettingsWidget.ui:271",Publiceringsförsöket nekades enligt det äldre kvittot; texten är ett lokalt granskningsförslag.,project-context,6a0d37d10972ea9f41567ce8,reviewed-local,https://github.com/yeager/translations/blob/67e6d27877c9cfd6b6dbc74bd852b10bdbe09c3c/PCSX2/crowdin-current-ui-batch17-20260920.json,c3e8ec58262cb9ca378f79dea9c4f1baee0c939d134bdeccfba91a46dd70eaae,"{""artifact"":""https://crowdin.com/project/pcsx2"",""sha256"":""dbb7a3ffe3e5020f7a8b81ae8b65b8b2a18770a039bc3b5f3cff3d5715741847""}"
4d5c31f68b19757e5de4bafa,VPS: N/A,VPS: ej tillgängligt,PCSX2,Crowdin UI,,"Granskad filleverans. Endast färdiga, aktiva översättningar tas med; detta är inte ett påstående om separat registrerat radbeslut för varje oförändrad post.",project-context,6e0d81e42fa94dd28a988488,reviewed-file-delivery,https://crowdin.com/project/pcsx2,c5f591f1edc9553e40265bc0be0fe67c8e4252c052a1cf8ecfb524489a5aff60,{}
4d91ebd8a9d92c6c4bb23b14,Enable DualSense Player LED,Aktivera spelar-LED för DualSense,PCSX2,crowdin-current-ui-batch57-20260920,"FullscreenUI
../../pcsx2/ImGui/FullscreenUI_Settings.cpp:7004",,project-context,8d31223d53cc8aa521eb8843,reviewed-receipt,https://github.com/yeager/translations/blob/67e6d27877c9cfd6b6dbc74bd852b10bdbe09c3c/PCSX2/crowdin-current-ui-batch57-20260920.json,5c871fa681fe60ac837787f04a021e0897b135316665fb1695de5041b8a5e637,"{""artifact"":""https://crowdin.com/project/pcsx2"",""sha256"":""5aed4632495f868b9bdd59e246220321318db5d62535a3f35d32968f52b4f82c""}"
4db79b96d30ed160c71d0816,Notification Position,Aviseringsposition,PCSX2,crowdin-current-ui-batch17-20260920,"AchievementSettingsWidget
../Settings/AchievementSettingsWidget.cpp:71",,project-context,e2d7e468c3543bf726c04cea,reviewed-receipt,https://github.com/yeager/translations/blob/67e6d27877c9cfd6b6dbc74bd852b10bdbe09c3c/PCSX2/crowdin-current-ui-batch17-20260920.json,c3e8ec58262cb9ca378f79dea9c4f1baee0c939d134bdeccfba91a46dd70eaae,"{""artifact"":""https://crowdin.com/project/pcsx2"",""sha256"":""e9f3459d81136254c134badf2bdd88ed4ea81ba629be3cbb5a398c322a06e16d""}"
4e0e2b390155aa861bc183c6,Allow Exclusive Fullscreen:,Tillåt exklusiv helskärm:,PCSX2,crowdin-current-ui-batch14-20260920,"GraphicsAdvancedSettingsTab
../Settings/GraphicsAdvancedSettingsTab.ui:146",Publiceringsförsöket nekades enligt det äldre kvittot; texten är ett lokalt granskningsförslag.,project-context,03d33f06ac2df81500dd98be,reviewed-local,https://github.com/yeager/translations/blob/67e6d27877c9cfd6b6dbc74bd852b10bdbe09c3c/PCSX2/crowdin-current-ui-batch14-20260920.json,9f0ff248176205a3bda2eb3f8c6f8e1ab1d89f1ac984b49ef2d06f0eb6672cce,"{""artifact"":""https://crowdin.com/project/pcsx2"",""sha256"":""7f43860e4d87fc4a86c8f10731c9f8254d1ab278f51e87a5cb85532f49b25a75""}"
4e4402ffcb6c6feb9c4dbd4a,New Card Name,Nytt kortnamn,PCSX2,crowdin-current-ui-batch9-20260920,"MemoryCardSettingsWidget
../Settings/MemoryCardSettingsWidget.cpp:248",,project-context,02d32bfd2a8608e49fd25e5a,reviewed-receipt,https://github.com/yeager/translations/blob/67e6d27877c9cfd6b6dbc74bd852b10bdbe09c3c/PCSX2/crowdin-current-ui-batch9-20260920.json,134204bdde884be3c2722090609773e05cd73b495e902e6f39659aa156be0139,"{""artifact"":""https://crowdin.com/project/pcsx2"",""sha256"":""05d8973b7193b7133c392f6899a256aadf36f6d2d473316bac0581280bb7b186""}"
4e47489802becacf84e73657,N/A,Ej tillämpligt,PCSX2,Crowdin UI,,"Granskad filleverans. Endast färdiga, aktiva översättningar tas med; detta är inte ett påstående om separat registrerat radbeslut för varje oförändrad post.",project-context,8e93eac87b2d142b834bd18c,reviewed-file-delivery,https://crowdin.com/project/pcsx2,c5f591f1edc9553e40265bc0be0fe67c8e4252c052a1cf8ecfb524489a5aff60,{}
4e778f974d5c5d023e6e14d5,Application Launcher,Programstartare,PCSX2,crowdin-current-ui-batch38-20260920,"ShortcutCreationDialog
../ShortcutCreationDialog.cpp:26",Publiceringsförsöket nekades enligt det äldre kvittot; texten är ett lokalt granskningsförslag.,project-context,7364d463944e4cf38086733f,reviewed-local,https://github.com/yeager/translations/blob/67e6d27877c9cfd6b6dbc74bd852b10bdbe09c3c/PCSX2/crowdin-current-ui-batch38-20260920.json,10bff2a438da2537a334cdf30d1f2646aa56f2807af070ba50c07f07c76b0e06,"{""artifact"":""https://crowdin.com/project/pcsx2"",""sha256"":""a843c741bb0d4c9964f713daae3c6b1a5e3e50b8c470626c32bbe5c43b468e80""}"
4ed54b3a98812af241945464,Basic (Recommended),Grundläggande (rekommenderas),PCSX2,crowdin-current-ui-batch26-20260920,"GraphicsHardwareRenderingSettingsTab
../Settings/GraphicsHardwareRenderingSettingsTab.ui:159",Publiceringsförsöket nekades enligt det äldre kvittot; texten är ett lokalt granskningsförslag.,project-context,fc75e4529481a4bcc1c5dfa1,reviewed-local,https://github.com/yeager/translations/blob/67e6d27877c9cfd6b6dbc74bd852b10bdbe09c3c/PCSX2/crowdin-current-ui-batch26-20260920.json,49be151dc9918b0d30da49c790d627c159af0560d66be018b2a4920b716f4063,"{""artifact"":""https://crowdin.com/project/pcsx2"",""sha256"":""86381963c0744e2b9b46ed26fe558bcb07629709bdb8ceeb3ca35459867a7f8d""}"
4f4f10e825048687dcb82a80,Back,Tillbaka,PCSX2,crowdin-current-ui-batch15-20260920,"Achievements
../../pcsx2/Achievements.cpp:2546
../../pcsx2/Achievements.cpp:2554
../../pcsx2/Achievements.cpp:2565
../../pcsx2/Achievements.cpp:2573
../../pcsx2/Achievements.cpp:3508
../../pcsx2/Achievements.cpp:3516",,project-context,2b16b3596f0ac2d2b13921c5,reviewed-receipt,https://github.com/yeager/translations/blob/67e6d27877c9cfd6b6dbc74bd852b10bdbe09c3c/PCSX2/crowdin-current-ui-batch15-20260920.json,9b2ebc5e4b008f5a05b2c32d2825bc90cde350d6c271bc9dbc7a0033312db467,"{""artifact"":""https://crowdin.com/project/pcsx2"",""sha256"":""a1160ff7f238379fbfa877d831206e97ca761f1828382639303caafa7dfd7cc4""}"
4f55a4c6fd229e212f70eb32,Nearest (Default),Närmaste (standard),PCSX2,Crowdin UI,,"Granskad filleverans. Endast färdiga, aktiva översättningar tas med; detta är inte ett påstående om separat registrerat radbeslut för varje oförändrad post.",project-context,d9cbfd3e94ba65d8d50b75b5,reviewed-file-delivery,https://crowdin.com/project/pcsx2,c5f591f1edc9553e40265bc0be0fe67c8e4252c052a1cf8ecfb524489a5aff60,{}
4f9d13a86d8a7b8289e00d1e,Enable Hardcore Mode,Aktivera hardcoreläge,PCSX2,Crowdin UI,,"Granskad filleverans. Endast färdiga, aktiva översättningar tas med; detta är inte ett påstående om separat registrerat radbeslut för varje oförändrad post.",project-context,73e7a53b387f161068354a80,reviewed-file-delivery,https://crowdin.com/project/pcsx2,c5f591f1edc9553e40265bc0be0fe67c8e4252c052a1cf8ecfb524489a5aff60,{}
4fb86c9c041df654f39321d6,Failed to initialize PAD.,Det gick inte att initiera PAD.,PCSX2,Crowdin UI,,"Granskad filleverans. Endast färdiga, aktiva översättningar tas med; detta är inte ett påstående om separat registrerat radbeslut för varje oförändrad post.",project-context,a5d6aa5ff0d574ec2ab1dedf,reviewed-file-delivery,https://crowdin.com/project/pcsx2,c5f591f1edc9553e40265bc0be0fe67c8e4252c052a1cf8ecfb524489a5aff60,{}
4fc0efc33582a7da6882c93d,Save Draw Count:,Antal sparade ritanrop:,PCSX2,crowdin-current-ui-batch21-20260920,"DebugGSSettingsTab
../Settings/DebugGSSettingsTab.ui:124",,project-context,e9ea52814ec06409fdf86cee,reviewed-receipt,https://github.com/yeager/translations/blob/67e6d27877c9cfd6b6dbc74bd852b10bdbe09c3c/PCSX2/crowdin-current-ui-batch21-20260920.json,a17a684939c7836f99eed6a2beb5c914bdeb5bc299843bbd766ce571585ee88e,"{""artifact"":""https://crowdin.com/project/pcsx2"",""sha256"":""c124733ecc3ba6279247d75c5fd0dd65ac65ec8bc7f855f36d1d8df8f6283e91""}"
502f6f33f726d289c3c252fe,Download Selected Family,Hämta vald familj,PCSX2,Crowdin UI,,"Granskad filleverans. Endast färdiga, aktiva översättningar tas med; detta är inte ett påstående om separat registrerat radbeslut för varje oförändrad post.",project-context,d039f1077cbed4227f039dc4,reviewed-file-delivery,https://crowdin.com/project/pcsx2,c5f591f1edc9553e40265bc0be0fe67c8e4252c052a1cf8ecfb524489a5aff60,{}
5065353cf53bb20a968c3588,OSD Messages Position,Position för OSD-meddelanden,PCSX2,Crowdin UI,,"Granskad filleverans. Endast färdiga, aktiva översättningar tas med; detta är inte ett påstående om separat registrerat radbeslut för varje oförändrad post.",project-context,c181c1be9fe700cadabfb9a4,reviewed-file-delivery,https://crowdin.com/project/pcsx2,c5f591f1edc9553e40265bc0be0fe67c8e4252c052a1cf8ecfb524489a5aff60,{}
506c781521079e091b57b736,Show Cheats For All CRCs,Visa fusk för alla CRC:er,PCSX2,Crowdin UI,,"Granskad filleverans. Endast färdiga, aktiva översättningar tas med; detta är inte ett påstående om separat registrerat radbeslut för varje oförändrad post.",project-context,5cdd23883a93f518ecfe6403,reviewed-file-delivery,https://crowdin.com/project/pcsx2,c5f591f1edc9553e40265bc0be0fe67c8e4252c052a1cf8ecfb524489a5aff60,{}
50b7cd5ce7a4f1404e8cace2,Accurate (Recommended),Noggrann (rekommenderas),PCSX2,crowdin-current-ui-batch22-20260920,"GraphicsAdvancedSettingsTab
../Settings/GraphicsAdvancedSettingsTab.ui:43",Publiceringsförsöket nekades enligt det äldre kvittot; texten är ett lokalt granskningsförslag.,project-context,161e573060c7492a255a4147,reviewed-local,https://github.com/yeager/translations/blob/67e6d27877c9cfd6b6dbc74bd852b10bdbe09c3c/PCSX2/crowdin-current-ui-batch22-20260920.json,4f04c5281fafa51fe7ba74101b3c304645c8874ef28d97c8f99b5d9fe805c47e,"{""artifact"":""https://crowdin.com/project/pcsx2"",""sha256"":""25fd686e8abd263be2ba0d8aaed1ae470628650a7b7cc58584adf80f096d8026""}"
50c7564bb0673274670353dc,Leaderboard Notification Duration,Varaktighet för topplistenotis,PCSX2,crowdin-current-ui-batch59-20260920,"AchievementSettingsWidget
../Settings/AchievementSettingsWidget.cpp:59",,project-context,eda60d1bef474c8eca615c88,reviewed-receipt,https://github.com/yeager/translations/blob/67e6d27877c9cfd6b6dbc74bd852b10bdbe09c3c/PCSX2/crowdin-current-ui-batch59-20260920.json,9f38fdcde8389b4381406c889374f3d78d817dcfb9ea2ab1119de66a68266465,"{""artifact"":""https://crowdin.com/project/pcsx2"",""sha256"":""0f8f9efbb3c485ee6d0a9503fe573b02af01ceefe977bb7ae6cf46019cda19b4""}"
50e7463d0b7dd334baf8941a,Settings & Inputs,Inställningar och inmatning,PCSX2,crowdin-current-ui-batch53-20260920,"OSDSettingsWidget
../Settings/OSDSettingsWidget.ui:484",,project-context,8cef0044ca777061158fc0b8,reviewed-receipt,https://github.com/yeager/translations/blob/67e6d27877c9cfd6b6dbc74bd852b10bdbe09c3c/PCSX2/crowdin-current-ui-batch53-20260920.json,cf9e3a076b0a7a4c9da64198f8216ad33f840f37229f480c53c816b8096dd673,"{""artifact"":""https://crowdin.com/project/pcsx2"",""sha256"":""f90cabba0be9d1b6eaa1019c6203e5cf5e54decfed8cb0bce85b098882997e29""}"
50fdc95052790e5af75e6211,Scanline Filter,Scanlinjefilter,PCSX2,crowdin-current-ui-batch27-20260920,"GraphicsPostProcessingSettingsTab
../Settings/GraphicsPostProcessingSettingsTab.ui:215",,project-context,008f50e13b22c2b6c1e73ed5,reviewed-receipt,https://github.com/yeager/translations/blob/67e6d27877c9cfd6b6dbc74bd852b10bdbe09c3c/PCSX2/crowdin-current-ui-batch27-20260920.json,daf14a4c22835aeb84f9a6f6d33a6c69ac188b84259e32a73fa4a47caa65dc63,"{""artifact"":""https://crowdin.com/project/pcsx2"",""sha256"":""a52408ab2decb9a8b3e1c2b6ea3119beb496b928d96a2d4d92e3c3c8ba179b91""}"
5117ced58e1328e7ce39c03c,Hardware Dump Directory,Katalog för maskinvarudumpar,PCSX2,Crowdin UI,,"Granskad filleverans. Endast färdiga, aktiva översättningar tas med; detta är inte ett påstående om separat registrerat radbeslut för varje oförändrad post.",project-context,7ea17f1adfa9c57b3bfb82dc,reviewed-file-delivery,https://crowdin.com/project/pcsx2,c5f591f1edc9553e40265bc0be0fe67c8e4252c052a1cf8ecfb524489a5aff60,{}
5131dca98b68c18fac333c2a,Bottom Right (Default),Nere till höger (standard),PCSX2,crowdin-current-ui-batch17-20260920,"AchievementSettingsWidget
../Settings/AchievementSettingsWidget.ui:374",,project-context,84cb837a663d2960d7c8cf8b,reviewed-receipt,https://github.com/yeager/translations/blob/67e6d27877c9cfd6b6dbc74bd852b10bdbe09c3c/PCSX2/crowdin-current-ui-batch17-20260920.json,c3e8ec58262cb9ca378f79dea9c4f1baee0c939d134bdeccfba91a46dd70eaae,"{""artifact"":""https://crowdin.com/project/pcsx2"",""sha256"":""c9ace6be038a54fadb7919cc086cf045ade482367d9fd9d8e185449a545f076f""}"
514f1e47b67d907de5667625,Video Capture Width,Bredd för videoinspelning,PCSX2,crowdin-current-ui-batch63-20260920,"FullscreenUI
../../pcsx2/ImGui/FullscreenUI_Settings.cpp:6889",Publiceringsförsöket nekades enligt det äldre kvittot; texten är ett lokalt granskningsförslag.,project-context,85d5de7529c334ccc1b78202,reviewed-local,https://github.com/yeager/translations/blob/67e6d27877c9cfd6b6dbc74bd852b10bdbe09c3c/PCSX2/crowdin-current-ui-batch63-20260920.json,08ff78cfcd818cefe89524c4604550c53e468e64909a3ca76a582c3f0c9c5540,"{""artifact"":""https://crowdin.com/project/pcsx2"",""sha256"":""13ab4284d254761458f5a0538d6b159c9d940cf07a7444d7c78a76b16968f542""}"
51755a47de939df991ccf931,Use Debug Blend,Använd felsökningsblandning,PCSX2,crowdin-current-ui-batch50-20260920,"FullscreenUI
../../pcsx2/ImGui/FullscreenUI_Settings.cpp:7071",Publiceringsförsöket nekades enligt det äldre kvittot; texten är ett lokalt granskningsförslag.,project-context,d1930f38bff710243df8b8bf,reviewed-local,https://github.com/yeager/translations/blob/67e6d27877c9cfd6b6dbc74bd852b10bdbe09c3c/PCSX2/crowdin-current-ui-batch50-20260920.json,526c37bda266096897ffc29f6d90f1526ccd117934fef6462d4629b30c159187,"{""artifact"":""https://crowdin.com/project/pcsx2"",""sha256"":""7f5abe16dafc203bc5f1d57f81d2b8c21be7428078ab48e9f9392afc3962e699""}"
517f26d02940680cb34c48c7,Adjust Per-Game,Justera per spel,PCSX2,crowdin-current-ui-batch58-20260920,"MainWindow
../MainWindow.cpp:325",,project-context,501523f3d25dca92000ae37b,reviewed-receipt,https://github.com/yeager/translations/blob/67e6d27877c9cfd6b6dbc74bd852b10bdbe09c3c/PCSX2/crowdin-current-ui-batch58-20260920.json,63dc6922c386d319276df2094a26afd341a8755f207ce8908444de581c157b66,"{""artifact"":""https://crowdin.com/project/pcsx2"",""sha256"":""ecde83f031ebea8c652c15ade7b0073fc52ce3fff829ed91c24fc6c1c120b1dc""}"
518f16fcfa222a4ccab1602f,GPU Palette Conversion,GPU-konvertering av palett,PCSX2,crowdin-current-ui-batch13-20260920,"GraphicsHardwareFixesSettingsTab
../Settings/GraphicsHardwareFixesSettingsTab.ui:340",,project-context,89b060fff9793b5da9d4b5a2,reviewed-receipt,https://github.com/yeager/translations/blob/67e6d27877c9cfd6b6dbc74bd852b10bdbe09c3c/PCSX2/crowdin-current-ui-batch13-20260920.json,623ec591b5fcb41c8d897353bf192b4285c0b8b4a6be7d0f716afe784de07e1d,"{""artifact"":""https://crowdin.com/project/pcsx2"",""sha256"":""6752b85a1d4051857d0a39c4b1e3a64f8ed8c56c7845beac64fb2812b4e0b74d""}"
51c0fe6352d1d4263ab0913e,No family selected.,Ingen teckensnittsfamilj har valts.,PCSX2,crowdin-current-ui-batch52-20260920,"OSDFontPickerDialog
../Settings/OsdFontPickerDialog.cpp:135
../Settings/OsdFontPickerDialog.cpp:294
../Settings/OsdFontPickerDialog.cpp:330",,project-context,8351ca21ec6135421e4d8a5f,reviewed-receipt,https://github.com/yeager/translations/blob/67e6d27877c9cfd6b6dbc74bd852b10bdbe09c3c/PCSX2/crowdin-current-ui-batch52-20260920.json,8cfffc76ca6e36b6b86d335ad9a92ba99954d58c53ce7d299caec541e1b3ff9b,"{""artifact"":""https://crowdin.com/project/pcsx2"",""sha256"":""46bd56c3528c4cc9275032bf9a3388abcdc496649a6aa7bbb29087f8c6e26210""}"
51c2b937069845d2a028846c,ELF Files (*.elf);;All Files (*.*),ELF-filer (*.elf);;Alla filer (*.*),PCSX2,crowdin-current-ui-batch12-20260920,"ShortcutCreationDialog
../ShortcutCreationDialog.cpp:36",Publiceringsförsöket nekades enligt det äldre kvittot; texten är ett lokalt granskningsförslag.,project-context,12803fa9a5255404149a9b74,reviewed-local,https://github.com/yeager/translations/blob/67e6d27877c9cfd6b6dbc74bd852b10bdbe09c3c/PCSX2/crowdin-current-ui-batch12-20260920.json,069c92ed85703bad78e9b4e17bd0d4fccb132ebeed9d3bedd8328dbf6ea26909,"{""artifact"":""https://crowdin.com/project/pcsx2"",""sha256"":""a1ac20d8e01cbe798a54269d4405d3da226252a45e1014e99972fa2498616cf7""}"
51e8b33fe2a66074900e155b,Game List Background,Bakgrund för spellista,PCSX2,crowdin-current-ui-batch31-20260920,"InterfaceSettingsWidget
../Settings/InterfaceSettingsWidget.cpp:236",Publiceringsförsöket nekades enligt det äldre kvittot; texten är ett lokalt granskningsförslag.,project-context,bbead4b74c9d6087e91a201d,reviewed-local,https://github.com/yeager/translations/blob/67e6d27877c9cfd6b6dbc74bd852b10bdbe09c3c/PCSX2/crowdin-current-ui-batch31-20260920.json,7f296a46b32719e99a638c81474fc3438c10c81ba7fa7f9ae7a93270e2b8c504,"{""artifact"":""https://crowdin.com/project/pcsx2"",""sha256"":""698da1c23f204aeb323f78caf1e5d8c8da411456f518cd4d491044f5cc57350d""}"
5219236b76a61092d225226c,Accurate Force Full (Can Reduce Readbacks),Noggrann tvingad full (kan minska återläsningar),PCSX2,crowdin-current-ui-batch56-20260920,"GraphicsAdvancedSettingsTab
../Settings/GraphicsAdvancedSettingsTab.ui:48",,project-context,107b5c2a3ec8cc65c8c03c8a,reviewed-receipt,https://github.com/yeager/translations/blob/67e6d27877c9cfd6b6dbc74bd852b10bdbe09c3c/PCSX2/crowdin-current-ui-batch56-20260920.json,e544f4e37b292a5a59167a947672fb099eeaff33c9d732c3cd8e9184cd9a4307,"{""artifact"":""https://crowdin.com/project/pcsx2"",""sha256"":""8dd71867b371efb293f43dbba020a51a0f63027e9153e1ccdc6ebad176b6d6e9""}"
52e11c76b4fe9575d261993c,Pause On TLB Miss,Pausa vid TLB-miss,PCSX2,Crowdin UI,,"Granskad filleverans. Endast färdiga, aktiva översättningar tas med; detta är inte ett påstående om separat registrerat radbeslut för varje oförändrad post.",project-context,1b03af23d8acbdaac31e8de2,reviewed-file-delivery,https://crowdin.com/project/pcsx2,c5f591f1edc9553e40265bc0be0fe67c8e4252c052a1cf8ecfb524489a5aff60,{}
52f06f166fc2af9cc7a9405e,Performance Metrics Options,Alternativ för prestandamått,PCSX2,crowdin-current-ui-batch63-20260920,"DebugGSSettingsTab
../Settings/DebugGSSettingsTab.ui:326",Publiceringsförsöket nekades enligt det äldre kvittot; texten är ett lokalt granskningsförslag.,project-context,4d1afaa78a40e12d25beba83,reviewed-local,https://github.com/yeager/translations/blob/67e6d27877c9cfd6b6dbc74bd852b10bdbe09c3c/PCSX2/crowdin-current-ui-batch63-20260920.json,08ff78cfcd818cefe89524c4604550c53e468e64909a3ca76a582c3f0c9c5540,"{""artifact"":""https://crowdin.com/project/pcsx2"",""sha256"":""85decc5d4e02c8813f1fdb8f66c04ef79419121ff1627b1b18ee9d3fd982e11a""}"
52fdc5604417645e98cc009f,Spin CPU During Readbacks,Spinn CPU under återläsningar,PCSX2,crowdin-current-ui-batch57-20260920,"FullscreenUI
../../pcsx2/ImGui/FullscreenUI_Settings.cpp:6906",,project-context,477b71dd7b264feabd0a2d2a,reviewed-receipt,https://github.com/yeager/translations/blob/67e6d27877c9cfd6b6dbc74bd852b10bdbe09c3c/PCSX2/crowdin-current-ui-batch57-20260920.json,5c871fa681fe60ac837787f04a021e0897b135316665fb1695de5041b8a5e637,"{""artifact"":""https://crowdin.com/project/pcsx2"",""sha256"":""cd66df11e9a47dc305bd1a61887a45d28b70b99f2472a81c47c3f4ba4be61402""}"
5316d1d4f12fd60074cdb16d,INTC Spin Detection,Spinnidentifiering för INTC,PCSX2,crowdin-current-ui-batch57-20260920,"FullscreenUI
../../pcsx2/ImGui/FullscreenUI_Settings.cpp:7053",,project-context,e2d1982c480fe456ed909710,reviewed-receipt,https://github.com/yeager/translations/blob/67e6d27877c9cfd6b6dbc74bd852b10bdbe09c3c/PCSX2/crowdin-current-ui-batch57-20260920.json,5c871fa681fe60ac837787f04a021e0897b135316665fb1695de5041b8a5e637,"{""artifact"":""https://crowdin.com/project/pcsx2"",""sha256"":""5f75f9d9072ef48d73302fb845df5f0eb6f88586218acbd726ecf1f40286c3a7""}"
533772a4afb5f08c78a2a02c,14x Native (~5040px),14× inbyggd (~5040 px),PCSX2,Crowdin UI,,"Granskad filleverans. Endast färdiga, aktiva översättningar tas med; detta är inte ett påstående om separat registrerat radbeslut för varje oförändrad post.",project-context,9bb7c4ab572b4f7eab6417cd,reviewed-file-delivery,https://crowdin.com/project/pcsx2,c5f591f1edc9553e40265bc0be0fe67c8e4252c052a1cf8ecfb524489a5aff60,{}
5341b6910cf8419bc6f64e2c,Use Diagonal Scale Correction,Använd korrigering av diagonalskala,PCSX2,Crowdin UI,,"Granskad filleverans. Endast färdiga, aktiva översättningar tas med; detta är inte ett påstående om separat registrerat radbeslut för varje oförändrad post.",project-context,779245d592b4ac7616a2b80f,reviewed-file-delivery,https://crowdin.com/project/pcsx2,c5f591f1edc9553e40265bc0be0fe67c8e4252c052a1cf8ecfb524489a5aff60,{}
5394a89be4e3688193011712,Save GS State Info,Spara GS-tillståndsinformation,PCSX2,Crowdin UI,,"Granskad filleverans. Endast färdiga, aktiva översättningar tas med; detta är inte ett påstående om separat registrerat radbeslut för varje oförändrad post.",project-context,028099ed7f922dfad8b32ef1,reviewed-file-delivery,https://crowdin.com/project/pcsx2,c5f591f1edc9553e40265bc0be0fe67c8e4252c052a1cf8ecfb524489a5aff60,{}
53a40c729ef6aa63147a2596,Texture Filtering:,Texturfiltrering:,PCSX2,crowdin-current-ui-batch25-20260920,"GraphicsHardwareRenderingSettingsTab
../Settings/GraphicsHardwareRenderingSettingsTab.ui:20",Publiceringsförsöket nekades enligt det äldre kvittot; texten är ett lokalt granskningsförslag.,project-context,529e66794c834e58d0e3a2c9,reviewed-local,https://github.com/yeager/translations/blob/67e6d27877c9cfd6b6dbc74bd852b10bdbe09c3c/PCSX2/crowdin-current-ui-batch25-20260920.json,c686e808bea1ecea795d6bd0a3871f9ea94959e30276601f8efafda34c283479,"{""artifact"":""https://crowdin.com/project/pcsx2"",""sha256"":""5517f57f06da6379bbf5c0233ceb2f4693175e96e91e7cd864d6802c8eb87efe""}"
53aa0d6fe1f88b2f87865bfe,OSD Performance Position:,Position för OSD-prestanda:,PCSX2,crowdin-current-ui-batch53-20260920,"OSDSettingsWidget
../Settings/OSDSettingsWidget.ui:148",Publiceringsförsöket nekades enligt det äldre kvittot; texten är ett lokalt granskningsförslag.,project-context,82eefb4225c06c7bee55cbdd,reviewed-local,https://github.com/yeager/translations/blob/67e6d27877c9cfd6b6dbc74bd852b10bdbe09c3c/PCSX2/crowdin-current-ui-batch53-20260920.json,cf9e3a076b0a7a4c9da64198f8216ad33f840f37229f480c53c816b8096dd673,"{""artifact"":""https://crowdin.com/project/pcsx2"",""sha256"":""c77f8a5ddd6cf06579c98133d27b7dd430f7e7179e6c9b193a9506a17f5a5d8f""}"
53d7519b70e8aba26df89cea,Show Full Titles,Visa hela titlar,PCSX2,Crowdin UI,,"Granskad filleverans. Endast färdiga, aktiva översättningar tas med; detta är inte ett påstående om separat registrerat radbeslut för varje oförändrad post.",project-context,7e63a24702ef2a9ada6c6b7e,reviewed-file-delivery,https://crowdin.com/project/pcsx2,c5f591f1edc9553e40265bc0be0fe67c8e4252c052a1cf8ecfb524489a5aff60,{}
53f7cb305d7619530c8c7f74,Drop Indicator Style,Stil för släppindikator,PCSX2,crowdin-current-ui-batch22-20260920,"DebugSettingsWidget
../Settings/DebugSettingsWidget.cpp:71",,project-context,7cd6bf3079fd4dd76a6bc503,reviewed-receipt,https://github.com/yeager/translations/blob/67e6d27877c9cfd6b6dbc74bd852b10bdbe09c3c/PCSX2/crowdin-current-ui-batch22-20260920.json,4f04c5281fafa51fe7ba74101b3c304645c8874ef28d97c8f99b5d9fe805c47e,"{""artifact"":""https://crowdin.com/project/pcsx2"",""sha256"":""2624e046612eaf9685135f4ba12468edafd8eda14fefc88e218f5c6a007cda70""}"
540cc83ad48d7d32c0ac5e97,Show Hardware Info,Visa maskinvaruinformation,PCSX2,Crowdin UI,,"Granskad filleverans. Endast färdiga, aktiva översättningar tas med; detta är inte ett påstående om separat registrerat radbeslut för varje oförändrad post.",project-context,bc95f597c6c6dcb7a79e12e3,reviewed-file-delivery,https://crowdin.com/project/pcsx2,c5f591f1edc9553e40265bc0be0fe67c8e4252c052a1cf8ecfb524489a5aff60,{}
545868d9512663ebc2115517,Hit Count,Antal träffar,PCSX2,crowdin-current-ui-batch64-20260920,"BreakpointDialog
../Debugger/Breakpoints/BreakpointDialog.ui:375",Publiceringsförsöket nekades enligt det äldre kvittot; texten är ett lokalt granskningsförslag.,project-context,2341da5a72cecad08e672632,reviewed-local,https://github.com/yeager/translations/blob/67e6d27877c9cfd6b6dbc74bd852b10bdbe09c3c/PCSX2/crowdin-current-ui-batch64-20260920.json,3eb6750c0d4249b01cf40b2787e9f2e9792529adfb274d1a979de2495c7acabc,"{""artifact"":""https://crowdin.com/project/pcsx2"",""sha256"":""9a1794c6e269da541d073c73c62c977aeaae5e9775187a3f36da0692605323ad""}"
5468e28c0be0619e4efb60da,PAL Frame Rate,Bildrutehastighet för PAL,PCSX2,crowdin-current-ui-batch15-20260920,"FullscreenUI
../../pcsx2/ImGui/FullscreenUI_Settings.cpp:6910",,project-context,a04e8558df17d16f20468154,reviewed-receipt,https://github.com/yeager/translations/blob/67e6d27877c9cfd6b6dbc74bd852b10bdbe09c3c/PCSX2/crowdin-current-ui-batch15-20260920.json,9b2ebc5e4b008f5a05b2c32d2825bc90cde350d6c271bc9dbc7a0033312db467,"{""artifact"":""https://crowdin.com/project/pcsx2"",""sha256"":""2039110bc506ed99e643d682d97ed6232e41ee41d767618b2e5214aba355b41f""}"
547c993dfde8f7daad6188ec,Rewrite Large ST,Skriv om stora ST,PCSX2,crowdin-current-ui-batch63-20260920,"FullscreenUI
../../pcsx2/ImGui/FullscreenUI_Settings.cpp:6221",Publiceringsförsöket nekades enligt det äldre kvittot; texten är ett lokalt granskningsförslag.,project-context,ee1e947780368b54386e47b3,reviewed-local,https://github.com/yeager/translations/blob/67e6d27877c9cfd6b6dbc74bd852b10bdbe09c3c/PCSX2/crowdin-current-ui-batch63-20260920.json,08ff78cfcd818cefe89524c4604550c53e468e64909a3ca76a582c3f0c9c5540,"{""artifact"":""https://crowdin.com/project/pcsx2"",""sha256"":""8d846c73e4c93f8298a714f38a48ecf56b35630f2218858864223b97948880d8""}"
5489e8559b00b2d292806c10,Show as float,Visa som flyttal,PCSX2,crowdin-current-ui-batch33-20260920,"MemoryView
../Debugger/Memory/MemoryView.cpp:880",Publiceringsförsöket nekades enligt det äldre kvittot; texten är ett lokalt granskningsförslag.,project-context,2a10ace11d78e5578a8c42ae,reviewed-local,https://github.com/yeager/translations/blob/67e6d27877c9cfd6b6dbc74bd852b10bdbe09c3c/PCSX2/crowdin-current-ui-batch33-20260920.json,db45917ba435e8eb96dc8e0386753426bf3263cb8c803cce452dbcc53f92b77f,"{""artifact"":""https://crowdin.com/project/pcsx2"",""sha256"":""12e57f837c223200213add03a3c88e2a215d5b7e21ded21f555b80933e0f0e43""}"
5497ce3b7b41118055558348,Change Selection,Ändra markering,PCSX2,crowdin-current-ui-batch20-20260920,"Achievements
../../pcsx2/Achievements.cpp:2552
../../pcsx2/Achievements.cpp:2571
../../pcsx2/Achievements.cpp:3507
../../pcsx2/Achievements.cpp:3515",Publiceringsförsöket nekades enligt det äldre kvittot; texten är ett lokalt granskningsförslag.,project-context,010b4d8bbffd33782081564d,reviewed-local,https://github.com/yeager/translations/blob/67e6d27877c9cfd6b6dbc74bd852b10bdbe09c3c/PCSX2/crowdin-current-ui-batch20-20260920.json,b9f3010178fb1ba2ee5cb59570e69caac32abf9f9b7229bf26b14b3a321dc236,"{""artifact"":""https://crowdin.com/project/pcsx2"",""sha256"":""dd1c8bce559820b467ef59c66dbaf0a2d04c1f0ec3e391ef2d152a97fdb396f8""}"
549c34cded6ddaba2cebc3b4,Unchecked,Avmarkerad,PCSX2,Crowdin UI,,"Granskad filleverans. Endast färdiga, aktiva översättningar tas med; detta är inte ett påstående om separat registrerat radbeslut för varje oförändrad post.",project-context,a466b2eb7dbdfdd305b453dd,reviewed-file-delivery,https://crowdin.com/project/pcsx2,c5f591f1edc9553e40265bc0be0fe67c8e4252c052a1cf8ecfb524489a5aff60,{}
54bdb1fb2da7c7a60f37cac7,25x Native (~9000px),25× inbyggd (~9000 px),PCSX2,crowdin-current-ui-batch50-20260920,"FullscreenUI
../../pcsx2/ImGui/FullscreenUI_Settings.cpp:6628",,project-context,333f5962a79e0952bde88ae0,reviewed-receipt,https://github.com/yeager/translations/blob/67e6d27877c9cfd6b6dbc74bd852b10bdbe09c3c/PCSX2/crowdin-current-ui-batch50-20260920.json,526c37bda266096897ffc29f6d90f1526ccd117934fef6462d4629b30c159187,"{""artifact"":""https://crowdin.com/project/pcsx2"",""sha256"":""9a114a59d3fd3349a4d0772acd8a40f928a180fdc549ec3fb64bdba5ed3246fd""}"
5504764479b18061ba860edc,Accurate Alpha Test,Noggrant alfatest,PCSX2,crowdin-current-ui-batch51-20260920,"GraphicsSettingsWidget
../Settings/GraphicsSettingsWidget.cpp:504",,project-context,98f32409d08773c94077d646,reviewed-receipt,https://github.com/yeager/translations/blob/67e6d27877c9cfd6b6dbc74bd852b10bdbe09c3c/PCSX2/crowdin-current-ui-batch51-20260920.json,a8b5191343bdd297b5d152a224021320a839b19ec9afc66e6fdf7d9067e58697,"{""artifact"":""https://crowdin.com/project/pcsx2"",""sha256"":""b7779a94499aacfd8b467909e89968aa04061a9dedc818a6255ed22f8dbed9a7""}"
550e8dd00a8fbe5b3c6aeee6,Triangular Filter,Triangulärt filter,PCSX2,crowdin-current-ui-batch27-20260920,"GraphicsPostProcessingSettingsTab
../Settings/GraphicsPostProcessingSettingsTab.ui:225",Publiceringsförsöket nekades enligt det äldre kvittot; texten är ett lokalt granskningsförslag.,project-context,7713014ce7ad168abc7f4cb1,reviewed-local,https://github.com/yeager/translations/blob/67e6d27877c9cfd6b6dbc74bd852b10bdbe09c3c/PCSX2/crowdin-current-ui-batch27-20260920.json,daf14a4c22835aeb84f9a6f6d33a6c69ac188b84259e32a73fa4a47caa65dc63,"{""artifact"":""https://crowdin.com/project/pcsx2"",""sha256"":""7af28cd9381fd12bf58f26dcbab442f901716f56a9c6e0d399c8a5f4192de0b6""}"
555f253fa9aee4e77f875727,Center Left,I mitten till vänster,PCSX2,crowdin-current-ui-batch53-20260920,"OSDSettingsWidget
../Settings/OSDSettingsWidget.ui:115
../Settings/OSDSettingsWidget.ui:179",,project-context,3d8753313c6644458a6f5e88,reviewed-receipt,https://github.com/yeager/translations/blob/67e6d27877c9cfd6b6dbc74bd852b10bdbe09c3c/PCSX2/crowdin-current-ui-batch53-20260920.json,cf9e3a076b0a7a4c9da64198f8216ad33f840f37229f480c53c816b8096dd673,"{""artifact"":""https://crowdin.com/project/pcsx2"",""sha256"":""e37ef5fbb682551b5fe95b532fb1dbe964b48bd8b59f592aea42cc0cbbf3497b""}"
557ef3b2bfcfb5930ca38437,View Profile...,Visa profil …,PCSX2,Crowdin UI,,"Granskad filleverans. Endast färdiga, aktiva översättningar tas med; detta är inte ett påstående om separat registrerat radbeslut för varje oförändrad post.",project-context,5a1f9e7f94eb08254af33940,reviewed-file-delivery,https://crowdin.com/project/pcsx2,c5f591f1edc9553e40265bc0be0fe67c8e4252c052a1cf8ecfb524489a5aff60,{}
55dae8b349c2398a2249fa05,Use Title File Names,Använd titlar som filnamn,PCSX2,crowdin-current-ui-batch56-20260920,"FullscreenUI
../../pcsx2/ImGui/FullscreenUI.cpp:4204",,project-context,409d34110026cf51da52ff99,reviewed-receipt,https://github.com/yeager/translations/blob/67e6d27877c9cfd6b6dbc74bd852b10bdbe09c3c/PCSX2/crowdin-current-ui-batch56-20260920.json,e544f4e37b292a5a59167a947672fb099eeaff33c9d732c3cd8e9184cd9a4307,"{""artifact"":""https://crowdin.com/project/pcsx2"",""sha256"":""ea025c3579920cd4992eba73bc57203b026a5d2636cacda9fc18b0d3af6ce75c""}"
55f944291f8e2cf890a08537,Reverser Up,Öka färdriktare,PCSX2,crowdin-current-ui-batch49-20260920,"USB
../../pcsx2/USB/usb-pad/usb-train.cpp:128
../../pcsx2/USB/usb-pad/usb-train.cpp:151",,project-context,bb2a12e080c062245663b3c5,reviewed-receipt,https://github.com/yeager/translations/blob/67e6d27877c9cfd6b6dbc74bd852b10bdbe09c3c/PCSX2/crowdin-current-ui-batch49-20260920.json,3e907fbc31b1fdfcccfc47d4a6a49ad2bfe6eb9414cebf6471f974279c345287,"{""artifact"":""https://crowdin.com/project/pcsx2"",""sha256"":""e62ab0d3e5506d3f2fd9fad2adf05e267fcb035f0e3214f9493ef8f163c50b70""}"
566ed35c2a48ac624863ebf5,Delete Memory Card,Ta bort minneskort,PCSX2,crowdin-current-ui-batch9-20260920,"MemoryCardSettingsWidget
../Settings/MemoryCardSettingsWidget.cpp:223
../Settings/MemoryCardSettingsWidget.cpp:233",,project-context,0438f70ea37d4a3cdc3a0920,reviewed-receipt,https://github.com/yeager/translations/blob/67e6d27877c9cfd6b6dbc74bd852b10bdbe09c3c/PCSX2/crowdin-current-ui-batch9-20260920.json,134204bdde884be3c2722090609773e05cd73b495e902e6f39659aa156be0139,"{""artifact"":""https://crowdin.com/project/pcsx2"",""sha256"":""fdf9969cff443f56eb20226c149c22d6789b7d2bee58ecf06f3e606cb051d5be""}"
5670e2fdfdce2291b9815708,Allowed,Tillåten,PCSX2,crowdin-current-ui-batch23-20260920,"GraphicsAdvancedSettingsTab
../Settings/GraphicsAdvancedSettingsTab.ui:167",Publiceringsförsöket nekades enligt det äldre kvittot; texten är ett lokalt granskningsförslag.,project-context,fc81741739e7bc2597ffab0d,reviewed-local,https://github.com/yeager/translations/blob/67e6d27877c9cfd6b6dbc74bd852b10bdbe09c3c/PCSX2/crowdin-current-ui-batch23-20260920.json,94825b8000dc084475f7ee18208d828359829f994a9e4d0dfc9ec3c3d325f60e,"{""artifact"":""https://crowdin.com/project/pcsx2"",""sha256"":""8b2d6d8be1aeff4ef268e9ebaa7b57c9b22e5fb2ed20a6aded8627b9fee5839f""}"
5681909d3ef263c044e92b52,Hour,Timme,PCSX2,crowdin-current-ui-batch56-20260920,"FullscreenUI
../../pcsx2/ImGui/FullscreenUI_Settings.cpp:6801",,project-context,35462ed8889694c962da4031,reviewed-receipt,https://github.com/yeager/translations/blob/67e6d27877c9cfd6b6dbc74bd852b10bdbe09c3c/PCSX2/crowdin-current-ui-batch56-20260920.json,e544f4e37b292a5a59167a947672fb099eeaff33c9d732c3cd8e9184cd9a4307,"{""artifact"":""https://crowdin.com/project/pcsx2"",""sha256"":""663a5e4fe1eb2df6384db56ef957f81e7ba18db33c42adcb8471918a476dbc7c""}"
56aeddcbe6932f6371acadb1,Enable Sound Effects,Aktivera ljudeffekter,PCSX2,Crowdin UI,,"Granskad filleverans. Endast färdiga, aktiva översättningar tas med; detta är inte ett påstående om separat registrerat radbeslut för varje oförändrad post.",project-context,44af8430e7fe5195c3a87a7a,reviewed-file-delivery,https://crowdin.com/project/pcsx2,c5f591f1edc9553e40265bc0be0fe67c8e4252c052a1cf8ecfb524489a5aff60,{}
56effcca118b271cc0f005d6,Browse...,Bläddra…,PCSX2,crowdin-current-ui-batch30-20260920,"InterfaceSettingsWidget
../Settings/InterfaceSettingsWidget.ui:216",,project-context,0f9dcad6d1c9e22cdd8443c3,reviewed-receipt,https://github.com/yeager/translations/blob/67e6d27877c9cfd6b6dbc74bd852b10bdbe09c3c/PCSX2/crowdin-current-ui-batch30-20260920.json,d4af30d773c2d445fd558ede29e0c75536433129a2aa3de962c902c53c53d27e,"{""artifact"":""https://crowdin.com/project/pcsx2"",""sha256"":""734e9701d3bc9b5640fa543a493d112881c0c20af773bb48bdf6b6443a9615b5""}"
56f1b3e10ed54290fb5f6979,New Host,Ny värd,PCSX2,crowdin-current-ui-batch9-20260920,"DEV9SettingsWidget
../Settings/DEV9SettingsWidget.cpp:423",,project-context,b41f4f287e5e61b8a98114af,reviewed-receipt,https://github.com/yeager/translations/blob/67e6d27877c9cfd6b6dbc74bd852b10bdbe09c3c/PCSX2/crowdin-current-ui-batch9-20260920.json,134204bdde884be3c2722090609773e05cd73b495e902e6f39659aa156be0139,"{""artifact"":""https://crowdin.com/project/pcsx2"",""sha256"":""10276c81ebac482e93b68d2333e95f911e114dcf12119009ac1f05aa1025c429""}"
56f5781b496777b2b613680a,Video Recording Directory,Katalog för videoinspelningar,PCSX2,crowdin-current-ui-batch1-20260920,"FolderSettingsWidget
../Settings/FolderSettingsWidget.ui:254",,project-context,5d93ca7f3c81c7d03f159da4,reviewed-receipt,https://github.com/yeager/translations/blob/67e6d27877c9cfd6b6dbc74bd852b10bdbe09c3c/PCSX2/crowdin-current-ui-batch1-20260920.json,fbacbf8b449e630f42dbc651e3eb3d61f650cd4cb6d478d350f9a55ce6b87962,"{""artifact"":""https://crowdin.com/project/pcsx2"",""sha256"":""207b65cfef24eab9bd07064a7a06d7ea0b9a10a333fa4e236d2f6bcd374d980d""}"
572801d09a08f409ad658182,Bilinear (Sharp),Bilinjär (skarp),PCSX2,crowdin-current-ui-batch24-20260920,"Sharp: Refers to the texture clarity.
GraphicsDisplaySettingsTab
../Settings/GraphicsDisplaySettingsTab.ui:145",Publiceringsförsöket nekades enligt det äldre kvittot; texten är ett lokalt granskningsförslag.,project-context,8a751b601fced1796441b6de,reviewed-local,https://github.com/yeager/translations/blob/67e6d27877c9cfd6b6dbc74bd852b10bdbe09c3c/PCSX2/crowdin-current-ui-batch24-20260920.json,ee2587e30ef9f54541bdbfb4dfcf7512e05bd487cd41e18f4834c7ff3b6d4915,"{""artifact"":""https://crowdin.com/project/pcsx2"",""sha256"":""cd029a9a0868717b5e9c98fd0159c64d6096a73e1f4176a26404c75e99eb7865""}"
5747002b80c1b17f88444ccd,mVU Flag Hack,mVU-flagghack,PCSX2,Crowdin UI,,"Granskad filleverans. Endast färdiga, aktiva översättningar tas med; detta är inte ett påstående om separat registrerat radbeslut för varje oförändrad post.",project-context,69d212bb96721631f936c40f,reviewed-file-delivery,https://crowdin.com/project/pcsx2,c5f591f1edc9553e40265bc0be0fe67c8e4252c052a1cf8ecfb524489a5aff60,{}
5760b299d0fcc3b9f271af1a,Default,Standard,PCSX2,crowdin-current-ui-batch60-20260920,"DEV9SettingsWidget
../Settings/DEV9SettingsWidget.cpp:198",Publiceringsförsöket nekades enligt det äldre kvittot; texten är ett lokalt granskningsförslag.,project-context,3617479ebc92ab226923b069,reviewed-local,https://github.com/yeager/translations/blob/67e6d27877c9cfd6b6dbc74bd852b10bdbe09c3c/PCSX2/crowdin-current-ui-batch60-20260920.json,8c6cbd32b1310e0a049b06bc12d78c06699e0e814d471dcdf308e46e1f1388d6,"{""artifact"":""https://crowdin.com/project/pcsx2"",""sha256"":""7ae894a5397b22bd9c3c1eb35e486f2612af9e8b0d01ef079947f0a732d27ab3""}"
5783f3fe00e7de70631fad38,Symbol Table Importer,Importör för symboltabeller,PCSX2,crowdin-current-ui-batch29-20260920,"SymbolGuardian
../../pcsx2/DebugTools/SymbolGuardian.cpp:230",,project-context,b81e4e692958e1d1c29c1011,reviewed-receipt,https://github.com/yeager/translations/blob/67e6d27877c9cfd6b6dbc74bd852b10bdbe09c3c/PCSX2/crowdin-current-ui-batch29-20260920.json,5e9d99ed74373c2f72a189c1db7205af0fb3f607d18807039efe55821b2dea06,"{""artifact"":""https://crowdin.com/project/pcsx2"",""sha256"":""78ead2d5aee9d8d655828431c467f239db314c70b0e5b8b4785b22e17dcadc98""}"
578ef796166c1b6b13c79f2b,Ethernet Device,Ethernet-enhet,PCSX2,crowdin-current-ui-batch36-20260920,"FullscreenUI
../../pcsx2/ImGui/FullscreenUI_Settings.cpp:6953",Publiceringsförsöket nekades enligt det äldre kvittot; texten är ett lokalt granskningsförslag.,project-context,1537feac3472fa0bf49617fc,reviewed-local,https://github.com/yeager/translations/blob/67e6d27877c9cfd6b6dbc74bd852b10bdbe09c3c/PCSX2/crowdin-current-ui-batch36-20260920.json,06685b2a6b6a0881c244315d3604555b5de0e31fa34564c53c68e8d7b263bdfe,"{""artifact"":""https://crowdin.com/project/pcsx2"",""sha256"":""8bd636f95efeb909cc9bad21d926d06e7c5234a690c710efd5dd24200a74c20a""}"
57b4bb77f3a2f4ced31201a9,Failed to initialize SIO2.,Det gick inte att initiera SIO2.,PCSX2,crowdin-current-ui-batch44-20260920,"VMManager
../../pcsx2/VMManager.cpp:1575",,project-context,1a6685afd2765bd0ba895fe3,reviewed-receipt,https://github.com/yeager/translations/blob/67e6d27877c9cfd6b6dbc74bd852b10bdbe09c3c/PCSX2/crowdin-current-ui-batch44-20260920.json,5e82a7b07227a314e65a1724efbcf7b471342793ce2ac9d6b518d156f340e5a6,"{""artifact"":""https://crowdin.com/project/pcsx2"",""sha256"":""8a8dff3260960e65eac78cb9688defedd7ba32adf5a09b9057e89a787c451305""}"
57e440a0c0560fb895afeec0,Save Textures,Spara texturer,PCSX2,crowdin-current-ui-batch3-20260920,"DebugSettingsWidget
../Settings/DebugSettingsWidget.cpp:134",,project-context,7876415c64cf6cd019e581e9,reviewed-receipt,https://github.com/yeager/translations/blob/67e6d27877c9cfd6b6dbc74bd852b10bdbe09c3c/PCSX2/crowdin-current-ui-batch3-20260920.json,312b703c14e788fca3d8a80055543aca887c12d491340b56e8de7abdd1dbfcb8,"{""artifact"":""https://crowdin.com/project/pcsx2"",""sha256"":""198778b7758c58fae23c1ad4a435d3c91a9d1c5c8d00e017c49c6f4f92fd880a""}"
5839c27c7dc7e66e8203838c,Not Logged In.,Inte inloggad.,PCSX2,crowdin-current-ui-batch54-20260920,"SetupWizardDialog
../SetupWizardDialog.ui:825
../SetupWizardDialog.cpp:477",Publiceringsförsöket nekades enligt det äldre kvittot; texten är ett lokalt granskningsförslag.,project-context,4f86e78ff870aed52ce3279e,reviewed-local,https://github.com/yeager/translations/blob/67e6d27877c9cfd6b6dbc74bd852b10bdbe09c3c/PCSX2/crowdin-current-ui-batch54-20260920.json,1ea914cd857e948af6e29d5981765e20bf4f3f3bfcd3d14fdfab548fae14eacc,"{""artifact"":""https://crowdin.com/project/pcsx2"",""sha256"":""8f42c3bc1124fab784557d8942691a8d41a2dd7a3711ef5dde98993857bbd06d""}"
587b38e438ecf036b06a6459,Allow Exclusive Fullscreen:,Tillåt exklusivt helskärmsläge:,PCSX2,crowdin-current-ui-batch23-20260920,"GraphicsAdvancedSettingsTab
../Settings/GraphicsAdvancedSettingsTab.ui:146",,project-context,e897783f1915cf9c8766a9ae,reviewed-receipt,https://github.com/yeager/translations/blob/67e6d27877c9cfd6b6dbc74bd852b10bdbe09c3c/PCSX2/crowdin-current-ui-batch23-20260920.json,94825b8000dc084475f7ee18208d828359829f994a9e4d0dfc9ec3c3d325f60e,"{""artifact"":""https://crowdin.com/project/pcsx2"",""sha256"":""7f43860e4d87fc4a86c8f10731c9f8254d1ab278f51e87a5cb85532f49b25a75""}"
58d9ba45a26cecc4fd7b306d,Maximum,Största,PCSX2,crowdin-current-ui-batch51-20260920,"GameDatabase
../../pcsx2/GameDatabase.cpp:927",,project-context,e63d5bb0debc4a0b64b4fcf0,reviewed-receipt,https://github.com/yeager/translations/blob/67e6d27877c9cfd6b6dbc74bd852b10bdbe09c3c/PCSX2/crowdin-current-ui-batch51-20260920.json,a8b5191343bdd297b5d152a224021320a839b19ec9afc66e6fdf7d9067e58697,"{""artifact"":""https://crowdin.com/project/pcsx2"",""sha256"":""8b826ba13e0d8d9810e6d578b044d84cd8f83e89a0afa0972e45f9e25085b123""}"
58e91ad531affd9c7bec9afe,Minimum,Minimal,PCSX2,crowdin-current-ui-batch13-20260920,"GraphicsHardwareRenderingSettingsTab
../Settings/GraphicsHardwareRenderingSettingsTab.ui:154",,project-context,43782b7c9ffe5c351968595d,reviewed-receipt,https://github.com/yeager/translations/blob/67e6d27877c9cfd6b6dbc74bd852b10bdbe09c3c/PCSX2/crowdin-current-ui-batch13-20260920.json,623ec591b5fcb41c8d897353bf192b4285c0b8b4a6be7d0f716afe784de07e1d,"{""artifact"":""https://crowdin.com/project/pcsx2"",""sha256"":""34c968019575fb7d13b6d2fee78e640a80046ee80fdf33b10379e9ced6d262aa""}"
5918e52ac62e8ae1a6ad69f1,Show Video Capture Status,Visa status för videoinspelning,PCSX2,crowdin-current-ui-batch53-20260920,"OSDSettingsWidget
../Settings/OSDSettingsWidget.ui:407
../Settings/OSDSettingsWidget.cpp:154",,project-context,4af628549900fb9f9034296e,reviewed-receipt,https://github.com/yeager/translations/blob/67e6d27877c9cfd6b6dbc74bd852b10bdbe09c3c/PCSX2/crowdin-current-ui-batch53-20260920.json,cf9e3a076b0a7a4c9da64198f8216ad33f840f37229f480c53c816b8096dd673,"{""artifact"":""https://crowdin.com/project/pcsx2"",""sha256"":""b85a42fef96fd23f41e466eadbc99aafaa0eebdb0bc3d5bba5d6dce700e9531b""}"
596d6b038ba6063a543a18f8,Medium,Medel,PCSX2,crowdin-current-ui-batch55-20260920,"Hotkeys_BlendAcc
../../pcsx2/GS/GS.cpp:1385",Publiceringsförsöket nekades enligt det äldre kvittot; texten är ett lokalt granskningsförslag.,project-context,4667d087805c79170dd0c7fd,reviewed-local,https://github.com/yeager/translations/blob/67e6d27877c9cfd6b6dbc74bd852b10bdbe09c3c/PCSX2/crowdin-current-ui-batch55-20260920.json,eef7fecf9007fb67b7321b88ecfd43d8a1e78e3c19d6b14ffe23010d7cdbe6b1,"{""artifact"":""https://crowdin.com/project/pcsx2"",""sha256"":""edc3cc43b38ed5922d25ea69932fb1d9afb1de050a13d844c89c2ff6cc28a785""}"
5973fbe60dd71be7caf2b581,Downloading Files,Hämtar filer,PCSX2,Crowdin UI,,"Granskad filleverans. Endast färdiga, aktiva översättningar tas med; detta är inte ett påstående om separat registrerat radbeslut för varje oförändrad post.",project-context,a9d73a69d0f809bb9d0c038a,reviewed-file-delivery,https://crowdin.com/project/pcsx2,c5f591f1edc9553e40265bc0be0fe67c8e4252c052a1cf8ecfb524489a5aff60,{}
5984d29ddca8fbbacf68b539,System Fonts,Systemteckensnitt,PCSX2,crowdin-current-ui-batch54-20260920,"OsdFontPickerDialog
../Settings/OsdFontPickerDialog.ui:83",,project-context,1a535d8cff598d8e1aaaf760,reviewed-receipt,https://github.com/yeager/translations/blob/67e6d27877c9cfd6b6dbc74bd852b10bdbe09c3c/PCSX2/crowdin-current-ui-batch54-20260920.json,1ea914cd857e948af6e29d5981765e20bf4f3f3bfcd3d14fdfab548fae14eacc,"{""artifact"":""https://crowdin.com/project/pcsx2"",""sha256"":""fa7cb80f5b5ed552d8260d7325cd05740bba571749a61c2843d2d252e78a1974""}"
599ba27a91a92adc8dff46fc,Texture Offsets:,Texturförskjutningar:,PCSX2,crowdin-current-ui-batch28-20260920,"GraphicsUpscalingFixesSettingsTab
../Settings/GraphicsUpscalingFixesSettingsTab.ui:154",Publiceringsförsöket nekades enligt det äldre kvittot; texten är ett lokalt granskningsförslag.,project-context,448dbdf46cb1cdcb2cc4203f,reviewed-local,https://github.com/yeager/translations/blob/67e6d27877c9cfd6b6dbc74bd852b10bdbe09c3c/PCSX2/crowdin-current-ui-batch28-20260920.json,6edf9357e080f44b992185b2f688a80546a47f78b1e6dc7048d1fa1c764180b5,"{""artifact"":""https://crowdin.com/project/pcsx2"",""sha256"":""1611c427c6ae92f17b4076464deab9b98845a22b82a0fe5c95aebaf4105af2fd""}"
59c9ada5aed2acff29092a40,HDD Image Selection,Val av HDD-avbild,PCSX2,crowdin-current-ui-batch35-20260920,"FullscreenUI
../../pcsx2/ImGui/FullscreenUI_Settings.cpp:6355",,project-context,b9ad2598f28c265ea4459966,reviewed-receipt,https://github.com/yeager/translations/blob/67e6d27877c9cfd6b6dbc74bd852b10bdbe09c3c/PCSX2/crowdin-current-ui-batch35-20260920.json,6c1b597bc9480c34eadc255045e58a2413f454db5a76874db451ebfcd5d24853,"{""artifact"":""https://crowdin.com/project/pcsx2"",""sha256"":""7eff4cea0fb9838ff572ae35790fddb0cba1f40080610a77fe1cf43c8b13b5fc""}"
59f38702ec59d35162c3df7d,Reset All Columns,Återställ alla kolumner,PCSX2,crowdin-current-ui-batch51-20260920,"GameListWidget
../GameList/GameListWidget.cpp:687",Publiceringsförsöket nekades enligt det äldre kvittot; texten är ett lokalt granskningsförslag.,project-context,85af5871b16eda368b60dcc8,reviewed-local,https://github.com/yeager/translations/blob/67e6d27877c9cfd6b6dbc74bd852b10bdbe09c3c/PCSX2/crowdin-current-ui-batch51-20260920.json,a8b5191343bdd297b5d152a224021320a839b19ec9afc66e6fdf7d9067e58697,"{""artifact"":""https://crowdin.com/project/pcsx2"",""sha256"":""c47a20a3742cba74107a05dfd7147b1677387c43b20a833a94721042ffbdcfd5""}"
5a41ccba96f4a38aa69e97fb,Framebuffer Conversion,Konvertering av rambuffert,PCSX2,crowdin-current-ui-batch57-20260920,"FullscreenUI
../../pcsx2/ImGui/FullscreenUI_Settings.cpp:6842",,project-context,2363eb8907ab9b26a6f62ce1,reviewed-receipt,https://github.com/yeager/translations/blob/67e6d27877c9cfd6b6dbc74bd852b10bdbe09c3c/PCSX2/crowdin-current-ui-batch57-20260920.json,5c871fa681fe60ac837787f04a021e0897b135316665fb1695de5041b8a5e637,"{""artifact"":""https://crowdin.com/project/pcsx2"",""sha256"":""958d5e4c807827252a5dfb6a734453c44f032e8342f9f30c0784fe960184d7b4""}"
5a4dab8123731fa689180561,Show F&ull Titles (Grid View),Visa h&ela titlar (rutnätsvy),PCSX2,Crowdin UI,,"Granskad filleverans. Endast färdiga, aktiva översättningar tas med; detta är inte ett påstående om separat registrerat radbeslut för varje oförändrad post.",project-context,1cb246d45af568b1a19051f0,reviewed-file-delivery,https://crowdin.com/project/pcsx2,c5f591f1edc9553e40265bc0be0fe67c8e4252c052a1cf8ecfb524489a5aff60,{}
5a8bc9efed17a220a10f586e,Internal Resolution (No Aspect Correction),Intern upplösning (ingen korrigering av bildförhållande),PCSX2,crowdin-current-ui-batch10-20260920,"FullscreenUI
../../pcsx2/ImGui/FullscreenUI_Settings.cpp:6661",,project-context,c286dc21fda98df0230786b5,reviewed-receipt,https://github.com/yeager/translations/blob/67e6d27877c9cfd6b6dbc74bd852b10bdbe09c3c/PCSX2/crowdin-current-ui-batch10-20260920.json,3c14ee97d43ded3046a999eef4784f22e73a1576e3b07915345f50e5fc2d9296,"{""artifact"":""https://crowdin.com/project/pcsx2"",""sha256"":""8b5369a1d23cd8f1b5e807c169b82ffeb8fabe0e5c59b08b7276f1ba3e9e9cce""}"
5a9b63dc3e9e1b32601b477f,Binary,Binär,PCSX2,crowdin-current-ui-batch29-20260920,"SymbolTreeView
../Debugger/SymbolTree/SymbolTreeViews.cpp:593",Publiceringsförsöket nekades enligt det äldre kvittot; texten är ett lokalt granskningsförslag.,project-context,e151d3c257e15116174d60c6,reviewed-local,https://github.com/yeager/translations/blob/67e6d27877c9cfd6b6dbc74bd852b10bdbe09c3c/PCSX2/crowdin-current-ui-batch29-20260920.json,5e9d99ed74373c2f72a189c1db7205af0fb3f607d18807039efe55821b2dea06,"{""artifact"":""https://crowdin.com/project/pcsx2"",""sha256"":""f5d21e0d1bb873996571b772f9e90a0f81445bf0e41e73c74e929c9129d8671d""}"
5ab12ef93a2d4012e87c175d,Failed to initialize DEV9.,Det gick inte att initiera DEV9.,PCSX2,Crowdin UI,,"Granskad filleverans. Endast färdiga, aktiva översättningar tas med; detta är inte ett påstående om separat registrerat radbeslut för varje oförändrad post.",project-context,90c26076db0ce0f91f28bd5b,reviewed-file-delivery,https://crowdin.com/project/pcsx2,c5f591f1edc9553e40265bc0be0fe67c8e4252c052a1cf8ecfb524489a5aff60,{}
5adedfca148c9290abaf727e,decreased,minskad,PCSX2,crowdin-current-ui-batch12-20260920,"GS
../../pcsx2/GS/GS.cpp:1190",Publiceringsförsöket nekades enligt det äldre kvittot; texten är ett lokalt granskningsförslag.,project-context,3f236934b50d6d2104d974af,reviewed-local,https://github.com/yeager/translations/blob/67e6d27877c9cfd6b6dbc74bd852b10bdbe09c3c/PCSX2/crowdin-current-ui-batch12-20260920.json,069c92ed85703bad78e9b4e17bd0d4fccb132ebeed9d3bedd8328dbf6ea26909,"{""artifact"":""https://crowdin.com/project/pcsx2"",""sha256"":""ffb98487b45487b935f0004ba81351244e217592bf0d687b546a110c6312201a""}"
5b2c0c09923842641def2751,Launch Options,Startalternativ,PCSX2,crowdin-current-ui-batch38-20260920,"ShortcutCreationDialog
../ShortcutCreationDialog.ui:307",Publiceringsförsöket nekades enligt det äldre kvittot; texten är ett lokalt granskningsförslag.,project-context,d8bf5dee870b526a4a1287cc,reviewed-local,https://github.com/yeager/translations/blob/67e6d27877c9cfd6b6dbc74bd852b10bdbe09c3c/PCSX2/crowdin-current-ui-batch38-20260920.json,10bff2a438da2537a334cdf30d1f2646aa56f2807af070ba50c07f07c76b0e06,"{""artifact"":""https://crowdin.com/project/pcsx2"",""sha256"":""87cfde3ce6749e630c284602659f83e4e4e82ba0e60868e2e039bafa012668eb""}"
5b4e82207ecd115ab638d602,None,Ingen,PCSX2,crowdin-current-ui-batch53-20260920,"OSDSettingsWidget
../Settings/OSDSettingsWidget.ui:95
../Settings/OSDSettingsWidget.ui:159",Publiceringsförsöket nekades enligt det äldre kvittot; texten är ett lokalt granskningsförslag.,project-context,a24d82cc3cd69926a262e1ae,reviewed-local,https://github.com/yeager/translations/blob/67e6d27877c9cfd6b6dbc74bd852b10bdbe09c3c/PCSX2/crowdin-current-ui-batch53-20260920.json,cf9e3a076b0a7a4c9da64198f8216ad33f840f37229f480c53c816b8096dd673,"{""artifact"":""https://crowdin.com/project/pcsx2"",""sha256"":""48a3cdc4eb8001f3fa9ec2a7a4f348587fb2acb7dde8a75ca8bc1b5ffd23171f""}"
5b96a85fbf333191ecde9b11,Enable Extended RAM (Dev Console),Aktivera utökat RAM-minne (utvecklarkonsol),PCSX2,crowdin-current-ui-batch50-20260920,"AdvancedSettingsWidget
../Settings/AdvancedSettingsWidget.cpp:100",Publiceringsförsöket nekades enligt det äldre kvittot; texten är ett lokalt granskningsförslag.,project-context,fa824b08fab0c9b0d75f72e8,reviewed-local,https://github.com/yeager/translations/blob/67e6d27877c9cfd6b6dbc74bd852b10bdbe09c3c/PCSX2/crowdin-current-ui-batch50-20260920.json,526c37bda266096897ffc29f6d90f1526ccd117934fef6462d4629b30c159187,"{""artifact"":""https://crowdin.com/project/pcsx2"",""sha256"":""473eec8d9b88f569726cd49916991e817822f2605a2a5324eb6d82f5dbeaf217""}"
5c2a58402487294ef7996872,Dump Mipmaps,Dumpa mipmappar,PCSX2,crowdin-current-ui-batch27-20260920,"GraphicsTextureReplacementSettingsTab
../Settings/GraphicsTextureReplacementSettingsTab.ui:54",,project-context,65b7cdddce9a7564523002a4,reviewed-receipt,https://github.com/yeager/translations/blob/67e6d27877c9cfd6b6dbc74bd852b10bdbe09c3c/PCSX2/crowdin-current-ui-batch27-20260920.json,daf14a4c22835aeb84f9a6f6d33a6c69ac188b84259e32a73fa4a47caa65dc63,"{""artifact"":""https://crowdin.com/project/pcsx2"",""sha256"":""18b75ae12c7c105d584b6ca1bc46744a7f490d59da78d922b4f7660b45a4f811""}"
5c419fa65750d0fb4bb4b688,stable,stabil,PCSX2,crowdin-current-ui-batch63-20260920,"InterfaceSettingsWidget
../Settings/InterfaceSettingsWidget.cpp:167",Publiceringsförsöket nekades enligt det äldre kvittot; texten är ett lokalt granskningsförslag.,project-context,20d51ea8138c4b1b6c34a1b9,reviewed-local,https://github.com/yeager/translations/blob/67e6d27877c9cfd6b6dbc74bd852b10bdbe09c3c/PCSX2/crowdin-current-ui-batch63-20260920.json,08ff78cfcd818cefe89524c4604550c53e468e64909a3ca76a582c3f0c9c5540,"{""artifact"":""https://crowdin.com/project/pcsx2"",""sha256"":""53218402efbcba7367eba51e6cce811a5155fbf4d0e8667f984abd74a86af2f9""}"
5c59d788f0ab1eb0a3412f91,Show Patches,Visa korrigeringar,PCSX2,crowdin-current-ui-batch32-20260920,"FullscreenUI
../../pcsx2/ImGui/FullscreenUI_Settings.cpp:6932",,project-context,bbce6883a05cf979504d9c89,reviewed-receipt,https://github.com/yeager/translations/blob/67e6d27877c9cfd6b6dbc74bd852b10bdbe09c3c/PCSX2/crowdin-current-ui-batch32-20260920.json,8508e8374eb7f35a6dbd9e586bfae248023f55fcc7b6ce641daf41e2c61e9c01,"{""artifact"":""https://crowdin.com/project/pcsx2"",""sha256"":""32c1ca7a19642799932adae197e61148bc75a090266cb9bf9e195b2e1309f173""}"
5cb019bf13211b4454e4dbac,Disable Render Fixes,Inaktivera renderingsfixar,PCSX2,crowdin-current-ui-batch13-20260920,"GraphicsHardwareFixesSettingsTab
../Settings/GraphicsHardwareFixesSettingsTab.ui:298",Publiceringsförsöket nekades enligt det äldre kvittot; texten är ett lokalt granskningsförslag.,project-context,9b521f7e0f7c2fd8e400a017,reviewed-local,https://github.com/yeager/translations/blob/67e6d27877c9cfd6b6dbc74bd852b10bdbe09c3c/PCSX2/crowdin-current-ui-batch13-20260920.json,623ec591b5fcb41c8d897353bf192b4285c0b8b4a6be7d0f716afe784de07e1d,"{""artifact"":""https://crowdin.com/project/pcsx2"",""sha256"":""1bc45b0bee63d807b5ac53a0faf876df500126d197373e3a01032e768eaacdd1""}"
5cf44bd5083f8411daa202e4,Auto Gateway,Automatisk gateway,PCSX2,crowdin-current-ui-batch60-20260920,"DEV9SettingsWidget
../Settings/DEV9SettingsWidget.cpp:210",Publiceringsförsöket nekades enligt det äldre kvittot; texten är ett lokalt granskningsförslag.,project-context,0bb25753f19510436beece22,reviewed-local,https://github.com/yeager/translations/blob/67e6d27877c9cfd6b6dbc74bd852b10bdbe09c3c/PCSX2/crowdin-current-ui-batch60-20260920.json,8c6cbd32b1310e0a049b06bc12d78c06699e0e814d471dcdf308e46e1f1388d6,"{""artifact"":""https://crowdin.com/project/pcsx2"",""sha256"":""741c07fcca9bd4b2c3565d2b31e7382efe21d518a2aa306b510efd323fc18b66""}"
5cfa3f0f16da088a40c19187,Manually Set Real-Time Clock,Ange realtidsklocka manuellt,PCSX2,Crowdin UI,,"Granskad filleverans. Endast färdiga, aktiva översättningar tas med; detta är inte ett påstående om separat registrerat radbeslut för varje oförändrad post.",project-context,a9d883121fddbcda49566bc8,reviewed-file-delivery,https://crowdin.com/project/pcsx2,c5f591f1edc9553e40265bc0be0fe67c8e4252c052a1cf8ecfb524489a5aff60,{}
5d08777fe17d095842b5aa5b,Prioritize Lower Bits,Prioritera lägre bitar,PCSX2,crowdin-current-ui-batch58-20260920,"FullscreenUI
../../pcsx2/ImGui/FullscreenUI_Settings.cpp:6701",,project-context,ee23fe6ecebac8f171e11de9,reviewed-receipt,https://github.com/yeager/translations/blob/67e6d27877c9cfd6b6dbc74bd852b10bdbe09c3c/PCSX2/crowdin-current-ui-batch58-20260920.json,63dc6922c386d319276df2094a26afd341a8755f207ce8908444de581c157b66,"{""artifact"":""https://crowdin.com/project/pcsx2"",""sha256"":""5af321dc3366b8c7296dc757c6e34eaf1325a5ed688433c892745b24baca62e8""}"
5d6c6a091cefd18d6c056b48,URLs:,URL:er:,PCSX2,crowdin-current-ui-batch56-20260920,"FullscreenUI
../../pcsx2/ImGui/FullscreenUI.cpp:4107",,project-context,455f603a8290b101d27e9620,reviewed-receipt,https://github.com/yeager/translations/blob/67e6d27877c9cfd6b6dbc74bd852b10bdbe09c3c/PCSX2/crowdin-current-ui-batch56-20260920.json,e544f4e37b292a5a59167a947672fb099eeaff33c9d732c3cd8e9184cd9a4307,"{""artifact"":""https://crowdin.com/project/pcsx2"",""sha256"":""7f9ffd328bc56a6462a45f6dd0179628607124090f45bdc21a97bdb98b718d93""}"
5d89891aa9c3c6ea4640a279,On-Screen Display,Skärmvisning,PCSX2,crowdin-current-ui-batch52-20260920,"OSDSettingsWidget
../Settings/OSDSettingsWidget.ui:20
../Settings/OSDSettingsWidget.cpp:37",,project-context,5ae98ab1ceecf368fa9bee9d,reviewed-receipt,https://github.com/yeager/translations/blob/67e6d27877c9cfd6b6dbc74bd852b10bdbe09c3c/PCSX2/crowdin-current-ui-batch52-20260920.json,8cfffc76ca6e36b6b86d335ad9a92ba99954d58c53ce7d299caec541e1b3ff9b,"{""artifact"":""https://crowdin.com/project/pcsx2"",""sha256"":""ff5b0d386bee6665e6dacb70e25d4fa3a9c7fa521377fcc963091118e96f57a6""}"
5d8f64db8c2cd49cc37ce284,Hit Count,Antal träffar,PCSX2,crowdin-current-ui-batch9-20260920,"BreakpointDialog
../Debugger/Breakpoints/BreakpointDialog.ui:375",,project-context,42d1102abb59457203e3091a,reviewed-receipt,https://github.com/yeager/translations/blob/67e6d27877c9cfd6b6dbc74bd852b10bdbe09c3c/PCSX2/crowdin-current-ui-batch9-20260920.json,134204bdde884be3c2722090609773e05cd73b495e902e6f39659aa156be0139,"{""artifact"":""https://crowdin.com/project/pcsx2"",""sha256"":""9a1794c6e269da541d073c73c62c977aeaae5e9775187a3f36da0692605323ad""}"
5dcb8e79ef00b87d3bb4b50e,Trilinear Filtering:,Trilinjär filtrering:,PCSX2,crowdin-current-ui-batch26-20260920,"GraphicsHardwareRenderingSettingsTab
../Settings/GraphicsHardwareRenderingSettingsTab.ui:221",Publiceringsförsöket nekades enligt det äldre kvittot; texten är ett lokalt granskningsförslag.,project-context,9ec2fdf08ee5d2ec63ecc8f6,reviewed-local,https://github.com/yeager/translations/blob/67e6d27877c9cfd6b6dbc74bd852b10bdbe09c3c/PCSX2/crowdin-current-ui-batch26-20260920.json,49be151dc9918b0d30da49c790d627c159af0560d66be018b2a4920b716f4063,"{""artifact"":""https://crowdin.com/project/pcsx2"",""sha256"":""eeafcb34d174dc0cc870ae591a5538b50783db7ee06c0a92f57b08a297aba276""}"
5e45ee85d02c3452d1dfbbfa,Saved Metrics Capture Time:,Inspelningstid för sparade mätvärden:,PCSX2,Crowdin UI,,"Granskad filleverans. Endast färdiga, aktiva översättningar tas med; detta är inte ett påstående om separat registrerat radbeslut för varje oförändrad post.",project-context,c49169c4bae009a1887242ed,reviewed-file-delivery,https://crowdin.com/project/pcsx2,c5f591f1edc9553e40265bc0be0fe67c8e4252c052a1cf8ecfb524489a5aff60,{}
5e966e4e4b989a45ad479530,Center Right,I mitten till höger,PCSX2,crowdin-current-ui-batch53-20260920,"OSDSettingsWidget
../Settings/OSDSettingsWidget.ui:125
../Settings/OSDSettingsWidget.ui:189",,project-context,de3803fb86297ac68e848537,reviewed-receipt,https://github.com/yeager/translations/blob/67e6d27877c9cfd6b6dbc74bd852b10bdbe09c3c/PCSX2/crowdin-current-ui-batch53-20260920.json,cf9e3a076b0a7a4c9da64198f8216ad33f840f37229f480c53c816b8096dd673,"{""artifact"":""https://crowdin.com/project/pcsx2"",""sha256"":""59d38442ca49c227460b803f2dfe13dd44193e4e55054693584a37b700fb8f59""}"
5eaa1269799375ebe1586c8c,Paste Instruction Text,Klistra in instruktionstext,PCSX2,crowdin-current-ui-batch31-20260920,"DisassemblyView
../Debugger/DisassemblyView.cpp:790",Publiceringsförsöket nekades enligt det äldre kvittot; texten är ett lokalt granskningsförslag.,project-context,4d2ab0e080c9d1b3d74a5826,reviewed-local,https://github.com/yeager/translations/blob/67e6d27877c9cfd6b6dbc74bd852b10bdbe09c3c/PCSX2/crowdin-current-ui-batch31-20260920.json,7f296a46b32719e99a638c81474fc3438c10c81ba7fa7f9ae7a93270e2b8c504,"{""artifact"":""https://crowdin.com/project/pcsx2"",""sha256"":""d6faf1e5a8ac05c0b17efcf5cf00297a10b4ed36e2c3e50a08569c43e8ecb449""}"
5eb6100236fda18583573674,Use Blit Swap Chain,Använd blit-växlingskedja,PCSX2,crowdin-current-ui-batch14-20260920,"Blit = a data operation. You might want to write it as-is, but fully uppercased. More information: https://en.wikipedia.org/wiki/Bit_blit \nSwap chain: see Microsoft&apos;s Terminology Portal.
GraphicsAdvancedSettingsTab
../Settings/GraphicsAdvancedSettingsTab.ui:116",,project-context,d68ed91351de159a58b76150,reviewed-receipt,https://github.com/yeager/translations/blob/67e6d27877c9cfd6b6dbc74bd852b10bdbe09c3c/PCSX2/crowdin-current-ui-batch14-20260920.json,9f0ff248176205a3bda2eb3f8c6f8e1ab1d89f1ac984b49ef2d06f0eb6672cce,"{""artifact"":""https://crowdin.com/project/pcsx2"",""sha256"":""4d95041d1665c8415990bd010678ceb3d98bb9ca6a91513deb2be2ce1e4208fe""}"
5ef1db0310b2ce0040e87fdf,Select,Välj,PCSX2,crowdin-current-ui-batch50-20260920,"Achievements
../../pcsx2/Achievements.cpp:2545
../../pcsx2/Achievements.cpp:2564",Publiceringsförsöket nekades enligt det äldre kvittot; texten är ett lokalt granskningsförslag.,project-context,26b75ac486edfec1fa097d5c,reviewed-local,https://github.com/yeager/translations/blob/67e6d27877c9cfd6b6dbc74bd852b10bdbe09c3c/PCSX2/crowdin-current-ui-batch50-20260920.json,526c37bda266096897ffc29f6d90f1526ccd117934fef6462d4629b30c159187,"{""artifact"":""https://crowdin.com/project/pcsx2"",""sha256"":""4741c21884fff80a623a7e069367e6657dbb1e360f3a5ffe5039245821ac7d0e""}"
5f2804e655b61ea57f963037,Brake notches,Bromslägen,PCSX2,crowdin-current-ui-batch49-20260920,"USB
../../pcsx2/USB/usb-pad/usb-train.cpp:251",,project-context,54be400bac4f5ed11b1d999c,reviewed-receipt,https://github.com/yeager/translations/blob/67e6d27877c9cfd6b6dbc74bd852b10bdbe09c3c/PCSX2/crowdin-current-ui-batch49-20260920.json,3e907fbc31b1fdfcccfc47d4a6a49ad2bfe6eb9414cebf6471f974279c345287,"{""artifact"":""https://crowdin.com/project/pcsx2"",""sha256"":""21c5bcd5be3ee3ca4f25bcc617eaa9ad215ec98e2ada39822c3aab32ba89d2fc""}"
5f8b09f1022be70b1dbae319,Hardware Dump Directory:,Katalog för hårdvarudumpar:,PCSX2,crowdin-current-ui-batch21-20260920,"DebugGSSettingsTab
../Settings/DebugGSSettingsTab.ui:181",,project-context,750d555652e4896a0a4bc874,reviewed-receipt,https://github.com/yeager/translations/blob/67e6d27877c9cfd6b6dbc74bd852b10bdbe09c3c/PCSX2/crowdin-current-ui-batch21-20260920.json,a17a684939c7836f99eed6a2beb5c914bdeb5bc299843bbd766ce571585ee88e,"{""artifact"":""https://crowdin.com/project/pcsx2"",""sha256"":""01147e269df324cc50fb07024fcbec6adf5ac4ba0259c080cdd896d08b47c49f""}"
5f90a060999e09d0203ffa63,Automatic Resolution,Automatisk upplösning,PCSX2,crowdin-current-ui-batch8-20260920,"FullscreenUI
../../pcsx2/ImGui/FullscreenUI_Settings.cpp:6888",Publiceringsförsöket nekades enligt det äldre kvittot; texten är ett lokalt granskningsförslag.,project-context,66c3f564dd406c5bd60f014e,reviewed-local,https://github.com/yeager/translations/blob/67e6d27877c9cfd6b6dbc74bd852b10bdbe09c3c/PCSX2/crowdin-current-ui-batch8-20260920.json,6d671a2f5891b45d5687714706665353e2ac62d51b8d507209b9c6fd5769ca1f,"{""artifact"":""https://crowdin.com/project/pcsx2"",""sha256"":""1882411f4f832f6d7ff8f4be4ac9ec1781e990b99e37706c6f163dd288b2b215""}"
5f9d85dd9def232de6f8169f,Show Inputs,Visa inmatning,PCSX2,Crowdin UI,,"Granskad filleverans. Endast färdiga, aktiva översättningar tas med; detta är inte ett påstående om separat registrerat radbeslut för varje oförändrad post.",project-context,45b37f92f535504c38865567,reviewed-file-delivery,https://crowdin.com/project/pcsx2,c5f591f1edc9553e40265bc0be0fe67c8e4252c052a1cf8ecfb524489a5aff60,{}
6025ff0a94824c7a3eb126bb,Manual Hardware Renderer Fixes,Manuella korrigeringar för maskinvarurenderaren,PCSX2,crowdin-current-ui-batch56-20260920,"FullscreenUI
../../pcsx2/ImGui/FullscreenUI_Settings.cpp:6835",,project-context,450a7f915bc7815e8115938b,reviewed-receipt,https://github.com/yeager/translations/blob/67e6d27877c9cfd6b6dbc74bd852b10bdbe09c3c/PCSX2/crowdin-current-ui-batch56-20260920.json,e544f4e37b292a5a59167a947672fb099eeaff33c9d732c3cd8e9184cd9a4307,"{""artifact"":""https://crowdin.com/project/pcsx2"",""sha256"":""02cfce68a4afa645db28df5d1e32885c8548b68b5b3e9fe1f37dfd639fe4e540""}"
604a4224ef76c880c4395e7c,Disable Partial Source Invalidation,Inaktivera partiell ogiltigförklaring av källa,PCSX2,crowdin-current-ui-batch57-20260920,"FullscreenUI
../../pcsx2/ImGui/FullscreenUI_Settings.cpp:6847",,project-context,947a90ad7fe00148709c7def,reviewed-receipt,https://github.com/yeager/translations/blob/67e6d27877c9cfd6b6dbc74bd852b10bdbe09c3c/PCSX2/crowdin-current-ui-batch57-20260920.json,5c871fa681fe60ac837787f04a021e0897b135316665fb1695de5041b8a5e637,"{""artifact"":""https://crowdin.com/project/pcsx2"",""sha256"":""737ee523be5629ff0bb4d07452435539489d865a4302302026aabbe1a94a3559""}"
609b5bcd14dd1eba4e871fdb,Automatic (Default),Automatiskt (standard),PCSX2,crowdin-current-ui-batch26-20260920,"GraphicsHardwareRenderingSettingsTab
../Settings/GraphicsHardwareRenderingSettingsTab.ui:188",,project-context,9586b6b6bcaa461c31ae9ae6,reviewed-receipt,https://github.com/yeager/translations/blob/67e6d27877c9cfd6b6dbc74bd852b10bdbe09c3c/PCSX2/crowdin-current-ui-batch26-20260920.json,49be151dc9918b0d30da49c790d627c159af0560d66be018b2a4920b716f4063,"{""artifact"":""https://crowdin.com/project/pcsx2"",""sha256"":""f0a1e906686f8717a7eaca65cbff5003cc4362e6b3b6c18cad899b37c26f77a5""}"
60bfb90b9fb5d1a6047df0c1,13x Native (~4680px),13× inbyggd (~4680 px),PCSX2,Crowdin UI,,"Granskad filleverans. Endast färdiga, aktiva översättningar tas med; detta är inte ett påstående om separat registrerat radbeslut för varje oförändrad post.",project-context,03af8f2cd84cd4e650b87335,reviewed-file-delivery,https://crowdin.com/project/pcsx2,c5f591f1edc9553e40265bc0be0fe67c8e4252c052a1cf8ecfb524489a5aff60,{}
60d6c05a0f62aec6e6883e7c,Expansion Mode,Expansionsläge,PCSX2,crowdin-current-ui-batch57-20260920,"FullscreenUI
../../pcsx2/ImGui/FullscreenUI_Settings.cpp:6942",,project-context,8fbb6f9fd818bfcc55904d75,reviewed-receipt,https://github.com/yeager/translations/blob/67e6d27877c9cfd6b6dbc74bd852b10bdbe09c3c/PCSX2/crowdin-current-ui-batch57-20260920.json,5c871fa681fe60ac837787f04a021e0897b135316665fb1695de5041b8a5e637,"{""artifact"":""https://crowdin.com/project/pcsx2"",""sha256"":""85d8dae9e663e61613d7e450055ca736f181c01dc45eaac438fed4f8c637c9a3""}"
60f846a1931df3a65a697df1,Contrast:,Kontrast:,PCSX2,crowdin-current-ui-batch27-20260920,"GraphicsPostProcessingSettingsTab
../Settings/GraphicsPostProcessingSettingsTab.ui:137",Publiceringsförsöket nekades enligt det äldre kvittot; texten är ett lokalt granskningsförslag.,project-context,bdf5c1124fde728c64b6cda8,reviewed-local,https://github.com/yeager/translations/blob/67e6d27877c9cfd6b6dbc74bd852b10bdbe09c3c/PCSX2/crowdin-current-ui-batch27-20260920.json,daf14a4c22835aeb84f9a6f6d33a6c69ac188b84259e32a73fa4a47caa65dc63,"{""artifact"":""https://crowdin.com/project/pcsx2"",""sha256"":""4d3b9507c266bcbccf2c2d51b17f3e6111d0249a583045b62410474cc84483a0""}"
61157f0f0d886f455924e137,Fast Forward:,Snabbspolning:,PCSX2,Crowdin UI,,"Granskad filleverans. Endast färdiga, aktiva översättningar tas med; detta är inte ett påstående om separat registrerat radbeslut för varje oförändrad post.",project-context,661545a8787f54f11c32e10a,reviewed-file-delivery,https://crowdin.com/project/pcsx2,c5f591f1edc9553e40265bc0be0fe67c8e4252c052a1cf8ecfb524489a5aff60,{}
61318b5f439af9c54955b2e0,Direct3D 11 (Legacy),Direct3D 11 (äldre),PCSX2,Crowdin UI,,"Granskad filleverans. Endast färdiga, aktiva översättningar tas med; detta är inte ett påstående om separat registrerat radbeslut för varje oförändrad post.",project-context,78cd093bb1d4aaf2d11e441f,reviewed-file-delivery,https://crowdin.com/project/pcsx2,c5f591f1edc9553e40265bc0be0fe67c8e4252c052a1cf8ecfb524489a5aff60,{}
61bb688a5cc1c25ccfe485d9,Used for storing video recordings.,Används för att lagra videoinspelningar.,PCSX2,crowdin-current-ui-batch50-20260920,"FolderSettingsWidget
../Settings/FolderSettingsWidget.ui:277",Publiceringsförsöket nekades enligt det äldre kvittot; texten är ett lokalt granskningsförslag.,project-context,40f122ec0e30cb06ba602b4f,reviewed-local,https://github.com/yeager/translations/blob/67e6d27877c9cfd6b6dbc74bd852b10bdbe09c3c/PCSX2/crowdin-current-ui-batch50-20260920.json,526c37bda266096897ffc29f6d90f1526ccd117934fef6462d4629b30c159187,"{""artifact"":""https://crowdin.com/project/pcsx2"",""sha256"":""3f8224646f80e9de8fc198ad813e3cfc04c86d845ef8faaaa57c4211b80c5dd4""}"
62074344222139c0d01bd105,Aspect Ratio:,Bildförhållande:,PCSX2,crowdin-current-ui-batch24-20260920,"GraphicsDisplaySettingsTab
../Settings/GraphicsDisplaySettingsTab.ui:219",Publiceringsförsöket nekades enligt det äldre kvittot; texten är ett lokalt granskningsförslag.,project-context,53c84f08c5d35a247da40e6c,reviewed-local,https://github.com/yeager/translations/blob/67e6d27877c9cfd6b6dbc74bd852b10bdbe09c3c/PCSX2/crowdin-current-ui-batch24-20260920.json,ee2587e30ef9f54541bdbfb4dfcf7512e05bd487cd41e18f4834c7ff3b6d4915,"{""artifact"":""https://crowdin.com/project/pcsx2"",""sha256"":""5eace1617066b81c8184a63c99d2e67b3a6d945b70a2988b43920700191bce1d""}"
622df08a090866d5d2706081,Force Enabled,Tvinga aktiverad,PCSX2,crowdin-current-ui-batch23-20260920,"GraphicsAdvancedSettingsTab
../Settings/GraphicsAdvancedSettingsTab.ui:301",Publiceringsförsöket nekades enligt det äldre kvittot; texten är ett lokalt granskningsförslag.,project-context,0eedc12c09c0f7844f921dec,reviewed-local,https://github.com/yeager/translations/blob/67e6d27877c9cfd6b6dbc74bd852b10bdbe09c3c/PCSX2/crowdin-current-ui-batch23-20260920.json,94825b8000dc084475f7ee18208d828359829f994a9e4d0dfc9ec3c3d325f60e,"{""artifact"":""https://crowdin.com/project/pcsx2"",""sha256"":""22b22f8fc149d614f39d190b9228239bbd9a69548642233c727d6794377b2ae4""}"
623c1bac2799fb1e1ec4629a,1000ms,1 000 ms,PCSX2,crowdin-current-ui-batch22-20260920,"DebugSettingsWidget
../Settings/DebugSettingsWidget.cpp:45",,project-context,7336b187a4f36a6249680667,reviewed-receipt,https://github.com/yeager/translations/blob/67e6d27877c9cfd6b6dbc74bd852b10bdbe09c3c/PCSX2/crowdin-current-ui-batch22-20260920.json,4f04c5281fafa51fe7ba74101b3c304645c8874ef28d97c8f99b5d9fe805c47e,"{""artifact"":""https://crowdin.com/project/pcsx2"",""sha256"":""789c646ce44821a011185853a41fdfdd4040e1bf413679aad5f3248240482332""}"
6252f9039dc5fd3b6da759ca,Enable In-Game Leaderboard Overlays,Aktivera överlagringar för resultattavlor i spel,PCSX2,crowdin-current-ui-batch22-20260920,"FullscreenUI
../../pcsx2/ImGui/FullscreenUI_Settings.cpp:6988",,project-context,5ef35267649a847b5c4726c3,reviewed-receipt,https://github.com/yeager/translations/blob/67e6d27877c9cfd6b6dbc74bd852b10bdbe09c3c/PCSX2/crowdin-current-ui-batch22-20260920.json,4f04c5281fafa51fe7ba74101b3c304645c8874ef28d97c8f99b5d9fe805c47e,"{""artifact"":""https://crowdin.com/project/pcsx2"",""sha256"":""c0676ed7e79f8f739253fb28b9eeffdd0601d3d1b84c13137908e859958c0406""}"
625b8ea9e3b75bf057c1a6ca,Target:,Mål:,PCSX2,crowdin-current-ui-batch58-20260920,"LayoutEditorDialog
../Debugger/Docking/LayoutEditorDialog.ui:38",,project-context,2ae39cc04932f8273735888d,reviewed-receipt,https://github.com/yeager/translations/blob/67e6d27877c9cfd6b6dbc74bd852b10bdbe09c3c/PCSX2/crowdin-current-ui-batch58-20260920.json,63dc6922c386d319276df2094a26afd341a8755f207ce8908444de581c157b66,"{""artifact"":""https://crowdin.com/project/pcsx2"",""sha256"":""17481f9609acfff1754f11ee34c60bf2bee1a45f1554041b7ea8fa16ce30a611""}"
62825ceccb9479ee462058e9,Start Recording,Starta inspelning,PCSX2,crowdin-current-ui-batch8-20260920,"FullscreenUI
../../pcsx2/ImGui/FullscreenUI.cpp:4174",Publiceringsförsöket nekades enligt det äldre kvittot; texten är ett lokalt granskningsförslag.,project-context,93a75401dfc716965446f080,reviewed-local,https://github.com/yeager/translations/blob/67e6d27877c9cfd6b6dbc74bd852b10bdbe09c3c/PCSX2/crowdin-current-ui-batch8-20260920.json,6d671a2f5891b45d5687714706665353e2ac62d51b8d507209b9c6fd5769ca1f,"{""artifact"":""https://crowdin.com/project/pcsx2"",""sha256"":""6e632b9176e400a4d9f2d80da2337b4d89a166cd879659e45f840ffa6df377d9""}"
62a4eef70e7cdb6e5c8f5010,OSD Performance Position,Position för OSD-prestanda,PCSX2,crowdin-current-ui-batch53-20260920,"OSDSettingsWidget
../Settings/OSDSettingsWidget.cpp:101",,project-context,2558c34eb7ebaa4b684cba65,reviewed-receipt,https://github.com/yeager/translations/blob/67e6d27877c9cfd6b6dbc74bd852b10bdbe09c3c/PCSX2/crowdin-current-ui-batch53-20260920.json,cf9e3a076b0a7a4c9da64198f8216ad33f840f37229f480c53c816b8096dd673,"{""artifact"":""https://crowdin.com/project/pcsx2"",""sha256"":""6c28f1ccacfc2d52309c1d1c73dada8430ae9b323c61b135c0f598e4039662f5""}"
62ae57314d3a453c761425bc,Only On Startup,Endast vid start,PCSX2,crowdin-current-ui-batch11-20260920,"Time when a patch is applied.
Patch
../../pcsx2/Patch.cpp:1838",,project-context,727525c49e79665efc0311c6,reviewed-receipt,https://github.com/yeager/translations/blob/67e6d27877c9cfd6b6dbc74bd852b10bdbe09c3c/PCSX2/crowdin-current-ui-batch11-20260920.json,ca34a36082ac7bb7c72d20bd72c4f2da2c969dae95acc424871cf924ec9d06b4,"{""artifact"":""https://crowdin.com/project/pcsx2"",""sha256"":""ae627b60093aea988e0a7625aa6807e163c4314c601c0a7a870176955bad3fbe""}"
62bedc1e1aa6a6f8e89d3414,System Default,Systemstandard,PCSX2,crowdin-current-ui-batch63-20260920,"InterfaceSettingsWidget
../Settings/InterfaceSettingsWidget.cpp:254",Publiceringsförsöket nekades enligt det äldre kvittot; texten är ett lokalt granskningsförslag.,project-context,41b57de5bfe34c77e3b64fb3,reviewed-local,https://github.com/yeager/translations/blob/67e6d27877c9cfd6b6dbc74bd852b10bdbe09c3c/PCSX2/crowdin-current-ui-batch63-20260920.json,08ff78cfcd818cefe89524c4604550c53e468e64909a3ca76a582c3f0c9c5540,"{""artifact"":""https://crowdin.com/project/pcsx2"",""sha256"":""633480e3b2805fda57f4d6615c879c342378abbd015045ae9c9cc7c18d36c88f""}"
6334883f14ea51a3c7e452a5,Month,Månad,PCSX2,crowdin-current-ui-batch56-20260920,"FullscreenUI
../../pcsx2/ImGui/FullscreenUI_Settings.cpp:6799",,project-context,b4fb65ecaeacd1b270285c04,reviewed-receipt,https://github.com/yeager/translations/blob/67e6d27877c9cfd6b6dbc74bd852b10bdbe09c3c/PCSX2/crowdin-current-ui-batch56-20260920.json,e544f4e37b292a5a59167a947672fb099eeaff33c9d732c3cd8e9184cd9a4307,"{""artifact"":""https://crowdin.com/project/pcsx2"",""sha256"":""e1a704f37d6b172df807e99e2beb50641e32020f4080a179cd7ef11e3af42a84""}"
63393f1ceceac39dc9630fc2,Shows debug information about the renderer.,Visar felsökningsinformation om renderaren.,PCSX2,Crowdin UI,,"Granskad filleverans. Endast färdiga, aktiva översättningar tas med; detta är inte ett påstående om separat registrerat radbeslut för varje oförändrad post.",project-context,210907044a3ff332e6355bfe,reviewed-file-delivery,https://crowdin.com/project/pcsx2,c5f591f1edc9553e40265bc0be0fe67c8e4252c052a1cf8ecfb524489a5aff60,{}
633aec99e04363d92a39e32e,Failed to open memory card directory.,Det gick inte att öppna minneskortskatalogen.,PCSX2,crowdin-current-ui-batch52-20260920,"MainWindow
../MainWindow.cpp:3611",Publiceringsförsöket nekades enligt det äldre kvittot; texten är ett lokalt granskningsförslag.,project-context,7effc667e88adefede19b04f,reviewed-local,https://github.com/yeager/translations/blob/67e6d27877c9cfd6b6dbc74bd852b10bdbe09c3c/PCSX2/crowdin-current-ui-batch52-20260920.json,8cfffc76ca6e36b6b86d335ad9a92ba99954d58c53ce7d299caec541e1b3ff9b,"{""artifact"":""https://crowdin.com/project/pcsx2"",""sha256"":""bf5aaa08d2f3912c2283e89f37041183e553c1efac0f0fb83256238c97d0397a""}"
636a8028a816c879ef489e80,Accurate Alpha Test,Noggrant alfatest,PCSX2,crowdin-current-ui-batch51-20260920,"GraphicsHardwareRenderingSettingsTab
../Settings/GraphicsHardwareRenderingSettingsTab.ui:56",,project-context,096503581b63eb0820b34dd7,reviewed-receipt,https://github.com/yeager/translations/blob/67e6d27877c9cfd6b6dbc74bd852b10bdbe09c3c/PCSX2/crowdin-current-ui-batch51-20260920.json,a8b5191343bdd297b5d152a224021320a839b19ec9afc66e6fdf7d9067e58697,"{""artifact"":""https://crowdin.com/project/pcsx2"",""sha256"":""e562a14520042dff8d4fae73636d8275d25fdcd9df8e18e5aa4119c035bce720""}"
63f503ed0d9df3a2c7271934,Load save state from file:,Läs in sparläge från fil:,PCSX2,crowdin-current-ui-batch37-20260920,"ShortcutCreationDialog
../ShortcutCreationDialog.ui:205",,project-context,02f3a3d7d541d5aa26ae9028,reviewed-receipt,https://github.com/yeager/translations/blob/67e6d27877c9cfd6b6dbc74bd852b10bdbe09c3c/PCSX2/crowdin-current-ui-batch37-20260920.json,3d30ac42902a2603744414716b97c7784c4b7f2491b297a70bd0590534da88f4,"{""artifact"":""https://crowdin.com/project/pcsx2"",""sha256"":""2c7d668ad5d8654e459c102594735e7f5463bc3d35fd821f53b9afd03ee38016""}"
63fea0befe1910213f37ca4e,OSD Performance Position,Position för OSD-prestanda,PCSX2,Crowdin UI,,"Granskad filleverans. Endast färdiga, aktiva översättningar tas med; detta är inte ett påstående om separat registrerat radbeslut för varje oförändrad post.",project-context,20edc83cff2b7dcd24239475,reviewed-file-delivery,https://crowdin.com/project/pcsx2,c5f591f1edc9553e40265bc0be0fe67c8e4252c052a1cf8ecfb524489a5aff60,{}
641208a79b16f37bef75e7e8,WAV Audio Files (*.wav),WAV-ljudfiler (*.wav),PCSX2,crowdin-current-ui-batch45-20260920,"AchievementSettingsWidget
../Settings/AchievementSettingsWidget.cpp:20",Publiceringsförsöket nekades enligt det äldre kvittot; texten är ett lokalt granskningsförslag.,project-context,f97f54316531be871e322221,reviewed-local,https://github.com/yeager/translations/blob/67e6d27877c9cfd6b6dbc74bd852b10bdbe09c3c/PCSX2/crowdin-current-ui-batch45-20260920.json,4c2583095ac82af7cbd5d2e9b388582811e469f82c52448518b800a7bc23bdc8,"{""artifact"":""https://crowdin.com/project/pcsx2"",""sha256"":""a61edf64eeff15347bd753246af7197efc1b1e9cec7ef1c4969f2dc43060ac7b""}"
6415907f6e4d1bf3882d4858,Hour of the day (0-23).,Dygnets timme (0–23).,PCSX2,crowdin-current-ui-batch58-20260920,"FullscreenUI
../../pcsx2/ImGui/FullscreenUI_Settings.cpp:6163",,project-context,5c612feae58ce070c167fc9f,reviewed-receipt,https://github.com/yeager/translations/blob/67e6d27877c9cfd6b6dbc74bd852b10bdbe09c3c/PCSX2/crowdin-current-ui-batch58-20260920.json,63dc6922c386d319276df2094a26afd341a8755f207ce8908444de581c157b66,"{""artifact"":""https://crowdin.com/project/pcsx2"",""sha256"":""2987e840084f68d8b9ab7844d729a921aa6bbee39d040fd2438852aa258bb2ee""}"
64cce2f3ab03401854c354e8,Full (Hash Cache),Fullständig (hashcache),PCSX2,crowdin-current-ui-batch23-20260920,"GraphicsAdvancedSettingsTab
../Settings/GraphicsAdvancedSettingsTab.ui:186",Publiceringsförsöket nekades enligt det äldre kvittot; texten är ett lokalt granskningsförslag.,project-context,ad7f1cc0f398945d2626391d,reviewed-local,https://github.com/yeager/translations/blob/67e6d27877c9cfd6b6dbc74bd852b10bdbe09c3c/PCSX2/crowdin-current-ui-batch23-20260920.json,94825b8000dc084475f7ee18208d828359829f994a9e4d0dfc9ec3c3d325f60e,"{""artifact"":""https://crowdin.com/project/pcsx2"",""sha256"":""db285308056e1a102336daa7f6be60379b9caa0c8d12dd5f88c46b68271fed21""}"
64e6eb7e28324dcf7b77f0cb,Failed to allocate lookahead buffer.,Det gick inte att allokera lookahead-buffert.,PCSX2,crowdin-current-ui-batch43-20260920,"GSDumpLzma
../../pcsx2/GS/GSLzma.cpp:337",,project-context,7070b1d1072a133d95183910,reviewed-receipt,https://github.com/yeager/translations/blob/67e6d27877c9cfd6b6dbc74bd852b10bdbe09c3c/PCSX2/crowdin-current-ui-batch43-20260920.json,f579d21901c076c71bfe3d8f99475909dc2a77edf2cbda40a55f781cfb57432e,"{""artifact"":""https://crowdin.com/project/pcsx2"",""sha256"":""0aeaa056383b618e8290129f56138056b8887333903fffb9d27439224f418a9e""}"
64f66ccb95644c478843997c, kbps, kbit/s,PCSX2,crowdin-current-ui-batch26-20260920,"Unit that will appear next to a number. Alter the space or whatever is needed before the text depending on your language.
GraphicsMediaCaptureSettingsTab
../Settings/GraphicsMediaCaptureSettingsTab.ui:178
../Settings/GraphicsMediaCaptureSettingsTab.ui:268",,project-context,fe5f1bf6394411399354c5cb,reviewed-receipt,https://github.com/yeager/translations/blob/67e6d27877c9cfd6b6dbc74bd852b10bdbe09c3c/PCSX2/crowdin-current-ui-batch26-20260920.json,49be151dc9918b0d30da49c790d627c159af0560d66be018b2a4920b716f4063,"{""artifact"":""https://crowdin.com/project/pcsx2"",""sha256"":""02ed1c7393f78934e5a4976a752b2ad3e6fa1d0371e27bc987356018c099d12d""}"
64f8a5db7b364c44c4078a49,Skip Draw Range End,Slut för intervall med hoppade ritytor,PCSX2,Crowdin UI,,"Granskad filleverans. Endast färdiga, aktiva översättningar tas med; detta är inte ett påstående om separat registrerat radbeslut för varje oförändrad post.",project-context,fd306cdc382fc2c4f1c65cb0,reviewed-file-delivery,https://crowdin.com/project/pcsx2,c5f591f1edc9553e40265bc0be0fe67c8e4252c052a1cf8ecfb524489a5aff60,{}
657d25e90979efa38a986be7,Wave Filter,Vågfilter,PCSX2,crowdin-current-ui-batch27-20260920,"GraphicsPostProcessingSettingsTab
../Settings/GraphicsPostProcessingSettingsTab.ui:230",Publiceringsförsöket nekades enligt det äldre kvittot; texten är ett lokalt granskningsförslag.,project-context,4cee14749d4519afc825ead7,reviewed-local,https://github.com/yeager/translations/blob/67e6d27877c9cfd6b6dbc74bd852b10bdbe09c3c/PCSX2/crowdin-current-ui-batch27-20260920.json,daf14a4c22835aeb84f9a6f6d33a6c69ac188b84259e32a73fa4a47caa65dc63,"{""artifact"":""https://crowdin.com/project/pcsx2"",""sha256"":""0912f8337f6cea7e8eca142da6253a3eea3e0b04ef945cdb5a3395ecf726116e""}"
659cd5c2e2f09a194847c0f5,Startup Error,Startfel,PCSX2,crowdin-current-ui-batch43-20260920,"QtHost
../QtHost.cpp:234",,project-context,a0119fa8101a0989b395dd97,reviewed-receipt,https://github.com/yeager/translations/blob/67e6d27877c9cfd6b6dbc74bd852b10bdbe09c3c/PCSX2/crowdin-current-ui-batch43-20260920.json,f579d21901c076c71bfe3d8f99475909dc2a77edf2cbda40a55f781cfb57432e,"{""artifact"":""https://crowdin.com/project/pcsx2"",""sha256"":""1f858f1abcb807145f70815fc7c5f234aad6920d2aaf4a999d109864232ce24b""}"
65d18dd2ce235a76e6889624,Save Frame Stats,Spara bildrutsstatistik,PCSX2,crowdin-current-ui-batch12-20260920,"DebugGSSettingsTab
../Settings/DebugGSSettingsTab.ui:84",,project-context,80b4548f35a9e77478ef4a19,reviewed-receipt,https://github.com/yeager/translations/blob/67e6d27877c9cfd6b6dbc74bd852b10bdbe09c3c/PCSX2/crowdin-current-ui-batch12-20260920.json,069c92ed85703bad78e9b4e17bd0d4fccb132ebeed9d3bedd8328dbf6ea26909,"{""artifact"":""https://crowdin.com/project/pcsx2"",""sha256"":""a7415a0f5b32d2adc249ffa16b73d360bb132fd70c368b6d134013df65c99628""}"
65e660c9305119423ae445aa,Bitrate:,Bithastighet:,PCSX2,crowdin-current-ui-batch26-20260920,"GraphicsMediaCaptureSettingsTab
../Settings/GraphicsMediaCaptureSettingsTab.ui:168
../Settings/GraphicsMediaCaptureSettingsTab.ui:258",,project-context,41341984ab37142fb0b26f7f,reviewed-receipt,https://github.com/yeager/translations/blob/67e6d27877c9cfd6b6dbc74bd852b10bdbe09c3c/PCSX2/crowdin-current-ui-batch26-20260920.json,49be151dc9918b0d30da49c790d627c159af0560d66be018b2a4920b716f4063,"{""artifact"":""https://crowdin.com/project/pcsx2"",""sha256"":""5d58a922e12b093729b456a1851cf5659d9c328b4a57c20049dfb453a04e5272""}"
669bc0850523e6d88d987dc7,Missable,Kan missas,PCSX2,crowdin-current-ui-batch50-20260920,"Achievements
../../pcsx2/Achievements.cpp:2902",,project-context,3804a7800e497d7dfd191717,reviewed-receipt,https://github.com/yeager/translations/blob/67e6d27877c9cfd6b6dbc74bd852b10bdbe09c3c/PCSX2/crowdin-current-ui-batch50-20260920.json,526c37bda266096897ffc29f6d90f1526ccd117934fef6462d4629b30c159187,"{""artifact"":""https://crowdin.com/project/pcsx2"",""sha256"":""d541d2e0f89a86124014b451e78b08233c09a90710462e9200e1ac8d19b97626""}"
66a1b7fb284ca1595c2eee58,Controller Glyph Style,Stil för handkontrollsymboler,PCSX2,crowdin-current-ui-batch50-20260920,"FullscreenUI
../../pcsx2/ImGui/FullscreenUI_Settings.cpp:6774",,project-context,889b3a3ab25747a2ae88a664,reviewed-receipt,https://github.com/yeager/translations/blob/67e6d27877c9cfd6b6dbc74bd852b10bdbe09c3c/PCSX2/crowdin-current-ui-batch50-20260920.json,526c37bda266096897ffc29f6d90f1526ccd117934fef6462d4629b30c159187,"{""artifact"":""https://crowdin.com/project/pcsx2"",""sha256"":""ce7c7aa0493c4055da3478654dabe33d31619a05847fd4c3bf624d9127a62e57""}"
66cb591dec55c80b6e5326e9,Integer Base,Heltalsbas,PCSX2,crowdin-current-ui-batch29-20260920,"SymbolTreeView
../Debugger/SymbolTree/SymbolTreeViews.cpp:599",Publiceringsförsöket nekades enligt det äldre kvittot; texten är ett lokalt granskningsförslag.,project-context,d3a70736eeabab645ffeb3c9,reviewed-local,https://github.com/yeager/translations/blob/67e6d27877c9cfd6b6dbc74bd852b10bdbe09c3c/PCSX2/crowdin-current-ui-batch29-20260920.json,5e9d99ed74373c2f72a189c1db7205af0fb3f607d18807039efe55821b2dea06,"{""artifact"":""https://crowdin.com/project/pcsx2"",""sha256"":""fc62ea396104bece000a573ebbc3627a80061ca6a26302f3068b03adff303440""}"
6712de788385c94c41a87302,Disable Safe Features,Inaktivera säkra funktioner,PCSX2,crowdin-current-ui-batch25-20260920,"GraphicsHardwareFixesSettingsTab
../Settings/GraphicsHardwareFixesSettingsTab.ui:312",Publiceringsförsöket nekades enligt det äldre kvittot; texten är ett lokalt granskningsförslag.,project-context,6dbc7b43275836f3543f909b,reviewed-local,https://github.com/yeager/translations/blob/67e6d27877c9cfd6b6dbc74bd852b10bdbe09c3c/PCSX2/crowdin-current-ui-batch25-20260920.json,c686e808bea1ecea795d6bd0a3871f9ea94959e30276601f8efafda34c283479,"{""artifact"":""https://crowdin.com/project/pcsx2"",""sha256"":""d3a649710063ca6cdb00859543acf282d3c0ef2f67f7f47e71a0779ace0f894b""}"
67223445d598dd0d6587e266,Catalog ready.,Katalogen är klar.,PCSX2,crowdin-current-ui-batch52-20260920,"OSDFontPickerDialog
../Settings/OsdFontPickerDialog.cpp:523",,project-context,c6940e1d2df13d9ec8c2c733,reviewed-receipt,https://github.com/yeager/translations/blob/67e6d27877c9cfd6b6dbc74bd852b10bdbe09c3c/PCSX2/crowdin-current-ui-batch52-20260920.json,8cfffc76ca6e36b6b86d335ad9a92ba99954d58c53ce7d299caec541e1b3ff9b,"{""artifact"":""https://crowdin.com/project/pcsx2"",""sha256"":""ba888199dcab4d3e0786497958ca19f630ef6b982e3b8ce7ca45d519c22fd7b8""}"
674c2ccf775a567445b93cbf,On-Screen Display,Skärmvisning,PCSX2,crowdin-current-ui-batch54-20260920,"SettingsWindow
../Settings/SettingsWindow.cpp:161",,project-context,df99bb08ff990e2a32e4cda4,reviewed-receipt,https://github.com/yeager/translations/blob/67e6d27877c9cfd6b6dbc74bd852b10bdbe09c3c/PCSX2/crowdin-current-ui-batch54-20260920.json,1ea914cd857e948af6e29d5981765e20bf4f3f3bfcd3d14fdfab548fae14eacc,"{""artifact"":""https://crowdin.com/project/pcsx2"",""sha256"":""f89ce469e192809dc6380ea7630920c6f3c671bf6845e1f7472de64a197e0f72""}"
6764e77fa8f285b179a178f5,Catalog loaded from online font index.,Katalogen lästes in från teckensnittsindexet på nätet.,PCSX2,crowdin-current-ui-batch52-20260920,"OSDFontPickerDialog
../Settings/OsdFontPickerDialog.cpp:775",,project-context,20c44928a0e9dc098d409a82,reviewed-receipt,https://github.com/yeager/translations/blob/67e6d27877c9cfd6b6dbc74bd852b10bdbe09c3c/PCSX2/crowdin-current-ui-batch52-20260920.json,8cfffc76ca6e36b6b86d335ad9a92ba99954d58c53ce7d299caec541e1b3ff9b,"{""artifact"":""https://crowdin.com/project/pcsx2"",""sha256"":""dbacaea0c4071e59f785fbe174a6ca75dc7a8c322af79aa9b333c39215704a14""}"
6772a130d11224693131e16c,Minimum,Minsta,PCSX2,crowdin-current-ui-batch55-20260920,"Hotkeys_BlendAcc
../../pcsx2/GS/GS.cpp:1383",,project-context,3606abd51ad1581bb14f15f3,reviewed-receipt,https://github.com/yeager/translations/blob/67e6d27877c9cfd6b6dbc74bd852b10bdbe09c3c/PCSX2/crowdin-current-ui-batch55-20260920.json,eef7fecf9007fb67b7321b88ecfd43d8a1e78e3c19d6b14ffe23010d7cdbe6b1,"{""artifact"":""https://crowdin.com/project/pcsx2"",""sha256"":""8c965d3b2be745c4d6efb28c3e13d702288959ee76f36612e8ffaa70effcc1ba""}"
67e52e4c18ca1200eeb5ba5f,Enable,Aktivera,PCSX2,crowdin-current-ui-batch21-20260920,"DebugLoggingSettingsTab
../Settings/DebugLoggingSettingsTab.ui:20",Publiceringsförsöket nekades enligt det äldre kvittot; texten är ett lokalt granskningsförslag.,project-context,a935e04f7a4cd1d289ec5428,reviewed-local,https://github.com/yeager/translations/blob/67e6d27877c9cfd6b6dbc74bd852b10bdbe09c3c/PCSX2/crowdin-current-ui-batch21-20260920.json,a17a684939c7836f99eed6a2beb5c914bdeb5bc299843bbd766ce571585ee88e,"{""artifact"":""https://crowdin.com/project/pcsx2"",""sha256"":""f53e5164bb34549b2523264fe6aa890b97b9fc4d329127f27df3aa740876ded2""}"
682d1efee464261ef0fef5d6,Fast Forward Boot,Snabbspola start,PCSX2,Crowdin UI,,"Granskad filleverans. Endast färdiga, aktiva översättningar tas med; detta är inte ett påstående om separat registrerat radbeslut för varje oförändrad post.",project-context,90aa4831b4d7bedc82c37916,reviewed-file-delivery,https://crowdin.com/project/pcsx2,c5f591f1edc9553e40265bc0be0fe67c8e4252c052a1cf8ecfb524489a5aff60,{}
68306a86f903d89174ed50ea,Video Codec,Videokodek,PCSX2,crowdin-current-ui-batch8-20260920,"FullscreenUI
../../pcsx2/ImGui/FullscreenUI_Settings.cpp:6885",,project-context,068a4915181ec441e8d5e5e2,reviewed-receipt,https://github.com/yeager/translations/blob/67e6d27877c9cfd6b6dbc74bd852b10bdbe09c3c/PCSX2/crowdin-current-ui-batch8-20260920.json,6d671a2f5891b45d5687714706665353e2ac62d51b8d507209b9c6fd5769ca1f,"{""artifact"":""https://crowdin.com/project/pcsx2"",""sha256"":""2a267c3d55d1f09cc7455ac9a5f96603f22d727c1822b9825a2b3b4bd4a8dea5""}"
684191aa5e2f9805ef767f92,Replay Frame Start:,Startbildruta för uppspelning:,PCSX2,crowdin-current-ui-batch63-20260920,"DebugGSSettingsTab
../Settings/DebugGSSettingsTab.ui:263",Publiceringsförsöket nekades enligt det äldre kvittot; texten är ett lokalt granskningsförslag.,project-context,7663f7d606cac0f63b1aca5f,reviewed-local,https://github.com/yeager/translations/blob/67e6d27877c9cfd6b6dbc74bd852b10bdbe09c3c/PCSX2/crowdin-current-ui-batch63-20260920.json,08ff78cfcd818cefe89524c4604550c53e468e64909a3ca76a582c3f0c9c5540,"{""artifact"":""https://crowdin.com/project/pcsx2"",""sha256"":""e2b347690e7821e1b60ebf243d9ab23d9be324c5e4dcec9e3ffe40dd3666e6dc""}"
6851f86cdd542b30e7278e8a,Gateway Address,Gatewayadress,PCSX2,crowdin-current-ui-batch60-20260920,"DEV9SettingsWidget
../Settings/DEV9SettingsWidget.cpp:208",,project-context,511d833dd5cb51c4a3fb9ea7,reviewed-receipt,https://github.com/yeager/translations/blob/67e6d27877c9cfd6b6dbc74bd852b10bdbe09c3c/PCSX2/crowdin-current-ui-batch60-20260920.json,8c6cbd32b1310e0a049b06bc12d78c06699e0e814d471dcdf308e46e1f1388d6,"{""artifact"":""https://crowdin.com/project/pcsx2"",""sha256"":""3f1e4aaf8ac01f75b5618e13fbc5fb200f2a9cdc05a93719688dad1eece6e86b""}"
6854223b469a2f75df9e494a,Analysis,Analys,PCSX2,crowdin-current-ui-batch15-20260920,"DebugAnalysisSettingsTab
../Settings/DebugAnalysisSettingsTab.ui:45",Publiceringsförsöket nekades enligt det äldre kvittot; texten är ett lokalt granskningsförslag.,project-context,cecc5d20911e0c57e68609da,reviewed-local,https://github.com/yeager/translations/blob/67e6d27877c9cfd6b6dbc74bd852b10bdbe09c3c/PCSX2/crowdin-current-ui-batch15-20260920.json,9b2ebc5e4b008f5a05b2c32d2825bc90cde350d6c271bc9dbc7a0033312db467,"{""artifact"":""https://crowdin.com/project/pcsx2"",""sha256"":""93c3ffc51d4ab1fa13aa58fcc5ce82b9c5bdf64d0ae4009fc1a8db430de356ee""}"
686ee5c6817f1673a8c6e940,Top Left,Överst till vänster,PCSX2,crowdin-current-ui-batch53-20260920,"OSDSettingsWidget
../Settings/OSDSettingsWidget.ui:164",Publiceringsförsöket nekades enligt det äldre kvittot; texten är ett lokalt granskningsförslag.,project-context,2e98d4c9acae921119852213,reviewed-local,https://github.com/yeager/translations/blob/67e6d27877c9cfd6b6dbc74bd852b10bdbe09c3c/PCSX2/crowdin-current-ui-batch53-20260920.json,cf9e3a076b0a7a4c9da64198f8216ad33f840f37229f480c53c816b8096dd673,"{""artifact"":""https://crowdin.com/project/pcsx2"",""sha256"":""1cf6e987017b1a347cd28cba7e373ef59ef75b32c0c17ccc7cf1b45de5ec5db7""}"
68bc26c54e23334757fe8be0,Diagonal Filter,Diagonalt filter,PCSX2,crowdin-current-ui-batch19-20260920,"Hotkeys
../../pcsx2/GS/GS.cpp:1360",Publiceringsförsöket nekades enligt det äldre kvittot; texten är ett lokalt granskningsförslag.,project-context,812ee7d9fd2353c242b75be8,reviewed-local,https://github.com/yeager/translations/blob/67e6d27877c9cfd6b6dbc74bd852b10bdbe09c3c/PCSX2/crowdin-current-ui-batch19-20260920.json,17ccc6616b1cef815b61276809e4efb6b66f1930c7e5c53901c22a4c000bffb9,"{""artifact"":""https://crowdin.com/project/pcsx2"",""sha256"":""3584e3bc447d81497c6f068d1aff908ccfdf0931128f0960480c50ff96aa0075""}"
68be12cf389f609c7cb6661f,Navigate Forward,Navigera framåt,PCSX2,Crowdin UI,,"Granskad filleverans. Endast färdiga, aktiva översättningar tas med; detta är inte ett påstående om separat registrerat radbeslut för varje oförändrad post.",project-context,b1cbd2cf123ce622ff7567fb,reviewed-file-delivery,https://crowdin.com/project/pcsx2,c5f591f1edc9553e40265bc0be0fe67c8e4252c052a1cf8ecfb524489a5aff60,{}
68de13bec45664ec115ae901,Slow-Motion,Långsam uppspelning,PCSX2,Crowdin UI,,"Granskad filleverans. Endast färdiga, aktiva översättningar tas med; detta är inte ett påstående om separat registrerat radbeslut för varje oförändrad post.",project-context,f2e1f9b79ad600e80c2576b6,reviewed-file-delivery,https://crowdin.com/project/pcsx2,c5f591f1edc9553e40265bc0be0fe67c8e4252c052a1cf8ecfb524489a5aff60,{}
692c147cec926c38775ed6f8,Notification Sound Path,Sökväg till notisljud,PCSX2,Crowdin UI,,"Granskad filleverans. Endast färdiga, aktiva översättningar tas med; detta är inte ett påstående om separat registrerat radbeslut för varje oförändrad post.",project-context,d6eee893bf740584a0d562cf,reviewed-file-delivery,https://crowdin.com/project/pcsx2,c5f591f1edc9553e40265bc0be0fe67c8e4252c052a1cf8ecfb524489a5aff60,{}
69319ed13a1db01b147fbb4f,Top Left (Default),Överst till vänster (standard),PCSX2,crowdin-current-ui-batch53-20260920,"OSDSettingsWidget
../Settings/OSDSettingsWidget.ui:100",Publiceringsförsöket nekades enligt det äldre kvittot; texten är ett lokalt granskningsförslag.,project-context,c9aee21857add67f3a20a9c2,reviewed-local,https://github.com/yeager/translations/blob/67e6d27877c9cfd6b6dbc74bd852b10bdbe09c3c/PCSX2/crowdin-current-ui-batch53-20260920.json,cf9e3a076b0a7a4c9da64198f8216ad33f840f37229f480c53c816b8096dd673,"{""artifact"":""https://crowdin.com/project/pcsx2"",""sha256"":""64ffcd94fc896d367a03d54788b3a95b001104ae6f3572225b6b1d5888a62555""}"
69400345217fd192e0f51391,Wait Loop Detection,Identifiering av vänteloop,PCSX2,Crowdin UI,,"Granskad filleverans. Endast färdiga, aktiva översättningar tas med; detta är inte ett påstående om separat registrerat radbeslut för varje oförändrad post.",project-context,6191a645f1555a93c8d2920e,reviewed-file-delivery,https://crowdin.com/project/pcsx2,c5f591f1edc9553e40265bc0be0fe67c8e4252c052a1cf8ecfb524489a5aff60,{}
69b113a165a790aed7e64a22,Go to in...,Gå till i…,PCSX2,crowdin-current-ui-batch28-20260920,"DebuggerEvents
../Debugger/DebuggerEvents.h:42",,project-context,a90beb778a4461e432a718a6,reviewed-receipt,https://github.com/yeager/translations/blob/67e6d27877c9cfd6b6dbc74bd852b10bdbe09c3c/PCSX2/crowdin-current-ui-batch28-20260920.json,6edf9357e080f44b992185b2f688a80546a47f78b1e6dc7048d1fa1c764180b5,"{""artifact"":""https://crowdin.com/project/pcsx2"",""sha256"":""7692876239970d3d2e5a01c6e8e22e357bade1d405762f39583182febe5f0120""}"
6a356b6f36f69235b5eb8c40,Cycle Blending Accuracy,Växla blandningsnoggrannhet,PCSX2,crowdin-current-ui-batch51-20260920,"Hotkeys
../../pcsx2/GS/GS.cpp:1377",,project-context,ffb5860763fc99f265afce40,reviewed-receipt,https://github.com/yeager/translations/blob/67e6d27877c9cfd6b6dbc74bd852b10bdbe09c3c/PCSX2/crowdin-current-ui-batch51-20260920.json,a8b5191343bdd297b5d152a224021320a839b19ec9afc66e6fdf7d9067e58697,"{""artifact"":""https://crowdin.com/project/pcsx2"",""sha256"":""c329e3e639f4fbe908a1696a3bf02c8d30afbefe079e5749eb9acecb17c044cf""}"
6a364415c59dc05dc69c7db7,Save Video Recordings in Game-Specific Folders,Spara videoinspelningar i spelspecifika mappar,PCSX2,Crowdin UI,,"Granskad filleverans. Endast färdiga, aktiva översättningar tas med; detta är inte ett påstående om separat registrerat radbeslut för varje oförändrad post.",project-context,b56d87e59475d82e5bd82170,reviewed-file-delivery,https://crowdin.com/project/pcsx2,c5f591f1edc9553e40265bc0be0fe67c8e4252c052a1cf8ecfb524489a5aff60,{}
6a5e3e855aa85ff7c83e54ba,High,Hög,PCSX2,crowdin-current-ui-batch55-20260920,"Hotkeys_BlendAcc
../../pcsx2/GS/GS.cpp:1386",Publiceringsförsöket nekades enligt det äldre kvittot; texten är ett lokalt granskningsförslag.,project-context,f39e7811bb45811c1b623509,reviewed-local,https://github.com/yeager/translations/blob/67e6d27877c9cfd6b6dbc74bd852b10bdbe09c3c/PCSX2/crowdin-current-ui-batch55-20260920.json,eef7fecf9007fb67b7321b88ecfd43d8a1e78e3c19d6b14ffe23010d7cdbe6b1,"{""artifact"":""https://crowdin.com/project/pcsx2"",""sha256"":""372038e0297ac646835fe36273ec2e78461ae6adec9760d64cb15ccce406122c""}"
6a96edd954b631b63f030e9e,Chop/Zero,Avkorta/noll,PCSX2,Crowdin UI,,"Granskad filleverans. Endast färdiga, aktiva översättningar tas med; detta är inte ett påstående om separat registrerat radbeslut för varje oförändrad post.",project-context,a5d340bd941b8b858fcdd05c,reviewed-file-delivery,https://crowdin.com/project/pcsx2,c5f591f1edc9553e40265bc0be0fe67c8e4252c052a1cf8ecfb524489a5aff60,{}
6af03eb59f75ff1ce9e05368,Saturation:,Mättnad:,PCSX2,crowdin-current-ui-batch27-20260920,"GraphicsPostProcessingSettingsTab
../Settings/GraphicsPostProcessingSettingsTab.ui:177",Publiceringsförsöket nekades enligt det äldre kvittot; texten är ett lokalt granskningsförslag.,project-context,a491cfce107532b8a57d7392,reviewed-local,https://github.com/yeager/translations/blob/67e6d27877c9cfd6b6dbc74bd852b10bdbe09c3c/PCSX2/crowdin-current-ui-batch27-20260920.json,daf14a4c22835aeb84f9a6f6d33a6c69ac188b84259e32a73fa4a47caa65dc63,"{""artifact"":""https://crowdin.com/project/pcsx2"",""sha256"":""161afd4a893000e47018818e7a928963b76a6d2339a1def05fe9754790b827a3""}"
6b2cf4e4f2cb8534f61ad397,Bilinear Dirty Upscale,Bilinär uppskalning med smutsig filtrering,PCSX2,crowdin-current-ui-batch10-20260920,"GraphicsSettingsWidget
../Settings/GraphicsSettingsWidget.cpp:673",,project-context,60879503caa05454345f2f11,reviewed-receipt,https://github.com/yeager/translations/blob/67e6d27877c9cfd6b6dbc74bd852b10bdbe09c3c/PCSX2/crowdin-current-ui-batch10-20260920.json,3c14ee97d43ded3046a999eef4784f22e73a1576e3b07915345f50e5fc2d9296,"{""artifact"":""https://crowdin.com/project/pcsx2"",""sha256"":""ba2dade399adc079c3da734fa6cdfeb4f85819b3aa3c7dc70e30a2fcef6a807a""}"
6b81b5f8bee2923274f88b51,17x Native (~6120px),17× inbyggd (~6120 px),PCSX2,Crowdin UI,,"Granskad filleverans. Endast färdiga, aktiva översättningar tas med; detta är inte ett påstående om separat registrerat radbeslut för varje oförändrad post.",project-context,b43f33b8e06bb91be27f8fb1,reviewed-file-delivery,https://crowdin.com/project/pcsx2,c5f591f1edc9553e40265bc0be0fe67c8e4252c052a1cf8ecfb524489a5aff60,{}
6ba917ad806c13e4c74a675a,Texture Preloading:,Förinläsning av texturer:,PCSX2,crowdin-current-ui-batch23-20260920,"GraphicsAdvancedSettingsTab
../Settings/GraphicsAdvancedSettingsTab.ui:194",Publiceringsförsöket nekades enligt det äldre kvittot; texten är ett lokalt granskningsförslag.,project-context,672742d5633a0157e61b850d,reviewed-local,https://github.com/yeager/translations/blob/67e6d27877c9cfd6b6dbc74bd852b10bdbe09c3c/PCSX2/crowdin-current-ui-batch23-20260920.json,94825b8000dc084475f7ee18208d828359829f994a9e4d0dfc9ec3c3d325f60e,"{""artifact"":""https://crowdin.com/project/pcsx2"",""sha256"":""2f87cc853a0b2c17caf08f70e0a19571dcdf78c3fecb51866f0de72fb06d0af4""}"
6bc38d554b4e04fc9bb3012f,Software CLUT Render:,Programvarurendering av CLUT:,PCSX2,crowdin-current-ui-batch13-20260920,"GraphicsHardwareFixesSettingsTab
../Settings/GraphicsHardwareFixesSettingsTab.ui:246",,project-context,3ae6228cd3a183bae63c0840,reviewed-receipt,https://github.com/yeager/translations/blob/67e6d27877c9cfd6b6dbc74bd852b10bdbe09c3c/PCSX2/crowdin-current-ui-batch13-20260920.json,623ec591b5fcb41c8d897353bf192b4285c0b8b4a6be7d0f716afe784de07e1d,"{""artifact"":""https://crowdin.com/project/pcsx2"",""sha256"":""241c81bed41fddba6a9a063ccbc1014a246ddebac9fa0aaec0a7db6d9339a7f4""}"
6bf954118b47d438d8653eab,Update Channel,Uppdateringskanal,PCSX2,crowdin-current-ui-batch7-20260920,"InterfaceSettingsWidget
../Settings/InterfaceSettingsWidget.cpp:167",Publiceringsförsöket nekades enligt det äldre kvittot; texten är ett lokalt granskningsförslag.,project-context,0cf8b1edb6bb000574eca925,reviewed-local,https://github.com/yeager/translations/blob/67e6d27877c9cfd6b6dbc74bd852b10bdbe09c3c/PCSX2/crowdin-current-ui-batch7-20260920.json,8c630c03eadaf91965c9d87bc474586df0a53ac156826372c002fcc927248561,"{""artifact"":""https://crowdin.com/project/pcsx2"",""sha256"":""054f0d29fe6d56ef3d3a9b97754ab4192923582b6900b6e007c54824cd71273f""}"
6bfb53dfc9eefacf517e5f53,Save Hardware Config,Spara maskinvarukonfiguration,PCSX2,Crowdin UI,,"Granskad filleverans. Endast färdiga, aktiva översättningar tas med; detta är inte ett påstående om separat registrerat radbeslut för varje oförändrad post.",project-context,7b69b627bd3b72a2d8c611be,reviewed-file-delivery,https://crowdin.com/project/pcsx2,c5f591f1edc9553e40265bc0be0fe67c8e4252c052a1cf8ecfb524489a5aff60,{}
6c49ca02ab58f7fd848ab9d0,2 (Aggressive),2 (aggressiv),PCSX2,crowdin-current-ui-batch24-20260920,"GraphicsHardwareFixesSettingsTab
../Settings/GraphicsHardwareFixesSettingsTab.ui:238",,project-context,bb1f3a90e3e4c5368ee20ab4,reviewed-receipt,https://github.com/yeager/translations/blob/67e6d27877c9cfd6b6dbc74bd852b10bdbe09c3c/PCSX2/crowdin-current-ui-batch24-20260920.json,ee2587e30ef9f54541bdbfb4dfcf7512e05bd487cd41e18f4834c7ff3b6d4915,"{""artifact"":""https://crowdin.com/project/pcsx2"",""sha256"":""c0cd0e0ff1009f20ebc34335d4576b6f0b444d934ff2178482972a6d0979b8f4""}"
6c7a5db9afe5752125da3848,Catalog refreshed from online font index.,Katalogen uppdaterades från teckensnittsindexet på nätet.,PCSX2,Crowdin UI,,"Granskad filleverans. Endast färdiga, aktiva översättningar tas med; detta är inte ett påstående om separat registrerat radbeslut för varje oförändrad post.",project-context,27af23a96dd1a88a2882395f,reviewed-file-delivery,https://crowdin.com/project/pcsx2,c5f591f1edc9553e40265bc0be0fe67c8e4252c052a1cf8ecfb524489a5aff60,{}
6cd5bb80e2803f4a3c415506,Software Rendering Threads:,Trådar för programvarurendering:,PCSX2,crowdin-current-ui-batch27-20260920,"GraphicsSoftwareRenderingSettingsTab
../Settings/GraphicsSoftwareRenderingSettingsTab.ui:20",Publiceringsförsöket nekades enligt det äldre kvittot; texten är ett lokalt granskningsförslag.,project-context,a05ae34a0a2d28ae99b630fd,reviewed-local,https://github.com/yeager/translations/blob/67e6d27877c9cfd6b6dbc74bd852b10bdbe09c3c/PCSX2/crowdin-current-ui-batch27-20260920.json,daf14a4c22835aeb84f9a6f6d33a6c69ac188b84259e32a73fa4a47caa65dc63,"{""artifact"":""https://crowdin.com/project/pcsx2"",""sha256"":""0c196fc7d00d1d31ba69a9bf8cc30ffcaf2b46d0b9a1b581cbd86b494cc7a306""}"
6cd96d51cbfda81b92eaac8f,Bilinear (PS2),Bilinjär (PS2),PCSX2,crowdin-current-ui-batch25-20260920,"GraphicsHardwareRenderingSettingsTab
../Settings/GraphicsHardwareRenderingSettingsTab.ui:130",Publiceringsförsöket nekades enligt det äldre kvittot; texten är ett lokalt granskningsförslag.,project-context,895a3eb342b032b47065914e,reviewed-local,https://github.com/yeager/translations/blob/67e6d27877c9cfd6b6dbc74bd852b10bdbe09c3c/PCSX2/crowdin-current-ui-batch25-20260920.json,c686e808bea1ecea795d6bd0a3871f9ea94959e30276601f8efafda34c283479,"{""artifact"":""https://crowdin.com/project/pcsx2"",""sha256"":""3ee033cc413c2ec76e40b21d3730a8facab79d046f869e144992946ba6252078""}"
6d571ac4315848d496ea0e24,Trilinear (PS2),Trilinär (PS2),PCSX2,crowdin-current-ui-batch13-20260920,"GraphicsHardwareRenderingSettingsTab
../Settings/GraphicsHardwareRenderingSettingsTab.ui:198",,project-context,dd0f67af77feda847f36f0f0,reviewed-receipt,https://github.com/yeager/translations/blob/67e6d27877c9cfd6b6dbc74bd852b10bdbe09c3c/PCSX2/crowdin-current-ui-batch13-20260920.json,623ec591b5fcb41c8d897353bf192b4285c0b8b4a6be7d0f716afe784de07e1d,"{""artifact"":""https://crowdin.com/project/pcsx2"",""sha256"":""d2555a1e96f7d539377de8ff5ad95a19b6baff4d180be24a1ab6ed75995aa542""}"
6d617e03c3d9e27b77f72b32,TV Shader:,TV-shader:,PCSX2,crowdin-current-ui-batch27-20260920,"GraphicsPostProcessingSettingsTab
../Settings/GraphicsPostProcessingSettingsTab.ui:199",Publiceringsförsöket nekades enligt det äldre kvittot; texten är ett lokalt granskningsförslag.,project-context,143e792d437c75744600fb49,reviewed-local,https://github.com/yeager/translations/blob/67e6d27877c9cfd6b6dbc74bd852b10bdbe09c3c/PCSX2/crowdin-current-ui-batch27-20260920.json,daf14a4c22835aeb84f9a6f6d33a6c69ac188b84259e32a73fa4a47caa65dc63,"{""artifact"":""https://crowdin.com/project/pcsx2"",""sha256"":""c6e5fd758956c2388cb85a44f6ca1ff7d6b7fcc945126599017eb9bb32c63f58""}"
6de5138f33df521d8490a2fb,Disable Shader Cache,Inaktivera shadercache,PCSX2,crowdin-current-ui-batch7-20260920,"GraphicsSettingsWidget
../Settings/GraphicsSettingsWidget.cpp:813",,project-context,1640e712a9b44d37c10501e3,reviewed-receipt,https://github.com/yeager/translations/blob/67e6d27877c9cfd6b6dbc74bd852b10bdbe09c3c/PCSX2/crowdin-current-ui-batch7-20260920.json,8c630c03eadaf91965c9d87bc474586df0a53ac156826372c002fcc927248561,"{""artifact"":""https://crowdin.com/project/pcsx2"",""sha256"":""8c7fc45b576c1aede69be6958e4f2cdff2093ac237a076b65aa9ba4a17c69d99""}"
6e3d6cee48e6fb6bc2646a9c,Bilinear Dirty Upscale,Bilinär uppskalning med smutsig rektangel,PCSX2,crowdin-current-ui-batch45-20260920,"FullscreenUI
../../pcsx2/ImGui/FullscreenUI_Settings.cpp:6857",,project-context,be127d2b20de689fe383a5ac,reviewed-receipt,https://github.com/yeager/translations/blob/67e6d27877c9cfd6b6dbc74bd852b10bdbe09c3c/PCSX2/crowdin-current-ui-batch45-20260920.json,4c2583095ac82af7cbd5d2e9b388582811e469f82c52448518b800a7bc23bdc8,"{""artifact"":""https://crowdin.com/project/pcsx2"",""sha256"":""012357ef28b6017345ceef20dbb4ab52436c3cb096f1eead3f9ef0fa64e39138""}"
6e418ca9bd302f4317aeec61,2 (128 Max Width),2 (maximal bredd 128),PCSX2,crowdin-current-ui-batch24-20260920,"GraphicsHardwareFixesSettingsTab
../Settings/GraphicsHardwareFixesSettingsTab.ui:85",,project-context,1bd00138ab0116528ee18b95,reviewed-receipt,https://github.com/yeager/translations/blob/67e6d27877c9cfd6b6dbc74bd852b10bdbe09c3c/PCSX2/crowdin-current-ui-batch24-20260920.json,ee2587e30ef9f54541bdbfb4dfcf7512e05bd487cd41e18f4834c7ff3b6d4915,"{""artifact"":""https://crowdin.com/project/pcsx2"",""sha256"":""aad916a2adb3e13120f3d0f059048cb8a7bbd82f1cf42e0ae456be49ad7cbc19""}"
6e51066f4fc15ad668e94273,Nearest,Närmaste,PCSX2,crowdin-current-ui-batch13-20260920,"GraphicsHardwareRenderingSettingsTab
../Settings/GraphicsHardwareRenderingSettingsTab.ui:120",Publiceringsförsöket nekades enligt det äldre kvittot; texten är ett lokalt granskningsförslag.,project-context,3eaf17127dfc39ed1ec26f63,reviewed-local,https://github.com/yeager/translations/blob/67e6d27877c9cfd6b6dbc74bd852b10bdbe09c3c/PCSX2/crowdin-current-ui-batch13-20260920.json,623ec591b5fcb41c8d897353bf192b4285c0b8b4a6be7d0f716afe784de07e1d,"{""artifact"":""https://crowdin.com/project/pcsx2"",""sha256"":""4854cb25247ad7862acb338f5f9ecd9baea466567c7f12d9a8cfce843344786d""}"
6e54a6be92c800063d2403ae,Normal (Maintain Upscale),Normal (behåll uppskalning),PCSX2,crowdin-current-ui-batch12-20260920,"GraphicsUpscalingFixesSettingsTab
../Settings/GraphicsUpscalingFixesSettingsTab.ui:141",,project-context,be84a85f85e68e0e18698682,reviewed-receipt,https://github.com/yeager/translations/blob/67e6d27877c9cfd6b6dbc74bd852b10bdbe09c3c/PCSX2/crowdin-current-ui-batch12-20260920.json,069c92ed85703bad78e9b4e17bd0d4fccb132ebeed9d3bedd8328dbf6ea26909,"{""artifact"":""https://crowdin.com/project/pcsx2"",""sha256"":""a8425c14860ddc851baf6dfd1709f135a1ffa0c29874f259fafb994131d2b507""}"
6e76def4580866643c2964ea,Save Depth,Spara djup,PCSX2,crowdin-current-ui-batch21-20260920,"DebugGSSettingsTab
../Settings/DebugGSSettingsTab.ui:56",Publiceringsförsöket nekades enligt det äldre kvittot; texten är ett lokalt granskningsförslag.,project-context,652eb80e2cd89fcad802dd77,reviewed-local,https://github.com/yeager/translations/blob/67e6d27877c9cfd6b6dbc74bd852b10bdbe09c3c/PCSX2/crowdin-current-ui-batch21-20260920.json,a17a684939c7836f99eed6a2beb5c914bdeb5bc299843bbd766ce571585ee88e,"{""artifact"":""https://crowdin.com/project/pcsx2"",""sha256"":""5b58eda0b827116fd51feb3859f5877e25fd195f2335e47444d22a3bbd2e31fb""}"
6e78f74e49ab9aad26a86d28,Enabled (Check Inside Target),Aktiverad (kontrollera inuti renderingsmålet),PCSX2,crowdin-current-ui-batch13-20260920,"GraphicsHardwareFixesSettingsTab
../Settings/GraphicsHardwareFixesSettingsTab.ui:193",,project-context,0997a8208054ee22fe2963da,reviewed-receipt,https://github.com/yeager/translations/blob/67e6d27877c9cfd6b6dbc74bd852b10bdbe09c3c/PCSX2/crowdin-current-ui-batch13-20260920.json,623ec591b5fcb41c8d897353bf192b4285c0b8b4a6be7d0f716afe784de07e1d,"{""artifact"":""https://crowdin.com/project/pcsx2"",""sha256"":""79b4b4f213fb20c947ba09fbfc31b75d6581fb69eb29576863c3788d02b3af67""}"
6eb7f83161bba00c2e6da5ca,Blended Sprites/Triangles,Blandade sprites/trianglar,PCSX2,crowdin-current-ui-batch25-20260920,"GraphicsHardwareFixesSettingsTab
../Settings/GraphicsHardwareFixesSettingsTab.ui:144",Publiceringsförsöket nekades enligt det äldre kvittot; texten är ett lokalt granskningsförslag.,project-context,3e84eb994af99e22a81c949b,reviewed-local,https://github.com/yeager/translations/blob/67e6d27877c9cfd6b6dbc74bd852b10bdbe09c3c/PCSX2/crowdin-current-ui-batch25-20260920.json,c686e808bea1ecea795d6bd0a3871f9ea94959e30276601f8efafda34c283479,"{""artifact"":""https://crowdin.com/project/pcsx2"",""sha256"":""9cbf4765cfca5445d5d5163335d104fc0fab331a727786fae2bedbbe24dec248""}"
6ecfe1def20fe20842d47295,Move Down,Flytta ned,PCSX2,crowdin-current-ui-batch64-20260920,"ToolbarCustomizationDialog
../ToolbarCustomizationDialog.ui:152",Publiceringsförsöket nekades enligt det äldre kvittot; texten är ett lokalt granskningsförslag.,project-context,d8d840dce2caf3271b156f19,reviewed-local,https://github.com/yeager/translations/blob/67e6d27877c9cfd6b6dbc74bd852b10bdbe09c3c/PCSX2/crowdin-current-ui-batch64-20260920.json,3eb6750c0d4249b01cf40b2787e9f2e9792529adfb274d1a979de2495c7acabc,"{""artifact"":""https://crowdin.com/project/pcsx2"",""sha256"":""df43f8f543cbe3ab9fcd8654dcad07fe53f08deeed3382468be47391fd1ecd5a""}"
6ee1ea5e93ef11b1a7400de9,Texture Inside RT:,Textur inuti RT:,PCSX2,crowdin-current-ui-batch24-20260920,"GraphicsHardwareFixesSettingsTab
../Settings/GraphicsHardwareFixesSettingsTab.ui:62",Publiceringsförsöket nekades enligt det äldre kvittot; texten är ett lokalt granskningsförslag.,project-context,4a3a85422f9f6f1e653ca722,reviewed-local,https://github.com/yeager/translations/blob/67e6d27877c9cfd6b6dbc74bd852b10bdbe09c3c/PCSX2/crowdin-current-ui-batch24-20260920.json,ee2587e30ef9f54541bdbfb4dfcf7512e05bd487cd41e18f4834c7ff3b6d4915,"{""artifact"":""https://crowdin.com/project/pcsx2"",""sha256"":""ec7e0c01a59f85e8c86bb6f37ed2487b54ae0734e81dda53bba87438979ecc02""}"
6f2cc4208a6229203a66bf3f,Shared (Default),Delad (standard),PCSX2,crowdin-current-ui-batch6-20260920,"GameSummaryWidget
../Settings/GameSummaryWidget.cpp:57",,project-context,bae35c5a4dd1fcb2c421cfeb,reviewed-receipt,https://github.com/yeager/translations/blob/67e6d27877c9cfd6b6dbc74bd852b10bdbe09c3c/PCSX2/crowdin-current-ui-batch6-20260920.json,eb7ae206e0c74bdc70f0bf3439bd87f935bfd8ae85feb90ab9f43919304a6c09,"{""artifact"":""https://crowdin.com/project/pcsx2"",""sha256"":""ce438a9b8e9bec75290560852b64e9a47ad0f32e54796868dc364dd599d678b3""}"
6f8b54065a2cb262f3656e8f,Save Snapshots in Game-Specific Folders,Spara ögonblicksbilder i spelunika mappar,PCSX2,crowdin-current-ui-batch22-20260920,"FolderSettingsWidget
../Settings/FolderSettingsWidget.ui:152
../Settings/FolderSettingsWidget.cpp:33",,project-context,0e53e91ed5b0e915b4aed46d,reviewed-receipt,https://github.com/yeager/translations/blob/67e6d27877c9cfd6b6dbc74bd852b10bdbe09c3c/PCSX2/crowdin-current-ui-batch22-20260920.json,4f04c5281fafa51fe7ba74101b3c304645c8874ef28d97c8f99b5d9fe805c47e,"{""artifact"":""https://crowdin.com/project/pcsx2"",""sha256"":""a17e6edf623048e3084f5ee5d0a607361d2fad62c460e76772998937427cd23d""}"
6fd0878f5fd739fcf40b5ea7,Modules,Moduler,PCSX2,crowdin-current-ui-batch17-20260920,"ModuleView
../Debugger/ModuleView.ui:14",Publiceringsförsöket nekades enligt det äldre kvittot; texten är ett lokalt granskningsförslag.,project-context,9694921c565f392b1ea4fc02,reviewed-local,https://github.com/yeager/translations/blob/67e6d27877c9cfd6b6dbc74bd852b10bdbe09c3c/PCSX2/crowdin-current-ui-batch17-20260920.json,c3e8ec58262cb9ca378f79dea9c4f1baee0c939d134bdeccfba91a46dd70eaae,"{""artifact"":""https://crowdin.com/project/pcsx2"",""sha256"":""fd7a200a3a0910aa10fa8d1f167eaa7d0a633ceb40567c3cd3491487e4f22f9c""}"
70283cf762fcaf6ac02a1ba6,Media Capture,Mediainspelning,PCSX2,crowdin-current-ui-batch19-20260920,"GraphicsSettingsWidget
../Settings/GraphicsSettingsWidget.cpp:71",,project-context,e242a11eb3d84e4a5dab6180,reviewed-receipt,https://github.com/yeager/translations/blob/67e6d27877c9cfd6b6dbc74bd852b10bdbe09c3c/PCSX2/crowdin-current-ui-batch19-20260920.json,17ccc6616b1cef815b61276809e4efb6b66f1930c7e5c53901c22a4c000bffb9,"{""artifact"":""https://crowdin.com/project/pcsx2"",""sha256"":""ce3b9ff0c1f2926716ad98bb5ad1aba78fdfe078ce80021a19db1bdc475ffed6""}"
702c65c385ec84989242bdfd,Select Achievement Unlock Sound,Välj ljud vid upplåsning av prestation,PCSX2,Crowdin UI,,"Granskad filleverans. Endast färdiga, aktiva översättningar tas med; detta är inte ett påstående om separat registrerat radbeslut för varje oförändrad post.",project-context,b3e04d1216dd3a101f6db22d,reviewed-file-delivery,https://crowdin.com/project/pcsx2,c5f591f1edc9553e40265bc0be0fe67c8e4252c052a1cf8ecfb524489a5aff60,{}
71096400d6e5fe976e9c2965,Capture Video,Spela in video,PCSX2,crowdin-current-ui-batch62-20260920,"GraphicsSettingsWidget
../Settings/GraphicsSettingsWidget.cpp:735",Publiceringsförsöket nekades enligt det äldre kvittot; texten är ett lokalt granskningsförslag.,project-context,e7c9a6e18204cc2d22e9a028,reviewed-local,https://github.com/yeager/translations/blob/67e6d27877c9cfd6b6dbc74bd852b10bdbe09c3c/PCSX2/crowdin-current-ui-batch62-20260920.json,6f455bab497aab5f47fecf4d901525cee3a927cec35cd4f2f0dc82942d40dace,"{""artifact"":""https://crowdin.com/project/pcsx2"",""sha256"":""509ff489501529fca221c4bcb9544301a74546ae3de74172416f5425a0d1495c""}"
7117f616bba963c22de31a02,View Profile...,Visa profil …,PCSX2,crowdin-current-ui-batch54-20260920,"SetupWizardDialog
../SetupWizardDialog.ui:854",,project-context,63650e180322feab58a1e983,reviewed-receipt,https://github.com/yeager/translations/blob/67e6d27877c9cfd6b6dbc74bd852b10bdbe09c3c/PCSX2/crowdin-current-ui-batch54-20260920.json,1ea914cd857e948af6e29d5981765e20bf4f3f3bfcd3d14fdfab548fae14eacc,"{""artifact"":""https://crowdin.com/project/pcsx2"",""sha256"":""61d4365a1d9830e108cb42fdcd24c812c66111025399b00d97df3e26b14af1ce""}"
712dd512fb858bd08bf03305,Add Separator,Lägg till avgränsare,PCSX2,crowdin-current-ui-batch64-20260920,"ToolbarCustomizationDialog
../ToolbarCustomizationDialog.ui:162",Publiceringsförsöket nekades enligt det äldre kvittot; texten är ett lokalt granskningsförslag.,project-context,b8f2f86072a3464f7cb97758,reviewed-local,https://github.com/yeager/translations/blob/67e6d27877c9cfd6b6dbc74bd852b10bdbe09c3c/PCSX2/crowdin-current-ui-batch64-20260920.json,3eb6750c0d4249b01cf40b2787e9f2e9792529adfb274d1a979de2495c7acabc,"{""artifact"":""https://crowdin.com/project/pcsx2"",""sha256"":""325738ee7dc7a72f9f7a7fad47c8db01075b7d8913705a1fb265ad7966db1555""}"
713508082f8c4222d9bad1a0,Minute of the hour (0-59).,Timmes minut (0–59).,PCSX2,Crowdin UI,,"Granskad filleverans. Endast färdiga, aktiva översättningar tas med; detta är inte ett påstående om separat registrerat radbeslut för varje oförändrad post.",project-context,b2e92aab7d1f30361ddd77c3,reviewed-file-delivery,https://crowdin.com/project/pcsx2,c5f591f1edc9553e40265bc0be0fe67c8e4252c052a1cf8ecfb524489a5aff60,{}
71730b398ce18b1cccb0d49c,Draw Buffering,Ritbuffring,PCSX2,Crowdin UI,,"Granskad filleverans. Endast färdiga, aktiva översättningar tas med; detta är inte ett påstående om separat registrerat radbeslut för varje oförändrad post.",project-context,cbcd38711f8a2f33bdde91ac,reviewed-file-delivery,https://crowdin.com/project/pcsx2,c5f591f1edc9553e40265bc0be0fe67c8e4252c052a1cf8ecfb524489a5aff60,{}
7184a636c38787c95ec12b4b,Shade Boost,Skuggförstärkning,PCSX2,crowdin-current-ui-batch27-20260920,"GraphicsPostProcessingSettingsTab
../Settings/GraphicsPostProcessingSettingsTab.ui:108",,project-context,6581e033155bfa531877b872,reviewed-receipt,https://github.com/yeager/translations/blob/67e6d27877c9cfd6b6dbc74bd852b10bdbe09c3c/PCSX2/crowdin-current-ui-batch27-20260920.json,daf14a4c22835aeb84f9a6f6d33a6c69ac188b84259e32a73fa4a47caa65dc63,"{""artifact"":""https://crowdin.com/project/pcsx2"",""sha256"":""b222732d8a49cb60b49e10f9c218ff6d209a01543baeb6a6135b9efc04ea32c5""}"
71a2f62b93dc03ada255ffe9,Minimal Output Latency,Minimal utdatafördröjning,PCSX2,crowdin-current-ui-batch2-20260920,"AudioSettingsWidget
../Settings/AudioSettingsWidget.cpp:107",,project-context,15f6ecb6eba5645eeb75735e,reviewed-receipt,https://github.com/yeager/translations/blob/67e6d27877c9cfd6b6dbc74bd852b10bdbe09c3c/PCSX2/crowdin-current-ui-batch2-20260920.json,a8019ae64305421dc140bdb4a328c495e84cd0cf6043ab46c5d4bf619d05bd2b,"{""artifact"":""https://crowdin.com/project/pcsx2"",""sha256"":""213841b2a8fe4bcee1b5e4f37ad685bed0af1f14fe8b4a695b1a982edb68c754""}"
71a4c43e660964e15429925e,Disable Vertex Shader Expand,Inaktivera vertexshaderexpansion,PCSX2,Crowdin UI,,"Granskad filleverans. Endast färdiga, aktiva översättningar tas med; detta är inte ett påstående om separat registrerat radbeslut för varje oförändrad post.",project-context,3a0baa450a6456f4491c96f2,reviewed-file-delivery,https://crowdin.com/project/pcsx2,c5f591f1edc9553e40265bc0be0fe67c8e4252c052a1cf8ecfb524489a5aff60,{}
71be924dd314e8f9272723c5,Unlock Sound,Upplåsningsljud,PCSX2,crowdin-current-ui-batch59-20260920,"AchievementSettingsWidget
../Settings/AchievementSettingsWidget.cpp:64",Publiceringsförsöket nekades enligt det äldre kvittot; texten är ett lokalt granskningsförslag.,project-context,93b7aac918540d0d82dd3a6e,reviewed-local,https://github.com/yeager/translations/blob/67e6d27877c9cfd6b6dbc74bd852b10bdbe09c3c/PCSX2/crowdin-current-ui-batch59-20260920.json,9f38fdcde8389b4381406c889374f3d78d817dcfb9ea2ab1119de66a68266465,"{""artifact"":""https://crowdin.com/project/pcsx2"",""sha256"":""661968db0bf6c3072d0dea5dd8cd44c49f61abfc75dc531b2b6b345ca9752456""}"
71d85d4174627f990f884aca,Open Texture Dump/Replacement Folder,Öppna mapp för texturdump/ersättning,PCSX2,crowdin-current-ui-batch52-20260920,"MainWindow
../MainWindow.cpp:1895",,project-context,1032fb5b508bdec279385a78,reviewed-receipt,https://github.com/yeager/translations/blob/67e6d27877c9cfd6b6dbc74bd852b10bdbe09c3c/PCSX2/crowdin-current-ui-batch52-20260920.json,8cfffc76ca6e36b6b86d335ad9a92ba99954d58c53ce7d299caec541e1b3ff9b,"{""artifact"":""https://crowdin.com/project/pcsx2"",""sha256"":""c58c6813f6e4efca352392125c3500ac74535dc92271cbd560aa87534895d5e4""}"
7204626992564ca9d3a054cf,Basic,Grundläggande,PCSX2,crowdin-current-ui-batch51-20260920,"GameDatabase
../../pcsx2/GameDatabase.cpp:923",Publiceringsförsöket nekades enligt det äldre kvittot; texten är ett lokalt granskningsförslag.,project-context,6ce6b3b6afdf625a09ca7f42,reviewed-local,https://github.com/yeager/translations/blob/67e6d27877c9cfd6b6dbc74bd852b10bdbe09c3c/PCSX2/crowdin-current-ui-batch51-20260920.json,a8b5191343bdd297b5d152a224021320a839b19ec9afc66e6fdf7d9067e58697,"{""artifact"":""https://crowdin.com/project/pcsx2"",""sha256"":""88fb29173765231c03e4c1323a75fee657d9f99edadde8ed7ae9c1a83673dde3""}"
720e350c79301b8273fa0a04,Overlay Position,Överlagringens position,PCSX2,crowdin-current-ui-batch18-20260920,"FullscreenUI
../../pcsx2/ImGui/FullscreenUI_Settings.cpp:6989",,project-context,7ba14eb1d17bfc91fb02068c,reviewed-receipt,https://github.com/yeager/translations/blob/67e6d27877c9cfd6b6dbc74bd852b10bdbe09c3c/PCSX2/crowdin-current-ui-batch18-20260920.json,d0045488eb1eee4246057f420111c6313a5a756b798114b9e4b249ca38af16a7,"{""artifact"":""https://crowdin.com/project/pcsx2"",""sha256"":""8020e983635773de609b7869a541f051ea043580050e7d1a5ef2e1a635166368""}"
721688a6ab85badf54bc6927,59.94 Hz,"59,94 Hz",PCSX2,crowdin-current-ui-batch15-20260920,"GraphicsSettingsWidget
../Settings/GraphicsSettingsWidget.cpp:837",,project-context,fde09459c3a4d553bcf72bc9,reviewed-receipt,https://github.com/yeager/translations/blob/67e6d27877c9cfd6b6dbc74bd852b10bdbe09c3c/PCSX2/crowdin-current-ui-batch15-20260920.json,9b2ebc5e4b008f5a05b2c32d2825bc90cde350d6c271bc9dbc7a0033312db467,"{""artifact"":""https://crowdin.com/project/pcsx2"",""sha256"":""89ff883e5ab6bf0660552532f0e82b139efad6978dfa4c889b093ac789164700""}"
72285ba6fa0fe9d66a599532,Log When Hit,Logga vid träff,PCSX2,crowdin-current-ui-batch9-20260920,"BreakpointDialog
../Debugger/Breakpoints/BreakpointDialog.ui:299",,project-context,d1210dfb65d15876b4d965a4,reviewed-receipt,https://github.com/yeager/translations/blob/67e6d27877c9cfd6b6dbc74bd852b10bdbe09c3c/PCSX2/crowdin-current-ui-batch9-20260920.json,134204bdde884be3c2722090609773e05cd73b495e902e6f39659aa156be0139,"{""artifact"":""https://crowdin.com/project/pcsx2"",""sha256"":""61f6586869856d3a258bd3479364d2ce17f5e72dfb6b28a32716c4c5287c6047""}"
7229fbb7793f285908100e35,Save Transfer Image Data,Spara överförd avbildsdata,PCSX2,crowdin-current-ui-batch30-20260920,"DebugGSSettingsTab
../Settings/DebugGSSettingsTab.ui:91",,project-context,a1cb1ef7baab094b04bd0b7b,reviewed-receipt,https://github.com/yeager/translations/blob/67e6d27877c9cfd6b6dbc74bd852b10bdbe09c3c/PCSX2/crowdin-current-ui-batch30-20260920.json,d4af30d773c2d445fd558ede29e0c75536433129a2aa3de962c902c53c53d27e,"{""artifact"":""https://crowdin.com/project/pcsx2"",""sha256"":""55986cfc036226323325ca6533bf0961cd249add46196e83d6a26ca4842cf835""}"
723c0daddb6397825b5f5c93,EE Cycle Skipping,Hoppning av EE-cykler,PCSX2,Crowdin UI,,"Granskad filleverans. Endast färdiga, aktiva översättningar tas med; detta är inte ett påstående om separat registrerat radbeslut för varje oförändrad post.",project-context,9b38260862443742c98a6c84,reviewed-file-delivery,https://crowdin.com/project/pcsx2,c5f591f1edc9553e40265bc0be0fe67c8e4252c052a1cf8ecfb524489a5aff60,{}
72459ea995fd9eb578b6214f,Catalog ready.,Katalogen är klar.,PCSX2,Crowdin UI,,"Granskad filleverans. Endast färdiga, aktiva översättningar tas med; detta är inte ett påstående om separat registrerat radbeslut för varje oförändrad post.",project-context,e264148556f3483ce3047b38,reviewed-file-delivery,https://crowdin.com/project/pcsx2,c5f591f1edc9553e40265bc0be0fe67c8e4252c052a1cf8ecfb524489a5aff60,{}
727145ee45780f925c7da47c,Logging,Loggning,PCSX2,crowdin-current-ui-batch22-20260920,"DebugSettingsWidget
../Settings/DebugSettingsWidget.cpp:31",Publiceringsförsöket nekades enligt det äldre kvittot; texten är ett lokalt granskningsförslag.,project-context,1fed5b23717a3ead381a65e3,reviewed-local,https://github.com/yeager/translations/blob/67e6d27877c9cfd6b6dbc74bd852b10bdbe09c3c/PCSX2/crowdin-current-ui-batch22-20260920.json,4f04c5281fafa51fe7ba74101b3c304645c8874ef28d97c8f99b5d9fe805c47e,"{""artifact"":""https://crowdin.com/project/pcsx2"",""sha256"":""821016b433358345ee3cc70b9fe3b3d0d04d1c80787a57c081664ef850d34812""}"
72bf602b4aee41f56bc634b7,CPU Sprite Render Level,Renderingsnivå för CPU-spritar,PCSX2,Crowdin UI,,"Granskad filleverans. Endast färdiga, aktiva översättningar tas med; detta är inte ett påstående om separat registrerat radbeslut för varje oförändrad post.",project-context,9c7d8c65966f1d0ffa041ab7,reviewed-file-delivery,https://crowdin.com/project/pcsx2,c5f591f1edc9553e40265bc0be0fe67c8e4252c052a1cf8ecfb524489a5aff60,{}
72ebdc5a73f559c0c081c646,13x Native (~4680px),13× inbyggd (~4680 px),PCSX2,crowdin-current-ui-batch50-20260920,"FullscreenUI
../../pcsx2/ImGui/FullscreenUI_Settings.cpp:6616",,project-context,c1f6e604d6fb6d26d16bf74c,reviewed-receipt,https://github.com/yeager/translations/blob/67e6d27877c9cfd6b6dbc74bd852b10bdbe09c3c/PCSX2/crowdin-current-ui-batch50-20260920.json,526c37bda266096897ffc29f6d90f1526ccd117934fef6462d4629b30c159187,"{""artifact"":""https://crowdin.com/project/pcsx2"",""sha256"":""cb3ada9dfdb0a5c9e2ae01a36138d2d91ab5fc2a85a440a4a58bdfef9da20f55""}"
73205125fb534a0cbb33cefe,Force 32bit,Tvinga 32-bitars,PCSX2,crowdin-current-ui-batch25-20260920,"GraphicsHardwareRenderingSettingsTab
../Settings/GraphicsHardwareRenderingSettingsTab.ui:46",,project-context,bf76d7df5e941ed187ca4416,reviewed-receipt,https://github.com/yeager/translations/blob/67e6d27877c9cfd6b6dbc74bd852b10bdbe09c3c/PCSX2/crowdin-current-ui-batch25-20260920.json,c686e808bea1ecea795d6bd0a3871f9ea94959e30276601f8efafda34c283479,"{""artifact"":""https://crowdin.com/project/pcsx2"",""sha256"":""063e729a3d4b72617ba7cd7d6363da5a8d9829bf1f0bbc841188d9adb170caf2""}"
733d5ee018bea2006ad4a59a,Accurate Force Full (Can Reduce Readbacks),Noggrann tvingad full (kan minska återläsningar),PCSX2,crowdin-current-ui-batch55-20260920,"FullscreenUI
../../pcsx2/ImGui/FullscreenUI_Settings.cpp:6655",,project-context,6de3e7808884b45354b4abd7,reviewed-receipt,https://github.com/yeager/translations/blob/67e6d27877c9cfd6b6dbc74bd852b10bdbe09c3c/PCSX2/crowdin-current-ui-batch55-20260920.json,eef7fecf9007fb67b7321b88ecfd43d8a1e78e3c19d6b14ffe23010d7cdbe6b1,"{""artifact"":""https://crowdin.com/project/pcsx2"",""sha256"":""26f8379c819df928f268d8e61d625f3c6f44e6d2cf73503069835e6c4c5437a1""}"
734a6ab893725a58483defc4,Enable Spectator Mode,Aktivera åskådarläge,PCSX2,Crowdin UI,,"Granskad filleverans. Endast färdiga, aktiva översättningar tas med; detta är inte ett påstående om separat registrerat radbeslut för varje oförändrad post.",project-context,8dd85dd7ec9d88d8a33829df,reviewed-file-delivery,https://crowdin.com/project/pcsx2,c5f591f1edc9553e40265bc0be0fe67c8e4252c052a1cf8ecfb524489a5aff60,{}
736de4b692aeb50812e8d4b4,Software Renderer,Programvarurenderare,PCSX2,crowdin-current-ui-batch30-20260920,"FullscreenUI
../../pcsx2/ImGui/FullscreenUI_Settings.cpp:6590",Publiceringsförsöket nekades enligt det äldre kvittot; texten är ett lokalt granskningsförslag.,project-context,17536e5a9a0c3dfa9d1695d9,reviewed-local,https://github.com/yeager/translations/blob/67e6d27877c9cfd6b6dbc74bd852b10bdbe09c3c/PCSX2/crowdin-current-ui-batch30-20260920.json,d4af30d773c2d445fd558ede29e0c75536433129a2aa3de962c902c53c53d27e,"{""artifact"":""https://crowdin.com/project/pcsx2"",""sha256"":""c161551cfdf46fa0f7b0e4b2a38e2f896a878657a2251bc0de314ed3bbeee415""}"
738b9e8a2a9b9e9e802746b9,Year,År,PCSX2,Crowdin UI,,"Granskad filleverans. Endast färdiga, aktiva översättningar tas med; detta är inte ett påstående om separat registrerat radbeslut för varje oförändrad post.",project-context,0b74fa8d7a86a3a85d70587f,reviewed-file-delivery,https://crowdin.com/project/pcsx2,c5f591f1edc9553e40265bc0be0fe67c8e4252c052a1cf8ecfb524489a5aff60,{}
738db53801b93743c8f707af,Auto Gateway,Automatisk gateway,PCSX2,crowdin-current-ui-batch36-20260920,"FullscreenUI
../../pcsx2/ImGui/FullscreenUI_Settings.cpp:6958",Publiceringsförsöket nekades enligt det äldre kvittot; texten är ett lokalt granskningsförslag.,project-context,3d5614c582049a3cba9d2d5a,reviewed-local,https://github.com/yeager/translations/blob/67e6d27877c9cfd6b6dbc74bd852b10bdbe09c3c/PCSX2/crowdin-current-ui-batch36-20260920.json,06685b2a6b6a0881c244315d3604555b5de0e31fa34564c53c68e8d7b263bdfe,"{""artifact"":""https://crowdin.com/project/pcsx2"",""sha256"":""45d8928eb03055d72e15b13bab276c19bbeddad9b93c2c7331d3b3eb4bebfc81""}"
73a93a1a63cf26112883a50b,Default PCSX2 Icon,PCSX2-standardikon,PCSX2,crowdin-current-ui-batch54-20260920,"ShortcutCreationDialog
../ShortcutCreationDialog.ui:429",,project-context,879792760d8f01a9bf5bcce1,reviewed-receipt,https://github.com/yeager/translations/blob/67e6d27877c9cfd6b6dbc74bd852b10bdbe09c3c/PCSX2/crowdin-current-ui-batch54-20260920.json,1ea914cd857e948af6e29d5981765e20bf4f3f3bfcd3d14fdfab548fae14eacc,"{""artifact"":""https://crowdin.com/project/pcsx2"",""sha256"":""cfcca81e6844f21374645ca29e2ee6c8a9b7d5a3c5ca88ae01449c575e559c29""}"
73b6643b40dd3ebd30a554aa,Available Actions:,Tillgängliga åtgärder:,PCSX2,crowdin-current-ui-batch64-20260920,"ToolbarCustomizationDialog
../ToolbarCustomizationDialog.ui:31",Publiceringsförsöket nekades enligt det äldre kvittot; texten är ett lokalt granskningsförslag.,project-context,d192b97250bb53ddf2b4b233,reviewed-local,https://github.com/yeager/translations/blob/67e6d27877c9cfd6b6dbc74bd852b10bdbe09c3c/PCSX2/crowdin-current-ui-batch64-20260920.json,3eb6750c0d4249b01cf40b2787e9f2e9792529adfb274d1a979de2495c7acabc,"{""artifact"":""https://crowdin.com/project/pcsx2"",""sha256"":""c0ae7fabfd0022c2cfae9c3347fc200334abeb1310f4f60f9a86bac69bf22c98""}"
73c45ceaf900ae4585581703,Log Format,Loggformat,PCSX2,crowdin-current-ui-batch9-20260920,"BreakpointDialog
../Debugger/Breakpoints/BreakpointDialog.ui:311",Publiceringsförsöket nekades enligt det äldre kvittot; texten är ett lokalt granskningsförslag.,project-context,03a6a6cd72c21f427a8425ab,reviewed-local,https://github.com/yeager/translations/blob/67e6d27877c9cfd6b6dbc74bd852b10bdbe09c3c/PCSX2/crowdin-current-ui-batch9-20260920.json,134204bdde884be3c2722090609773e05cd73b495e902e6f39659aa156be0139,"{""artifact"":""https://crowdin.com/project/pcsx2"",""sha256"":""f72eb33787fcab744bf0c1855b4038e25c562f0afb4da0e788a807ae14555a94""}"
73d5f265cae7af021d4f4d01,Internal Resolution:,Intern upplösning:,PCSX2,crowdin-current-ui-batch13-20260920,"GraphicsHardwareRenderingSettingsTab
../Settings/GraphicsHardwareRenderingSettingsTab.ui:106",Publiceringsförsöket nekades enligt det äldre kvittot; texten är ett lokalt granskningsförslag.,project-context,b6339519d6b5107f7eed6241,reviewed-local,https://github.com/yeager/translations/blob/67e6d27877c9cfd6b6dbc74bd852b10bdbe09c3c/PCSX2/crowdin-current-ui-batch13-20260920.json,623ec591b5fcb41c8d897353bf192b4285c0b8b4a6be7d0f716afe784de07e1d,"{""artifact"":""https://crowdin.com/project/pcsx2"",""sha256"":""d47ed379e26b66a304995843f3646b67d8e9ab12f16d36690b60505d63a8729d""}"
73f0d2730c7e08db592720c0,Shared (Default),Delad (standard),PCSX2,crowdin-current-ui-batch62-20260920,"GameSummaryWidget
../Settings/GameSummaryWidget.cpp:57",Publiceringsförsöket nekades enligt det äldre kvittot; texten är ett lokalt granskningsförslag.,project-context,a3562056828ba52b53a85f26,reviewed-local,https://github.com/yeager/translations/blob/67e6d27877c9cfd6b6dbc74bd852b10bdbe09c3c/PCSX2/crowdin-current-ui-batch62-20260920.json,6f455bab497aab5f47fecf4d901525cee3a927cec35cd4f2f0dc82942d40dace,"{""artifact"":""https://crowdin.com/project/pcsx2"",""sha256"":""ce438a9b8e9bec75290560852b64e9a47ad0f32e54796868dc364dd599d678b3""}"
74251a3f861f2d7b011ca069,Stretch,Sträck,PCSX2,crowdin-current-ui-batch39-20260920,"FullscreenUI
../../pcsx2/ImGui/FullscreenUI_Settings.cpp:6541",Publiceringsförsöket nekades enligt det äldre kvittot; texten är ett lokalt granskningsförslag.,project-context,39999f6907ebce7b24ad7ebb,reviewed-local,https://github.com/yeager/translations/blob/67e6d27877c9cfd6b6dbc74bd852b10bdbe09c3c/PCSX2/crowdin-current-ui-batch39-20260920.json,5c31066ac744caaf0e034e89a654668452aa4f43ce104f24b8fc652c23dbfa86,"{""artifact"":""https://crowdin.com/project/pcsx2"",""sha256"":""49f29c46a77af478c8dd206ae260be8c88ebcc4f504da7c62f357c9f3251a3f8""}"
7439f520cab6fe76b92c86ff,Tile,Ruta,PCSX2,Crowdin UI,,"Granskad filleverans. Endast färdiga, aktiva översättningar tas med; detta är inte ett påstående om separat registrerat radbeslut för varje oförändrad post.",project-context,2a7b65333a2db534d6d4bb8b,reviewed-file-delivery,https://crowdin.com/project/pcsx2,c5f591f1edc9553e40265bc0be0fe67c8e4252c052a1cf8ecfb524489a5aff60,{}
743e1877b41d52c7b31c2c57,Audio Codec,Ljudkodek,PCSX2,crowdin-current-ui-batch63-20260920,"FullscreenUI
../../pcsx2/ImGui/FullscreenUI_Settings.cpp:6892",Publiceringsförsöket nekades enligt det äldre kvittot; texten är ett lokalt granskningsförslag.,project-context,4007641bf7c51e53a5760025,reviewed-local,https://github.com/yeager/translations/blob/67e6d27877c9cfd6b6dbc74bd852b10bdbe09c3c/PCSX2/crowdin-current-ui-batch63-20260920.json,08ff78cfcd818cefe89524c4604550c53e468e64909a3ca76a582c3f0c9c5540,"{""artifact"":""https://crowdin.com/project/pcsx2"",""sha256"":""88dbdbc22054ba6d9c7a675e5dbbe2b9d1c23bf2ad592e5ea5f29a54fec5a1ad""}"
7468ad16ec898e6ffbb9c716,Show VPS,Visa VPS,PCSX2,crowdin-current-ui-batch53-20260920,"OSDSettingsWidget
../Settings/OSDSettingsWidget.ui:477
../Settings/OSDSettingsWidget.cpp:110",Publiceringsförsöket nekades enligt det äldre kvittot; texten är ett lokalt granskningsförslag.,project-context,3c06a7dc1c1b5e0d92e63a7c,reviewed-local,https://github.com/yeager/translations/blob/67e6d27877c9cfd6b6dbc74bd852b10bdbe09c3c/PCSX2/crowdin-current-ui-batch53-20260920.json,cf9e3a076b0a7a4c9da64198f8216ad33f840f37229f480c53c816b8096dd673,"{""artifact"":""https://crowdin.com/project/pcsx2"",""sha256"":""81a002a2d97a26863f566e0aeed9ecd3055038953f66c039f34925194aa48dc3""}"
746a3c43156721aa3105b9b0,Save Draw Range Count,Antal ritningar i intervall,PCSX2,crowdin-current-ui-batch4-20260920,"DebugSettingsWidget
../Settings/DebugSettingsWidget.cpp:152",,project-context,1f4d6ab48545c7f5ac445fad,reviewed-receipt,https://github.com/yeager/translations/blob/67e6d27877c9cfd6b6dbc74bd852b10bdbe09c3c/PCSX2/crowdin-current-ui-batch4-20260920.json,ba9e5644897861c8a18b34f41eeec20168b3176a59ad05fabbf37a183fc525c8,"{""artifact"":""https://crowdin.com/project/pcsx2"",""sha256"":""cd9afde8456f5463b9fcd48f671512f9f4a4a260c9789eb120a2f5d699cfbee5""}"
746cfafb5cdea35ca37a0394,Video Recording Directory,Katalog för videoinspelningar,PCSX2,Crowdin UI,,"Granskad filleverans. Endast färdiga, aktiva översättningar tas med; detta är inte ett påstående om separat registrerat radbeslut för varje oförändrad post.",project-context,019434d8d5a10600675af9f6,reviewed-file-delivery,https://crowdin.com/project/pcsx2,c5f591f1edc9553e40265bc0be0fe67c8e4252c052a1cf8ecfb524489a5aff60,{}
7495df2dbc13de88be8cdbbe,Precache Textures,Förbuffra texturer,PCSX2,crowdin-current-ui-batch57-20260920,"FullscreenUI
../../pcsx2/ImGui/FullscreenUI_Settings.cpp:6866",,project-context,4acdd5c3ad84ae8d0e0dd4e3,reviewed-receipt,https://github.com/yeager/translations/blob/67e6d27877c9cfd6b6dbc74bd852b10bdbe09c3c/PCSX2/crowdin-current-ui-batch57-20260920.json,5c871fa681fe60ac837787f04a021e0897b135316665fb1695de5041b8a5e637,"{""artifact"":""https://crowdin.com/project/pcsx2"",""sha256"":""bad72e9ad6c63392b03acfbe20f521c513a0f34200adf9ea586c0ff9b6509628""}"
74b77598b81620d98facf522,Desktop,Skrivbord,PCSX2,crowdin-current-ui-batch38-20260920,"ShortcutCreationDialog
../ShortcutCreationDialog.ui:327",Publiceringsförsöket nekades enligt det äldre kvittot; texten är ett lokalt granskningsförslag.,project-context,f14ef0024dbc04ac4a3356b3,reviewed-local,https://github.com/yeager/translations/blob/67e6d27877c9cfd6b6dbc74bd852b10bdbe09c3c/PCSX2/crowdin-current-ui-batch38-20260920.json,10bff2a438da2537a334cdf30d1f2646aa56f2807af070ba50c07f07c76b0e06,"{""artifact"":""https://crowdin.com/project/pcsx2"",""sha256"":""b8c4479a156913f98eab9f10f28b7a292670e23a7b77ecf56fcca5bec1ed163b""}"
74bbf9d62b6108d6cf4e6aec,N/A,Ej tillämpligt,PCSX2,crowdin-current-ui-batch60-20260920,"DebugAnalysisSettingsWidget
../Settings/DebugAnalysisSettingsWidget.cpp:150
../Settings/DebugAnalysisSettingsWidget.cpp:152",,project-context,3c48231c2419cee26eab3129,reviewed-receipt,https://github.com/yeager/translations/blob/67e6d27877c9cfd6b6dbc74bd852b10bdbe09c3c/PCSX2/crowdin-current-ui-batch60-20260920.json,8c6cbd32b1310e0a049b06bc12d78c06699e0e814d471dcdf308e46e1f1388d6,"{""artifact"":""https://crowdin.com/project/pcsx2"",""sha256"":""c7fca33c4bc61f90e674a33c6c8aab3a0bcadcde82671a63c283b761dd0dd98c""}"
74d09c9d2b8731ae6e81c73a,Top Left (Default),Uppe till vänster (standard),PCSX2,crowdin-current-ui-batch17-20260920,"AchievementSettingsWidget
../Settings/AchievementSettingsWidget.ui:276",,project-context,e37ea4e146f81b3d88e09395,reviewed-receipt,https://github.com/yeager/translations/blob/67e6d27877c9cfd6b6dbc74bd852b10bdbe09c3c/PCSX2/crowdin-current-ui-batch17-20260920.json,c3e8ec58262cb9ca378f79dea9c4f1baee0c939d134bdeccfba91a46dd70eaae,"{""artifact"":""https://crowdin.com/project/pcsx2"",""sha256"":""53f68c32444ff84f2f82b2881488c332e1af5b2f119bf92788e3857d2c6cdf0c""}"
74d23f04bf9ff7830150b12a,Show Hardware Info,Visa maskinvaruinformation,PCSX2,crowdin-current-ui-batch53-20260920,"OSDSettingsWidget
../Settings/OSDSettingsWidget.ui:365
../Settings/OSDSettingsWidget.cpp:136",,project-context,51493bbec0bfc3e3e7ab4c74,reviewed-receipt,https://github.com/yeager/translations/blob/67e6d27877c9cfd6b6dbc74bd852b10bdbe09c3c/PCSX2/crowdin-current-ui-batch53-20260920.json,cf9e3a076b0a7a4c9da64198f8216ad33f840f37229f480c53c816b8096dd673,"{""artifact"":""https://crowdin.com/project/pcsx2"",""sha256"":""ae584a0c99ba75dabdf7ad42c1dc0dc0013ffd52b19b33baed39259480f9cab1""}"
74d24ea724ce52e4bf7455b2,PS2 IP Address,PS2-IP-adress,PCSX2,crowdin-current-ui-batch60-20260920,"DEV9SettingsWidget
../Settings/DEV9SettingsWidget.cpp:202",Publiceringsförsöket nekades enligt det äldre kvittot; texten är ett lokalt granskningsförslag.,project-context,edb19bec0827e5df565160a7,reviewed-local,https://github.com/yeager/translations/blob/67e6d27877c9cfd6b6dbc74bd852b10bdbe09c3c/PCSX2/crowdin-current-ui-batch60-20260920.json,8c6cbd32b1310e0a049b06bc12d78c06699e0e814d471dcdf308e46e1f1388d6,"{""artifact"":""https://crowdin.com/project/pcsx2"",""sha256"":""ac47a88df10eaad1480720d3d3da471365abfe6a9beb03aa2bc03be6b679e387""}"
74f5c657e4a5f40f837d2c05,Display Resolution (Aspect Corrected),Bildskärmsupplösning (korrigerat bildförhållande),PCSX2,Crowdin UI,,"Granskad filleverans. Endast färdiga, aktiva översättningar tas med; detta är inte ett påstående om separat registrerat radbeslut för varje oförändrad post.",project-context,654560b7bd7f7bd89dd2a6ac,reviewed-file-delivery,https://crowdin.com/project/pcsx2,c5f591f1edc9553e40265bc0be0fe67c8e4252c052a1cf8ecfb524489a5aff60,{}
754e32a22eff3e405eea1dbd,Replay Loop Count:,Antal uppspelningsloopar:,PCSX2,crowdin-current-ui-batch8-20260920,"DebugGSSettingsTab
../Settings/DebugGSSettingsTab.ui:303",,project-context,ec99f021031de129fe7ac2c7,reviewed-receipt,https://github.com/yeager/translations/blob/67e6d27877c9cfd6b6dbc74bd852b10bdbe09c3c/PCSX2/crowdin-current-ui-batch8-20260920.json,6d671a2f5891b45d5687714706665353e2ac62d51b8d507209b9c6fd5769ca1f,"{""artifact"":""https://crowdin.com/project/pcsx2"",""sha256"":""145a15f6066dd9843199c53b6771a1b245fadf6e8816756c3eefbffba725ba40""}"
7555b261d50f133b87eddd32,Adjusts gamma. 50 is normal.,Justerar gamma. 50 är normalt.,PCSX2,crowdin-current-ui-batch15-20260920,"GraphicsSettingsWidget
../Settings/GraphicsSettingsWidget.cpp:725",Publiceringsförsöket nekades enligt det äldre kvittot; texten är ett lokalt granskningsförslag.,project-context,329aff255096629ea2b4f6bb,reviewed-local,https://github.com/yeager/translations/blob/67e6d27877c9cfd6b6dbc74bd852b10bdbe09c3c/PCSX2/crowdin-current-ui-batch15-20260920.json,9b2ebc5e4b008f5a05b2c32d2825bc90cde350d6c271bc9dbc7a0033312db467,"{""artifact"":""https://crowdin.com/project/pcsx2"",""sha256"":""6be1eddba5fc054efb9529d2928ce5186baaa9d2c33986fa38d3c8ce8283682f""}"
75a0c928dff16fefdd9d080f,Saturation,Mättnad,PCSX2,Crowdin UI,,"Granskad filleverans. Endast färdiga, aktiva översättningar tas med; detta är inte ett påstående om separat registrerat radbeslut för varje oförändrad post.",project-context,b77eb2b24e885b3be7c40c6d,reviewed-file-delivery,https://crowdin.com/project/pcsx2,c5f591f1edc9553e40265bc0be0fe67c8e4252c052a1cf8ecfb524489a5aff60,{}
75de4d0f75646f473934f15b,Game arguments:,Spelargument:,PCSX2,crowdin-current-ui-batch37-20260920,"ShortcutCreationDialog
../ShortcutCreationDialog.ui:239",Publiceringsförsöket nekades enligt det äldre kvittot; texten är ett lokalt granskningsförslag.,project-context,44cf9d2204a5b2a9cc3b46bf,reviewed-local,https://github.com/yeager/translations/blob/67e6d27877c9cfd6b6dbc74bd852b10bdbe09c3c/PCSX2/crowdin-current-ui-batch37-20260920.json,3d30ac42902a2603744414716b97c7784c4b7f2491b297a70bd0590534da88f4,"{""artifact"":""https://crowdin.com/project/pcsx2"",""sha256"":""037ec56952e9ecc8cc594d038926489b60ec1860ee5796f4027189871dde69e0""}"
75e235a6190b54f969a1b90d,Add PCSX2 to the Application Menu,Lägg till PCSX2 på programmenyn,PCSX2,crowdin-current-ui-batch59-20260920,"SetupWizardDialog
../SetupWizardDialog.ui:933",,project-context,5c174fa24fb4f44b069e5013,reviewed-receipt,https://github.com/yeager/translations/blob/67e6d27877c9cfd6b6dbc74bd852b10bdbe09c3c/PCSX2/crowdin-current-ui-batch59-20260920.json,9f38fdcde8389b4381406c889374f3d78d817dcfb9ea2ab1119de66a68266465,"{""artifact"":""https://crowdin.com/project/pcsx2"",""sha256"":""911fdad3b2ddbeb0d45dddad3531bd2d546a4c7c654e89f027c28fc193fa52eb""}"
75e7963f310696d4b2832811,Audio Codec,Ljudkodek,PCSX2,crowdin-current-ui-batch8-20260920,"FullscreenUI
../../pcsx2/ImGui/FullscreenUI_Settings.cpp:6892",Publiceringsförsöket nekades enligt det äldre kvittot; texten är ett lokalt granskningsförslag.,project-context,5dd65fd8cc88bca7e06a63f1,reviewed-local,https://github.com/yeager/translations/blob/67e6d27877c9cfd6b6dbc74bd852b10bdbe09c3c/PCSX2/crowdin-current-ui-batch8-20260920.json,6d671a2f5891b45d5687714706665353e2ac62d51b8d507209b9c6fd5769ca1f,"{""artifact"":""https://crowdin.com/project/pcsx2"",""sha256"":""88dbdbc22054ba6d9c7a675e5dbbe2b9d1c23bf2ad592e5ea5f29a54fec5a1ad""}"
7636247752734482041fcdf3,Start Saving Performance Metrics (Capture Timer),Börja spara prestandamått (inspelningstimer),PCSX2,crowdin-current-ui-batch8-20260920,"Hotkeys
../../pcsx2/GS/GS.cpp:1268",,project-context,5fb8cd0e850610b27053fd63,reviewed-receipt,https://github.com/yeager/translations/blob/67e6d27877c9cfd6b6dbc74bd852b10bdbe09c3c/PCSX2/crowdin-current-ui-batch8-20260920.json,6d671a2f5891b45d5687714706665353e2ac62d51b8d507209b9c6fd5769ca1f,"{""artifact"":""https://crowdin.com/project/pcsx2"",""sha256"":""17de71103a8bb2246845d9e62b87059cfa22b9add036ba884db692aba4533f74""}"
76aef7f5e4a774c45a3a2345,Continue on hit,Fortsätt vid träff,PCSX2,crowdin-current-ui-batch64-20260920,"BreakpointDialog
../Debugger/Breakpoints/BreakpointDialog.ui:334",Publiceringsförsöket nekades enligt det äldre kvittot; texten är ett lokalt granskningsförslag.,project-context,1d5288a6c48164038beb1b7c,reviewed-local,https://github.com/yeager/translations/blob/67e6d27877c9cfd6b6dbc74bd852b10bdbe09c3c/PCSX2/crowdin-current-ui-batch64-20260920.json,3eb6750c0d4249b01cf40b2787e9f2e9792529adfb274d1a979de2495c7acabc,"{""artifact"":""https://crowdin.com/project/pcsx2"",""sha256"":""68b31fce43ffaeb99465d6e463038a8584469dedc6602a6e3998e2e77f4133c7""}"
76dabca26403c3484cb0bdf4,Network Configuration,Nätverkskonfiguration,PCSX2,crowdin-current-ui-batch34-20260920,"FullscreenUI
../../pcsx2/ImGui/FullscreenUI_Settings.cpp:6342",Publiceringsförsöket nekades enligt det äldre kvittot; texten är ett lokalt granskningsförslag.,project-context,4c9ac9dde38b050a882ae436,reviewed-local,https://github.com/yeager/translations/blob/67e6d27877c9cfd6b6dbc74bd852b10bdbe09c3c/PCSX2/crowdin-current-ui-batch34-20260920.json,8d6bc4cd53749b6ed56459f38c0244781001a3de538ab116fa6b6c047f93e6ed,"{""artifact"":""https://crowdin.com/project/pcsx2"",""sha256"":""61d2f4203dfcd8d68a79d44fc11a3690e99b118f41de7df6abdc5ca7011b802d""}"
772c74e74fe1d61bab6cfd6b,15x Native (~5400px),15× inbyggd (~5400 px),PCSX2,crowdin-current-ui-batch50-20260920,"FullscreenUI
../../pcsx2/ImGui/FullscreenUI_Settings.cpp:6618",,project-context,4cc28592bd2a905eca378dd7,reviewed-receipt,https://github.com/yeager/translations/blob/67e6d27877c9cfd6b6dbc74bd852b10bdbe09c3c/PCSX2/crowdin-current-ui-batch50-20260920.json,526c37bda266096897ffc29f6d90f1526ccd117934fef6462d4629b30c159187,"{""artifact"":""https://crowdin.com/project/pcsx2"",""sha256"":""7eeba5778b6e3a7bcf3ef104d7247673d0fa0674e4e34bb640398d4e6b29eed0""}"
77c1356c8832ad6fcecd2462,18x Native (~6480px/12K UHD),18× inbyggd (~6480 px/12K UHD),PCSX2,Crowdin UI,,"Granskad filleverans. Endast färdiga, aktiva översättningar tas med; detta är inte ett påstående om separat registrerat radbeslut för varje oförändrad post.",project-context,7924a40ee86916e1a183491b,reviewed-file-delivery,https://crowdin.com/project/pcsx2,c5f591f1edc9553e40265bc0be0fe67c8e4252c052a1cf8ecfb524489a5aff60,{}
77ca1f29b8e4e5c5306cda6e,Invalid Icon,Ogiltig ikon,PCSX2,crowdin-current-ui-batch55-20260920,"ShortcutCreationDialog
../ShortcutCreationDialog.cpp:78",Publiceringsförsöket nekades enligt det äldre kvittot; texten är ett lokalt granskningsförslag.,project-context,4a334c30fabb3fd5c4947b4d,reviewed-local,https://github.com/yeager/translations/blob/67e6d27877c9cfd6b6dbc74bd852b10bdbe09c3c/PCSX2/crowdin-current-ui-batch55-20260920.json,eef7fecf9007fb67b7321b88ecfd43d8a1e78e3c19d6b14ffe23010d7cdbe6b1,"{""artifact"":""https://crowdin.com/project/pcsx2"",""sha256"":""ce79ec6d7cbdb5fe4cdff753eb86315cf6d0c6d345db25d9c671cecd2c82b3f0""}"
77f359aeb22434b35c484b3a,OSD Text Style:,OSD-textstil:,PCSX2,crowdin-current-ui-batch53-20260920,"OSDSettingsWidget
../Settings/OSDSettingsWidget.ui:247",,project-context,b26d64204ee4c0c7e6ae3312,reviewed-receipt,https://github.com/yeager/translations/blob/67e6d27877c9cfd6b6dbc74bd852b10bdbe09c3c/PCSX2/crowdin-current-ui-batch53-20260920.json,cf9e3a076b0a7a4c9da64198f8216ad33f840f37229f480c53c816b8096dd673,"{""artifact"":""https://crowdin.com/project/pcsx2"",""sha256"":""650e2e1c8b03df508dac449ccf330603273536cae92ccbd80129d5b2325f1400""}"
78241b82957b6a449535e45c,10px,10 px,PCSX2,crowdin-current-ui-batch53-20260920,"OSDSettingsWidget
../Settings/OSDSettingsWidget.cpp:91",,project-context,f83e062a49d32cf3cc4e4422,reviewed-receipt,https://github.com/yeager/translations/blob/67e6d27877c9cfd6b6dbc74bd852b10bdbe09c3c/PCSX2/crowdin-current-ui-batch53-20260920.json,cf9e3a076b0a7a4c9da64198f8216ad33f840f37229f480c53c816b8096dd673,"{""artifact"":""https://crowdin.com/project/pcsx2"",""sha256"":""90138df7f98a3e193f0d386938cb4f4ec2cfc8a898ad70ba2b8cc5a43a30f380""}"
78263c0035e4805ddb0dd0d9,Downloading Font,Hämtar teckensnitt,PCSX2,crowdin-current-ui-batch52-20260920,"OSDFontPickerDialog
../Settings/OsdFontPickerDialog.cpp:399",,project-context,7f72c57582a9f02d973ccdcb,reviewed-receipt,https://github.com/yeager/translations/blob/67e6d27877c9cfd6b6dbc74bd852b10bdbe09c3c/PCSX2/crowdin-current-ui-batch52-20260920.json,8cfffc76ca6e36b6b86d335ad9a92ba99954d58c53ce7d299caec541e1b3ff9b,"{""artifact"":""https://crowdin.com/project/pcsx2"",""sha256"":""3b4db53c22c49b59b7512c704d8c5ebe4e7120ee66a3c62d45a254ec6d9f65bc""}"
783a3207c92df4d7cacc2026,Save Transfer Images,Spara överföringsbilder,PCSX2,crowdin-current-ui-batch4-20260920,"DebugSettingsWidget
../Settings/DebugSettingsWidget.cpp:142",,project-context,30a7decd458a6f7cea6fc362,reviewed-receipt,https://github.com/yeager/translations/blob/67e6d27877c9cfd6b6dbc74bd852b10bdbe09c3c/PCSX2/crowdin-current-ui-batch4-20260920.json,ba9e5644897861c8a18b34f41eeec20168b3176a59ad05fabbf37a183fc525c8,"{""artifact"":""https://crowdin.com/project/pcsx2"",""sha256"":""8f505f99637ef96e29c656e3ee26d2c1da383f5eec08f1975454f8b0726c17e1""}"
78741ef5f886c684ac29a49e,Precache Textures,Förbuffra texturer,PCSX2,Crowdin UI,,"Granskad filleverans. Endast färdiga, aktiva översättningar tas med; detta är inte ett påstående om separat registrerat radbeslut för varje oförändrad post.",project-context,ddd933adc977dfd89eaa5bfb,reviewed-file-delivery,https://crowdin.com/project/pcsx2,c5f591f1edc9553e40265bc0be0fe67c8e4252c052a1cf8ecfb524489a5aff60,{}
788f7d0ca9c895b5b99fc548,Add,Lägg till,PCSX2,crowdin-current-ui-batch64-20260920,"ToolbarCustomizationDialog
../ToolbarCustomizationDialog.ui:68",Publiceringsförsöket nekades enligt det äldre kvittot; texten är ett lokalt granskningsförslag.,project-context,de1f597dc235ec476c4a8e22,reviewed-local,https://github.com/yeager/translations/blob/67e6d27877c9cfd6b6dbc74bd852b10bdbe09c3c/PCSX2/crowdin-current-ui-batch64-20260920.json,3eb6750c0d4249b01cf40b2787e9f2e9792529adfb274d1a979de2495c7acabc,"{""artifact"":""https://crowdin.com/project/pcsx2"",""sha256"":""5490a7b1fa6677e3ba25364c51dbf97bddc86aaa0ab15474e8676dc3a131788f""}"
78ad103e58dee2cb5c452062,Sound reset to default.,Ljudet har återställts till standardvärdet.,PCSX2,crowdin-current-ui-batch51-20260920,"FullscreenUI
../../pcsx2/ImGui/FullscreenUI_Settings.cpp:6081",Publiceringsförsöket nekades enligt det äldre kvittot; texten är ett lokalt granskningsförslag.,project-context,9bdc5219279a81f46ee7bd8a,reviewed-local,https://github.com/yeager/translations/blob/67e6d27877c9cfd6b6dbc74bd852b10bdbe09c3c/PCSX2/crowdin-current-ui-batch51-20260920.json,a8b5191343bdd297b5d152a224021320a839b19ec9afc66e6fdf7d9067e58697,"{""artifact"":""https://crowdin.com/project/pcsx2"",""sha256"":""d65e732100ffff1f453cccd119d043f7dd32472c3f06a8cad8557b5e906dcca4""}"
78dac6e08fb58156951b5563,Train Mascon,Tåg-Mascon,PCSX2,crowdin-current-ui-batch49-20260920,"USB
../../pcsx2/USB/usb-pad/usb-train.cpp:40",,project-context,6c0c06d5dc8c155371e77eab,reviewed-receipt,https://github.com/yeager/translations/blob/67e6d27877c9cfd6b6dbc74bd852b10bdbe09c3c/PCSX2/crowdin-current-ui-batch49-20260920.json,3e907fbc31b1fdfcccfc47d4a6a49ad2bfe6eb9414cebf6471f974279c345287,"{""artifact"":""https://crowdin.com/project/pcsx2"",""sha256"":""fe15014d02a1d824fc094e6b7159ff6d52d5caeb746c34921a6e50f21f57e7fe""}"
78faa062959fcdbc49bd3b66,Update Channel,Uppdateringskanal,PCSX2,crowdin-current-ui-batch63-20260920,"InterfaceSettingsWidget
../Settings/InterfaceSettingsWidget.cpp:167",Publiceringsförsöket nekades enligt det äldre kvittot; texten är ett lokalt granskningsförslag.,project-context,dbd48f2078df0f97484d3f52,reviewed-local,https://github.com/yeager/translations/blob/67e6d27877c9cfd6b6dbc74bd852b10bdbe09c3c/PCSX2/crowdin-current-ui-batch63-20260920.json,08ff78cfcd818cefe89524c4604550c53e468e64909a3ca76a582c3f0c9c5540,"{""artifact"":""https://crowdin.com/project/pcsx2"",""sha256"":""054f0d29fe6d56ef3d3a9b97754ab4192923582b6900b6e007c54824cd71273f""}"
791832b0ac6cb24d46d40f98,HDD Size,Hårddiskstorlek,PCSX2,crowdin-current-ui-batch60-20260920,"DEV9SettingsWidget
../Settings/DEV9SettingsWidget.cpp:226
../Settings/DEV9SettingsWidget.cpp:228",Publiceringsförsöket nekades enligt det äldre kvittot; texten är ett lokalt granskningsförslag.,project-context,994c82e3f30b481eecea3871,reviewed-local,https://github.com/yeager/translations/blob/67e6d27877c9cfd6b6dbc74bd852b10bdbe09c3c/PCSX2/crowdin-current-ui-batch60-20260920.json,8c6cbd32b1310e0a049b06bc12d78c06699e0e814d471dcdf308e46e1f1388d6,"{""artifact"":""https://crowdin.com/project/pcsx2"",""sha256"":""98892d6ad60a9ebc3a5c242ab2278dd939eb8dd7e66c13dc8544ae01732b2fa8""}"
79374be3b5f4c93208b14a8d,Search Directory,Sökkatalog,PCSX2,Crowdin UI,,"Granskad filleverans. Endast färdiga, aktiva översättningar tas med; detta är inte ett påstående om separat registrerat radbeslut för varje oförändrad post.",project-context,f40f3abd6e288f3616830952,reviewed-file-delivery,https://crowdin.com/project/pcsx2,c5f591f1edc9553e40265bc0be0fe67c8e4252c052a1cf8ecfb524489a5aff60,{}
797e7bef95ad7fd8f6923736,Extended Upscaling Multipliers,Utökade uppskalningsmultiplikatorer,PCSX2,crowdin-current-ui-batch14-20260920,"GraphicsAdvancedSettingsTab
../Settings/GraphicsAdvancedSettingsTab.ui:137",,project-context,e5580b02087e1e4b5b8dd156,reviewed-receipt,https://github.com/yeager/translations/blob/67e6d27877c9cfd6b6dbc74bd852b10bdbe09c3c/PCSX2/crowdin-current-ui-batch14-20260920.json,9f0ff248176205a3bda2eb3f8c6f8e1ab1d89f1ac984b49ef2d06f0eb6672cce,"{""artifact"":""https://crowdin.com/project/pcsx2"",""sha256"":""893573b6303bffbcf6c6c42a80be7c394349fce3ed4d8df8abe691861a88a231""}"
798032b048b8aa54cdb494ee,Choose Local File...,Välj lokal fil …,PCSX2,Crowdin UI,,"Granskad filleverans. Endast färdiga, aktiva översättningar tas med; detta är inte ett påstående om separat registrerat radbeslut för varje oförändrad post.",project-context,55a410c4b8226af419a272fa,reviewed-file-delivery,https://crowdin.com/project/pcsx2,c5f591f1edc9553e40265bc0be0fe67c8e4252c052a1cf8ecfb524489a5aff60,{}
79c37da58ae6563428740480,Select a File,Välj en fil,PCSX2,crowdin-current-ui-batch46-20260920,"InputRecordingViewer
../Tools/InputRecording/InputRecordingViewer.cpp:85",Publiceringsförsöket nekades enligt det äldre kvittot; texten är ett lokalt granskningsförslag.,project-context,546e4defb846c65c4fcc08c1,reviewed-local,https://github.com/yeager/translations/blob/67e6d27877c9cfd6b6dbc74bd852b10bdbe09c3c/PCSX2/crowdin-current-ui-batch46-20260920.json,5fd49be2672b59f0daff08c9e08a881d25eb868891d139d395ea94a1aba23434,"{""artifact"":""https://crowdin.com/project/pcsx2"",""sha256"":""b2a40167aea157e84fdd2fa6008ea891d4f1b7e49822848b4aad50a52cc2ed13""}"
7a0f0efbd2591355210e1b02,Train Mascon,Tåg-Mascon,PCSX2,Crowdin UI,,"Granskad filleverans. Endast färdiga, aktiva översättningar tas med; detta är inte ett påstående om separat registrerat radbeslut för varje oförändrad post.",project-context,b62cc572b3b4581cfde87747,reviewed-file-delivery,https://crowdin.com/project/pcsx2,c5f591f1edc9553e40265bc0be0fe67c8e4252c052a1cf8ecfb524489a5aff60,{}
7a3d45be71f7571d82f209dc,Native/Full (10:7),Inbyggd/full (10:7),PCSX2,crowdin-current-ui-batch24-20260920,"GraphicsDisplaySettingsTab
../Settings/GraphicsDisplaySettingsTab.ui:126
../Settings/GraphicsDisplaySettingsTab.ui:204",,project-context,4ef83b4fe2095d24d4719d1e,reviewed-receipt,https://github.com/yeager/translations/blob/67e6d27877c9cfd6b6dbc74bd852b10bdbe09c3c/PCSX2/crowdin-current-ui-batch24-20260920.json,ee2587e30ef9f54541bdbfb4dfcf7512e05bd487cd41e18f4834c7ff3b6d4915,"{""artifact"":""https://crowdin.com/project/pcsx2"",""sha256"":""e40d4366f1b1528e9b08af4f271eadb57289f341caf389ebe81e47b81873e0f8""}"
7a941e39cd78b26f47de91d3,Game List Background Opacity,Opacitet för bakgrund i spellista,PCSX2,crowdin-current-ui-batch31-20260920,"InterfaceSettingsWidget
../Settings/InterfaceSettingsWidget.cpp:243",,project-context,834f67e613acc4b4d3d8ebed,reviewed-receipt,https://github.com/yeager/translations/blob/67e6d27877c9cfd6b6dbc74bd852b10bdbe09c3c/PCSX2/crowdin-current-ui-batch31-20260920.json,7f296a46b32719e99a638c81474fc3438c10c81ba7fa7f9ae7a93270e2b8c504,"{""artifact"":""https://crowdin.com/project/pcsx2"",""sha256"":""4287e5dcc68a7452421474e0d6e3d2c52231b36722052e81940814ebf2e3c8b7""}"
7ab12d88b733cc232d61a056,Show FPS,Visa FPS,PCSX2,Crowdin UI,,"Granskad filleverans. Endast färdiga, aktiva översättningar tas med; detta är inte ett påstående om separat registrerat radbeslut för varje oförändrad post.",project-context,b5e591b2aa4f844f94328ff2,reviewed-file-delivery,https://crowdin.com/project/pcsx2,c5f591f1edc9553e40265bc0be0fe67c8e4252c052a1cf8ecfb524489a5aff60,{}
7abe4c619f51b3d9504dd416,Stretch,Sträck,PCSX2,crowdin-current-ui-batch12-20260920,"FullscreenUI
../../pcsx2/ImGui/FullscreenUI_Settings.cpp:6541",,project-context,6ef494f8cc60eaf3acbea6b2,reviewed-receipt,https://github.com/yeager/translations/blob/67e6d27877c9cfd6b6dbc74bd852b10bdbe09c3c/PCSX2/crowdin-current-ui-batch12-20260920.json,069c92ed85703bad78e9b4e17bd0d4fccb132ebeed9d3bedd8328dbf6ea26909,"{""artifact"":""https://crowdin.com/project/pcsx2"",""sha256"":""49f29c46a77af478c8dd206ae260be8c88ebcc4f504da7c62f357c9f3251a3f8""}"
7adf51dfe7693d39e52954fd,Name,Namn,PCSX2,crowdin-current-ui-batch28-20260920,"SavedAddressesModel
../Debugger/Memory/SavedAddressesModel.cpp:161",Publiceringsförsöket nekades enligt det äldre kvittot; texten är ett lokalt granskningsförslag.,project-context,c1003a0b3603739ac5e10956,reviewed-local,https://github.com/yeager/translations/blob/67e6d27877c9cfd6b6dbc74bd852b10bdbe09c3c/PCSX2/crowdin-current-ui-batch28-20260920.json,6edf9357e080f44b992185b2f688a80546a47f78b1e6dc7048d1fa1c764180b5,"{""artifact"":""https://crowdin.com/project/pcsx2"",""sha256"":""57d39c69a58e729065d7464dae0685c597ba817da3dc85b47a478335992435b4""}"
7b0dfebd3d1824fc27a3292a,Select OSD Font,Välj OSD-teckensnitt,PCSX2,Crowdin UI,,"Granskad filleverans. Endast färdiga, aktiva översättningar tas med; detta är inte ett påstående om separat registrerat radbeslut för varje oförändrad post.",project-context,96c858d854a5e79524ee4d3a,reviewed-file-delivery,https://crowdin.com/project/pcsx2,c5f591f1edc9553e40265bc0be0fe67c8e4252c052a1cf8ecfb524489a5aff60,{}
7bb720694d6896f0195ed81b,Full (Hash Cache),Fullständig (hashcache),PCSX2,crowdin-current-ui-batch14-20260920,"GraphicsAdvancedSettingsTab
../Settings/GraphicsAdvancedSettingsTab.ui:186",,project-context,187851b01e318bb6a6dfc2c7,reviewed-receipt,https://github.com/yeager/translations/blob/67e6d27877c9cfd6b6dbc74bd852b10bdbe09c3c/PCSX2/crowdin-current-ui-batch14-20260920.json,9f0ff248176205a3bda2eb3f8c6f8e1ab1d89f1ac984b49ef2d06f0eb6672cce,"{""artifact"":""https://crowdin.com/project/pcsx2"",""sha256"":""db285308056e1a102336daa7f6be60379b9caa0c8d12dd5f88c46b68271fed21""}"
7bbc49d1f6b13e7af2a7f820,Cannot convert an unformatted memory card.,Det går inte att konvertera ett oformaterat minneskort.,PCSX2,crowdin-current-ui-batch64-20260920,"MemoryCardSettingsWidget
../Settings/MemoryCardSettingsWidget.cpp:286",Publiceringsförsöket nekades enligt det äldre kvittot; texten är ett lokalt granskningsförslag.,project-context,10d3482a5d0550cb9306d14b,reviewed-local,https://github.com/yeager/translations/blob/67e6d27877c9cfd6b6dbc74bd852b10bdbe09c3c/PCSX2/crowdin-current-ui-batch64-20260920.json,3eb6750c0d4249b01cf40b2787e9f2e9792529adfb274d1a979de2495c7acabc,"{""artifact"":""https://crowdin.com/project/pcsx2"",""sha256"":""558c1efee69167ff647bf179369fc0a53ebc66df15ef4a0b1d6735758ea5a4a8""}"
7bc57daebc09e6079bd76f1d,Prioritize Upper Bits,Prioritera övre bitar,PCSX2,crowdin-current-ui-batch58-20260920,"FullscreenUI
../../pcsx2/ImGui/FullscreenUI_Settings.cpp:6700",,project-context,73e69c45d63f71cc15ccf31e,reviewed-receipt,https://github.com/yeager/translations/blob/67e6d27877c9cfd6b6dbc74bd852b10bdbe09c3c/PCSX2/crowdin-current-ui-batch58-20260920.json,63dc6922c386d319276df2094a26afd341a8755f207ce8908444de581c157b66,"{""artifact"":""https://crowdin.com/project/pcsx2"",""sha256"":""26718501e00902578bfebd3e1bcf6e4be1c6d68ffd875ab64b6070c78e107c11""}"
7bec9c254ff1abf8dbb279b8,Multitap on Console Port 1,Multitap på konsolport 1,PCSX2,Crowdin UI,,"Granskad filleverans. Endast färdiga, aktiva översättningar tas med; detta är inte ett påstående om separat registrerat radbeslut för varje oförändrad post.",project-context,25bb090da338ef8dd412e7b8,reviewed-file-delivery,https://crowdin.com/project/pcsx2,c5f591f1edc9553e40265bc0be0fe67c8e4252c052a1cf8ecfb524489a5aff60,{}
7becace9c7a4d74ad3d397db,No save present in this slot,Ingen sparning finns på denna plats,PCSX2,crowdin-current-ui-batch12-20260920,"ImGuiOverlays
../../pcsx2/ImGui/ImGuiOverlays.cpp:1620",Publiceringsförsöket nekades enligt det äldre kvittot; texten är ett lokalt granskningsförslag.,project-context,a4df060be974c82e1bb2c301,reviewed-local,https://github.com/yeager/translations/blob/67e6d27877c9cfd6b6dbc74bd852b10bdbe09c3c/PCSX2/crowdin-current-ui-batch12-20260920.json,069c92ed85703bad78e9b4e17bd0d4fccb132ebeed9d3bedd8328dbf6ea26909,"{""artifact"":""https://crowdin.com/project/pcsx2"",""sha256"":""70e4764532ff922cca1803945d73e9de38f236d8cd84400d08296604fc97ee39""}"
7c47189cfa067034fdfc4478,Select OSD Font,Välj OSD-teckensnitt,PCSX2,crowdin-current-ui-batch50-20260920,"FullscreenUI
../../pcsx2/ImGui/FullscreenUI_Settings.cpp:6295",,project-context,37a89cfd5b0292d3ec9f78a4,reviewed-receipt,https://github.com/yeager/translations/blob/67e6d27877c9cfd6b6dbc74bd852b10bdbe09c3c/PCSX2/crowdin-current-ui-batch50-20260920.json,526c37bda266096897ffc29f6d90f1526ccd117934fef6462d4629b30c159187,"{""artifact"":""https://crowdin.com/project/pcsx2"",""sha256"":""e8f75db1d016a6b430754aa8b6bac876e2a3ca2c2c4c2ab867e7405780d70220""}"
7c66793ac742c7e367dfcf75,DualShock 4 / DualSense Enhanced Mode,Förbättrat läge för DualShock 4/DualSense,PCSX2,crowdin-current-ui-batch57-20260920,"FullscreenUI
../../pcsx2/ImGui/FullscreenUI_Settings.cpp:7003",,project-context,4ccc348849c11e44308ff55e,reviewed-receipt,https://github.com/yeager/translations/blob/67e6d27877c9cfd6b6dbc74bd852b10bdbe09c3c/PCSX2/crowdin-current-ui-batch57-20260920.json,5c871fa681fe60ac837787f04a021e0897b135316665fb1695de5041b8a5e637,"{""artifact"":""https://crowdin.com/project/pcsx2"",""sha256"":""5ae7c6ff939bf727ec28525717d141ea9910e8ad6fee68b8e50237f99cfd27ce""}"
7cabec6c7ce8603af92f6c15,Multitap on Console Port 2,Multitap på konsolport 2,PCSX2,crowdin-current-ui-batch57-20260920,"FullscreenUI
../../pcsx2/ImGui/FullscreenUI_Settings.cpp:7008",,project-context,7bb6105ee4de8a63a3b4ceba,reviewed-receipt,https://github.com/yeager/translations/blob/67e6d27877c9cfd6b6dbc74bd852b10bdbe09c3c/PCSX2/crowdin-current-ui-batch57-20260920.json,5c871fa681fe60ac837787f04a021e0897b135316665fb1695de5041b8a5e637,"{""artifact"":""https://crowdin.com/project/pcsx2"",""sha256"":""eee84a2dc8817e79117a4bc20c593f888340c40c092eeef3f9a44351905f7b19""}"
7cacf051564cb0290a09135f,Minute of the hour (0-59).,Timmes minut (0–59).,PCSX2,crowdin-current-ui-batch58-20260920,"FullscreenUI
../../pcsx2/ImGui/FullscreenUI_Settings.cpp:6164",,project-context,7ee115fc70861d680f861972,reviewed-receipt,https://github.com/yeager/translations/blob/67e6d27877c9cfd6b6dbc74bd852b10bdbe09c3c/PCSX2/crowdin-current-ui-batch58-20260920.json,63dc6922c386d319276df2094a26afd341a8755f207ce8908444de581c157b66,"{""artifact"":""https://crowdin.com/project/pcsx2"",""sha256"":""acd8c93e49fa59c9cee8fabea2cc0ab48fbd037d34294fef982f29ab6fd96126""}"
7ccf3fe137fc81206744aec1,Save RT,Spara RT,PCSX2,crowdin-current-ui-batch21-20260920,"DebugGSSettingsTab
../Settings/DebugGSSettingsTab.ui:35",Publiceringsförsöket nekades enligt det äldre kvittot; texten är ett lokalt granskningsförslag.,project-context,1a6802f05e15bb04087ad3b4,reviewed-local,https://github.com/yeager/translations/blob/67e6d27877c9cfd6b6dbc74bd852b10bdbe09c3c/PCSX2/crowdin-current-ui-batch21-20260920.json,a17a684939c7836f99eed6a2beb5c914bdeb5bc299843bbd766ce571585ee88e,"{""artifact"":""https://crowdin.com/project/pcsx2"",""sha256"":""da324009750dd87fb41949278b661646b11c2f5e07b5e4e8b7383b7b995bbd44""}"
7cf1f054a76f3dc9488d1c24,Save Textures,Spara texturer,PCSX2,crowdin-current-ui-batch61-20260920,"DebugSettingsWidget
../Settings/DebugSettingsWidget.cpp:134",Publiceringsförsöket nekades enligt det äldre kvittot; texten är ett lokalt granskningsförslag.,project-context,04fbdb6bdebf5372c32abbae,reviewed-local,https://github.com/yeager/translations/blob/67e6d27877c9cfd6b6dbc74bd852b10bdbe09c3c/PCSX2/crowdin-current-ui-batch61-20260920.json,7d1487a8e7a6c977e135205cbfbe024e70d8199f0ee522f5ae9219965d474fa2,"{""artifact"":""https://crowdin.com/project/pcsx2"",""sha256"":""198778b7758c58fae23c1ad4a435d3c91a9d1c5c8d00e017c49c6f4f92fd880a""}"
7d052ff103ecbf8c76e72f78,Disable/Reset Game List Background,Inaktivera/återställ bakgrund för spellista,PCSX2,crowdin-current-ui-batch31-20260920,"InterfaceSettingsWidget
../Settings/InterfaceSettingsWidget.cpp:240",Publiceringsförsöket nekades enligt det äldre kvittot; texten är ett lokalt granskningsförslag.,project-context,83584747caa45fbeb5869101,reviewed-local,https://github.com/yeager/translations/blob/67e6d27877c9cfd6b6dbc74bd852b10bdbe09c3c/PCSX2/crowdin-current-ui-batch31-20260920.json,7f296a46b32719e99a638c81474fc3438c10c81ba7fa7f9ae7a93270e2b8c504,"{""artifact"":""https://crowdin.com/project/pcsx2"",""sha256"":""9b61c5eb22fab41a8c88aa6362d4452f09559fdac7a39d3adad62a87c528fa08""}"
7d2fb9a03195763d47984987,Save Alpha Channel,Spara alfakanal,PCSX2,crowdin-current-ui-batch61-20260920,"DebugSettingsWidget
../Settings/DebugSettingsWidget.cpp:138",Publiceringsförsöket nekades enligt det äldre kvittot; texten är ett lokalt granskningsförslag.,project-context,cb4283fc35c48a0ddd2dde74,reviewed-local,https://github.com/yeager/translations/blob/67e6d27877c9cfd6b6dbc74bd852b10bdbe09c3c/PCSX2/crowdin-current-ui-batch61-20260920.json,7d1487a8e7a6c977e135205cbfbe024e70d8199f0ee522f5ae9219965d474fa2,"{""artifact"":""https://crowdin.com/project/pcsx2"",""sha256"":""2564d6513ea7cdcea48d6d87694a94c8ecde8305c15de5bbdd3c9de593fba420""}"
7db1525ef52f30046d9e93c6,Save States (*.p2s);;All Files (*.*),Sparlägen (*.p2s);;Alla filer (*.*),PCSX2,crowdin-current-ui-batch38-20260920,"ShortcutCreationDialog
../ShortcutCreationDialog.cpp:42",,project-context,262e475598b3a9f452eb3a25,reviewed-receipt,https://github.com/yeager/translations/blob/67e6d27877c9cfd6b6dbc74bd852b10bdbe09c3c/PCSX2/crowdin-current-ui-batch38-20260920.json,10bff2a438da2537a334cdf30d1f2646aa56f2807af070ba50c07f07c76b0e06,"{""artifact"":""https://crowdin.com/project/pcsx2"",""sha256"":""aa61ef0b103cdf64d8667f005d3a45f7150666945325aaf43e7593b8ff626cb1""}"
7dfedc4166b3ce1b0aed423a,Browse...,Bläddra…,PCSX2,crowdin-current-ui-batch21-20260920,"DebugGSSettingsTab
../Settings/DebugGSSettingsTab.ui:206
../Settings/DebugGSSettingsTab.ui:227",,project-context,e9be66ef3ef8607f0be6dfbd,reviewed-receipt,https://github.com/yeager/translations/blob/67e6d27877c9cfd6b6dbc74bd852b10bdbe09c3c/PCSX2/crowdin-current-ui-batch21-20260920.json,a17a684939c7836f99eed6a2beb5c914bdeb5bc299843bbd766ce571585ee88e,"{""artifact"":""https://crowdin.com/project/pcsx2"",""sha256"":""66810b2128116246c0f492c79d36de48aa324291db8bd7138d981b752e84b299""}"
7e08f278956e1e38644d18c5,Enabled (Exact Match),Aktiverad (exakt matchning),PCSX2,crowdin-current-ui-batch25-20260920,"GraphicsHardwareFixesSettingsTab
../Settings/GraphicsHardwareFixesSettingsTab.ui:188",Publiceringsförsöket nekades enligt det äldre kvittot; texten är ett lokalt granskningsförslag.,project-context,dfa3a432ea72d2a325bf897a,reviewed-local,https://github.com/yeager/translations/blob/67e6d27877c9cfd6b6dbc74bd852b10bdbe09c3c/PCSX2/crowdin-current-ui-batch25-20260920.json,c686e808bea1ecea795d6bd0a3871f9ea94959e30276601f8efafda34c283479,"{""artifact"":""https://crowdin.com/project/pcsx2"",""sha256"":""59100bf393937b084f658c1bd07b1466c364367ee6cc59871de4204382250c8e""}"
7e6d25e0da714d77dcba200b,Hardware Download Mode:,Hårdvaruhämtningsläge:,PCSX2,crowdin-current-ui-batch22-20260920,"GraphicsAdvancedSettingsTab
../Settings/GraphicsAdvancedSettingsTab.ui:32",,project-context,9199336d9510d870dc603a58,reviewed-receipt,https://github.com/yeager/translations/blob/67e6d27877c9cfd6b6dbc74bd852b10bdbe09c3c/PCSX2/crowdin-current-ui-batch22-20260920.json,4f04c5281fafa51fe7ba74101b3c304645c8874ef28d97c8f99b5d9fe805c47e,"{""artifact"":""https://crowdin.com/project/pcsx2"",""sha256"":""182432504d57dc664d83b8429e7fb10bc8d3f9259b63d98bef168938c5799c93""}"
7e866c87000eb69ac1929b9d,PINE Slot,PINE-plats,PCSX2,Crowdin UI,,"Granskad filleverans. Endast färdiga, aktiva översättningar tas med; detta är inte ett påstående om separat registrerat radbeslut för varje oförändrad post.",project-context,d797f0ec388d51ab033d152d,reviewed-file-delivery,https://crowdin.com/project/pcsx2,c5f591f1edc9553e40265bc0be0fe67c8e4252c052a1cf8ecfb524489a5aff60,{}
7e8bb0f7cec727910c50cba2,HDD Size,Hårddiskstorlek,PCSX2,crowdin-current-ui-batch3-20260920,"DEV9SettingsWidget
../Settings/DEV9SettingsWidget.cpp:226
../Settings/DEV9SettingsWidget.cpp:228",,project-context,f812274c6df7cbf64c6e31e6,reviewed-receipt,https://github.com/yeager/translations/blob/67e6d27877c9cfd6b6dbc74bd852b10bdbe09c3c/PCSX2/crowdin-current-ui-batch3-20260920.json,312b703c14e788fca3d8a80055543aca887c12d491340b56e8de7abdd1dbfcb8,"{""artifact"":""https://crowdin.com/project/pcsx2"",""sha256"":""98892d6ad60a9ebc3a5c242ab2278dd939eb8dd7e66c13dc8544ae01732b2fa8""}"
7eadfe7f414e153269c93208,Disable Shader Cache,Inaktivera shadercache,PCSX2,crowdin-current-ui-batch23-20260920,"GraphicsAdvancedSettingsTab
../Settings/GraphicsAdvancedSettingsTab.ui:318",,project-context,a2e0ad25832a09b8611daa9b,reviewed-receipt,https://github.com/yeager/translations/blob/67e6d27877c9cfd6b6dbc74bd852b10bdbe09c3c/PCSX2/crowdin-current-ui-batch23-20260920.json,94825b8000dc084475f7ee18208d828359829f994a9e4d0dfc9ec3c3d325f60e,"{""artifact"":""https://crowdin.com/project/pcsx2"",""sha256"":""a3569914cd9ce3064d45509f56ed89a37869773ae3f574540230cdcbb3d91c73""}"
7eb525da73effad0c0fc6568,Save Frame Range Count,Antal bildrutor i intervall,PCSX2,crowdin-current-ui-batch4-20260920,"DebugSettingsWidget
../Settings/DebugSettingsWidget.cpp:156",,project-context,bf7cc74fb9e8ff16f34fd1e2,reviewed-receipt,https://github.com/yeager/translations/blob/67e6d27877c9cfd6b6dbc74bd852b10bdbe09c3c/PCSX2/crowdin-current-ui-batch4-20260920.json,ba9e5644897861c8a18b34f41eeec20168b3176a59ad05fabbf37a183fc525c8,"{""artifact"":""https://crowdin.com/project/pcsx2"",""sha256"":""d47100dc76d06314c95698c05f955790e398e0be70b4307b5ecdd122b1ef30bd""}"
7ecad15d0d936fe604ec5f12,Top Left,Uppe till vänster,PCSX2,crowdin-current-ui-batch17-20260920,"AchievementSettingsWidget
../Settings/AchievementSettingsWidget.ui:334
../Settings/AchievementSettingsWidget.cpp:71",,project-context,274fef7cda55578d9c0a718c,reviewed-receipt,https://github.com/yeager/translations/blob/67e6d27877c9cfd6b6dbc74bd852b10bdbe09c3c/PCSX2/crowdin-current-ui-batch17-20260920.json,c3e8ec58262cb9ca378f79dea9c4f1baee0c939d134bdeccfba91a46dd70eaae,"{""artifact"":""https://crowdin.com/project/pcsx2"",""sha256"":""9c8858fdacdfd711dd3c6f00b978e2783a7bf6de9fbc273f9aaece0abff61dfa""}"
7f369da0caab6ac14454040d,Use Save State Selector,Använd sparlägesväljare,PCSX2,Crowdin UI,,"Granskad filleverans. Endast färdiga, aktiva översättningar tas med; detta är inte ett påstående om separat registrerat radbeslut för varje oförändrad post.",project-context,cc8f906bd22cc557aa86dd1a,reviewed-file-delivery,https://crowdin.com/project/pcsx2,c5f591f1edc9553e40265bc0be0fe67c8e4252c052a1cf8ecfb524489a5aff60,{}
7f5e406f316daab6c153ee16,No type name provided.,Inget typnamn angivet.,PCSX2,crowdin-current-ui-batch17-20260920,"TypeString
../Debugger/SymbolTree/TypeString.cpp:54",Publiceringsförsöket nekades enligt det äldre kvittot; texten är ett lokalt granskningsförslag.,project-context,5d8ca73910e95e2063536c66,reviewed-local,https://github.com/yeager/translations/blob/67e6d27877c9cfd6b6dbc74bd852b10bdbe09c3c/PCSX2/crowdin-current-ui-batch17-20260920.json,c3e8ec58262cb9ca378f79dea9c4f1baee0c939d134bdeccfba91a46dd70eaae,"{""artifact"":""https://crowdin.com/project/pcsx2"",""sha256"":""66a7fbc93666a1486e367a2ec03f41dbe376ba1237316a7a34d3d5837f268d6b""}"
7fba0fd5f2e1e6533ca21b20,Video Captures Directory,Katalog för videoinspelningar,PCSX2,crowdin-current-ui-batch4-20260920,"FolderSettingsWidget
../Settings/FolderSettingsWidget.cpp:37",,project-context,dbe3e88c80469dd9e4d64dc1,reviewed-receipt,https://github.com/yeager/translations/blob/67e6d27877c9cfd6b6dbc74bd852b10bdbe09c3c/PCSX2/crowdin-current-ui-batch4-20260920.json,ba9e5644897861c8a18b34f41eeec20168b3176a59ad05fabbf37a183fc525c8,"{""artifact"":""https://crowdin.com/project/pcsx2"",""sha256"":""4a5583ed674a1f58e6d0617694a6c0d3e59cd751559b1c3a9674224c4e738937""}"
7fbf0236e3e2654927a4e684,Search Directory,Sökkatalog,PCSX2,crowdin-current-ui-batch27-20260920,"GraphicsTextureReplacementSettingsTab
../Settings/GraphicsTextureReplacementSettingsTab.ui:71",Publiceringsförsöket nekades enligt det äldre kvittot; texten är ett lokalt granskningsförslag.,project-context,8eec182f269e1204c6ecfffd,reviewed-local,https://github.com/yeager/translations/blob/67e6d27877c9cfd6b6dbc74bd852b10bdbe09c3c/PCSX2/crowdin-current-ui-batch27-20260920.json,daf14a4c22835aeb84f9a6f6d33a6c69ac188b84259e32a73fa4a47caa65dc63,"{""artifact"":""https://crowdin.com/project/pcsx2"",""sha256"":""22b9b3c13dd5b35210a7c2ef709973883a2342748a9835e92d0ddf8a90c7a686""}"
805e27c729ebabfd373f1eb9,Enable Encore Mode,Aktivera encoreläge,PCSX2,Crowdin UI,,"Granskad filleverans. Endast färdiga, aktiva översättningar tas med; detta är inte ett påstående om separat registrerat radbeslut för varje oförändrad post.",project-context,b1b8e2771c9a7544e5c7ba99,reviewed-file-delivery,https://crowdin.com/project/pcsx2,c5f591f1edc9553e40265bc0be0fe67c8e4252c052a1cf8ecfb524489a5aff60,{}
806e48fbf0e41b3d389e24f4,25x Native (~9000px),25× inbyggd (~9000 px),PCSX2,Crowdin UI,,"Granskad filleverans. Endast färdiga, aktiva översättningar tas med; detta är inte ett påstående om separat registrerat radbeslut för varje oförändrad post.",project-context,2956a6f707f2fc189d12650b,reviewed-file-delivery,https://crowdin.com/project/pcsx2,c5f591f1edc9553e40265bc0be0fe67c8e4252c052a1cf8ecfb524489a5aff60,{}
8109747c8478be9ab528c9f9,Hotkeys,Kortkommandon,PCSX2,crowdin-current-ui-batch30-20260920,"MainWindow
In Toolbar
../MainWindow.ui:471",,project-context,860b52c27da068d7559bbba0,reviewed-receipt,https://github.com/yeager/translations/blob/67e6d27877c9cfd6b6dbc74bd852b10bdbe09c3c/PCSX2/crowdin-current-ui-batch30-20260920.json,d4af30d773c2d445fd558ede29e0c75536433129a2aa3de962c902c53c53d27e,"{""artifact"":""https://crowdin.com/project/pcsx2"",""sha256"":""ae7f18a1fdefa900ca07eb60b386f20660453ed2f217dedc58cb75da5fc48972""}"
8127f311bfac9c55e31d281c,--- Separator ---,--- Avgränsare ---,PCSX2,crowdin-current-ui-batch9-20260920,"ToolbarCustomizationDialog
../ToolbarCustomizationDialog.cpp:62
../ToolbarCustomizationDialog.cpp:171",Publiceringsförsöket nekades enligt det äldre kvittot; texten är ett lokalt granskningsförslag.,project-context,ae31f222d7503301d10913b5,reviewed-local,https://github.com/yeager/translations/blob/67e6d27877c9cfd6b6dbc74bd852b10bdbe09c3c/PCSX2/crowdin-current-ui-batch9-20260920.json,134204bdde884be3c2722090609773e05cd73b495e902e6f39659aa156be0139,"{""artifact"":""https://crowdin.com/project/pcsx2"",""sha256"":""5c82ba16e0246c5ee2c53beb8f1589585c7a3868b304d31e0f5b3eab794e6892""}"
81376c09c2f09f938dfa37d5,Deselect All,Avmarkera alla,PCSX2,crowdin-current-ui-batch53-20260920,"OSDSettingsWidget
../Settings/OSDSettingsWidget.ui:304",Publiceringsförsöket nekades enligt det äldre kvittot; texten är ett lokalt granskningsförslag.,project-context,3882843e67b0d3e0587fdd5c,reviewed-local,https://github.com/yeager/translations/blob/67e6d27877c9cfd6b6dbc74bd852b10bdbe09c3c/PCSX2/crowdin-current-ui-batch53-20260920.json,cf9e3a076b0a7a4c9da64198f8216ad33f840f37229f480c53c816b8096dd673,"{""artifact"":""https://crowdin.com/project/pcsx2"",""sha256"":""57e438c1718d331d33e1ec623081c7d0072e0853e3471f904f0c54019009bd71""}"
8140da63498f0a43705940b7,Use Debug Device,Använd felsökningsenhet,PCSX2,crowdin-current-ui-batch23-20260920,"GraphicsAdvancedSettingsTab
../Settings/GraphicsAdvancedSettingsTab.ui:332",Publiceringsförsöket nekades enligt det äldre kvittot; texten är ett lokalt granskningsförslag.,project-context,806bf85c43a763e5c2849fa5,reviewed-local,https://github.com/yeager/translations/blob/67e6d27877c9cfd6b6dbc74bd852b10bdbe09c3c/PCSX2/crowdin-current-ui-batch23-20260920.json,94825b8000dc084475f7ee18208d828359829f994a9e4d0dfc9ec3c3d325f60e,"{""artifact"":""https://crowdin.com/project/pcsx2"",""sha256"":""74e41a85a3a734596fce100109fea24476ece46b784cd28b436f79bb5f679595""}"
81684a984d45e22de446452d,Failed to initialize DEV9.,Det gick inte att initiera DEV9.,PCSX2,crowdin-current-ui-batch45-20260920,"VMManager
../../pcsx2/VMManager.cpp:1595",,project-context,3449f67e177b5100c282a58d,reviewed-receipt,https://github.com/yeager/translations/blob/67e6d27877c9cfd6b6dbc74bd852b10bdbe09c3c/PCSX2/crowdin-current-ui-batch45-20260920.json,4c2583095ac82af7cbd5d2e9b388582811e469f82c52448518b800a7bc23bdc8,"{""artifact"":""https://crowdin.com/project/pcsx2"",""sha256"":""20003c4236b8176e11d941e3bbd6316120d34b59525d82aab598da30cb664ef4""}"
81829a95ab47851c6c0a50ce,Enable Game Fixes,Aktivera spelkorrigeringar,PCSX2,Crowdin UI,,"Granskad filleverans. Endast färdiga, aktiva översättningar tas med; detta är inte ett påstående om separat registrerat radbeslut för varje oförändrad post.",project-context,e56dce7527454ba26f274387,reviewed-file-delivery,https://crowdin.com/project/pcsx2,c5f591f1edc9553e40265bc0be0fe67c8e4252c052a1cf8ecfb524489a5aff60,{}
81bafcd4454454125b508660,Select File,Välj fil,PCSX2,crowdin-current-ui-batch1-20260920,"FullscreenUI
../../pcsx2/ImGui/FullscreenUI_Settings.cpp:6990",Publiceringsförsöket nekades enligt det äldre kvittot; texten är ett lokalt granskningsförslag.,project-context,a882063b142923e33a17636c,reviewed-local,https://github.com/yeager/translations/blob/67e6d27877c9cfd6b6dbc74bd852b10bdbe09c3c/PCSX2/crowdin-current-ui-batch1-20260920.json,fbacbf8b449e630f42dbc651e3eb3d61f650cd4cb6d478d350f9a55ce6b87962,"{""artifact"":""https://crowdin.com/project/pcsx2"",""sha256"":""374dba658521e9932ab68e59406f6dd6f0fc48d46ab372034f8c26135ea3e0e4""}"
81c8ba74ecbc329a6c4ca711,FPS: N/A,FPS: saknas,PCSX2,crowdin-current-ui-batch19-20260920,"EmuThread
../QtHost.cpp:1084",,project-context,1004ae5f45a40ba42f66ebb2,reviewed-receipt,https://github.com/yeager/translations/blob/67e6d27877c9cfd6b6dbc74bd852b10bdbe09c3c/PCSX2/crowdin-current-ui-batch19-20260920.json,17ccc6616b1cef815b61276809e4efb6b66f1930c7e5c53901c22a4c000bffb9,"{""artifact"":""https://crowdin.com/project/pcsx2"",""sha256"":""586b40700ccb3ee2fd82a0f9bbfec2c3989307887d76d5c19b4baa338fca55d4""}"
820678fa5426e299510d10e4,Language,Språk,PCSX2,crowdin-current-ui-batch63-20260920,"InterfaceSettingsWidget
../Settings/InterfaceSettingsWidget.cpp:254",Publiceringsförsöket nekades enligt det äldre kvittot; texten är ett lokalt granskningsförslag.,project-context,340f6969d9e6da43a7a9b815,reviewed-local,https://github.com/yeager/translations/blob/67e6d27877c9cfd6b6dbc74bd852b10bdbe09c3c/PCSX2/crowdin-current-ui-batch63-20260920.json,08ff78cfcd818cefe89524c4604550c53e468e64909a3ca76a582c3f0c9c5540,"{""artifact"":""https://crowdin.com/project/pcsx2"",""sha256"":""3c27882d5168d98f9e196af077aa379d70a5c2045c5294160f9e6af8ab8591f5""}"
8216e78373f7186328c4677a,Unlimited,Obegränsat,PCSX2,Crowdin UI,,"Granskad filleverans. Endast färdiga, aktiva översättningar tas med; detta är inte ett påstående om separat registrerat radbeslut för varje oförändrad post.",project-context,feb2e515045e8b9fbecd7d9b,reviewed-file-delivery,https://crowdin.com/project/pcsx2,c5f591f1edc9553e40265bc0be0fe67c8e4252c052a1cf8ecfb524489a5aff60,{}
82bb0c3a623726735a1f3c72,Settings & Inputs,Inställningar och inmatning,PCSX2,Crowdin UI,,"Granskad filleverans. Endast färdiga, aktiva översättningar tas med; detta är inte ett påstående om separat registrerat radbeslut för varje oförändrad post.",project-context,378f5a1a5e0ed273d26d191a,reviewed-file-delivery,https://crowdin.com/project/pcsx2,c5f591f1edc9553e40265bc0be0fe67c8e4252c052a1cf8ecfb524489a5aff60,{}
82cc383c42404151f4875002,Open Memory Card Folder,Öppna minneskortsmapp,PCSX2,crowdin-current-ui-batch52-20260920,"MainWindow
../MainWindow.cpp:1889",,project-context,c48bc33d6e537c347819c300,reviewed-receipt,https://github.com/yeager/translations/blob/67e6d27877c9cfd6b6dbc74bd852b10bdbe09c3c/PCSX2/crowdin-current-ui-batch52-20260920.json,8cfffc76ca6e36b6b86d335ad9a92ba99954d58c53ce7d299caec541e1b3ff9b,"{""artifact"":""https://crowdin.com/project/pcsx2"",""sha256"":""55bcf2c4803ff34f6f1ce66a05ffd5cfc2f50790a0d8a2ffb327ccd7d2950f0e""}"
82d2a0f9f8fd1025809d3950,On Startup & When Enabled,Vid start och när aktiverad,PCSX2,crowdin-current-ui-batch11-20260920,"Time when a patch is applied.
Patch
../../pcsx2/Patch.cpp:1847",,project-context,6e889a15c154893809883d5a,reviewed-receipt,https://github.com/yeager/translations/blob/67e6d27877c9cfd6b6dbc74bd852b10bdbe09c3c/PCSX2/crowdin-current-ui-batch11-20260920.json,ca34a36082ac7bb7c72d20bd72c4f2da2c969dae95acc424871cf924ec9d06b4,"{""artifact"":""https://crowdin.com/project/pcsx2"",""sha256"":""6e306d94cc87255ea3db557aec893e166f70d7bc45760eff6e7e802bc3c82039""}"
82e28d75414dfae758bd80d7,Decreased,Minskad,PCSX2,crowdin-current-ui-batch55-20260920,"Hotkeys_Volume
../../pcsx2/Hotkeys.cpp:66",Publiceringsförsöket nekades enligt det äldre kvittot; texten är ett lokalt granskningsförslag.,project-context,736cefde452e2041e200fae4,reviewed-local,https://github.com/yeager/translations/blob/67e6d27877c9cfd6b6dbc74bd852b10bdbe09c3c/PCSX2/crowdin-current-ui-batch55-20260920.json,eef7fecf9007fb67b7321b88ecfd43d8a1e78e3c19d6b14ffe23010d7cdbe6b1,"{""artifact"":""https://crowdin.com/project/pcsx2"",""sha256"":""2fcf7ca63ae804e0ae568c9129e45ba442c5fb1e50853d1c8c80dd79f03b7362""}"
82e3f46247a73ee5984480d5,Close,Stäng,PCSX2,crowdin-current-ui-batch49-20260920,"USB
../../pcsx2/USB/usb-pad/usb-train.cpp:137",Publiceringsförsöket nekades enligt det äldre kvittot; texten är ett lokalt granskningsförslag.,project-context,698fa339be3e8501c5be08c4,reviewed-local,https://github.com/yeager/translations/blob/67e6d27877c9cfd6b6dbc74bd852b10bdbe09c3c/PCSX2/crowdin-current-ui-batch49-20260920.json,3e907fbc31b1fdfcccfc47d4a6a49ad2bfe6eb9414cebf6471f974279c345287,"{""artifact"":""https://crowdin.com/project/pcsx2"",""sha256"":""d2b3b29f964011822e4c0f416744361d8c7975d1770ef71f5b369dd948550916""}"
835abb93f9941df8f97dc9e4,Show Cheats For All CRCs,Visa fusk för alla CRC:er,PCSX2,crowdin-current-ui-batch57-20260920,"FullscreenUI
../../pcsx2/ImGui/FullscreenUI_Settings.cpp:7074",,project-context,46c5de24cb6782379415ace0,reviewed-receipt,https://github.com/yeager/translations/blob/67e6d27877c9cfd6b6dbc74bd852b10bdbe09c3c/PCSX2/crowdin-current-ui-batch57-20260920.json,5c871fa681fe60ac837787f04a021e0897b135316665fb1695de5041b8a5e637,"{""artifact"":""https://crowdin.com/project/pcsx2"",""sha256"":""dabc5b82580099b9c712edbd57a19aa11c7489b4e09d03f804a0c0ef7f2ebcf3""}"
83de11178f314687b3adc468,OSD Scale:,OSD-skala:,PCSX2,crowdin-current-ui-batch52-20260920,"OSDSettingsWidget
../Settings/OSDSettingsWidget.ui:26",Publiceringsförsöket nekades enligt det äldre kvittot; texten är ett lokalt granskningsförslag.,project-context,5f5f3243892ffe83928eb2c5,reviewed-local,https://github.com/yeager/translations/blob/67e6d27877c9cfd6b6dbc74bd852b10bdbe09c3c/PCSX2/crowdin-current-ui-batch52-20260920.json,8cfffc76ca6e36b6b86d335ad9a92ba99954d58c53ce7d299caec541e1b3ff9b,"{""artifact"":""https://crowdin.com/project/pcsx2"",""sha256"":""4457fc28ba4f907ce98eba984a2334de75677a7f528e902caa0be1ecdc056cbe""}"
83dfd8610ed42b16bc96cb92,Prompt On State Load/Save Failure,Fråga vid fel när tillstånd läses in eller sparas,PCSX2,Crowdin UI,,"Granskad filleverans. Endast färdiga, aktiva översättningar tas med; detta är inte ett påstående om separat registrerat radbeslut för varje oförändrad post.",project-context,2b86dc30a00a96d772545f51,reviewed-file-delivery,https://crowdin.com/project/pcsx2,c5f591f1edc9553e40265bc0be0fe67c8e4252c052a1cf8ecfb524489a5aff60,{}
83f7a552c6c70e691e802f9f,Minimum,Minsta,PCSX2,crowdin-current-ui-batch55-20260920,"Hotkeys_Volume
../../pcsx2/Hotkeys.cpp:71",,project-context,36bbbab2dd68c37c4efbbea2,reviewed-receipt,https://github.com/yeager/translations/blob/67e6d27877c9cfd6b6dbc74bd852b10bdbe09c3c/PCSX2/crowdin-current-ui-batch55-20260920.json,eef7fecf9007fb67b7321b88ecfd43d8a1e78e3c19d6b14ffe23010d7cdbe6b1,"{""artifact"":""https://crowdin.com/project/pcsx2"",""sha256"":""31f53b1af71554e8fef23897177a58e32a7a922da4e9fc4d0689ded32ae88d01""}"
8430144615b275331d4166ff,Top Right,Uppe till höger,PCSX2,crowdin-current-ui-batch18-20260920,"FullscreenUI
../../pcsx2/ImGui/FullscreenUI_Settings.cpp:5033
../../pcsx2/ImGui/FullscreenUI_Settings.cpp:6717",,project-context,3a6a27dd50cf185d779bc2cd,reviewed-receipt,https://github.com/yeager/translations/blob/67e6d27877c9cfd6b6dbc74bd852b10bdbe09c3c/PCSX2/crowdin-current-ui-batch18-20260920.json,d0045488eb1eee4246057f420111c6313a5a756b798114b9e4b249ca38af16a7,"{""artifact"":""https://crowdin.com/project/pcsx2"",""sha256"":""dd073c90ded683bd9e392b926e59514f86691f9b5ba6341985d8ce509a670b62""}"
844a55ef172b9f3cc0ad2c2b,Center,Centrera,PCSX2,crowdin-current-ui-batch40-20260920,"InterfaceSettingsWidget
../Settings/InterfaceSettingsWidget.ui:312",Publiceringsförsöket nekades enligt det äldre kvittot; texten är ett lokalt granskningsförslag.,project-context,769a1a5e6306650f1deac09a,reviewed-local,https://github.com/yeager/translations/blob/67e6d27877c9cfd6b6dbc74bd852b10bdbe09c3c/PCSX2/crowdin-current-ui-batch40-20260920.json,10eda59b167a547e47b04d1ef5226a52229dce7efa17d02a4fe94908fb96ed03,"{""artifact"":""https://crowdin.com/project/pcsx2"",""sha256"":""089c45994068c7916da5e76ef13a68dfa9f457f7dee42891896633f0a10260cf""}"
844c097d2343aad297f0d83d,Failed to initialize FW.,Det gick inte att initiera FW.,PCSX2,crowdin-current-ui-batch10-20260920,"VMManager
../../pcsx2/VMManager.cpp:1614",,project-context,370f7727561192cf6557d029,reviewed-receipt,https://github.com/yeager/translations/blob/67e6d27877c9cfd6b6dbc74bd852b10bdbe09c3c/PCSX2/crowdin-current-ui-batch10-20260920.json,3c14ee97d43ded3046a999eef4784f22e73a1576e3b07915345f50e5fc2d9296,"{""artifact"":""https://crowdin.com/project/pcsx2"",""sha256"":""c860302af7da1063e3b7434d8154158c7bfd637accf60a74742926d0469725b1""}"
845c0f421554f280bc50814a,Invalid array subscript.,Ogiltigt index i matris.,PCSX2,crowdin-current-ui-batch17-20260920,"TypeString
../Debugger/SymbolTree/TypeString.cpp:41",,project-context,03b42047aa7d72c4710b3536,reviewed-receipt,https://github.com/yeager/translations/blob/67e6d27877c9cfd6b6dbc74bd852b10bdbe09c3c/PCSX2/crowdin-current-ui-batch17-20260920.json,c3e8ec58262cb9ca378f79dea9c4f1baee0c939d134bdeccfba91a46dd70eaae,"{""artifact"":""https://crowdin.com/project/pcsx2"",""sha256"":""65f10a5b185750f9b53c42901b57ad51b19ede6b052da1d16605ee461fc1f4d7""}"
84a74aa6f0f980a5cd45e5e2,Adjusts gamma. 50 is normal.,Justerar gamma. 50 är normalt.,PCSX2,crowdin-current-ui-batch15-20260920,"FullscreenUI
../../pcsx2/ImGui/FullscreenUI_Settings.cpp:6253",Publiceringsförsöket nekades enligt det äldre kvittot; texten är ett lokalt granskningsförslag.,project-context,94745ae1b4469f5fc1f06ca0,reviewed-local,https://github.com/yeager/translations/blob/67e6d27877c9cfd6b6dbc74bd852b10bdbe09c3c/PCSX2/crowdin-current-ui-batch15-20260920.json,9b2ebc5e4b008f5a05b2c32d2825bc90cde350d6c271bc9dbc7a0033312db467,"{""artifact"":""https://crowdin.com/project/pcsx2"",""sha256"":""77082b820b5ea5675bf8b5b2fd09622edc68bebf02619e2554132510830aa6bf""}"
850f56211bde6b28b1809ecf,Navigation,Navigering,PCSX2,Crowdin UI,,"Granskad filleverans. Endast färdiga, aktiva översättningar tas med; detta är inte ett påstående om separat registrerat radbeslut för varje oförändrad post.",project-context,ad7368811275f029b86acf47,reviewed-file-delivery,https://crowdin.com/project/pcsx2,c5f591f1edc9553e40265bc0be0fe67c8e4252c052a1cf8ecfb524489a5aff60,{}
8520be92139cfef9bb0aeb8f,Video Capture Height,Höjd för videoinspelning,PCSX2,crowdin-current-ui-batch8-20260920,"FullscreenUI
../../pcsx2/ImGui/FullscreenUI_Settings.cpp:6890",,project-context,c583892fbdb337b197529576,reviewed-receipt,https://github.com/yeager/translations/blob/67e6d27877c9cfd6b6dbc74bd852b10bdbe09c3c/PCSX2/crowdin-current-ui-batch8-20260920.json,6d671a2f5891b45d5687714706665353e2ac62d51b8d507209b9c6fd5769ca1f,"{""artifact"":""https://crowdin.com/project/pcsx2"",""sha256"":""28661c67a14e4439a54955a482df82877296f76f1be7c9eff7679b9259bebb1e""}"
852cf46b5498a95039e01960,22x Native (~7920px),22× inbyggd (~7920 px),PCSX2,crowdin-current-ui-batch50-20260920,"FullscreenUI
../../pcsx2/ImGui/FullscreenUI_Settings.cpp:6625",,project-context,db05f3c8242de3d3e7b21e09,reviewed-receipt,https://github.com/yeager/translations/blob/67e6d27877c9cfd6b6dbc74bd852b10bdbe09c3c/PCSX2/crowdin-current-ui-batch50-20260920.json,526c37bda266096897ffc29f6d90f1526ccd117934fef6462d4629b30c159187,"{""artifact"":""https://crowdin.com/project/pcsx2"",""sha256"":""c340edb71412f890fc8f9422ede2a0128edf9d4a5ecce0241c19f0d3151ca046""}"
85568398161c629f209a5e2a,Background Mode,Bakgrundsläge,PCSX2,crowdin-current-ui-batch39-20260920,"FullscreenUI
../../pcsx2/ImGui/FullscreenUI_Settings.cpp:6764",Publiceringsförsöket nekades enligt det äldre kvittot; texten är ett lokalt granskningsförslag.,project-context,f6f89b74714bd6ed4ab5f112,reviewed-local,https://github.com/yeager/translations/blob/67e6d27877c9cfd6b6dbc74bd852b10bdbe09c3c/PCSX2/crowdin-current-ui-batch39-20260920.json,5c31066ac744caaf0e034e89a654668452aa4f43ce104f24b8fc652c23dbfa86,"{""artifact"":""https://crowdin.com/project/pcsx2"",""sha256"":""7b32090cf5e3b852b972c6fa6cadf9476ff8ac7f2390cc0fca7620ded0afbc78""}"
859b53567f0f81987b9f7627,Save HW Config,Spara HW-konfiguration,PCSX2,Crowdin UI,,"Granskad filleverans. Endast färdiga, aktiva översättningar tas med; detta är inte ett påstående om separat registrerat radbeslut för varje oförändrad post.",project-context,91b7d1e6aae9a8dc5c633363,reviewed-file-delivery,https://crowdin.com/project/pcsx2,c5f591f1edc9553e40265bc0be0fe67c8e4252c052a1cf8ecfb524489a5aff60,{}
8648607a18ff69cc4aae1022,Used for storing video recordings.,Används för att lagra videoinspelningar.,PCSX2,crowdin-current-ui-batch1-20260920,"FolderSettingsWidget
../Settings/FolderSettingsWidget.ui:277",Publiceringsförsöket nekades enligt det äldre kvittot; texten är ett lokalt granskningsförslag.,project-context,a4b1bbca0f049b6bc49b9692,reviewed-local,https://github.com/yeager/translations/blob/67e6d27877c9cfd6b6dbc74bd852b10bdbe09c3c/PCSX2/crowdin-current-ui-batch1-20260920.json,fbacbf8b449e630f42dbc651e3eb3d61f650cd4cb6d478d350f9a55ce6b87962,"{""artifact"":""https://crowdin.com/project/pcsx2"",""sha256"":""3f8224646f80e9de8fc198ad813e3cfc04c86d845ef8faaaa57c4211b80c5dd4""}"
86d4a469944d5b1bc28b8c2c,Internal Resolution (Aspect Corrected),Intern upplösning (korrigerat bildförhållande),PCSX2,crowdin-current-ui-batch10-20260920,"FullscreenUI
../../pcsx2/ImGui/FullscreenUI_Settings.cpp:6660",,project-context,9ebb24fd18dcab72f07d9908,reviewed-receipt,https://github.com/yeager/translations/blob/67e6d27877c9cfd6b6dbc74bd852b10bdbe09c3c/PCSX2/crowdin-current-ui-batch10-20260920.json,3c14ee97d43ded3046a999eef4784f22e73a1576e3b07915345f50e5fc2d9296,"{""artifact"":""https://crowdin.com/project/pcsx2"",""sha256"":""7e05586495adcb27824a00eb08c326e66d245425c1635b72ca3e3515494d96cb""}"
8707ebdeb146569fb19c96b6,No file selected.,Ingen fil vald.,PCSX2,crowdin-current-ui-batch1-20260920,"FullscreenUI
../../pcsx2/ImGui/FullscreenUI_Settings.cpp:6080",Publiceringsförsöket nekades enligt det äldre kvittot; texten är ett lokalt granskningsförslag.,project-context,518be62baa1882b7911d37a0,reviewed-local,https://github.com/yeager/translations/blob/67e6d27877c9cfd6b6dbc74bd852b10bdbe09c3c/PCSX2/crowdin-current-ui-batch1-20260920.json,fbacbf8b449e630f42dbc651e3eb3d61f650cd4cb6d478d350f9a55ce6b87962,"{""artifact"":""https://crowdin.com/project/pcsx2"",""sha256"":""257d2beda097eefe917e022a88fdecfa0f88eea40848500c8e6539f0603adba3""}"
874e9a5cac7525b9578d051c,Add,Lägg till,PCSX2,crowdin-current-ui-batch9-20260920,"ToolbarCustomizationDialog
../ToolbarCustomizationDialog.ui:68",Publiceringsförsöket nekades enligt det äldre kvittot; texten är ett lokalt granskningsförslag.,project-context,c234713ad0a2dac4a49a377e,reviewed-local,https://github.com/yeager/translations/blob/67e6d27877c9cfd6b6dbc74bd852b10bdbe09c3c/PCSX2/crowdin-current-ui-batch9-20260920.json,134204bdde884be3c2722090609773e05cd73b495e902e6f39659aa156be0139,"{""artifact"":""https://crowdin.com/project/pcsx2"",""sha256"":""5490a7b1fa6677e3ba25364c51dbf97bddc86aaa0ab15474e8676dc3a131788f""}"
875b4455221f5cadfaf75c67,Top Right,Överst till höger,PCSX2,crowdin-current-ui-batch53-20260920,"OSDSettingsWidget
../Settings/OSDSettingsWidget.ui:110",Publiceringsförsöket nekades enligt det äldre kvittot; texten är ett lokalt granskningsförslag.,project-context,fb9c32ffdfe087ccda6a56e6,reviewed-local,https://github.com/yeager/translations/blob/67e6d27877c9cfd6b6dbc74bd852b10bdbe09c3c/PCSX2/crowdin-current-ui-batch53-20260920.json,cf9e3a076b0a7a4c9da64198f8216ad33f840f37229f480c53c816b8096dd673,"{""artifact"":""https://crowdin.com/project/pcsx2"",""sha256"":""49aab8fc3a8465fc5e97a6f86efbdab66a9afcf23a9da4e4989def050729fb0d""}"
876b5f70347d8cf4e3158c0e,Framebuffer Conversion,Konvertering av rambuffert,PCSX2,Crowdin UI,,"Granskad filleverans. Endast färdiga, aktiva översättningar tas med; detta är inte ett påstående om separat registrerat radbeslut för varje oförändrad post.",project-context,f6866b2f5b1d91530dfb3b6f,reviewed-file-delivery,https://crowdin.com/project/pcsx2,c5f591f1edc9553e40265bc0be0fe67c8e4252c052a1cf8ecfb524489a5aff60,{}
88086d4b348d55e4b7a42431,Top Left,Uppe till vänster,PCSX2,crowdin-current-ui-batch18-20260920,"FullscreenUI
../../pcsx2/ImGui/FullscreenUI_Settings.cpp:5031
../../pcsx2/ImGui/FullscreenUI_Settings.cpp:6715",,project-context,dc3fe69817639973b91c81c3,reviewed-receipt,https://github.com/yeager/translations/blob/67e6d27877c9cfd6b6dbc74bd852b10bdbe09c3c/PCSX2/crowdin-current-ui-batch18-20260920.json,d0045488eb1eee4246057f420111c6313a5a756b798114b9e4b249ca38af16a7,"{""artifact"":""https://crowdin.com/project/pcsx2"",""sha256"":""a1741b0b1424ff3b7b1268800e38f40578a2e63970ac5ae615ae489c37c24bd8""}"
883002ebeed8b22daf6416e2,Leaderboard Sound Path,Sökväg till topplisteljud,PCSX2,Crowdin UI,,"Granskad filleverans. Endast färdiga, aktiva översättningar tas med; detta är inte ett påstående om separat registrerat radbeslut för varje oförändrad post.",project-context,22fff11aaf95b1049d9b1162,reviewed-file-delivery,https://crowdin.com/project/pcsx2,c5f591f1edc9553e40265bc0be0fe67c8e4252c052a1cf8ecfb524489a5aff60,{}
8861c51afabe382fc3c57061,Default Sound Effect,Standardljudeffekt,PCSX2,Crowdin UI,,"Granskad filleverans. Endast färdiga, aktiva översättningar tas med; detta är inte ett påstående om separat registrerat radbeslut för varje oförändrad post.",project-context,38a19a443f0ca3985e3356ca,reviewed-file-delivery,https://crowdin.com/project/pcsx2,c5f591f1edc9553e40265bc0be0fe67c8e4252c052a1cf8ecfb524489a5aff60,{}
886c4ea570908b6477259430,Month,Månad,PCSX2,Crowdin UI,,"Granskad filleverans. Endast färdiga, aktiva översättningar tas med; detta är inte ett påstående om separat registrerat radbeslut för varje oförändrad post.",project-context,a5c5eeebb1e62ba9b5eb9cb1,reviewed-file-delivery,https://crowdin.com/project/pcsx2,c5f591f1edc9553e40265bc0be0fe67c8e4252c052a1cf8ecfb524489a5aff60,{}
88805fbfb1107dd541211cd4,Missable,Kan missas,PCSX2,Crowdin UI,,"Granskad filleverans. Endast färdiga, aktiva översättningar tas med; detta är inte ett påstående om separat registrerat radbeslut för varje oförändrad post.",project-context,23abecf32de6eceb34ff7817,reviewed-file-delivery,https://crowdin.com/project/pcsx2,c5f591f1edc9553e40265bc0be0fe67c8e4252c052a1cf8ecfb524489a5aff60,{}
88c37647c20a474befde0f2c,Notification Position,Aviseringsposition,PCSX2,crowdin-current-ui-batch18-20260920,"FullscreenUI
../../pcsx2/ImGui/FullscreenUI_Settings.cpp:6984",,project-context,ba581b52b18fd6a505016b02,reviewed-receipt,https://github.com/yeager/translations/blob/67e6d27877c9cfd6b6dbc74bd852b10bdbe09c3c/PCSX2/crowdin-current-ui-batch18-20260920.json,d0045488eb1eee4246057f420111c6313a5a756b798114b9e4b249ca38af16a7,"{""artifact"":""https://crowdin.com/project/pcsx2"",""sha256"":""f71e1d25d36fe0215512801bfd346b519c5ea1efdde4389d659c45908167fe62""}"
88d5e4798341840cdb29a82d,Native Scaling,Inbyggd skalning,PCSX2,crowdin-current-ui-batch62-20260920,"GraphicsSettingsWidget
../Settings/GraphicsSettingsWidget.cpp:682",,project-context,b07a4618cde120ee0fd5ebfe,reviewed-receipt,https://github.com/yeager/translations/blob/67e6d27877c9cfd6b6dbc74bd852b10bdbe09c3c/PCSX2/crowdin-current-ui-batch62-20260920.json,6f455bab497aab5f47fecf4d901525cee3a927cec35cd4f2f0dc82942d40dace,"{""artifact"":""https://crowdin.com/project/pcsx2"",""sha256"":""48287fad57ff49269c609b3efaa661f36cc9dac021aaaf49550dd38f355f02b9""}"
88dfebd02b4525487dc9ac10,Rename Memory Card,Byt namn på minneskort,PCSX2,crowdin-current-ui-batch9-20260920,"MemoryCardSettingsWidget
../Settings/MemoryCardSettingsWidget.cpp:248
../Settings/MemoryCardSettingsWidget.cpp:255
../Settings/MemoryCardSettingsWidget.cpp:262
../Settings/MemoryCardSettingsWidget.cpp:269",,project-context,596b3fbfa41447ac324843ca,reviewed-receipt,https://github.com/yeager/translations/blob/67e6d27877c9cfd6b6dbc74bd852b10bdbe09c3c/PCSX2/crowdin-current-ui-batch9-20260920.json,134204bdde884be3c2722090609773e05cd73b495e902e6f39659aa156be0139,"{""artifact"":""https://crowdin.com/project/pcsx2"",""sha256"":""23de9cc968f942d08095fd5236e81c61329127ccf4a2acfe8745c840c2281963""}"
8902811c151937806a2e052e,Auto Flush:,Automatisk tömning:,PCSX2,crowdin-current-ui-batch13-20260920,"GraphicsHardwareFixesSettingsTab
../Settings/GraphicsHardwareFixesSettingsTab.ui:154",,project-context,117f00b77f4693fcacece9eb,reviewed-receipt,https://github.com/yeager/translations/blob/67e6d27877c9cfd6b6dbc74bd852b10bdbe09c3c/PCSX2/crowdin-current-ui-batch13-20260920.json,623ec591b5fcb41c8d897353bf192b4285c0b8b4a6be7d0f716afe784de07e1d,"{""artifact"":""https://crowdin.com/project/pcsx2"",""sha256"":""96eec19a422881220681a183371753a6674b351a4f58f8c32c782aeaf721e9bf""}"
89aa83a51b15e157842ed24e,Limit Depth to 24 Bits,Begränsa djupet till 24 bitar,PCSX2,Crowdin UI,,"Granskad filleverans. Endast färdiga, aktiva översättningar tas med; detta är inte ett påstående om separat registrerat radbeslut för varje oförändrad post.",project-context,80e0c538342475cdd9c77621,reviewed-file-delivery,https://crowdin.com/project/pcsx2,c5f591f1edc9553e40265bc0be0fe67c8e4252c052a1cf8ecfb524489a5aff60,{}
89ad0f79dc72375089cf96f7,Graphics API,Grafik-API,PCSX2,crowdin-current-ui-batch30-20260920,"FullscreenUI
../../pcsx2/ImGui/FullscreenUI_Settings.cpp:6173",Publiceringsförsöket nekades enligt det äldre kvittot; texten är ett lokalt granskningsförslag.,project-context,52e5310602925c037db772fa,reviewed-local,https://github.com/yeager/translations/blob/67e6d27877c9cfd6b6dbc74bd852b10bdbe09c3c/PCSX2/crowdin-current-ui-batch30-20260920.json,d4af30d773c2d445fd558ede29e0c75536433129a2aa3de962c902c53c53d27e,"{""artifact"":""https://crowdin.com/project/pcsx2"",""sha256"":""8ae96f3f4196b5f26d58308b9c8e7cff9210fe0e459b6cade75baa184cfde24e""}"
89f6081766837940040c4e44,Show Status Indicators,Visa statusindikatorer,PCSX2,crowdin-current-ui-batch53-20260920,"OSDSettingsWidget
../Settings/OSDSettingsWidget.ui:435
../Settings/OSDSettingsWidget.cpp:125",Publiceringsförsöket nekades enligt det äldre kvittot; texten är ett lokalt granskningsförslag.,project-context,f0d52d98c98443bde2fb1913,reviewed-local,https://github.com/yeager/translations/blob/67e6d27877c9cfd6b6dbc74bd852b10bdbe09c3c/PCSX2/crowdin-current-ui-batch53-20260920.json,cf9e3a076b0a7a4c9da64198f8216ad33f840f37229f480c53c816b8096dd673,"{""artifact"":""https://crowdin.com/project/pcsx2"",""sha256"":""49f0976b55bfb4ab6ea62a9a094acb40d1371fae15fdc539c4f36a91d6667056""}"
8a1bad93dd3be08a466725c0,Renderer,Renderare,PCSX2,crowdin-current-ui-batch6-20260920,"GraphicsSettingsWidget
../Settings/GraphicsSettingsWidget.cpp:416",,project-context,18250bde784e23fdeb0fd055,reviewed-receipt,https://github.com/yeager/translations/blob/67e6d27877c9cfd6b6dbc74bd852b10bdbe09c3c/PCSX2/crowdin-current-ui-batch6-20260920.json,eb7ae206e0c74bdc70f0bf3439bd87f935bfd8ae85feb90ab9f43919304a6c09,"{""artifact"":""https://crowdin.com/project/pcsx2"",""sha256"":""46b07ed3fd8a0543292dd69c646e490e676872594034aac1548e900c9150f6ae""}"
8a25a8d81fa8922e55675153,Bottom Right,Nere till höger,PCSX2,crowdin-current-ui-batch17-20260920,"AchievementSettingsWidget
../Settings/AchievementSettingsWidget.ui:316
../Settings/AchievementSettingsWidget.cpp:70",,project-context,a695008b168bda793509fd7f,reviewed-receipt,https://github.com/yeager/translations/blob/67e6d27877c9cfd6b6dbc74bd852b10bdbe09c3c/PCSX2/crowdin-current-ui-batch17-20260920.json,c3e8ec58262cb9ca378f79dea9c4f1baee0c939d134bdeccfba91a46dd70eaae,"{""artifact"":""https://crowdin.com/project/pcsx2"",""sha256"":""cf68c8983d6e41f85883d043afe50f1faa085fd998b144abc2c51e62bf8be5a7""}"
8a32a264f4348b1e5855bc35,NTSC Frame Rate:,Bildrutehastighet för NTSC:,PCSX2,crowdin-current-ui-batch14-20260920,"GraphicsAdvancedSettingsTab
../Settings/GraphicsAdvancedSettingsTab.ui:213",,project-context,17d5ba13ca3294f6e5200a43,reviewed-receipt,https://github.com/yeager/translations/blob/67e6d27877c9cfd6b6dbc74bd852b10bdbe09c3c/PCSX2/crowdin-current-ui-batch14-20260920.json,9f0ff248176205a3bda2eb3f8c6f8e1ab1d89f1ac984b49ef2d06f0eb6672cce,"{""artifact"":""https://crowdin.com/project/pcsx2"",""sha256"":""ff072ff41e94894b1a73abd30716b92b4f542655baa92870fd43fad83ab09a58""}"
8a385a4cf4278f2207a5aba7,Clear OSD Font Override,Rensa åsidosättning av OSD-teckensnitt,PCSX2,crowdin-current-ui-batch50-20260920,"FullscreenUI
../../pcsx2/ImGui/FullscreenUI_Settings.cpp:6916",,project-context,ca176f242c3062aa5e3be5da,reviewed-receipt,https://github.com/yeager/translations/blob/67e6d27877c9cfd6b6dbc74bd852b10bdbe09c3c/PCSX2/crowdin-current-ui-batch50-20260920.json,526c37bda266096897ffc29f6d90f1526ccd117934fef6462d4629b30c159187,"{""artifact"":""https://crowdin.com/project/pcsx2"",""sha256"":""1626362866e5a8437336eee36a653e60e8b5a45116159807ba625f2dfd5b4c4b""}"
8a3c11d4ef1284a25754f27d,File Already Exists,Filen finns redan,PCSX2,crowdin-current-ui-batch36-20260920,"FullscreenUI
../../pcsx2/ImGui/FullscreenUI_Settings.cpp:6969",Publiceringsförsöket nekades enligt det äldre kvittot; texten är ett lokalt granskningsförslag.,project-context,869811adc1e4d06439edef6e,reviewed-local,https://github.com/yeager/translations/blob/67e6d27877c9cfd6b6dbc74bd852b10bdbe09c3c/PCSX2/crowdin-current-ui-batch36-20260920.json,06685b2a6b6a0881c244315d3604555b5de0e31fa34564c53c68e8d7b263bdfe,"{""artifact"":""https://crowdin.com/project/pcsx2"",""sha256"":""71bd1a5cea37e4258f251649b686feb16305c190a87da38cf0d6f517140d6b8d""}"
8a7b929e311763785f3ad53b,capture,fånga,PCSX2,crowdin-current-ui-batch26-20260920,"GraphicsMediaCaptureSettingsTab
../Settings/GraphicsMediaCaptureSettingsTab.ui:110",,project-context,87dd8fc599629e22c0349128,reviewed-receipt,https://github.com/yeager/translations/blob/67e6d27877c9cfd6b6dbc74bd852b10bdbe09c3c/PCSX2/crowdin-current-ui-batch26-20260920.json,49be151dc9918b0d30da49c790d627c159af0560d66be018b2a4920b716f4063,"{""artifact"":""https://crowdin.com/project/pcsx2"",""sha256"":""44ae03baa07456514fc1005f626a2160c1267a28fafd7cba0a466f9d465848ed""}"
8a8a9944268647ad6338f37f,Show Speed Percentages,Visa hastighetsprocent,PCSX2,crowdin-current-ui-batch53-20260920,"OSDSettingsWidget
../Settings/OSDSettingsWidget.ui:463
../Settings/OSDSettingsWidget.cpp:104",Publiceringsförsöket nekades enligt det äldre kvittot; texten är ett lokalt granskningsförslag.,project-context,40971c03e2367173f5312701,reviewed-local,https://github.com/yeager/translations/blob/67e6d27877c9cfd6b6dbc74bd852b10bdbe09c3c/PCSX2/crowdin-current-ui-batch53-20260920.json,cf9e3a076b0a7a4c9da64198f8216ad33f840f37229f480c53c816b8096dd673,"{""artifact"":""https://crowdin.com/project/pcsx2"",""sha256"":""14ffcab64f7d67d110a2f2bfc28e3eeefe1d98dd58a51172de43624fbec92b74""}"
8ab5a4c3c79416b429dab47b,Output Device,Utdataenhet,PCSX2,crowdin-current-ui-batch60-20260920,"AudioSettingsWidget
../Settings/AudioSettingsWidget.cpp:113",Publiceringsförsöket nekades enligt det äldre kvittot; texten är ett lokalt granskningsförslag.,project-context,d8b387e0f086f205d6d8ceb5,reviewed-local,https://github.com/yeager/translations/blob/67e6d27877c9cfd6b6dbc74bd852b10bdbe09c3c/PCSX2/crowdin-current-ui-batch60-20260920.json,8c6cbd32b1310e0a049b06bc12d78c06699e0e814d471dcdf308e46e1f1388d6,"{""artifact"":""https://crowdin.com/project/pcsx2"",""sha256"":""3d94cd6374093a657b730f3d78d488a5db7295ca12e62a6206d121f44c6f8c6a""}"
8b1ea39238fb17b020e04161,Cover Downloader,Omslagshämtare,PCSX2,Crowdin UI,,"Granskad filleverans. Endast färdiga, aktiva översättningar tas med; detta är inte ett påstående om separat registrerat radbeslut för varje oförändrad post.",project-context,acd24bcaa98db7102c683f84,reviewed-file-delivery,https://crowdin.com/project/pcsx2,c5f591f1edc9553e40265bc0be0fe67c8e4252c052a1cf8ecfb524489a5aff60,{}
8b8be66e568dc02a5c9dbb87,Brightness,Ljusstyrka,PCSX2,crowdin-current-ui-batch57-20260920,"FullscreenUI
../../pcsx2/ImGui/FullscreenUI_Settings.cpp:6875",Publiceringsförsöket nekades enligt det äldre kvittot; texten är ett lokalt granskningsförslag.,project-context,ca93abe8180e33bf460f1cd0,reviewed-local,https://github.com/yeager/translations/blob/67e6d27877c9cfd6b6dbc74bd852b10bdbe09c3c/PCSX2/crowdin-current-ui-batch57-20260920.json,5c871fa681fe60ac837787f04a021e0897b135316665fb1695de5041b8a5e637,"{""artifact"":""https://crowdin.com/project/pcsx2"",""sha256"":""a94d05847eccfeaf0603ca44c10c6c45773dfad9298fad23b387954d05999f0f""}"
8b9f5639815a0baa578c1e13,Audio Bitrate,Ljudbithastighet,PCSX2,crowdin-current-ui-batch63-20260920,"FullscreenUI
../../pcsx2/ImGui/FullscreenUI_Settings.cpp:6893",Publiceringsförsöket nekades enligt det äldre kvittot; texten är ett lokalt granskningsförslag.,project-context,12aa33659b445f5037d9c3e9,reviewed-local,https://github.com/yeager/translations/blob/67e6d27877c9cfd6b6dbc74bd852b10bdbe09c3c/PCSX2/crowdin-current-ui-batch63-20260920.json,08ff78cfcd818cefe89524c4604550c53e468e64909a3ca76a582c3f0c9c5540,"{""artifact"":""https://crowdin.com/project/pcsx2"",""sha256"":""fffa3d7ce42cc37efacf61679c58594e211267cea3e4ae16efbc8f6bb149d27e""}"
8bc2b56fc4cdd1cc3821ecde,Clear Binding,Rensa bindning,PCSX2,crowdin-current-ui-batch34-20260920,"FullscreenUI
../../pcsx2/ImGui/FullscreenUI_Settings.cpp:6737",,project-context,3f65471f0768d5f5664d6cf2,reviewed-receipt,https://github.com/yeager/translations/blob/67e6d27877c9cfd6b6dbc74bd852b10bdbe09c3c/PCSX2/crowdin-current-ui-batch34-20260920.json,8d6bc4cd53749b6ed56459f38c0244781001a3de538ab116fa6b6c047f93e6ed,"{""artifact"":""https://crowdin.com/project/pcsx2"",""sha256"":""514e2f5b8bd486008d10b8832700061a027e92d2d4034d78e92ce6cb50f8dc4c""}"
8bd4537f06152bd40dac8717,Apply Widescreen Patches,Tillämpa bredbildspatchar,PCSX2,crowdin-current-ui-batch56-20260920,"FullscreenUI
../../pcsx2/ImGui/FullscreenUI_Settings.cpp:6816",,project-context,30c4f877605cb85cf404c5ec,reviewed-receipt,https://github.com/yeager/translations/blob/67e6d27877c9cfd6b6dbc74bd852b10bdbe09c3c/PCSX2/crowdin-current-ui-batch56-20260920.json,e544f4e37b292a5a59167a947672fb099eeaff33c9d732c3cd8e9184cd9a4307,"{""artifact"":""https://crowdin.com/project/pcsx2"",""sha256"":""7a8f9bcbaf5979abf68ffe41d3795359c1aaea5407f0e1dad4f7dec6fc68e486""}"
8bfcf22a7d396029ac5a86db,Top:,Överst:,PCSX2,crowdin-current-ui-batch24-20260920,"Warning: short space constraints. Abbreviate if necessary.
GraphicsDisplaySettingsTab
../Settings/GraphicsDisplaySettingsTab.ui:321",Publiceringsförsöket nekades enligt det äldre kvittot; texten är ett lokalt granskningsförslag.,project-context,e624dbd0effae50ee6249d2b,reviewed-local,https://github.com/yeager/translations/blob/67e6d27877c9cfd6b6dbc74bd852b10bdbe09c3c/PCSX2/crowdin-current-ui-batch24-20260920.json,ee2587e30ef9f54541bdbfb4dfcf7512e05bd487cd41e18f4834c7ff3b6d4915,"{""artifact"":""https://crowdin.com/project/pcsx2"",""sha256"":""4fa11a0fd2b13e1d2ee25e86046ca8721e699eea3566192df83d31ca335182a8""}"
8c14f45c20439b5d4789efaf,None,Ingen,PCSX2,crowdin-current-ui-batch14-20260920,"GraphicsAdvancedSettingsTab
../Settings/GraphicsAdvancedSettingsTab.ui:176",Publiceringsförsöket nekades enligt det äldre kvittot; texten är ett lokalt granskningsförslag.,project-context,0d82fce15ad4a91f6e0f4399,reviewed-local,https://github.com/yeager/translations/blob/67e6d27877c9cfd6b6dbc74bd852b10bdbe09c3c/PCSX2/crowdin-current-ui-batch14-20260920.json,9f0ff248176205a3bda2eb3f8c6f8e1ab1d89f1ac984b49ef2d06f0eb6672cce,"{""artifact"":""https://crowdin.com/project/pcsx2"",""sha256"":""38817b1ad715400b3e3420b8192bbf428de35821828e6e8e3a1aaaa5dd7c2b8f""}"
8c82edb19ec6056bc0667d4e,Device Type,Enhetstyp,PCSX2,crowdin-current-ui-batch60-20260920,"DEV9SettingsWidget
../Settings/DEV9SettingsWidget.cpp:196",Publiceringsförsöket nekades enligt det äldre kvittot; texten är ett lokalt granskningsförslag.,project-context,58817d4712c57deb7955dc7f,reviewed-local,https://github.com/yeager/translations/blob/67e6d27877c9cfd6b6dbc74bd852b10bdbe09c3c/PCSX2/crowdin-current-ui-batch60-20260920.json,8c6cbd32b1310e0a049b06bc12d78c06699e0e814d471dcdf308e46e1f1388d6,"{""artifact"":""https://crowdin.com/project/pcsx2"",""sha256"":""1f70db6f5d723fb148f36843a9599a807cd69e6a82bc64b489a3f2205db92f3b""}"
8ca46d9743e14a6c66be8818,Top Right,Uppe till höger,PCSX2,crowdin-current-ui-batch17-20260920,"AchievementSettingsWidget
../Settings/AchievementSettingsWidget.ui:286
../Settings/AchievementSettingsWidget.ui:344",,project-context,6e3fb7c2ce86b159360a390d,reviewed-receipt,https://github.com/yeager/translations/blob/67e6d27877c9cfd6b6dbc74bd852b10bdbe09c3c/PCSX2/crowdin-current-ui-batch17-20260920.json,c3e8ec58262cb9ca378f79dea9c4f1baee0c939d134bdeccfba91a46dd70eaae,"{""artifact"":""https://crowdin.com/project/pcsx2"",""sha256"":""21953a1a7b8ef1247dbdc6230bcef5cb07eb9550b653999b432c1e4516df8c7e""}"
8cb2189560313fce19620d74,Enable In-Game Leaderboard Overlays,Aktivera topplisteöverlägg i spelet,PCSX2,crowdin-current-ui-batch15-20260920,"AchievementSettingsWidget
../Settings/AchievementSettingsWidget.ui:399
../Settings/AchievementSettingsWidget.cpp:69",,project-context,e4ed665fec6346720b7ea3a8,reviewed-receipt,https://github.com/yeager/translations/blob/67e6d27877c9cfd6b6dbc74bd852b10bdbe09c3c/PCSX2/crowdin-current-ui-batch15-20260920.json,9b2ebc5e4b008f5a05b2c32d2825bc90cde350d6c271bc9dbc7a0033312db467,"{""artifact"":""https://crowdin.com/project/pcsx2"",""sha256"":""d60eea4af50a8b7e24b2e40e02cf57c213ffb22d2092e58780613ac2118e6468""}"
8cb67df9abdd63fadea3075b,Failed to Load State,Det gick inte att läsa in tillståndet,PCSX2,crowdin-current-ui-batch11-20260920,"MainWindow
../MainWindow.cpp:1591",,project-context,d78ce216082e88450634c1af,reviewed-receipt,https://github.com/yeager/translations/blob/67e6d27877c9cfd6b6dbc74bd852b10bdbe09c3c/PCSX2/crowdin-current-ui-batch11-20260920.json,ca34a36082ac7bb7c72d20bd72c4f2da2c969dae95acc424871cf924ec9d06b4,"{""artifact"":""https://crowdin.com/project/pcsx2"",""sha256"":""63c63c0de9d5ef0f962da7e1ff6b8fc8943fbdfe8d7008472ed828bd66342b40""}"
8d40d3f704afba84a48255a8,Navigate Back,Navigera bakåt,PCSX2,Crowdin UI,,"Granskad filleverans. Endast färdiga, aktiva översättningar tas med; detta är inte ett påstående om separat registrerat radbeslut för varje oförändrad post.",project-context,731d90955ec042c00a45552c,reviewed-file-delivery,https://crowdin.com/project/pcsx2,c5f591f1edc9553e40265bc0be0fe67c8e4252c052a1cf8ecfb524489a5aff60,{}
8d5f86780f99b3a6c16fc846,Nearest,Närmaste,PCSX2,crowdin-current-ui-batch25-20260920,"GraphicsHardwareRenderingSettingsTab
../Settings/GraphicsHardwareRenderingSettingsTab.ui:120",Publiceringsförsöket nekades enligt det äldre kvittot; texten är ett lokalt granskningsförslag.,project-context,c35a6ca65016ed8d9ffb76cb,reviewed-local,https://github.com/yeager/translations/blob/67e6d27877c9cfd6b6dbc74bd852b10bdbe09c3c/PCSX2/crowdin-current-ui-batch25-20260920.json,c686e808bea1ecea795d6bd0a3871f9ea94959e30276601f8efafda34c283479,"{""artifact"":""https://crowdin.com/project/pcsx2"",""sha256"":""4854cb25247ad7862acb338f5f9ecd9baea466567c7f12d9a8cfce843344786d""}"
8d89eaff6ea53190654de83c,Select Achievement Unlock Sound,Välj ljud vid upplåsning av prestation,PCSX2,crowdin-current-ui-batch57-20260920,"FullscreenUI
../../pcsx2/ImGui/FullscreenUI_Settings.cpp:6996",,project-context,9f21fbb68f2f427ff6f705ea,reviewed-receipt,https://github.com/yeager/translations/blob/67e6d27877c9cfd6b6dbc74bd852b10bdbe09c3c/PCSX2/crowdin-current-ui-batch57-20260920.json,5c871fa681fe60ac837787f04a021e0897b135316665fb1695de5041b8a5e637,"{""artifact"":""https://crowdin.com/project/pcsx2"",""sha256"":""ceed249f6cb52e65b2293a4183169fc6a10bd1524e53a4fc3d3a30b3dd8725b4""}"
8d8fdd74e5ad132dd8de6aac,Cycle Blending Accuracy,Växla blandningsnoggrannhet,PCSX2,Crowdin UI,,"Granskad filleverans. Endast färdiga, aktiva översättningar tas med; detta är inte ett påstående om separat registrerat radbeslut för varje oförändrad post.",project-context,fa7998d3d8138267a41fb2be,reviewed-file-delivery,https://crowdin.com/project/pcsx2,c5f591f1edc9553e40265bc0be0fe67c8e4252c052a1cf8ecfb524489a5aff60,{}
8dd1ae78dabf09b8ce13c3a3,Disable Safe Features,Inaktivera säkra funktioner,PCSX2,crowdin-current-ui-batch13-20260920,"GraphicsHardwareFixesSettingsTab
../Settings/GraphicsHardwareFixesSettingsTab.ui:312",Publiceringsförsöket nekades enligt det äldre kvittot; texten är ett lokalt granskningsförslag.,project-context,55962f60d730d32107b9c889,reviewed-local,https://github.com/yeager/translations/blob/67e6d27877c9cfd6b6dbc74bd852b10bdbe09c3c/PCSX2/crowdin-current-ui-batch13-20260920.json,623ec591b5fcb41c8d897353bf192b4285c0b8b4a6be7d0f716afe784de07e1d,"{""artifact"":""https://crowdin.com/project/pcsx2"",""sha256"":""d3a649710063ca6cdb00859543acf282d3c0ef2f67f7f47e71a0779ace0f894b""}"
8dddacf6626fb64f4160b80e,Force Disabled,Tvinga inaktiverad,PCSX2,crowdin-current-ui-batch23-20260920,"GraphicsAdvancedSettingsTab
../Settings/GraphicsAdvancedSettingsTab.ui:296",Publiceringsförsöket nekades enligt det äldre kvittot; texten är ett lokalt granskningsförslag.,project-context,85ad67ed3a37702cf483d5d6,reviewed-local,https://github.com/yeager/translations/blob/67e6d27877c9cfd6b6dbc74bd852b10bdbe09c3c/PCSX2/crowdin-current-ui-batch23-20260920.json,94825b8000dc084475f7ee18208d828359829f994a9e4d0dfc9ec3c3d325f60e,"{""artifact"":""https://crowdin.com/project/pcsx2"",""sha256"":""f772f87dee3e798dceb56d3b4cdc7d3f604327d8911c63949766291351a926fd""}"
8e4b963f27aef9ad9ae782a6,Unknown,Okänd,PCSX2,crowdin-current-ui-batch48-20260920,"Time when a patch is applied.
Patch
../../pcsx2/Patch.cpp:1832",Publiceringsförsöket nekades enligt det äldre kvittot; texten är ett lokalt granskningsförslag.,project-context,7539c4274c0b059bc2e94549,reviewed-local,https://github.com/yeager/translations/blob/67e6d27877c9cfd6b6dbc74bd852b10bdbe09c3c/PCSX2/crowdin-current-ui-batch48-20260920.json,53a6bd5e6ff3e33c37224589c725b25f42041f0d7158bccac5d4cfdc56ac0074,"{""artifact"":""https://crowdin.com/project/pcsx2"",""sha256"":""3120eb204898a79894697aca0dba37c3904387100aa480ce432a93145e61595c""}"
8e512cec643152816a42567f,Create Desktop shortcut,Skapa skrivbordsgenväg,PCSX2,crowdin-current-ui-batch59-20260920,"SetupWizardDialog
../SetupWizardDialog.ui:926",,project-context,2b5d6c1b906a96656c621857,reviewed-receipt,https://github.com/yeager/translations/blob/67e6d27877c9cfd6b6dbc74bd852b10bdbe09c3c/PCSX2/crowdin-current-ui-batch59-20260920.json,9f38fdcde8389b4381406c889374f3d78d817dcfb9ea2ab1119de66a68266465,"{""artifact"":""https://crowdin.com/project/pcsx2"",""sha256"":""1acc85b5ffc1f63b99c28a668d79a550b6299af67b1cb8bdaa93a13256b1cd15""}"
8e875f8e2855cd0033311641,Bottom Left,Nere till vänster,PCSX2,crowdin-current-ui-batch18-20260920,"FullscreenUI
../../pcsx2/ImGui/FullscreenUI_Settings.cpp:5037
../../pcsx2/ImGui/FullscreenUI_Settings.cpp:6720",,project-context,be61e8762c1ff45e9914d65a,reviewed-receipt,https://github.com/yeager/translations/blob/67e6d27877c9cfd6b6dbc74bd852b10bdbe09c3c/PCSX2/crowdin-current-ui-batch18-20260920.json,d0045488eb1eee4246057f420111c6313a5a756b798114b9e4b249ca38af16a7,"{""artifact"":""https://crowdin.com/project/pcsx2"",""sha256"":""cb32feab2c6d90168b26e1848f0a0d27b0068c0d15543452b44bc95ac5e2fbf3""}"
8e95be6bae75c4d8c0fb1722,ELF Files (*.elf);;All Files (*.*),ELF-filer (*.elf);;Alla filer (*.*),PCSX2,crowdin-current-ui-batch38-20260920,"ShortcutCreationDialog
../ShortcutCreationDialog.cpp:36",Publiceringsförsöket nekades enligt det äldre kvittot; texten är ett lokalt granskningsförslag.,project-context,c9f069e7a0fc56447d6b7e54,reviewed-local,https://github.com/yeager/translations/blob/67e6d27877c9cfd6b6dbc74bd852b10bdbe09c3c/PCSX2/crowdin-current-ui-batch38-20260920.json,10bff2a438da2537a334cdf30d1f2646aa56f2807af070ba50c07f07c76b0e06,"{""artifact"":""https://crowdin.com/project/pcsx2"",""sha256"":""a1ac20d8e01cbe798a54269d4405d3da226252a45e1014e99972fa2498616cf7""}"
8ebdb2f028a11b927d32ae16,Search Directory,Sökkatalog,PCSX2,crowdin-current-ui-batch57-20260920,"FullscreenUI
../../pcsx2/ImGui/FullscreenUI_Settings.cpp:6867",,project-context,64b052d4afd0428f6eb8b078,reviewed-receipt,https://github.com/yeager/translations/blob/67e6d27877c9cfd6b6dbc74bd852b10bdbe09c3c/PCSX2/crowdin-current-ui-batch57-20260920.json,5c871fa681fe60ac837787f04a021e0897b135316665fb1695de5041b8a5e637,"{""artifact"":""https://crowdin.com/project/pcsx2"",""sha256"":""255c477f299c41345be2fef9ec81b562e616688a03760a5f20b0decdb52c347e""}"
8ef886e05daed8d3d56f7e7b,Triangular Filter,Triangulärt filter,PCSX2,crowdin-current-ui-batch19-20260920,"Hotkeys
../../pcsx2/GS/GS.cpp:1361",Publiceringsförsöket nekades enligt det äldre kvittot; texten är ett lokalt granskningsförslag.,project-context,7cab2b735549262359261f10,reviewed-local,https://github.com/yeager/translations/blob/67e6d27877c9cfd6b6dbc74bd852b10bdbe09c3c/PCSX2/crowdin-current-ui-batch19-20260920.json,17ccc6616b1cef815b61276809e4efb6b66f1930c7e5c53901c22a4c000bffb9,"{""artifact"":""https://crowdin.com/project/pcsx2"",""sha256"":""aec2fe98baa6d63ff2c6b48a04073532ddb136f3ab71c02cf42034a5236614e3""}"
8f382842bd11b0d889d94cfe,All,Alla,PCSX2,crowdin-current-ui-batch56-20260920,"Achievements
../../pcsx2/Achievements.cpp:3378",Publiceringsförsöket nekades enligt det äldre kvittot; texten är ett lokalt granskningsförslag.,project-context,ed3e60e6ab2bd1ead45fad64,reviewed-local,https://github.com/yeager/translations/blob/67e6d27877c9cfd6b6dbc74bd852b10bdbe09c3c/PCSX2/crowdin-current-ui-batch56-20260920.json,e544f4e37b292a5a59167a947672fb099eeaff33c9d732c3cd8e9184cd9a4307,"{""artifact"":""https://crowdin.com/project/pcsx2"",""sha256"":""71747b576458fedca10c50255b30b3d9945efb06efef39c32b8ac369e49472d1""}"
8f5ca4bbc902b93691e39d3e,Hostname,Värdnamn,PCSX2,crowdin-current-ui-batch10-20260920,"DEV9DnsHostDialog
../Settings/DEV9DnsHostDialog.cpp:33",Publiceringsförsöket nekades enligt det äldre kvittot; texten är ett lokalt granskningsförslag.,project-context,fa6a51ef83a0983d88785ef7,reviewed-local,https://github.com/yeager/translations/blob/67e6d27877c9cfd6b6dbc74bd852b10bdbe09c3c/PCSX2/crowdin-current-ui-batch10-20260920.json,3c14ee97d43ded3046a999eef4784f22e73a1576e3b07915345f50e5fc2d9296,"{""artifact"":""https://crowdin.com/project/pcsx2"",""sha256"":""b04cbdb53e28d5dffe8c8fed573e365c4a7b3c1c5910163f29e73ab6db7a2947""}"
8fdfce2e10e574349cbd9915,Driver,Drivrutin,PCSX2,crowdin-current-ui-batch2-20260920,"AudioSettingsWidget
../Settings/AudioSettingsWidget.cpp:110",Publiceringsförsöket nekades enligt det äldre kvittot; texten är ett lokalt granskningsförslag.,project-context,917091bee418fb691bb5f690,reviewed-local,https://github.com/yeager/translations/blob/67e6d27877c9cfd6b6dbc74bd852b10bdbe09c3c/PCSX2/crowdin-current-ui-batch2-20260920.json,a8019ae64305421dc140bdb4a328c495e84cd0cf6043ab46c5d4bf619d05bd2b,"{""artifact"":""https://crowdin.com/project/pcsx2"",""sha256"":""ab30ea970dcc92fafdeedf6872bd7b34c6cc5ee18c5b65fc2948b69da293e9bf""}"
8ffc21b168fc83162ce0ad9d,Select HDD Image File,Välj HDD-avbildsfil,PCSX2,crowdin-current-ui-batch36-20260920,"FullscreenUI
../../pcsx2/ImGui/FullscreenUI_Settings.cpp:6965",,project-context,cb8636dd265198f6bd8edc87,reviewed-receipt,https://github.com/yeager/translations/blob/67e6d27877c9cfd6b6dbc74bd852b10bdbe09c3c/PCSX2/crowdin-current-ui-batch36-20260920.json,06685b2a6b6a0881c244315d3604555b5de0e31fa34564c53c68e8d7b263bdfe,"{""artifact"":""https://crowdin.com/project/pcsx2"",""sha256"":""e957acd044479a381a78aecde8be326e3bf384acb7b4b33872f6e1009c453c6f""}"
9001ec15058d72c05c1a6d97, seconds, sekunder,PCSX2,crowdin-current-ui-batch63-20260920,"DebugGSSettingsTab
../Settings/DebugGSSettingsTab.ui:342",Publiceringsförsöket nekades enligt det äldre kvittot; texten är ett lokalt granskningsförslag.,project-context,e3d0361e7f283d65d4571162,reviewed-local,https://github.com/yeager/translations/blob/67e6d27877c9cfd6b6dbc74bd852b10bdbe09c3c/PCSX2/crowdin-current-ui-batch63-20260920.json,08ff78cfcd818cefe89524c4604550c53e468e64909a3ca76a582c3f0c9c5540,"{""artifact"":""https://crowdin.com/project/pcsx2"",""sha256"":""739c7c521f01c2a2bc58a4b599cf56ad2dec3180000a61b9f3a4e1003e143522""}"
9055d0d44db034f0c8f3bf3b,Manual Hardware Renderer Fixes,Manuella korrigeringar för maskinvarurenderaren,PCSX2,Crowdin UI,,"Granskad filleverans. Endast färdiga, aktiva översättningar tas med; detta är inte ett påstående om separat registrerat radbeslut för varje oförändrad post.",project-context,2848d463633de8e9f30fc1f4,reviewed-file-delivery,https://crowdin.com/project/pcsx2,c5f591f1edc9553e40265bc0be0fe67c8e4252c052a1cf8ecfb524489a5aff60,{}
9095523d39cca62c16d2e0a5,URLs:,URL:er:,PCSX2,Crowdin UI,,"Granskad filleverans. Endast färdiga, aktiva översättningar tas med; detta är inte ett påstående om separat registrerat radbeslut för varje oförändrad post.",project-context,cd7413825fd89b9611cb749e,reviewed-file-delivery,https://crowdin.com/project/pcsx2,c5f591f1edc9553e40265bc0be0fe67c8e4252c052a1cf8ecfb524489a5aff60,{}
909afa9297ba0af1140883ce,9 (576 Max Width),9 (maximal bredd 576),PCSX2,crowdin-current-ui-batch25-20260920,"GraphicsHardwareFixesSettingsTab
../Settings/GraphicsHardwareFixesSettingsTab.ui:120",,project-context,b9e9826ff2c20b0bdff93947,reviewed-receipt,https://github.com/yeager/translations/blob/67e6d27877c9cfd6b6dbc74bd852b10bdbe09c3c/PCSX2/crowdin-current-ui-batch25-20260920.json,c686e808bea1ecea795d6bd0a3871f9ea94959e30276601f8efafda34c283479,"{""artifact"":""https://crowdin.com/project/pcsx2"",""sha256"":""953f39119395747e517ef37160764498da7c9e0816d9269c4d9db81901f8f813""}"
90b201a7220681b8b6c462aa,Prompt On State Load/Save Failure,Fråga vid fel när tillstånd läses in eller sparas,PCSX2,crowdin-current-ui-batch47-20260920,"FullscreenUI
../../pcsx2/ImGui/FullscreenUI_Settings.cpp:6770",,project-context,edea40b539ea11532196e2d9,reviewed-receipt,https://github.com/yeager/translations/blob/67e6d27877c9cfd6b6dbc74bd852b10bdbe09c3c/PCSX2/crowdin-current-ui-batch47-20260920.json,5525653b661a6bb7979e7fadd45e8dab82bba08c0b0dea48a9923c4a98e6b913,"{""artifact"":""https://crowdin.com/project/pcsx2"",""sha256"":""36bb6e1d20f0543ae05d8b0f55f9282dced8bff1181def5beedb39bd33c9ac0a""}"
915759ac06eea0860d2d9985,Enable Network Adapter,Aktivera nätverksadapter,PCSX2,crowdin-current-ui-batch60-20260920,"DEV9SettingsWidget
../Settings/DEV9SettingsWidget.cpp:194",Publiceringsförsöket nekades enligt det äldre kvittot; texten är ett lokalt granskningsförslag.,project-context,f1765f4c3ae8d2e8a8796c90,reviewed-local,https://github.com/yeager/translations/blob/67e6d27877c9cfd6b6dbc74bd852b10bdbe09c3c/PCSX2/crowdin-current-ui-batch60-20260920.json,8c6cbd32b1310e0a049b06bc12d78c06699e0e814d471dcdf308e46e1f1388d6,"{""artifact"":""https://crowdin.com/project/pcsx2"",""sha256"":""06e985a55d7ab4d9dbbd96acec5cf74038b8237020cd9dca4b93e88470e758ed""}"
9160af31c3d54e75d87b5c5d,OSD Margin,OSD-marginal,PCSX2,Crowdin UI,,"Granskad filleverans. Endast färdiga, aktiva översättningar tas med; detta är inte ett påstående om separat registrerat radbeslut för varje oförändrad post.",project-context,96dd2942f344fd6f373e73e1,reviewed-file-delivery,https://crowdin.com/project/pcsx2,c5f591f1edc9553e40265bc0be0fe67c8e4252c052a1cf8ecfb524489a5aff60,{}
91906f632960739d795fdce8,Show Settings,Visa inställningar,PCSX2,crowdin-current-ui-batch53-20260920,"OSDSettingsWidget
../Settings/OSDSettingsWidget.ui:470
../Settings/OSDSettingsWidget.cpp:142",Publiceringsförsöket nekades enligt det äldre kvittot; texten är ett lokalt granskningsförslag.,project-context,039a2a1e34b41e90c033bcc3,reviewed-local,https://github.com/yeager/translations/blob/67e6d27877c9cfd6b6dbc74bd852b10bdbe09c3c/PCSX2/crowdin-current-ui-batch53-20260920.json,cf9e3a076b0a7a4c9da64198f8216ad33f840f37229f480c53c816b8096dd673,"{""artifact"":""https://crowdin.com/project/pcsx2"",""sha256"":""df36766f4ec1299055c26aa8f24591cb8fe112bde8fcf1df3edd21470181dd76""}"
91e82fbf57ad5fbee26ec964,Classic,Klassisk,PCSX2,crowdin-current-ui-batch22-20260920,"DebugSettingsWidget
../Settings/DebugSettingsWidget.cpp:17
../Settings/DebugSettingsWidget.cpp:71",Publiceringsförsöket nekades enligt det äldre kvittot; texten är ett lokalt granskningsförslag.,project-context,b8b6d449b24a71ade98ca412,reviewed-local,https://github.com/yeager/translations/blob/67e6d27877c9cfd6b6dbc74bd852b10bdbe09c3c/PCSX2/crowdin-current-ui-batch22-20260920.json,4f04c5281fafa51fe7ba74101b3c304645c8874ef28d97c8f99b5d9fe805c47e,"{""artifact"":""https://crowdin.com/project/pcsx2"",""sha256"":""d5164297fc8308848bd28d4f08f2f0bea0d857e296b274b8dc786e61a7769884""}"
91f2f38c4e1560148163d8fe,Shows the host&apos;s GPU utilization.,Visar värdens GPU-användning.,PCSX2,crowdin-current-ui-batch54-20260920,"OSDSettingsWidget
../Settings/OSDSettingsWidget.cpp:123",,project-context,494922aba0d14ac36a39b2b7,reviewed-receipt,https://github.com/yeager/translations/blob/67e6d27877c9cfd6b6dbc74bd852b10bdbe09c3c/PCSX2/crowdin-current-ui-batch54-20260920.json,1ea914cd857e948af6e29d5981765e20bf4f3f3bfcd3d14fdfab548fae14eacc,"{""artifact"":""https://crowdin.com/project/pcsx2"",""sha256"":""a08336a72c1fdaac0c0699dadaf22c2c09d1e19b2d6c93b4ee5fbd2911e9eaa2""}"
91f43332643fce6d0335bb10,Memory card name cannot be empty.,Minneskortets namn får inte vara tomt.,PCSX2,crowdin-current-ui-batch18-20260920,"FullscreenUI
../../pcsx2/ImGui/FullscreenUI_Settings.cpp:6064",Publiceringsförsöket nekades enligt det äldre kvittot; texten är ett lokalt granskningsförslag.,project-context,2548381840816047f793433c,reviewed-local,https://github.com/yeager/translations/blob/67e6d27877c9cfd6b6dbc74bd852b10bdbe09c3c/PCSX2/crowdin-current-ui-batch18-20260920.json,d0045488eb1eee4246057f420111c6313a5a756b798114b9e4b249ca38af16a7,"{""artifact"":""https://crowdin.com/project/pcsx2"",""sha256"":""ea85ab3aecd826cb67a4a28f6b7085c1460b24dd5e95c0569c4f025168f5573a""}"
920c2f493944d2c2eb18eb70,Navigation,Navigering,PCSX2,crowdin-current-ui-batch56-20260920,"DebuggerWindow
../Debugger/DebuggerWindow.ui:90",,project-context,1a98315918aff868676bc2bf,reviewed-receipt,https://github.com/yeager/translations/blob/67e6d27877c9cfd6b6dbc74bd852b10bdbe09c3c/PCSX2/crowdin-current-ui-batch56-20260920.json,e544f4e37b292a5a59167a947672fb099eeaff33c9d732c3cd8e9184cd9a4307,"{""artifact"":""https://crowdin.com/project/pcsx2"",""sha256"":""a8e7f8cc97511c00d374c56d02b9690e9f4c68e6da3bf563005e31603a64a733""}"
921f6299d29c1a68d2ad4378,Automatic (Default),Automatiskt (standard),PCSX2,crowdin-current-ui-batch23-20260920,"GraphicsAdvancedSettingsTab
../Settings/GraphicsAdvancedSettingsTab.ui:157
../Settings/GraphicsAdvancedSettingsTab.ui:291",,project-context,d7358d76516924f9eacdc46f,reviewed-receipt,https://github.com/yeager/translations/blob/67e6d27877c9cfd6b6dbc74bd852b10bdbe09c3c/PCSX2/crowdin-current-ui-batch23-20260920.json,94825b8000dc084475f7ee18208d828359829f994a9e4d0dfc9ec3c3d325f60e,"{""artifact"":""https://crowdin.com/project/pcsx2"",""sha256"":""ebfe475a4b005a1f080fb0fe427e44dd53a625ae0744ea4d33e91c0dac437000""}"
9275eb398fff9f0f4305061a,empty title,tom titel,PCSX2,crowdin-current-ui-batch36-20260920,"MainWindow
../MainWindow.cpp:3541",Publiceringsförsöket nekades enligt det äldre kvittot; texten är ett lokalt granskningsförslag.,project-context,77dd2f39fde3faf6b7aef5ab,reviewed-local,https://github.com/yeager/translations/blob/67e6d27877c9cfd6b6dbc74bd852b10bdbe09c3c/PCSX2/crowdin-current-ui-batch36-20260920.json,06685b2a6b6a0881c244315d3604555b5de0e31fa34564c53c68e8d7b263bdfe,"{""artifact"":""https://crowdin.com/project/pcsx2"",""sha256"":""01774ee6f1786613135edcbe870635fa868d01526e5b5f1596d28ec830265bc7""}"
9291c26b9e30fca2d2c86f57,Default,Standard,PCSX2,crowdin-current-ui-batch61-20260920,"DebugSettingsWidget
../Settings/DebugSettingsWidget.cpp:158
../Settings/DebugSettingsWidget.cpp:160",Publiceringsförsöket nekades enligt det äldre kvittot; texten är ett lokalt granskningsförslag.,project-context,d0cfd56dd24bc6b7f7a4c078,reviewed-local,https://github.com/yeager/translations/blob/67e6d27877c9cfd6b6dbc74bd852b10bdbe09c3c/PCSX2/crowdin-current-ui-batch61-20260920.json,7d1487a8e7a6c977e135205cbfbe024e70d8199f0ee522f5ae9219965d474fa2,"{""artifact"":""https://crowdin.com/project/pcsx2"",""sha256"":""37cddc6dbfd2e8fcc176e7d6542846f6c1e6951318895eef5eaf53dbad14aadb""}"
92a5dcc907e1724f55405903,N/A,Ej tillämpligt,PCSX2,crowdin-current-ui-batch63-20260920,"InterfaceSettingsWidget
../Settings/InterfaceSettingsWidget.cpp:252",,project-context,e5a343ddbf66376d89f6938c,reviewed-receipt,https://github.com/yeager/translations/blob/67e6d27877c9cfd6b6dbc74bd852b10bdbe09c3c/PCSX2/crowdin-current-ui-batch63-20260920.json,08ff78cfcd818cefe89524c4604550c53e468e64909a3ca76a582c3f0c9c5540,"{""artifact"":""https://crowdin.com/project/pcsx2"",""sha256"":""913a6690ad3e47770e4cfe9bbd3b9c322d34bdb65e48a5697c3716bbd07732cb""}"
92b90f8fc28ee7092c9c7d51,Save Draw Start:,Start för sparade ritanrop:,PCSX2,crowdin-current-ui-batch21-20260920,"DebugGSSettingsTab
../Settings/DebugGSSettingsTab.ui:107",,project-context,38b19e618df1b7f05e792c6a,reviewed-receipt,https://github.com/yeager/translations/blob/67e6d27877c9cfd6b6dbc74bd852b10bdbe09c3c/PCSX2/crowdin-current-ui-batch21-20260920.json,a17a684939c7836f99eed6a2beb5c914bdeb5bc299843bbd766ce571585ee88e,"{""artifact"":""https://crowdin.com/project/pcsx2"",""sha256"":""cad362d7f6d5b49c94c28cb0a945d6dc42a73b21dad728083dc4eeb455849bc9""}"
92eb3e4bd3da45af07b375ba,Font Families,Teckensnittsfamiljer,PCSX2,crowdin-current-ui-batch54-20260920,"OsdFontPickerDialog
../Settings/OsdFontPickerDialog.ui:58",,project-context,8f6233e78ea53a2e72d09835,reviewed-receipt,https://github.com/yeager/translations/blob/67e6d27877c9cfd6b6dbc74bd852b10bdbe09c3c/PCSX2/crowdin-current-ui-batch54-20260920.json,1ea914cd857e948af6e29d5981765e20bf4f3f3bfcd3d14fdfab548fae14eacc,"{""artifact"":""https://crowdin.com/project/pcsx2"",""sha256"":""5d4e76aa561601ff02a989e8b590d9ae19ea6997bc2ab2e783dd51d80b01c0a6""}"
92f5722c8eb7142b74059e21,Limit Depth to 24 Bits,Begränsa djupet till 24 bitar,PCSX2,crowdin-current-ui-batch49-20260920,"GraphicsSettingsWidget
../Settings/GraphicsSettingsWidget.cpp:628",,project-context,1e41bbe5525157edb421880e,reviewed-receipt,https://github.com/yeager/translations/blob/67e6d27877c9cfd6b6dbc74bd852b10bdbe09c3c/PCSX2/crowdin-current-ui-batch49-20260920.json,3e907fbc31b1fdfcccfc47d4a6a49ad2bfe6eb9414cebf6471f974279c345287,"{""artifact"":""https://crowdin.com/project/pcsx2"",""sha256"":""a02b7d85c268e6c25687e07bea9df07a6aa1d255c9a4b3e992ccbd3234d80130""}"
931d6965fa8e8058a30f3efd,Reverser Down,Minska färdriktare,PCSX2,Crowdin UI,,"Granskad filleverans. Endast färdiga, aktiva översättningar tas med; detta är inte ett påstående om separat registrerat radbeslut för varje oförändrad post.",project-context,cfd2e5f1036fc352db48c953,reviewed-file-delivery,https://crowdin.com/project/pcsx2,c5f591f1edc9553e40265bc0be0fe67c8e4252c052a1cf8ecfb524489a5aff60,{}
9349e2679781d7d127b8cef4,Font Families,Teckensnittsfamiljer,PCSX2,Crowdin UI,,"Granskad filleverans. Endast färdiga, aktiva översättningar tas med; detta är inte ett påstående om separat registrerat radbeslut för varje oförändrad post.",project-context,bdcf20e9a4a6516bde3ae233,reviewed-file-delivery,https://crowdin.com/project/pcsx2,c5f591f1edc9553e40265bc0be0fe67c8e4252c052a1cf8ecfb524489a5aff60,{}
934afd150cde5db766b94535,Save Frame Range Count,Antal i sparat bildruteintervall,PCSX2,Crowdin UI,,"Granskad filleverans. Endast färdiga, aktiva översättningar tas med; detta är inte ett påstående om separat registrerat radbeslut för varje oförändrad post.",project-context,b4a3a05a5e72bce8dd499d8f,reviewed-file-delivery,https://crowdin.com/project/pcsx2,c5f591f1edc9553e40265bc0be0fe67c8e4252c052a1cf8ecfb524489a5aff60,{}
934fe1589205c6b1fc3cabe6,Maximum (Very Slow),Maximal (mycket långsam),PCSX2,crowdin-current-ui-batch13-20260920,"GraphicsHardwareRenderingSettingsTab
../Settings/GraphicsHardwareRenderingSettingsTab.ui:179",,project-context,bdda869a7e315418b89deb1a,reviewed-receipt,https://github.com/yeager/translations/blob/67e6d27877c9cfd6b6dbc74bd852b10bdbe09c3c/PCSX2/crowdin-current-ui-batch13-20260920.json,623ec591b5fcb41c8d897353bf192b4285c0b8b4a6be7d0f716afe784de07e1d,"{""artifact"":""https://crowdin.com/project/pcsx2"",""sha256"":""b948d88aa14728522a84cb7c2495c7ca6de1d034505a5fe00c8c5f8b01f6bf29""}"
9365246275c7252efb69d1d4,Sprites/Triangles,Sprites/trianglar,PCSX2,crowdin-current-ui-batch25-20260920,"GraphicsHardwareFixesSettingsTab
../Settings/GraphicsHardwareFixesSettingsTab.ui:139",,project-context,e1a319588e0521c857d54c2e,reviewed-receipt,https://github.com/yeager/translations/blob/67e6d27877c9cfd6b6dbc74bd852b10bdbe09c3c/PCSX2/crowdin-current-ui-batch25-20260920.json,c686e808bea1ecea795d6bd0a3871f9ea94959e30276601f8efafda34c283479,"{""artifact"":""https://crowdin.com/project/pcsx2"",""sha256"":""b470ff61f53803238b2b95d36ae780794d1662a13f3d7d76c644222838d52362""}"
936f992b6d7c9f29b4cafda9,Failed to read packet.,Det gick inte att läsa paketet.,PCSX2,crowdin-current-ui-batch43-20260920,"GSDumpFile
../../pcsx2/GS/GSLzma.cpp:144",,project-context,543edff4b62d01bafb818b8d,reviewed-receipt,https://github.com/yeager/translations/blob/67e6d27877c9cfd6b6dbc74bd852b10bdbe09c3c/PCSX2/crowdin-current-ui-batch43-20260920.json,f579d21901c076c71bfe3d8f99475909dc2a77edf2cbda40a55f781cfb57432e,"{""artifact"":""https://crowdin.com/project/pcsx2"",""sha256"":""5fafa58196a2ad4e017454fdd21d1b494ad0d2609dc0f6ef213986f6084db70c""}"
93e0651b6bcb87ab4ac3a418,Select OSD Font,Välj OSD-typsnitt,PCSX2,crowdin-current-ui-batch1-20260920,"FullscreenUI
../../pcsx2/ImGui/FullscreenUI_Settings.cpp:6295",,project-context,d7ac0292e66b777ba0a4ba21,reviewed-receipt,https://github.com/yeager/translations/blob/67e6d27877c9cfd6b6dbc74bd852b10bdbe09c3c/PCSX2/crowdin-current-ui-batch1-20260920.json,fbacbf8b449e630f42dbc651e3eb3d61f650cd4cb6d478d350f9a55ce6b87962,"{""artifact"":""https://crowdin.com/project/pcsx2"",""sha256"":""e8f75db1d016a6b430754aa8b6bac876e2a3ca2c2c4c2ab867e7405780d70220""}"
9409185d94482d20d48d3cc4,Hour of the day (0-23).,Dygnets timme (0–23).,PCSX2,Crowdin UI,,"Granskad filleverans. Endast färdiga, aktiva översättningar tas med; detta är inte ett påstående om separat registrerat radbeslut för varje oförändrad post.",project-context,f531aed3b27d2c9d40d2c32f,reviewed-file-delivery,https://crowdin.com/project/pcsx2,c5f591f1edc9553e40265bc0be0fe67c8e4252c052a1cf8ecfb524489a5aff60,{}
943b328a6f39ff703500725f,Debugger Window,Felsökarfönster,PCSX2,crowdin-current-ui-batch22-20260920,"DebugUserInterfaceSettingsTab
../Settings/DebugUserInterfaceSettingsTab.ui:26",,project-context,3fefa5be42a8111fb0fda209,reviewed-receipt,https://github.com/yeager/translations/blob/67e6d27877c9cfd6b6dbc74bd852b10bdbe09c3c/PCSX2/crowdin-current-ui-batch22-20260920.json,4f04c5281fafa51fe7ba74101b3c304645c8874ef28d97c8f99b5d9fe805c47e,"{""artifact"":""https://crowdin.com/project/pcsx2"",""sha256"":""dfde964ac5925e867ee63d9fd81d0b534b9f3956ee3db183114aa0d589f4fa75""}"
94512895901341bf4aae3cd5,Merge Targets,Sammanfoga mål,PCSX2,crowdin-current-ui-batch25-20260920,"GraphicsHardwareFixesSettingsTab
../Settings/GraphicsHardwareFixesSettingsTab.ui:54",,project-context,1e4dd9f07dab3bee5efc8784,reviewed-receipt,https://github.com/yeager/translations/blob/67e6d27877c9cfd6b6dbc74bd852b10bdbe09c3c/PCSX2/crowdin-current-ui-batch25-20260920.json,c686e808bea1ecea795d6bd0a3871f9ea94959e30276601f8efafda34c283479,"{""artifact"":""https://crowdin.com/project/pcsx2"",""sha256"":""5c4792499bab5eaefe213cbaea6c2333a97197132507ca513119460ba2ce1474""}"
9463e05f16b1221ce7bf7c4f,NTSC Frame Rate:,NTSC-bildfrekvens:,PCSX2,crowdin-current-ui-batch23-20260920,"GraphicsAdvancedSettingsTab
../Settings/GraphicsAdvancedSettingsTab.ui:213",Publiceringsförsöket nekades enligt det äldre kvittot; texten är ett lokalt granskningsförslag.,project-context,e63b7d15ee82a1064e622ff3,reviewed-local,https://github.com/yeager/translations/blob/67e6d27877c9cfd6b6dbc74bd852b10bdbe09c3c/PCSX2/crowdin-current-ui-batch23-20260920.json,94825b8000dc084475f7ee18208d828359829f994a9e4d0dfc9ec3c3d325f60e,"{""artifact"":""https://crowdin.com/project/pcsx2"",""sha256"":""ff072ff41e94894b1a73abd30716b92b4f542655baa92870fd43fad83ab09a58""}"
9489a36c58803510d428ec9e,Shortcut Type,Genvägstyp,PCSX2,crowdin-current-ui-batch38-20260920,"ShortcutCreationDialog
../ShortcutCreationDialog.ui:290",Publiceringsförsöket nekades enligt det äldre kvittot; texten är ett lokalt granskningsförslag.,project-context,1f332d8c3d7eae367c40c3fc,reviewed-local,https://github.com/yeager/translations/blob/67e6d27877c9cfd6b6dbc74bd852b10bdbe09c3c/PCSX2/crowdin-current-ui-batch38-20260920.json,10bff2a438da2537a334cdf30d1f2646aa56f2807af070ba50c07f07c76b0e06,"{""artifact"":""https://crowdin.com/project/pcsx2"",""sha256"":""3f074e79f799abc784e97ba28c166b2aefc2680a141af332b03d9949ae1e4cb4""}"
94f032c80895f0e8c2d5ee17,Advanced Frame Display,Avancerad bildrutevisning,PCSX2,crowdin-current-ui-batch63-20260920,"FullscreenUI
../../pcsx2/ImGui/FullscreenUI_Settings.cpp:6806",Publiceringsförsöket nekades enligt det äldre kvittot; texten är ett lokalt granskningsförslag.,project-context,3e3f92b0b3bccf82981416fb,reviewed-local,https://github.com/yeager/translations/blob/67e6d27877c9cfd6b6dbc74bd852b10bdbe09c3c/PCSX2/crowdin-current-ui-batch63-20260920.json,08ff78cfcd818cefe89524c4604550c53e468e64909a3ca76a582c3f0c9c5540,"{""artifact"":""https://crowdin.com/project/pcsx2"",""sha256"":""3fdacbfd11e7a002d430ad2c053be3d1d33df9abab2e398940e4809c1630fc32""}"
94f9594796332fd619e6773e,GPU Target CLUT:,CLUT för GPU-renderingsmål:,PCSX2,crowdin-current-ui-batch13-20260920,"CLUT: Color Look Up Table, often referred to as a palette in non-PS2 things.  GPU Target CLUT: GPU handling of when a game uses data from a render target as a CLUT.
GraphicsHardwareFixesSettingsTab
../Settings/GraphicsHardwareFixesSettingsTab.ui:211",,project-context,2248f416396d7fa22d570b39,reviewed-receipt,https://github.com/yeager/translations/blob/67e6d27877c9cfd6b6dbc74bd852b10bdbe09c3c/PCSX2/crowdin-current-ui-batch13-20260920.json,623ec591b5fcb41c8d897353bf192b4285c0b8b4a6be7d0f716afe784de07e1d,"{""artifact"":""https://crowdin.com/project/pcsx2"",""sha256"":""7df7a14e80e93a5777d0a7196fea1853f3388631483c1488bf56f8a75b837cf6""}"
9502f5b8ea3fcd3ea17fc28a,Partial,Delvis,PCSX2,crowdin-current-ui-batch23-20260920,"GraphicsAdvancedSettingsTab
../Settings/GraphicsAdvancedSettingsTab.ui:181",Publiceringsförsöket nekades enligt det äldre kvittot; texten är ett lokalt granskningsförslag.,project-context,57c9cbfd0d5c84fccbd9fbb7,reviewed-local,https://github.com/yeager/translations/blob/67e6d27877c9cfd6b6dbc74bd852b10bdbe09c3c/PCSX2/crowdin-current-ui-batch23-20260920.json,94825b8000dc084475f7ee18208d828359829f994a9e4d0dfc9ec3c3d325f60e,"{""artifact"":""https://crowdin.com/project/pcsx2"",""sha256"":""93dce4af32a43d44e128d1a6dd67540a992a948fd40cd277b170d69498bd8208""}"
9511088e82ce4a5f8ec1983f,Disable Vertex Shader Expand,Inaktivera vertexshaderexpansion,PCSX2,crowdin-current-ui-batch63-20260920,"GraphicsSettingsWidget
../Settings/GraphicsSettingsWidget.cpp:816",,project-context,1014f299100371cee92afc35,reviewed-receipt,https://github.com/yeager/translations/blob/67e6d27877c9cfd6b6dbc74bd852b10bdbe09c3c/PCSX2/crowdin-current-ui-batch63-20260920.json,08ff78cfcd818cefe89524c4604550c53e468e64909a3ca76a582c3f0c9c5540,"{""artifact"":""https://crowdin.com/project/pcsx2"",""sha256"":""7ea95a080c1ab1acd5c516d5c747d3fadb5a83d5667646d45abea957acd2067a""}"
954f3aadf462137ccb8e3eae,&On-Screen Display,&Skärmvisning,PCSX2,Crowdin UI,,"Granskad filleverans. Endast färdiga, aktiva översättningar tas med; detta är inte ett påstående om separat registrerat radbeslut för varje oförändrad post.",project-context,c3de2f0407d8281c670c298e,reviewed-file-delivery,https://crowdin.com/project/pcsx2,c5f591f1edc9553e40265bc0be0fe67c8e4252c052a1cf8ecfb524489a5aff60,{}
956fd7dd8ddff1cc47bf28de,Compatibility,Kompatibilitet,PCSX2,crowdin-current-ui-batch58-20260920,"FullscreenUI
../../pcsx2/ImGui/FullscreenUI_Settings.cpp:6437",Publiceringsförsöket nekades enligt det äldre kvittot; texten är ett lokalt granskningsförslag.,project-context,6e1fdfb154a14c481dd54fbf,reviewed-local,https://github.com/yeager/translations/blob/67e6d27877c9cfd6b6dbc74bd852b10bdbe09c3c/PCSX2/crowdin-current-ui-batch58-20260920.json,63dc6922c386d319276df2094a26afd341a8755f207ce8908444de581c157b66,"{""artifact"":""https://crowdin.com/project/pcsx2"",""sha256"":""d02719ac3a892c681a085f9b4294366052ef16717bea7c2cf24fd931dd0c9fba""}"
9572f634a707798c9c6d3b37,Downloading Files,Hämtar filer,PCSX2,crowdin-current-ui-batch52-20260920,"OSDFontPickerDialog
../Settings/OsdFontPickerDialog.cpp:502
../Settings/OsdFontPickerDialog.cpp:1016",,project-context,902951ea0e74e3d162eb7a23,reviewed-receipt,https://github.com/yeager/translations/blob/67e6d27877c9cfd6b6dbc74bd852b10bdbe09c3c/PCSX2/crowdin-current-ui-batch52-20260920.json,8cfffc76ca6e36b6b86d335ad9a92ba99954d58c53ce7d299caec541e1b3ff9b,"{""artifact"":""https://crowdin.com/project/pcsx2"",""sha256"":""4b72635aacf17fd219ea685ec42a893a04baf7e308f54e7f8899df7464a5fef0""}"
95b4bbe513d0980adad80a84,Enable Encore Mode,Aktivera encoreläge,PCSX2,crowdin-current-ui-batch57-20260920,"FullscreenUI
../../pcsx2/ImGui/FullscreenUI_Settings.cpp:6979",,project-context,f4657ed66db921b1512ddd81,reviewed-receipt,https://github.com/yeager/translations/blob/67e6d27877c9cfd6b6dbc74bd852b10bdbe09c3c/PCSX2/crowdin-current-ui-batch57-20260920.json,5c871fa681fe60ac837787f04a021e0897b135316665fb1695de5041b8a5e637,"{""artifact"":""https://crowdin.com/project/pcsx2"",""sha256"":""ca27f762895113b40708ba4bd13e5e30e47006e4112bd6e931f246032af76b73""}"
95c1d1030ff03f1b04c73fcc,Enables video recording during gameplay capture.,Aktiverar videoinspelning under spelinspelning.,PCSX2,Crowdin UI,,"Granskad filleverans. Endast färdiga, aktiva översättningar tas med; detta är inte ett påstående om separat registrerat radbeslut för varje oförändrad post.",project-context,20f0ce55ff40387c27ff302d,reviewed-file-delivery,https://crowdin.com/project/pcsx2,c5f591f1edc9553e40265bc0be0fe67c8e4252c052a1cf8ecfb524489a5aff60,{}
95fd55a92708aaac76afedb3,Disallowed,Ej tillåten,PCSX2,crowdin-current-ui-batch14-20260920,"GraphicsAdvancedSettingsTab
../Settings/GraphicsAdvancedSettingsTab.ui:162",,project-context,853d800f43933ba284eb9bb5,reviewed-receipt,https://github.com/yeager/translations/blob/67e6d27877c9cfd6b6dbc74bd852b10bdbe09c3c/PCSX2/crowdin-current-ui-batch14-20260920.json,9f0ff248176205a3bda2eb3f8c6f8e1ab1d89f1ac984b49ef2d06f0eb6672cce,"{""artifact"":""https://crowdin.com/project/pcsx2"",""sha256"":""bfd7f262583b7e094308a65935538e361f551fd5482d868d9824e92c678269ba""}"
9623813c540ffe82c9016318,Active,Aktiv,PCSX2,crowdin-current-ui-batch56-20260920,"Achievements
../../pcsx2/Achievements.cpp:3376",Publiceringsförsöket nekades enligt det äldre kvittot; texten är ett lokalt granskningsförslag.,project-context,52bbd836af2de8d3ea8c7368,reviewed-local,https://github.com/yeager/translations/blob/67e6d27877c9cfd6b6dbc74bd852b10bdbe09c3c/PCSX2/crowdin-current-ui-batch56-20260920.json,e544f4e37b292a5a59167a947672fb099eeaff33c9d732c3cd8e9184cd9a4307,"{""artifact"":""https://crowdin.com/project/pcsx2"",""sha256"":""3f61e6dd15d36aba78f8731904b9f9379b5a154ab9eff908e839c453738c8c3a""}"
962bd84110db0e9cf0723754,PAL Frame Rate,PAL-bildfrekvens,PCSX2,crowdin-current-ui-batch20-20260920,"FullscreenUI
../../pcsx2/ImGui/FullscreenUI_Settings.cpp:6910",Publiceringsförsöket nekades enligt det äldre kvittot; texten är ett lokalt granskningsförslag.,project-context,023a572d2ba6c85943360b8d,reviewed-local,https://github.com/yeager/translations/blob/67e6d27877c9cfd6b6dbc74bd852b10bdbe09c3c/PCSX2/crowdin-current-ui-batch20-20260920.json,b9f3010178fb1ba2ee5cb59570e69caac32abf9f9b7229bf26b14b3a321dc236,"{""artifact"":""https://crowdin.com/project/pcsx2"",""sha256"":""2039110bc506ed99e643d682d97ed6232e41ee41d767618b2e5214aba355b41f""}"
9656d6de168a5ecd094a9dd8,Preload Frame Data,Förinläs bildrutedata,PCSX2,crowdin-current-ui-batch25-20260920,"GraphicsHardwareFixesSettingsTab
../Settings/GraphicsHardwareFixesSettingsTab.ui:347",Publiceringsförsöket nekades enligt det äldre kvittot; texten är ett lokalt granskningsförslag.,project-context,177df7b9be70c5a892c2fc34,reviewed-local,https://github.com/yeager/translations/blob/67e6d27877c9cfd6b6dbc74bd852b10bdbe09c3c/PCSX2/crowdin-current-ui-batch25-20260920.json,c686e808bea1ecea795d6bd0a3871f9ea94959e30276601f8efafda34c283479,"{""artifact"":""https://crowdin.com/project/pcsx2"",""sha256"":""52c4a08e33d759ce005d90ec5358e2c7e25f474cec724e370f480a9fa9084e36""}"
96a5e7f8785080faf08a83e2,Extra Arguments,Extra argument,PCSX2,crowdin-current-ui-batch26-20260920,"GraphicsMediaCaptureSettingsTab
../Settings/GraphicsMediaCaptureSettingsTab.ui:197
../Settings/GraphicsMediaCaptureSettingsTab.ui:350",Publiceringsförsöket nekades enligt det äldre kvittot; texten är ett lokalt granskningsförslag.,project-context,4fccee4baf30a79a3f3c8a2b,reviewed-local,https://github.com/yeager/translations/blob/67e6d27877c9cfd6b6dbc74bd852b10bdbe09c3c/PCSX2/crowdin-current-ui-batch26-20260920.json,49be151dc9918b0d30da49c790d627c159af0560d66be018b2a4920b716f4063,"{""artifact"":""https://crowdin.com/project/pcsx2"",""sha256"":""c7f1fd5049af349e39daaf319bd78ff99343f6334ef5b83ec11baf9185013f7c""}"
96c0e677d1b3e877dc8fe706,Language,Språk,PCSX2,crowdin-current-ui-batch7-20260920,"InterfaceSettingsWidget
../Settings/InterfaceSettingsWidget.cpp:254",Publiceringsförsöket nekades enligt det äldre kvittot; texten är ett lokalt granskningsförslag.,project-context,83e11a499313218773188774,reviewed-local,https://github.com/yeager/translations/blob/67e6d27877c9cfd6b6dbc74bd852b10bdbe09c3c/PCSX2/crowdin-current-ui-batch7-20260920.json,8c630c03eadaf91965c9d87bc474586df0a53ac156826372c002fcc927248561,"{""artifact"":""https://crowdin.com/project/pcsx2"",""sha256"":""3c27882d5168d98f9e196af077aa379d70a5c2045c5294160f9e6af8ab8591f5""}"
972ecb3e5cb1308d76420169,Shows the current PCSX2 version.,Visar den aktuella PCSX2-versionen.,PCSX2,crowdin-current-ui-batch54-20260920,"OSDSettingsWidget
../Settings/OSDSettingsWidget.cpp:140",,project-context,b633bfcb7f441430a79efaf1,reviewed-receipt,https://github.com/yeager/translations/blob/67e6d27877c9cfd6b6dbc74bd852b10bdbe09c3c/PCSX2/crowdin-current-ui-batch54-20260920.json,1ea914cd857e948af6e29d5981765e20bf4f3f3bfcd3d14fdfab548fae14eacc,"{""artifact"":""https://crowdin.com/project/pcsx2"",""sha256"":""e33a6f852cd6e1f8cb07faaa529cf47ffaec04961d34cf400476488fc812075e""}"
9790241ca7bc3e75418fac06,Enable PINE,Aktivera PINE,PCSX2,crowdin-current-ui-batch60-20260920,"AdvancedSettingsWidget
../Settings/AdvancedSettingsWidget.cpp:155",Publiceringsförsöket nekades enligt det äldre kvittot; texten är ett lokalt granskningsförslag.,project-context,2608e4ab29a61b1cbc16d76d,reviewed-local,https://github.com/yeager/translations/blob/67e6d27877c9cfd6b6dbc74bd852b10bdbe09c3c/PCSX2/crowdin-current-ui-batch60-20260920.json,8c6cbd32b1310e0a049b06bc12d78c06699e0e814d471dcdf308e46e1f1388d6,"{""artifact"":""https://crowdin.com/project/pcsx2"",""sha256"":""24b5955fec3ec8c8d4277ae251be66273282087161e60bb3eef06687cc2bdf4c""}"
97a1fe27a8e2864b75913459,Master Controller,Huvudkontroll,PCSX2,Crowdin UI,,"Granskad filleverans. Endast färdiga, aktiva översättningar tas med; detta är inte ett påstående om separat registrerat radbeslut för varje oförändrad post.",project-context,037956f454c092978694b025,reviewed-file-delivery,https://crowdin.com/project/pcsx2,c5f591f1edc9553e40265bc0be0fe67c8e4252c052a1cf8ecfb524489a5aff60,{}
97a9ecdc5824d00c3a99ef01,Shows debug information about the renderer.,Visar felsökningsinformation om renderaren.,PCSX2,crowdin-current-ui-batch54-20260920,"OSDSettingsWidget
../Settings/OSDSettingsWidget.cpp:129",,project-context,ba6de910d40bbfafdc04fb59,reviewed-receipt,https://github.com/yeager/translations/blob/67e6d27877c9cfd6b6dbc74bd852b10bdbe09c3c/PCSX2/crowdin-current-ui-batch54-20260920.json,1ea914cd857e948af6e29d5981765e20bf4f3f3bfcd3d14fdfab548fae14eacc,"{""artifact"":""https://crowdin.com/project/pcsx2"",""sha256"":""a9f11bb81ff4e452ecf94c6de89bf1cc168139c5416f46d41a65c9e09df15dc2""}"
97d6dc43a28eaf81912d78f7,Off (None),Av (ingen),PCSX2,crowdin-current-ui-batch13-20260920,"GraphicsHardwareRenderingSettingsTab
../Settings/GraphicsHardwareRenderingSettingsTab.ui:193",,project-context,4dc178b677097e99d8476e76,reviewed-receipt,https://github.com/yeager/translations/blob/67e6d27877c9cfd6b6dbc74bd852b10bdbe09c3c/PCSX2/crowdin-current-ui-batch13-20260920.json,623ec591b5fcb41c8d897353bf192b4285c0b8b4a6be7d0f716afe784de07e1d,"{""artifact"":""https://crowdin.com/project/pcsx2"",""sha256"":""d00242956348aaa8a4eeb489ab80c91920a918de992b934aac046f231230acd2""}"
981127ae9d042ffd170b476c,Replay Frame End:,Slutbildruta för uppspelning:,PCSX2,crowdin-current-ui-batch8-20260920,"DebugGSSettingsTab
../Settings/DebugGSSettingsTab.ui:283",,project-context,45558ad85fbaa8200734c72b,reviewed-receipt,https://github.com/yeager/translations/blob/67e6d27877c9cfd6b6dbc74bd852b10bdbe09c3c/PCSX2/crowdin-current-ui-batch8-20260920.json,6d671a2f5891b45d5687714706665353e2ac62d51b8d507209b9c6fd5769ca1f,"{""artifact"":""https://crowdin.com/project/pcsx2"",""sha256"":""d56fe255779b012f297f94eedfc54a54e4c913c0e8b2b3d0bbcd58d9e441d35f""}"
9863d101a079fd52e289f3ad,Open Video Capture Folder,Öppna mapp för videoinspelning,PCSX2,crowdin-current-ui-batch52-20260920,"MainWindow
../MainWindow.cpp:1898",,project-context,0317f9a7a3d5f6dbf7b71127,reviewed-receipt,https://github.com/yeager/translations/blob/67e6d27877c9cfd6b6dbc74bd852b10bdbe09c3c/PCSX2/crowdin-current-ui-batch52-20260920.json,8cfffc76ca6e36b6b86d335ad9a92ba99954d58c53ce7d299caec541e1b3ff9b,"{""artifact"":""https://crowdin.com/project/pcsx2"",""sha256"":""233fe346b4e4559f85f5490460ca7fb013d2d05eda0f761ce405e4172fc1185c""}"
987dc81d719d8c20a2d42632,Apply No-Interlacing Patches,Använd korrigeringar för ingen radsprångsvisning,PCSX2,crowdin-current-ui-batch23-20260920,"GraphicsDisplaySettingsTab
../Settings/GraphicsDisplaySettingsTab.ui:55",,project-context,15f3a4bc868cbe2afed78ae7,reviewed-receipt,https://github.com/yeager/translations/blob/67e6d27877c9cfd6b6dbc74bd852b10bdbe09c3c/PCSX2/crowdin-current-ui-batch23-20260920.json,94825b8000dc084475f7ee18208d828359829f994a9e4d0dfc9ec3c3d325f60e,"{""artifact"":""https://crowdin.com/project/pcsx2"",""sha256"":""0c1e1d8e7420f4a3b139ab2480694e490404df59bb81a9afcff8ab94414371a9""}"
989527023eb57e37c5710bea,&Customize Toolbar...,&Anpassa verktygsrad…,PCSX2,crowdin-current-ui-batch9-20260920,"MainWindow
../MainWindow.ui:741",,project-context,5c7d4a2bec2b9b95e1282583,reviewed-receipt,https://github.com/yeager/translations/blob/67e6d27877c9cfd6b6dbc74bd852b10bdbe09c3c/PCSX2/crowdin-current-ui-batch9-20260920.json,134204bdde884be3c2722090609773e05cd73b495e902e6f39659aa156be0139,"{""artifact"":""https://crowdin.com/project/pcsx2"",""sha256"":""7b214bbefeefc4ad8424ace1440f1bf0ddfc2a9b56d7376f2751c3b2abf85de4""}"
990e621015a513edbda037e7,Enable PINE,Aktivera PINE,PCSX2,crowdin-current-ui-batch2-20260920,"AdvancedSettingsWidget
../Settings/AdvancedSettingsWidget.cpp:155",Publiceringsförsöket nekades enligt det äldre kvittot; texten är ett lokalt granskningsförslag.,project-context,8dca7a8b1812c35ecc2d9ed2,reviewed-local,https://github.com/yeager/translations/blob/67e6d27877c9cfd6b6dbc74bd852b10bdbe09c3c/PCSX2/crowdin-current-ui-batch2-20260920.json,a8019ae64305421dc140bdb4a328c495e84cd0cf6043ab46c5d4bf619d05bd2b,"{""artifact"":""https://crowdin.com/project/pcsx2"",""sha256"":""24b5955fec3ec8c8d4277ae251be66273282087161e60bb3eef06687cc2bdf4c""}"
9938ecb631323c7b3457dcfa,OSD Margin,OSD-marginal,PCSX2,crowdin-current-ui-batch53-20260920,"OSDSettingsWidget
../Settings/OSDSettingsWidget.cpp:91",,project-context,299f8c316f803b6286e7d672,reviewed-receipt,https://github.com/yeager/translations/blob/67e6d27877c9cfd6b6dbc74bd852b10bdbe09c3c/PCSX2/crowdin-current-ui-batch53-20260920.json,cf9e3a076b0a7a4c9da64198f8216ad33f840f37229f480c53c816b8096dd673,"{""artifact"":""https://crowdin.com/project/pcsx2"",""sha256"":""5e3d2f93da1e621c5b43c491c2ab2431dda76650cb72feb33601da4e77ef4b9b""}"
994848321470b49a8d48dbdb,Brake notches,Bromslägen,PCSX2,Crowdin UI,,"Granskad filleverans. Endast färdiga, aktiva översättningar tas med; detta är inte ett påstående om separat registrerat radbeslut för varje oförändrad post.",project-context,c88e35086ff864ddd2a6cfc4,reviewed-file-delivery,https://crowdin.com/project/pcsx2,c5f591f1edc9553e40265bc0be0fe67c8e4252c052a1cf8ecfb524489a5aff60,{}
995598469482857cb412b2d3,Select HDD Size,Välj HDD-storlek,PCSX2,crowdin-current-ui-batch36-20260920,"FullscreenUI
../../pcsx2/ImGui/FullscreenUI_Settings.cpp:6966",Publiceringsförsöket nekades enligt det äldre kvittot; texten är ett lokalt granskningsförslag.,project-context,d22356afe6ebca54fc1d2c1f,reviewed-local,https://github.com/yeager/translations/blob/67e6d27877c9cfd6b6dbc74bd852b10bdbe09c3c/PCSX2/crowdin-current-ui-batch36-20260920.json,06685b2a6b6a0881c244315d3604555b5de0e31fa34564c53c68e8d7b263bdfe,"{""artifact"":""https://crowdin.com/project/pcsx2"",""sha256"":""502cdfea056dc6dd511360eb9a4154ce8b245aa4c72dcfbf48f5ea45360e8f3d""}"
99613d9c7672e75625faaf2d,Enable Achievements,Aktivera prestationer,PCSX2,crowdin-current-ui-batch54-20260920,"SetupWizardDialog
../SetupWizardDialog.ui:789",Publiceringsförsöket nekades enligt det äldre kvittot; texten är ett lokalt granskningsförslag.,project-context,d695553ff3b70b793b4e8c61,reviewed-local,https://github.com/yeager/translations/blob/67e6d27877c9cfd6b6dbc74bd852b10bdbe09c3c/PCSX2/crowdin-current-ui-batch54-20260920.json,1ea914cd857e948af6e29d5981765e20bf4f3f3bfcd3d14fdfab548fae14eacc,"{""artifact"":""https://crowdin.com/project/pcsx2"",""sha256"":""910158af253b06d58191a04298e494a5309fe891c8353f0e0da06e36bd190dd2""}"
9978d74d13b2306635d9e711,Save Draw Statistics,Spara ritningsstatistik,PCSX2,crowdin-current-ui-batch61-20260920,"DebugSettingsWidget
../Settings/DebugSettingsWidget.cpp:144",Publiceringsförsöket nekades enligt det äldre kvittot; texten är ett lokalt granskningsförslag.,project-context,df1b4b1514535bac45f93b1d,reviewed-local,https://github.com/yeager/translations/blob/67e6d27877c9cfd6b6dbc74bd852b10bdbe09c3c/PCSX2/crowdin-current-ui-batch61-20260920.json,7d1487a8e7a6c977e135205cbfbe024e70d8199f0ee522f5ae9219965d474fa2,"{""artifact"":""https://crowdin.com/project/pcsx2"",""sha256"":""aa78a60eac6ff8493876068fa0c1655ccf4969253df38bdb69a38fd9588f55f9""}"
99da7abd9496b0f83d17a476,Top Right (Default),Överst till höger (standard),PCSX2,crowdin-current-ui-batch53-20260920,"OSDSettingsWidget
../Settings/OSDSettingsWidget.ui:174",Publiceringsförsöket nekades enligt det äldre kvittot; texten är ett lokalt granskningsförslag.,project-context,31d79a05808f7a6596069923,reviewed-local,https://github.com/yeager/translations/blob/67e6d27877c9cfd6b6dbc74bd852b10bdbe09c3c/PCSX2/crowdin-current-ui-batch53-20260920.json,cf9e3a076b0a7a4c9da64198f8216ad33f840f37229f480c53c816b8096dd673,"{""artifact"":""https://crowdin.com/project/pcsx2"",""sha256"":""bf009a4a7a35712a0c61e18f2d68b322917031cfaf074a32098835256a542ce5""}"
9a690c9305ab2ff1d12e41fe,Spin GPU During Readbacks,Spinn GPU under återläsningar,PCSX2,crowdin-current-ui-batch57-20260920,"FullscreenUI
../../pcsx2/ImGui/FullscreenUI_Settings.cpp:6907",,project-context,4cbad20ebbeb006e669271af,reviewed-receipt,https://github.com/yeager/translations/blob/67e6d27877c9cfd6b6dbc74bd852b10bdbe09c3c/PCSX2/crowdin-current-ui-batch57-20260920.json,5c871fa681fe60ac837787f04a021e0897b135316665fb1695de5041b8a5e637,"{""artifact"":""https://crowdin.com/project/pcsx2"",""sha256"":""878eb17444ce56082e09b757a6a9ee5b5e4b3c0de8a83efc0077469a195933b7""}"
9a6ec811914ec548e875d250,Catalog unavailable.,Katalogen är inte tillgänglig.,PCSX2,Crowdin UI,,"Granskad filleverans. Endast färdiga, aktiva översättningar tas med; detta är inte ett påstående om separat registrerat radbeslut för varje oförändrad post.",project-context,32abcbb4b909596b6fc912b8,reviewed-file-delivery,https://crowdin.com/project/pcsx2,c5f591f1edc9553e40265bc0be0fe67c8e4252c052a1cf8ecfb524489a5aff60,{}
9adbaeb3123a46dae7dc1d3b,New Card Name,Nytt kortnamn,PCSX2,crowdin-current-ui-batch64-20260920,"MemoryCardSettingsWidget
../Settings/MemoryCardSettingsWidget.cpp:248",Publiceringsförsöket nekades enligt det äldre kvittot; texten är ett lokalt granskningsförslag.,project-context,01a49a78ff56ce3368703407,reviewed-local,https://github.com/yeager/translations/blob/67e6d27877c9cfd6b6dbc74bd852b10bdbe09c3c/PCSX2/crowdin-current-ui-batch64-20260920.json,3eb6750c0d4249b01cf40b2787e9f2e9792529adfb274d1a979de2495c7acabc,"{""artifact"":""https://crowdin.com/project/pcsx2"",""sha256"":""05d8973b7193b7133c392f6899a256aadf36f6d2d473316bac0581280bb7b186""}"
9b1934fef54ff8aef2632cb8,Docking,Dockning,PCSX2,crowdin-current-ui-batch22-20260920,"DebugUserInterfaceSettingsTab
../Settings/DebugUserInterfaceSettingsTab.ui:87",Publiceringsförsöket nekades enligt det äldre kvittot; texten är ett lokalt granskningsförslag.,project-context,bd04d99724f25717fcfb9247,reviewed-local,https://github.com/yeager/translations/blob/67e6d27877c9cfd6b6dbc74bd852b10bdbe09c3c/PCSX2/crowdin-current-ui-batch22-20260920.json,4f04c5281fafa51fe7ba74101b3c304645c8874ef28d97c8f99b5d9fe805c47e,"{""artifact"":""https://crowdin.com/project/pcsx2"",""sha256"":""7de59f53bf9edf5f4208731e2e9b4b12ef1c6e6be7a752754876acbffe5a7d07""}"
9b304850b8f2cb7a49af3b5c,Skip Draw Range Start,Start för intervall utan ritning,PCSX2,crowdin-current-ui-batch10-20260920,"GraphicsSettingsWidget
../Settings/GraphicsSettingsWidget.cpp:591",,project-context,09f651192318f096b49b4ca8,reviewed-receipt,https://github.com/yeager/translations/blob/67e6d27877c9cfd6b6dbc74bd852b10bdbe09c3c/PCSX2/crowdin-current-ui-batch10-20260920.json,3c14ee97d43ded3046a999eef4784f22e73a1576e3b07915345f50e5fc2d9296,"{""artifact"":""https://crowdin.com/project/pcsx2"",""sha256"":""0c85d2a3264c47487bbfac9caaf42e6420a0b80c8208c9efdac6a2693260ac7b""}"
9b3b0f0565d79d9de7479781,System Information,Systeminformation,PCSX2,crowdin-current-ui-batch53-20260920,"OSDSettingsWidget
../Settings/OSDSettingsWidget.ui:456",Publiceringsförsöket nekades enligt det äldre kvittot; texten är ett lokalt granskningsförslag.,project-context,43ea727fb28ef3d07af90f57,reviewed-local,https://github.com/yeager/translations/blob/67e6d27877c9cfd6b6dbc74bd852b10bdbe09c3c/PCSX2/crowdin-current-ui-batch53-20260920.json,cf9e3a076b0a7a4c9da64198f8216ad33f840f37229f480c53c816b8096dd673,"{""artifact"":""https://crowdin.com/project/pcsx2"",""sha256"":""d71cade2bfa2c64366f62aad5bd87ea06fbaa3a4bc655ed9b8f215fc5b927614""}"
9b45304d742aecc4558f11c9,No file selected.,Ingen fil har valts.,PCSX2,Crowdin UI,,"Granskad filleverans. Endast färdiga, aktiva översättningar tas med; detta är inte ett påstående om separat registrerat radbeslut för varje oförändrad post.",project-context,13b87dc00f02a651666ae3b3,reviewed-file-delivery,https://crowdin.com/project/pcsx2,c5f591f1edc9553e40265bc0be0fe67c8e4252c052a1cf8ecfb524489a5aff60,{}
9b5580e429e9436985cc5b4a,Navigate Forward,Navigera framåt,PCSX2,crowdin-current-ui-batch56-20260920,"DebuggerWindow
../Debugger/DebuggerWindow.ui:371",,project-context,29ae8d41ef85f418ee729cb9,reviewed-receipt,https://github.com/yeager/translations/blob/67e6d27877c9cfd6b6dbc74bd852b10bdbe09c3c/PCSX2/crowdin-current-ui-batch56-20260920.json,e544f4e37b292a5a59167a947672fb099eeaff33c9d732c3cd8e9184cd9a4307,"{""artifact"":""https://crowdin.com/project/pcsx2"",""sha256"":""d07a3dd2dcde1007e0a78dc27df0201d1f1b68c3f388aa7cf735cdf5745ddf61""}"
9b809df7d2111bf8717adbf1,Network & HDD Settings,Nätverks- och HDD-inställningar,PCSX2,crowdin-current-ui-batch35-20260920,"FullscreenUI
../../pcsx2/ImGui/FullscreenUI_Settings.cpp:6520",,project-context,21c4618135656515b68257c5,reviewed-receipt,https://github.com/yeager/translations/blob/67e6d27877c9cfd6b6dbc74bd852b10bdbe09c3c/PCSX2/crowdin-current-ui-batch35-20260920.json,6c1b597bc9480c34eadc255045e58a2413f454db5a76874db451ebfcd5d24853,"{""artifact"":""https://crowdin.com/project/pcsx2"",""sha256"":""24d309b4ee6a4428fefe83a3c04b73c04137d4ca5252b9996a03b26b76b906e8""}"
9bb2ad10ac4bcf2a98909350,Unlock Sound Path,Sökväg till upplåsningsljud,PCSX2,Crowdin UI,,"Granskad filleverans. Endast färdiga, aktiva översättningar tas med; detta är inte ett påstående om separat registrerat radbeslut för varje oförändrad post.",project-context,35b4bdf6fc1f18a5d63039fb,reviewed-file-delivery,https://crowdin.com/project/pcsx2,c5f591f1edc9553e40265bc0be0fe67c8e4252c052a1cf8ecfb524489a5aff60,{}
9bccd6078f724e5ee651aa6f,Use Save State Selector,Använd sparlägesväljare,PCSX2,crowdin-current-ui-batch51-20260920,"InterfaceSettingsWidget
../Settings/InterfaceSettingsWidget.ui:56
../Settings/InterfaceSettingsWidget.cpp:212",,project-context,d6602d7120547f3a3c6ff9e3,reviewed-receipt,https://github.com/yeager/translations/blob/67e6d27877c9cfd6b6dbc74bd852b10bdbe09c3c/PCSX2/crowdin-current-ui-batch51-20260920.json,a8b5191343bdd297b5d152a224021320a839b19ec9afc66e6fdf7d9067e58697,"{""artifact"":""https://crowdin.com/project/pcsx2"",""sha256"":""c013c0a36c08efeb249e36e8d9316f3f3799ce08e6a9a8cf510cd6b7f3e5c4f0""}"
9bfed703f22003eeefafe735,Select Save State File,Välj fil för sparat tillstånd,PCSX2,crowdin-current-ui-batch12-20260920,"ShortcutCreationDialog
../ShortcutCreationDialog.cpp:42",Publiceringsförsöket nekades enligt det äldre kvittot; texten är ett lokalt granskningsförslag.,project-context,0258e1120813de7e0a8b5908,reviewed-local,https://github.com/yeager/translations/blob/67e6d27877c9cfd6b6dbc74bd852b10bdbe09c3c/PCSX2/crowdin-current-ui-batch12-20260920.json,069c92ed85703bad78e9b4e17bd0d4fccb132ebeed9d3bedd8328dbf6ea26909,"{""artifact"":""https://crowdin.com/project/pcsx2"",""sha256"":""ed682b31d48cd4f6419db4ed9a6c5c46f9627c899fdad639d5de10ba70228685""}"
9c02cf8597d299e9b5e8adf1,Online Catalog,Nätkatalog,PCSX2,crowdin-current-ui-batch54-20260920,"OsdFontPickerDialog
../Settings/OsdFontPickerDialog.ui:107",,project-context,86de2a826ca193a85b677b80,reviewed-receipt,https://github.com/yeager/translations/blob/67e6d27877c9cfd6b6dbc74bd852b10bdbe09c3c/PCSX2/crowdin-current-ui-batch54-20260920.json,1ea914cd857e948af6e29d5981765e20bf4f3f3bfcd3d14fdfab548fae14eacc,"{""artifact"":""https://crowdin.com/project/pcsx2"",""sha256"":""45a96835522c9dfb1f3fd66928d12572d66004f1e6e4a5dfd1952c9671f11828""}"
9c07ae0fcf66bd2d9b1f42c5,Tile,Sida,PCSX2,crowdin-current-ui-batch11-20260920,"FullscreenUI
../../pcsx2/ImGui/FullscreenUI_Settings.cpp:6543",,project-context,c797b6ddf685b4e68a4cdf07,reviewed-receipt,https://github.com/yeager/translations/blob/67e6d27877c9cfd6b6dbc74bd852b10bdbe09c3c/PCSX2/crowdin-current-ui-batch11-20260920.json,ca34a36082ac7bb7c72d20bd72c4f2da2c969dae95acc424871cf924ec9d06b4,"{""artifact"":""https://crowdin.com/project/pcsx2"",""sha256"":""dbd25c90c1b4029cc0a30638574a6e13dc31e19661d66b70ca70287e5b8c1bee""}"
9c2fb1db65a4d5068f4dc45e,4 (256 Max Width),4 (maximal bredd 256),PCSX2,crowdin-current-ui-batch24-20260920,"GraphicsHardwareFixesSettingsTab
../Settings/GraphicsHardwareFixesSettingsTab.ui:95",,project-context,863cfb3cffa5a6a569557656,reviewed-receipt,https://github.com/yeager/translations/blob/67e6d27877c9cfd6b6dbc74bd852b10bdbe09c3c/PCSX2/crowdin-current-ui-batch24-20260920.json,ee2587e30ef9f54541bdbfb4dfcf7512e05bd487cd41e18f4834c7ff3b6d4915,"{""artifact"":""https://crowdin.com/project/pcsx2"",""sha256"":""fedc7db1a5a7fe452ec4e48617fafe84df31063b989ae01708f3e96f1708da8e""}"
9c35c38e63aaded8b64dd862,Theme,Tema,PCSX2,crowdin-current-ui-batch7-20260920,"InterfaceSettingsWidget
../Settings/InterfaceSettingsWidget.cpp:252",Publiceringsförsöket nekades enligt det äldre kvittot; texten är ett lokalt granskningsförslag.,project-context,7e82b00f2dbc7637be48fd91,reviewed-local,https://github.com/yeager/translations/blob/67e6d27877c9cfd6b6dbc74bd852b10bdbe09c3c/PCSX2/crowdin-current-ui-batch7-20260920.json,8c630c03eadaf91965c9d87bc474586df0a53ac156826372c002fcc927248561,"{""artifact"":""https://crowdin.com/project/pcsx2"",""sha256"":""ceafdad8d7860e827451855f1eb7a12088f7121a3fad7a9f084864ea204715da""}"
9cb0565593ff222d868a6162,Cannot generate filename for save state.,Det går inte att skapa ett filnamn för sparläget.,PCSX2,Crowdin UI,,"Granskad filleverans. Endast färdiga, aktiva översättningar tas med; detta är inte ett påstående om separat registrerat radbeslut för varje oförändrad post.",project-context,e12eaf08691e4d5627acede7,reviewed-file-delivery,https://crowdin.com/project/pcsx2,c5f591f1edc9553e40265bc0be0fe67c8e4252c052a1cf8ecfb524489a5aff60,{}
9cd32f3e610a9784ee1bec77,Shows the host&apos;s GPU utilization.,Visar värddatorns GPU-användning.,PCSX2,crowdin-current-ui-batch41-20260920,"FullscreenUI
../../pcsx2/ImGui/FullscreenUI_Settings.cpp:6306",,project-context,06d6a21b295e1f0da841c7f7,reviewed-receipt,https://github.com/yeager/translations/blob/67e6d27877c9cfd6b6dbc74bd852b10bdbe09c3c/PCSX2/crowdin-current-ui-batch41-20260920.json,3d3540e909427165571e6d4f18827ef6f1a60e21accd4e9b5d761a84159ebb5e,"{""artifact"":""https://crowdin.com/project/pcsx2"",""sha256"":""c61ebf43e24c5de5b0444aab4aa67e455d8f3b171cf9a286741504a8b04a4642""}"
9d08ea4f7a77d03602146d82,Enable Compatibility Patches,Aktivera kompatibilitetspatchar,PCSX2,Crowdin UI,,"Granskad filleverans. Endast färdiga, aktiva översättningar tas med; detta är inte ett påstående om separat registrerat radbeslut för varje oförändrad post.",project-context,1a247277e96c350471a8a911,reviewed-file-delivery,https://crowdin.com/project/pcsx2,c5f591f1edc9553e40265bc0be0fe67c8e4252c052a1cf8ecfb524489a5aff60,{}
9d1a2f37a1b75228066ef35f,VPS: N/A,VPS: ej tillgängligt,PCSX2,crowdin-current-ui-batch56-20260920,"EmuThread
../QtHost.cpp:1091",,project-context,89cba0e51281f79724420ea4,reviewed-receipt,https://github.com/yeager/translations/blob/67e6d27877c9cfd6b6dbc74bd852b10bdbe09c3c/PCSX2/crowdin-current-ui-batch56-20260920.json,e544f4e37b292a5a59167a947672fb099eeaff33c9d732c3cd8e9184cd9a4307,"{""artifact"":""https://crowdin.com/project/pcsx2"",""sha256"":""98f006b66132021ca0abdf4695aa94afb296a347baeb697d974d0872ee488731""}"
9d6ebc3b21ba91d5341e25d0,Enables brightness/contrast/gamma/saturation adjustment.,"Aktiverar justering av ljusstyrka, kontrast, gamma och mättnad.",PCSX2,crowdin-current-ui-batch20-20260920,"FullscreenUI
../../pcsx2/ImGui/FullscreenUI_Settings.cpp:6250",,project-context,14651e5e3b488aa0be281cad,reviewed-receipt,https://github.com/yeager/translations/blob/67e6d27877c9cfd6b6dbc74bd852b10bdbe09c3c/PCSX2/crowdin-current-ui-batch20-20260920.json,b9f3010178fb1ba2ee5cb59570e69caac32abf9f9b7229bf26b14b3a321dc236,"{""artifact"":""https://crowdin.com/project/pcsx2"",""sha256"":""30d6a1e78aaa708cc432f43f3e869463af1e96bbe4702c0ac3ac5fd3b131c4ee""}"
9d9679f5685d068528d73362,Start In Big Picture Mode,Starta i stort bildläge,PCSX2,Crowdin UI,,"Granskad filleverans. Endast färdiga, aktiva översättningar tas med; detta är inte ett påstående om separat registrerat radbeslut för varje oförändrad post.",project-context,8ef0e07cd8d4555d911c7541,reviewed-file-delivery,https://crowdin.com/project/pcsx2,c5f591f1edc9553e40265bc0be0fe67c8e4252c052a1cf8ecfb524489a5aff60,{}
9db22d3ace453122f946a777,Failed to read real state data,Det gick inte att läsa verklig tillståndsdata.,PCSX2,crowdin-current-ui-batch43-20260920,"GSDumpFile
../../pcsx2/GS/GSLzma.cpp:119",,project-context,8ae173820be582a84d3fad7f,reviewed-receipt,https://github.com/yeager/translations/blob/67e6d27877c9cfd6b6dbc74bd852b10bdbe09c3c/PCSX2/crowdin-current-ui-batch43-20260920.json,f579d21901c076c71bfe3d8f99475909dc2a77edf2cbda40a55f781cfb57432e,"{""artifact"":""https://crowdin.com/project/pcsx2"",""sha256"":""aa66938665678004e2054de8ec8ff0eddde137ab4f04bd4512094e2ff39e40e8""}"
9dbb84a3498b81002fcf6d15,Frame Pacing / Latency Control,Bildrutetakt/latenskontroll,PCSX2,Crowdin UI,,"Granskad filleverans. Endast färdiga, aktiva översättningar tas med; detta är inte ett påstående om separat registrerat radbeslut för varje oförändrad post.",project-context,b9fc23a6d6f1d62518a0f57c,reviewed-file-delivery,https://crowdin.com/project/pcsx2,c5f591f1edc9553e40265bc0be0fe67c8e4252c052a1cf8ecfb524489a5aff60,{}
9dcbfcbe50517d2ab2bbff16,Alt+Left,Alt+Vänster,PCSX2,Crowdin UI,,"Granskad filleverans. Endast färdiga, aktiva översättningar tas med; detta är inte ett påstående om separat registrerat radbeslut för varje oförändrad post.",project-context,3e343f4708f0e2f259d71d19,reviewed-file-delivery,https://crowdin.com/project/pcsx2,c5f591f1edc9553e40265bc0be0fe67c8e4252c052a1cf8ecfb524489a5aff60,{}
9e229f013c94cb5b1abb3a6b,Video Capture Width,Bredd för videoinspelning,PCSX2,crowdin-current-ui-batch62-20260920,"GraphicsSettingsWidget
../Settings/GraphicsSettingsWidget.cpp:758",Publiceringsförsöket nekades enligt det äldre kvittot; texten är ett lokalt granskningsförslag.,project-context,f168238af2655e0f34c25669,reviewed-local,https://github.com/yeager/translations/blob/67e6d27877c9cfd6b6dbc74bd852b10bdbe09c3c/PCSX2/crowdin-current-ui-batch62-20260920.json,6f455bab497aab5f47fecf4d901525cee3a927cec35cd4f2f0dc82942d40dace,"{""artifact"":""https://crowdin.com/project/pcsx2"",""sha256"":""05263999d540496cd75d84c1a9b1c16112140aca26cd2d7e92d950032a1e92e9""}"
9e42df5739ff7c5700ca81dc,Power Up,Öka effekt,PCSX2,crowdin-current-ui-batch49-20260920,"USB
../../pcsx2/USB/usb-pad/usb-train.cpp:126
../../pcsx2/USB/usb-pad/usb-train.cpp:149",,project-context,51c552de2a4949a3114425cb,reviewed-receipt,https://github.com/yeager/translations/blob/67e6d27877c9cfd6b6dbc74bd852b10bdbe09c3c/PCSX2/crowdin-current-ui-batch49-20260920.json,3e907fbc31b1fdfcccfc47d4a6a49ad2bfe6eb9414cebf6471f974279c345287,"{""artifact"":""https://crowdin.com/project/pcsx2"",""sha256"":""695d4709ee8ba5d2f831fe67789ced2123a3abd7ea070bff8fd4bd942b780d2f""}"
9ec4110b3348761e47646135,Use System Locale Format,Använd systemets landsformatsinställning,PCSX2,crowdin-current-ui-batch33-20260920,"EmulationSettingsWidget
../Settings/EmulationSettingsWidget.ui:297
../Settings/EmulationSettingsWidget.cpp:170",,project-context,ba3e9286ebc3aa28da4bcd0e,reviewed-receipt,https://github.com/yeager/translations/blob/67e6d27877c9cfd6b6dbc74bd852b10bdbe09c3c/PCSX2/crowdin-current-ui-batch33-20260920.json,db45917ba435e8eb96dc8e0386753426bf3263cb8c803cce452dbcc53f92b77f,"{""artifact"":""https://crowdin.com/project/pcsx2"",""sha256"":""13e52d66b396596c3326373feba5b5aaecee246602269f01262e856eed3e0910""}"
9ede4f5c53c726caec186c91,Failed to initialize GS.,Det gick inte att initiera GS.,PCSX2,Crowdin UI,,"Granskad filleverans. Endast färdiga, aktiva översättningar tas med; detta är inte ett påstående om separat registrerat radbeslut för varje oförändrad post.",project-context,402f25a18acdc629fa1a17e5,reviewed-file-delivery,https://crowdin.com/project/pcsx2,c5f591f1edc9553e40265bc0be0fe67c8e4252c052a1cf8ecfb524489a5aff60,{}
9ee36a5ce4ce788228394e59,Input Error,Inmatningsfel,PCSX2,crowdin-current-ui-batch33-20260920,"MemoryViewTable
../Debugger/Memory/MemoryView.cpp:324
../Debugger/Memory/MemoryView.cpp:361",Publiceringsförsöket nekades enligt det äldre kvittot; texten är ett lokalt granskningsförslag.,project-context,51321b80cd6f649b2ac6bc6f,reviewed-local,https://github.com/yeager/translations/blob/67e6d27877c9cfd6b6dbc74bd852b10bdbe09c3c/PCSX2/crowdin-current-ui-batch33-20260920.json,db45917ba435e8eb96dc8e0386753426bf3263cb8c803cce452dbcc53f92b77f,"{""artifact"":""https://crowdin.com/project/pcsx2"",""sha256"":""d6ea2a430c22e6b74198a10846c684042158b5c41f3660fe670faaa20e3badd2""}"
9f18bd1257697f3f7bf96d90,Custom Arguments,Egna argument,PCSX2,crowdin-current-ui-batch37-20260920,"ShortcutCreationDialog
../ShortcutCreationDialog.ui:145",,project-context,7cfb73d9d336f3dde91b1d00,reviewed-receipt,https://github.com/yeager/translations/blob/67e6d27877c9cfd6b6dbc74bd852b10bdbe09c3c/PCSX2/crowdin-current-ui-batch37-20260920.json,3d30ac42902a2603744414716b97c7784c4b7f2491b297a70bd0590534da88f4,"{""artifact"":""https://crowdin.com/project/pcsx2"",""sha256"":""272977990a7d4519b348eea77d41ce177d29765f95fdeadb12694680d5b26b0e""}"
9f52f06121703810b4bd9100,Center Right,I mitten till höger,PCSX2,crowdin-current-ui-batch17-20260920,"AchievementSettingsWidget
../Settings/AchievementSettingsWidget.ui:301
../Settings/AchievementSettingsWidget.ui:359",,project-context,712665ff7d280daeee30f67e,reviewed-receipt,https://github.com/yeager/translations/blob/67e6d27877c9cfd6b6dbc74bd852b10bdbe09c3c/PCSX2/crowdin-current-ui-batch17-20260920.json,c3e8ec58262cb9ca378f79dea9c4f1baee0c939d134bdeccfba91a46dd70eaae,"{""artifact"":""https://crowdin.com/project/pcsx2"",""sha256"":""f21b7e93c06fef7cfba9d54bea54cc929c4bb604b0c84c79329950a8503767aa""}"
9f63c47f132110b1f8bbf17f,Show Achievement Notifications,Visa prestationsnotiser,PCSX2,Crowdin UI,,"Granskad filleverans. Endast färdiga, aktiva översättningar tas med; detta är inte ett påstående om separat registrerat radbeslut för varje oförändrad post.",project-context,f6847dc68a5dea5228663a5e,reviewed-file-delivery,https://crowdin.com/project/pcsx2,c5f591f1edc9553e40265bc0be0fe67c8e4252c052a1cf8ecfb524489a5aff60,{}
9f83dbae59eb45880be9c1dc,PAL Frame Rate,PAL-bildfrekvens,PCSX2,crowdin-current-ui-batch20-20260920,"GraphicsSettingsWidget
../Settings/GraphicsSettingsWidget.cpp:840",Publiceringsförsöket nekades enligt det äldre kvittot; texten är ett lokalt granskningsförslag.,project-context,1f8c9b2e9bc256e3daf35f53,reviewed-local,https://github.com/yeager/translations/blob/67e6d27877c9cfd6b6dbc74bd852b10bdbe09c3c/PCSX2/crowdin-current-ui-batch20-20260920.json,b9f3010178fb1ba2ee5cb59570e69caac32abf9f9b7229bf26b14b3a321dc236,"{""artifact"":""https://crowdin.com/project/pcsx2"",""sha256"":""8a4038031ee3aee144b8d15b20ea0d9cc93d2716de3abf825cb2fb9b506dc5d9""}"
9f9d8bcecc3278b04f88471d,Disabled (Ignore Transfers),Inaktiverad (ignorera överföringar),PCSX2,crowdin-current-ui-batch14-20260920,"GraphicsAdvancedSettingsTab
../Settings/GraphicsAdvancedSettingsTab.ui:63",,project-context,f7d26ccbe9b225b3c67609e3,reviewed-receipt,https://github.com/yeager/translations/blob/67e6d27877c9cfd6b6dbc74bd852b10bdbe09c3c/PCSX2/crowdin-current-ui-batch14-20260920.json,9f0ff248176205a3bda2eb3f8c6f8e1ab1d89f1ac984b49ef2d06f0eb6672cce,"{""artifact"":""https://crowdin.com/project/pcsx2"",""sha256"":""eaffb5429f8cc5c121c17041b183b522b934385c4289f5b7bba9099ed6ac0b1a""}"
9f9e92f939bbea3dc96635fc,Month of the year (1-12).,Årets månad (1–12).,PCSX2,crowdin-current-ui-batch58-20260920,"FullscreenUI
../../pcsx2/ImGui/FullscreenUI_Settings.cpp:6161",,project-context,f8a98dbedffafbfe339cec1c,reviewed-receipt,https://github.com/yeager/translations/blob/67e6d27877c9cfd6b6dbc74bd852b10bdbe09c3c/PCSX2/crowdin-current-ui-batch58-20260920.json,63dc6922c386d319276df2094a26afd341a8755f207ce8908444de581c157b66,"{""artifact"":""https://crowdin.com/project/pcsx2"",""sha256"":""bc441a36a940e97f70676281a71735544e1d164588e295b40bdc245b99a9dd32""}"
9fa3389c1759ef37d0eece92,N/A,Ej tillämpligt,PCSX2,crowdin-current-ui-batch60-20260920,"DEV9SettingsWidget
../Settings/DEV9SettingsWidget.cpp:202
../Settings/DEV9SettingsWidget.cpp:204
../Settings/DEV9SettingsWidget.cpp:208
../Settings/DEV9SettingsWidget.cpp:214
../Settings/DEV9SettingsWidget.cpp:218",,project-context,60c1ae10947388676a948427,reviewed-receipt,https://github.com/yeager/translations/blob/67e6d27877c9cfd6b6dbc74bd852b10bdbe09c3c/PCSX2/crowdin-current-ui-batch60-20260920.json,8c6cbd32b1310e0a049b06bc12d78c06699e0e814d471dcdf308e46e1f1388d6,"{""artifact"":""https://crowdin.com/project/pcsx2"",""sha256"":""7f98ffbf3a0997a318fa3c2872c988232dc3c95e9628f02c7efbb0f6987bbaf4""}"
9fab4fce3a953a33dda74910,Enabled (Exact Match),Aktiverad (exakt matchning),PCSX2,crowdin-current-ui-batch13-20260920,"GraphicsHardwareFixesSettingsTab
../Settings/GraphicsHardwareFixesSettingsTab.ui:188",,project-context,782e60b1443698af19704fb6,reviewed-receipt,https://github.com/yeager/translations/blob/67e6d27877c9cfd6b6dbc74bd852b10bdbe09c3c/PCSX2/crowdin-current-ui-batch13-20260920.json,623ec591b5fcb41c8d897353bf192b4285c0b8b4a6be7d0f716afe784de07e1d,"{""artifact"":""https://crowdin.com/project/pcsx2"",""sha256"":""59100bf393937b084f658c1bd07b1466c364367ee6cc59871de4204382250c8e""}"
9fb1eca636a33ad92622618d,1 (Normal),1 (normal),PCSX2,crowdin-current-ui-batch24-20260920,"GraphicsHardwareFixesSettingsTab
../Settings/GraphicsHardwareFixesSettingsTab.ui:233",,project-context,2da92b4dcd2b50b2007ef6ab,reviewed-receipt,https://github.com/yeager/translations/blob/67e6d27877c9cfd6b6dbc74bd852b10bdbe09c3c/PCSX2/crowdin-current-ui-batch24-20260920.json,ee2587e30ef9f54541bdbfb4dfcf7512e05bd487cd41e18f4834c7ff3b6d4915,"{""artifact"":""https://crowdin.com/project/pcsx2"",""sha256"":""710e52b8b6ce4e19f3271a6bcf4d644446eee6fe2b29f9202dfe44bc11d2ccb5""}"
a00b03742c44e6a581e65ed8,Bilinear Filtering:,Bilinjär filtrering:,PCSX2,crowdin-current-ui-batch24-20260920,"GraphicsDisplaySettingsTab
../Settings/GraphicsDisplaySettingsTab.ui:173",Publiceringsförsöket nekades enligt det äldre kvittot; texten är ett lokalt granskningsförslag.,project-context,6f1961d68ad798d6610b5a48,reviewed-local,https://github.com/yeager/translations/blob/67e6d27877c9cfd6b6dbc74bd852b10bdbe09c3c/PCSX2/crowdin-current-ui-batch24-20260920.json,ee2587e30ef9f54541bdbfb4dfcf7512e05bd487cd41e18f4834c7ff3b6d4915,"{""artifact"":""https://crowdin.com/project/pcsx2"",""sha256"":""95e5e74a0ef4c80d69dc5ced714051fe27cdcd444a3502c397690dce12a73f56""}"
a00db4110a1a480dd8d65b59,Off (None),Av (ingen),PCSX2,crowdin-current-ui-batch26-20260920,"GraphicsHardwareRenderingSettingsTab
../Settings/GraphicsHardwareRenderingSettingsTab.ui:193",Publiceringsförsöket nekades enligt det äldre kvittot; texten är ett lokalt granskningsförslag.,project-context,6b0b2228b924e889d475e73c,reviewed-local,https://github.com/yeager/translations/blob/67e6d27877c9cfd6b6dbc74bd852b10bdbe09c3c/PCSX2/crowdin-current-ui-batch26-20260920.json,49be151dc9918b0d30da49c790d627c159af0560d66be018b2a4920b716f4063,"{""artifact"":""https://crowdin.com/project/pcsx2"",""sha256"":""d00242956348aaa8a4eeb489ab80c91920a918de992b934aac046f231230acd2""}"
a01b543fb69a20a0ab9ff0af,Initial State:,Starttillstånd:,PCSX2,crowdin-current-ui-batch58-20260920,"LayoutEditorDialog
../Debugger/Docking/LayoutEditorDialog.ui:48",,project-context,c060e5b900c598317eb744b4,reviewed-receipt,https://github.com/yeager/translations/blob/67e6d27877c9cfd6b6dbc74bd852b10bdbe09c3c/PCSX2/crowdin-current-ui-batch58-20260920.json,63dc6922c386d319276df2094a26afd341a8755f207ce8908444de581c157b66,"{""artifact"":""https://crowdin.com/project/pcsx2"",""sha256"":""9aba1e42ae2fc37acc3517c0bb580931f4e9389b84fda006e5bf3883e78537b5""}"
a01cc4a5ca99cd761e40e17b,ROV Barriers Vulkan,ROV-barriärer för Vulkan,PCSX2,crowdin-current-ui-batch55-20260920,"GraphicsAdvancedSettingsTab
../Settings/GraphicsAdvancedSettingsTab.ui:123",,project-context,77db54077e4eef7728ec30f1,reviewed-receipt,https://github.com/yeager/translations/blob/67e6d27877c9cfd6b6dbc74bd852b10bdbe09c3c/PCSX2/crowdin-current-ui-batch55-20260920.json,eef7fecf9007fb67b7321b88ecfd43d8a1e78e3c19d6b14ffe23010d7cdbe6b1,"{""artifact"":""https://crowdin.com/project/pcsx2"",""sha256"":""74d39b5a2c7555a5c53d951f3f3d47c5bd8512c247a6353c3dd2ec8df82f7f83""}"
a0280b6ae8775a9bbf434596,Anti-Blur,Minska oskärpa,PCSX2,crowdin-current-ui-batch23-20260920,"GraphicsDisplaySettingsTab
../Settings/GraphicsDisplaySettingsTab.ui:62",,project-context,1d7d92da1566fbd3c97f905b,reviewed-receipt,https://github.com/yeager/translations/blob/67e6d27877c9cfd6b6dbc74bd852b10bdbe09c3c/PCSX2/crowdin-current-ui-batch23-20260920.json,94825b8000dc084475f7ee18208d828359829f994a9e4d0dfc9ec3c3d325f60e,"{""artifact"":""https://crowdin.com/project/pcsx2"",""sha256"":""01a57bf5313bc3d266541f04e1256405320b23985269000e09addea7a5027e14""}"
a05d759ef6a285720cfc4528,Internal Resolution:,Intern upplösning:,PCSX2,crowdin-current-ui-batch25-20260920,"GraphicsHardwareRenderingSettingsTab
../Settings/GraphicsHardwareRenderingSettingsTab.ui:106",Publiceringsförsöket nekades enligt det äldre kvittot; texten är ett lokalt granskningsförslag.,project-context,f0467b66a349ce603bb53c14,reviewed-local,https://github.com/yeager/translations/blob/67e6d27877c9cfd6b6dbc74bd852b10bdbe09c3c/PCSX2/crowdin-current-ui-batch25-20260920.json,c686e808bea1ecea795d6bd0a3871f9ea94959e30276601f8efafda34c283479,"{""artifact"":""https://crowdin.com/project/pcsx2"",""sha256"":""d47ed379e26b66a304995843f3646b67d8e9ab12f16d36690b60505d63a8729d""}"
a063e66d064b1dd4e284cb41,Select File,Välj fil,PCSX2,crowdin-current-ui-batch51-20260920,"FullscreenUI
../../pcsx2/ImGui/FullscreenUI_Settings.cpp:6990",Publiceringsförsöket nekades enligt det äldre kvittot; texten är ett lokalt granskningsförslag.,project-context,49761b33bca3bf56b31247d0,reviewed-local,https://github.com/yeager/translations/blob/67e6d27877c9cfd6b6dbc74bd852b10bdbe09c3c/PCSX2/crowdin-current-ui-batch51-20260920.json,a8b5191343bdd297b5d152a224021320a839b19ec9afc66e6fdf7d9067e58697,"{""artifact"":""https://crowdin.com/project/pcsx2"",""sha256"":""374dba658521e9932ab68e59406f6dd6f0fc48d46ab372034f8c26135ea3e0e4""}"
a0bbbada8101df20dba66027,Log Format,Loggformat,PCSX2,crowdin-current-ui-batch64-20260920,"BreakpointDialog
../Debugger/Breakpoints/BreakpointDialog.ui:311",Publiceringsförsöket nekades enligt det äldre kvittot; texten är ett lokalt granskningsförslag.,project-context,61572ae6ed8544d0a169f6c7,reviewed-local,https://github.com/yeager/translations/blob/67e6d27877c9cfd6b6dbc74bd852b10bdbe09c3c/PCSX2/crowdin-current-ui-batch64-20260920.json,3eb6750c0d4249b01cf40b2787e9f2e9792529adfb274d1a979de2495c7acabc,"{""artifact"":""https://crowdin.com/project/pcsx2"",""sha256"":""f72eb33787fcab744bf0c1855b4038e25c562f0afb4da0e788a807ae14555a94""}"
a0e6af9204255516fec58a25,New Parameter Variable,Ny parametervariabel,PCSX2,crowdin-current-ui-batch17-20260920,"NewParameterVariableDialog
../Debugger/SymbolTree/NewSymbolDialogs.cpp:546",Publiceringsförsöket nekades enligt det äldre kvittot; texten är ett lokalt granskningsförslag.,project-context,e529f7710d3913b004b6477e,reviewed-local,https://github.com/yeager/translations/blob/67e6d27877c9cfd6b6dbc74bd852b10bdbe09c3c/PCSX2/crowdin-current-ui-batch17-20260920.json,c3e8ec58262cb9ca378f79dea9c4f1baee0c939d134bdeccfba91a46dd70eaae,"{""artifact"":""https://crowdin.com/project/pcsx2"",""sha256"":""2cfd03404afee33e6eb6a1150b5c0788239bd6c3cfa503c4ca28c35226bde7a3""}"
a0f67e122fcd183945d26c42,Auto,Automatiskt,PCSX2,crowdin-current-ui-batch26-20260920,"GraphicsMediaCaptureSettingsTab
../Settings/GraphicsMediaCaptureSettingsTab.ui:341",Publiceringsförsöket nekades enligt det äldre kvittot; texten är ett lokalt granskningsförslag.,project-context,5033262030a928cfc5e3f802,reviewed-local,https://github.com/yeager/translations/blob/67e6d27877c9cfd6b6dbc74bd852b10bdbe09c3c/PCSX2/crowdin-current-ui-batch26-20260920.json,49be151dc9918b0d30da49c790d627c159af0560d66be018b2a4920b716f4063,"{""artifact"":""https://crowdin.com/project/pcsx2"",""sha256"":""1000a64539ce18d6d6c135bd656b4b971d420f50f3238397a537a2527408e994""}"
a0fcacdaf130ec964abe70a6,DNS1 Mode,DNS1-läge,PCSX2,crowdin-current-ui-batch60-20260920,"DEV9SettingsWidget
../Settings/DEV9SettingsWidget.cpp:212",Publiceringsförsöket nekades enligt det äldre kvittot; texten är ett lokalt granskningsförslag.,project-context,57ca6282849f2ed23b25a432,reviewed-local,https://github.com/yeager/translations/blob/67e6d27877c9cfd6b6dbc74bd852b10bdbe09c3c/PCSX2/crowdin-current-ui-batch60-20260920.json,8c6cbd32b1310e0a049b06bc12d78c06699e0e814d471dcdf308e46e1f1388d6,"{""artifact"":""https://crowdin.com/project/pcsx2"",""sha256"":""2b4695b73194e8b6af2e6f06cc7c9adbacf617f9fb3795c8a477083859c77389""}"
a0ff0f41ec273d758281cbcb,Selection and Preview,Val och förhandsgranskning,PCSX2,crowdin-current-ui-batch54-20260920,"OsdFontPickerDialog
../Settings/OsdFontPickerDialog.ui:166",,project-context,4d8f5c97ee8195171c7b8412,reviewed-receipt,https://github.com/yeager/translations/blob/67e6d27877c9cfd6b6dbc74bd852b10bdbe09c3c/PCSX2/crowdin-current-ui-batch54-20260920.json,1ea914cd857e948af6e29d5981765e20bf4f3f3bfcd3d14fdfab548fae14eacc,"{""artifact"":""https://crowdin.com/project/pcsx2"",""sha256"":""396f1c335f2f5a111112a7be565608a22e2e1bb9868f30b9ccc9ef444f7270a3""}"
a18698dab1585875fd6a4e7a,Log When Hit,Logga vid träff,PCSX2,crowdin-current-ui-batch64-20260920,"BreakpointDialog
../Debugger/Breakpoints/BreakpointDialog.ui:299",Publiceringsförsöket nekades enligt det äldre kvittot; texten är ett lokalt granskningsförslag.,project-context,30613082fef1d125c5e69e77,reviewed-local,https://github.com/yeager/translations/blob/67e6d27877c9cfd6b6dbc74bd852b10bdbe09c3c/PCSX2/crowdin-current-ui-batch64-20260920.json,3eb6750c0d4249b01cf40b2787e9f2e9792529adfb274d1a979de2495c7acabc,"{""artifact"":""https://crowdin.com/project/pcsx2"",""sha256"":""61f6586869856d3a258bd3479364d2ce17f5e72dfb6b28a32716c4c5287c6047""}"
a19e10f5c6564e3d3689aea8,Limit Depth to 24 Bits,Begränsa djupet till 24 bitar,PCSX2,crowdin-current-ui-batch49-20260920,"GraphicsHardwareFixesSettingsTab
../Settings/GraphicsHardwareFixesSettingsTab.ui:375",,project-context,1db38af631a8f1c80247e1d2,reviewed-receipt,https://github.com/yeager/translations/blob/67e6d27877c9cfd6b6dbc74bd852b10bdbe09c3c/PCSX2/crowdin-current-ui-batch49-20260920.json,3e907fbc31b1fdfcccfc47d4a6a49ad2bfe6eb9414cebf6471f974279c345287,"{""artifact"":""https://crowdin.com/project/pcsx2"",""sha256"":""554a52f9f5f37acbb179ca4a468c22bc94f82499a3b1a7bfb7bb021a30c39812""}"
a21708e6fdc0f7077860be3a,Intercept DHCP,Fånga upp DHCP,PCSX2,crowdin-current-ui-batch36-20260920,"FullscreenUI
../../pcsx2/ImGui/FullscreenUI_Settings.cpp:6954",,project-context,6a54854e4b3081edc70ba12c,reviewed-receipt,https://github.com/yeager/translations/blob/67e6d27877c9cfd6b6dbc74bd852b10bdbe09c3c/PCSX2/crowdin-current-ui-batch36-20260920.json,06685b2a6b6a0881c244315d3604555b5de0e31fa34564c53c68e8d7b263bdfe,"{""artifact"":""https://crowdin.com/project/pcsx2"",""sha256"":""751d55f9c7fad8bd038c09544e593f4ee9f3e0188dae936ce5a0521bb58de835""}"
a236cb36791c8ee9b39b3c1a,Opacity:,Opacitet:,PCSX2,crowdin-current-ui-batch31-20260920,"InterfaceSettingsWidget
../Settings/InterfaceSettingsWidget.ui:239",Publiceringsförsöket nekades enligt det äldre kvittot; texten är ett lokalt granskningsförslag.,project-context,6c1c2e5969d1756f89d207c6,reviewed-local,https://github.com/yeager/translations/blob/67e6d27877c9cfd6b6dbc74bd852b10bdbe09c3c/PCSX2/crowdin-current-ui-batch31-20260920.json,7f296a46b32719e99a638c81474fc3438c10c81ba7fa7f9ae7a93270e2b8c504,"{""artifact"":""https://crowdin.com/project/pcsx2"",""sha256"":""0ab2cff8b459a96eb692e7cb972db0d4a38db4db8290fecbbda17546171f4cdf""}"
a2648952d7b40f43c00d69b8,Volume: Muted,Volym: avstängd,PCSX2,crowdin-current-ui-batch56-20260920,"EmuThread
../QtHost.cpp:1040",,project-context,2528825c009ee71e9be5a299,reviewed-receipt,https://github.com/yeager/translations/blob/67e6d27877c9cfd6b6dbc74bd852b10bdbe09c3c/PCSX2/crowdin-current-ui-batch56-20260920.json,e544f4e37b292a5a59167a947672fb099eeaff33c9d732c3cd8e9184cd9a4307,"{""artifact"":""https://crowdin.com/project/pcsx2"",""sha256"":""7e11b95f92f94ebe247d81b0a56d6bf13cd6981ee1b64d58a00f9417dc6b16c1""}"
a2984f69ae4ca9a44d8ad653,&Customize Toolbar...,&Anpassa verktygsfält …,PCSX2,Crowdin UI,,"Granskad filleverans. Endast färdiga, aktiva översättningar tas med; detta är inte ett påstående om separat registrerat radbeslut för varje oförändrad post.",project-context,7db206aba8cb72b11c693107,reviewed-file-delivery,https://crowdin.com/project/pcsx2,c5f591f1edc9553e40265bc0be0fe67c8e4252c052a1cf8ecfb524489a5aff60,{}
a2c9efb574d9e1ca9e035727,Standard Volume,Standardvolym,PCSX2,crowdin-current-ui-batch32-20260920,"AudioSettingsWidget
../Settings/AudioSettingsWidget.cpp:115",Publiceringsförsöket nekades enligt det äldre kvittot; texten är ett lokalt granskningsförslag.,project-context,297987a3060fd676a74e7620,reviewed-local,https://github.com/yeager/translations/blob/67e6d27877c9cfd6b6dbc74bd852b10bdbe09c3c/PCSX2/crowdin-current-ui-batch32-20260920.json,8508e8374eb7f35a6dbd9e586bfae248023f55fcc7b6ce641daf41e2c61e9c01,"{""artifact"":""https://crowdin.com/project/pcsx2"",""sha256"":""f73219a31a496ce5678d78217fb6e60eb94b0663594bc42df3e2f33b105756d1""}"
a2e86633066301294904d51c,Show EE SIO &Input,Visa EE SIO-&inmatning,PCSX2,Crowdin UI,,"Granskad filleverans. Endast färdiga, aktiva översättningar tas med; detta är inte ett påstående om separat registrerat radbeslut för varje oförändrad post.",project-context,7a77cde12ed8f67ea625c035,reviewed-file-delivery,https://crowdin.com/project/pcsx2,c5f591f1edc9553e40265bc0be0fe67c8e4252c052a1cf8ecfb524489a5aff60,{}
a305e3bfcfeaa1c207707b41,Navigate Subsets,Navigera delmängder,PCSX2,crowdin-current-ui-batch50-20260920,"Achievements
../../pcsx2/Achievements.cpp:2544
../../pcsx2/Achievements.cpp:2563",,project-context,ddb107c1e68f93d578444f4e,reviewed-receipt,https://github.com/yeager/translations/blob/67e6d27877c9cfd6b6dbc74bd852b10bdbe09c3c/PCSX2/crowdin-current-ui-batch50-20260920.json,526c37bda266096897ffc29f6d90f1526ccd117934fef6462d4629b30c159187,"{""artifact"":""https://crowdin.com/project/pcsx2"",""sha256"":""4e8f8b1a3c07b9b3ae5173dbe1aae76821ca27135f1272dacc8feb37acf57896""}"
a3112646d1e0aefacbf307c7,Enable Network Adapter,Aktivera nätverksadapter,PCSX2,crowdin-current-ui-batch35-20260920,"FullscreenUI
../../pcsx2/ImGui/FullscreenUI_Settings.cpp:6951",Publiceringsförsöket nekades enligt det äldre kvittot; texten är ett lokalt granskningsförslag.,project-context,b4f817c4bec7d25162002208,reviewed-local,https://github.com/yeager/translations/blob/67e6d27877c9cfd6b6dbc74bd852b10bdbe09c3c/PCSX2/crowdin-current-ui-batch35-20260920.json,6c1b597bc9480c34eadc255045e58a2413f454db5a76874db451ebfcd5d24853,"{""artifact"":""https://crowdin.com/project/pcsx2"",""sha256"":""42bbcac73e1ab104ea80bd211db69802ccae3fcaa0cc86f01acca390dff4a612""}"
a31edcb4f736c4118ed18dda,Use Default,Använd standard,PCSX2,crowdin-current-ui-batch54-20260920,"OsdFontPickerDialog
../Settings/OsdFontPickerDialog.ui:250",Publiceringsförsöket nekades enligt det äldre kvittot; texten är ett lokalt granskningsförslag.,project-context,3f7576c91f6e2c3be00ae592,reviewed-local,https://github.com/yeager/translations/blob/67e6d27877c9cfd6b6dbc74bd852b10bdbe09c3c/PCSX2/crowdin-current-ui-batch54-20260920.json,1ea914cd857e948af6e29d5981765e20bf4f3f3bfcd3d14fdfab548fae14eacc,"{""artifact"":""https://crowdin.com/project/pcsx2"",""sha256"":""caefdc868b4a8b720cabab8f3ca06fe410f29fbb4fcd9cb5f60b100c28a34b9e""}"
a33895d1b7e4a9fb98eedf4f,High,Hög,PCSX2,crowdin-current-ui-batch51-20260920,"GameDatabase
../../pcsx2/GameDatabase.cpp:925",Publiceringsförsöket nekades enligt det äldre kvittot; texten är ett lokalt granskningsförslag.,project-context,3229130719d34a4d738f0931,reviewed-local,https://github.com/yeager/translations/blob/67e6d27877c9cfd6b6dbc74bd852b10bdbe09c3c/PCSX2/crowdin-current-ui-batch51-20260920.json,a8b5191343bdd297b5d152a224021320a839b19ec9afc66e6fdf7d9067e58697,"{""artifact"":""https://crowdin.com/project/pcsx2"",""sha256"":""64af404dca7927e801d36884793958e9440232f3225b3a86ec0d7c58193846d3""}"
a39db7409eddcd84e33d36d1,Volume: Muted,Volym: avstängd,PCSX2,crowdin-current-ui-batch55-20260920,"Hotkeys_Volume
../../pcsx2/Hotkeys.cpp:84",,project-context,1815186408201d7bb1d39a04,reviewed-receipt,https://github.com/yeager/translations/blob/67e6d27877c9cfd6b6dbc74bd852b10bdbe09c3c/PCSX2/crowdin-current-ui-batch55-20260920.json,eef7fecf9007fb67b7321b88ecfd43d8a1e78e3c19d6b14ffe23010d7cdbe6b1,"{""artifact"":""https://crowdin.com/project/pcsx2"",""sha256"":""4ae71625699c4e68a5c07390d2e61b6f0f959aa79c484b6093ed088184c0c67e""}"
a3be03fc2806a39999fb190d,Reset Controller Settings,Återställ handkontrollens inställningar,PCSX2,crowdin-current-ui-batch22-20260920,"FullscreenUI
../../pcsx2/ImGui/FullscreenUI_Settings.cpp:6999",,project-context,97a1c16bf64eac5ce3f6a2c9,reviewed-receipt,https://github.com/yeager/translations/blob/67e6d27877c9cfd6b6dbc74bd852b10bdbe09c3c/PCSX2/crowdin-current-ui-batch22-20260920.json,4f04c5281fafa51fe7ba74101b3c304645c8874ef28d97c8f99b5d9fe805c47e,"{""artifact"":""https://crowdin.com/project/pcsx2"",""sha256"":""b5a16435ec87634b139fa5af4640b370313b83d2fa2ba99601dd38483d5ac8ed""}"
a3c4e17357102dd6610bee08,Failed to read byte.,Det gick inte att läsa byte.,PCSX2,crowdin-current-ui-batch43-20260920,"GSDumpFile
../../pcsx2/GS/GSLzma.cpp:162",,project-context,8f8269cb53f6f7bf47054d7f,reviewed-receipt,https://github.com/yeager/translations/blob/67e6d27877c9cfd6b6dbc74bd852b10bdbe09c3c/PCSX2/crowdin-current-ui-batch43-20260920.json,f579d21901c076c71bfe3d8f99475909dc2a77edf2cbda40a55f781cfb57432e,"{""artifact"":""https://crowdin.com/project/pcsx2"",""sha256"":""d24d7cc3c5a2c0bdcac2f807ba0f6bc8e653db5a9dde952f17fc305b50fba606""}"
a3c6375488224d2a6192ae26,PAL Frame Rate,Bildrutehastighet för PAL,PCSX2,crowdin-current-ui-batch15-20260920,"GraphicsSettingsWidget
../Settings/GraphicsSettingsWidget.cpp:840",,project-context,2007ecf8f509211b88d0944d,reviewed-receipt,https://github.com/yeager/translations/blob/67e6d27877c9cfd6b6dbc74bd852b10bdbe09c3c/PCSX2/crowdin-current-ui-batch15-20260920.json,9b2ebc5e4b008f5a05b2c32d2825bc90cde350d6c271bc9dbc7a0033312db467,"{""artifact"":""https://crowdin.com/project/pcsx2"",""sha256"":""8a4038031ee3aee144b8d15b20ea0d9cc93d2716de3abf825cb2fb9b506dc5d9""}"
a3c78fb0fc9af8e1613279d7,Startup Error,Startfel,PCSX2,crowdin-current-ui-batch43-20260920,"FullscreenUI
../../pcsx2/ImGui/FullscreenUI.cpp:4160",,project-context,80c0d92860a3de29db5f4c69,reviewed-receipt,https://github.com/yeager/translations/blob/67e6d27877c9cfd6b6dbc74bd852b10bdbe09c3c/PCSX2/crowdin-current-ui-batch43-20260920.json,f579d21901c076c71bfe3d8f99475909dc2a77edf2cbda40a55f781cfb57432e,"{""artifact"":""https://crowdin.com/project/pcsx2"",""sha256"":""57eaf953e2529b0c69ecb95934ffebe5a35a8d22a79668cc3e5668189049b6b4""}"
a3e7705c54c08b677d7bdcc2,Available Actions:,Tillgängliga åtgärder:,PCSX2,crowdin-current-ui-batch9-20260920,"ToolbarCustomizationDialog
../ToolbarCustomizationDialog.ui:31",Publiceringsförsöket nekades enligt det äldre kvittot; texten är ett lokalt granskningsförslag.,project-context,3d49d721c09fb03227d35d38,reviewed-local,https://github.com/yeager/translations/blob/67e6d27877c9cfd6b6dbc74bd852b10bdbe09c3c/PCSX2/crowdin-current-ui-batch9-20260920.json,134204bdde884be3c2722090609773e05cd73b495e902e6f39659aa156be0139,"{""artifact"":""https://crowdin.com/project/pcsx2"",""sha256"":""c0ae7fabfd0022c2cfae9c3347fc200334abeb1310f4f60f9a86bac69bf22c98""}"
a3f93eed652ee3d53adc5c47,Show GS Statistics,Visa GS-statistik,PCSX2,crowdin-current-ui-batch53-20260920,"OSDSettingsWidget
../Settings/OSDSettingsWidget.ui:428
../Settings/OSDSettingsWidget.cpp:116",Publiceringsförsöket nekades enligt det äldre kvittot; texten är ett lokalt granskningsförslag.,project-context,4d4e9e4172f268bf455fa678,reviewed-local,https://github.com/yeager/translations/blob/67e6d27877c9cfd6b6dbc74bd852b10bdbe09c3c/PCSX2/crowdin-current-ui-batch53-20260920.json,cf9e3a076b0a7a4c9da64198f8216ad33f840f37229f480c53c816b8096dd673,"{""artifact"":""https://crowdin.com/project/pcsx2"",""sha256"":""6e95d9d341cc169ae95ef1e80282f5ed66a7352d8394c18b35b296993ea9785d""}"
a404edfc28f0902a5f20a405,Failed to initialize USB.,Det gick inte att initiera USB.,PCSX2,crowdin-current-ui-batch45-20260920,"VMManager
../../pcsx2/VMManager.cpp:1606",Publiceringsförsöket nekades enligt det äldre kvittot; texten är ett lokalt granskningsförslag.,project-context,fa55db23ffd4997eae79287a,reviewed-local,https://github.com/yeager/translations/blob/67e6d27877c9cfd6b6dbc74bd852b10bdbe09c3c/PCSX2/crowdin-current-ui-batch45-20260920.json,4c2583095ac82af7cbd5d2e9b388582811e469f82c52448518b800a7bc23bdc8,"{""artifact"":""https://crowdin.com/project/pcsx2"",""sha256"":""ffb9708125923232721e20012e490e460819e88b7ac855754b437b927fa0a741""}"
a43020c3b9ba8860c0e7054c,Save Draw Stats,Spara ritningsstatistik,PCSX2,crowdin-current-ui-batch12-20260920,"DebugGSSettingsTab
../Settings/DebugGSSettingsTab.ui:77",Publiceringsförsöket nekades enligt det äldre kvittot; texten är ett lokalt granskningsförslag.,project-context,981bea444e8734cd269eef2d,reviewed-local,https://github.com/yeager/translations/blob/67e6d27877c9cfd6b6dbc74bd852b10bdbe09c3c/PCSX2/crowdin-current-ui-batch12-20260920.json,069c92ed85703bad78e9b4e17bd0d4fccb132ebeed9d3bedd8328dbf6ea26909,"{""artifact"":""https://crowdin.com/project/pcsx2"",""sha256"":""c32fb0520ddfe0116a36cb7868686f120d8e88fb4d6ca1734dde8d6a5f23557e""}"
a4364962198b25955f0d4481,Save HW Config,Spara hårdvarukonfiguration,PCSX2,crowdin-current-ui-batch1-20260920,"DebugGSSettingsTab
../Settings/DebugGSSettingsTab.ui:98",,project-context,8b20485f66e7cc4ff97fb08e,reviewed-receipt,https://github.com/yeager/translations/blob/67e6d27877c9cfd6b6dbc74bd852b10bdbe09c3c/PCSX2/crowdin-current-ui-batch1-20260920.json,fbacbf8b449e630f42dbc651e3eb3d61f650cd4cb6d478d350f9a55ce6b87962,"{""artifact"":""https://crowdin.com/project/pcsx2"",""sha256"":""27feeadec5497b4cfe118f4996d0fe0644f7538a6d672e258bc07fda6c0e0b60""}"
a437ff4411a3cd1c41ff850f,Performance Metrics Options,Alternativ för prestandamått,PCSX2,crowdin-current-ui-batch8-20260920,"DebugGSSettingsTab
../Settings/DebugGSSettingsTab.ui:326",,project-context,ec408733550ae04434bce1ff,reviewed-receipt,https://github.com/yeager/translations/blob/67e6d27877c9cfd6b6dbc74bd852b10bdbe09c3c/PCSX2/crowdin-current-ui-batch8-20260920.json,6d671a2f5891b45d5687714706665353e2ac62d51b8d507209b9c6fd5769ca1f,"{""artifact"":""https://crowdin.com/project/pcsx2"",""sha256"":""85decc5d4e02c8813f1fdb8f66c04ef79419121ff1627b1b18ee9d3fd982e11a""}"
a50fd67f0c53328186d458ff,Open Video Capture Folder,Öppna mapp för videoinspelning,PCSX2,Crowdin UI,,"Granskad filleverans. Endast färdiga, aktiva översättningar tas med; detta är inte ett påstående om separat registrerat radbeslut för varje oförändrad post.",project-context,310a444db30df7638c14339b,reviewed-file-delivery,https://crowdin.com/project/pcsx2,c5f591f1edc9553e40265bc0be0fe67c8e4252c052a1cf8ecfb524489a5aff60,{}
a5bb48cd517d66a42d008f46,Container Format,Containerformat,PCSX2,crowdin-current-ui-batch7-20260920,"GraphicsSettingsWidget
../Settings/GraphicsSettingsWidget.cpp:738",,project-context,83b53f88dc8dfa04e34c760a,reviewed-receipt,https://github.com/yeager/translations/blob/67e6d27877c9cfd6b6dbc74bd852b10bdbe09c3c/PCSX2/crowdin-current-ui-batch7-20260920.json,8c630c03eadaf91965c9d87bc474586df0a53ac156826372c002fcc927248561,"{""artifact"":""https://crowdin.com/project/pcsx2"",""sha256"":""4ecbd567726e3e376e3d6a8efd890ccdefab97f43eaa583d0ebd277d8c5cdd23""}"
a60c0c3b1e3ff832eec6f06b,Alt+Right,Alt+Höger,PCSX2,crowdin-current-ui-batch56-20260920,"DebuggerWindow
../Debugger/DebuggerWindow.ui:374",,project-context,886b59e4e47d46bb92fc56b3,reviewed-receipt,https://github.com/yeager/translations/blob/67e6d27877c9cfd6b6dbc74bd852b10bdbe09c3c/PCSX2/crowdin-current-ui-batch56-20260920.json,e544f4e37b292a5a59167a947672fb099eeaff33c9d732c3cd8e9184cd9a4307,"{""artifact"":""https://crowdin.com/project/pcsx2"",""sha256"":""92c1b67ae11b7e3b818fba5ef7a82f27a38794a6a3518aae2be85613a9e3c76e""}"
a62fa02d863c35f93ae35957,Memory Card Enabled,Minneskort aktiverat,PCSX2,crowdin-current-ui-batch10-20260920,"FullscreenUI
../../pcsx2/ImGui/FullscreenUI_Settings.cpp:7094",Publiceringsförsöket nekades enligt det äldre kvittot; texten är ett lokalt granskningsförslag.,project-context,e7070efac893d2f06d67f707,reviewed-local,https://github.com/yeager/translations/blob/67e6d27877c9cfd6b6dbc74bd852b10bdbe09c3c/PCSX2/crowdin-current-ui-batch10-20260920.json,3c14ee97d43ded3046a999eef4784f22e73a1576e3b07915345f50e5fc2d9296,"{""artifact"":""https://crowdin.com/project/pcsx2"",""sha256"":""19cffaf39a5ffccca626788cd419d6457d231038ca7767e208b51141311057fd""}"
a669a378f650b6d2ef4e0819,Audio Bitrate,Ljudbithastighet,PCSX2,crowdin-current-ui-batch8-20260920,"FullscreenUI
../../pcsx2/ImGui/FullscreenUI_Settings.cpp:6893",,project-context,31e7526e695baae52797148d,reviewed-receipt,https://github.com/yeager/translations/blob/67e6d27877c9cfd6b6dbc74bd852b10bdbe09c3c/PCSX2/crowdin-current-ui-batch8-20260920.json,6d671a2f5891b45d5687714706665353e2ac62d51b8d507209b9c6fd5769ca1f,"{""artifact"":""https://crowdin.com/project/pcsx2"",""sha256"":""fffa3d7ce42cc37efacf61679c58594e211267cea3e4ae16efbc8f6bb149d27e""}"
a67c93c74102774ff1373678,DualShock 4 / DualSense Enhanced Mode,Förbättrat läge för DualShock 4/DualSense,PCSX2,Crowdin UI,,"Granskad filleverans. Endast färdiga, aktiva översättningar tas med; detta är inte ett påstående om separat registrerat radbeslut för varje oförändrad post.",project-context,a7a6d92f6d8f3cd9354cf432,reviewed-file-delivery,https://crowdin.com/project/pcsx2,c5f591f1edc9553e40265bc0be0fe67c8e4252c052a1cf8ecfb524489a5aff60,{}
a7021dbbd62ea9646c843b8e,CPU Sprite Render Level,Renderingsnivå för CPU-spritar,PCSX2,crowdin-current-ui-batch62-20260920,"GraphicsSettingsWidget
../Settings/GraphicsSettingsWidget.cpp:582",,project-context,3fb14b13e439125c796803ea,reviewed-receipt,https://github.com/yeager/translations/blob/67e6d27877c9cfd6b6dbc74bd852b10bdbe09c3c/PCSX2/crowdin-current-ui-batch62-20260920.json,6f455bab497aab5f47fecf4d901525cee3a927cec35cd4f2f0dc82942d40dace,"{""artifact"":""https://crowdin.com/project/pcsx2"",""sha256"":""0317ee1b5f065bf489b1038269f7027746908374664407749de53f01c247b775""}"
a70715403bb3a6539107b242,Tile,Sida vid sida,PCSX2,crowdin-current-ui-batch40-20260920,"InterfaceSettingsWidget
../Settings/InterfaceSettingsWidget.ui:317",Publiceringsförsöket nekades enligt det äldre kvittot; texten är ett lokalt granskningsförslag.,project-context,7a6608f6d93b00755d844201,reviewed-local,https://github.com/yeager/translations/blob/67e6d27877c9cfd6b6dbc74bd852b10bdbe09c3c/PCSX2/crowdin-current-ui-batch40-20260920.json,10eda59b167a547e47b04d1ef5226a52229dce7efa17d02a4fe94908fb96ed03,"{""artifact"":""https://crowdin.com/project/pcsx2"",""sha256"":""c5d416eac229978d17e51d8345deea14c0d97c86cdb46aa63c7129b34ba82988""}"
a709d761f5f4c13e49870860,NAME,NAMN,PCSX2,crowdin-current-ui-batch16-20260920,"Warning: short space limit. Abbreviate if needed.
ModuleModel
../Debugger/ModuleModel.cpp:102",Publiceringsförsöket nekades enligt det äldre kvittot; texten är ett lokalt granskningsförslag.,project-context,c42d0bdcdc7630ca5b69d90b,reviewed-local,https://github.com/yeager/translations/blob/67e6d27877c9cfd6b6dbc74bd852b10bdbe09c3c/PCSX2/crowdin-current-ui-batch16-20260920.json,97ddb02a5c2e9d349bcc0facea2f2c65740a59d833cbc32e9a26b9d72a9feeb5,"{""artifact"":""https://crowdin.com/project/pcsx2"",""sha256"":""501fb615e55f050e734defaef7e7e250bee3fd2e26fd1fd08cd1824347a8db56""}"
a716b109ecc9992578f0f39c,Drop Indicator Style:,Stil för släppindikator:,PCSX2,crowdin-current-ui-batch22-20260920,"DebugUserInterfaceSettingsTab
../Settings/DebugUserInterfaceSettingsTab.ui:93",,project-context,2504985d18372a67a1a9aa09,reviewed-receipt,https://github.com/yeager/translations/blob/67e6d27877c9cfd6b6dbc74bd852b10bdbe09c3c/PCSX2/crowdin-current-ui-batch22-20260920.json,4f04c5281fafa51fe7ba74101b3c304645c8874ef28d97c8f99b5d9fe805c47e,"{""artifact"":""https://crowdin.com/project/pcsx2"",""sha256"":""c10620b78df871e26968ff49f2fb77efb9ba6470fad0cbc0e90c3c793018d49a""}"
a71bf014debe06e615598f25,Organization,Organisation,PCSX2,crowdin-current-ui-batch58-20260920,"FullscreenUI
../../pcsx2/ImGui/FullscreenUI_Settings.cpp:6407",,project-context,e80880fa54c5a092c6e58e03,reviewed-receipt,https://github.com/yeager/translations/blob/67e6d27877c9cfd6b6dbc74bd852b10bdbe09c3c/PCSX2/crowdin-current-ui-batch58-20260920.json,63dc6922c386d319276df2094a26afd341a8755f207ce8908444de581c157b66,"{""artifact"":""https://crowdin.com/project/pcsx2"",""sha256"":""c5b3907585dc9b3174d774ccb4cb9f850cae99dc90c75a4a5d7e7743a92fdda1""}"
a7a58052894f27b243fc1ce1,Move Up,Flytta upp,PCSX2,crowdin-current-ui-batch64-20260920,"ToolbarCustomizationDialog
../ToolbarCustomizationDialog.ui:142",Publiceringsförsöket nekades enligt det äldre kvittot; texten är ett lokalt granskningsförslag.,project-context,f75223459377e40ee03a1039,reviewed-local,https://github.com/yeager/translations/blob/67e6d27877c9cfd6b6dbc74bd852b10bdbe09c3c/PCSX2/crowdin-current-ui-batch64-20260920.json,3eb6750c0d4249b01cf40b2787e9f2e9792529adfb274d1a979de2495c7acabc,"{""artifact"":""https://crowdin.com/project/pcsx2"",""sha256"":""8d8590d81959f4942561eade1bdddf88222b2b075f5618c6808aa18ee528989e""}"
a7ee551f642af1ea4788025b,Unscaled (Default),Oskalad (standard),PCSX2,crowdin-current-ui-batch25-20260920,"GraphicsHardwareRenderingSettingsTab
../Settings/GraphicsHardwareRenderingSettingsTab.ui:41",Publiceringsförsöket nekades enligt det äldre kvittot; texten är ett lokalt granskningsförslag.,project-context,c2eaab66e8b7bd7eeb4ab296,reviewed-local,https://github.com/yeager/translations/blob/67e6d27877c9cfd6b6dbc74bd852b10bdbe09c3c/PCSX2/crowdin-current-ui-batch25-20260920.json,c686e808bea1ecea795d6bd0a3871f9ea94959e30276601f8efafda34c283479,"{""artifact"":""https://crowdin.com/project/pcsx2"",""sha256"":""a7658d476c7f644fc06d1c81b93a2c6353b903fe9fc3b0f28035c0182bd09fa3""}"
a83d0295ca9808be0d81ed36,Save Frame Statistics,Spara bildrutsstatistik,PCSX2,crowdin-current-ui-batch4-20260920,"DebugSettingsWidget
../Settings/DebugSettingsWidget.cpp:146",,project-context,346100748fb860dd3ae0931b,reviewed-receipt,https://github.com/yeager/translations/blob/67e6d27877c9cfd6b6dbc74bd852b10bdbe09c3c/PCSX2/crowdin-current-ui-batch4-20260920.json,ba9e5644897861c8a18b34f41eeec20168b3176a59ad05fabbf37a183fc525c8,"{""artifact"":""https://crowdin.com/project/pcsx2"",""sha256"":""d8c453a25d538b352a4413fbaa5c74df9e5c41b721d89833432b7b3e53152e42""}"
a85bf74aade2d711c2cf7e9b,Rewrite Large ST,Skriv om stora ST,PCSX2,Crowdin UI,,"Granskad filleverans. Endast färdiga, aktiva översättningar tas med; detta är inte ett påstående om separat registrerat radbeslut för varje oförändrad post.",project-context,467797edd51dd5f19f0a86c1,reviewed-file-delivery,https://crowdin.com/project/pcsx2,c5f591f1edc9553e40265bc0be0fe67c8e4252c052a1cf8ecfb524489a5aff60,{}
a88609b34d5768b34f7c6019,Spin GPU During Readbacks,Spinn GPU under återläsningar,PCSX2,Crowdin UI,,"Granskad filleverans. Endast färdiga, aktiva översättningar tas med; detta är inte ett påstående om separat registrerat radbeslut för varje oförändrad post.",project-context,75056ca8723ec321463bff74,reviewed-file-delivery,https://crowdin.com/project/pcsx2,c5f591f1edc9553e40265bc0be0fe67c8e4252c052a1cf8ecfb524489a5aff60,{}
a89d110213e2caa80b76be99,Login Successful,Inloggningen lyckades,PCSX2,crowdin-current-ui-batch40-20260920,"AchievementLoginDialog
../Settings/AchievementLoginDialog.cpp:136",,project-context,ca33ccd57f2898ca992e63a1,reviewed-receipt,https://github.com/yeager/translations/blob/67e6d27877c9cfd6b6dbc74bd852b10bdbe09c3c/PCSX2/crowdin-current-ui-batch40-20260920.json,10eda59b167a547e47b04d1ef5226a52229dce7efa17d02a4fe94908fb96ed03,"{""artifact"":""https://crowdin.com/project/pcsx2"",""sha256"":""2743927e9c7f1e5f5bd2556bcf19916d7760c11ca11f518a44ec9256ea9c8fba""}"
a928c3d0bc3262152d10dfb6,Reset,Återställ,PCSX2,crowdin-current-ui-batch27-20260920,"GraphicsTextureReplacementSettingsTab
../Settings/GraphicsTextureReplacementSettingsTab.ui:94",,project-context,13afe3f75e62f8f53c91c3ef,reviewed-receipt,https://github.com/yeager/translations/blob/67e6d27877c9cfd6b6dbc74bd852b10bdbe09c3c/PCSX2/crowdin-current-ui-batch27-20260920.json,daf14a4c22835aeb84f9a6f6d33a6c69ac188b84259e32a73fa4a47caa65dc63,"{""artifact"":""https://crowdin.com/project/pcsx2"",""sha256"":""3fad479d53119bc8601706b6e0d2182f5ef452d3871a6ee8c48ee6eec76f5828""}"
a92e1003cd43236ae36f5876,Medium,Medel,PCSX2,crowdin-current-ui-batch26-20260920,"GraphicsHardwareRenderingSettingsTab
../Settings/GraphicsHardwareRenderingSettingsTab.ui:164",Publiceringsförsöket nekades enligt det äldre kvittot; texten är ett lokalt granskningsförslag.,project-context,bc7f400cab19093797c67a20,reviewed-local,https://github.com/yeager/translations/blob/67e6d27877c9cfd6b6dbc74bd852b10bdbe09c3c/PCSX2/crowdin-current-ui-batch26-20260920.json,49be151dc9918b0d30da49c790d627c159af0560d66be018b2a4920b716f4063,"{""artifact"":""https://crowdin.com/project/pcsx2"",""sha256"":""98411026441986523188676243a405705c8abc6aac0b7d52377fd41011a3eeeb""}"
a937d6c6d3cbae4d29e8d7b1,FMV Aspect Ratio Override:,Åsidosätt bildförhållande för FMV:,PCSX2,crowdin-current-ui-batch23-20260920,"GraphicsDisplaySettingsTab
../Settings/GraphicsDisplaySettingsTab.ui:95",Publiceringsförsöket nekades enligt det äldre kvittot; texten är ett lokalt granskningsförslag.,project-context,c2ff6566b7f7a39823d7330b,reviewed-local,https://github.com/yeager/translations/blob/67e6d27877c9cfd6b6dbc74bd852b10bdbe09c3c/PCSX2/crowdin-current-ui-batch23-20260920.json,94825b8000dc084475f7ee18208d828359829f994a9e4d0dfc9ec3c3d325f60e,"{""artifact"":""https://crowdin.com/project/pcsx2"",""sha256"":""e9c3c8fe9f4ae2ad333da3f73939eb4fd195353046af0e07a0fad973c0bc57f2""}"
a9c44cfd0ad5a7a6a362d8b5,Spin CPU During Readbacks,Håll CPU:n aktiv under återläsningar,PCSX2,crowdin-current-ui-batch14-20260920,"GraphicsAdvancedSettingsTab
../Settings/GraphicsAdvancedSettingsTab.ui:102",,project-context,48e76930301aa01ad38e1dcb,reviewed-receipt,https://github.com/yeager/translations/blob/67e6d27877c9cfd6b6dbc74bd852b10bdbe09c3c/PCSX2/crowdin-current-ui-batch14-20260920.json,9f0ff248176205a3bda2eb3f8c6f8e1ab1d89f1ac984b49ef2d06f0eb6672cce,"{""artifact"":""https://crowdin.com/project/pcsx2"",""sha256"":""37696b908277e1f6dd4919bd593c1bf4c420edce550842856b4398610ed4cb45""}"
aa17632169751361f4604ff1,Checked,Markerad,PCSX2,Crowdin UI,,"Granskad filleverans. Endast färdiga, aktiva översättningar tas med; detta är inte ett påstående om separat registrerat radbeslut för varje oförändrad post.",project-context,a57be5d72e5dd66eeb8ca8de,reviewed-file-delivery,https://crowdin.com/project/pcsx2,c5f591f1edc9553e40265bc0be0fe67c8e4252c052a1cf8ecfb524489a5aff60,{}
aa2263367d4d9c5e4092230b,Accurate Alpha Test,Noggrant alfatest,PCSX2,crowdin-current-ui-batch56-20260920,"FullscreenUI
../../pcsx2/ImGui/FullscreenUI_Settings.cpp:6830",,project-context,d7ab2927f9e485a1f34411b3,reviewed-receipt,https://github.com/yeager/translations/blob/67e6d27877c9cfd6b6dbc74bd852b10bdbe09c3c/PCSX2/crowdin-current-ui-batch56-20260920.json,e544f4e37b292a5a59167a947672fb099eeaff33c9d732c3cd8e9184cd9a4307,"{""artifact"":""https://crowdin.com/project/pcsx2"",""sha256"":""eb81c2cad1aa92406fc1852b38c72fb0d3f9b2f853d44ee5df90a1823aed448b""}"
aa9c437f4a9036f66d6ede3c,DESCRIPTION,BESKRIVNING,PCSX2,crowdin-current-ui-batch28-20260920,"BreakpointModel
../Debugger/Breakpoints/BreakpointModel.cpp:274",Publiceringsförsöket nekades enligt det äldre kvittot; texten är ett lokalt granskningsförslag.,project-context,8873f5fc374f7af641d4f6f6,reviewed-local,https://github.com/yeager/translations/blob/67e6d27877c9cfd6b6dbc74bd852b10bdbe09c3c/PCSX2/crowdin-current-ui-batch28-20260920.json,6edf9357e080f44b992185b2f688a80546a47f78b1e6dc7048d1fa1c764180b5,"{""artifact"":""https://crowdin.com/project/pcsx2"",""sha256"":""e10f872860f2bcc949f9eeb0e8731393497958334d8d41ce0f8ce2f64cc35524""}"
aade36ab6588f8d38bcc1f09,Reload Patches,Läs in patchar igen,PCSX2,crowdin-current-ui-batch51-20260920,"Hotkeys
../../pcsx2/Hotkeys.cpp:243",,project-context,0396d44004f2ca7bbc9a1bba,reviewed-receipt,https://github.com/yeager/translations/blob/67e6d27877c9cfd6b6dbc74bd852b10bdbe09c3c/PCSX2/crowdin-current-ui-batch51-20260920.json,a8b5191343bdd297b5d152a224021320a839b19ec9afc66e6fdf7d9067e58697,"{""artifact"":""https://crowdin.com/project/pcsx2"",""sha256"":""01e77de19ceb0f0812b97f2d535a6dca3cd75a5d94a08f31c1a0c6795cdb35fd""}"
aafe386267054d65f1289dd4,Automatic (Default),Automatisk (standard),PCSX2,crowdin-current-ui-batch14-20260920,"GraphicsAdvancedSettingsTab
../Settings/GraphicsAdvancedSettingsTab.ui:157
../Settings/GraphicsAdvancedSettingsTab.ui:291",,project-context,bbae60746b447dee9787e5c7,reviewed-receipt,https://github.com/yeager/translations/blob/67e6d27877c9cfd6b6dbc74bd852b10bdbe09c3c/PCSX2/crowdin-current-ui-batch14-20260920.json,9f0ff248176205a3bda2eb3f8c6f8e1ab1d89f1ac984b49ef2d06f0eb6672cce,"{""artifact"":""https://crowdin.com/project/pcsx2"",""sha256"":""ebfe475a4b005a1f080fb0fe427e44dd53a625ae0744ea4d33e91c0dac437000""}"
ab6794b11183d94d1477ba0d,Minimum,Minsta,PCSX2,crowdin-current-ui-batch26-20260920,"GraphicsHardwareRenderingSettingsTab
../Settings/GraphicsHardwareRenderingSettingsTab.ui:154",,project-context,b3c02e9407ae7601bb899b5e,reviewed-receipt,https://github.com/yeager/translations/blob/67e6d27877c9cfd6b6dbc74bd852b10bdbe09c3c/PCSX2/crowdin-current-ui-batch26-20260920.json,49be151dc9918b0d30da49c790d627c159af0560d66be018b2a4920b716f4063,"{""artifact"":""https://crowdin.com/project/pcsx2"",""sha256"":""34c968019575fb7d13b6d2fee78e640a80046ee80fdf33b10379e9ced6d262aa""}"
abbedd761af0cb058f641342,Minimalistic,Minimalistisk,PCSX2,crowdin-current-ui-batch22-20260920,"DebugSettingsWidget
../Settings/DebugSettingsWidget.cpp:19",Publiceringsförsöket nekades enligt det äldre kvittot; texten är ett lokalt granskningsförslag.,project-context,603fd16e8c3ba4f74bb3598c,reviewed-local,https://github.com/yeager/translations/blob/67e6d27877c9cfd6b6dbc74bd852b10bdbe09c3c/PCSX2/crowdin-current-ui-batch22-20260920.json,4f04c5281fafa51fe7ba74101b3c304645c8874ef28d97c8f99b5d9fe805c47e,"{""artifact"":""https://crowdin.com/project/pcsx2"",""sha256"":""7908bfc5350187a32c9516b4bd18af83c35eb503a4ade0aa917a5eefeaffe787""}"
abe00058e47d76e353a5d386,Advanced Frame Display,Avancerad bildrutevisning,PCSX2,crowdin-current-ui-batch63-20260920,"EmulationSettingsWidget
../Settings/EmulationSettingsWidget.ui:269
../Settings/EmulationSettingsWidget.cpp:159",Publiceringsförsöket nekades enligt det äldre kvittot; texten är ett lokalt granskningsförslag.,project-context,5875771edada35cea3b402c8,reviewed-local,https://github.com/yeager/translations/blob/67e6d27877c9cfd6b6dbc74bd852b10bdbe09c3c/PCSX2/crowdin-current-ui-batch63-20260920.json,08ff78cfcd818cefe89524c4604550c53e468e64909a3ca76a582c3f0c9c5540,"{""artifact"":""https://crowdin.com/project/pcsx2"",""sha256"":""64b5e338b51af1cd84ef1dff00c2231794c062666776a7ce34c8051cef76aba9""}"
ac05469f1ff892a5ab4ca465,Disable Depth Conversion,Inaktivera djupkonvertering,PCSX2,crowdin-current-ui-batch13-20260920,"GraphicsHardwareFixesSettingsTab
../Settings/GraphicsHardwareFixesSettingsTab.ui:326",Publiceringsförsöket nekades enligt det äldre kvittot; texten är ett lokalt granskningsförslag.,project-context,fd4847984b3a59f601a6eadf,reviewed-local,https://github.com/yeager/translations/blob/67e6d27877c9cfd6b6dbc74bd852b10bdbe09c3c/PCSX2/crowdin-current-ui-batch13-20260920.json,623ec591b5fcb41c8d897353bf192b4285c0b8b4a6be7d0f716afe784de07e1d,"{""artifact"":""https://crowdin.com/project/pcsx2"",""sha256"":""49a5c2fba68da6eca9fec988ac5997990c0edb2b385494e132183af50e161143""}"
ac1b6f6fdb8df92d0b10e264,Center Left,I mitten till vänster,PCSX2,Crowdin UI,,"Granskad filleverans. Endast färdiga, aktiva översättningar tas med; detta är inte ett påstående om separat registrerat radbeslut för varje oförändrad post.",project-context,b4de0e5860966f2aa6a53a0f,reviewed-file-delivery,https://crowdin.com/project/pcsx2,c5f591f1edc9553e40265bc0be0fe67c8e4252c052a1cf8ecfb524489a5aff60,{}
ac6359bea5193a5aedcd754d,Downloading covers...,Hämtar omslag …,PCSX2,Crowdin UI,,"Granskad filleverans. Endast färdiga, aktiva översättningar tas med; detta är inte ett påstående om separat registrerat radbeslut för varje oförändrad post.",project-context,99146ef93ab8b50bff4b9ac0,reviewed-file-delivery,https://crowdin.com/project/pcsx2,c5f591f1edc9553e40265bc0be0fe67c8e4252c052a1cf8ecfb524489a5aff60,{}
acca0136c098c3ba5dd7c6f8,OSD Messages Position:,Position för OSD-meddelanden:,PCSX2,crowdin-current-ui-batch53-20260920,"OSDSettingsWidget
../Settings/OSDSettingsWidget.ui:84",Publiceringsförsöket nekades enligt det äldre kvittot; texten är ett lokalt granskningsförslag.,project-context,49b0a2eb966fd3951d11fc4f,reviewed-local,https://github.com/yeager/translations/blob/67e6d27877c9cfd6b6dbc74bd852b10bdbe09c3c/PCSX2/crowdin-current-ui-batch53-20260920.json,cf9e3a076b0a7a4c9da64198f8216ad33f840f37229f480c53c816b8096dd673,"{""artifact"":""https://crowdin.com/project/pcsx2"",""sha256"":""6c0a8f47beb2107dcb9e7efffb488c61670fe37e6325810f144e2ac2a1838500""}"
acf27b17a5a420f924393f59,Enable Cache (Slow),Aktivera cache (långsamt),PCSX2,Crowdin UI,,"Granskad filleverans. Endast färdiga, aktiva översättningar tas med; detta är inte ett påstående om separat registrerat radbeslut för varje oförändrad post.",project-context,5dc6c8afad361db01bd0d38c,reviewed-file-delivery,https://crowdin.com/project/pcsx2,c5f591f1edc9553e40265bc0be0fe67c8e4252c052a1cf8ecfb524489a5aff60,{}
ad19937d5950196cc8417a3b,Slow-Motion Speed,Hastighet för långsam uppspelning,PCSX2,Crowdin UI,,"Granskad filleverans. Endast färdiga, aktiva översättningar tas med; detta är inte ett påstående om separat registrerat radbeslut för varje oförändrad post.",project-context,f44af5cf5acdeab5c294ba1a,reviewed-file-delivery,https://crowdin.com/project/pcsx2,c5f591f1edc9553e40265bc0be0fe67c8e4252c052a1cf8ecfb524489a5aff60,{}
ad7b1fe7cd17ebbba25facfb,19x Native (~6840px),19× inbyggd (~6840 px),PCSX2,Crowdin UI,,"Granskad filleverans. Endast färdiga, aktiva översättningar tas med; detta är inte ett påstående om separat registrerat radbeslut för varje oförändrad post.",project-context,6980c9f7e439965c638e80c1,reviewed-file-delivery,https://crowdin.com/project/pcsx2,c5f591f1edc9553e40265bc0be0fe67c8e4252c052a1cf8ecfb524489a5aff60,{}
ad84de56380c3966ae3d1dcf,Start In Big Picture Mode,Starta i stort bildläge,PCSX2,crowdin-current-ui-batch56-20260920,"FullscreenUI
../../pcsx2/ImGui/FullscreenUI_Settings.cpp:6781",,project-context,152b6c187de7666d9c8fe082,reviewed-receipt,https://github.com/yeager/translations/blob/67e6d27877c9cfd6b6dbc74bd852b10bdbe09c3c/PCSX2/crowdin-current-ui-batch56-20260920.json,e544f4e37b292a5a59167a947672fb099eeaff33c9d732c3cd8e9184cd9a4307,"{""artifact"":""https://crowdin.com/project/pcsx2"",""sha256"":""53de8868b527988739856c56db67fa872acb15160bfa84ff3eabda9acc83e96a""}"
ad9d734d5277dfde09613583,Change Selection,Ändra markering,PCSX2,crowdin-current-ui-batch15-20260920,"Achievements
../../pcsx2/Achievements.cpp:2552
../../pcsx2/Achievements.cpp:2571
../../pcsx2/Achievements.cpp:3507
../../pcsx2/Achievements.cpp:3515",,project-context,a6b52d96f1f5abb882e225cb,reviewed-receipt,https://github.com/yeager/translations/blob/67e6d27877c9cfd6b6dbc74bd852b10bdbe09c3c/PCSX2/crowdin-current-ui-batch15-20260920.json,9b2ebc5e4b008f5a05b2c32d2825bc90cde350d6c271bc9dbc7a0033312db467,"{""artifact"":""https://crowdin.com/project/pcsx2"",""sha256"":""dd1c8bce559820b467ef59c66dbaf0a2d04c1f0ec3e391ef2d152a97fdb396f8""}"
adcd7d0c032f521261036587,Browse...,Bläddra…,PCSX2,crowdin-current-ui-batch27-20260920,"GraphicsTextureReplacementSettingsTab
../Settings/GraphicsTextureReplacementSettingsTab.ui:80",,project-context,5fde11da027c15cbb086e346,reviewed-receipt,https://github.com/yeager/translations/blob/67e6d27877c9cfd6b6dbc74bd852b10bdbe09c3c/PCSX2/crowdin-current-ui-batch27-20260920.json,daf14a4c22835aeb84f9a6f6d33a6c69ac188b84259e32a73fa4a47caa65dc63,"{""artifact"":""https://crowdin.com/project/pcsx2"",""sha256"":""8e21bfca7599aa30e4d51811e4dd383e11d0b429aed14508a262f6d80db6bbad""}"
ade7f59bc9ba6505b50f38ac,Save HW Config,Spara HW-konfiguration,PCSX2,crowdin-current-ui-batch50-20260920,"DebugGSSettingsTab
../Settings/DebugGSSettingsTab.ui:98",,project-context,76e5deaed13935debc782673,reviewed-receipt,https://github.com/yeager/translations/blob/67e6d27877c9cfd6b6dbc74bd852b10bdbe09c3c/PCSX2/crowdin-current-ui-batch50-20260920.json,526c37bda266096897ffc29f6d90f1526ccd117934fef6462d4629b30c159187,"{""artifact"":""https://crowdin.com/project/pcsx2"",""sha256"":""27feeadec5497b4cfe118f4996d0fe0644f7538a6d672e258bc07fda6c0e0b60""}"
ade95e6efeee0c45e8513de8,Manual Hardware Renderer Fixes,Manuella fixar för hårdvarurenderaren,PCSX2,crowdin-current-ui-batch25-20260920,"GraphicsHardwareRenderingSettingsTab
../Settings/GraphicsHardwareRenderingSettingsTab.ui:84",Publiceringsförsöket nekades enligt det äldre kvittot; texten är ett lokalt granskningsförslag.,project-context,0a607d95e76b166df38426f8,reviewed-local,https://github.com/yeager/translations/blob/67e6d27877c9cfd6b6dbc74bd852b10bdbe09c3c/PCSX2/crowdin-current-ui-batch25-20260920.json,c686e808bea1ecea795d6bd0a3871f9ea94959e30276601f8efafda34c283479,"{""artifact"":""https://crowdin.com/project/pcsx2"",""sha256"":""e872c07c22009a86c2a9474579b6b779bb59ed5302a66f3d5ab9623b9e0af6e7""}"
ae55f1e2969915ee41014ab6,TV Shader,TV-shader,PCSX2,Crowdin UI,,"Granskad filleverans. Endast färdiga, aktiva översättningar tas med; detta är inte ett påstående om separat registrerat radbeslut för varje oförändrad post.",project-context,45e513c3da14f6885b4c3806,reviewed-file-delivery,https://crowdin.com/project/pcsx2,c5f591f1edc9553e40265bc0be0fe67c8e4252c052a1cf8ecfb524489a5aff60,{}
ae6993d9f9d559ce5fbdc4c3,No family selected.,Ingen teckensnittsfamilj har valts.,PCSX2,Crowdin UI,,"Granskad filleverans. Endast färdiga, aktiva översättningar tas med; detta är inte ett påstående om separat registrerat radbeslut för varje oförändrad post.",project-context,7fcf24afdc3e457841cf26b5,reviewed-file-delivery,https://crowdin.com/project/pcsx2,c5f591f1edc9553e40265bc0be0fe67c8e4252c052a1cf8ecfb524489a5aff60,{}
ae84300ad1fda7035b5f3ec8,Segmented,Segmenterad,PCSX2,crowdin-current-ui-batch22-20260920,"DebugSettingsWidget
../Settings/DebugSettingsWidget.cpp:18",Publiceringsförsöket nekades enligt det äldre kvittot; texten är ett lokalt granskningsförslag.,project-context,02944ebf3304c20192e599b7,reviewed-local,https://github.com/yeager/translations/blob/67e6d27877c9cfd6b6dbc74bd852b10bdbe09c3c/PCSX2/crowdin-current-ui-batch22-20260920.json,4f04c5281fafa51fe7ba74101b3c304645c8874ef28d97c8f99b5d9fe805c47e,"{""artifact"":""https://crowdin.com/project/pcsx2"",""sha256"":""f01bc3a9707fccdebb659c2bb07fc626d4e6e9328e5785e8150c0ac0aeba1045""}"
aeb8233876238cf3828d55ac,Delete Memory Card,Ta bort minneskort,PCSX2,crowdin-current-ui-batch64-20260920,"MemoryCardSettingsWidget
../Settings/MemoryCardSettingsWidget.cpp:223
../Settings/MemoryCardSettingsWidget.cpp:233",Publiceringsförsöket nekades enligt det äldre kvittot; texten är ett lokalt granskningsförslag.,project-context,f36d9c4b578760fe4958c2b3,reviewed-local,https://github.com/yeager/translations/blob/67e6d27877c9cfd6b6dbc74bd852b10bdbe09c3c/PCSX2/crowdin-current-ui-batch64-20260920.json,3eb6750c0d4249b01cf40b2787e9f2e9792529adfb274d1a979de2495c7acabc,"{""artifact"":""https://crowdin.com/project/pcsx2"",""sha256"":""fdf9969cff443f56eb20226c149c22d6789b7d2bee58ecf06f3e606cb051d5be""}"
aefbf4545ca80f7bd2398cec,Customize Toolbar,Anpassa verktygsfält,PCSX2,crowdin-current-ui-batch64-20260920,"ToolbarCustomizationDialog
../ToolbarCustomizationDialog.ui:14",,project-context,fe39b9eb193fd57a7e528c8b,reviewed-receipt,https://github.com/yeager/translations/blob/67e6d27877c9cfd6b6dbc74bd852b10bdbe09c3c/PCSX2/crowdin-current-ui-batch64-20260920.json,3eb6750c0d4249b01cf40b2787e9f2e9792529adfb274d1a979de2495c7acabc,"{""artifact"":""https://crowdin.com/project/pcsx2"",""sha256"":""74bf9e359fcc1d445bffcd9a7b6260592fb571061bf3f32f4c8fe3b0f15a4d21""}"
af62607dcecb14773d14cdc0,Memory,Minne,PCSX2,crowdin-current-ui-batch21-20260920,"DebugLoggingSettingsTab
../Settings/DebugLoggingSettingsTab.ui:135",Publiceringsförsöket nekades enligt det äldre kvittot; texten är ett lokalt granskningsförslag.,project-context,93f22c7eda539f148f4fd2ef,reviewed-local,https://github.com/yeager/translations/blob/67e6d27877c9cfd6b6dbc74bd852b10bdbe09c3c/PCSX2/crowdin-current-ui-batch21-20260920.json,a17a684939c7836f99eed6a2beb5c914bdeb5bc299843bbd766ce571585ee88e,"{""artifact"":""https://crowdin.com/project/pcsx2"",""sha256"":""c168604119c624195921e9c2e84a5c6cef166875ab74dbcc44b95cf9580ef13c""}"
af7853340167f2e9df4757ec,Internal Resolution (Aspect Corrected),Intern upplösning (korrigerat bildförhållande),PCSX2,crowdin-current-ui-batch26-20260920,"GraphicsMediaCaptureSettingsTab
../Settings/GraphicsMediaCaptureSettingsTab.ui:50",,project-context,191be360461e788fef657016,reviewed-receipt,https://github.com/yeager/translations/blob/67e6d27877c9cfd6b6dbc74bd852b10bdbe09c3c/PCSX2/crowdin-current-ui-batch26-20260920.json,49be151dc9918b0d30da49c790d627c159af0560d66be018b2a4920b716f4063,"{""artifact"":""https://crowdin.com/project/pcsx2"",""sha256"":""8d6aa9703124d693231a90c3a549010425fb97d782ee2abc72aec1d21b041c70""}"
af90a10c97512043e0ba33a5,On-Screen Display,Skärmvisning,PCSX2,Crowdin UI,,"Granskad filleverans. Endast färdiga, aktiva översättningar tas med; detta är inte ett påstående om separat registrerat radbeslut för varje oförändrad post.",project-context,13555a5fd38ea3ce7e28e092,reviewed-file-delivery,https://crowdin.com/project/pcsx2,c5f591f1edc9553e40265bc0be0fe67c8e4252c052a1cf8ecfb524489a5aff60,{}
afcf8b29c77f6a982e875cdb,Failed to Save State,Det gick inte att spara tillståndet,PCSX2,crowdin-current-ui-batch47-20260920,"MainWindow
../MainWindow.cpp:1637",Publiceringsförsöket nekades enligt det äldre kvittot; texten är ett lokalt granskningsförslag.,project-context,56b6ece379a2a39b39ae3094,reviewed-local,https://github.com/yeager/translations/blob/67e6d27877c9cfd6b6dbc74bd852b10bdbe09c3c/PCSX2/crowdin-current-ui-batch47-20260920.json,5525653b661a6bb7979e7fadd45e8dab82bba08c0b0dea48a9923c4a98e6b913,"{""artifact"":""https://crowdin.com/project/pcsx2"",""sha256"":""8f052c6a4df65d092d88def51e2edc4d19893b77ba92689a65103c473d58638b""}"
afeb429ee334f47061ef6385,Screenshot Resolution,Upplösning för skärmbild,PCSX2,crowdin-current-ui-batch56-20260920,"FullscreenUI
../../pcsx2/ImGui/FullscreenUI_Settings.cpp:6880",,project-context,d6d622e9f4cd215810d8df02,reviewed-receipt,https://github.com/yeager/translations/blob/67e6d27877c9cfd6b6dbc74bd852b10bdbe09c3c/PCSX2/crowdin-current-ui-batch56-20260920.json,e544f4e37b292a5a59167a947672fb099eeaff33c9d732c3cd8e9184cd9a4307,"{""artifact"":""https://crowdin.com/project/pcsx2"",""sha256"":""4661e73f5565be60fe897fa04294340fd1c118c49ef14503ae1f9447ed8b686d""}"
b07ef240828f7e4c916c75a8,No file selected.,Ingen fil har valts.,PCSX2,crowdin-current-ui-batch51-20260920,"FullscreenUI
../../pcsx2/ImGui/FullscreenUI_Settings.cpp:6080",,project-context,9b0dc7a80f6699ec2aaaecf7,reviewed-receipt,https://github.com/yeager/translations/blob/67e6d27877c9cfd6b6dbc74bd852b10bdbe09c3c/PCSX2/crowdin-current-ui-batch51-20260920.json,a8b5191343bdd297b5d152a224021320a839b19ec9afc66e6fdf7d9067e58697,"{""artifact"":""https://crowdin.com/project/pcsx2"",""sha256"":""257d2beda097eefe917e022a88fdecfa0f88eea40848500c8e6539f0603adba3""}"
b0c4062fe8f0ab564446b54e,Gateway Address,Gatewayadress,PCSX2,Crowdin UI,,"Granskad filleverans. Endast färdiga, aktiva översättningar tas med; detta är inte ett påstående om separat registrerat radbeslut för varje oförändrad post.",project-context,5885af80ab8ebdd0584ed7b0,reviewed-file-delivery,https://crowdin.com/project/pcsx2,c5f591f1edc9553e40265bc0be0fe67c8e4252c052a1cf8ecfb524489a5aff60,{}
b105b977c1cb731e3462e172,Display Resolution (Aspect Corrected),Bildskärmsupplösning (korrigerat bildförhållande),PCSX2,crowdin-current-ui-batch46-20260920,"GraphicsMediaCaptureSettingsTab
../Settings/GraphicsMediaCaptureSettingsTab.ui:45",,project-context,0a0a7f4f10fa89873ef30a9a,reviewed-receipt,https://github.com/yeager/translations/blob/67e6d27877c9cfd6b6dbc74bd852b10bdbe09c3c/PCSX2/crowdin-current-ui-batch46-20260920.json,5fd49be2672b59f0daff08c9e08a881d25eb868891d139d395ea94a1aba23434,"{""artifact"":""https://crowdin.com/project/pcsx2"",""sha256"":""427fe840cf5d501a58f7e2e20ac63310f5f10a8460e9722bb9275c9f3f37eb7f""}"
b10744cc853cec35fe64fc9c,Frame Pacing / Latency Control,Bildrutetakt/latenskontroll,PCSX2,crowdin-current-ui-batch58-20260920,"FullscreenUI
../../pcsx2/ImGui/FullscreenUI_Settings.cpp:6166",,project-context,a7cd9dc3331d3c881cb89887,reviewed-receipt,https://github.com/yeager/translations/blob/67e6d27877c9cfd6b6dbc74bd852b10bdbe09c3c/PCSX2/crowdin-current-ui-batch58-20260920.json,63dc6922c386d319276df2094a26afd341a8755f207ce8908444de581c157b66,"{""artifact"":""https://crowdin.com/project/pcsx2"",""sha256"":""a9097320307856195cf2bffdc22dfa1faa276d09176d779432d70a9b40ec9e2f""}"
b151394b26cfd0c89b0a66d5,Reset to default application icon,Återställ till programmets standardikon,PCSX2,crowdin-current-ui-batch54-20260920,"ShortcutCreationDialog
../ShortcutCreationDialog.ui:369",,project-context,60511b8343f41bfa5bd2af8f,reviewed-receipt,https://github.com/yeager/translations/blob/67e6d27877c9cfd6b6dbc74bd852b10bdbe09c3c/PCSX2/crowdin-current-ui-batch54-20260920.json,1ea914cd857e948af6e29d5981765e20bf4f3f3bfcd3d14fdfab548fae14eacc,"{""artifact"":""https://crowdin.com/project/pcsx2"",""sha256"":""a4b7a8565c8668af565bf11e55e0bf4c0db84a51449bba6c272a4d0184c5e5b6""}"
b1606e01f5dd3fa977600523,Disallowed,Inte tillåten,PCSX2,crowdin-current-ui-batch23-20260920,"GraphicsAdvancedSettingsTab
../Settings/GraphicsAdvancedSettingsTab.ui:162",,project-context,0f56eaddb968b9405735db43,reviewed-receipt,https://github.com/yeager/translations/blob/67e6d27877c9cfd6b6dbc74bd852b10bdbe09c3c/PCSX2/crowdin-current-ui-batch23-20260920.json,94825b8000dc084475f7ee18208d828359829f994a9e4d0dfc9ec3c3d325f60e,"{""artifact"":""https://crowdin.com/project/pcsx2"",""sha256"":""bfd7f262583b7e094308a65935538e361f551fd5482d868d9824e92c678269ba""}"
b1625b30702c7f08b331484e,Checked,Markerad,PCSX2,crowdin-current-ui-batch2-20260920,"DEV9SettingsWidget
../Settings/DEV9SettingsWidget.cpp:206
../Settings/DEV9SettingsWidget.cpp:210",,project-context,8c069b5710ee18b64b00cdea,reviewed-receipt,https://github.com/yeager/translations/blob/67e6d27877c9cfd6b6dbc74bd852b10bdbe09c3c/PCSX2/crowdin-current-ui-batch2-20260920.json,a8019ae64305421dc140bdb4a328c495e84cd0cf6043ab46c5d4bf619d05bd2b,"{""artifact"":""https://crowdin.com/project/pcsx2"",""sha256"":""5837bb71c94933ea1b88082e0f50f211f0fb58be49ba3cd472cd8e5b95af61bd""}"
b17ecec44c17aa4769ec74d1,OSD Performance Position,Position för OSD-prestanda,PCSX2,crowdin-current-ui-batch18-20260920,"FullscreenUI
../../pcsx2/ImGui/FullscreenUI_Settings.cpp:6914",Publiceringsförsöket nekades enligt det äldre kvittot; texten är ett lokalt granskningsförslag.,project-context,800522bc2e5d1f42b5cdcf68,reviewed-local,https://github.com/yeager/translations/blob/67e6d27877c9cfd6b6dbc74bd852b10bdbe09c3c/PCSX2/crowdin-current-ui-batch18-20260920.json,d0045488eb1eee4246057f420111c6313a5a756b798114b9e4b249ca38af16a7,"{""artifact"":""https://crowdin.com/project/pcsx2"",""sha256"":""555669939783a824dd88b82662f7e2182fd410fd97fe496da88a259323a62a83""}"
b1801085b41d8fd400a6040b,Allowed,Tillåten,PCSX2,crowdin-current-ui-batch14-20260920,"GraphicsAdvancedSettingsTab
../Settings/GraphicsAdvancedSettingsTab.ui:167",,project-context,f87037888646188bceaf2389,reviewed-receipt,https://github.com/yeager/translations/blob/67e6d27877c9cfd6b6dbc74bd852b10bdbe09c3c/PCSX2/crowdin-current-ui-batch14-20260920.json,9f0ff248176205a3bda2eb3f8c6f8e1ab1d89f1ac984b49ef2d06f0eb6672cce,"{""artifact"":""https://crowdin.com/project/pcsx2"",""sha256"":""8b2d6d8be1aeff4ef268e9ebaa7b57c9b22e5fb2ed20a6aded8627b9fee5839f""}"
b1ef57dfac3cb2662103ea0f,Skip Draw Range Start,Start för intervall med hoppade ritytor,PCSX2,crowdin-current-ui-batch56-20260920,"FullscreenUI
../../pcsx2/ImGui/FullscreenUI_Settings.cpp:6840",,project-context,8486e85452b0f6a5e283fa83,reviewed-receipt,https://github.com/yeager/translations/blob/67e6d27877c9cfd6b6dbc74bd852b10bdbe09c3c/PCSX2/crowdin-current-ui-batch56-20260920.json,e544f4e37b292a5a59167a947672fb099eeaff33c9d732c3cd8e9184cd9a4307,"{""artifact"":""https://crowdin.com/project/pcsx2"",""sha256"":""9a787d2db8af5114713cdaa30271c9714bae6544386e5b24856f9ed9f15ab675""}"
b1fdb27dc3d526561cd73107,High,Hög,PCSX2,crowdin-current-ui-batch13-20260920,"GraphicsHardwareRenderingSettingsTab
../Settings/GraphicsHardwareRenderingSettingsTab.ui:169",Publiceringsförsöket nekades enligt det äldre kvittot; texten är ett lokalt granskningsförslag.,project-context,3473dbf56a9bb9bde55627ca,reviewed-local,https://github.com/yeager/translations/blob/67e6d27877c9cfd6b6dbc74bd852b10bdbe09c3c/PCSX2/crowdin-current-ui-batch13-20260920.json,623ec591b5fcb41c8d897353bf192b4285c0b8b4a6be7d0f716afe784de07e1d,"{""artifact"":""https://crowdin.com/project/pcsx2"",""sha256"":""364ba968457d233fc799a509ff77cfb11635f1e3a17e8ea89b58e8434232184e""}"
b225182ee2a9e27948d01fbb,Graphics Adapter,Grafikadapter,PCSX2,crowdin-current-ui-batch62-20260920,"GraphicsSettingsWidget
../Settings/GraphicsSettingsWidget.cpp:419",Publiceringsförsöket nekades enligt det äldre kvittot; texten är ett lokalt granskningsförslag.,project-context,882e44ff93d104de0225c432,reviewed-local,https://github.com/yeager/translations/blob/67e6d27877c9cfd6b6dbc74bd852b10bdbe09c3c/PCSX2/crowdin-current-ui-batch62-20260920.json,6f455bab497aab5f47fecf4d901525cee3a927cec35cd4f2f0dc82942d40dace,"{""artifact"":""https://crowdin.com/project/pcsx2"",""sha256"":""bc7d20df39eeb4457c4714ed20a3745adc705aa630ab95d518242d75b5df9836""}"
b24850c3a3528bb637a59bc9,Prioritize Lower Bits,Prioritera lägre bitar,PCSX2,crowdin-current-ui-batch49-20260920,"GraphicsHardwareFixesSettingsTab
../Settings/GraphicsHardwareFixesSettingsTab.ui:367",Publiceringsförsöket nekades enligt det äldre kvittot; texten är ett lokalt granskningsförslag.,project-context,c90285f273adba69ca1b3412,reviewed-local,https://github.com/yeager/translations/blob/67e6d27877c9cfd6b6dbc74bd852b10bdbe09c3c/PCSX2/crowdin-current-ui-batch49-20260920.json,3e907fbc31b1fdfcccfc47d4a6a49ad2bfe6eb9414cebf6471f974279c345287,"{""artifact"":""https://crowdin.com/project/pcsx2"",""sha256"":""fe5444f2d3fd07d5970b5cc239485b6ad61f00b7ff595bc38fa105979f67e378""}"
b25cca83f90fa5d088514471,Full,Fullständig,PCSX2,crowdin-current-ui-batch55-20260920,"Hotkeys_BlendAcc
../../pcsx2/GS/GS.cpp:1387",Publiceringsförsöket nekades enligt det äldre kvittot; texten är ett lokalt granskningsförslag.,project-context,12a1a17e420ff2b5b643fe20,reviewed-local,https://github.com/yeager/translations/blob/67e6d27877c9cfd6b6dbc74bd852b10bdbe09c3c/PCSX2/crowdin-current-ui-batch55-20260920.json,eef7fecf9007fb67b7321b88ecfd43d8a1e78e3c19d6b14ffe23010d7cdbe6b1,"{""artifact"":""https://crowdin.com/project/pcsx2"",""sha256"":""bea583eeb3b59fb6c57e13287d606bef86526baa9bf5fad924ac8be551bc5d0b""}"
b279bd8b5bc9d76f64cc854d,PAL Frame Rate:,PAL-bildfrekvens:,PCSX2,crowdin-current-ui-batch23-20260920,"GraphicsAdvancedSettingsTab
../Settings/GraphicsAdvancedSettingsTab.ui:239",Publiceringsförsöket nekades enligt det äldre kvittot; texten är ett lokalt granskningsförslag.,project-context,027839d6d91f83dda84fe2a1,reviewed-local,https://github.com/yeager/translations/blob/67e6d27877c9cfd6b6dbc74bd852b10bdbe09c3c/PCSX2/crowdin-current-ui-batch23-20260920.json,94825b8000dc084475f7ee18208d828359829f994a9e4d0dfc9ec3c3d325f60e,"{""artifact"":""https://crowdin.com/project/pcsx2"",""sha256"":""35c448e505f932243cfd3c212d5c150f4cbe3604626bc318841af3f6a321abc7""}"
b27b5008a64711764c67e3b9,Failed to initialize SIO2.,Det gick inte att initiera SIO2.,PCSX2,Crowdin UI,,"Granskad filleverans. Endast färdiga, aktiva översättningar tas med; detta är inte ett påstående om separat registrerat radbeslut för varje oförändrad post.",project-context,f27fe187d310396e5d73a627,reviewed-file-delivery,https://crowdin.com/project/pcsx2,c5f591f1edc9553e40265bc0be0fe67c8e4252c052a1cf8ecfb524489a5aff60,{}
b2a34ab960445d8db37ac48c,Fill,Fyll,PCSX2,crowdin-current-ui-batch40-20260920,"InterfaceSettingsWidget
../Settings/InterfaceSettingsWidget.ui:302",Publiceringsförsöket nekades enligt det äldre kvittot; texten är ett lokalt granskningsförslag.,project-context,8655886ed8ac4db7eaf8b27a,reviewed-local,https://github.com/yeager/translations/blob/67e6d27877c9cfd6b6dbc74bd852b10bdbe09c3c/PCSX2/crowdin-current-ui-batch40-20260920.json,10eda59b167a547e47b04d1ef5226a52229dce7efa17d02a4fe94908fb96ed03,"{""artifact"":""https://crowdin.com/project/pcsx2"",""sha256"":""adedf469423156655b0778464abe601fa753492b739c8ebe5c0cd63be685eabe""}"
b2abc5d6fec1532dde91c234,ROV Barriers Vulkan,ROV-barriärer för Vulkan,PCSX2,crowdin-current-ui-batch55-20260920,"FullscreenUI
../../pcsx2/ImGui/FullscreenUI_Settings.cpp:6905",,project-context,f9f024cd7c9e58a22f4f2b38,reviewed-receipt,https://github.com/yeager/translations/blob/67e6d27877c9cfd6b6dbc74bd852b10bdbe09c3c/PCSX2/crowdin-current-ui-batch55-20260920.json,eef7fecf9007fb67b7321b88ecfd43d8a1e78e3c19d6b14ffe23010d7cdbe6b1,"{""artifact"":""https://crowdin.com/project/pcsx2"",""sha256"":""94a6aa7b42f40953ddfcfddd8811cc51509623dd35df5ce4b7eee71b988dfa77""}"
b2b01c36f27b8e03aadac2f9,Enable PINE,Aktivera PINE,PCSX2,crowdin-current-ui-batch57-20260920,"FullscreenUI
../../pcsx2/ImGui/FullscreenUI_Settings.cpp:7072",,project-context,77258fd5fc8c074745e9fcc9,reviewed-receipt,https://github.com/yeager/translations/blob/67e6d27877c9cfd6b6dbc74bd852b10bdbe09c3c/PCSX2/crowdin-current-ui-batch57-20260920.json,5c871fa681fe60ac837787f04a021e0897b135316665fb1695de5041b8a5e637,"{""artifact"":""https://crowdin.com/project/pcsx2"",""sha256"":""5c59d3b761b91ae05b163e46e8f413b16f415820efce70939bf68b4d5b160a58""}"
b2ea08637fc15393ca3a3957,Real-Time Clock,Realtidsklocka,PCSX2,crowdin-current-ui-batch57-20260920,"FullscreenUI
../../pcsx2/ImGui/FullscreenUI_Settings.cpp:6158",Publiceringsförsöket nekades enligt det äldre kvittot; texten är ett lokalt granskningsförslag.,project-context,516ccacdade05cbf24e44fa5,reviewed-local,https://github.com/yeager/translations/blob/67e6d27877c9cfd6b6dbc74bd852b10bdbe09c3c/PCSX2/crowdin-current-ui-batch57-20260920.json,5c871fa681fe60ac837787f04a021e0897b135316665fb1695de5041b8a5e637,"{""artifact"":""https://crowdin.com/project/pcsx2"",""sha256"":""2f1a339add81db4ab719d7f601b12217f40eecf5d6bd59555ff754a100f9ce26""}"
b31ddb39f45e0e86c0369a99,Texture Filtering:,Texturfiltrering:,PCSX2,crowdin-current-ui-batch13-20260920,"GraphicsHardwareRenderingSettingsTab
../Settings/GraphicsHardwareRenderingSettingsTab.ui:20",Publiceringsförsöket nekades enligt det äldre kvittot; texten är ett lokalt granskningsförslag.,project-context,8b40bd52ac95d5be925b4bff,reviewed-local,https://github.com/yeager/translations/blob/67e6d27877c9cfd6b6dbc74bd852b10bdbe09c3c/PCSX2/crowdin-current-ui-batch13-20260920.json,623ec591b5fcb41c8d897353bf192b4285c0b8b4a6be7d0f716afe784de07e1d,"{""artifact"":""https://crowdin.com/project/pcsx2"",""sha256"":""5517f57f06da6379bbf5c0233ceb2f4693175e96e91e7cd864d6802c8eb87efe""}"
b33f5a29be7d73a379b6a342,Bottom Center,Nere i mitten,PCSX2,crowdin-current-ui-batch18-20260920,"FullscreenUI
../../pcsx2/ImGui/FullscreenUI_Settings.cpp:5038
../../pcsx2/ImGui/FullscreenUI_Settings.cpp:6721",,project-context,d9e7d75345b81a575455b051,reviewed-receipt,https://github.com/yeager/translations/blob/67e6d27877c9cfd6b6dbc74bd852b10bdbe09c3c/PCSX2/crowdin-current-ui-batch18-20260920.json,d0045488eb1eee4246057f420111c6313a5a756b798114b9e4b249ca38af16a7,"{""artifact"":""https://crowdin.com/project/pcsx2"",""sha256"":""73bd7787558dd0905dd270f2177edde35795aa0025c2a661cd1cf335c07eeb48""}"
b3445c6334f16a40af189074,Capture Video,Spela in video,PCSX2,crowdin-current-ui-batch63-20260920,"FullscreenUI
../../pcsx2/ImGui/FullscreenUI_Settings.cpp:6884",Publiceringsförsöket nekades enligt det äldre kvittot; texten är ett lokalt granskningsförslag.,project-context,de7b3f4720325ba41c1d86a7,reviewed-local,https://github.com/yeager/translations/blob/67e6d27877c9cfd6b6dbc74bd852b10bdbe09c3c/PCSX2/crowdin-current-ui-batch63-20260920.json,08ff78cfcd818cefe89524c4604550c53e468e64909a3ca76a582c3f0c9c5540,"{""artifact"":""https://crowdin.com/project/pcsx2"",""sha256"":""51df285590d0ee51ab026722f6d8e330b29b71bfebf5ee6cdb0e6f55dc5103a2""}"
b3693702b1bed1f3e344baf6,Power Down,Minska effekt,PCSX2,crowdin-current-ui-batch49-20260920,"USB
../../pcsx2/USB/usb-pad/usb-train.cpp:127
../../pcsx2/USB/usb-pad/usb-train.cpp:150",,project-context,26ad485cf8a8ab9a2998323e,reviewed-receipt,https://github.com/yeager/translations/blob/67e6d27877c9cfd6b6dbc74bd852b10bdbe09c3c/PCSX2/crowdin-current-ui-batch49-20260920.json,3e907fbc31b1fdfcccfc47d4a6a49ad2bfe6eb9414cebf6471f974279c345287,"{""artifact"":""https://crowdin.com/project/pcsx2"",""sha256"":""c746e26edbdcc717a4b7197c5ec5f5c5ecbe9b484465c2a99168753c40a1395f""}"
b38043f77f4ea8e41cd53e8a,Enable SDL Raw Input,Aktivera råindata från SDL,PCSX2,Crowdin UI,,"Granskad filleverans. Endast färdiga, aktiva översättningar tas med; detta är inte ett påstående om separat registrerat radbeslut för varje oförändrad post.",project-context,343e5e9a3c8eb2e5f1adfada,reviewed-file-delivery,https://crowdin.com/project/pcsx2,c5f591f1edc9553e40265bc0be0fe67c8e4252c052a1cf8ecfb524489a5aff60,{}
b3aea70088d564eadec524df,Disabled (Ignore Transfers),Inaktiverad (ignorera överföringar),PCSX2,crowdin-current-ui-batch22-20260920,"GraphicsAdvancedSettingsTab
../Settings/GraphicsAdvancedSettingsTab.ui:63",Publiceringsförsöket nekades enligt det äldre kvittot; texten är ett lokalt granskningsförslag.,project-context,0a0b206879bfce78fd9b5a9c,reviewed-local,https://github.com/yeager/translations/blob/67e6d27877c9cfd6b6dbc74bd852b10bdbe09c3c/PCSX2/crowdin-current-ui-batch22-20260920.json,4f04c5281fafa51fe7ba74101b3c304645c8874ef28d97c8f99b5d9fe805c47e,"{""artifact"":""https://crowdin.com/project/pcsx2"",""sha256"":""eaffb5429f8cc5c121c17041b183b522b934385c4289f5b7bba9099ed6ac0b1a""}"
b438ef7463fcb1ec9cc2aeb9,Overlay Settings,Inställningar för överlägg,PCSX2,crowdin-current-ui-batch17-20260920,"AchievementSettingsWidget
../Settings/AchievementSettingsWidget.ui:327",Publiceringsförsöket nekades enligt det äldre kvittot; texten är ett lokalt granskningsförslag.,project-context,b755f2535b87593b0623116b,reviewed-local,https://github.com/yeager/translations/blob/67e6d27877c9cfd6b6dbc74bd852b10bdbe09c3c/PCSX2/crowdin-current-ui-batch17-20260920.json,c3e8ec58262cb9ca378f79dea9c4f1baee0c939d134bdeccfba91a46dd70eaae,"{""artifact"":""https://crowdin.com/project/pcsx2"",""sha256"":""7d5f6890783e6f46b9ea09d7464af739f1d31cf246043f42af223c4a1d50e343""}"
b442b5c7ae5dc3f568a87e00,Scanline Filter,Scanlinjefilter,PCSX2,crowdin-current-ui-batch19-20260920,"Hotkeys
../../pcsx2/GS/GS.cpp:1359",,project-context,769e6e8129c795ca83f12818,reviewed-receipt,https://github.com/yeager/translations/blob/67e6d27877c9cfd6b6dbc74bd852b10bdbe09c3c/PCSX2/crowdin-current-ui-batch19-20260920.json,17ccc6616b1cef815b61276809e4efb6b66f1930c7e5c53901c22a4c000bffb9,"{""artifact"":""https://crowdin.com/project/pcsx2"",""sha256"":""1dbda8f497b239ecc5b3cef8f7d91e7be0307c4f8b68befb37425d322d19b865""}"
b456dcf55b2af65686afdd17,Enable In-Game Leaderboard Overlays,Aktivera överlagringar för resultattavlor i spel,PCSX2,crowdin-current-ui-batch20-20260920,"AchievementSettingsWidget
../Settings/AchievementSettingsWidget.ui:399
../Settings/AchievementSettingsWidget.cpp:69",,project-context,a239de22c123fd2ceaae4693,reviewed-receipt,https://github.com/yeager/translations/blob/67e6d27877c9cfd6b6dbc74bd852b10bdbe09c3c/PCSX2/crowdin-current-ui-batch20-20260920.json,b9f3010178fb1ba2ee5cb59570e69caac32abf9f9b7229bf26b14b3a321dc236,"{""artifact"":""https://crowdin.com/project/pcsx2"",""sha256"":""d60eea4af50a8b7e24b2e40e02cf57c213ffb22d2092e58780613ac2118e6468""}"
b4703101539a5b221e6b1858,Dismiss,Avfärda,PCSX2,crowdin-current-ui-batch1-20260920,"FullscreenUI
../../pcsx2/ImGui/FullscreenUI_Settings.cpp:6361",Publiceringsförsöket nekades enligt det äldre kvittot; texten är ett lokalt granskningsförslag.,project-context,d8ccf68cf4543b116f7fda97,reviewed-local,https://github.com/yeager/translations/blob/67e6d27877c9cfd6b6dbc74bd852b10bdbe09c3c/PCSX2/crowdin-current-ui-batch1-20260920.json,fbacbf8b449e630f42dbc651e3eb3d61f650cd4cb6d478d350f9a55ce6b87962,"{""artifact"":""https://crowdin.com/project/pcsx2"",""sha256"":""985f3c4b1b448f0d74cef1884a6e422eebe7ffc338fbd69e304e224c5b3e21d2""}"
b4724a3066488b113ab08415,&Switch Graphics API,&Byt grafik-API,PCSX2,crowdin-current-ui-batch30-20260920,"MainWindow
../MainWindow.ui:137",,project-context,735d9c16e6ec8eedad787cfb,reviewed-receipt,https://github.com/yeager/translations/blob/67e6d27877c9cfd6b6dbc74bd852b10bdbe09c3c/PCSX2/crowdin-current-ui-batch30-20260920.json,d4af30d773c2d445fd558ede29e0c75536433129a2aa3de962c902c53c53d27e,"{""artifact"":""https://crowdin.com/project/pcsx2"",""sha256"":""f864101e814ecb33bfcfdb85aa5537c87bfb78c06b6b6a8bf7b32ec8775d613d""}"
b49e751fc75ed537806889b3,Unchecked,Avmarkerad,PCSX2,crowdin-current-ui-batch2-20260920,"DEV9SettingsWidget
../Settings/DEV9SettingsWidget.cpp:194
../Settings/DEV9SettingsWidget.cpp:200
../Settings/DEV9SettingsWidget.cpp:220
../Settings/DEV9SettingsWidget.cpp:224",,project-context,7aab090be9a3f13fefedf244,reviewed-receipt,https://github.com/yeager/translations/blob/67e6d27877c9cfd6b6dbc74bd852b10bdbe09c3c/PCSX2/crowdin-current-ui-batch2-20260920.json,a8019ae64305421dc140bdb4a328c495e84cd0cf6043ab46c5d4bf619d05bd2b,"{""artifact"":""https://crowdin.com/project/pcsx2"",""sha256"":""13e2c62c453e34583eb491dd4f9eab59e04635387ca9a917478820c9b16aa471""}"
b4a08a5d5dc85c03c8dea19a,Start,Starta,PCSX2,crowdin-current-ui-batch56-20260920,"FullscreenUI
../../pcsx2/ImGui/FullscreenUI.cpp:4206",Publiceringsförsöket nekades enligt det äldre kvittot; texten är ett lokalt granskningsförslag.,project-context,46c395d0470918d6437a60a8,reviewed-local,https://github.com/yeager/translations/blob/67e6d27877c9cfd6b6dbc74bd852b10bdbe09c3c/PCSX2/crowdin-current-ui-batch56-20260920.json,e544f4e37b292a5a59167a947672fb099eeaff33c9d732c3cd8e9184cd9a4307,"{""artifact"":""https://crowdin.com/project/pcsx2"",""sha256"":""19e3974c27256b78aa671e809a6c892134a312b298aaeb43ab458122130bcd68""}"
b4a0c8ce43443b2e152fc47a,Save Hardware Config,Spara maskinvarukonfiguration,PCSX2,crowdin-current-ui-batch61-20260920,"DebugSettingsWidget
../Settings/DebugSettingsWidget.cpp:148",,project-context,059ceb079090603c1c217644,reviewed-receipt,https://github.com/yeager/translations/blob/67e6d27877c9cfd6b6dbc74bd852b10bdbe09c3c/PCSX2/crowdin-current-ui-batch61-20260920.json,7d1487a8e7a6c977e135205cbfbe024e70d8199f0ee522f5ae9219965d474fa2,"{""artifact"":""https://crowdin.com/project/pcsx2"",""sha256"":""a2f6ad5fb77ace1c533d33796b461ddd4ad9b48a6ef9db17f48c36f0daefd35d""}"
b4ebb881a80ce693b180af3b,14x Native (~5040px),14× inbyggd (~5040 px),PCSX2,crowdin-current-ui-batch50-20260920,"FullscreenUI
../../pcsx2/ImGui/FullscreenUI_Settings.cpp:6617",,project-context,55b8ca003d541ffa6a797c8d,reviewed-receipt,https://github.com/yeager/translations/blob/67e6d27877c9cfd6b6dbc74bd852b10bdbe09c3c/PCSX2/crowdin-current-ui-batch50-20260920.json,526c37bda266096897ffc29f6d90f1526ccd117934fef6462d4629b30c159187,"{""artifact"":""https://crowdin.com/project/pcsx2"",""sha256"":""af04dc1914b32f6367f57894c3007cc3c7a5125cc37838e0745739fb3f36a8bd""}"
b513a3284e7733e69e021e9c,Search family name...,Sök familjenamn …,PCSX2,Crowdin UI,,"Granskad filleverans. Endast färdiga, aktiva översättningar tas med; detta är inte ett påstående om separat registrerat radbeslut för varje oförändrad post.",project-context,f4507ccf3299354972ff49ad,reviewed-file-delivery,https://crowdin.com/project/pcsx2,c5f591f1edc9553e40265bc0be0fe67c8e4252c052a1cf8ecfb524489a5aff60,{}
b54640b25d9b9bdd63811d2e,Add to...,Lägg till i…,PCSX2,crowdin-current-ui-batch28-20260920,"DebuggerEvents
../Debugger/DebuggerEvents.h:58",,project-context,7f863efaed1f12e6d2175367,reviewed-receipt,https://github.com/yeager/translations/blob/67e6d27877c9cfd6b6dbc74bd852b10bdbe09c3c/PCSX2/crowdin-current-ui-batch28-20260920.json,6edf9357e080f44b992185b2f688a80546a47f78b1e6dc7048d1fa1c764180b5,"{""artifact"":""https://crowdin.com/project/pcsx2"",""sha256"":""0234a88d6b5d7ed809d22b4897c963e4c27be173153e0621eb0371a1f077e2d3""}"
b58a9fa380a724e3992ad858,Save Texture,Spara textur,PCSX2,crowdin-current-ui-batch21-20260920,"DebugGSSettingsTab
../Settings/DebugGSSettingsTab.ui:49",Publiceringsförsöket nekades enligt det äldre kvittot; texten är ett lokalt granskningsförslag.,project-context,1f313012c36c3ad76508615e,reviewed-local,https://github.com/yeager/translations/blob/67e6d27877c9cfd6b6dbc74bd852b10bdbe09c3c/PCSX2/crowdin-current-ui-batch21-20260920.json,a17a684939c7836f99eed6a2beb5c914bdeb5bc299843bbd766ce571585ee88e,"{""artifact"":""https://crowdin.com/project/pcsx2"",""sha256"":""0affc60891c1374ff49d3ac07c9af1cbf3223c6d492643eeda0de7c229e95271""}"
b59a1342e6b1a8eadd831fcd,Disable Interlace Offset,Inaktivera sammanflätningsförskjutning,PCSX2,crowdin-current-ui-batch56-20260920,"FullscreenUI
../../pcsx2/ImGui/FullscreenUI_Settings.cpp:6813",,project-context,8c23262dc8b222e1d92d2ed9,reviewed-receipt,https://github.com/yeager/translations/blob/67e6d27877c9cfd6b6dbc74bd852b10bdbe09c3c/PCSX2/crowdin-current-ui-batch56-20260920.json,e544f4e37b292a5a59167a947672fb099eeaff33c9d732c3cd8e9184cd9a4307,"{""artifact"":""https://crowdin.com/project/pcsx2"",""sha256"":""f7f25b635859ff2624e1cc52bcf227766f522536c550e5ce9f595ddbd46a5273""}"
b5a08080b9230245006a4889,Texture Offsets Y,Texturförskjutning Y,PCSX2,Crowdin UI,,"Granskad filleverans. Endast färdiga, aktiva översättningar tas med; detta är inte ett påstående om separat registrerat radbeslut för varje oförändrad post.",project-context,74c46443c0e16ec65002693e,reviewed-file-delivery,https://crowdin.com/project/pcsx2,c5f591f1edc9553e40265bc0be0fe67c8e4252c052a1cf8ecfb524489a5aff60,{}
b5de13f6214d02c17f2dd478,WAIT ID,VÄNTA-ID,PCSX2,Crowdin UI,,"Granskad filleverans. Endast färdiga, aktiva översättningar tas med; detta är inte ett påstående om separat registrerat radbeslut för varje oförändrad post.",project-context,ce0fb6f808d916ffb87bbf11,reviewed-file-delivery,https://crowdin.com/project/pcsx2,c5f591f1edc9553e40265bc0be0fe67c8e4252c052a1cf8ecfb524489a5aff60,{}
b5ea70f251c700778e2ef221,Show Leading Zeroes,Visa inledande nollor,PCSX2,crowdin-current-ui-batch29-20260920,"SymbolTreeView
../Debugger/SymbolTree/SymbolTreeViews.cpp:617",,project-context,b51341ceffbb4e643bbfeb90,reviewed-receipt,https://github.com/yeager/translations/blob/67e6d27877c9cfd6b6dbc74bd852b10bdbe09c3c/PCSX2/crowdin-current-ui-batch29-20260920.json,5e9d99ed74373c2f72a189c1db7205af0fb3f607d18807039efe55821b2dea06,"{""artifact"":""https://crowdin.com/project/pcsx2"",""sha256"":""7a9a0f665566edc40b8498d2e593492bb878502724fd5a53b3929863b4d20465""}"
b605f7f6ab61a2a68f1b8bdc,Cover Downloader,Omslagshämtare,PCSX2,crowdin-current-ui-batch56-20260920,"FullscreenUI
../../pcsx2/ImGui/FullscreenUI.cpp:4156",,project-context,5655bc254b4cb16bd807f1d7,reviewed-receipt,https://github.com/yeager/translations/blob/67e6d27877c9cfd6b6dbc74bd852b10bdbe09c3c/PCSX2/crowdin-current-ui-batch56-20260920.json,e544f4e37b292a5a59167a947672fb099eeaff33c9d732c3cd8e9184cd9a4307,"{""artifact"":""https://crowdin.com/project/pcsx2"",""sha256"":""393d0f4ba63f03bee9cb839b252c2c9affa054ac5397a2799f04cb28e744fffa""}"
b621505041589755d8caa1a2,Scanning for new games...,Söker efter nya spel …,PCSX2,Crowdin UI,,"Granskad filleverans. Endast färdiga, aktiva översättningar tas med; detta är inte ett påstående om separat registrerat radbeslut för varje oförändrad post.",project-context,f9933e323794032e5b41026d,reviewed-file-delivery,https://crowdin.com/project/pcsx2,c5f591f1edc9553e40265bc0be0fe67c8e4252c052a1cf8ecfb524489a5aff60,{}
b62440c367395dd5f8a6def2,20x Native (~7200px),20× inbyggd (~7200 px),PCSX2,crowdin-current-ui-batch50-20260920,"FullscreenUI
../../pcsx2/ImGui/FullscreenUI_Settings.cpp:6623",,project-context,6b782d9db823c3d9664ad178,reviewed-receipt,https://github.com/yeager/translations/blob/67e6d27877c9cfd6b6dbc74bd852b10bdbe09c3c/PCSX2/crowdin-current-ui-batch50-20260920.json,526c37bda266096897ffc29f6d90f1526ccd117934fef6462d4629b30c159187,"{""artifact"":""https://crowdin.com/project/pcsx2"",""sha256"":""3085af444e97eaaa639b04e15295aa13d57b545ccad074eb89fe2520820bffd7""}"
b66943105ec0555d84e39d65,Select ELF File,Välj ELF-fil,PCSX2,crowdin-current-ui-batch38-20260920,"ShortcutCreationDialog
../ShortcutCreationDialog.cpp:36",Publiceringsförsöket nekades enligt det äldre kvittot; texten är ett lokalt granskningsförslag.,project-context,9b6a60020ec4345717a596a4,reviewed-local,https://github.com/yeager/translations/blob/67e6d27877c9cfd6b6dbc74bd852b10bdbe09c3c/PCSX2/crowdin-current-ui-batch38-20260920.json,10bff2a438da2537a334cdf30d1f2646aa56f2807af070ba50c07f07c76b0e06,"{""artifact"":""https://crowdin.com/project/pcsx2"",""sha256"":""29eafca727b29c84614f4db0f5fba109d1e6bea21d2a9d2d69c2aee88dfea49d""}"
b68f8a386e800a035757b34c,Enable HDD,Aktivera hårddisk,PCSX2,crowdin-current-ui-batch60-20260920,"DEV9SettingsWidget
../Settings/DEV9SettingsWidget.cpp:220",Publiceringsförsöket nekades enligt det äldre kvittot; texten är ett lokalt granskningsförslag.,project-context,507c11d713e2805f99707b88,reviewed-local,https://github.com/yeager/translations/blob/67e6d27877c9cfd6b6dbc74bd852b10bdbe09c3c/PCSX2/crowdin-current-ui-batch60-20260920.json,8c6cbd32b1310e0a049b06bc12d78c06699e0e814d471dcdf308e46e1f1388d6,"{""artifact"":""https://crowdin.com/project/pcsx2"",""sha256"":""c5ebcc430a76023d72b2cf9b59453fe3b9e10fd322006f3fa2893f54873cd4d0""}"
b6b4ab04d759b31286173788,GSDump header is corrupted.,GSDump-huvudet är skadat.,PCSX2,crowdin-current-ui-batch43-20260920,"GSDumpFile
../../pcsx2/GS/GSLzma.cpp:95
../../pcsx2/GS/GSLzma.cpp:107",,project-context,0db04d60bf12f508c8b594e9,reviewed-receipt,https://github.com/yeager/translations/blob/67e6d27877c9cfd6b6dbc74bd852b10bdbe09c3c/PCSX2/crowdin-current-ui-batch43-20260920.json,f579d21901c076c71bfe3d8f99475909dc2a77edf2cbda40a55f781cfb57432e,"{""artifact"":""https://crowdin.com/project/pcsx2"",""sha256"":""fb42f817bc5da194c7305ede4b9805e06cde283a15ac3794628a2d0c02740c0d""}"
b6b92150aeebae81303d844a,Function Scanner,Funktionsavsökare,PCSX2,crowdin-current-ui-batch29-20260920,"SymbolGuardian
../../pcsx2/DebugTools/SymbolGuardian.cpp:227",,project-context,a48530e0766e527f76ceb465,reviewed-receipt,https://github.com/yeager/translations/blob/67e6d27877c9cfd6b6dbc74bd852b10bdbe09c3c/PCSX2/crowdin-current-ui-batch29-20260920.json,5e9d99ed74373c2f72a189c1db7205af0fb3f607d18807039efe55821b2dea06,"{""artifact"":""https://crowdin.com/project/pcsx2"",""sha256"":""32cce0acc61b041f437f343552707d70c80f12e03a7645553955cf4516859b7c""}"
b6fa43b4135cb4b5940263ec,Add PCSX2 to the Start Menu,Lägg till PCSX2 på Start-menyn,PCSX2,Crowdin UI,,"Granskad filleverans. Endast färdiga, aktiva översättningar tas med; detta är inte ett påstående om separat registrerat radbeslut för varje oförändrad post.",project-context,8d99d0478bbf5f35450a1559,reviewed-file-delivery,https://crowdin.com/project/pcsx2,c5f591f1edc9553e40265bc0be0fe67c8e4252c052a1cf8ecfb524489a5aff60,{}
b71b0aef842c0a4c0d7429a2,Auto,Automatiskt,PCSX2,crowdin-current-ui-batch41-20260920,"DEV9
../../pcsx2/DEV9/sockets.cpp:50",Publiceringsförsöket nekades enligt det äldre kvittot; texten är ett lokalt granskningsförslag.,project-context,6715eacfaea10c810fe90b77,reviewed-local,https://github.com/yeager/translations/blob/67e6d27877c9cfd6b6dbc74bd852b10bdbe09c3c/PCSX2/crowdin-current-ui-batch41-20260920.json,3d3540e909427165571e6d4f18827ef6f1a60e21accd4e9b5d761a84159ebb5e,"{""artifact"":""https://crowdin.com/project/pcsx2"",""sha256"":""15ca696765164b3d0704cc88e8eb11c232788060a52bfc80dc2a8ce1c71b4c13""}"
b7359b52fce8635e672a5673,Organization,Organisation,PCSX2,Crowdin UI,,"Granskad filleverans. Endast färdiga, aktiva översättningar tas med; detta är inte ett påstående om separat registrerat radbeslut för varje oförändrad post.",project-context,d52afccc45293706f986b5d1,reviewed-file-delivery,https://crowdin.com/project/pcsx2,c5f591f1edc9553e40265bc0be0fe67c8e4252c052a1cf8ecfb524489a5aff60,{}
b73f22251ae0d556063b26cc,Volume: Muted,Volym: avstängd,PCSX2,Crowdin UI,,"Granskad filleverans. Endast färdiga, aktiva översättningar tas med; detta är inte ett påstående om separat registrerat radbeslut för varje oförändrad post.",project-context,c839f1ea6258a6c4edc23137,reviewed-file-delivery,https://crowdin.com/project/pcsx2,c5f591f1edc9553e40265bc0be0fe67c8e4252c052a1cf8ecfb524489a5aff60,{}
b77899020f27fea448996f9a,Save Frame Range Start,Start för bildrutsintervall,PCSX2,crowdin-current-ui-batch4-20260920,"DebugSettingsWidget
../Settings/DebugSettingsWidget.cpp:154",,project-context,c273457c4646ae857cf3e7dd,reviewed-receipt,https://github.com/yeager/translations/blob/67e6d27877c9cfd6b6dbc74bd852b10bdbe09c3c/PCSX2/crowdin-current-ui-batch4-20260920.json,ba9e5644897861c8a18b34f41eeec20168b3176a59ad05fabbf37a183fc525c8,"{""artifact"":""https://crowdin.com/project/pcsx2"",""sha256"":""4487db7a8a11845adbd5f781a507f3d6966909b48167d3d83c4d7505a77bf010""}"
b7ba13c77ab786d536249a0b,Spin CPU During Readbacks,Spinn CPU under återläsningar,PCSX2,Crowdin UI,,"Granskad filleverans. Endast färdiga, aktiva översättningar tas med; detta är inte ett påstående om separat registrerat radbeslut för varje oförändrad post.",project-context,36eb6cdf71535fa5cc37a548,reviewed-file-delivery,https://crowdin.com/project/pcsx2,c5f591f1edc9553e40265bc0be0fe67c8e4252c052a1cf8ecfb524489a5aff60,{}
b7dfe1eb5a729fd670a28b62,Use Debug Blend,Använd felsökningsblandning,PCSX2,crowdin-current-ui-batch55-20260920,"GraphicsSettingsWidget
../Settings/GraphicsSettingsWidget.cpp:829",,project-context,0a825a534ee5328aea1dabd3,reviewed-receipt,https://github.com/yeager/translations/blob/67e6d27877c9cfd6b6dbc74bd852b10bdbe09c3c/PCSX2/crowdin-current-ui-batch55-20260920.json,eef7fecf9007fb67b7321b88ecfd43d8a1e78e3c19d6b14ffe23010d7cdbe6b1,"{""artifact"":""https://crowdin.com/project/pcsx2"",""sha256"":""aab2e3c45e34545060d8d91bd32b1bf0399bec0f9cec0397f4f1942d84a1805a""}"
b80a862150f309858e38ef61,Swap Memory Cards,Byt minneskort,PCSX2,crowdin-current-ui-batch64-20260920,"MemoryCardSettingsWidget
../Settings/MemoryCardSettingsWidget.cpp:104",Publiceringsförsöket nekades enligt det äldre kvittot; texten är ett lokalt granskningsförslag.,project-context,aea25de3ee50e3e94932132b,reviewed-local,https://github.com/yeager/translations/blob/67e6d27877c9cfd6b6dbc74bd852b10bdbe09c3c/PCSX2/crowdin-current-ui-batch64-20260920.json,3eb6750c0d4249b01cf40b2787e9f2e9792529adfb274d1a979de2495c7acabc,"{""artifact"":""https://crowdin.com/project/pcsx2"",""sha256"":""be8fef0328917d6c9f537466e6504c0d4558725c25f2860bfe772cf63020063a""}"
b812d79133460764b4f1aab2,Day of the month (1-31).,Månadens dag (1–31).,PCSX2,crowdin-current-ui-batch58-20260920,"FullscreenUI
../../pcsx2/ImGui/FullscreenUI_Settings.cpp:6162",,project-context,075416fc3bc207ab02331da3,reviewed-receipt,https://github.com/yeager/translations/blob/67e6d27877c9cfd6b6dbc74bd852b10bdbe09c3c/PCSX2/crowdin-current-ui-batch58-20260920.json,63dc6922c386d319276df2094a26afd341a8755f207ce8908444de581c157b66,"{""artifact"":""https://crowdin.com/project/pcsx2"",""sha256"":""a3f81327e7f9e4df56e1d6942cd77572dcc71a7a74d569d90eed25646439487d""}"
b819f8d8e93db1d1823fcfa8,Save Snapshots in Game-Specific Folders,Spara ögonblicksbilder i spelspecifika mappar,PCSX2,crowdin-current-ui-batch57-20260920,"FullscreenUI
../../pcsx2/ImGui/FullscreenUI_Settings.cpp:7038",,project-context,98f8ec72cdc396a0cdeaa926,reviewed-receipt,https://github.com/yeager/translations/blob/67e6d27877c9cfd6b6dbc74bd852b10bdbe09c3c/PCSX2/crowdin-current-ui-batch57-20260920.json,5c871fa681fe60ac837787f04a021e0897b135316665fb1695de5041b8a5e637,"{""artifact"":""https://crowdin.com/project/pcsx2"",""sha256"":""83af0848176daa5d21992382c91a9da9b96490095044f1fa621866061461d630""}"
b83494443205b086eb8ec0b5,NTSC Frame Rate,NTSC-bildfrekvens,PCSX2,crowdin-current-ui-batch20-20260920,"GraphicsSettingsWidget
../Settings/GraphicsSettingsWidget.cpp:837",Publiceringsförsöket nekades enligt det äldre kvittot; texten är ett lokalt granskningsförslag.,project-context,691e0e0c56cd50d295a2b518,reviewed-local,https://github.com/yeager/translations/blob/67e6d27877c9cfd6b6dbc74bd852b10bdbe09c3c/PCSX2/crowdin-current-ui-batch20-20260920.json,b9f3010178fb1ba2ee5cb59570e69caac32abf9f9b7229bf26b14b3a321dc236,"{""artifact"":""https://crowdin.com/project/pcsx2"",""sha256"":""31c9274bff0a140a1aa960908c12dc538d3a89298a200d7d699412b0795da9b6""}"
b837cc5d5c90d88ccb17477e,Container Format,Containerformat,PCSX2,crowdin-current-ui-batch8-20260920,"FullscreenUI
../../pcsx2/ImGui/FullscreenUI_Settings.cpp:6883",,project-context,39b18d7038c76d25884e7d55,reviewed-receipt,https://github.com/yeager/translations/blob/67e6d27877c9cfd6b6dbc74bd852b10bdbe09c3c/PCSX2/crowdin-current-ui-batch8-20260920.json,6d671a2f5891b45d5687714706665353e2ac62d51b8d507209b9c6fd5769ca1f,"{""artifact"":""https://crowdin.com/project/pcsx2"",""sha256"":""8272206f7943a1aebbc9c872ee9bcf8a82cd7cd2b90b7aad1d43102d2dbb0b14""}"
b84d60a8f62888b208d57740,Scan Range End Address,Slutadress för sökintervall,PCSX2,Crowdin UI,,"Granskad filleverans. Endast färdiga, aktiva översättningar tas med; detta är inte ett påstående om separat registrerat radbeslut för varje oförändrad post.",project-context,b1dcb9448a70109a0f18afeb,reviewed-file-delivery,https://crowdin.com/project/pcsx2,c5f591f1edc9553e40265bc0be0fe67c8e4252c052a1cf8ecfb524489a5aff60,{}
b88597f59b90e16374538c09,Failed to initialize SPU2.,Det gick inte att initiera SPU2.,PCSX2,crowdin-current-ui-batch44-20260920,"VMManager
../../pcsx2/VMManager.cpp:1557",,project-context,85f322e319284cfa917d1018,reviewed-receipt,https://github.com/yeager/translations/blob/67e6d27877c9cfd6b6dbc74bd852b10bdbe09c3c/PCSX2/crowdin-current-ui-batch44-20260920.json,5e82a7b07227a314e65a1724efbcf7b471342793ce2ac9d6b518d156f340e5a6,"{""artifact"":""https://crowdin.com/project/pcsx2"",""sha256"":""dbcc4b74994cdee168b9ac83f97e03758539c99a23a12521a54990e78021a084""}"
b8917767838e834740d130ba,Gateway Address,Gateway-adress,PCSX2,crowdin-current-ui-batch2-20260920,"DEV9SettingsWidget
../Settings/DEV9SettingsWidget.cpp:208",,project-context,9acd4b96cf3cc7389fa31c23,reviewed-receipt,https://github.com/yeager/translations/blob/67e6d27877c9cfd6b6dbc74bd852b10bdbe09c3c/PCSX2/crowdin-current-ui-batch2-20260920.json,a8019ae64305421dc140bdb4a328c495e84cd0cf6043ab46c5d4bf619d05bd2b,"{""artifact"":""https://crowdin.com/project/pcsx2"",""sha256"":""3f1e4aaf8ac01f75b5618e13fbc5fb200f2a9cdc05a93719688dad1eece6e86b""}"
b904a3bcfb224ebc5d8ef62a,Software Dump Directory,Katalog för programvarudump,PCSX2,crowdin-current-ui-batch4-20260920,"DebugSettingsWidget
../Settings/DebugSettingsWidget.cpp:160",,project-context,3aa4cbcdbdef0a49d9925a7d,reviewed-receipt,https://github.com/yeager/translations/blob/67e6d27877c9cfd6b6dbc74bd852b10bdbe09c3c/PCSX2/crowdin-current-ui-batch4-20260920.json,ba9e5644897861c8a18b34f41eeec20168b3176a59ad05fabbf37a183fc525c8,"{""artifact"":""https://crowdin.com/project/pcsx2"",""sha256"":""ca398f289dbdddf6fe0e932a4638b18f1fdc00d9a96fa27dd31792591f4855b8""}"
b991b143495e9cff329f8525,Max Hits,Maximalt antal träffar,PCSX2,crowdin-current-ui-batch64-20260920,"BreakpointDialog
../Debugger/Breakpoints/BreakpointDialog.ui:381",Publiceringsförsöket nekades enligt det äldre kvittot; texten är ett lokalt granskningsförslag.,project-context,3bed26bb9ad55defb4024200,reviewed-local,https://github.com/yeager/translations/blob/67e6d27877c9cfd6b6dbc74bd852b10bdbe09c3c/PCSX2/crowdin-current-ui-batch64-20260920.json,3eb6750c0d4249b01cf40b2787e9f2e9792529adfb274d1a979de2495c7acabc,"{""artifact"":""https://crowdin.com/project/pcsx2"",""sha256"":""bc73f60c2557d92ef622c2a13458c00f51e32345b77263167dca463e04bb5167""}"
b9a5aadc24a3b9ce8181ae82,Checked,Markerad,PCSX2,crowdin-current-ui-batch54-20260920,"OSDSettingsWidget
../Settings/OSDSettingsWidget.cpp:125
../Settings/OSDSettingsWidget.cpp:145
../Settings/OSDSettingsWidget.cpp:154
../Settings/OSDSettingsWidget.cpp:157
../Settings/OSDSettingsWidget.cpp:163",,project-context,97621695e829aee5e69b4ed0,reviewed-receipt,https://github.com/yeager/translations/blob/67e6d27877c9cfd6b6dbc74bd852b10bdbe09c3c/PCSX2/crowdin-current-ui-batch54-20260920.json,1ea914cd857e948af6e29d5981765e20bf4f3f3bfcd3d14fdfab548fae14eacc,"{""artifact"":""https://crowdin.com/project/pcsx2"",""sha256"":""9176b2b63fffa67656fe331a119ff8f21cbf1e69ee4ff4351947b32436b90a58""}"
b9db62c15c246b12e9ba79f2,Copy,Kopiera,PCSX2,crowdin-current-ui-batch17-20260920,"ModuleView
../Debugger/ModuleView.cpp:50",Publiceringsförsöket nekades enligt det äldre kvittot; texten är ett lokalt granskningsförslag.,project-context,a55f3251d434ee0f5ce9a983,reviewed-local,https://github.com/yeager/translations/blob/67e6d27877c9cfd6b6dbc74bd852b10bdbe09c3c/PCSX2/crowdin-current-ui-batch17-20260920.json,c3e8ec58262cb9ca378f79dea9c4f1baee0c939d134bdeccfba91a46dd70eaae,"{""artifact"":""https://crowdin.com/project/pcsx2"",""sha256"":""e5b2519135382c87b0645777f5b38f8867b692fc273b41cd6a245ae8e8f0254c""}"
ba62d31eca4eb2c22b7e3809,Overlay Settings,Inställningar för överlagring,PCSX2,Crowdin UI,,"Granskad filleverans. Endast färdiga, aktiva översättningar tas med; detta är inte ett påstående om separat registrerat radbeslut för varje oförändrad post.",project-context,9e3c5087019ce13e236658a6,reviewed-file-delivery,https://crowdin.com/project/pcsx2,c5f591f1edc9553e40265bc0be0fe67c8e4252c052a1cf8ecfb524489a5aff60,{}
ba6899ad5cfe82d8a284b9af,Use Debug Blend,Använd felsökningsblandning,PCSX2,Crowdin UI,,"Granskad filleverans. Endast färdiga, aktiva översättningar tas med; detta är inte ett påstående om separat registrerat radbeslut för varje oförändrad post.",project-context,e08eb780d0736e9ecb19e073,reviewed-file-delivery,https://crowdin.com/project/pcsx2,c5f591f1edc9553e40265bc0be0fe67c8e4252c052a1cf8ecfb524489a5aff60,{}
ba6b280074660e5bc7df6d08,Failed to read word.,Det gick inte att läsa ord.,PCSX2,crowdin-current-ui-batch43-20260920,"GSDumpFile
../../pcsx2/GS/GSLzma.cpp:174",,project-context,b4174adca60943c53c79427f,reviewed-receipt,https://github.com/yeager/translations/blob/67e6d27877c9cfd6b6dbc74bd852b10bdbe09c3c/PCSX2/crowdin-current-ui-batch43-20260920.json,f579d21901c076c71bfe3d8f99475909dc2a77edf2cbda40a55f781cfb57432e,"{""artifact"":""https://crowdin.com/project/pcsx2"",""sha256"":""ea63b587affca11c6a4e842d88c04bf347ecbca304ef6d9cd543b2eea0815447""}"
ba91b91e7df0e2431093b1c7,Subnet Mask,Nätmask,PCSX2,crowdin-current-ui-batch36-20260920,"FullscreenUI
../../pcsx2/ImGui/FullscreenUI_Settings.cpp:6957",,project-context,6ebd72528e0ef6d2537197f2,reviewed-receipt,https://github.com/yeager/translations/blob/67e6d27877c9cfd6b6dbc74bd852b10bdbe09c3c/PCSX2/crowdin-current-ui-batch36-20260920.json,06685b2a6b6a0881c244315d3604555b5de0e31fa34564c53c68e8d7b263bdfe,"{""artifact"":""https://crowdin.com/project/pcsx2"",""sha256"":""ffb1da5c274c5a8c46d2d4aa223e7db4285c509d258f07ef4d8aa6b6ce85af33""}"
ba9a22671efe860b69753c7c,Sprites Only,Endast sprites,PCSX2,crowdin-current-ui-batch25-20260920,"GraphicsHardwareFixesSettingsTab
../Settings/GraphicsHardwareFixesSettingsTab.ui:134",Publiceringsförsöket nekades enligt det äldre kvittot; texten är ett lokalt granskningsförslag.,project-context,af1f5e493cf72eace95efb9f,reviewed-local,https://github.com/yeager/translations/blob/67e6d27877c9cfd6b6dbc74bd852b10bdbe09c3c/PCSX2/crowdin-current-ui-batch25-20260920.json,c686e808bea1ecea795d6bd0a3871f9ea94959e30276601f8efafda34c283479,"{""artifact"":""https://crowdin.com/project/pcsx2"",""sha256"":""9c84b9608351dee9cd4b170ca2a307c173ccb2f9e4c7b9df5fe04f6ec0c93643""}"
baa5e4284d2d9969bc8c8bf8,Prompt On State Load/Save Failure,Fråga vid misslyckad inläsning/sparning av tillstånd,PCSX2,crowdin-current-ui-batch11-20260920,"FullscreenUI
../../pcsx2/ImGui/FullscreenUI_Settings.cpp:6770",Publiceringsförsöket nekades enligt det äldre kvittot; texten är ett lokalt granskningsförslag.,project-context,23877147ab196f746162fd71,reviewed-local,https://github.com/yeager/translations/blob/67e6d27877c9cfd6b6dbc74bd852b10bdbe09c3c/PCSX2/crowdin-current-ui-batch11-20260920.json,ca34a36082ac7bb7c72d20bd72c4f2da2c969dae95acc424871cf924ec9d06b4,"{""artifact"":""https://crowdin.com/project/pcsx2"",""sha256"":""36bb6e1d20f0543ae05d8b0f55f9282dced8bff1181def5beedb39bd33c9ac0a""}"
baa6412decd3e4260e2f0047,Right (Default),Höger (standard),PCSX2,crowdin-current-ui-batch53-20260920,"OSDSettingsWidget
../Settings/OSDSettingsWidget.cpp:101",Publiceringsförsöket nekades enligt det äldre kvittot; texten är ett lokalt granskningsförslag.,project-context,f81222346ee9dc996e7c16d5,reviewed-local,https://github.com/yeager/translations/blob/67e6d27877c9cfd6b6dbc74bd852b10bdbe09c3c/PCSX2/crowdin-current-ui-batch53-20260920.json,cf9e3a076b0a7a4c9da64198f8216ad33f840f37229f480c53c816b8096dd673,"{""artifact"":""https://crowdin.com/project/pcsx2"",""sha256"":""6340f2846870027fd52c362e07757fdf1de3bde4444801c8b4e07563e873b873""}"
bb106fa97351171cbf0211bc,Bilinear Dirty Upscale:,Bilinjär smutsig uppskalning:,PCSX2,crowdin-current-ui-batch28-20260920,"GraphicsUpscalingFixesSettingsTab
../Settings/GraphicsUpscalingFixesSettingsTab.ui:199",,project-context,b5aa6f2da976573f64db8efb,reviewed-receipt,https://github.com/yeager/translations/blob/67e6d27877c9cfd6b6dbc74bd852b10bdbe09c3c/PCSX2/crowdin-current-ui-batch28-20260920.json,6edf9357e080f44b992185b2f688a80546a47f78b1e6dc7048d1fa1c764180b5,"{""artifact"":""https://crowdin.com/project/pcsx2"",""sha256"":""6614dae074f9a370eabd796b275ca5f89934e68bc495e5bbf7eeb5b53ede50b8""}"
bb1e7b8a076946fdf1f27cd0,Round Sprite:,Avrunda sprite:,PCSX2,crowdin-current-ui-batch28-20260920,"GraphicsUpscalingFixesSettingsTab
../Settings/GraphicsUpscalingFixesSettingsTab.ui:228",,project-context,528ed4c0518cd22fb2b5fa7a,reviewed-receipt,https://github.com/yeager/translations/blob/67e6d27877c9cfd6b6dbc74bd852b10bdbe09c3c/PCSX2/crowdin-current-ui-batch28-20260920.json,6edf9357e080f44b992185b2f688a80546a47f78b1e6dc7048d1fa1c764180b5,"{""artifact"":""https://crowdin.com/project/pcsx2"",""sha256"":""e4918851a825bc0f0c8cb5e899d4425b3c138aacdfd1952d3023a2fc7bcfc557""}"
bb2350758fc3ff9ac75b9fa2,Chop/Zero,Avkorta/noll,PCSX2,crowdin-current-ui-batch56-20260920,"FullscreenUI
../../pcsx2/ImGui/FullscreenUI_Settings.cpp:6731",,project-context,45b9f822cbb9eb689ee96512,reviewed-receipt,https://github.com/yeager/translations/blob/67e6d27877c9cfd6b6dbc74bd852b10bdbe09c3c/PCSX2/crowdin-current-ui-batch56-20260920.json,e544f4e37b292a5a59167a947672fb099eeaff33c9d732c3cd8e9184cd9a4307,"{""artifact"":""https://crowdin.com/project/pcsx2"",""sha256"":""9a2bf6ebc1073006412e7cd8fc8ba57314625d41516cc759a92659623bece5c2""}"
bb33a7cca3de91e2b34bd8b8,Show VPS,Visa VPS,PCSX2,crowdin-current-ui-batch42-20260920,"FullscreenUI
../../pcsx2/ImGui/FullscreenUI_Settings.cpp:6921",Publiceringsförsöket nekades enligt det äldre kvittot; texten är ett lokalt granskningsförslag.,project-context,27dff2558825516d69b5ebfa,reviewed-local,https://github.com/yeager/translations/blob/67e6d27877c9cfd6b6dbc74bd852b10bdbe09c3c/PCSX2/crowdin-current-ui-batch42-20260920.json,9f520ef0d6d3953823cdb4b972b8c0d3d52fb638fcfa4ed0d77caf784e6987f5,"{""artifact"":""https://crowdin.com/project/pcsx2"",""sha256"":""4c0bbd55e4a76a039a6908e60fbf5d53cf01d4d23910b6efde8d58c93738af6b""}"
bb7539ace2fbeb281129c208,Enables video recording during gameplay capture.,Aktiverar videoinspelning under spelinspelning.,PCSX2,crowdin-current-ui-batch62-20260920,"GraphicsSettingsWidget
../Settings/GraphicsSettingsWidget.cpp:736",,project-context,44eae45375e7ad4fc834b51d,reviewed-receipt,https://github.com/yeager/translations/blob/67e6d27877c9cfd6b6dbc74bd852b10bdbe09c3c/PCSX2/crowdin-current-ui-batch62-20260920.json,6f455bab497aab5f47fecf4d901525cee3a927cec35cd4f2f0dc82942d40dace,"{""artifact"":""https://crowdin.com/project/pcsx2"",""sha256"":""a1ba766fec8a620c4b6f069ef09f2ca02dcde4ce334e4278d96ae733e7474d47""}"
bb7b3d16ecd434f1d2724652,Unsynchronized (Non-Deterministic),Osynkroniserad (icke-deterministisk),PCSX2,crowdin-current-ui-batch22-20260920,"GraphicsAdvancedSettingsTab
../Settings/GraphicsAdvancedSettingsTab.ui:58",Publiceringsförsöket nekades enligt det äldre kvittot; texten är ett lokalt granskningsförslag.,project-context,d427b46aceda91846d4f7f1b,reviewed-local,https://github.com/yeager/translations/blob/67e6d27877c9cfd6b6dbc74bd852b10bdbe09c3c/PCSX2/crowdin-current-ui-batch22-20260920.json,4f04c5281fafa51fe7ba74101b3c304645c8874ef28d97c8f99b5d9fe805c47e,"{""artifact"":""https://crowdin.com/project/pcsx2"",""sha256"":""bf4f141d66de951e6145101e2528ee4c7888e0859c98ea990d6e1694b8cd03a1""}"
bbab23dca59a57bf7767ed96,8 (512 Max Width),8 (maximal bredd 512),PCSX2,crowdin-current-ui-batch25-20260920,"GraphicsHardwareFixesSettingsTab
../Settings/GraphicsHardwareFixesSettingsTab.ui:115",,project-context,f972d5a4b1fe33050bb86c75,reviewed-receipt,https://github.com/yeager/translations/blob/67e6d27877c9cfd6b6dbc74bd852b10bdbe09c3c/PCSX2/crowdin-current-ui-batch25-20260920.json,c686e808bea1ecea795d6bd0a3871f9ea94959e30276601f8efafda34c283479,"{""artifact"":""https://crowdin.com/project/pcsx2"",""sha256"":""bccce8fa1fa07f2ee6d87205af6921d63f3d68ffb61c0b36e3e83171b1d86e7a""}"
bbf3e38a9d386855014770a5,Catalog refreshed from online font index.,Katalogen uppdaterades från teckensnittsindexet på nätet.,PCSX2,crowdin-current-ui-batch52-20260920,"OSDFontPickerDialog
../Settings/OsdFontPickerDialog.cpp:351",,project-context,432836f445bac7a438a7f503,reviewed-receipt,https://github.com/yeager/translations/blob/67e6d27877c9cfd6b6dbc74bd852b10bdbe09c3c/PCSX2/crowdin-current-ui-batch52-20260920.json,8cfffc76ca6e36b6b86d335ad9a92ba99954d58c53ce7d299caec541e1b3ff9b,"{""artifact"":""https://crowdin.com/project/pcsx2"",""sha256"":""37d0c750f6d8722e66cf7f4c82f70ad9558ac4fdd203debc73e05a691860f49f""}"
bc9dcbef5558e82e06814fad,Invalid Font,Ogiltigt teckensnitt,PCSX2,crowdin-current-ui-batch52-20260920,"OSDFontPickerDialog
../Settings/OsdFontPickerDialog.cpp:421
../Settings/OsdFontPickerDialog.cpp:447",,project-context,ae4356560b8227aff30ee210,reviewed-receipt,https://github.com/yeager/translations/blob/67e6d27877c9cfd6b6dbc74bd852b10bdbe09c3c/PCSX2/crowdin-current-ui-batch52-20260920.json,8cfffc76ca6e36b6b86d335ad9a92ba99954d58c53ce7d299caec541e1b3ff9b,"{""artifact"":""https://crowdin.com/project/pcsx2"",""sha256"":""df658b95bfc88aa21617c4b4ac3915d23d1acd59a25432360642c9b2f1efc779""}"
bcb450fc6d521f3839d6ace7,Screen Offsets,Skärmförskjutningar,PCSX2,crowdin-current-ui-batch23-20260920,"GraphicsDisplaySettingsTab
../Settings/GraphicsDisplaySettingsTab.ui:79",Publiceringsförsöket nekades enligt det äldre kvittot; texten är ett lokalt granskningsförslag.,project-context,22d8cec09efaf5343b8a2f21,reviewed-local,https://github.com/yeager/translations/blob/67e6d27877c9cfd6b6dbc74bd852b10bdbe09c3c/PCSX2/crowdin-current-ui-batch23-20260920.json,94825b8000dc084475f7ee18208d828359829f994a9e4d0dfc9ec3c3d325f60e,"{""artifact"":""https://crowdin.com/project/pcsx2"",""sha256"":""3e2f4280a9607ebd0695cacd6bc5391d197b257a5dcc3548395e15522f510996""}"
bcdec07bd6ccff1a317ed8a4,Show GPU Pipeline Statistics,Visa GPU-pipelinestatistik,PCSX2,crowdin-current-ui-batch59-20260920,"OSDSettingsWidget
../Settings/OSDSettingsWidget.ui:498
../Settings/OSDSettingsWidget.cpp:131",,project-context,2d3694eaa57b472aeecee1c0,reviewed-receipt,https://github.com/yeager/translations/blob/67e6d27877c9cfd6b6dbc74bd852b10bdbe09c3c/PCSX2/crowdin-current-ui-batch59-20260920.json,9f38fdcde8389b4381406c889374f3d78d817dcfb9ea2ab1119de66a68266465,"{""artifact"":""https://crowdin.com/project/pcsx2"",""sha256"":""3efd2275135b2dbba2c58223b869cae79ffe42f67120be0914fac5a33a6893ba""}"
bd01e6dacc5fea307b1cc6f4,Reset Controller Settings,Återställ handkontrollinställningar,PCSX2,crowdin-current-ui-batch14-20260920,"FullscreenUI
../../pcsx2/ImGui/FullscreenUI_Settings.cpp:6999",,project-context,f8acbd16af0a9ac652e379f1,reviewed-receipt,https://github.com/yeager/translations/blob/67e6d27877c9cfd6b6dbc74bd852b10bdbe09c3c/PCSX2/crowdin-current-ui-batch14-20260920.json,9f0ff248176205a3bda2eb3f8c6f8e1ab1d89f1ac984b49ef2d06f0eb6672cce,"{""artifact"":""https://crowdin.com/project/pcsx2"",""sha256"":""b5a16435ec87634b139fa5af4640b370313b83d2fa2ba99601dd38483d5ac8ed""}"
bd27852936dee43d7c90e822,Ethernet Device Type,Typ av Ethernet-enhet,PCSX2,crowdin-current-ui-batch35-20260920,"FullscreenUI
../../pcsx2/ImGui/FullscreenUI_Settings.cpp:6952",,project-context,5f25e52da6f8d27074070df0,reviewed-receipt,https://github.com/yeager/translations/blob/67e6d27877c9cfd6b6dbc74bd852b10bdbe09c3c/PCSX2/crowdin-current-ui-batch35-20260920.json,6c1b597bc9480c34eadc255045e58a2413f454db5a76874db451ebfcd5d24853,"{""artifact"":""https://crowdin.com/project/pcsx2"",""sha256"":""ed75a590a0377687f33d926025a5a24d665a3fe8dcf9fb318ca3fc99ed9e8b39""}"
bd280b3d29149cbe8b2e896a,Unchecked,Avmarkerad,PCSX2,crowdin-current-ui-batch15-20260920,"FolderSettingsWidget
../Settings/FolderSettingsWidget.cpp:33
../Settings/FolderSettingsWidget.cpp:39",,project-context,dd6d4e5441798f1494b3287e,reviewed-receipt,https://github.com/yeager/translations/blob/67e6d27877c9cfd6b6dbc74bd852b10bdbe09c3c/PCSX2/crowdin-current-ui-batch15-20260920.json,9b2ebc5e4b008f5a05b2c32d2825bc90cde350d6c271bc9dbc7a0033312db467,"{""artifact"":""https://crowdin.com/project/pcsx2"",""sha256"":""eb2f2699637a50a32b50ae2744509faf6a0d6261e1d28e951005d68c0a610031""}"
bd421f37fa134f8c40371c1b,Save Depth Buffer,Spara djupbuffert,PCSX2,crowdin-current-ui-batch61-20260920,"DebugSettingsWidget
../Settings/DebugSettingsWidget.cpp:136",Publiceringsförsöket nekades enligt det äldre kvittot; texten är ett lokalt granskningsförslag.,project-context,b9ab8db0f81802b62575abd4,reviewed-local,https://github.com/yeager/translations/blob/67e6d27877c9cfd6b6dbc74bd852b10bdbe09c3c/PCSX2/crowdin-current-ui-batch61-20260920.json,7d1487a8e7a6c977e135205cbfbe024e70d8199f0ee522f5ae9219965d474fa2,"{""artifact"":""https://crowdin.com/project/pcsx2"",""sha256"":""b70e0162a442e5fe5d19266682f15a14958a8b45ff382c30d237d64f17391778""}"
bd882c5f6db539cefa3c6c9a,Show GPU Pipeline Statistics,Visa GPU-pipelinestatistik,PCSX2,crowdin-current-ui-batch57-20260920,"FullscreenUI
../../pcsx2/ImGui/FullscreenUI_Settings.cpp:6929",,project-context,933d6fb4c021901a658bb513,reviewed-receipt,https://github.com/yeager/translations/blob/67e6d27877c9cfd6b6dbc74bd852b10bdbe09c3c/PCSX2/crowdin-current-ui-batch57-20260920.json,5c871fa681fe60ac837787f04a021e0897b135316665fb1695de5041b8a5e637,"{""artifact"":""https://crowdin.com/project/pcsx2"",""sha256"":""6a3624b4c00d9924a1d36bc6fbfb3b489a5ecc243ce3d1592f5dd58b0b329ce8""}"
bd999e4e0ebea9a54d8b2ca4,Sharpness,Skärpa,PCSX2,Crowdin UI,,"Granskad filleverans. Endast färdiga, aktiva översättningar tas med; detta är inte ett påstående om separat registrerat radbeslut för varje oförändrad post.",project-context,1e2dbdf9babc0cd596ace8e5,reviewed-file-delivery,https://crowdin.com/project/pcsx2,c5f591f1edc9553e40265bc0be0fe67c8e4252c052a1cf8ecfb524489a5aff60,{}
be42c1b86df760fcf8c5742f,Fast Boot Options,Alternativ för snabbstart,PCSX2,crowdin-current-ui-batch50-20260920,"FullscreenUI
../../pcsx2/ImGui/FullscreenUI_Settings.cpp:6142",,project-context,d3c40b482454a5d7dcd560b5,reviewed-receipt,https://github.com/yeager/translations/blob/67e6d27877c9cfd6b6dbc74bd852b10bdbe09c3c/PCSX2/crowdin-current-ui-batch50-20260920.json,526c37bda266096897ffc29f6d90f1526ccd117934fef6462d4629b30c159187,"{""artifact"":""https://crowdin.com/project/pcsx2"",""sha256"":""eb5e4a62b979f0aecabaec7c69eaec94ed54cd42ffc2f09cb34d13e78d013019""}"
be5c218351d938d5bb31d4b5,Bold OSD Text,Fet OSD-text,PCSX2,crowdin-current-ui-batch53-20260920,"OSDSettingsWidget
../Settings/OSDSettingsWidget.ui:257
../Settings/OSDSettingsWidget.cpp:145",Publiceringsförsöket nekades enligt det äldre kvittot; texten är ett lokalt granskningsförslag.,project-context,ea5034863288d52c5b0b8a5a,reviewed-local,https://github.com/yeager/translations/blob/67e6d27877c9cfd6b6dbc74bd852b10bdbe09c3c/PCSX2/crowdin-current-ui-batch53-20260920.json,cf9e3a076b0a7a4c9da64198f8216ad33f840f37229f480c53c816b8096dd673,"{""artifact"":""https://crowdin.com/project/pcsx2"",""sha256"":""d51d4e82daba530d3bca2bf238f059398a2235f4ee1a3e240bd9d658af4e589f""}"
beffab54d115e9874212e200,Confirm Reset,Bekräfta återställning,PCSX2,crowdin-current-ui-batch36-20260920,"FullscreenUI
../../pcsx2/ImGui/FullscreenUI.cpp:4187",,project-context,ffbcecf09b9e75a70747a982,reviewed-receipt,https://github.com/yeager/translations/blob/67e6d27877c9cfd6b6dbc74bd852b10bdbe09c3c/PCSX2/crowdin-current-ui-batch36-20260920.json,06685b2a6b6a0881c244315d3604555b5de0e31fa34564c53c68e8d7b263bdfe,"{""artifact"":""https://crowdin.com/project/pcsx2"",""sha256"":""1e7056a983420c361d1fc2290ded13c8feab04710b42d4e5ee2f08b5035425be""}"
bf0b576279782113a182e387,Maximum,Största,PCSX2,Crowdin UI,,"Granskad filleverans. Endast färdiga, aktiva översättningar tas med; detta är inte ett påstående om separat registrerat radbeslut för varje oförändrad post.",project-context,5673ccfbe70d9bcabb2f85fd,reviewed-file-delivery,https://crowdin.com/project/pcsx2,c5f591f1edc9553e40265bc0be0fe67c8e4252c052a1cf8ecfb524489a5aff60,{}
bf0cb8fcbe9db50f25310803,HW Regs (MMIO),HW-register (MMIO),PCSX2,crowdin-current-ui-batch21-20260920,"DebugLoggingSettingsTab
../Settings/DebugLoggingSettingsTab.ui:100
../Settings/DebugLoggingSettingsTab.ui:217",,project-context,2d9d4bf92538e01ff5c46e30,reviewed-receipt,https://github.com/yeager/translations/blob/67e6d27877c9cfd6b6dbc74bd852b10bdbe09c3c/PCSX2/crowdin-current-ui-batch21-20260920.json,a17a684939c7836f99eed6a2beb5c914bdeb5bc299843bbd766ce571585ee88e,"{""artifact"":""https://crowdin.com/project/pcsx2"",""sha256"":""48ef7cd4738831fa8c63746ad5e48598837208396506d364ca6fac0fcf91e67a""}"
bf108bde03df0d237f4ab734,Default,Standard,PCSX2,crowdin-current-ui-batch61-20260920,"FolderSettingsWidget
../Settings/FolderSettingsWidget.cpp:25
../Settings/FolderSettingsWidget.cpp:27
../Settings/FolderSettingsWidget.cpp:29
../Settings/FolderSettingsWidget.cpp:31
../Settings/FolderSettingsWidget.cpp:35
../Settings/FolderSettingsWidget.cpp:37",Publiceringsförsöket nekades enligt det äldre kvittot; texten är ett lokalt granskningsförslag.,project-context,a8be90bd0ee11df84acb435d,reviewed-local,https://github.com/yeager/translations/blob/67e6d27877c9cfd6b6dbc74bd852b10bdbe09c3c/PCSX2/crowdin-current-ui-batch61-20260920.json,7d1487a8e7a6c977e135205cbfbe024e70d8199f0ee522f5ae9219965d474fa2,"{""artifact"":""https://crowdin.com/project/pcsx2"",""sha256"":""fd83026c7cfa387e614b8de6add1f0abce3462fc7ceff88b881a321f6147811e""}"
bf1b2d80a01c699d6d6bae3b,Enable Sound Effects,Aktivera ljudeffekter,PCSX2,crowdin-current-ui-batch57-20260920,"FullscreenUI
../../pcsx2/ImGui/FullscreenUI_Settings.cpp:6983",,project-context,6d1d73d7b441703a04dd2773,reviewed-receipt,https://github.com/yeager/translations/blob/67e6d27877c9cfd6b6dbc74bd852b10bdbe09c3c/PCSX2/crowdin-current-ui-batch57-20260920.json,5c871fa681fe60ac837787f04a021e0897b135316665fb1695de5041b8a5e637,"{""artifact"":""https://crowdin.com/project/pcsx2"",""sha256"":""5cf045c611cec09fb9140d890547dba2fae3bd728660cab292e0c96303e67ce3""}"
bf9585d186d4d282ac05f3ca,Second,Sekund,PCSX2,Crowdin UI,,"Granskad filleverans. Endast färdiga, aktiva översättningar tas med; detta är inte ett påstående om separat registrerat radbeslut för varje oförändrad post.",project-context,2b93d33b60d0695a5f153b18,reviewed-file-delivery,https://crowdin.com/project/pcsx2,c5f591f1edc9553e40265bc0be0fe67c8e4252c052a1cf8ecfb524489a5aff60,{}
bfbdf9586738ad792cf9505c,DNS2 Mode,DNS2-läge,PCSX2,crowdin-current-ui-batch36-20260920,"FullscreenUI
../../pcsx2/ImGui/FullscreenUI_Settings.cpp:6962",Publiceringsförsöket nekades enligt det äldre kvittot; texten är ett lokalt granskningsförslag.,project-context,766032f104c803ea5d7b4fed,reviewed-local,https://github.com/yeager/translations/blob/67e6d27877c9cfd6b6dbc74bd852b10bdbe09c3c/PCSX2/crowdin-current-ui-batch36-20260920.json,06685b2a6b6a0881c244315d3604555b5de0e31fa34564c53c68e8d7b263bdfe,"{""artifact"":""https://crowdin.com/project/pcsx2"",""sha256"":""671c7b3b5738c7bf05cfcd95431daddd52982eb1fe97ec124ccde09729826f26""}"
bfd9e4bf22645a54cf1178af,Dump GS Draws,Dumpa GS-ritningar,PCSX2,crowdin-current-ui-batch3-20260920,"DebugSettingsWidget
../Settings/DebugSettingsWidget.cpp:128",,project-context,28d12f5add17a56f485851b7,reviewed-receipt,https://github.com/yeager/translations/blob/67e6d27877c9cfd6b6dbc74bd852b10bdbe09c3c/PCSX2/crowdin-current-ui-batch3-20260920.json,312b703c14e788fca3d8a80055543aca887c12d491340b56e8de7abdd1dbfcb8,"{""artifact"":""https://crowdin.com/project/pcsx2"",""sha256"":""2d0ff090aa17df752f802a9b7d08a19152b59b5310af407b4bc4804104e4b30f""}"
c017978b5d73b0f47391c1bf,Removes the custom background image.,Tar bort den egna bakgrundsbilden.,PCSX2,crowdin-current-ui-batch12-20260920,"FullscreenUI
../../pcsx2/ImGui/FullscreenUI_Settings.cpp:6116",,project-context,13907a21419e3488410d2716,reviewed-receipt,https://github.com/yeager/translations/blob/67e6d27877c9cfd6b6dbc74bd852b10bdbe09c3c/PCSX2/crowdin-current-ui-batch12-20260920.json,069c92ed85703bad78e9b4e17bd0d4fccb132ebeed9d3bedd8328dbf6ea26909,"{""artifact"":""https://crowdin.com/project/pcsx2"",""sha256"":""3bd6eb0841bdafc52a93e89c3e35faacc0414051c7b1fcfe43a4d24d23d7433d""}"
c02e2443a08066fb84f3c5e3,Leaderboard Sound,Topplisteljud,PCSX2,Crowdin UI,,"Granskad filleverans. Endast färdiga, aktiva översättningar tas med; detta är inte ett påstående om separat registrerat radbeslut för varje oförändrad post.",project-context,693be512cf2e177ac5fed67f,reviewed-file-delivery,https://crowdin.com/project/pcsx2,c5f591f1edc9553e40265bc0be0fe67c8e4252c052a1cf8ecfb524489a5aff60,{}
c0361105211f3d5dc097965a,Hostname,Värdnamn,PCSX2,crowdin-current-ui-batch45-20260920,"DEV9DnsHostDialog
../Settings/DEV9DnsHostDialog.cpp:33",Publiceringsförsöket nekades enligt det äldre kvittot; texten är ett lokalt granskningsförslag.,project-context,ed144fafb11ec9af28ef46e7,reviewed-local,https://github.com/yeager/translations/blob/67e6d27877c9cfd6b6dbc74bd852b10bdbe09c3c/PCSX2/crowdin-current-ui-batch45-20260920.json,4c2583095ac82af7cbd5d2e9b388582811e469f82c52448518b800a7bc23bdc8,"{""artifact"":""https://crowdin.com/project/pcsx2"",""sha256"":""b04cbdb53e28d5dffe8c8fed573e365c4a7b3c1c5910163f29e73ab6db7a2947""}"
c03e6c6ca429f90d8e1c2b8e,Unchecked,Avmarkerad,PCSX2,crowdin-current-ui-batch62-20260920,"GameCheatSettingsWidget
../Settings/GameCheatSettingsWidget.cpp:64",Publiceringsförsöket nekades enligt det äldre kvittot; texten är ett lokalt granskningsförslag.,project-context,70185b9e8c1f9298883aa745,reviewed-local,https://github.com/yeager/translations/blob/67e6d27877c9cfd6b6dbc74bd852b10bdbe09c3c/PCSX2/crowdin-current-ui-batch62-20260920.json,6f455bab497aab5f47fecf4d901525cee3a927cec35cd4f2f0dc82942d40dace,"{""artifact"":""https://crowdin.com/project/pcsx2"",""sha256"":""627e715bb33b547bf2338ba4f1e37a0188c7a94cf25e332e61e212fc65b6db8c""}"
c045be166c28f5e6c1db8697,Empty,Tom,PCSX2,crowdin-current-ui-batch31-20260920,"ImGuiOverlays
../../pcsx2/ImGui/ImGuiOverlays.cpp:1531",,project-context,10db656e6673324537eac30e,reviewed-receipt,https://github.com/yeager/translations/blob/67e6d27877c9cfd6b6dbc74bd852b10bdbe09c3c/PCSX2/crowdin-current-ui-batch31-20260920.json,7f296a46b32719e99a638c81474fc3438c10c81ba7fa7f9ae7a93270e2b8c504,"{""artifact"":""https://crowdin.com/project/pcsx2"",""sha256"":""ec28c8aa3e7121dcb9fa0f2fce187ae8e04265c3155d45b015dd7a56eb22aa12""}"
c069c4c1ad19eb26e97260c0,Enables video recording during gameplay capture.,Aktiverar videoinspelning medan spel körs.,PCSX2,crowdin-current-ui-batch7-20260920,"GraphicsSettingsWidget
../Settings/GraphicsSettingsWidget.cpp:736",,project-context,4736be387d12b4a42a7fd556,reviewed-receipt,https://github.com/yeager/translations/blob/67e6d27877c9cfd6b6dbc74bd852b10bdbe09c3c/PCSX2/crowdin-current-ui-batch7-20260920.json,8c630c03eadaf91965c9d87bc474586df0a53ac156826372c002fcc927248561,"{""artifact"":""https://crowdin.com/project/pcsx2"",""sha256"":""a1ba766fec8a620c4b6f069ef09f2ca02dcde4ce334e4278d96ae733e7474d47""}"
c06fbe9a64af8c95d6a917c0,Select Icon,Välj ikon,PCSX2,crowdin-current-ui-batch54-20260920,"ShortcutCreationDialog
../ShortcutCreationDialog.cpp:72",Publiceringsförsöket nekades enligt det äldre kvittot; texten är ett lokalt granskningsförslag.,project-context,f18fe38a295948736f5de75e,reviewed-local,https://github.com/yeager/translations/blob/67e6d27877c9cfd6b6dbc74bd852b10bdbe09c3c/PCSX2/crowdin-current-ui-batch54-20260920.json,1ea914cd857e948af6e29d5981765e20bf4f3f3bfcd3d14fdfab548fae14eacc,"{""artifact"":""https://crowdin.com/project/pcsx2"",""sha256"":""469f73838b1e8f4ac6c81eef806c5599b537314e34df26731bbb80ac46604d18""}"
c0804fbe9abc16ca2f8064de,50.00 Hz,"50,00 Hz",PCSX2,crowdin-current-ui-batch20-20260920,"GraphicsSettingsWidget
../Settings/GraphicsSettingsWidget.cpp:840",Publiceringsförsöket nekades enligt det äldre kvittot; texten är ett lokalt granskningsförslag.,project-context,289c8466becdddba504eb012,reviewed-local,https://github.com/yeager/translations/blob/67e6d27877c9cfd6b6dbc74bd852b10bdbe09c3c/PCSX2/crowdin-current-ui-batch20-20260920.json,b9f3010178fb1ba2ee5cb59570e69caac32abf9f9b7229bf26b14b3a321dc236,"{""artifact"":""https://crowdin.com/project/pcsx2"",""sha256"":""74ee75fe658f19817cf849bd00a60fbade5b95b71721aa0197b66f85838acfed""}"
c08d02d3462097085123341a,Target:,Mål:,PCSX2,Crowdin UI,,"Granskad filleverans. Endast färdiga, aktiva översättningar tas med; detta är inte ett påstående om separat registrerat radbeslut för varje oförändrad post.",project-context,5e424f15f3d6b517cc1a7a10,reviewed-file-delivery,https://crowdin.com/project/pcsx2,c5f591f1edc9553e40265bc0be0fe67c8e4252c052a1cf8ecfb524489a5aff60,{}
c0ab182e602d0ef953c067b3,Replay Loop Count:,Antal uppspelningsloopar:,PCSX2,crowdin-current-ui-batch63-20260920,"DebugGSSettingsTab
../Settings/DebugGSSettingsTab.ui:303",Publiceringsförsöket nekades enligt det äldre kvittot; texten är ett lokalt granskningsförslag.,project-context,15a764b956a47fa4000bdfa0,reviewed-local,https://github.com/yeager/translations/blob/67e6d27877c9cfd6b6dbc74bd852b10bdbe09c3c/PCSX2/crowdin-current-ui-batch63-20260920.json,08ff78cfcd818cefe89524c4604550c53e468e64909a3ca76a582c3f0c9c5540,"{""artifact"":""https://crowdin.com/project/pcsx2"",""sha256"":""145a15f6066dd9843199c53b6771a1b245fadf6e8816756c3eefbffba725ba40""}"
c0e4809efda31cd179f48c41,Volume: Muted,Volym: avstängd,PCSX2,crowdin-current-ui-batch58-20260920,"MainWindow
../MainWindow.cpp:365
../MainWindow.cpp:485",,project-context,1f1ce72c165253e7450f9fd3,reviewed-receipt,https://github.com/yeager/translations/blob/67e6d27877c9cfd6b6dbc74bd852b10bdbe09c3c/PCSX2/crowdin-current-ui-batch58-20260920.json,63dc6922c386d319276df2094a26afd341a8755f207ce8908444de581c157b66,"{""artifact"":""https://crowdin.com/project/pcsx2"",""sha256"":""f7c51b4c217413a0ddcd5f2beabb9f93169bc44d1a1d02ba6fd17c76785176e2""}"
c1025b2c5ed01b42af3d0071,Use default bundled font,Använd medföljande standardteckensnitt,PCSX2,crowdin-current-ui-batch50-20260920,"FullscreenUI
../../pcsx2/ImGui/FullscreenUI_Settings.cpp:6296",,project-context,d26cafa511c372b4c0a643e0,reviewed-receipt,https://github.com/yeager/translations/blob/67e6d27877c9cfd6b6dbc74bd852b10bdbe09c3c/PCSX2/crowdin-current-ui-batch50-20260920.json,526c37bda266096897ffc29f6d90f1526ccd117934fef6462d4629b30c159187,"{""artifact"":""https://crowdin.com/project/pcsx2"",""sha256"":""1ca3953649046538f6cb8953d84cb87fc77f6beba914255786f5f023535daa13""}"
c12203049330c19d64195779,Unlock Notification Duration,Varaktighet för upplåsningsnotis,PCSX2,crowdin-current-ui-batch57-20260920,"FullscreenUI
../../pcsx2/ImGui/FullscreenUI_Settings.cpp:6985",,project-context,2c17926241e028a9882ae174,reviewed-receipt,https://github.com/yeager/translations/blob/67e6d27877c9cfd6b6dbc74bd852b10bdbe09c3c/PCSX2/crowdin-current-ui-batch57-20260920.json,5c871fa681fe60ac837787f04a021e0897b135316665fb1695de5041b8a5e637,"{""artifact"":""https://crowdin.com/project/pcsx2"",""sha256"":""25d3ac8d22994cea40bc102f5dbe73e4d0a37324208bf286a0764025392d3fb3""}"
c147ac775031a934a4c812f7,Show On Startup,Visa vid start,PCSX2,crowdin-current-ui-batch22-20260920,"DebugSettingsWidget
../Settings/DebugSettingsWidget.cpp:52",,project-context,f114a63c763053015e1dc4bd,reviewed-receipt,https://github.com/yeager/translations/blob/67e6d27877c9cfd6b6dbc74bd852b10bdbe09c3c/PCSX2/crowdin-current-ui-batch22-20260920.json,4f04c5281fafa51fe7ba74101b3c304645c8874ef28d97c8f99b5d9fe805c47e,"{""artifact"":""https://crowdin.com/project/pcsx2"",""sha256"":""d889815fe5967838433666e7304deaed7cf2d2a377aa15f8eba0f98784e2b67b""}"
c193ada6cfd3e87c997a1462,Reset,Återställ,PCSX2,crowdin-current-ui-batch31-20260920,"InterfaceSettingsWidget
../Settings/InterfaceSettingsWidget.ui:223",Publiceringsförsöket nekades enligt det äldre kvittot; texten är ett lokalt granskningsförslag.,project-context,0ce349c6575cc9d73ef6191d,reviewed-local,https://github.com/yeager/translations/blob/67e6d27877c9cfd6b6dbc74bd852b10bdbe09c3c/PCSX2/crowdin-current-ui-batch31-20260920.json,7f296a46b32719e99a638c81474fc3438c10c81ba7fa7f9ae7a93270e2b8c504,"{""artifact"":""https://crowdin.com/project/pcsx2"",""sha256"":""40af50da3a89e2ac5931cb13b94ad4d314ed7cef0a5f26f483390042b8eddf5c""}"
c1dcb63e411603b3f90ece4f,OSD Font File:,OSD-teckensnittsfil:,PCSX2,Crowdin UI,,"Granskad filleverans. Endast färdiga, aktiva översättningar tas med; detta är inte ett påstående om separat registrerat radbeslut för varje oförändrad post.",project-context,00606a668e7e08f9d59e4cdb,reviewed-file-delivery,https://crowdin.com/project/pcsx2,c5f591f1edc9553e40265bc0be0fe67c8e4252c052a1cf8ecfb524489a5aff60,{}
c2481088c1dc23b979cf2ad6,Stream has no blocks.,Strömmen saknar block.,PCSX2,crowdin-current-ui-batch43-20260920,"GSDumpLzma
../../pcsx2/GS/GSLzma.cpp:364",,project-context,3568f539a8d7ae1ede84f706,reviewed-receipt,https://github.com/yeager/translations/blob/67e6d27877c9cfd6b6dbc74bd852b10bdbe09c3c/PCSX2/crowdin-current-ui-batch43-20260920.json,f579d21901c076c71bfe3d8f99475909dc2a77edf2cbda40a55f781cfb57432e,"{""artifact"":""https://crowdin.com/project/pcsx2"",""sha256"":""67c335216ba4cf201f10afa85ff82131ffac7e2c1ea5301326c3d6ad605d515a""}"
c2544b828351040b42f3c815,Textures Directory,Texturkatalog,PCSX2,crowdin-current-ui-batch7-20260920,"GraphicsSettingsWidget
../Settings/GraphicsSettingsWidget.cpp:702",,project-context,e0edfe4c1bb9264ae7aa11f7,reviewed-receipt,https://github.com/yeager/translations/blob/67e6d27877c9cfd6b6dbc74bd852b10bdbe09c3c/PCSX2/crowdin-current-ui-batch7-20260920.json,8c630c03eadaf91965c9d87bc474586df0a53ac156826372c002fcc927248561,"{""artifact"":""https://crowdin.com/project/pcsx2"",""sha256"":""53625fbc6684f1a380c55a3d89b2ea2d7d3dcfb281d969a48d7fd9ba3da14470""}"
c278554cfb0b070c71c09df5,Show CPU Usage,Visa processoranvändning,PCSX2,Crowdin UI,,"Granskad filleverans. Endast färdiga, aktiva översättningar tas med; detta är inte ett påstående om separat registrerat radbeslut för varje oförändrad post.",project-context,1e0bd4307cc775a106c54323,reviewed-file-delivery,https://crowdin.com/project/pcsx2,c5f591f1edc9553e40265bc0be0fe67c8e4252c052a1cf8ecfb524489a5aff60,{}
c2be1d4f54d11748957d6ca4,Enable Thread Pinning,Aktivera trådfästning,PCSX2,crowdin-current-ui-batch56-20260920,"FullscreenUI
../../pcsx2/ImGui/FullscreenUI_Settings.cpp:6792",,project-context,f896e6a17520286ff6da09e3,reviewed-receipt,https://github.com/yeager/translations/blob/67e6d27877c9cfd6b6dbc74bd852b10bdbe09c3c/PCSX2/crowdin-current-ui-batch56-20260920.json,e544f4e37b292a5a59167a947672fb099eeaff33c9d732c3cd8e9184cd9a4307,"{""artifact"":""https://crowdin.com/project/pcsx2"",""sha256"":""44294efccd239da5bdae3540b61b4576433fd6b13f63926e06ee073b9818034d""}"
c2d9289d849a5aa81afb1949,Save Frames,Spara bildrutor,PCSX2,crowdin-current-ui-batch3-20260920,"DebugSettingsWidget
../Settings/DebugSettingsWidget.cpp:132",,project-context,a3cd51560d049508b8f2a675,reviewed-receipt,https://github.com/yeager/translations/blob/67e6d27877c9cfd6b6dbc74bd852b10bdbe09c3c/PCSX2/crowdin-current-ui-batch3-20260920.json,312b703c14e788fca3d8a80055543aca887c12d491340b56e8de7abdd1dbfcb8,"{""artifact"":""https://crowdin.com/project/pcsx2"",""sha256"":""33ec85bcc3b3d7625b4d89b703d15e3397cf162ed8af2b99bfcbbd1489649a1f""}"
c312110e2691f986a55d6f83,Capture Audio,Fånga ljud,PCSX2,crowdin-current-ui-batch26-20260920,"GraphicsMediaCaptureSettingsTab
../Settings/GraphicsMediaCaptureSettingsTab.ui:210",Publiceringsförsöket nekades enligt det äldre kvittot; texten är ett lokalt granskningsförslag.,project-context,20d0600847512ad58f904688,reviewed-local,https://github.com/yeager/translations/blob/67e6d27877c9cfd6b6dbc74bd852b10bdbe09c3c/PCSX2/crowdin-current-ui-batch26-20260920.json,49be151dc9918b0d30da49c790d627c159af0560d66be018b2a4920b716f4063,"{""artifact"":""https://crowdin.com/project/pcsx2"",""sha256"":""b80eb5130e692a7fbc71c7133c3b653eac562ab9b41e1c7c57d5d1f67d8da9ec""}"
c32e96cf396bc226c4dc3a2b,ROV Barriers Vulkan,ROV-barriärer för Vulkan,PCSX2,crowdin-current-ui-batch55-20260920,"GraphicsSettingsWidget
../Settings/GraphicsSettingsWidget.cpp:807",,project-context,f356f6146882c467e0197e65,reviewed-receipt,https://github.com/yeager/translations/blob/67e6d27877c9cfd6b6dbc74bd852b10bdbe09c3c/PCSX2/crowdin-current-ui-batch55-20260920.json,eef7fecf9007fb67b7321b88ecfd43d8a1e78e3c19d6b14ffe23010d7cdbe6b1,"{""artifact"":""https://crowdin.com/project/pcsx2"",""sha256"":""1388242b788c1e1dc2584ca8c2f0177d3291655dcfbc7aa2bd3fd283c1e57758""}"
c33b28f18c59a51f9b909601,Disable Framebuffer Fetch,Inaktivera hämtning från rambuffert,PCSX2,Crowdin UI,,"Granskad filleverans. Endast färdiga, aktiva översättningar tas med; detta är inte ett påstående om separat registrerat radbeslut för varje oförändrad post.",project-context,f545b45a9ec65020db942127,reviewed-file-delivery,https://crowdin.com/project/pcsx2,c5f591f1edc9553e40265bc0be0fe67c8e4252c052a1cf8ecfb524489a5aff60,{}
c369a1d139ad69f7ba385ff8,Off,Av,PCSX2,crowdin-current-ui-batch25-20260920,"GraphicsHardwareRenderingSettingsTab
../Settings/GraphicsHardwareRenderingSettingsTab.ui:31",Publiceringsförsöket nekades enligt det äldre kvittot; texten är ett lokalt granskningsförslag.,project-context,81b016351d11b471158f05ce,reviewed-local,https://github.com/yeager/translations/blob/67e6d27877c9cfd6b6dbc74bd852b10bdbe09c3c/PCSX2/crowdin-current-ui-batch25-20260920.json,c686e808bea1ecea795d6bd0a3871f9ea94959e30276601f8efafda34c283479,"{""artifact"":""https://crowdin.com/project/pcsx2"",""sha256"":""b0d970c5a3e5162e182626b45e9b61211669c419a13a6db10e30014eac8c0ea6""}"
c3ce1e709e75f9d9aba8d85c,no serial,inget serienummer,PCSX2,crowdin-current-ui-batch37-20260920,"MainWindow
../MainWindow.cpp:3542",Publiceringsförsöket nekades enligt det äldre kvittot; texten är ett lokalt granskningsförslag.,project-context,40fea107f52965290dca3edd,reviewed-local,https://github.com/yeager/translations/blob/67e6d27877c9cfd6b6dbc74bd852b10bdbe09c3c/PCSX2/crowdin-current-ui-batch37-20260920.json,3d30ac42902a2603744414716b97c7784c4b7f2491b297a70bd0590534da88f4,"{""artifact"":""https://crowdin.com/project/pcsx2"",""sha256"":""0e620683a7edc578331e235ebf71cbdb3116d55fe522c621f1d36c2d8f5afc75""}"
c3eb9e6055cf9ee2abc5d587,Automatic Resolution,Automatisk upplösning,PCSX2,crowdin-current-ui-batch63-20260920,"FullscreenUI
../../pcsx2/ImGui/FullscreenUI_Settings.cpp:6888",Publiceringsförsöket nekades enligt det äldre kvittot; texten är ett lokalt granskningsförslag.,project-context,bbdada9aa12712f7794236aa,reviewed-local,https://github.com/yeager/translations/blob/67e6d27877c9cfd6b6dbc74bd852b10bdbe09c3c/PCSX2/crowdin-current-ui-batch63-20260920.json,08ff78cfcd818cefe89524c4604550c53e468e64909a3ca76a582c3f0c9c5540,"{""artifact"":""https://crowdin.com/project/pcsx2"",""sha256"":""1882411f4f832f6d7ff8f4be4ac9ec1781e990b99e37706c6f163dd288b2b215""}"
c3ef0a615ef8e419d3f910c1,Launcher,Startprogram,PCSX2,crowdin-current-ui-batch38-20260920,"ShortcutCreationDialog
../ShortcutCreationDialog.ui:320",,project-context,2072d2e17f541ab9674422cc,reviewed-receipt,https://github.com/yeager/translations/blob/67e6d27877c9cfd6b6dbc74bd852b10bdbe09c3c/PCSX2/crowdin-current-ui-batch38-20260920.json,10bff2a438da2537a334cdf30d1f2646aa56f2807af070ba50c07f07c76b0e06,"{""artifact"":""https://crowdin.com/project/pcsx2"",""sha256"":""1809df594b788cae257e36fafd97ffb81383eddff1e98874ccfdd1c0ce6a80e5""}"
c4047756acf94a9d19344c82,16x Native (~5760px),16× inbyggd (~5760 px),PCSX2,Crowdin UI,,"Granskad filleverans. Endast färdiga, aktiva översättningar tas med; detta är inte ett påstående om separat registrerat radbeslut för varje oförändrad post.",project-context,a6138c492f837d94dbacfe9c,reviewed-file-delivery,https://crowdin.com/project/pcsx2,c5f591f1edc9553e40265bc0be0fe67c8e4252c052a1cf8ecfb524489a5aff60,{}
c41910a60920d89261d9beaa,Mipmapping,Mipmapning,PCSX2,crowdin-current-ui-batch27-20260920,"GraphicsSoftwareRenderingSettingsTab
../Settings/GraphicsSoftwareRenderingSettingsTab.ui:42",,project-context,09d6c0c95b75d180706975db,reviewed-receipt,https://github.com/yeager/translations/blob/67e6d27877c9cfd6b6dbc74bd852b10bdbe09c3c/PCSX2/crowdin-current-ui-batch27-20260920.json,daf14a4c22835aeb84f9a6f6d33a6c69ac188b84259e32a73fa4a47caa65dc63,"{""artifact"":""https://crowdin.com/project/pcsx2"",""sha256"":""4e35adb530754f9f133c873abc3ec99ff059285672567b76eab396e7b6f310e5""}"
c42eabec57872c446536c296,21x Native (~7560px),21× inbyggd (~7560 px),PCSX2,crowdin-current-ui-batch50-20260920,"FullscreenUI
../../pcsx2/ImGui/FullscreenUI_Settings.cpp:6624",,project-context,f803a51b5053bafc2f38a7d9,reviewed-receipt,https://github.com/yeager/translations/blob/67e6d27877c9cfd6b6dbc74bd852b10bdbe09c3c/PCSX2/crowdin-current-ui-batch50-20260920.json,526c37bda266096897ffc29f6d90f1526ccd117934fef6462d4629b30c159187,"{""artifact"":""https://crowdin.com/project/pcsx2"",""sha256"":""5aa4066bc609e2ab6be126fe2d33f8f523c7367e5fa42b9486dd23b4f2752538""}"
c43e020dc2fb58a86e129d72,Background Image Scaling,Skalning av bakgrundsbild,PCSX2,crowdin-current-ui-batch40-20260920,"InterfaceSettingsWidget
../Settings/InterfaceSettingsWidget.cpp:246",,project-context,2d0133dd1c74bf0b6f522f26,reviewed-receipt,https://github.com/yeager/translations/blob/67e6d27877c9cfd6b6dbc74bd852b10bdbe09c3c/PCSX2/crowdin-current-ui-batch40-20260920.json,10eda59b167a547e47b04d1ef5226a52229dce7efa17d02a4fe94908fb96ed03,"{""artifact"":""https://crowdin.com/project/pcsx2"",""sha256"":""4d32bbf1b3d1e977bbb87034c492c77e76e9bd597e1d38019fe4b3cd822fe990""}"
c47575ee7cf243a052962aa0,Auto Subnet Mask,Automatisk nätmask,PCSX2,crowdin-current-ui-batch2-20260920,"DEV9SettingsWidget
../Settings/DEV9SettingsWidget.cpp:206",,project-context,06626ed100b63407eb7e6c24,reviewed-receipt,https://github.com/yeager/translations/blob/67e6d27877c9cfd6b6dbc74bd852b10bdbe09c3c/PCSX2/crowdin-current-ui-batch2-20260920.json,a8019ae64305421dc140bdb4a328c495e84cd0cf6043ab46c5d4bf619d05bd2b,"{""artifact"":""https://crowdin.com/project/pcsx2"",""sha256"":""d3177fcf1085d59ff1b070690dca7c490d5fba58b7e870edbe09ba132632f2d0""}"
c47a2eb0377bae1ce689adbf,Search family name...,Sök familjenamn …,PCSX2,crowdin-current-ui-batch54-20260920,"OsdFontPickerDialog
../Settings/OsdFontPickerDialog.ui:118",,project-context,ea3c6d4f3cd98f20213c4a62,reviewed-receipt,https://github.com/yeager/translations/blob/67e6d27877c9cfd6b6dbc74bd852b10bdbe09c3c/PCSX2/crowdin-current-ui-batch54-20260920.json,1ea914cd857e948af6e29d5981765e20bf4f3f3bfcd3d14fdfab548fae14eacc,"{""artifact"":""https://crowdin.com/project/pcsx2"",""sha256"":""ff14c870b4120a085691563da1c1299e9a63105bf68b2037f6b89e5c3d0725ba""}"
c4826fbd151cd89d64d74aa0,New Function,Ny funktion,PCSX2,crowdin-current-ui-batch17-20260920,"NewFunctionDialog
../Debugger/SymbolTree/NewSymbolDialogs.cpp:246",Publiceringsförsöket nekades enligt det äldre kvittot; texten är ett lokalt granskningsförslag.,project-context,4749518affe6dcedaddae36b,reviewed-local,https://github.com/yeager/translations/blob/67e6d27877c9cfd6b6dbc74bd852b10bdbe09c3c/PCSX2/crowdin-current-ui-batch17-20260920.json,c3e8ec58262cb9ca378f79dea9c4f1baee0c939d134bdeccfba91a46dd70eaae,"{""artifact"":""https://crowdin.com/project/pcsx2"",""sha256"":""9173b64e3d64f7068ee2949faba4963f3c5777f93d1b8954784c2330bbb31671""}"
c49bdbfcc29d09bedf697aca,Select Audio File,Välj ljudfil,PCSX2,crowdin-current-ui-batch54-20260920,"SettingWidgetBinder
../SettingWidgetBinder.h:1318",Publiceringsförsöket nekades enligt det äldre kvittot; texten är ett lokalt granskningsförslag.,project-context,ade1f69096f22dc8fc776ffe,reviewed-local,https://github.com/yeager/translations/blob/67e6d27877c9cfd6b6dbc74bd852b10bdbe09c3c/PCSX2/crowdin-current-ui-batch54-20260920.json,1ea914cd857e948af6e29d5981765e20bf4f3f3bfcd3d14fdfab548fae14eacc,"{""artifact"":""https://crowdin.com/project/pcsx2"",""sha256"":""e56fabf4ba5637b83156417415b96522cfab963e6cd3450c3470e6f5d9da3c64""}"
c4dddeec0a228b89d9c4aa93,Show in Explorer,Visa i Utforskaren,PCSX2,crowdin-current-ui-batch45-20260920,"Windows action to show a file in Windows Explorer
FileOperations
../QtUtils.cpp:306",Publiceringsförsöket nekades enligt det äldre kvittot; texten är ett lokalt granskningsförslag.,project-context,fde7fc7c97c53164ce2f9579,reviewed-local,https://github.com/yeager/translations/blob/67e6d27877c9cfd6b6dbc74bd852b10bdbe09c3c/PCSX2/crowdin-current-ui-batch45-20260920.json,4c2583095ac82af7cbd5d2e9b388582811e469f82c52448518b800a7bc23bdc8,"{""artifact"":""https://crowdin.com/project/pcsx2"",""sha256"":""ba7c156dff42d7630f4cd1c22b60322133c767b87445b36459038124def0bc0c""}"
c50a2427ffaa77b016c92598,Scan Range End Address,Slutadress för sökområde,PCSX2,crowdin-current-ui-batch3-20260920,"DebugAnalysisSettingsWidget
../Settings/DebugAnalysisSettingsWidget.cpp:152",,project-context,697825efc16777487e41d381,reviewed-receipt,https://github.com/yeager/translations/blob/67e6d27877c9cfd6b6dbc74bd852b10bdbe09c3c/PCSX2/crowdin-current-ui-batch3-20260920.json,312b703c14e788fca3d8a80055543aca887c12d491340b56e8de7abdd1dbfcb8,"{""artifact"":""https://crowdin.com/project/pcsx2"",""sha256"":""a078d7fbc7c001924e0763fb4ee78919566b3b27ba0a67ec818483c2df8f1502""}"
c527713460fe53b2fddfbd91,18x Native (~6480px/12K UHD),18× inbyggd (~6480 px/12K UHD),PCSX2,crowdin-current-ui-batch50-20260920,"FullscreenUI
../../pcsx2/ImGui/FullscreenUI_Settings.cpp:6621",,project-context,0ceaab238688c5740a357a84,reviewed-receipt,https://github.com/yeager/translations/blob/67e6d27877c9cfd6b6dbc74bd852b10bdbe09c3c/PCSX2/crowdin-current-ui-batch50-20260920.json,526c37bda266096897ffc29f6d90f1526ccd117934fef6462d4629b30c159187,"{""artifact"":""https://crowdin.com/project/pcsx2"",""sha256"":""5d42e83227b23ebbdeb846dba21eb369bd3b1d487e189f65215e8467cd41b8a5""}"
c57e6de14c216ab818f7c7e3,Minute,Minut,PCSX2,crowdin-current-ui-batch56-20260920,"FullscreenUI
../../pcsx2/ImGui/FullscreenUI_Settings.cpp:6802",,project-context,707268d6d5e34ba7adbf6a1b,reviewed-receipt,https://github.com/yeager/translations/blob/67e6d27877c9cfd6b6dbc74bd852b10bdbe09c3c/PCSX2/crowdin-current-ui-batch56-20260920.json,e544f4e37b292a5a59167a947672fb099eeaff33c9d732c3cd8e9184cd9a4307,"{""artifact"":""https://crowdin.com/project/pcsx2"",""sha256"":""9a8baf92fa931300d20782261ce426addf54e603704a66b107713dba22c0daa8""}"
c58cd12cefcb9117068ae423,Day,Dag,PCSX2,crowdin-current-ui-batch56-20260920,"FullscreenUI
../../pcsx2/ImGui/FullscreenUI_Settings.cpp:6800",,project-context,e6b201335e6452819fe11e74,reviewed-receipt,https://github.com/yeager/translations/blob/67e6d27877c9cfd6b6dbc74bd852b10bdbe09c3c/PCSX2/crowdin-current-ui-batch56-20260920.json,e544f4e37b292a5a59167a947672fb099eeaff33c9d732c3cd8e9184cd9a4307,"{""artifact"":""https://crowdin.com/project/pcsx2"",""sha256"":""bea11766e5dd94886b3cd4b1af271dcd6a7ade9910e7ec15ba0c1f71fd6b5782""}"
c5f8fb1accd69f8cf929a8d5,Video Bitrate,Videobithastighet,PCSX2,crowdin-current-ui-batch8-20260920,"FullscreenUI
../../pcsx2/ImGui/FullscreenUI_Settings.cpp:6887",,project-context,faea32a24eb02683c940982f,reviewed-receipt,https://github.com/yeager/translations/blob/67e6d27877c9cfd6b6dbc74bd852b10bdbe09c3c/PCSX2/crowdin-current-ui-batch8-20260920.json,6d671a2f5891b45d5687714706665353e2ac62d51b8d507209b9c6fd5769ca1f,"{""artifact"":""https://crowdin.com/project/pcsx2"",""sha256"":""c6e1b5f5226afc876d4acb6ed64ae49327d4cca8b3a1ad28657a2310e64475d5""}"
c5f982dd2921de6b0b46882c,Sets the audio bitrate.,Anger ljudbithastigheten.,PCSX2,crowdin-current-ui-batch64-20260920,"FullscreenUI
../../pcsx2/ImGui/FullscreenUI_Settings.cpp:6271",Publiceringsförsöket nekades enligt det äldre kvittot; texten är ett lokalt granskningsförslag.,project-context,30c6bc3512f0a17980dbfeab,reviewed-local,https://github.com/yeager/translations/blob/67e6d27877c9cfd6b6dbc74bd852b10bdbe09c3c/PCSX2/crowdin-current-ui-batch64-20260920.json,3eb6750c0d4249b01cf40b2787e9f2e9792529adfb274d1a979de2495c7acabc,"{""artifact"":""https://crowdin.com/project/pcsx2"",""sha256"":""515081ee788cec65c21700f95101880290d88cdaeb92ddc986c9711a55cfade0""}"
c60336a2249ce8a60a0a11cb,custom.qss [Drop in PCSX2 Folder],custom.qss [lägg i PCSX2-mappen],PCSX2,crowdin-current-ui-batch29-20260920,"&quot;custom.qss&quot; must be kept as-is.
InterfaceSettingsWidget
../Settings/InterfaceSettingsWidget.cpp:52",,project-context,58fdf8ef536ef297d4773834,reviewed-receipt,https://github.com/yeager/translations/blob/67e6d27877c9cfd6b6dbc74bd852b10bdbe09c3c/PCSX2/crowdin-current-ui-batch29-20260920.json,5e9d99ed74373c2f72a189c1db7205af0fb3f607d18807039efe55821b2dea06,"{""artifact"":""https://crowdin.com/project/pcsx2"",""sha256"":""e9f90ed049c5847c683fa10cae8efd786ad8f49ff65f4cf3e0817e5ad1717bcb""}"
c627ad4671352290cfbe5190,Dump GS Draws,Dumpa GS-ritanrop,PCSX2,crowdin-current-ui-batch21-20260920,"DebugGSSettingsTab
../Settings/DebugGSSettingsTab.ui:28",,project-context,9ee20edabe598cb06301b9d5,reviewed-receipt,https://github.com/yeager/translations/blob/67e6d27877c9cfd6b6dbc74bd852b10bdbe09c3c/PCSX2/crowdin-current-ui-batch21-20260920.json,a17a684939c7836f99eed6a2beb5c914bdeb5bc299843bbd766ce571585ee88e,"{""artifact"":""https://crowdin.com/project/pcsx2"",""sha256"":""129d0a02084e0db131156b76dc9e6be3413a142d9360a9ea1ec554025759fe85""}"
c62a2dd6a32380cc631b1985,Use default bundled font,Använd medföljande standardtypsnitt,PCSX2,crowdin-current-ui-batch1-20260920,"FullscreenUI
../../pcsx2/ImGui/FullscreenUI_Settings.cpp:6296",,project-context,c3d509b1abdbdec7c53cea8d,reviewed-receipt,https://github.com/yeager/translations/blob/67e6d27877c9cfd6b6dbc74bd852b10bdbe09c3c/PCSX2/crowdin-current-ui-batch1-20260920.json,fbacbf8b449e630f42dbc651e3eb3d61f650cd4cb6d478d350f9a55ce6b87962,"{""artifact"":""https://crowdin.com/project/pcsx2"",""sha256"":""1ca3953649046538f6cb8953d84cb87fc77f6beba914255786f5f023535daa13""}"
c6378dad56b7a5659de4d266,Select All,Markera alla,PCSX2,crowdin-current-ui-batch53-20260920,"OSDSettingsWidget
../Settings/OSDSettingsWidget.ui:291",Publiceringsförsöket nekades enligt det äldre kvittot; texten är ett lokalt granskningsförslag.,project-context,5e8108128a6ba6abc22b046c,reviewed-local,https://github.com/yeager/translations/blob/67e6d27877c9cfd6b6dbc74bd852b10bdbe09c3c/PCSX2/crowdin-current-ui-batch53-20260920.json,cf9e3a076b0a7a4c9da64198f8216ad33f840f37229f480c53c816b8096dd673,"{""artifact"":""https://crowdin.com/project/pcsx2"",""sha256"":""6df07b7a7171e948b19464fff49a7efd73ba83b9093b7dab8e3b438e731da7c8""}"
c637dcd1d6452f1abfcfda56,Direct3D 11 (Legacy),Direct3D 11 (äldre),PCSX2,crowdin-current-ui-batch50-20260920,"Graphics backend/engine type. Leave as-is.
GraphicsSettingsWidget
../Settings/GraphicsSettingsWidget.cpp:26",,project-context,c77d1e424aee0e31540c5fe7,reviewed-receipt,https://github.com/yeager/translations/blob/67e6d27877c9cfd6b6dbc74bd852b10bdbe09c3c/PCSX2/crowdin-current-ui-batch50-20260920.json,526c37bda266096897ffc29f6d90f1526ccd117934fef6462d4629b30c159187,"{""artifact"":""https://crowdin.com/project/pcsx2"",""sha256"":""28c16d6c5f67d4ce95ede9ef39043491143b56c5d5f38e0fef05ebfd53c2406d""}"
c69cf1bff3b7da7843259e87,Scan Range Start Address,Startadress för sökintervall,PCSX2,crowdin-current-ui-batch60-20260920,"DebugAnalysisSettingsWidget
../Settings/DebugAnalysisSettingsWidget.cpp:150",,project-context,b5e815f83e422c69c83d20dd,reviewed-receipt,https://github.com/yeager/translations/blob/67e6d27877c9cfd6b6dbc74bd852b10bdbe09c3c/PCSX2/crowdin-current-ui-batch60-20260920.json,8c6cbd32b1310e0a049b06bc12d78c06699e0e814d471dcdf308e46e1f1388d6,"{""artifact"":""https://crowdin.com/project/pcsx2"",""sha256"":""daea924f78809d1a476cc44164c8f0292bc7a34c16727f49e33e88927e2f81c3""}"
c6c1d7db8ebaea2f87e2eb94,Limit Depth to 24 Bits,Begränsa djupet till 24 bitar,PCSX2,crowdin-current-ui-batch57-20260920,"FullscreenUI
../../pcsx2/ImGui/FullscreenUI_Settings.cpp:6853",,project-context,2af350fb0e470d42d6e16b4b,reviewed-receipt,https://github.com/yeager/translations/blob/67e6d27877c9cfd6b6dbc74bd852b10bdbe09c3c/PCSX2/crowdin-current-ui-batch57-20260920.json,5c871fa681fe60ac837787f04a021e0897b135316665fb1695de5041b8a5e637,"{""artifact"":""https://crowdin.com/project/pcsx2"",""sha256"":""69725fd3f775e7707570704a5daaa316266c43c8ab0be1d01c916ee4381da139""}"
c6c63617df5a8c998e03e508,Counters,Räknare,PCSX2,crowdin-current-ui-batch21-20260920,"DebugLoggingSettingsTab
../Settings/DebugLoggingSettingsTab.ui:107
../Settings/DebugLoggingSettingsTab.ui:203",Publiceringsförsöket nekades enligt det äldre kvittot; texten är ett lokalt granskningsförslag.,project-context,bb6de7333b58d89023e77b39,reviewed-local,https://github.com/yeager/translations/blob/67e6d27877c9cfd6b6dbc74bd852b10bdbe09c3c/PCSX2/crowdin-current-ui-batch21-20260920.json,a17a684939c7836f99eed6a2beb5c914bdeb5bc299843bbd766ce571585ee88e,"{""artifact"":""https://crowdin.com/project/pcsx2"",""sha256"":""2995cfae564679cb518db6691bd03d7658df439afddcf4641c10aaa0b860fd20""}"
c7003366e2d06baf8f60a0ef,SNDLL Symbol Table,SNDLL-symboltabell,PCSX2,crowdin-current-ui-batch29-20260920,"SymbolGuardian
../../pcsx2/DebugTools/SymbolGuardian.cpp:229",Publiceringsförsöket nekades enligt det äldre kvittot; texten är ett lokalt granskningsförslag.,project-context,663139a2ea95abaf97638158,reviewed-local,https://github.com/yeager/translations/blob/67e6d27877c9cfd6b6dbc74bd852b10bdbe09c3c/PCSX2/crowdin-current-ui-batch29-20260920.json,5e9d99ed74373c2f72a189c1db7205af0fb3f607d18807039efe55821b2dea06,"{""artifact"":""https://crowdin.com/project/pcsx2"",""sha256"":""a06a3e47e44da20fd298aee9195a61d715e450cd4fe499dc94de1384bee1bf8b""}"
c703bcf8322ddca92cf67dc3,Save Depth Buffer,Spara djupbuffert,PCSX2,crowdin-current-ui-batch3-20260920,"DebugSettingsWidget
../Settings/DebugSettingsWidget.cpp:136",,project-context,c10b28bb80e7d2823cad5169,reviewed-receipt,https://github.com/yeager/translations/blob/67e6d27877c9cfd6b6dbc74bd852b10bdbe09c3c/PCSX2/crowdin-current-ui-batch3-20260920.json,312b703c14e788fca3d8a80055543aca887c12d491340b56e8de7abdd1dbfcb8,"{""artifact"":""https://crowdin.com/project/pcsx2"",""sha256"":""b70e0162a442e5fe5d19266682f15a14958a8b45ff382c30d237d64f17391778""}"
c730e2b2a4500ed2b513877e,Invalid Font,Ogiltigt teckensnitt,PCSX2,Crowdin UI,,"Granskad filleverans. Endast färdiga, aktiva översättningar tas med; detta är inte ett påstående om separat registrerat radbeslut för varje oförändrad post.",project-context,5769a2c9274935426248c777,reviewed-file-delivery,https://crowdin.com/project/pcsx2,c5f591f1edc9553e40265bc0be0fe67c8e4252c052a1cf8ecfb524489a5aff60,{}
c7873767804f6d714f6e6dec,GPU Palette Conversion,GPU-palettekonvertering,PCSX2,crowdin-current-ui-batch25-20260920,"GraphicsHardwareFixesSettingsTab
../Settings/GraphicsHardwareFixesSettingsTab.ui:340",,project-context,23cf6cc132adc577cba39081,reviewed-receipt,https://github.com/yeager/translations/blob/67e6d27877c9cfd6b6dbc74bd852b10bdbe09c3c/PCSX2/crowdin-current-ui-batch25-20260920.json,c686e808bea1ecea795d6bd0a3871f9ea94959e30276601f8efafda34c283479,"{""artifact"":""https://crowdin.com/project/pcsx2"",""sha256"":""6752b85a1d4051857d0a39c4b1e3a64f8ed8c56c7845beac64fb2812b4e0b74d""}"
c7b6f8cbf6c0d5e364407a0f,10px,10 px,PCSX2,Crowdin UI,,"Granskad filleverans. Endast färdiga, aktiva översättningar tas med; detta är inte ett påstående om separat registrerat radbeslut för varje oförändrad post.",project-context,fa95a85e667c1c9171fc0e5d,reviewed-file-delivery,https://crowdin.com/project/pcsx2,c5f591f1edc9553e40265bc0be0fe67c8e4252c052a1cf8ecfb524489a5aff60,{}
c7e8f447aa32158b17fd1a29,Show GPU Usage,Visa GPU-användning,PCSX2,crowdin-current-ui-batch53-20260920,"OSDSettingsWidget
../Settings/OSDSettingsWidget.ui:337
../Settings/OSDSettingsWidget.cpp:122",Publiceringsförsöket nekades enligt det äldre kvittot; texten är ett lokalt granskningsförslag.,project-context,4765ee94170821001bda7e97,reviewed-local,https://github.com/yeager/translations/blob/67e6d27877c9cfd6b6dbc74bd852b10bdbe09c3c/PCSX2/crowdin-current-ui-batch53-20260920.json,cf9e3a076b0a7a4c9da64198f8216ad33f840f37229f480c53c816b8096dd673,"{""artifact"":""https://crowdin.com/project/pcsx2"",""sha256"":""9514bbc922c8d63a0d982ebb95ca2c314a70d020fa3baef913d5335497a8b600""}"
c7ff6500a684ada3293a4d87,Enable Extended RAM (Dev Console),Aktivera utökat RAM-minne (utvecklarkonsol),PCSX2,crowdin-current-ui-batch57-20260920,"FullscreenUI
../../pcsx2/ImGui/FullscreenUI_Settings.cpp:7057",,project-context,4395a564b560e3a869fde2cd,reviewed-receipt,https://github.com/yeager/translations/blob/67e6d27877c9cfd6b6dbc74bd852b10bdbe09c3c/PCSX2/crowdin-current-ui-batch57-20260920.json,5c871fa681fe60ac837787f04a021e0897b135316665fb1695de5041b8a5e637,"{""artifact"":""https://crowdin.com/project/pcsx2"",""sha256"":""4da750ad4880f051e6d74810c0bf19edbc99322df412df6e2de2b487f548e8fa""}"
c80a413a889c33fccbde8e66,Speed,Hastighet,PCSX2,crowdin-current-ui-batch30-20260920,"Hotkeys
../../pcsx2/Hotkeys.cpp:172
../../pcsx2/Hotkeys.cpp:177
../../pcsx2/Hotkeys.cpp:181
../../pcsx2/Hotkeys.cpp:190
../../pcsx2/Hotkeys.cpp:198
../../pcsx2/Hotkeys.cpp:215
../../pcsx2/Hotkeys.cpp:223
../../pcsx2/Hotkeys.cpp:228",Publiceringsförsöket nekades enligt det äldre kvittot; texten är ett lokalt granskningsförslag.,project-context,5c2fe4aaa3d3241aa3ff86e4,reviewed-local,https://github.com/yeager/translations/blob/67e6d27877c9cfd6b6dbc74bd852b10bdbe09c3c/PCSX2/crowdin-current-ui-batch30-20260920.json,d4af30d773c2d445fd558ede29e0c75536433129a2aa3de962c902c53c53d27e,"{""artifact"":""https://crowdin.com/project/pcsx2"",""sha256"":""086cf3830eb8e2f423b2aa9ea2b04a9eb01a93125a06a15dcfa44d6ac5c1c70b""}"
c89abc9ad6f2e999abea6866,Unchecked,Avmarkerad,PCSX2,crowdin-current-ui-batch6-20260920,"GameCheatSettingsWidget
../Settings/GameCheatSettingsWidget.cpp:64",,project-context,7bc9428a594b37b554ffc1c6,reviewed-receipt,https://github.com/yeager/translations/blob/67e6d27877c9cfd6b6dbc74bd852b10bdbe09c3c/PCSX2/crowdin-current-ui-batch6-20260920.json,eb7ae206e0c74bdc70f0bf3439bd87f935bfd8ae85feb90ab9f43919304a6c09,"{""artifact"":""https://crowdin.com/project/pcsx2"",""sha256"":""627e715bb33b547bf2338ba4f1e37a0188c7a94cf25e332e61e212fc65b6db8c""}"
c89dfaacb72a4b366652a7e3,Prompt On State Load/Save Failure,Fråga vid fel när tillstånd läses in eller sparas,PCSX2,crowdin-current-ui-batch47-20260920,"InterfaceSettingsWidget
../Settings/InterfaceSettingsWidget.ui:84
../Settings/InterfaceSettingsWidget.cpp:204",,project-context,503ce4586d5685a23c494fec,reviewed-receipt,https://github.com/yeager/translations/blob/67e6d27877c9cfd6b6dbc74bd852b10bdbe09c3c/PCSX2/crowdin-current-ui-batch47-20260920.json,5525653b661a6bb7979e7fadd45e8dab82bba08c0b0dea48a9923c4a98e6b913,"{""artifact"":""https://crowdin.com/project/pcsx2"",""sha256"":""19a27664cfdb24e507f89ea6012e493d03dcdc269bea7022a1ea278d1312e44e""}"
c8a7be6b37db03c42f1d4658,On-Screen Display Settings,Inställningar för skärmvisning,PCSX2,crowdin-current-ui-batch1-20260920,"FullscreenUI
../../pcsx2/ImGui/FullscreenUI_Settings.cpp:6517",,project-context,9ebbf4df75db3a28c4778f8e,reviewed-receipt,https://github.com/yeager/translations/blob/67e6d27877c9cfd6b6dbc74bd852b10bdbe09c3c/PCSX2/crowdin-current-ui-batch1-20260920.json,fbacbf8b449e630f42dbc651e3eb3d61f650cd4cb6d478d350f9a55ce6b87962,"{""artifact"":""https://crowdin.com/project/pcsx2"",""sha256"":""8d6bdc9bbde2f2061268ad0c368ae0d3aacb0a10ab4849035abfeccd93204a25""}"
c8f7ea38c4ff0af68f85a6ab,Fast Boot Options,Alternativ för snabbstart,PCSX2,crowdin-current-ui-batch50-20260920,"BIOSSettingsWidget
../Settings/BIOSSettingsWidget.ui:138",Publiceringsförsöket nekades enligt det äldre kvittot; texten är ett lokalt granskningsförslag.,project-context,869f69c694e3162165b2e972,reviewed-local,https://github.com/yeager/translations/blob/67e6d27877c9cfd6b6dbc74bd852b10bdbe09c3c/PCSX2/crowdin-current-ui-batch50-20260920.json,526c37bda266096897ffc29f6d90f1526ccd117934fef6462d4629b30c159187,"{""artifact"":""https://crowdin.com/project/pcsx2"",""sha256"":""98fba83c26954303a7831ea55e08b822a7dfb7f74895d80bc35a032259ca392a""}"
c962105b26c0a001399d0b87,Select Save State File,Välj sparlägesfil,PCSX2,crowdin-current-ui-batch38-20260920,"ShortcutCreationDialog
../ShortcutCreationDialog.cpp:42",,project-context,1d770e4cd3ec1eb419e295f7,reviewed-receipt,https://github.com/yeager/translations/blob/67e6d27877c9cfd6b6dbc74bd852b10bdbe09c3c/PCSX2/crowdin-current-ui-batch38-20260920.json,10bff2a438da2537a334cdf30d1f2646aa56f2807af070ba50c07f07c76b0e06,"{""artifact"":""https://crowdin.com/project/pcsx2"",""sha256"":""ed682b31d48cd4f6419db4ed9a6c5c46f9627c899fdad639d5de10ba70228685""}"
c97d805ece966f11df4556d4,Save Frame Range Start,Start för sparat bildruteintervall,PCSX2,crowdin-current-ui-batch61-20260920,"DebugSettingsWidget
../Settings/DebugSettingsWidget.cpp:154",,project-context,1f0520b4813232f3cc0db589,reviewed-receipt,https://github.com/yeager/translations/blob/67e6d27877c9cfd6b6dbc74bd852b10bdbe09c3c/PCSX2/crowdin-current-ui-batch61-20260920.json,7d1487a8e7a6c977e135205cbfbe024e70d8199f0ee522f5ae9219965d474fa2,"{""artifact"":""https://crowdin.com/project/pcsx2"",""sha256"":""4487db7a8a11845adbd5f781a507f3d6966909b48167d3d83c4d7505a77bf010""}"
ca3efb046bd1a03b58139a1f,Start In Big Picture Mode,Starta i stort bildläge,PCSX2,crowdin-current-ui-batch55-20260920,"InterfaceSettingsWidget
../Settings/InterfaceSettingsWidget.ui:156
../Settings/InterfaceSettingsWidget.cpp:233",,project-context,e44038a41db8074403897f85,reviewed-receipt,https://github.com/yeager/translations/blob/67e6d27877c9cfd6b6dbc74bd852b10bdbe09c3c/PCSX2/crowdin-current-ui-batch55-20260920.json,eef7fecf9007fb67b7321b88ecfd43d8a1e78e3c19d6b14ffe23010d7cdbe6b1,"{""artifact"":""https://crowdin.com/project/pcsx2"",""sha256"":""e1dc482d79c1c2255d73abb23a79bd868719d5fc2abdc9aaa1d9d2bfb8a80a6a""}"
ca6f27272d3a35387e6673ad,Save Draw Range Count,Antal i sparat ritintervall,PCSX2,Crowdin UI,,"Granskad filleverans. Endast färdiga, aktiva översättningar tas med; detta är inte ett påstående om separat registrerat radbeslut för varje oförändrad post.",project-context,cbd76b566a7f3958416f7148,reviewed-file-delivery,https://crowdin.com/project/pcsx2,c5f591f1edc9553e40265bc0be0fe67c8e4252c052a1cf8ecfb524489a5aff60,{}
ca940ae1eb76e87e49e1e60a,PINE Slot,PINE-plats,PCSX2,crowdin-current-ui-batch60-20260920,"AdvancedSettingsWidget
../Settings/AdvancedSettingsWidget.cpp:157",,project-context,87e0e0d7073486c52310b964,reviewed-receipt,https://github.com/yeager/translations/blob/67e6d27877c9cfd6b6dbc74bd852b10bdbe09c3c/PCSX2/crowdin-current-ui-batch60-20260920.json,8c6cbd32b1310e0a049b06bc12d78c06699e0e814d471dcdf308e46e1f1388d6,"{""artifact"":""https://crowdin.com/project/pcsx2"",""sha256"":""b4a8589aac98f962be8e5f392125ea6166bd954011464f5407bcd6dcc5631bd5""}"
cae736a2900d06375707d40b,Bilinear Dirty Upscale,Bilinär uppskalning med smutsig rektangel,PCSX2,Crowdin UI,,"Granskad filleverans. Endast färdiga, aktiva översättningar tas med; detta är inte ett påstående om separat registrerat radbeslut för varje oförändrad post.",project-context,79c1a57e0530fbc64233d545,reviewed-file-delivery,https://crowdin.com/project/pcsx2,c5f591f1edc9553e40265bc0be0fe67c8e4252c052a1cf8ecfb524489a5aff60,{}
cb7ed6d872b45e0c9d23af16,Save Frames,Spara bildrutor,PCSX2,crowdin-current-ui-batch61-20260920,"DebugSettingsWidget
../Settings/DebugSettingsWidget.cpp:132",Publiceringsförsöket nekades enligt det äldre kvittot; texten är ett lokalt granskningsförslag.,project-context,6931d5af562e7e08cbfcfbba,reviewed-local,https://github.com/yeager/translations/blob/67e6d27877c9cfd6b6dbc74bd852b10bdbe09c3c/PCSX2/crowdin-current-ui-batch61-20260920.json,7d1487a8e7a6c977e135205cbfbe024e70d8199f0ee522f5ae9219965d474fa2,"{""artifact"":""https://crowdin.com/project/pcsx2"",""sha256"":""33ec85bcc3b3d7625b4d89b703d15e3397cf162ed8af2b99bfcbbd1489649a1f""}"
cb9f315f3496c183dbccc7e1,Save Frame Statistics,Spara bildrutestatistik,PCSX2,crowdin-current-ui-batch61-20260920,"DebugSettingsWidget
../Settings/DebugSettingsWidget.cpp:146",,project-context,20449e35cd6aea033ada7fca,reviewed-receipt,https://github.com/yeager/translations/blob/67e6d27877c9cfd6b6dbc74bd852b10bdbe09c3c/PCSX2/crowdin-current-ui-batch61-20260920.json,7d1487a8e7a6c977e135205cbfbe024e70d8199f0ee522f5ae9219965d474fa2,"{""artifact"":""https://crowdin.com/project/pcsx2"",""sha256"":""d8c453a25d538b352a4413fbaa5c74df9e5c41b721d89833432b7b3e53152e42""}"
cbd2528e39d26d142118f6cb,Center,I mitten,PCSX2,crowdin-current-ui-batch18-20260920,"FullscreenUI
../../pcsx2/ImGui/FullscreenUI_Settings.cpp:5035
../../pcsx2/ImGui/FullscreenUI_Settings.cpp:6542",,project-context,cb423cba8c1620e20c86f670,reviewed-receipt,https://github.com/yeager/translations/blob/67e6d27877c9cfd6b6dbc74bd852b10bdbe09c3c/PCSX2/crowdin-current-ui-batch18-20260920.json,d0045488eb1eee4246057f420111c6313a5a756b798114b9e4b249ca38af16a7,"{""artifact"":""https://crowdin.com/project/pcsx2"",""sha256"":""e85a4aa0bd40cbc4c8682e14ae6f1fe40c939020ddd8667f5e92260d49122d3d""}"
cbd2de12a350fade91d7337d,INTC Spin Detection,Spinnidentifiering för INTC,PCSX2,Crowdin UI,,"Granskad filleverans. Endast färdiga, aktiva översättningar tas med; detta är inte ett påstående om separat registrerat radbeslut för varje oförändrad post.",project-context,26e7f82f728130c8916c2b16,reviewed-file-delivery,https://crowdin.com/project/pcsx2,c5f591f1edc9553e40265bc0be0fe67c8e4252c052a1cf8ecfb524489a5aff60,{}
cc0f97a2093d7fd13a13f404,Show Resolution,Visa upplösning,PCSX2,crowdin-current-ui-batch53-20260920,"OSDSettingsWidget
../Settings/OSDSettingsWidget.ui:386
../Settings/OSDSettingsWidget.cpp:113",Publiceringsförsöket nekades enligt det äldre kvittot; texten är ett lokalt granskningsförslag.,project-context,abd5f91e73c5bd68e4bc99b6,reviewed-local,https://github.com/yeager/translations/blob/67e6d27877c9cfd6b6dbc74bd852b10bdbe09c3c/PCSX2/crowdin-current-ui-batch53-20260920.json,cf9e3a076b0a7a4c9da64198f8216ad33f840f37229f480c53c816b8096dd673,"{""artifact"":""https://crowdin.com/project/pcsx2"",""sha256"":""bf6f0ba4cd5de213aebaf6f85dc2ca1dfe050b73bdf526becabfe46075461d55""}"
cc467bbbe45e7cbfef5d0bce,Software Dump Directory,Katalog för programvarudumpar,PCSX2,Crowdin UI,,"Granskad filleverans. Endast färdiga, aktiva översättningar tas med; detta är inte ett påstående om separat registrerat radbeslut för varje oförändrad post.",project-context,56f60bb2450c1b1e35a4f2bc,reviewed-file-delivery,https://crowdin.com/project/pcsx2,c5f591f1edc9553e40265bc0be0fe67c8e4252c052a1cf8ecfb524489a5aff60,{}
cc52efaceecdd26c5ae3a3f5,Force Disable,Tvinga inaktiverad,PCSX2,crowdin-current-ui-batch37-20260920,"ShortcutCreationDialog
../ShortcutCreationDialog.ui:82",,project-context,db4df459e7cac81001100499,reviewed-receipt,https://github.com/yeager/translations/blob/67e6d27877c9cfd6b6dbc74bd852b10bdbe09c3c/PCSX2/crowdin-current-ui-batch37-20260920.json,3d30ac42902a2603744414716b97c7784c4b7f2491b297a70bd0590534da88f4,"{""artifact"":""https://crowdin.com/project/pcsx2"",""sha256"":""2b5a26fa91ecb5a039ae662f855305aecdbc18222bf3827315712b6c566d5616""}"
cc646abff70734d4be249316,Texture Filtering:,Texturfiltrering:,PCSX2,crowdin-current-ui-batch27-20260920,"GraphicsSoftwareRenderingSettingsTab
../Settings/GraphicsSoftwareRenderingSettingsTab.ui:30",Publiceringsförsöket nekades enligt det äldre kvittot; texten är ett lokalt granskningsförslag.,project-context,b7c902fafdd5f6be8809d690,reviewed-local,https://github.com/yeager/translations/blob/67e6d27877c9cfd6b6dbc74bd852b10bdbe09c3c/PCSX2/crowdin-current-ui-batch27-20260920.json,daf14a4c22835aeb84f9a6f6d33a6c69ac188b84259e32a73fa4a47caa65dc63,"{""artifact"":""https://crowdin.com/project/pcsx2"",""sha256"":""9fc033af29d3dff4410280905749417523a0fffb4d89d572e3d34a4e50e34c76""}"
cc8e91ebaa4a9d5a06362bfe,Sound is already using default.,Ljudet använder redan standardvärdet.,PCSX2,crowdin-current-ui-batch1-20260920,"FullscreenUI
../../pcsx2/ImGui/FullscreenUI_Settings.cpp:6082",,project-context,ac7a7625a178c02e9bcb9964,reviewed-receipt,https://github.com/yeager/translations/blob/67e6d27877c9cfd6b6dbc74bd852b10bdbe09c3c/PCSX2/crowdin-current-ui-batch1-20260920.json,fbacbf8b449e630f42dbc651e3eb3d61f650cd4cb6d478d350f9a55ce6b87962,"{""artifact"":""https://crowdin.com/project/pcsx2"",""sha256"":""3151fba05a942478274e975dc39aa8e30192cee025e9d1049dd87b3ae90a8801""}"
cca7e7fce9053c3823a07f3c,Frame Rate Options,Alternativ för bildfrekvens,PCSX2,crowdin-current-ui-batch23-20260920,"GraphicsAdvancedSettingsTab
../Settings/GraphicsAdvancedSettingsTab.ui:207",Publiceringsförsöket nekades enligt det äldre kvittot; texten är ett lokalt granskningsförslag.,project-context,79a32500018e4d407f83a9de,reviewed-local,https://github.com/yeager/translations/blob/67e6d27877c9cfd6b6dbc74bd852b10bdbe09c3c/PCSX2/crowdin-current-ui-batch23-20260920.json,94825b8000dc084475f7ee18208d828359829f994a9e4d0dfc9ec3c3d325f60e,"{""artifact"":""https://crowdin.com/project/pcsx2"",""sha256"":""6571805ccb7ccddb09c8ced5d74a3cade83a5403001538f22015ecd1811cdfbb""}"
ccd0e9a23bbc2b87b323725d,Video Capture Height,Höjd för videoinspelning,PCSX2,crowdin-current-ui-batch7-20260920,"GraphicsSettingsWidget
../Settings/GraphicsSettingsWidget.cpp:761",,project-context,eec8bfdc00589b0e187cddde,reviewed-receipt,https://github.com/yeager/translations/blob/67e6d27877c9cfd6b6dbc74bd852b10bdbe09c3c/PCSX2/crowdin-current-ui-batch7-20260920.json,8c630c03eadaf91965c9d87bc474586df0a53ac156826372c002fcc927248561,"{""artifact"":""https://crowdin.com/project/pcsx2"",""sha256"":""40216fa954aee78c5d626f19c40d394e809de1423a87c0d35a9742beefa464a4""}"
cd2037f9bddc75b1ab4edb57,Rewrite Large ST,Skriv om stora ST,PCSX2,crowdin-current-ui-batch63-20260920,"GraphicsHardwareFixesSettingsTab
../Settings/GraphicsHardwareFixesSettingsTab.ui:277",,project-context,108feef619f02d1fcf3c78ee,reviewed-receipt,https://github.com/yeager/translations/blob/67e6d27877c9cfd6b6dbc74bd852b10bdbe09c3c/PCSX2/crowdin-current-ui-batch63-20260920.json,08ff78cfcd818cefe89524c4604550c53e468e64909a3ca76a582c3f0c9c5540,"{""artifact"":""https://crowdin.com/project/pcsx2"",""sha256"":""0a69a59b95aedb3b746fdb68d5065d4da61ff1ce2742f71949a1d99f77e675a7""}"
cd5e43622f05753881da88ed,Save States (*.p2s);;All Files (*.*),Sparade tillstånd (*.p2s);;Alla filer (*.*),PCSX2,crowdin-current-ui-batch12-20260920,"ShortcutCreationDialog
../ShortcutCreationDialog.cpp:42",Publiceringsförsöket nekades enligt det äldre kvittot; texten är ett lokalt granskningsförslag.,project-context,852a1542dcee492ef213427a,reviewed-local,https://github.com/yeager/translations/blob/67e6d27877c9cfd6b6dbc74bd852b10bdbe09c3c/PCSX2/crowdin-current-ui-batch12-20260920.json,069c92ed85703bad78e9b4e17bd0d4fccb132ebeed9d3bedd8328dbf6ea26909,"{""artifact"":""https://crowdin.com/project/pcsx2"",""sha256"":""aa61ef0b103cdf64d8667f005d3a45f7150666945325aaf43e7593b8ff626cb1""}"
cd6e5f2d2443c084711f5928,On Startup & Every Frame,Vid start och varje bildruta,PCSX2,crowdin-current-ui-batch11-20260920,"Time when a patch is applied.
Patch
../../pcsx2/Patch.cpp:1844",,project-context,fbb6b688357be44facca5207,reviewed-receipt,https://github.com/yeager/translations/blob/67e6d27877c9cfd6b6dbc74bd852b10bdbe09c3c/PCSX2/crowdin-current-ui-batch11-20260920.json,ca34a36082ac7bb7c72d20bd72c4f2da2c969dae95acc424871cf924ec9d06b4,"{""artifact"":""https://crowdin.com/project/pcsx2"",""sha256"":""ada60164ef786c93e2e1ec0f978b493ceaa38a645997a79d05634d4e8d86ec9c""}"
cd9cf7524e46385f322d5e19,Show Frame Times,Visa bildrutetider,PCSX2,crowdin-current-ui-batch53-20260920,"OSDSettingsWidget
../Settings/OSDSettingsWidget.ui:344
../Settings/OSDSettingsWidget.cpp:133",Publiceringsförsöket nekades enligt det äldre kvittot; texten är ett lokalt granskningsförslag.,project-context,0e382f90e0ef84273467a738,reviewed-local,https://github.com/yeager/translations/blob/67e6d27877c9cfd6b6dbc74bd852b10bdbe09c3c/PCSX2/crowdin-current-ui-batch53-20260920.json,cf9e3a076b0a7a4c9da64198f8216ad33f840f37229f480c53c816b8096dd673,"{""artifact"":""https://crowdin.com/project/pcsx2"",""sha256"":""c3340c31646903321be7e4be02789212c925d00ec7f1e40b50a1ea3b48fd786f""}"
cdfe959ce544fb1a100dc5b1,Internal HDD,Intern HDD,PCSX2,crowdin-current-ui-batch35-20260920,"FullscreenUI
../../pcsx2/ImGui/FullscreenUI_Settings.cpp:6352",Publiceringsförsöket nekades enligt det äldre kvittot; texten är ett lokalt granskningsförslag.,project-context,423d022fa6c09a290362abf3,reviewed-local,https://github.com/yeager/translations/blob/67e6d27877c9cfd6b6dbc74bd852b10bdbe09c3c/PCSX2/crowdin-current-ui-batch35-20260920.json,6c1b597bc9480c34eadc255045e58a2413f454db5a76874db451ebfcd5d24853,"{""artifact"":""https://crowdin.com/project/pcsx2"",""sha256"":""0331b5514173f0ec36ce25b56029989bb2cde656829fc81eed87814b38a55ffc""}"
ce42c0c482e94025de9f1ae4,Textures Directory,Texturkatalog,PCSX2,crowdin-current-ui-batch62-20260920,"GraphicsSettingsWidget
../Settings/GraphicsSettingsWidget.cpp:702",Publiceringsförsöket nekades enligt det äldre kvittot; texten är ett lokalt granskningsförslag.,project-context,100eafbbc0882eb9464dc119,reviewed-local,https://github.com/yeager/translations/blob/67e6d27877c9cfd6b6dbc74bd852b10bdbe09c3c/PCSX2/crowdin-current-ui-batch62-20260920.json,6f455bab497aab5f47fecf4d901525cee3a927cec35cd4f2f0dc82942d40dace,"{""artifact"":""https://crowdin.com/project/pcsx2"",""sha256"":""53625fbc6684f1a380c55a3d89b2ea2d7d3dcfb281d969a48d7fd9ba3da14470""}"
ce73ae063913c7176893f40b,Read Targets When Closing,Läs renderingsmål vid avslut,PCSX2,crowdin-current-ui-batch13-20260920,"GraphicsHardwareFixesSettingsTab
../Settings/GraphicsHardwareFixesSettingsTab.ui:305",,project-context,d5aab3e4ce997c36ed8272a4,reviewed-receipt,https://github.com/yeager/translations/blob/67e6d27877c9cfd6b6dbc74bd852b10bdbe09c3c/PCSX2/crowdin-current-ui-batch13-20260920.json,623ec591b5fcb41c8d897353bf192b4285c0b8b4a6be7d0f716afe784de07e1d,"{""artifact"":""https://crowdin.com/project/pcsx2"",""sha256"":""92ad566a3836f6540931e67ad73496dca14705363dffe5195841bd58a8b8b8a5""}"
ce826231d00eb1570e69f05d,Volume: Muted in Settings,Volym: avstängd i Inställningar,PCSX2,crowdin-current-ui-batch55-20260920,"Hotkeys_Volume
../../pcsx2/Hotkeys.cpp:52
../../pcsx2/Hotkeys.cpp:93",,project-context,0f2567ec8a8bcdb37a1b0374,reviewed-receipt,https://github.com/yeager/translations/blob/67e6d27877c9cfd6b6dbc74bd852b10bdbe09c3c/PCSX2/crowdin-current-ui-batch55-20260920.json,eef7fecf9007fb67b7321b88ecfd43d8a1e78e3c19d6b14ffe23010d7cdbe6b1,"{""artifact"":""https://crowdin.com/project/pcsx2"",""sha256"":""6e63ebf7a1ca05f7d0c12370efc4e218734ffa55070d3cab19082302db410cf9""}"
ce9bf1c397040fd66722f54e,"Bob (Top Field First, Full Frames)","Bob (övre fältet först, hela bildrutor)",PCSX2,crowdin-current-ui-batch24-20260920,"Bob: deinterlacing method that refers to the way it makes video look like it&apos;s bobbing up and down.
GraphicsDisplaySettingsTab
../Settings/GraphicsDisplaySettingsTab.ui:250",Publiceringsförsöket nekades enligt det äldre kvittot; texten är ett lokalt granskningsförslag.,project-context,d21000ffe99f27d6e6acc650,reviewed-local,https://github.com/yeager/translations/blob/67e6d27877c9cfd6b6dbc74bd852b10bdbe09c3c/PCSX2/crowdin-current-ui-batch24-20260920.json,ee2587e30ef9f54541bdbfb4dfcf7512e05bd487cd41e18f4834c7ff3b6d4915,"{""artifact"":""https://crowdin.com/project/pcsx2"",""sha256"":""e8a518bb0342f5fe044d8a869eecfdb31feabd8aa4ecc71d0f3088b97e2c646a""}"
ceb53962bfa4ffd31a86fec0,None,Ingen,PCSX2,crowdin-current-ui-batch24-20260920,"GraphicsDisplaySettingsTab
../Settings/GraphicsDisplaySettingsTab.ui:135",Publiceringsförsöket nekades enligt det äldre kvittot; texten är ett lokalt granskningsförslag.,project-context,466b39e18d5c257a0c18160b,reviewed-local,https://github.com/yeager/translations/blob/67e6d27877c9cfd6b6dbc74bd852b10bdbe09c3c/PCSX2/crowdin-current-ui-batch24-20260920.json,ee2587e30ef9f54541bdbfb4dfcf7512e05bd487cd41e18f4834c7ff3b6d4915,"{""artifact"":""https://crowdin.com/project/pcsx2"",""sha256"":""3982f74518368382507009170f0a04f67f77a5fc96dff5382c5c7040b434b1a5""}"
cec1d8999ee32cae31f720fc,Save Window Geometry,Spara fönstergeometri,PCSX2,crowdin-current-ui-batch22-20260920,"DebugUserInterfaceSettingsTab
../Settings/DebugUserInterfaceSettingsTab.ui:45",Publiceringsförsöket nekades enligt det äldre kvittot; texten är ett lokalt granskningsförslag.,project-context,6ac8a4a62e9181d76cd23691,reviewed-local,https://github.com/yeager/translations/blob/67e6d27877c9cfd6b6dbc74bd852b10bdbe09c3c/PCSX2/crowdin-current-ui-batch22-20260920.json,4f04c5281fafa51fe7ba74101b3c304645c8874ef28d97c8f99b5d9fe805c47e,"{""artifact"":""https://crowdin.com/project/pcsx2"",""sha256"":""6febb49f0244df68110e6606c3d524d2c17a105b4d9d11d3b7d95f439d436331""}"
cec84f786b25f3e43d4454ce,Save Frame Statistics,Spara bildrutestatistik,PCSX2,Crowdin UI,,"Granskad filleverans. Endast färdiga, aktiva översättningar tas med; detta är inte ett påstående om separat registrerat radbeslut för varje oförändrad post.",project-context,b3497deecb2b849df7a198dc,reviewed-file-delivery,https://crowdin.com/project/pcsx2,c5f591f1edc9553e40265bc0be0fe67c8e4252c052a1cf8ecfb524489a5aff60,{}
cedcd4e1091a2c8a5c58a5bc,Container Format,Behållarformat,PCSX2,Crowdin UI,,"Granskad filleverans. Endast färdiga, aktiva översättningar tas med; detta är inte ett påstående om separat registrerat radbeslut för varje oförändrad post.",project-context,cd724330b4b48129be44df23,reviewed-file-delivery,https://crowdin.com/project/pcsx2,c5f591f1edc9553e40265bc0be0fe67c8e4252c052a1cf8ecfb524489a5aff60,{}
ceed6e40790658dbebc265b2,Volume: Muted in Settings,Volym: avstängd i Inställningar,PCSX2,Crowdin UI,,"Granskad filleverans. Endast färdiga, aktiva översättningar tas med; detta är inte ett påstående om separat registrerat radbeslut för varje oförändrad post.",project-context,b0f977dfb791837ebe3a96ee,reviewed-file-delivery,https://crowdin.com/project/pcsx2,c5f591f1edc9553e40265bc0be0fe67c8e4252c052a1cf8ecfb524489a5aff60,{}
cf2b7441bcd4a4629ff78da6,Merge Targets,Sammanfoga renderingsmål,PCSX2,crowdin-current-ui-batch13-20260920,"GraphicsHardwareFixesSettingsTab
../Settings/GraphicsHardwareFixesSettingsTab.ui:54",,project-context,b489a18b0a25fc5e5f07b023,reviewed-receipt,https://github.com/yeager/translations/blob/67e6d27877c9cfd6b6dbc74bd852b10bdbe09c3c/PCSX2/crowdin-current-ui-batch13-20260920.json,623ec591b5fcb41c8d897353bf192b4285c0b8b4a6be7d0f716afe784de07e1d,"{""artifact"":""https://crowdin.com/project/pcsx2"",""sha256"":""5c4792499bab5eaefe213cbaea6c2333a97197132507ca513119460ba2ce1474""}"
cf3e2aab1764f248b5029615,Enable Extended RAM (Dev Console),Aktivera utökat RAM-minne (utvecklarkonsol),PCSX2,crowdin-current-ui-batch50-20260920,"AdvancedSystemSettingsWidget
../Settings/AdvancedSettingsWidget.ui:179",,project-context,8c30e9101a9442cbf8116c65,reviewed-receipt,https://github.com/yeager/translations/blob/67e6d27877c9cfd6b6dbc74bd852b10bdbe09c3c/PCSX2/crowdin-current-ui-batch50-20260920.json,526c37bda266096897ffc29f6d90f1526ccd117934fef6462d4629b30c159187,"{""artifact"":""https://crowdin.com/project/pcsx2"",""sha256"":""c003c07841e267df7d4f200aa8c2e2a341ab95db0885e9bf1b1b8b5ba7708b4c""}"
cf48eb5d6b9a8740e00fe108,Catalog loaded from online font index.,Katalogen lästes in från teckensnittsindexet på nätet.,PCSX2,Crowdin UI,,"Granskad filleverans. Endast färdiga, aktiva översättningar tas med; detta är inte ett påstående om separat registrerat radbeslut för varje oförändrad post.",project-context,877cf135d4e6c58543098229,reviewed-file-delivery,https://crowdin.com/project/pcsx2,c5f591f1edc9553e40265bc0be0fe67c8e4252c052a1cf8ecfb524489a5aff60,{}
cf67bf0d3ec086efba7db1fe,Shows the host&apos;s GPU utilization.,Visar värdens GPU-användning.,PCSX2,Crowdin UI,,"Granskad filleverans. Endast färdiga, aktiva översättningar tas med; detta är inte ett påstående om separat registrerat radbeslut för varje oförändrad post.",project-context,b1368a9f19fee5ae112119b5,reviewed-file-delivery,https://crowdin.com/project/pcsx2,c5f591f1edc9553e40265bc0be0fe67c8e4252c052a1cf8ecfb524489a5aff60,{}
cf77749a6a216fa6a247f32c,Bilinear (PS2),Bilinär (PS2),PCSX2,crowdin-current-ui-batch13-20260920,"GraphicsHardwareRenderingSettingsTab
../Settings/GraphicsHardwareRenderingSettingsTab.ui:130",,project-context,9307908ad3af93dd88ae9955,reviewed-receipt,https://github.com/yeager/translations/blob/67e6d27877c9cfd6b6dbc74bd852b10bdbe09c3c/PCSX2/crowdin-current-ui-batch13-20260920.json,623ec591b5fcb41c8d897353bf192b4285c0b8b4a6be7d0f716afe784de07e1d,"{""artifact"":""https://crowdin.com/project/pcsx2"",""sha256"":""3ee033cc413c2ec76e40b21d3730a8facab79d046f869e144992946ba6252078""}"
cfc7956c80f3d98ae5494d11,Off,Av,PCSX2,crowdin-current-ui-batch28-20260920,"GraphicsUpscalingFixesSettingsTab
../Settings/GraphicsUpscalingFixesSettingsTab.ui:126",Publiceringsförsöket nekades enligt det äldre kvittot; texten är ett lokalt granskningsförslag.,project-context,9d085d25fea58b63aa8262b3,reviewed-local,https://github.com/yeager/translations/blob/67e6d27877c9cfd6b6dbc74bd852b10bdbe09c3c/PCSX2/crowdin-current-ui-batch28-20260920.json,6edf9357e080f44b992185b2f688a80546a47f78b1e6dc7048d1fa1c764180b5,"{""artifact"":""https://crowdin.com/project/pcsx2"",""sha256"":""75f4aaab17a4ee22bbf2bdf1c3050f891c15400f8cdadca032d050a0779e32eb""}"
cfd36ef22d2b7cdd1576fe03,Software Renderer,Programvarurenderare,PCSX2,crowdin-current-ui-batch30-20260920,"Graphics backend/engine type (refers to emulating the GS in software, on the CPU). Translate accordingly.
GraphicsSettingsWidget
../Settings/GraphicsSettingsWidget.cpp:43",Publiceringsförsöket nekades enligt det äldre kvittot; texten är ett lokalt granskningsförslag.,project-context,f4d8469eec738e73409b4cf2,reviewed-local,https://github.com/yeager/translations/blob/67e6d27877c9cfd6b6dbc74bd852b10bdbe09c3c/PCSX2/crowdin-current-ui-batch30-20260920.json,d4af30d773c2d445fd558ede29e0c75536433129a2aa3de962c902c53c53d27e,"{""artifact"":""https://crowdin.com/project/pcsx2"",""sha256"":""9a0dc34a2a417c21855ee753d2fd8db7c2b6008ac0ca51c4e2774acc47fbe151""}"
cfde98fca4d126d19847ae56,Show On Startup,Visa vid start,PCSX2,crowdin-current-ui-batch22-20260920,"DebugUserInterfaceSettingsTab
../Settings/DebugUserInterfaceSettingsTab.ui:38",,project-context,504007cbbd276116d304f92a,reviewed-receipt,https://github.com/yeager/translations/blob/67e6d27877c9cfd6b6dbc74bd852b10bdbe09c3c/PCSX2/crowdin-current-ui-batch22-20260920.json,4f04c5281fafa51fe7ba74101b3c304645c8874ef28d97c8f99b5d9fe805c47e,"{""artifact"":""https://crowdin.com/project/pcsx2"",""sha256"":""fca567b56de83e1f5dc764cf28951f5a2b281eaca098391329dad8eeb806340f""}"
d09649ab02433c2e93c3879c,Auto Gateway,Automatisk gateway,PCSX2,crowdin-current-ui-batch2-20260920,"DEV9SettingsWidget
../Settings/DEV9SettingsWidget.cpp:210",,project-context,e52b8c0f4680bc063ed241d7,reviewed-receipt,https://github.com/yeager/translations/blob/67e6d27877c9cfd6b6dbc74bd852b10bdbe09c3c/PCSX2/crowdin-current-ui-batch2-20260920.json,a8019ae64305421dc140bdb4a328c495e84cd0cf6043ab46c5d4bf619d05bd2b,"{""artifact"":""https://crowdin.com/project/pcsx2"",""sha256"":""741c07fcca9bd4b2c3565d2b31e7382efe21d518a2aa306b510efd323fc18b66""}"
d0bdcca755aadf109f91653f,Failed to Save State,Det gick inte att spara tillståndet,PCSX2,crowdin-current-ui-batch11-20260920,"FullscreenUI
../../pcsx2/ImGui/FullscreenUI.cpp:4061",,project-context,54681489723715d535bf3b1e,reviewed-receipt,https://github.com/yeager/translations/blob/67e6d27877c9cfd6b6dbc74bd852b10bdbe09c3c/PCSX2/crowdin-current-ui-batch11-20260920.json,ca34a36082ac7bb7c72d20bd72c4f2da2c969dae95acc424871cf924ec9d06b4,"{""artifact"":""https://crowdin.com/project/pcsx2"",""sha256"":""2e6873a9ac6f7a5a4ba9942150a1e2feca9540fa5b9e0bd9521b6b2f710858a8""}"
d0de21b68c7cf787022f5f2e,Apply No-Interlacing Patches,Tillämpa patchar för att ta bort sammanflätning,PCSX2,crowdin-current-ui-batch55-20260920,"GraphicsSettingsWidget
../Settings/GraphicsSettingsWidget.cpp:425",,project-context,e166a59d5c243505613e1260,reviewed-receipt,https://github.com/yeager/translations/blob/67e6d27877c9cfd6b6dbc74bd852b10bdbe09c3c/PCSX2/crowdin-current-ui-batch55-20260920.json,eef7fecf9007fb67b7321b88ecfd43d8a1e78e3c19d6b14ffe23010d7cdbe6b1,"{""artifact"":""https://crowdin.com/project/pcsx2"",""sha256"":""2278b03ed685e9ed79a618b2528c78287af62543d14af70c9551d14e79e69bb0""}"
d0ec49530d1ecb0b0b9932c5,No Deinterlacing,Ingen avflätning,PCSX2,crowdin-current-ui-batch24-20260920,"GraphicsDisplaySettingsTab
../Settings/GraphicsDisplaySettingsTab.ui:235",,project-context,de81fdf7cafa63c881a25229,reviewed-receipt,https://github.com/yeager/translations/blob/67e6d27877c9cfd6b6dbc74bd852b10bdbe09c3c/PCSX2/crowdin-current-ui-batch24-20260920.json,ee2587e30ef9f54541bdbfb4dfcf7512e05bd487cd41e18f4834c7ff3b6d4915,"{""artifact"":""https://crowdin.com/project/pcsx2"",""sha256"":""0cb6a34d1d05d947235e88464fc464e6720fa0e158b9976e59917f42815921a1""}"
d1305bacf99cbc8417c33101,Memcards,Minneskort,PCSX2,crowdin-current-ui-batch22-20260920,"DebugLoggingSettingsTab
../Settings/DebugLoggingSettingsTab.ui:238",Publiceringsförsöket nekades enligt det äldre kvittot; texten är ett lokalt granskningsförslag.,project-context,b7c2afbcfbf64e8c40755544,reviewed-local,https://github.com/yeager/translations/blob/67e6d27877c9cfd6b6dbc74bd852b10bdbe09c3c/PCSX2/crowdin-current-ui-batch22-20260920.json,4f04c5281fafa51fe7ba74101b3c304645c8874ef28d97c8f99b5d9fe805c47e,"{""artifact"":""https://crowdin.com/project/pcsx2"",""sha256"":""4856db914023dc2d5c02e1947972a6e926f2c0f8929c368151054801bf535059""}"
d135a4649736825a5e345a63,Not provided by catalog,Tillhandahålls inte av katalogen,PCSX2,crowdin-current-ui-batch52-20260920,"OSDFontPickerDialog
../Settings/OsdFontPickerDialog.cpp:1007",,project-context,7e9a71609f151fab19067723,reviewed-receipt,https://github.com/yeager/translations/blob/67e6d27877c9cfd6b6dbc74bd852b10bdbe09c3c/PCSX2/crowdin-current-ui-batch52-20260920.json,8cfffc76ca6e36b6b86d335ad9a92ba99954d58c53ce7d299caec541e1b3ff9b,"{""artifact"":""https://crowdin.com/project/pcsx2"",""sha256"":""04f10ba2bcbff8d8c6dc90c9c8139315af18f0ef8d6d91677e20976d5ca32c84""}"
d152c67c196d1cdfb89521eb,Inactive,Inaktiv,PCSX2,crowdin-current-ui-batch56-20260920,"Achievements
../../pcsx2/Achievements.cpp:3375",Publiceringsförsöket nekades enligt det äldre kvittot; texten är ett lokalt granskningsförslag.,project-context,3dbdc3aec54942c205d5656e,reviewed-local,https://github.com/yeager/translations/blob/67e6d27877c9cfd6b6dbc74bd852b10bdbe09c3c/PCSX2/crowdin-current-ui-batch56-20260920.json,e544f4e37b292a5a59167a947672fb099eeaff33c9d732c3cd8e9184cd9a4307,"{""artifact"":""https://crowdin.com/project/pcsx2"",""sha256"":""0215d8219d7cb2ea94a7fcda79d6df72639d264f5dddf9b0d98f933c55e54744""}"
d15ee0d938fc061261e2ac4c,Show GPU Debug Info,Visa GPU-felsökningsinformation,PCSX2,crowdin-current-ui-batch1-20260920,"FullscreenUI
../../pcsx2/ImGui/FullscreenUI_Settings.cpp:6928",,project-context,51102f5d8716a35cc43f0858,reviewed-receipt,https://github.com/yeager/translations/blob/67e6d27877c9cfd6b6dbc74bd852b10bdbe09c3c/PCSX2/crowdin-current-ui-batch1-20260920.json,fbacbf8b449e630f42dbc651e3eb3d61f650cd4cb6d478d350f9a55ce6b87962,"{""artifact"":""https://crowdin.com/project/pcsx2"",""sha256"":""89631646a24f521125cf115557d0b9ab75d620a1e427a09c4539ba42616377c7""}"
d1cb11fd76adcdc1d7e1b4a9,Skip Draw Range:,Intervall för överhoppade ritanrop:,PCSX2,crowdin-current-ui-batch24-20260920,"GraphicsHardwareFixesSettingsTab
../Settings/GraphicsHardwareFixesSettingsTab.ui:33",,project-context,94d1693dcd458c2c02611ec6,reviewed-receipt,https://github.com/yeager/translations/blob/67e6d27877c9cfd6b6dbc74bd852b10bdbe09c3c/PCSX2/crowdin-current-ui-batch24-20260920.json,ee2587e30ef9f54541bdbfb4dfcf7512e05bd487cd41e18f4834c7ff3b6d4915,"{""artifact"":""https://crowdin.com/project/pcsx2"",""sha256"":""c60c9dbf36e4ef6d64960145f50e9fec0b7144c0c70ec71abbfd44152aa7e174""}"
d20245f3c7c8be308e4a66bd,Bold OSD Text,Fet OSD-text,PCSX2,crowdin-current-ui-batch1-20260920,"FullscreenUI
../../pcsx2/ImGui/FullscreenUI_Settings.cpp:6917",,project-context,f13c26d0b05d1422866a3ed3,reviewed-receipt,https://github.com/yeager/translations/blob/67e6d27877c9cfd6b6dbc74bd852b10bdbe09c3c/PCSX2/crowdin-current-ui-batch1-20260920.json,fbacbf8b449e630f42dbc651e3eb3d61f650cd4cb6d478d350f9a55ce6b87962,"{""artifact"":""https://crowdin.com/project/pcsx2"",""sha256"":""c8a068dff443753b8b2f9af4e8338b98d60ff15eb85533d7c6d31b10e3bd3542""}"
d2127d123b46e86121ff63ed,Swap Memory Cards,Byt minneskort,PCSX2,crowdin-current-ui-batch19-20260920,"Hotkeys
../../pcsx2/Hotkeys.cpp:254",,project-context,5e557df4f8abdca3b76d963b,reviewed-receipt,https://github.com/yeager/translations/blob/67e6d27877c9cfd6b6dbc74bd852b10bdbe09c3c/PCSX2/crowdin-current-ui-batch19-20260920.json,17ccc6616b1cef815b61276809e4efb6b66f1930c7e5c53901c22a4c000bffb9,"{""artifact"":""https://crowdin.com/project/pcsx2"",""sha256"":""ed15f3f811546bb8707f7d0faff5e9f893bc570be6a291523069bbeac29176ba""}"
d23a5e751b9c7830bfa67ceb,Save Info,Spara information,PCSX2,crowdin-current-ui-batch21-20260920,"DebugGSSettingsTab
../Settings/DebugGSSettingsTab.ui:70",,project-context,81639c2435d874b09064dbee,reviewed-receipt,https://github.com/yeager/translations/blob/67e6d27877c9cfd6b6dbc74bd852b10bdbe09c3c/PCSX2/crowdin-current-ui-batch21-20260920.json,a17a684939c7836f99eed6a2beb5c914bdeb5bc299843bbd766ce571585ee88e,"{""artifact"":""https://crowdin.com/project/pcsx2"",""sha256"":""4a5631abcd91780fee39c86134be7a1eaab97180e65c4c6e2cc2addc997317d8""}"
d2eac73e7116dfedce11d8b7,Audio,Ljud,PCSX2,crowdin-current-ui-batch29-20260920,"Hotkeys
../../pcsx2/Hotkeys.cpp:339
../../pcsx2/Hotkeys.cpp:343
../../pcsx2/Hotkeys.cpp:348",Publiceringsförsöket nekades enligt det äldre kvittot; texten är ett lokalt granskningsförslag.,project-context,9be16f8d39754c0299b8a987,reviewed-local,https://github.com/yeager/translations/blob/67e6d27877c9cfd6b6dbc74bd852b10bdbe09c3c/PCSX2/crowdin-current-ui-batch29-20260920.json,5e9d99ed74373c2f72a189c1db7205af0fb3f607d18807039efe55821b2dea06,"{""artifact"":""https://crowdin.com/project/pcsx2"",""sha256"":""c302cb151d79d5bddb0e4651a0c0720aebfac8319b57131bdde8a6e8c91bbf5d""}"
d32e3a78657b9ca8efce8817,TV Shader,TV-shader,PCSX2,crowdin-current-ui-batch57-20260920,"FullscreenUI
../../pcsx2/ImGui/FullscreenUI_Settings.cpp:6879",,project-context,c43d7173ff34e8fd09222c6d,reviewed-receipt,https://github.com/yeager/translations/blob/67e6d27877c9cfd6b6dbc74bd852b10bdbe09c3c/PCSX2/crowdin-current-ui-batch57-20260920.json,5c871fa681fe60ac837787f04a021e0897b135316665fb1695de5041b8a5e637,"{""artifact"":""https://crowdin.com/project/pcsx2"",""sha256"":""61466d9a23cbbcad628025e6c44a0df838675a7bcec0bf1d5a4f5edab9b0e474""}"
d335c37a9ce697244d61124e,Video Recording Directory,Katalog för videoinspelningar,PCSX2,crowdin-current-ui-batch57-20260920,"FullscreenUI
../../pcsx2/ImGui/FullscreenUI_Settings.cpp:7037",,project-context,07a262bbe545e53b34f5a043,reviewed-receipt,https://github.com/yeager/translations/blob/67e6d27877c9cfd6b6dbc74bd852b10bdbe09c3c/PCSX2/crowdin-current-ui-batch57-20260920.json,5c871fa681fe60ac837787f04a021e0897b135316665fb1695de5041b8a5e637,"{""artifact"":""https://crowdin.com/project/pcsx2"",""sha256"":""eb83c5d4faced2e9c6cae62eb5074de834796f1feeacbf29740f2772512d9d7f""}"
d3982793aa0c4244d20ff81b,Integer Scaling,Heltalsskalning,PCSX2,crowdin-current-ui-batch23-20260920,"GraphicsDisplaySettingsTab
../Settings/GraphicsDisplaySettingsTab.ui:41",Publiceringsförsöket nekades enligt det äldre kvittot; texten är ett lokalt granskningsförslag.,project-context,792acb7e35e146e804562780,reviewed-local,https://github.com/yeager/translations/blob/67e6d27877c9cfd6b6dbc74bd852b10bdbe09c3c/PCSX2/crowdin-current-ui-batch23-20260920.json,94825b8000dc084475f7ee18208d828359829f994a9e4d0dfc9ec3c3d325f60e,"{""artifact"":""https://crowdin.com/project/pcsx2"",""sha256"":""1054363a9a41c6277794b226569c6b1fea3e02664b010dce038458ae45b9aae6""}"
d3d3035778c22e0ee25d1edf,Fast Boot,Snabbstart,PCSX2,crowdin-current-ui-batch37-20260920,"ShortcutCreationDialog
../ShortcutCreationDialog.ui:274",,project-context,6aa38695dfee7dd892c40c8a,reviewed-receipt,https://github.com/yeager/translations/blob/67e6d27877c9cfd6b6dbc74bd852b10bdbe09c3c/PCSX2/crowdin-current-ui-batch37-20260920.json,3d30ac42902a2603744414716b97c7784c4b7f2491b297a70bd0590534da88f4,"{""artifact"":""https://crowdin.com/project/pcsx2"",""sha256"":""17229c3d476fb035a63db2f123c8718269b16f751d50b44b68fa4fc5f403c5c7""}"
d4052fa1e4198b2b06c27171,Manual Hardware Renderer Fixes,Manuella fixar för hårdvarurenderaren,PCSX2,crowdin-current-ui-batch13-20260920,"GraphicsHardwareRenderingSettingsTab
../Settings/GraphicsHardwareRenderingSettingsTab.ui:84",,project-context,bd7a9533b330befae1c70fa6,reviewed-receipt,https://github.com/yeager/translations/blob/67e6d27877c9cfd6b6dbc74bd852b10bdbe09c3c/PCSX2/crowdin-current-ui-batch13-20260920.json,623ec591b5fcb41c8d897353bf192b4285c0b8b4a6be7d0f716afe784de07e1d,"{""artifact"":""https://crowdin.com/project/pcsx2"",""sha256"":""e872c07c22009a86c2a9474579b6b779bb59ed5302a66f3d5ab9623b9e0af6e7""}"
d40facac24135f9b0548c035,Refresh Interval:,Uppdateringsintervall:,PCSX2,crowdin-current-ui-batch22-20260920,"DebugUserInterfaceSettingsTab
../Settings/DebugUserInterfaceSettingsTab.ui:52",Publiceringsförsöket nekades enligt det äldre kvittot; texten är ett lokalt granskningsförslag.,project-context,7cd8a0dcb9cabebea2dcbb5a,reviewed-local,https://github.com/yeager/translations/blob/67e6d27877c9cfd6b6dbc74bd852b10bdbe09c3c/PCSX2/crowdin-current-ui-batch22-20260920.json,4f04c5281fafa51fe7ba74101b3c304645c8874ef28d97c8f99b5d9fe805c47e,"{""artifact"":""https://crowdin.com/project/pcsx2"",""sha256"":""2fa41411ec3c049b40987f288445c435c7b1c9034b29354ef8532fe2f4a8dc72""}"
d419de3b2bc8a1a1ff609764,Scan Range Start Address,Startadress för sökområde,PCSX2,crowdin-current-ui-batch3-20260920,"DebugAnalysisSettingsWidget
../Settings/DebugAnalysisSettingsWidget.cpp:150",,project-context,cb0daa73818a2a6f8aaae1a6,reviewed-receipt,https://github.com/yeager/translations/blob/67e6d27877c9cfd6b6dbc74bd852b10bdbe09c3c/PCSX2/crowdin-current-ui-batch3-20260920.json,312b703c14e788fca3d8a80055543aca887c12d491340b56e8de7abdd1dbfcb8,"{""artifact"":""https://crowdin.com/project/pcsx2"",""sha256"":""daea924f78809d1a476cc44164c8f0292bc7a34c16727f49e33e88927e2f81c3""}"
d44ee96623f1a3f41cc873c9,Show PCSX2 Version,Visa PCSX2-version,PCSX2,crowdin-current-ui-batch53-20260920,"OSDSettingsWidget
../Settings/OSDSettingsWidget.ui:372
../Settings/OSDSettingsWidget.cpp:139",Publiceringsförsöket nekades enligt det äldre kvittot; texten är ett lokalt granskningsförslag.,project-context,3a761b20d3e6849defb1883e,reviewed-local,https://github.com/yeager/translations/blob/67e6d27877c9cfd6b6dbc74bd852b10bdbe09c3c/PCSX2/crowdin-current-ui-batch53-20260920.json,cf9e3a076b0a7a4c9da64198f8216ad33f840f37229f480c53c816b8096dd673,"{""artifact"":""https://crowdin.com/project/pcsx2"",""sha256"":""719e876dda8cc49a333fba27bd150f62ae10d7e886df9f4c9c4a229ec7093abc""}"
d50ca18f45887b4d64af2f8d,Controller Glyph Style,Symbolstil för handkontroll,PCSX2,crowdin-current-ui-batch1-20260920,"FullscreenUI
../../pcsx2/ImGui/FullscreenUI_Settings.cpp:6774",,project-context,3e62cd02d9684ea0ce951cb1,reviewed-receipt,https://github.com/yeager/translations/blob/67e6d27877c9cfd6b6dbc74bd852b10bdbe09c3c/PCSX2/crowdin-current-ui-batch1-20260920.json,fbacbf8b449e630f42dbc651e3eb3d61f650cd4cb6d478d350f9a55ce6b87962,"{""artifact"":""https://crowdin.com/project/pcsx2"",""sha256"":""ce7c7aa0493c4055da3478654dabe33d31619a05847fd4c3bf624d9127a62e57""}"
d51c07fe258f7e4a0e421ef9,Preview,Förhandsgranska,PCSX2,crowdin-current-ui-batch1-20260920,"FullscreenUI
../../pcsx2/ImGui/FullscreenUI_Settings.cpp:6991",,project-context,0220bcae6edf1e38dcec6780,reviewed-receipt,https://github.com/yeager/translations/blob/67e6d27877c9cfd6b6dbc74bd852b10bdbe09c3c/PCSX2/crowdin-current-ui-batch1-20260920.json,fbacbf8b449e630f42dbc651e3eb3d61f650cd4cb6d478d350f9a55ce6b87962,"{""artifact"":""https://crowdin.com/project/pcsx2"",""sha256"":""356b3ef2a9d3407836371fa2318d55e73d50ce4e9a3efd32b5a79b972d927ec6""}"
d53187c07560eb9ad4ffb521,3 (192 Max Width),3 (maximal bredd 192),PCSX2,crowdin-current-ui-batch24-20260920,"GraphicsHardwareFixesSettingsTab
../Settings/GraphicsHardwareFixesSettingsTab.ui:90",,project-context,220c59741be4bb1a01f3af75,reviewed-receipt,https://github.com/yeager/translations/blob/67e6d27877c9cfd6b6dbc74bd852b10bdbe09c3c/PCSX2/crowdin-current-ui-batch24-20260920.json,ee2587e30ef9f54541bdbfb4dfcf7512e05bd487cd41e18f4834c7ff3b6d4915,"{""artifact"":""https://crowdin.com/project/pcsx2"",""sha256"":""8e52b81e481c3b42fad618499219f2f897740d158a19bc89db8a82dd5f5bfdde""}"
d5601c525b27613312e3d9ec,Saved Metrics Capture Time:,Inspelningstid för sparade prestandamått:,PCSX2,crowdin-current-ui-batch8-20260920,"DebugGSSettingsTab
../Settings/DebugGSSettingsTab.ui:332",,project-context,15402d3090abb940827476d7,reviewed-receipt,https://github.com/yeager/translations/blob/67e6d27877c9cfd6b6dbc74bd852b10bdbe09c3c/PCSX2/crowdin-current-ui-batch8-20260920.json,6d671a2f5891b45d5687714706665353e2ac62d51b8d507209b9c6fd5769ca1f,"{""artifact"":""https://crowdin.com/project/pcsx2"",""sha256"":""739c4967f255f8eff1da95e8df84b3d2ed333f5793a5645e175bf5d7ca504b07""}"
d5787e23f37f0d0b70fa7acc,Enabled (Check Inside Target),Aktiverad (kontrollera inuti målet),PCSX2,crowdin-current-ui-batch25-20260920,"GraphicsHardwareFixesSettingsTab
../Settings/GraphicsHardwareFixesSettingsTab.ui:193",,project-context,84c87905015fdaf84a98b0be,reviewed-receipt,https://github.com/yeager/translations/blob/67e6d27877c9cfd6b6dbc74bd852b10bdbe09c3c/PCSX2/crowdin-current-ui-batch25-20260920.json,c686e808bea1ecea795d6bd0a3871f9ea94959e30276601f8efafda34c283479,"{""artifact"":""https://crowdin.com/project/pcsx2"",""sha256"":""79b4b4f213fb20c947ba09fbfc31b75d6581fb69eb29576863c3788d02b3af67""}"
d58b08c3c93227be440ce73b,Show CPU Usage,Visa processoranvändning,PCSX2,crowdin-current-ui-batch53-20260920,"OSDSettingsWidget
../Settings/OSDSettingsWidget.ui:393
../Settings/OSDSettingsWidget.cpp:119",,project-context,3bbd4a888ac03138819db0ed,reviewed-receipt,https://github.com/yeager/translations/blob/67e6d27877c9cfd6b6dbc74bd852b10bdbe09c3c/PCSX2/crowdin-current-ui-batch53-20260920.json,cf9e3a076b0a7a4c9da64198f8216ad33f840f37229f480c53c816b8096dd673,"{""artifact"":""https://crowdin.com/project/pcsx2"",""sha256"":""a0315e044182c6c201d02dca1432d7b6a338de85ee418d233055ab09a8dbb7c0""}"
d59346da79f6d863c69b1445,50.00 Hz,"50,00 Hz",PCSX2,crowdin-current-ui-batch15-20260920,"GraphicsSettingsWidget
../Settings/GraphicsSettingsWidget.cpp:840",,project-context,990cc31da5f14fc3b92fdaf3,reviewed-receipt,https://github.com/yeager/translations/blob/67e6d27877c9cfd6b6dbc74bd852b10bdbe09c3c/PCSX2/crowdin-current-ui-batch15-20260920.json,9b2ebc5e4b008f5a05b2c32d2825bc90cde350d6c271bc9dbc7a0033312db467,"{""artifact"":""https://crowdin.com/project/pcsx2"",""sha256"":""74ee75fe658f19817cf849bd00a60fbade5b95b71721aa0197b66f85838acfed""}"
d59fc1bd9fddbd08a91ff117,Fast Forward:,Snabbspolning:,PCSX2,crowdin-current-ui-batch54-20260920,"ShortcutCreationDialog
../ShortcutCreationDialog.ui:100",,project-context,4099f3355ddfa4d00d6f1ea0,reviewed-receipt,https://github.com/yeager/translations/blob/67e6d27877c9cfd6b6dbc74bd852b10bdbe09c3c/PCSX2/crowdin-current-ui-batch54-20260920.json,1ea914cd857e948af6e29d5981765e20bf4f3f3bfcd3d14fdfab548fae14eacc,"{""artifact"":""https://crowdin.com/project/pcsx2"",""sha256"":""ea9517bd983c3aad1edc0a38a08e7a6467c141573dd0722a59b67d5a0b83e758""}"
d5a50dc055a1b51c76d58580,DNS1 Mode,DNS1-läge,PCSX2,crowdin-current-ui-batch36-20260920,"FullscreenUI
../../pcsx2/ImGui/FullscreenUI_Settings.cpp:6960",Publiceringsförsöket nekades enligt det äldre kvittot; texten är ett lokalt granskningsförslag.,project-context,018bc7a66aad3f0c728e41d1,reviewed-local,https://github.com/yeager/translations/blob/67e6d27877c9cfd6b6dbc74bd852b10bdbe09c3c/PCSX2/crowdin-current-ui-batch36-20260920.json,06685b2a6b6a0881c244315d3604555b5de0e31fa34564c53c68e8d7b263bdfe,"{""artifact"":""https://crowdin.com/project/pcsx2"",""sha256"":""11ce4d08cf8bece263b39657b01a4610ac6410e5725ca15735a4915966799cbe""}"
d5da2c513ec38027d8e92ab6,Force 32bit,Tvinga 32 bitar,PCSX2,crowdin-current-ui-batch13-20260920,"GraphicsHardwareRenderingSettingsTab
../Settings/GraphicsHardwareRenderingSettingsTab.ui:46",,project-context,147bdea81a36c53acaaedec9,reviewed-receipt,https://github.com/yeager/translations/blob/67e6d27877c9cfd6b6dbc74bd852b10bdbe09c3c/PCSX2/crowdin-current-ui-batch13-20260920.json,623ec591b5fcb41c8d897353bf192b4285c0b8b4a6be7d0f716afe784de07e1d,"{""artifact"":""https://crowdin.com/project/pcsx2"",""sha256"":""063e729a3d4b72617ba7cd7d6363da5a8d9829bf1f0bbc841188d9adb170caf2""}"
d5e73884f51c0eed517678c2,Save Window Geometry,Spara fönstergeometri,PCSX2,crowdin-current-ui-batch22-20260920,"DebugSettingsWidget
../Settings/DebugSettingsWidget.cpp:58",Publiceringsförsöket nekades enligt det äldre kvittot; texten är ett lokalt granskningsförslag.,project-context,f5b76fe39853eefde259c263,reviewed-local,https://github.com/yeager/translations/blob/67e6d27877c9cfd6b6dbc74bd852b10bdbe09c3c/PCSX2/crowdin-current-ui-batch22-20260920.json,4f04c5281fafa51fe7ba74101b3c304645c8874ef28d97c8f99b5d9fe805c47e,"{""artifact"":""https://crowdin.com/project/pcsx2"",""sha256"":""078ec54396856eee1792bb9b228287a5b168b4da9ac097bd70d2d0959c3e9bc4""}"
d5ebaa521e691cbd1d12824e,DNS2 Address,DNS2-adress,PCSX2,crowdin-current-ui-batch36-20260920,"FullscreenUI
../../pcsx2/ImGui/FullscreenUI_Settings.cpp:6963",Publiceringsförsöket nekades enligt det äldre kvittot; texten är ett lokalt granskningsförslag.,project-context,ab8956b201789d18b964a648,reviewed-local,https://github.com/yeager/translations/blob/67e6d27877c9cfd6b6dbc74bd852b10bdbe09c3c/PCSX2/crowdin-current-ui-batch36-20260920.json,06685b2a6b6a0881c244315d3604555b5de0e31fa34564c53c68e8d7b263bdfe,"{""artifact"":""https://crowdin.com/project/pcsx2"",""sha256"":""3804124921484d8d6ea6d3558425999ea8dae79cebc3e554a7aaff83fd4f9583""}"
d5fa60b1555cddd5d6ebf94f,Select Background Image,Välj bakgrundsbild,PCSX2,crowdin-current-ui-batch39-20260920,"FullscreenUI
../../pcsx2/ImGui/FullscreenUI_Settings.cpp:6761",Publiceringsförsöket nekades enligt det äldre kvittot; texten är ett lokalt granskningsförslag.,project-context,3243e357bbbb0850ea87108a,reviewed-local,https://github.com/yeager/translations/blob/67e6d27877c9cfd6b6dbc74bd852b10bdbe09c3c/PCSX2/crowdin-current-ui-batch39-20260920.json,5c31066ac744caaf0e034e89a654668452aa4f43ce104f24b8fc652c23dbfa86,"{""artifact"":""https://crowdin.com/project/pcsx2"",""sha256"":""4ad18dc3869a9b0f284129045eabf3a4ca1279ec14afb2683b1cd8923db08f32""}"
d61ffc2d153ff73baef276e5,Advanced Options,Avancerade alternativ,PCSX2,crowdin-current-ui-batch22-20260920,"GraphicsAdvancedSettingsTab
../Settings/GraphicsAdvancedSettingsTab.ui:26",Publiceringsförsöket nekades enligt det äldre kvittot; texten är ett lokalt granskningsförslag.,project-context,b4205465fe8a8acdcd365713,reviewed-local,https://github.com/yeager/translations/blob/67e6d27877c9cfd6b6dbc74bd852b10bdbe09c3c/PCSX2/crowdin-current-ui-batch22-20260920.json,4f04c5281fafa51fe7ba74101b3c304645c8874ef28d97c8f99b5d9fe805c47e,"{""artifact"":""https://crowdin.com/project/pcsx2"",""sha256"":""1a22eaa6cb6ceac7b6f3533986c501f714cadd69575db65010326dfa79197e7f""}"
d6585e225a96bd981bf9f8b1,Stop Recording,Stoppa inspelning,PCSX2,crowdin-current-ui-batch8-20260920,"FullscreenUI
../../pcsx2/ImGui/FullscreenUI.cpp:4173",Publiceringsförsöket nekades enligt det äldre kvittot; texten är ett lokalt granskningsförslag.,project-context,8b27e9ad8da625d971076076,reviewed-local,https://github.com/yeager/translations/blob/67e6d27877c9cfd6b6dbc74bd852b10bdbe09c3c/PCSX2/crowdin-current-ui-batch8-20260920.json,6d671a2f5891b45d5687714706665353e2ac62d51b8d507209b9c6fd5769ca1f,"{""artifact"":""https://crowdin.com/project/pcsx2"",""sha256"":""0ea815ad3a61397b981c0b0e605b5ffcd2ee441ad9aac69c74d9e19d5109e1a2""}"
d6685186546a4b9c759e6ed7,Display Options,Visningsalternativ,PCSX2,crowdin-current-ui-batch37-20260920,"ShortcutCreationDialog
../ShortcutCreationDialog.ui:117",Publiceringsförsöket nekades enligt det äldre kvittot; texten är ett lokalt granskningsförslag.,project-context,862bb0b44474f84f1b2df086,reviewed-local,https://github.com/yeager/translations/blob/67e6d27877c9cfd6b6dbc74bd852b10bdbe09c3c/PCSX2/crowdin-current-ui-batch37-20260920.json,3d30ac42902a2603744414716b97c7784c4b7f2491b297a70bd0590534da88f4,"{""artifact"":""https://crowdin.com/project/pcsx2"",""sha256"":""60b46433793463b8a451d3848029f36c078080c214439bd177275cc1e3f0df5b""}"
d6704bfe2c6167f001cb8176,Master Controller,Huvudkontroll,PCSX2,crowdin-current-ui-batch49-20260920,"USB
../../pcsx2/USB/usb-pad/usb-train.cpp:41",,project-context,d50210274a41d386723f2a01,reviewed-receipt,https://github.com/yeager/translations/blob/67e6d27877c9cfd6b6dbc74bd852b10bdbe09c3c/PCSX2/crowdin-current-ui-batch49-20260920.json,3e907fbc31b1fdfcccfc47d4a6a49ad2bfe6eb9414cebf6471f974279c345287,"{""artifact"":""https://crowdin.com/project/pcsx2"",""sha256"":""0da3ae74a937a02b6e3a8594ec8a6e6107843032317effdcfeb25ad26088f6fd""}"
d671fb49619934f427a13b05,Select Background Image,Välj bakgrundsbild,PCSX2,crowdin-current-ui-batch31-20260920,"InterfaceSettingsWidget
../Settings/InterfaceSettingsWidget.cpp:295",Publiceringsförsöket nekades enligt det äldre kvittot; texten är ett lokalt granskningsförslag.,project-context,0605b5b5b6c2d4fae9b376fb,reviewed-local,https://github.com/yeager/translations/blob/67e6d27877c9cfd6b6dbc74bd852b10bdbe09c3c/PCSX2/crowdin-current-ui-batch31-20260920.json,7f296a46b32719e99a638c81474fc3438c10c81ba7fa7f9ae7a93270e2b8c504,"{""artifact"":""https://crowdin.com/project/pcsx2"",""sha256"":""d82215ff1e5b532c5d18dd50a6c5bc6135938b99389884918d0721f53fc68882""}"
d672c885b08abdfdb956cab5,Multitap on Console Port 1,Multitap på konsolport 1,PCSX2,crowdin-current-ui-batch57-20260920,"FullscreenUI
../../pcsx2/ImGui/FullscreenUI_Settings.cpp:7007",,project-context,9ef3562fc384c72a440217bd,reviewed-receipt,https://github.com/yeager/translations/blob/67e6d27877c9cfd6b6dbc74bd852b10bdbe09c3c/PCSX2/crowdin-current-ui-batch57-20260920.json,5c871fa681fe60ac837787f04a021e0897b135316665fb1695de5041b8a5e637,"{""artifact"":""https://crowdin.com/project/pcsx2"",""sha256"":""657a6ef35e39aebc51f12b9fa473e3e4b9e8b39bc5973e5aedfa938c646a2f84""}"
d6eb08afb58d1a02f30d6d18,Unknown,Okänd,PCSX2,crowdin-current-ui-batch11-20260920,"Time when a patch is applied.
Patch
../../pcsx2/Patch.cpp:1832",Publiceringsförsöket nekades enligt det äldre kvittot; texten är ett lokalt granskningsförslag.,project-context,4fdd9d8506522d147b714c8c,reviewed-local,https://github.com/yeager/translations/blob/67e6d27877c9cfd6b6dbc74bd852b10bdbe09c3c/PCSX2/crowdin-current-ui-batch11-20260920.json,ca34a36082ac7bb7c72d20bd72c4f2da2c969dae95acc424871cf924ec9d06b4,"{""artifact"":""https://crowdin.com/project/pcsx2"",""sha256"":""3120eb204898a79894697aca0dba37c3904387100aa480ce432a93145e61595c""}"
d7136fce24a98315a2379671,Show Full Titles,Visa hela titlar,PCSX2,crowdin-current-ui-batch58-20260920,"GameListWidget
../GameList/GameListWidget.ui:132
../GameList/GameListWidget.ui:135",,project-context,22cf6ff8fca92286d52b49fa,reviewed-receipt,https://github.com/yeager/translations/blob/67e6d27877c9cfd6b6dbc74bd852b10bdbe09c3c/PCSX2/crowdin-current-ui-batch58-20260920.json,63dc6922c386d319276df2094a26afd341a8755f207ce8908444de581c157b66,"{""artifact"":""https://crowdin.com/project/pcsx2"",""sha256"":""6f81cbd4cadfacd602f3e9f55fa4465b2a0fca431602768e7cde4ffb19d83978""}"
d7152f5edbef55f8bca40341,New Local Variable,Ny lokal variabel,PCSX2,crowdin-current-ui-batch17-20260920,"NewLocalVariableDialog
../Debugger/SymbolTree/NewSymbolDialogs.cpp:428",Publiceringsförsöket nekades enligt det äldre kvittot; texten är ett lokalt granskningsförslag.,project-context,58b60d3b9d4a035bf8629cf1,reviewed-local,https://github.com/yeager/translations/blob/67e6d27877c9cfd6b6dbc74bd852b10bdbe09c3c/PCSX2/crowdin-current-ui-batch17-20260920.json,c3e8ec58262cb9ca378f79dea9c4f1baee0c939d134bdeccfba91a46dd70eaae,"{""artifact"":""https://crowdin.com/project/pcsx2"",""sha256"":""2fe03092472eb34225a6f4ba3be681e40e70a37ef08b9cc0e3af66e7185200e3""}"
d7a76cbb43b01b686740ba35,Enable Extended RAM (Dev Console),Aktivera utökat RAM-minne (utvecklarkonsol),PCSX2,crowdin-current-ui-batch1-20260920,"AdvancedSettingsWidget
../Settings/AdvancedSettingsWidget.cpp:100",,project-context,0f53e0e662b9c2cb174ef5a6,reviewed-receipt,https://github.com/yeager/translations/blob/67e6d27877c9cfd6b6dbc74bd852b10bdbe09c3c/PCSX2/crowdin-current-ui-batch1-20260920.json,fbacbf8b449e630f42dbc651e3eb3d61f650cd4cb6d478d350f9a55ce6b87962,"{""artifact"":""https://crowdin.com/project/pcsx2"",""sha256"":""473eec8d9b88f569726cd49916991e817822f2605a2a5324eb6d82f5dbeaf217""}"
d7eb06bc163c25cc296b194c,Medium,Medel,PCSX2,crowdin-current-ui-batch13-20260920,"GraphicsHardwareRenderingSettingsTab
../Settings/GraphicsHardwareRenderingSettingsTab.ui:164",Publiceringsförsöket nekades enligt det äldre kvittot; texten är ett lokalt granskningsförslag.,project-context,63d019fa6e4c5683a09057ed,reviewed-local,https://github.com/yeager/translations/blob/67e6d27877c9cfd6b6dbc74bd852b10bdbe09c3c/PCSX2/crowdin-current-ui-batch13-20260920.json,623ec591b5fcb41c8d897353bf192b4285c0b8b4a6be7d0f716afe784de07e1d,"{""artifact"":""https://crowdin.com/project/pcsx2"",""sha256"":""98411026441986523188676243a405705c8abc6aac0b7d52377fd41011a3eeeb""}"
d7eeecc4d1341507cc650c2b,Shows the current PCSX2 version.,Visar den aktuella PCSX2-versionen.,PCSX2,crowdin-current-ui-batch41-20260920,"FullscreenUI
../../pcsx2/ImGui/FullscreenUI_Settings.cpp:6298",,project-context,1a6172e159c71d7f79c9f750,reviewed-receipt,https://github.com/yeager/translations/blob/67e6d27877c9cfd6b6dbc74bd852b10bdbe09c3c/PCSX2/crowdin-current-ui-batch41-20260920.json,3d3540e909427165571e6d4f18827ef6f1a60e21accd4e9b5d761a84159ebb5e,"{""artifact"":""https://crowdin.com/project/pcsx2"",""sha256"":""6bb0bbd7d363bb99c04ae0e7eec3f5a694100200c0aea026d387657e7f1e898b""}"
d802856b696e659c91a5c68c,Fit to Window / Fullscreen,Anpassa till fönster/helskärm,PCSX2,crowdin-current-ui-batch23-20260920,"GraphicsDisplaySettingsTab
../Settings/GraphicsDisplaySettingsTab.ui:106",,project-context,1b390f3f9552be07f0b5985a,reviewed-receipt,https://github.com/yeager/translations/blob/67e6d27877c9cfd6b6dbc74bd852b10bdbe09c3c/PCSX2/crowdin-current-ui-batch23-20260920.json,94825b8000dc084475f7ee18208d828359829f994a9e4d0dfc9ec3c3d325f60e,"{""artifact"":""https://crowdin.com/project/pcsx2"",""sha256"":""8401497d94445a42fc9a16a450b736280bb814902ca37bd53f50810da4999749""}"
d82ea38f13fdd7daac8a6a9a,Failed to Save State,Det gick inte att spara tillståndet,PCSX2,crowdin-current-ui-batch47-20260920,"FullscreenUI
../../pcsx2/ImGui/FullscreenUI.cpp:4061",Publiceringsförsöket nekades enligt det äldre kvittot; texten är ett lokalt granskningsförslag.,project-context,1cdc4fcea3331e6e47f8ccb2,reviewed-local,https://github.com/yeager/translations/blob/67e6d27877c9cfd6b6dbc74bd852b10bdbe09c3c/PCSX2/crowdin-current-ui-batch47-20260920.json,5525653b661a6bb7979e7fadd45e8dab82bba08c0b0dea48a9923c4a98e6b913,"{""artifact"":""https://crowdin.com/project/pcsx2"",""sha256"":""2e6873a9ac6f7a5a4ba9942150a1e2feca9540fa5b9e0bd9521b6b2f710858a8""}"
d8742f9423e9ee4ca29d6f43,Octal,Oktal,PCSX2,crowdin-current-ui-batch29-20260920,"SymbolTreeView
../Debugger/SymbolTree/SymbolTreeViews.cpp:594",Publiceringsförsöket nekades enligt det äldre kvittot; texten är ett lokalt granskningsförslag.,project-context,4c705830d1a477680289de4f,reviewed-local,https://github.com/yeager/translations/blob/67e6d27877c9cfd6b6dbc74bd852b10bdbe09c3c/PCSX2/crowdin-current-ui-batch29-20260920.json,5e9d99ed74373c2f72a189c1db7205af0fb3f607d18807039efe55821b2dea06,"{""artifact"":""https://crowdin.com/project/pcsx2"",""sha256"":""aed099bf97872e91658da9adae227094c0f88c9e6a001a9c3810a72be3cecc41""}"
d8c6f6281ca42a0f6784924f,Advanced Frame Display,Avancerad bildrutevisning,PCSX2,crowdin-current-ui-batch7-20260920,"EmulationSettingsWidget
../Settings/EmulationSettingsWidget.ui:269
../Settings/EmulationSettingsWidget.cpp:159",,project-context,81265b1494be0e270f663477,reviewed-receipt,https://github.com/yeager/translations/blob/67e6d27877c9cfd6b6dbc74bd852b10bdbe09c3c/PCSX2/crowdin-current-ui-batch7-20260920.json,8c630c03eadaf91965c9d87bc474586df0a53ac156826372c002fcc927248561,"{""artifact"":""https://crowdin.com/project/pcsx2"",""sha256"":""64b5e338b51af1cd84ef1dff00c2231794c062666776a7ce34c8051cef76aba9""}"
d8e6501ecd86b92a1c4a77c0,Includes audio in recordings.,Inkluderar ljud i inspelningar.,PCSX2,crowdin-current-ui-batch63-20260920,"FullscreenUI
../../pcsx2/ImGui/FullscreenUI_Settings.cpp:6269",Publiceringsförsöket nekades enligt det äldre kvittot; texten är ett lokalt granskningsförslag.,project-context,007af416353dfcd221642cbc,reviewed-local,https://github.com/yeager/translations/blob/67e6d27877c9cfd6b6dbc74bd852b10bdbe09c3c/PCSX2/crowdin-current-ui-batch63-20260920.json,08ff78cfcd818cefe89524c4604550c53e468e64909a3ca76a582c3f0c9c5540,"{""artifact"":""https://crowdin.com/project/pcsx2"",""sha256"":""2b2ca8db8a443517bf36ee680daf72a2577f6e5e125039ebfa51a62dcd9cddca""}"
d93f65165ff628c2ab4c8238,Spin CPU During Readbacks,Låt CPU:n snurra under återläsningar,PCSX2,crowdin-current-ui-batch23-20260920,"GraphicsAdvancedSettingsTab
../Settings/GraphicsAdvancedSettingsTab.ui:102",,project-context,fdd9255e6958da9e1a8b6dff,reviewed-receipt,https://github.com/yeager/translations/blob/67e6d27877c9cfd6b6dbc74bd852b10bdbe09c3c/PCSX2/crowdin-current-ui-batch23-20260920.json,94825b8000dc084475f7ee18208d828359829f994a9e4d0dfc9ec3c3d325f60e,"{""artifact"":""https://crowdin.com/project/pcsx2"",""sha256"":""37696b908277e1f6dd4919bd593c1bf4c420edce550842856b4398610ed4cb45""}"
d9795bf63b5614e85897befc,Icon,Ikon,PCSX2,crowdin-current-ui-batch54-20260920,"ShortcutCreationDialog
../ShortcutCreationDialog.ui:353",Publiceringsförsöket nekades enligt det äldre kvittot; texten är ett lokalt granskningsförslag.,project-context,7bad5567520f16e1bd736589,reviewed-local,https://github.com/yeager/translations/blob/67e6d27877c9cfd6b6dbc74bd852b10bdbe09c3c/PCSX2/crowdin-current-ui-batch54-20260920.json,1ea914cd857e948af6e29d5981765e20bf4f3f3bfcd3d14fdfab548fae14eacc,"{""artifact"":""https://crowdin.com/project/pcsx2"",""sha256"":""522cb06929b48dcc9d1427aab35111e3f88136be924b301678a7aec7e41930e5""}"
d98d563fa5d2aeb459fb2791,OSD Font File,OSD-teckensnittsfil,PCSX2,crowdin-current-ui-batch53-20260920,"OSDSettingsWidget
../Settings/OSDSettingsWidget.cpp:94",,project-context,8f036f992b7b45b3c9ad24ed,reviewed-receipt,https://github.com/yeager/translations/blob/67e6d27877c9cfd6b6dbc74bd852b10bdbe09c3c/PCSX2/crowdin-current-ui-batch53-20260920.json,cf9e3a076b0a7a4c9da64198f8216ad33f840f37229f480c53c816b8096dd673,"{""artifact"":""https://crowdin.com/project/pcsx2"",""sha256"":""04702098e6ab6c824290450ac364c07e04132b88ed939528a62775833650ef7f""}"
d9cf9d10b74b6339be24e542,Stop Recording,Stoppa inspelning,PCSX2,crowdin-current-ui-batch64-20260920,"FullscreenUI
../../pcsx2/ImGui/FullscreenUI.cpp:4173",Publiceringsförsöket nekades enligt det äldre kvittot; texten är ett lokalt granskningsförslag.,project-context,be589f00c113ed7d1e679828,reviewed-local,https://github.com/yeager/translations/blob/67e6d27877c9cfd6b6dbc74bd852b10bdbe09c3c/PCSX2/crowdin-current-ui-batch64-20260920.json,3eb6750c0d4249b01cf40b2787e9f2e9792529adfb274d1a979de2495c7acabc,"{""artifact"":""https://crowdin.com/project/pcsx2"",""sha256"":""0ea815ad3a61397b981c0b0e605b5ffcd2ee441ad9aac69c74d9e19d5109e1a2""}"
d9df6d9317c30727b7a14d3d,Sets the audio bitrate.,Anger ljudbithastigheten.,PCSX2,crowdin-current-ui-batch8-20260920,"FullscreenUI
../../pcsx2/ImGui/FullscreenUI_Settings.cpp:6271",,project-context,d68676917a7b2bc0ed47d4e4,reviewed-receipt,https://github.com/yeager/translations/blob/67e6d27877c9cfd6b6dbc74bd852b10bdbe09c3c/PCSX2/crowdin-current-ui-batch8-20260920.json,6d671a2f5891b45d5687714706665353e2ac62d51b8d507209b9c6fd5769ca1f,"{""artifact"":""https://crowdin.com/project/pcsx2"",""sha256"":""515081ee788cec65c21700f95101880290d88cdaeb92ddc986c9711a55cfade0""}"
da3868216f078420042a0b74,Native Scaling,Inbyggd skalning,PCSX2,Crowdin UI,,"Granskad filleverans. Endast färdiga, aktiva översättningar tas med; detta är inte ett påstående om separat registrerat radbeslut för varje oförändrad post.",project-context,ed0d4682f89818d318324ab7,reviewed-file-delivery,https://crowdin.com/project/pcsx2,c5f591f1edc9553e40265bc0be0fe67c8e4252c052a1cf8ecfb524489a5aff60,{}
da65bf6df11fd0d20b406e2a,Adjusts gamma. 50 is normal.,Justerar gamma. 50 är normalt.,PCSX2,crowdin-current-ui-batch20-20260920,"GraphicsSettingsWidget
../Settings/GraphicsSettingsWidget.cpp:725",Publiceringsförsöket nekades enligt det äldre kvittot; texten är ett lokalt granskningsförslag.,project-context,d982cd5b4058b5019d974b5f,reviewed-local,https://github.com/yeager/translations/blob/67e6d27877c9cfd6b6dbc74bd852b10bdbe09c3c/PCSX2/crowdin-current-ui-batch20-20260920.json,b9f3010178fb1ba2ee5cb59570e69caac32abf9f9b7229bf26b14b3a321dc236,"{""artifact"":""https://crowdin.com/project/pcsx2"",""sha256"":""6be1eddba5fc054efb9529d2928ce5186baaa9d2c33986fa38d3c8ce8283682f""}"
da7054bbb6f74aa782be8d32,Choose Local File...,Välj lokal fil …,PCSX2,crowdin-current-ui-batch54-20260920,"OsdFontPickerDialog
../Settings/OsdFontPickerDialog.ui:243",,project-context,055b9b4fc26a021b1fe64b36,reviewed-receipt,https://github.com/yeager/translations/blob/67e6d27877c9cfd6b6dbc74bd852b10bdbe09c3c/PCSX2/crowdin-current-ui-batch54-20260920.json,1ea914cd857e948af6e29d5981765e20bf4f3f3bfcd3d14fdfab548fae14eacc,"{""artifact"":""https://crowdin.com/project/pcsx2"",""sha256"":""e386a7d679805a4e89b3c57aaea7686efe2dfabd6eb140736f0c022af9e49d84""}"
dae60276a40f8cef8469e3c4,empty title,tom titel,PCSX2,crowdin-current-ui-batch34-20260920,"FullscreenUI
../../pcsx2/ImGui/FullscreenUI.cpp:4054",Publiceringsförsöket nekades enligt det äldre kvittot; texten är ett lokalt granskningsförslag.,project-context,c61748bb25bd768c942be296,reviewed-local,https://github.com/yeager/translations/blob/67e6d27877c9cfd6b6dbc74bd852b10bdbe09c3c/PCSX2/crowdin-current-ui-batch34-20260920.json,8d6bc4cd53749b6ed56459f38c0244781001a3de538ab116fa6b6c047f93e6ed,"{""artifact"":""https://crowdin.com/project/pcsx2"",""sha256"":""3abd4b92c199915c1e33118827b3fb1d9ec344a227b426173336d678e9454701""}"
db3c233eb3014dd04da40218,Left (Default),Vänster (standard),PCSX2,crowdin-current-ui-batch53-20260920,"OSDSettingsWidget
../Settings/OSDSettingsWidget.cpp:97",Publiceringsförsöket nekades enligt det äldre kvittot; texten är ett lokalt granskningsförslag.,project-context,f04318c213f1c374f3ea73ab,reviewed-local,https://github.com/yeager/translations/blob/67e6d27877c9cfd6b6dbc74bd852b10bdbe09c3c/PCSX2/crowdin-current-ui-batch53-20260920.json,cf9e3a076b0a7a4c9da64198f8216ad33f840f37229f480c53c816b8096dd673,"{""artifact"":""https://crowdin.com/project/pcsx2"",""sha256"":""4414d83fe21d178cb34f34af308b32e1a35c1178595eebccc42bec81afdd6bca""}"
db4a4c4e35b2bef7a418c777,Show Overscan,Visa overscan,PCSX2,crowdin-current-ui-batch23-20260920,"GraphicsDisplaySettingsTab
../Settings/GraphicsDisplaySettingsTab.ui:86",Publiceringsförsöket nekades enligt det äldre kvittot; texten är ett lokalt granskningsförslag.,project-context,02eb3b7f6b95acbd42008a7d,reviewed-local,https://github.com/yeager/translations/blob/67e6d27877c9cfd6b6dbc74bd852b10bdbe09c3c/PCSX2/crowdin-current-ui-batch23-20260920.json,94825b8000dc084475f7ee18208d828359829f994a9e4d0dfc9ec3c3d325f60e,"{""artifact"":""https://crowdin.com/project/pcsx2"",""sha256"":""f7cd325ac339ede3132af4c1d0cba5cd95ea9e4ecf8243a652e2cb9c2d4ba07b""}"
db70a3dc2f8bcbf16bedb80b,Select a File,Välj en fil,PCSX2,crowdin-current-ui-batch46-20260920,"MainWindow
../MainWindow.cpp:2419",Publiceringsförsöket nekades enligt det äldre kvittot; texten är ett lokalt granskningsförslag.,project-context,c9fcc78f7d6202feeb7e3b76,reviewed-local,https://github.com/yeager/translations/blob/67e6d27877c9cfd6b6dbc74bd852b10bdbe09c3c/PCSX2/crowdin-current-ui-batch46-20260920.json,5fd49be2672b59f0daff08c9e08a881d25eb868891d139d395ea94a1aba23434,"{""artifact"":""https://crowdin.com/project/pcsx2"",""sha256"":""9520cced4b32d61c8ae7f33fabfa058103fb2a09c0e289f796d52e2c84c27116""}"
db7b96ab57ccd58c69f48466,mVU Flag Hack,mVU-flagghack,PCSX2,crowdin-current-ui-batch57-20260920,"FullscreenUI
../../pcsx2/ImGui/FullscreenUI_Settings.cpp:7064",,project-context,3dc91ae93bfa453d91c35601,reviewed-receipt,https://github.com/yeager/translations/blob/67e6d27877c9cfd6b6dbc74bd852b10bdbe09c3c/PCSX2/crowdin-current-ui-batch57-20260920.json,5c871fa681fe60ac837787f04a021e0897b135316665fb1695de5041b8a5e637,"{""artifact"":""https://crowdin.com/project/pcsx2"",""sha256"":""66668d0076d62bd3d9008e26016062a177d176bd4ab15be779975b7c10c3b598""}"
db9855385223a4d6901417f3,Apply Widescreen Patches,Tillämpa bredbildspatchar,PCSX2,crowdin-current-ui-batch55-20260920,"GraphicsSettingsWidget
../Settings/GraphicsSettingsWidget.cpp:422",Publiceringsförsöket nekades enligt det äldre kvittot; texten är ett lokalt granskningsförslag.,project-context,fa941b4f0277816918ac79d9,reviewed-local,https://github.com/yeager/translations/blob/67e6d27877c9cfd6b6dbc74bd852b10bdbe09c3c/PCSX2/crowdin-current-ui-batch55-20260920.json,eef7fecf9007fb67b7321b88ecfd43d8a1e78e3c19d6b14ffe23010d7cdbe6b1,"{""artifact"":""https://crowdin.com/project/pcsx2"",""sha256"":""4ded69d54d440fd46d3ad5267e0a9c8cecec9a01d936f59f7f8f0612c6347c99""}"
dbbd7edad89fa4ef481bf63d,Anisotropic Filtering:,Anisotrop filtrering:,PCSX2,crowdin-current-ui-batch25-20260920,"GraphicsHardwareRenderingSettingsTab
../Settings/GraphicsHardwareRenderingSettingsTab.ui:93",,project-context,83456baed5015d7e406e8953,reviewed-receipt,https://github.com/yeager/translations/blob/67e6d27877c9cfd6b6dbc74bd852b10bdbe09c3c/PCSX2/crowdin-current-ui-batch25-20260920.json,c686e808bea1ecea795d6bd0a3871f9ea94959e30276601f8efafda34c283479,"{""artifact"":""https://crowdin.com/project/pcsx2"",""sha256"":""bcf10d20e07b96567882bbe9ef9710f6730d7da265c792e5587eaa623501130c""}"
dc1723012a6bb0b6984222dc,Scan Range End Address,Slutadress för sökintervall,PCSX2,crowdin-current-ui-batch60-20260920,"DebugAnalysisSettingsWidget
../Settings/DebugAnalysisSettingsWidget.cpp:152",,project-context,1f279b24ee9067ad08d10de1,reviewed-receipt,https://github.com/yeager/translations/blob/67e6d27877c9cfd6b6dbc74bd852b10bdbe09c3c/PCSX2/crowdin-current-ui-batch60-20260920.json,8c6cbd32b1310e0a049b06bc12d78c06699e0e814d471dcdf308e46e1f1388d6,"{""artifact"":""https://crowdin.com/project/pcsx2"",""sha256"":""a078d7fbc7c001924e0763fb4ee78919566b3b27ba0a67ec818483c2df8f1502""}"
dc4d494cc42f96fea5ae1089,Downloading covers...,Hämtar omslag …,PCSX2,crowdin-current-ui-batch56-20260920,"FullscreenUI
../../pcsx2/ImGui/FullscreenUI.cpp:4109",,project-context,b89ff647b0f0a3ea941bcbd2,reviewed-receipt,https://github.com/yeager/translations/blob/67e6d27877c9cfd6b6dbc74bd852b10bdbe09c3c/PCSX2/crowdin-current-ui-batch56-20260920.json,e544f4e37b292a5a59167a947672fb099eeaff33c9d732c3cd8e9184cd9a4307,"{""artifact"":""https://crowdin.com/project/pcsx2"",""sha256"":""616eb69b7d4e58694de5700a4284470fcb51a426cd3aec7c93f772042378703d""}"
dc505e253c0c09742524e81d,--- Separator ---,--- Avgränsare ---,PCSX2,crowdin-current-ui-batch64-20260920,"ToolbarCustomizationDialog
../ToolbarCustomizationDialog.cpp:62
../ToolbarCustomizationDialog.cpp:171",Publiceringsförsöket nekades enligt det äldre kvittot; texten är ett lokalt granskningsförslag.,project-context,4cecf75602d249bff790b3e1,reviewed-local,https://github.com/yeager/translations/blob/67e6d27877c9cfd6b6dbc74bd852b10bdbe09c3c/PCSX2/crowdin-current-ui-batch64-20260920.json,3eb6750c0d4249b01cf40b2787e9f2e9792529adfb274d1a979de2495c7acabc,"{""artifact"":""https://crowdin.com/project/pcsx2"",""sha256"":""5c82ba16e0246c5ee2c53beb8f1589585c7a3868b304d31e0f5b3eab794e6892""}"
dcc8f5415e7d250980a95cc8,Reset,Återställ,PCSX2,crowdin-current-ui-batch54-20260920,"ShortcutCreationDialog
../ShortcutCreationDialog.ui:372",Publiceringsförsöket nekades enligt det äldre kvittot; texten är ett lokalt granskningsförslag.,project-context,4e76c5d578700beba9f17b44,reviewed-local,https://github.com/yeager/translations/blob/67e6d27877c9cfd6b6dbc74bd852b10bdbe09c3c/PCSX2/crowdin-current-ui-batch54-20260920.json,1ea914cd857e948af6e29d5981765e20bf4f3f3bfcd3d14fdfab548fae14eacc,"{""artifact"":""https://crowdin.com/project/pcsx2"",""sha256"":""523db10b6ee2feff8bcb316ea7ee05e6fcb0fcc65e1cbea43a726f5f59f3138c""}"
dd1ccd57354921bd605a806c,Framebuffer Conversion,Konvertering av rambuffert,PCSX2,crowdin-current-ui-batch13-20260920,"GraphicsHardwareFixesSettingsTab
../Settings/GraphicsHardwareFixesSettingsTab.ui:333",,project-context,78485ee773c074b227f0bc76,reviewed-receipt,https://github.com/yeager/translations/blob/67e6d27877c9cfd6b6dbc74bd852b10bdbe09c3c/PCSX2/crowdin-current-ui-batch13-20260920.json,623ec591b5fcb41c8d897353bf192b4285c0b8b4a6be7d0f716afe784de07e1d,"{""artifact"":""https://crowdin.com/project/pcsx2"",""sha256"":""a828cef5cd16e789135211c10c226d589ef606d431b7110f2132ef09e8e463b1""}"
dd46a1b44877846843f9b964,ELF Section Headers,ELF-sektionshuvuden,PCSX2,crowdin-current-ui-batch29-20260920,"SymbolGuardian
../../pcsx2/DebugTools/SymbolGuardian.cpp:225",,project-context,50ff1fc724ed84f0fa116014,reviewed-receipt,https://github.com/yeager/translations/blob/67e6d27877c9cfd6b6dbc74bd852b10bdbe09c3c/PCSX2/crowdin-current-ui-batch29-20260920.json,5e9d99ed74373c2f72a189c1db7205af0fb3f607d18807039efe55821b2dea06,"{""artifact"":""https://crowdin.com/project/pcsx2"",""sha256"":""f902e670bf87753ae98f681213af8a6c9ba6d4268c87156887c22d3227d440ca""}"
dd6170946c3e777f2af6164e,Debugging Options,Felsökningsalternativ,PCSX2,crowdin-current-ui-batch23-20260920,"GraphicsAdvancedSettingsTab
../Settings/GraphicsAdvancedSettingsTab.ui:274",Publiceringsförsöket nekades enligt det äldre kvittot; texten är ett lokalt granskningsförslag.,project-context,a8e388202378c03eb4a02510,reviewed-local,https://github.com/yeager/translations/blob/67e6d27877c9cfd6b6dbc74bd852b10bdbe09c3c/PCSX2/crowdin-current-ui-batch23-20260920.json,94825b8000dc084475f7ee18208d828359829f994a9e4d0dfc9ec3c3d325f60e,"{""artifact"":""https://crowdin.com/project/pcsx2"",""sha256"":""d0c1928830c134295d007d2aa36259dd829e070a4a921e8aaf61865363e38193""}"
dd66babba3630128bc0d0cac,Screenshot Resolution,Upplösning för skärmbild,PCSX2,crowdin-current-ui-batch19-20260920,"GraphicsSettingsWidget
../Settings/GraphicsSettingsWidget.cpp:461",Publiceringsförsöket nekades enligt det äldre kvittot; texten är ett lokalt granskningsförslag.,project-context,b88a3e2767bae18def159f21,reviewed-local,https://github.com/yeager/translations/blob/67e6d27877c9cfd6b6dbc74bd852b10bdbe09c3c/PCSX2/crowdin-current-ui-batch19-20260920.json,17ccc6616b1cef815b61276809e4efb6b66f1930c7e5c53901c22a4c000bffb9,"{""artifact"":""https://crowdin.com/project/pcsx2"",""sha256"":""3f6ad6696d28765e25e22596216f2d9478ce2b6397cf119ce2314e0d4d162fe6""}"
dd6d6468317c3e1748f367bf,Fullscreen Mode:,Helskärmsläge:,PCSX2,crowdin-current-ui-batch24-20260920,"GraphicsDisplaySettingsTab
../Settings/GraphicsDisplaySettingsTab.ui:163",Publiceringsförsöket nekades enligt det äldre kvittot; texten är ett lokalt granskningsförslag.,project-context,dca5f1bb31271f197341e7e9,reviewed-local,https://github.com/yeager/translations/blob/67e6d27877c9cfd6b6dbc74bd852b10bdbe09c3c/PCSX2/crowdin-current-ui-batch24-20260920.json,ee2587e30ef9f54541bdbfb4dfcf7512e05bd487cd41e18f4834c7ff3b6d4915,"{""artifact"":""https://crowdin.com/project/pcsx2"",""sha256"":""17c15429439b38270044aba0894de013bca4d00aceb5c037dd72a95854fe3868""}"
dd8519bace686bc755b162b3,Invalid Log Format,Ogiltigt loggformat,PCSX2,crowdin-current-ui-batch9-20260920,"BreakpointDialog
../Debugger/Breakpoints/BreakpointDialog.cpp:129
../Debugger/Breakpoints/BreakpointDialog.cpp:185",Publiceringsförsöket nekades enligt det äldre kvittot; texten är ett lokalt granskningsförslag.,project-context,7f98a8ec608fbff972f031b2,reviewed-local,https://github.com/yeager/translations/blob/67e6d27877c9cfd6b6dbc74bd852b10bdbe09c3c/PCSX2/crowdin-current-ui-batch9-20260920.json,134204bdde884be3c2722090609773e05cd73b495e902e6f39659aa156be0139,"{""artifact"":""https://crowdin.com/project/pcsx2"",""sha256"":""167e4e91be0bcb427738ce961dc825ecdd0b0d904b1728d952d376eb266ea801""}"
dd8a13e7d0346a58c049b9d3,Disable Depth Conversion,Inaktivera djupkonvertering,PCSX2,crowdin-current-ui-batch25-20260920,"GraphicsHardwareFixesSettingsTab
../Settings/GraphicsHardwareFixesSettingsTab.ui:326",Publiceringsförsöket nekades enligt det äldre kvittot; texten är ett lokalt granskningsförslag.,project-context,e3f5893a2a27db0d6d3927cd,reviewed-local,https://github.com/yeager/translations/blob/67e6d27877c9cfd6b6dbc74bd852b10bdbe09c3c/PCSX2/crowdin-current-ui-batch25-20260920.json,c686e808bea1ecea795d6bd0a3871f9ea94959e30276601f8efafda34c283479,"{""artifact"":""https://crowdin.com/project/pcsx2"",""sha256"":""49a5c2fba68da6eca9fec988ac5997990c0edb2b385494e132183af50e161143""}"
ddb5c5ab179d3103eb073958,Swap Memory Cards,Byt minneskort,PCSX2,Crowdin UI,,"Granskad filleverans. Endast färdiga, aktiva översättningar tas med; detta är inte ett påstående om separat registrerat radbeslut för varje oförändrad post.",project-context,a55c25a13beadc05ea9f4036,reviewed-file-delivery,https://crowdin.com/project/pcsx2,c5f591f1edc9553e40265bc0be0fe67c8e4252c052a1cf8ecfb524489a5aff60,{}
ddc5c3121ce74c6e127458fb,Achievement Unlock Sound,Ljud vid upplåsning av prestation,PCSX2,crowdin-current-ui-batch57-20260920,"FullscreenUI
../../pcsx2/ImGui/FullscreenUI_Settings.cpp:6995",,project-context,002f5ac8a67a1d47a5a2aea1,reviewed-receipt,https://github.com/yeager/translations/blob/67e6d27877c9cfd6b6dbc74bd852b10bdbe09c3c/PCSX2/crowdin-current-ui-batch57-20260920.json,5c871fa681fe60ac837787f04a021e0897b135316665fb1695de5041b8a5e637,"{""artifact"":""https://crowdin.com/project/pcsx2"",""sha256"":""b5a0afc8b56a5d37784af44b8495b38ca1fbbdb5d3b57e6402fbc325970e754d""}"
ddef2b79838109a65dd0867a,Slow-Motion,Långsam uppspelning,PCSX2,crowdin-current-ui-batch58-20260920,"MainWindow
../MainWindow.cpp:400",,project-context,4eb4d4fe2f6d93f9a26b1497,reviewed-receipt,https://github.com/yeager/translations/blob/67e6d27877c9cfd6b6dbc74bd852b10bdbe09c3c/PCSX2/crowdin-current-ui-batch58-20260920.json,63dc6922c386d319276df2094a26afd341a8755f207ce8908444de581c157b66,"{""artifact"":""https://crowdin.com/project/pcsx2"",""sha256"":""0f431409d583adad2bd571ff6cc538ea2e88c2772133fb0da78647a49f82c088""}"
de77167068a519e9a33ee725,Nearest (Default),Närmaste (standard),PCSX2,crowdin-current-ui-batch56-20260920,"FullscreenUI
../../pcsx2/ImGui/FullscreenUI_Settings.cpp:6730",,project-context,8ce517efc6113ef37104df20,reviewed-receipt,https://github.com/yeager/translations/blob/67e6d27877c9cfd6b6dbc74bd852b10bdbe09c3c/PCSX2/crowdin-current-ui-batch56-20260920.json,e544f4e37b292a5a59167a947672fb099eeaff33c9d732c3cd8e9184cd9a4307,"{""artifact"":""https://crowdin.com/project/pcsx2"",""sha256"":""6c8a027a83279a31e59704fe76aab5578434950e11e6235469eb5dcc3cb3a745""}"
deaf26194cd7ec3df71d5f86,Top Center,Överst i mitten,PCSX2,crowdin-current-ui-batch53-20260920,"OSDSettingsWidget
../Settings/OSDSettingsWidget.ui:105
../Settings/OSDSettingsWidget.ui:169",Publiceringsförsöket nekades enligt det äldre kvittot; texten är ett lokalt granskningsförslag.,project-context,75ba4807b30269c8d586cbe8,reviewed-local,https://github.com/yeager/translations/blob/67e6d27877c9cfd6b6dbc74bd852b10bdbe09c3c/PCSX2/crowdin-current-ui-batch53-20260920.json,cf9e3a076b0a7a4c9da64198f8216ad33f840f37229f480c53c816b8096dd673,"{""artifact"":""https://crowdin.com/project/pcsx2"",""sha256"":""9e9f649d2d46a059f3a765d43f25ae38b4af96bf2922a1595cd08555afac70a7""}"
deb7d974e1e80be3c22511a1,DNS2 Address,DNS2-adress,PCSX2,crowdin-current-ui-batch60-20260920,"DEV9SettingsWidget
../Settings/DEV9SettingsWidget.cpp:218",Publiceringsförsöket nekades enligt det äldre kvittot; texten är ett lokalt granskningsförslag.,project-context,12ba633a96207403f6d81390,reviewed-local,https://github.com/yeager/translations/blob/67e6d27877c9cfd6b6dbc74bd852b10bdbe09c3c/PCSX2/crowdin-current-ui-batch60-20260920.json,8c6cbd32b1310e0a049b06bc12d78c06699e0e814d471dcdf308e46e1f1388d6,"{""artifact"":""https://crowdin.com/project/pcsx2"",""sha256"":""b437f6ca6d6dce6d6784cd5f7d8eee3f122728f2742019c5b93ae16f58a51aa3""}"
dec85ae6ec1eb7ca27566e7a,Skip Draw Range End,Slut för intervall med hoppade ritytor,PCSX2,crowdin-current-ui-batch46-20260920,"GraphicsSettingsWidget
../Settings/GraphicsSettingsWidget.cpp:594",,project-context,2979c48e77510d552e61fa88,reviewed-receipt,https://github.com/yeager/translations/blob/67e6d27877c9cfd6b6dbc74bd852b10bdbe09c3c/PCSX2/crowdin-current-ui-batch46-20260920.json,5fd49be2672b59f0daff08c9e08a881d25eb868891d139d395ea94a1aba23434,"{""artifact"":""https://crowdin.com/project/pcsx2"",""sha256"":""549045a184c5961c694f305ca5bf05e42ba1ea97295bb25f7da54d543bdeb395""}"
df4092289245d7384759d924,Trilinear (Forced),Trilinjär (tvingad),PCSX2,crowdin-current-ui-batch26-20260920,"GraphicsHardwareRenderingSettingsTab
../Settings/GraphicsHardwareRenderingSettingsTab.ui:203",,project-context,6d12689279d39dc0332be99a,reviewed-receipt,https://github.com/yeager/translations/blob/67e6d27877c9cfd6b6dbc74bd852b10bdbe09c3c/PCSX2/crowdin-current-ui-batch26-20260920.json,49be151dc9918b0d30da49c790d627c159af0560d66be018b2a4920b716f4063,"{""artifact"":""https://crowdin.com/project/pcsx2"",""sha256"":""e1db4c22da9fd3b31c3d00f2a0736c9a0bacd0a34df937ece9955a5f35cfbc04""}"
df43ae76820c031ca96e0edb,Graphics API:,Grafik-API:,PCSX2,crowdin-current-ui-batch30-20260920,"GraphicsSettingsHeader
../Settings/GraphicsSettingsHeader.ui:26",Publiceringsförsöket nekades enligt det äldre kvittot; texten är ett lokalt granskningsförslag.,project-context,a42a515257341e7f5e798e32,reviewed-local,https://github.com/yeager/translations/blob/67e6d27877c9cfd6b6dbc74bd852b10bdbe09c3c/PCSX2/crowdin-current-ui-batch30-20260920.json,d4af30d773c2d445fd558ede29e0c75536433129a2aa3de962c902c53c53d27e,"{""artifact"":""https://crowdin.com/project/pcsx2"",""sha256"":""85bbfd591f1dd5145ed8bd8585b97a0dd60151f3aae7b3d910c001e5eb9a4b66""}"
df49e44e3a8e108252910db7,Aggressive,Aggressiv,PCSX2,crowdin-current-ui-batch28-20260920,"GraphicsUpscalingFixesSettingsTab
../Settings/GraphicsUpscalingFixesSettingsTab.ui:136",Publiceringsförsöket nekades enligt det äldre kvittot; texten är ett lokalt granskningsförslag.,project-context,2265776afc3321b661bb669d,reviewed-local,https://github.com/yeager/translations/blob/67e6d27877c9cfd6b6dbc74bd852b10bdbe09c3c/PCSX2/crowdin-current-ui-batch28-20260920.json,6edf9357e080f44b992185b2f688a80546a47f78b1e6dc7048d1fa1c764180b5,"{""artifact"":""https://crowdin.com/project/pcsx2"",""sha256"":""d464becdb22918d5e9b0e6fbaca1fc507179b5113ff1b830ee6807634738f632""}"
e01f0fc3476e7dfbaaba9a73,Dump FMV Textures,Dumpa FMV-texturer,PCSX2,crowdin-current-ui-batch27-20260920,"GraphicsTextureReplacementSettingsTab
../Settings/GraphicsTextureReplacementSettingsTab.ui:61",Publiceringsförsöket nekades enligt det äldre kvittot; texten är ett lokalt granskningsförslag.,project-context,fedcef8fe978e221f8e4eedf,reviewed-local,https://github.com/yeager/translations/blob/67e6d27877c9cfd6b6dbc74bd852b10bdbe09c3c/PCSX2/crowdin-current-ui-batch27-20260920.json,daf14a4c22835aeb84f9a6f6d33a6c69ac188b84259e32a73fa4a47caa65dc63,"{""artifact"":""https://crowdin.com/project/pcsx2"",""sha256"":""42dfddfd26d37af9bbb822f2c00d877b58cd909d9799302defd1228c66420b37""}"
e0256c0679fdf1c12f30d5b8,Save Video Recordings in Game-Specific Folders,Spara videoinspelningar i spelspecifika mappar,PCSX2,crowdin-current-ui-batch57-20260920,"FullscreenUI
../../pcsx2/ImGui/FullscreenUI_Settings.cpp:7039",,project-context,d12f7b69a3fb1a8f679f383a,reviewed-receipt,https://github.com/yeager/translations/blob/67e6d27877c9cfd6b6dbc74bd852b10bdbe09c3c/PCSX2/crowdin-current-ui-batch57-20260920.json,5c871fa681fe60ac837787f04a021e0897b135316665fb1695de5041b8a5e637,"{""artifact"":""https://crowdin.com/project/pcsx2"",""sha256"":""bb8447977e980786f7b23c403c19f84e857aa82da3bbb9f46b346eab93797f02""}"
e028236d2843768ceaf6efbc,15x Native (~5400px),15× inbyggd (~5400 px),PCSX2,Crowdin UI,,"Granskad filleverans. Endast färdiga, aktiva översättningar tas med; detta är inte ett påstående om separat registrerat radbeslut för varje oförändrad post.",project-context,370d83e626dfb674ac8b2cab,reviewed-file-delivery,https://crowdin.com/project/pcsx2,c5f591f1edc9553e40265bc0be0fe67c8e4252c052a1cf8ecfb524489a5aff60,{}
e0617bdbc6d9f8ce28c78667,Capture Audio,Spela in ljud,PCSX2,crowdin-current-ui-batch63-20260920,"FullscreenUI
../../pcsx2/ImGui/FullscreenUI_Settings.cpp:6891",Publiceringsförsöket nekades enligt det äldre kvittot; texten är ett lokalt granskningsförslag.,project-context,0f3078e948c4cfcebba19fca,reviewed-local,https://github.com/yeager/translations/blob/67e6d27877c9cfd6b6dbc74bd852b10bdbe09c3c/PCSX2/crowdin-current-ui-batch63-20260920.json,08ff78cfcd818cefe89524c4604550c53e468e64909a3ca76a582c3f0c9c5540,"{""artifact"":""https://crowdin.com/project/pcsx2"",""sha256"":""38328e879b10f2d9c58a55d26e31c3ff6be04f0d0d9fc317f636b439f3cb84b1""}"
e061da372210730eb24c1c91,Show FPS,Visa FPS,PCSX2,crowdin-current-ui-batch53-20260920,"OSDSettingsWidget
../Settings/OSDSettingsWidget.ui:449
../Settings/OSDSettingsWidget.cpp:107",,project-context,bf260519350700803bb22ee9,reviewed-receipt,https://github.com/yeager/translations/blob/67e6d27877c9cfd6b6dbc74bd852b10bdbe09c3c/PCSX2/crowdin-current-ui-batch53-20260920.json,cf9e3a076b0a7a4c9da64198f8216ad33f840f37229f480c53c816b8096dd673,"{""artifact"":""https://crowdin.com/project/pcsx2"",""sha256"":""ce7a23ad1ec539b3194ce0141d104129c6e39b7618330cc2f6c47e175dc8a44b""}"
e079c07a27d1be625ac6d787,Internal Resolution (No Aspect Correction),Intern upplösning (ingen korrigering av bildförhållande),PCSX2,crowdin-current-ui-batch26-20260920,"GraphicsMediaCaptureSettingsTab
../Settings/GraphicsMediaCaptureSettingsTab.ui:55",,project-context,3fc1dcc3ca6e595bed69e109,reviewed-receipt,https://github.com/yeager/translations/blob/67e6d27877c9cfd6b6dbc74bd852b10bdbe09c3c/PCSX2/crowdin-current-ui-batch26-20260920.json,49be151dc9918b0d30da49c790d627c159af0560d66be018b2a4920b716f4063,"{""artifact"":""https://crowdin.com/project/pcsx2"",""sha256"":""8963b41865081f0f0199d111ca18fc5b74ee5bb1ff96dfef4f164a700e38da5f""}"
e0f70d7044edf22468230220,Subsets,Delmängder,PCSX2,crowdin-current-ui-batch56-20260920,"Achievements
../../pcsx2/Achievements.cpp:2553
../../pcsx2/Achievements.cpp:2572",,project-context,298dd7fd1831e3a0f2f528fc,reviewed-receipt,https://github.com/yeager/translations/blob/67e6d27877c9cfd6b6dbc74bd852b10bdbe09c3c/PCSX2/crowdin-current-ui-batch56-20260920.json,e544f4e37b292a5a59167a947672fb099eeaff33c9d732c3cd8e9184cd9a4307,"{""artifact"":""https://crowdin.com/project/pcsx2"",""sha256"":""23dbce37b78a8c49cbcd5df03709c7b9c18e71d7f9b8dc5022f0916da6b378ac""}"
e105690dde0fd1e1b788c23b,Enable Multithreaded VU1 (MTVU),Aktivera flertrådad VU1 (MTVU),PCSX2,crowdin-current-ui-batch56-20260920,"FullscreenUI
../../pcsx2/ImGui/FullscreenUI_Settings.cpp:6791",,project-context,0062250ab3768239d49e0b5e,reviewed-receipt,https://github.com/yeager/translations/blob/67e6d27877c9cfd6b6dbc74bd852b10bdbe09c3c/PCSX2/crowdin-current-ui-batch56-20260920.json,e544f4e37b292a5a59167a947672fb099eeaff33c9d732c3cd8e9184cd9a4307,"{""artifact"":""https://crowdin.com/project/pcsx2"",""sha256"":""8cb3dd6aec64dd4cefd94829cc51e4f52be8b5aaeaedce21ce35effc994c4136""}"
e131ec640cd589bd64187292,Fast-Forward Speed,Snabbspolningshastighet,PCSX2,crowdin-current-ui-batch56-20260920,"FullscreenUI
../../pcsx2/ImGui/FullscreenUI_Settings.cpp:6787",,project-context,b3b7fa64a01f53d478d6bb55,reviewed-receipt,https://github.com/yeager/translations/blob/67e6d27877c9cfd6b6dbc74bd852b10bdbe09c3c/PCSX2/crowdin-current-ui-batch56-20260920.json,e544f4e37b292a5a59167a947672fb099eeaff33c9d732c3cd8e9184cd9a4307,"{""artifact"":""https://crowdin.com/project/pcsx2"",""sha256"":""4389cedbf8c5429d410494617b90933dfa88c68bc1f4ee095ff8cb0341a69e31""}"
e17273d8e35e2f7798f4618c,3 Seconds,3 sekunder,PCSX2,crowdin-current-ui-batch59-20260920,"AchievementSettingsWidget
../Settings/AchievementSettingsWidget.cpp:57
../Settings/AchievementSettingsWidget.cpp:59",Publiceringsförsöket nekades enligt det äldre kvittot; texten är ett lokalt granskningsförslag.,project-context,7f0956ef2c52823c9f8f9734,reviewed-local,https://github.com/yeager/translations/blob/67e6d27877c9cfd6b6dbc74bd852b10bdbe09c3c/PCSX2/crowdin-current-ui-batch59-20260920.json,9f38fdcde8389b4381406c889374f3d78d817dcfb9ea2ab1119de66a68266465,"{""artifact"":""https://crowdin.com/project/pcsx2"",""sha256"":""f16a4a8405ecd303ad5121bc3574eb201975ffdd9ce5b4fe3c1a4b500cbc3e05""}"
e179b07b96c48b51c0260875,Show Texture Replacement Status,Visa status för textersättning,PCSX2,crowdin-current-ui-batch53-20260920,"OSDSettingsWidget
../Settings/OSDSettingsWidget.ui:421
../Settings/OSDSettingsWidget.cpp:160",,project-context,8e8ec1916240f1fc72110551,reviewed-receipt,https://github.com/yeager/translations/blob/67e6d27877c9cfd6b6dbc74bd852b10bdbe09c3c/PCSX2/crowdin-current-ui-batch53-20260920.json,cf9e3a076b0a7a4c9da64198f8216ad33f840f37229f480c53c816b8096dd673,"{""artifact"":""https://crowdin.com/project/pcsx2"",""sha256"":""7e2c4e6c5c958c62ec6d95cb6070bd8b2e25a0ddf70d69def94a1686765adbfb""}"
e1a3c8dc525de5e35ca7b60d,Basic (Recommended),Grundläggande (rekommenderas),PCSX2,crowdin-current-ui-batch13-20260920,"GraphicsHardwareRenderingSettingsTab
../Settings/GraphicsHardwareRenderingSettingsTab.ui:159",,project-context,1bb2dd72909e0db8f20d705b,reviewed-receipt,https://github.com/yeager/translations/blob/67e6d27877c9cfd6b6dbc74bd852b10bdbe09c3c/PCSX2/crowdin-current-ui-batch13-20260920.json,623ec591b5fcb41c8d897353bf192b4285c0b8b4a6be7d0f716afe784de07e1d,"{""artifact"":""https://crowdin.com/project/pcsx2"",""sha256"":""86381963c0744e2b9b46ed26fe558bcb07629709bdb8ceeb3ca35459867a7f8d""}"
e2140d20c9e2851bb442fdcd,Clear OSD Font Override,Rensa åsidosättning av OSD-teckensnitt,PCSX2,Crowdin UI,,"Granskad filleverans. Endast färdiga, aktiva översättningar tas med; detta är inte ett påstående om separat registrerat radbeslut för varje oförändrad post.",project-context,9180e212a2e7d8028fe48c4d,reviewed-file-delivery,https://crowdin.com/project/pcsx2,c5f591f1edc9553e40265bc0be0fe67c8e4252c052a1cf8ecfb524489a5aff60,{}
e25ee8516811629b589bb5a8,Backend,Bakände,PCSX2,crowdin-current-ui-batch57-20260920,"FullscreenUI
../../pcsx2/ImGui/FullscreenUI_Settings.cpp:6941",,project-context,dbaffcbd2563087bf12a8304,reviewed-receipt,https://github.com/yeager/translations/blob/67e6d27877c9cfd6b6dbc74bd852b10bdbe09c3c/PCSX2/crowdin-current-ui-batch57-20260920.json,5c871fa681fe60ac837787f04a021e0897b135316665fb1695de5041b8a5e637,"{""artifact"":""https://crowdin.com/project/pcsx2"",""sha256"":""7316cdac867c4a7bdcbaa6cabd3dea8f32be9e13829a07050c767a85586c7a29""}"
e282627acec94f32efb8e888,OSD Scale,OSD-skala,PCSX2,crowdin-current-ui-batch53-20260920,"OSDSettingsWidget
../Settings/OSDSettingsWidget.cpp:89",Publiceringsförsöket nekades enligt det äldre kvittot; texten är ett lokalt granskningsförslag.,project-context,27f530a7db735f03f17051ca,reviewed-local,https://github.com/yeager/translations/blob/67e6d27877c9cfd6b6dbc74bd852b10bdbe09c3c/PCSX2/crowdin-current-ui-batch53-20260920.json,cf9e3a076b0a7a4c9da64198f8216ad33f840f37229f480c53c816b8096dd673,"{""artifact"":""https://crowdin.com/project/pcsx2"",""sha256"":""8705a1069c49a36cd30b6ac60e4ec904ff526bfefa2a7c963ce5684dbe1f5c1d""}"
e2897f3bf1036f2914ea838a,Selection and Preview,Val och förhandsgranskning,PCSX2,Crowdin UI,,"Granskad filleverans. Endast färdiga, aktiva översättningar tas med; detta är inte ett påstående om separat registrerat radbeslut för varje oförändrad post.",project-context,aa686e443a44f23b09605901,reviewed-file-delivery,https://crowdin.com/project/pcsx2,c5f591f1edc9553e40265bc0be0fe67c8e4252c052a1cf8ecfb524489a5aff60,{}
e2aa51eecf784e1760bc0433,Bilinear Dirty Upscale,Bilinär uppskalning med smutsig filtrering,PCSX2,crowdin-current-ui-batch10-20260920,"FullscreenUI
../../pcsx2/ImGui/FullscreenUI_Settings.cpp:6857",,project-context,4f7ed9ab1b957887a328db66,reviewed-receipt,https://github.com/yeager/translations/blob/67e6d27877c9cfd6b6dbc74bd852b10bdbe09c3c/PCSX2/crowdin-current-ui-batch10-20260920.json,3c14ee97d43ded3046a999eef4784f22e73a1576e3b07915345f50e5fc2d9296,"{""artifact"":""https://crowdin.com/project/pcsx2"",""sha256"":""012357ef28b6017345ceef20dbb4ab52436c3cb096f1eead3f9ef0fa64e39138""}"
e2d9433e099643199d63c8e4,Tile,Ruta,PCSX2,crowdin-current-ui-batch47-20260920,"FullscreenUI
../../pcsx2/ImGui/FullscreenUI_Settings.cpp:6543",,project-context,8b054a08e477d3d86cb0252a,reviewed-receipt,https://github.com/yeager/translations/blob/67e6d27877c9cfd6b6dbc74bd852b10bdbe09c3c/PCSX2/crowdin-current-ui-batch47-20260920.json,5525653b661a6bb7979e7fadd45e8dab82bba08c0b0dea48a9923c4a98e6b913,"{""artifact"":""https://crowdin.com/project/pcsx2"",""sha256"":""dbd25c90c1b4029cc0a30638574a6e13dc31e19661d66b70ca70287e5b8c1bee""}"
e2f248913a5f21e861c3c821,Copy all as CSV,Kopiera alla som CSV,PCSX2,crowdin-current-ui-batch17-20260920,"ModuleView
../Debugger/ModuleView.cpp:61",Publiceringsförsöket nekades enligt det äldre kvittot; texten är ett lokalt granskningsförslag.,project-context,c9879fa2d2113f2628909b7e,reviewed-local,https://github.com/yeager/translations/blob/67e6d27877c9cfd6b6dbc74bd852b10bdbe09c3c/PCSX2/crowdin-current-ui-batch17-20260920.json,c3e8ec58262cb9ca378f79dea9c4f1baee0c939d134bdeccfba91a46dd70eaae,"{""artifact"":""https://crowdin.com/project/pcsx2"",""sha256"":""a36e2f92311543b23fca083e510a59b37f4a2a19f5258bbfa323a38cc17daa07""}"
e3076445dbf7db726eb8b3ee,Save Alpha Channel,Spara alfakanal,PCSX2,crowdin-current-ui-batch4-20260920,"DebugSettingsWidget
../Settings/DebugSettingsWidget.cpp:138",,project-context,2b5dff60f509533254451b95,reviewed-receipt,https://github.com/yeager/translations/blob/67e6d27877c9cfd6b6dbc74bd852b10bdbe09c3c/PCSX2/crowdin-current-ui-batch4-20260920.json,ba9e5644897861c8a18b34f41eeec20168b3176a59ad05fabbf37a183fc525c8,"{""artifact"":""https://crowdin.com/project/pcsx2"",""sha256"":""2564d6513ea7cdcea48d6d87694a94c8ecde8305c15de5bbdd3c9de593fba420""}"
e31d0b59fbcd32f0087b437d,New Host,Ny värd,PCSX2,crowdin-current-ui-batch64-20260920,"DEV9SettingsWidget
../Settings/DEV9SettingsWidget.cpp:423",Publiceringsförsöket nekades enligt det äldre kvittot; texten är ett lokalt granskningsförslag.,project-context,7485720fccb6f40f6fd3f8b3,reviewed-local,https://github.com/yeager/translations/blob/67e6d27877c9cfd6b6dbc74bd852b10bdbe09c3c/PCSX2/crowdin-current-ui-batch64-20260920.json,3eb6750c0d4249b01cf40b2787e9f2e9792529adfb274d1a979de2495c7acabc,"{""artifact"":""https://crowdin.com/project/pcsx2"",""sha256"":""10276c81ebac482e93b68d2333e95f911e114dcf12119009ac1f05aa1025c429""}"
e37fabad450ffdca30280563,"Bob (Bottom Field First, Full Frames)","Bob (nedre fältet först, hela bildrutor)",PCSX2,crowdin-current-ui-batch24-20260920,"Bob: deinterlacing method that refers to the way it makes video look like it&apos;s bobbing up and down.
GraphicsDisplaySettingsTab
../Settings/GraphicsDisplaySettingsTab.ui:255",,project-context,6d23dc97af87a9e6765c11b1,reviewed-receipt,https://github.com/yeager/translations/blob/67e6d27877c9cfd6b6dbc74bd852b10bdbe09c3c/PCSX2/crowdin-current-ui-batch24-20260920.json,ee2587e30ef9f54541bdbfb4dfcf7512e05bd487cd41e18f4834c7ff3b6d4915,"{""artifact"":""https://crowdin.com/project/pcsx2"",""sha256"":""063f80dab445731c5d53b5acc5deb54ed913bf456b26e752316ff32f2177e4a1""}"
e38a79fa570f198e15e7d90f,Spin GPU During Readbacks,Håll GPU:n aktiv under återläsningar,PCSX2,crowdin-current-ui-batch14-20260920,"GraphicsAdvancedSettingsTab
../Settings/GraphicsAdvancedSettingsTab.ui:109",,project-context,9782ecb70d7cf4931b2f0488,reviewed-receipt,https://github.com/yeager/translations/blob/67e6d27877c9cfd6b6dbc74bd852b10bdbe09c3c/PCSX2/crowdin-current-ui-batch14-20260920.json,9f0ff248176205a3bda2eb3f8c6f8e1ab1d89f1ac984b49ef2d06f0eb6672cce,"{""artifact"":""https://crowdin.com/project/pcsx2"",""sha256"":""6b8288ea9f88c94e2c92760641e3a9f4e9bcf0afd5792486ccdb4cadfbaa3cb3""}"
e3bfefcd2af8965c6727fe85,Cycle TV Shader,Växla TV-shader,PCSX2,crowdin-current-ui-batch19-20260920,"Hotkeys
../../pcsx2/GS/GS.cpp:1352",,project-context,827187d03c9bfdc1cd398e9d,reviewed-receipt,https://github.com/yeager/translations/blob/67e6d27877c9cfd6b6dbc74bd852b10bdbe09c3c/PCSX2/crowdin-current-ui-batch19-20260920.json,17ccc6616b1cef815b61276809e4efb6b66f1930c7e5c53901c22a4c000bffb9,"{""artifact"":""https://crowdin.com/project/pcsx2"",""sha256"":""a34d90aae57d253f0106c6074eaef88365985fc1c276951eb16d431b43d08248""}"
e3c449a37db42e9a39cbf8b2,Move Down,Flytta ned,PCSX2,crowdin-current-ui-batch9-20260920,"ToolbarCustomizationDialog
../ToolbarCustomizationDialog.ui:152",,project-context,2167dd32da769d65bcabf731,reviewed-receipt,https://github.com/yeager/translations/blob/67e6d27877c9cfd6b6dbc74bd852b10bdbe09c3c/PCSX2/crowdin-current-ui-batch9-20260920.json,134204bdde884be3c2722090609773e05cd73b495e902e6f39659aa156be0139,"{""artifact"":""https://crowdin.com/project/pcsx2"",""sha256"":""df43f8f543cbe3ab9fcd8654dcad07fe53f08deeed3382468be47391fd1ecd5a""}"
e3e9a2f5b832de88a9a30ac5,Adjusts gamma. 50 is normal.,Justerar gamma. 50 är normalt.,PCSX2,crowdin-current-ui-batch20-20260920,"FullscreenUI
../../pcsx2/ImGui/FullscreenUI_Settings.cpp:6253",Publiceringsförsöket nekades enligt det äldre kvittot; texten är ett lokalt granskningsförslag.,project-context,3c90cb6e407f5a6c3a79130e,reviewed-local,https://github.com/yeager/translations/blob/67e6d27877c9cfd6b6dbc74bd852b10bdbe09c3c/PCSX2/crowdin-current-ui-batch20-20260920.json,b9f3010178fb1ba2ee5cb59570e69caac32abf9f9b7229bf26b14b3a321dc236,"{""artifact"":""https://crowdin.com/project/pcsx2"",""sha256"":""77082b820b5ea5675bf8b5b2fd09622edc68bebf02619e2554132510830aa6bf""}"
e419cc1008449342a3060b6b,Use Debug Device,Använd felsökningsenhet,PCSX2,crowdin-current-ui-batch55-20260920,"GraphicsSettingsWidget
../Settings/GraphicsSettingsWidget.cpp:826",Publiceringsförsöket nekades enligt det äldre kvittot; texten är ett lokalt granskningsförslag.,project-context,75d434a8f19131691bfa239e,reviewed-local,https://github.com/yeager/translations/blob/67e6d27877c9cfd6b6dbc74bd852b10bdbe09c3c/PCSX2/crowdin-current-ui-batch55-20260920.json,eef7fecf9007fb67b7321b88ecfd43d8a1e78e3c19d6b14ffe23010d7cdbe6b1,"{""artifact"":""https://crowdin.com/project/pcsx2"",""sha256"":""296b5485f3c68ca2c21851eefcbbd0849b044e5dfe95583c96a8ddfbf4f95a8b""}"
e424867a7305847113424372,Quality:,Kvalitet:,PCSX2,crowdin-current-ui-batch26-20260920,"GraphicsMediaCaptureSettingsTab
../Settings/GraphicsMediaCaptureSettingsTab.ui:82",Publiceringsförsöket nekades enligt det äldre kvittot; texten är ett lokalt granskningsförslag.,project-context,b379cad4963290b123e24d7c,reviewed-local,https://github.com/yeager/translations/blob/67e6d27877c9cfd6b6dbc74bd852b10bdbe09c3c/PCSX2/crowdin-current-ui-batch26-20260920.json,49be151dc9918b0d30da49c790d627c159af0560d66be018b2a4920b716f4063,"{""artifact"":""https://crowdin.com/project/pcsx2"",""sha256"":""ec82e199ae77697ef5c2d30f8e45edfaad763b2c3bcb10fe92ef974de0da94b3""}"
e4a1f0c7a4481ae30e70047a,Enter the PS2 IP address,Ange PS2-IP-adressen,PCSX2,crowdin-current-ui-batch34-20260920,"FullscreenUI
../../pcsx2/ImGui/FullscreenUI_Settings.cpp:6099",,project-context,7c747cb810bb42027639726b,reviewed-receipt,https://github.com/yeager/translations/blob/67e6d27877c9cfd6b6dbc74bd852b10bdbe09c3c/PCSX2/crowdin-current-ui-batch34-20260920.json,8d6bc4cd53749b6ed56459f38c0244781001a3de538ab116fa6b6c047f93e6ed,"{""artifact"":""https://crowdin.com/project/pcsx2"",""sha256"":""90e65792b5b503df2161853fd822e769889a75dec456e59addcfc49bcee8849c""}"
e539cf2204e27b9e097564b0,None,Ingen,PCSX2,crowdin-current-ui-batch23-20260920,"GraphicsAdvancedSettingsTab
../Settings/GraphicsAdvancedSettingsTab.ui:176",Publiceringsförsöket nekades enligt det äldre kvittot; texten är ett lokalt granskningsförslag.,project-context,03ec75c1d88109d7ad4ac6b0,reviewed-local,https://github.com/yeager/translations/blob/67e6d27877c9cfd6b6dbc74bd852b10bdbe09c3c/PCSX2/crowdin-current-ui-batch23-20260920.json,94825b8000dc084475f7ee18208d828359829f994a9e4d0dfc9ec3c3d325f60e,"{""artifact"":""https://crowdin.com/project/pcsx2"",""sha256"":""38817b1ad715400b3e3420b8192bbf428de35821828e6e8e3a1aaaa5dd7c2b8f""}"
e54182b3b4526db591bfcc7e,Bilinear Dirty Upscale,Bilinär uppskalning med smutsig rektangel,PCSX2,crowdin-current-ui-batch46-20260920,"GraphicsSettingsWidget
../Settings/GraphicsSettingsWidget.cpp:673",,project-context,891b24c91ef596ef001883e1,reviewed-receipt,https://github.com/yeager/translations/blob/67e6d27877c9cfd6b6dbc74bd852b10bdbe09c3c/PCSX2/crowdin-current-ui-batch46-20260920.json,5fd49be2672b59f0daff08c9e08a881d25eb868891d139d395ea94a1aba23434,"{""artifact"":""https://crowdin.com/project/pcsx2"",""sha256"":""ba2dade399adc079c3da734fa6cdfeb4f85819b3aa3c7dc70e30a2fcef6a807a""}"
e59ebbd23f842245b064aea9,Bilinear (Forced),Bilinjär (tvingad),PCSX2,crowdin-current-ui-batch25-20260920,"GraphicsHardwareRenderingSettingsTab
../Settings/GraphicsHardwareRenderingSettingsTab.ui:125",,project-context,a424e7ddaab1ca48a171e5be,reviewed-receipt,https://github.com/yeager/translations/blob/67e6d27877c9cfd6b6dbc74bd852b10bdbe09c3c/PCSX2/crowdin-current-ui-batch25-20260920.json,c686e808bea1ecea795d6bd0a3871f9ea94959e30276601f8efafda34c283479,"{""artifact"":""https://crowdin.com/project/pcsx2"",""sha256"":""748790bbc4ebb92576dc4bdc22a04909c0ac84bd12bc3427fe9572f19326a9db""}"
e5c9146cd4900a76855e6372,24x Native (~8640px/16K UHD),24× inbyggd (~8640 px/16K UHD),PCSX2,Crowdin UI,,"Granskad filleverans. Endast färdiga, aktiva översättningar tas med; detta är inte ett påstående om separat registrerat radbeslut för varje oförändrad post.",project-context,ac104ea9cba4524b8526d3ca,reviewed-file-delivery,https://crowdin.com/project/pcsx2,c5f591f1edc9553e40265bc0be0fe67c8e4252c052a1cf8ecfb524489a5aff60,{}
e5e196c12cb4b31d22be294d,Search on Redump.info...,Sök på Redump.info …,PCSX2,crowdin-current-ui-batch58-20260920,"GameSummaryWidget
../Settings/GameSummaryWidget.ui:555",,project-context,5be5d2b67fec125e1f5d80bf,reviewed-receipt,https://github.com/yeager/translations/blob/67e6d27877c9cfd6b6dbc74bd852b10bdbe09c3c/PCSX2/crowdin-current-ui-batch58-20260920.json,63dc6922c386d319276df2094a26afd341a8755f207ce8908444de581c157b66,"{""artifact"":""https://crowdin.com/project/pcsx2"",""sha256"":""f8dc104c3c66645d2cfd4137c38944cb5b47a527a9c3fd75127eb7b621f9ac8a""}"
e6071b70605a178e77dfe54d,Scaled,Skalad,PCSX2,crowdin-current-ui-batch13-20260920,"GraphicsHardwareRenderingSettingsTab
../Settings/GraphicsHardwareRenderingSettingsTab.ui:36",Publiceringsförsöket nekades enligt det äldre kvittot; texten är ett lokalt granskningsförslag.,project-context,80f90311c38b269bcaaee44d,reviewed-local,https://github.com/yeager/translations/blob/67e6d27877c9cfd6b6dbc74bd852b10bdbe09c3c/PCSX2/crowdin-current-ui-batch13-20260920.json,623ec591b5fcb41c8d897353bf192b4285c0b8b4a6be7d0f716afe784de07e1d,"{""artifact"":""https://crowdin.com/project/pcsx2"",""sha256"":""210d39caca5bd0a44ecb4c0d45cc9f054bbfc292b7ad35d86db6763197daa829""}"
e617e55489aec94b18eacc57,Save Draw Statistics,Spara ritningsstatistik,PCSX2,crowdin-current-ui-batch4-20260920,"DebugSettingsWidget
../Settings/DebugSettingsWidget.cpp:144",,project-context,e014237aa543ab1068494a68,reviewed-receipt,https://github.com/yeager/translations/blob/67e6d27877c9cfd6b6dbc74bd852b10bdbe09c3c/PCSX2/crowdin-current-ui-batch4-20260920.json,ba9e5644897861c8a18b34f41eeec20168b3176a59ad05fabbf37a183fc525c8,"{""artifact"":""https://crowdin.com/project/pcsx2"",""sha256"":""aa78a60eac6ff8493876068fa0c1655ccf4969253df38bdb69a38fd9588f55f9""}"
e63b8039248b5a6fe5503608,Bold OSD Text,Fet OSD-text,PCSX2,crowdin-current-ui-batch50-20260920,"FullscreenUI
../../pcsx2/ImGui/FullscreenUI_Settings.cpp:6917",Publiceringsförsöket nekades enligt det äldre kvittot; texten är ett lokalt granskningsförslag.,project-context,beed3613fdf72da61eb7669d,reviewed-local,https://github.com/yeager/translations/blob/67e6d27877c9cfd6b6dbc74bd852b10bdbe09c3c/PCSX2/crowdin-current-ui-batch50-20260920.json,526c37bda266096897ffc29f6d90f1526ccd117934fef6462d4629b30c159187,"{""artifact"":""https://crowdin.com/project/pcsx2"",""sha256"":""c8a068dff443753b8b2f9af4e8338b98d60ff15eb85533d7c6d31b10e3bd3542""}"
e656fb64a70508e26e54838f,Video Bitrate,Videobithastighet,PCSX2,crowdin-current-ui-batch63-20260920,"FullscreenUI
../../pcsx2/ImGui/FullscreenUI_Settings.cpp:6887",Publiceringsförsöket nekades enligt det äldre kvittot; texten är ett lokalt granskningsförslag.,project-context,609971c790062ce47cd3e31d,reviewed-local,https://github.com/yeager/translations/blob/67e6d27877c9cfd6b6dbc74bd852b10bdbe09c3c/PCSX2/crowdin-current-ui-batch63-20260920.json,08ff78cfcd818cefe89524c4604550c53e468e64909a3ca76a582c3f0c9c5540,"{""artifact"":""https://crowdin.com/project/pcsx2"",""sha256"":""c6e1b5f5226afc876d4acb6ed64ae49327d4cca8b3a1ad28657a2310e64475d5""}"
e6ce7de82b0a907e63049173,Only On Startup,Endast vid start,PCSX2,crowdin-current-ui-batch48-20260920,"Time when a patch is applied.
Patch
../../pcsx2/Patch.cpp:1838",Publiceringsförsöket nekades enligt det äldre kvittot; texten är ett lokalt granskningsförslag.,project-context,1d89a1553d1f572ef48ebd3a,reviewed-local,https://github.com/yeager/translations/blob/67e6d27877c9cfd6b6dbc74bd852b10bdbe09c3c/PCSX2/crowdin-current-ui-batch48-20260920.json,53a6bd5e6ff3e33c37224589c725b25f42041f0d7158bccac5d4cfdc56ac0074,"{""artifact"":""https://crowdin.com/project/pcsx2"",""sha256"":""ae627b60093aea988e0a7625aa6807e163c4314c601c0a7a870176955bad3fbe""}"
e6e14282ad1706220e0a9a1f,Save Video Recordings in Game-Specific Folders,Spara videoinspelningar i spelspecifika mappar,PCSX2,crowdin-current-ui-batch55-20260920,"FolderSettingsWidget
../Settings/FolderSettingsWidget.ui:297
../Settings/FolderSettingsWidget.cpp:39",,project-context,e68e034d6e52ba52ab25d7a1,reviewed-receipt,https://github.com/yeager/translations/blob/67e6d27877c9cfd6b6dbc74bd852b10bdbe09c3c/PCSX2/crowdin-current-ui-batch55-20260920.json,eef7fecf9007fb67b7321b88ecfd43d8a1e78e3c19d6b14ffe23010d7cdbe6b1,"{""artifact"":""https://crowdin.com/project/pcsx2"",""sha256"":""67e548fee68d1e10d15946ccb190d8c21b5ba8f431e2a97915cc40fd04fc9d0d""}"
e6e6cea1af360fab1b3a972a,Clear OSD Font Override,Rensa åsidosättning av OSD-typsnitt,PCSX2,crowdin-current-ui-batch1-20260920,"FullscreenUI
../../pcsx2/ImGui/FullscreenUI_Settings.cpp:6916",,project-context,7a847d95c47cdfa387e4d588,reviewed-receipt,https://github.com/yeager/translations/blob/67e6d27877c9cfd6b6dbc74bd852b10bdbe09c3c/PCSX2/crowdin-current-ui-batch1-20260920.json,fbacbf8b449e630f42dbc651e3eb3d61f650cd4cb6d478d350f9a55ce6b87962,"{""artifact"":""https://crowdin.com/project/pcsx2"",""sha256"":""1626362866e5a8437336eee36a653e60e8b5a45116159807ba625f2dfd5b4c4b""}"
e6fe0b7eaba4b1c4a006d331,Leaderboard Sound Path,Sökväg till topplisteljud,PCSX2,crowdin-current-ui-batch59-20260920,"AchievementSettingsWidget
../Settings/AchievementSettingsWidget.cpp:67",,project-context,e614ae67a9cc37e3b3e9ca53,reviewed-receipt,https://github.com/yeager/translations/blob/67e6d27877c9cfd6b6dbc74bd852b10bdbe09c3c/PCSX2/crowdin-current-ui-batch59-20260920.json,9f38fdcde8389b4381406c889374f3d78d817dcfb9ea2ab1119de66a68266465,"{""artifact"":""https://crowdin.com/project/pcsx2"",""sha256"":""93af1d1e7433a658efc4d1838a89371206c73090103784bb08d0f2feca88ebdc""}"
e71f9390e52246f7058ea5bf,Show F&ull Titles (Grid View),Visa h&ela titlar (rutnätsvy),PCSX2,crowdin-current-ui-batch58-20260920,"MainWindow
../MainWindow.ui:829",,project-context,12a000f44eb993483756d52b,reviewed-receipt,https://github.com/yeager/translations/blob/67e6d27877c9cfd6b6dbc74bd852b10bdbe09c3c/PCSX2/crowdin-current-ui-batch58-20260920.json,63dc6922c386d319276df2094a26afd341a8755f207ce8908444de581c157b66,"{""artifact"":""https://crowdin.com/project/pcsx2"",""sha256"":""efe599768e6f9271c2e8500e72d053926f11ec993392830a2a2f891cfe56f8b1""}"
e73458b65d149c26e701429d,Prefer English Game Titles,Föredra engelska speltitlar,PCSX2,crowdin-current-ui-batch52-20260920,"InterfaceSettingsWidget
../Settings/InterfaceSettingsWidget.ui:91
../Settings/InterfaceSettingsWidget.cpp:206",,project-context,babb4ec59a52052518b345e1,reviewed-receipt,https://github.com/yeager/translations/blob/67e6d27877c9cfd6b6dbc74bd852b10bdbe09c3c/PCSX2/crowdin-current-ui-batch52-20260920.json,8cfffc76ca6e36b6b86d335ad9a92ba99954d58c53ce7d299caec541e1b3ff9b,"{""artifact"":""https://crowdin.com/project/pcsx2"",""sha256"":""cd322f0c339f1672b5fa3ab6df2f8d48306a4d6f242366cd8bb19f618c0f253e""}"
e73d713a2f9b46ad46073af7,Sound is already using default.,Ljudet använder redan standardvärdet.,PCSX2,crowdin-current-ui-batch51-20260920,"FullscreenUI
../../pcsx2/ImGui/FullscreenUI_Settings.cpp:6082",Publiceringsförsöket nekades enligt det äldre kvittot; texten är ett lokalt granskningsförslag.,project-context,ad7295f6a49ce290c622286b,reviewed-local,https://github.com/yeager/translations/blob/67e6d27877c9cfd6b6dbc74bd852b10bdbe09c3c/PCSX2/crowdin-current-ui-batch51-20260920.json,a8b5191343bdd297b5d152a224021320a839b19ec9afc66e6fdf7d9067e58697,"{""artifact"":""https://crowdin.com/project/pcsx2"",""sha256"":""3151fba05a942478274e975dc39aa8e30192cee025e9d1049dd87b3ae90a8801""}"
e74ee22728bc77d755590b15,Open Texture Dump/Replacement Folder,Öppna mapp för texturdump/ersättning,PCSX2,Crowdin UI,,"Granskad filleverans. Endast färdiga, aktiva översättningar tas med; detta är inte ett påstående om separat registrerat radbeslut för varje oförändrad post.",project-context,25b48e089fee7e81ee6a8f49,reviewed-file-delivery,https://crowdin.com/project/pcsx2,c5f591f1edc9553e40265bc0be0fe67c8e4252c052a1cf8ecfb524489a5aff60,{}
e7b7f16825f3a92b5160a5e9,Failed to initialize SIO0.,Det gick inte att initiera SIO0.,PCSX2,Crowdin UI,,"Granskad filleverans. Endast färdiga, aktiva översättningar tas med; detta är inte ett påstående om separat registrerat radbeslut för varje oförändrad post.",project-context,088fdc54aa5b3ad6c78e130f,reviewed-file-delivery,https://crowdin.com/project/pcsx2,c5f591f1edc9553e40265bc0be0fe67c8e4252c052a1cf8ecfb524489a5aff60,{}
e7f777b8e299b58d5adfeea1,Browse...,Bläddra …,PCSX2,crowdin-current-ui-batch53-20260920,"OSDSettingsWidget
../Settings/OSDSettingsWidget.ui:231",,project-context,55eb32ce902af3f31720fadb,reviewed-receipt,https://github.com/yeager/translations/blob/67e6d27877c9cfd6b6dbc74bd852b10bdbe09c3c/PCSX2/crowdin-current-ui-batch53-20260920.json,cf9e3a076b0a7a4c9da64198f8216ad33f840f37229f480c53c816b8096dd673,"{""artifact"":""https://crowdin.com/project/pcsx2"",""sha256"":""eae87e2fbda7998d302a5afd888e82b6a43226511d065bb41c8fdcfb4d7d0bf7""}"
e868dfec5ab5ffc9e59a2950,Show Achievement Notifications,Visa prestationsnotiser,PCSX2,crowdin-current-ui-batch57-20260920,"FullscreenUI
../../pcsx2/ImGui/FullscreenUI_Settings.cpp:6981",,project-context,e01b3857f7882baa4b48ae49,reviewed-receipt,https://github.com/yeager/translations/blob/67e6d27877c9cfd6b6dbc74bd852b10bdbe09c3c/PCSX2/crowdin-current-ui-batch57-20260920.json,5c871fa681fe60ac837787f04a021e0897b135316665fb1695de5041b8a5e637,"{""artifact"":""https://crowdin.com/project/pcsx2"",""sha256"":""a4e3595cd980044c7f8bf8c2880c251206bd753fb38575213e2f13eec6aea7fa""}"
e89bbe391f6df7ca0296c8e3,Open...,Öppna…,PCSX2,crowdin-current-ui-batch21-20260920,"DebugGSSettingsTab
../Settings/DebugGSSettingsTab.ui:213
../Settings/DebugGSSettingsTab.ui:234",,project-context,676380c640e97c7a83de2492,reviewed-receipt,https://github.com/yeager/translations/blob/67e6d27877c9cfd6b6dbc74bd852b10bdbe09c3c/PCSX2/crowdin-current-ui-batch21-20260920.json,a17a684939c7836f99eed6a2beb5c914bdeb5bc299843bbd766ce571585ee88e,"{""artifact"":""https://crowdin.com/project/pcsx2"",""sha256"":""9e9f6d3e80902f446b316e318b613aa7131e5bdcbd8daae34b570deeb746829b""}"
e8b6413b0e08f6ddb6d0fc60,GPU Target CLUT:,GPU-mål-CLUT:,PCSX2,crowdin-current-ui-batch25-20260920,"CLUT: Color Look Up Table, often referred to as a palette in non-PS2 things.  GPU Target CLUT: GPU handling of when a game uses data from a render target as a CLUT.
GraphicsHardwareFixesSettingsTab
../Settings/GraphicsHardwareFixesSettingsTab.ui:211",,project-context,9b3f3c7c6516ab9deff22d29,reviewed-receipt,https://github.com/yeager/translations/blob/67e6d27877c9cfd6b6dbc74bd852b10bdbe09c3c/PCSX2/crowdin-current-ui-batch25-20260920.json,c686e808bea1ecea795d6bd0a3871f9ea94959e30276601f8efafda34c283479,"{""artifact"":""https://crowdin.com/project/pcsx2"",""sha256"":""7df7a14e80e93a5777d0a7196fea1853f3388631483c1488bf56f8a75b837cf6""}"
e92f637c0b223967fdee5d96,Bottom Center,Nederst i mitten,PCSX2,crowdin-current-ui-batch53-20260920,"OSDSettingsWidget
../Settings/OSDSettingsWidget.ui:135
../Settings/OSDSettingsWidget.ui:199",Publiceringsförsöket nekades enligt det äldre kvittot; texten är ett lokalt granskningsförslag.,project-context,c7be7a05f468d894ec6d3500,reviewed-local,https://github.com/yeager/translations/blob/67e6d27877c9cfd6b6dbc74bd852b10bdbe09c3c/PCSX2/crowdin-current-ui-batch53-20260920.json,cf9e3a076b0a7a4c9da64198f8216ad33f840f37229f480c53c816b8096dd673,"{""artifact"":""https://crowdin.com/project/pcsx2"",""sha256"":""b99f090844b12513dbaf44127bfa9b1490b37ce0b9485730233d14c497799430""}"
e9533302ccf1a348a3427639,Contrast,Kontrast,PCSX2,crowdin-current-ui-batch57-20260920,"FullscreenUI
../../pcsx2/ImGui/FullscreenUI_Settings.cpp:6876",Publiceringsförsöket nekades enligt det äldre kvittot; texten är ett lokalt granskningsförslag.,project-context,a8a78064d16c9b8bec5715bc,reviewed-local,https://github.com/yeager/translations/blob/67e6d27877c9cfd6b6dbc74bd852b10bdbe09c3c/PCSX2/crowdin-current-ui-batch57-20260920.json,5c871fa681fe60ac837787f04a021e0897b135316665fb1695de5041b8a5e637,"{""artifact"":""https://crowdin.com/project/pcsx2"",""sha256"":""5d84c88979c26817665b69e8a1d4d6566ac177ad3cc8f7d0bf58efb9395e41bf""}"
e9a02de1c115b88b0d1de778,Bottom Center,Nere i mitten,PCSX2,crowdin-current-ui-batch17-20260920,"AchievementSettingsWidget
../Settings/AchievementSettingsWidget.ui:311
../Settings/AchievementSettingsWidget.ui:369",,project-context,37941ab17932e86d8642a001,reviewed-receipt,https://github.com/yeager/translations/blob/67e6d27877c9cfd6b6dbc74bd852b10bdbe09c3c/PCSX2/crowdin-current-ui-batch17-20260920.json,c3e8ec58262cb9ca378f79dea9c4f1baee0c939d134bdeccfba91a46dd70eaae,"{""artifact"":""https://crowdin.com/project/pcsx2"",""sha256"":""7edcb09eaffd9da8872ec752f8190ad4b390f091bd27a6c753cbeefa8c1a6a7e""}"
e9bc79a4de9feafd10aa3f94,Uncompressed,Okomprimerad,PCSX2,crowdin-current-ui-batch14-20260920,"GraphicsAdvancedSettingsTab
../Settings/GraphicsAdvancedSettingsTab.ui:82",Publiceringsförsöket nekades enligt det äldre kvittot; texten är ett lokalt granskningsförslag.,project-context,368a98116a2191b773d2145d,reviewed-local,https://github.com/yeager/translations/blob/67e6d27877c9cfd6b6dbc74bd852b10bdbe09c3c/PCSX2/crowdin-current-ui-batch14-20260920.json,9f0ff248176205a3bda2eb3f8c6f8e1ab1d89f1ac984b49ef2d06f0eb6672cce,"{""artifact"":""https://crowdin.com/project/pcsx2"",""sha256"":""8beafb4ce38d4a710ccdeef7ad3071721ce9835fe2c06855514b3c5960d43f04""}"
e9cb85270d52945d974c13ef,Normal (Maintain Upscale),Normal (behåll uppskalning),PCSX2,crowdin-current-ui-batch12-20260920,"FullscreenUI
../../pcsx2/ImGui/FullscreenUI_Settings.cpp:6690",,project-context,d3266e09457ed8835d820743,reviewed-receipt,https://github.com/yeager/translations/blob/67e6d27877c9cfd6b6dbc74bd852b10bdbe09c3c/PCSX2/crowdin-current-ui-batch12-20260920.json,069c92ed85703bad78e9b4e17bd0d4fccb132ebeed9d3bedd8328dbf6ea26909,"{""artifact"":""https://crowdin.com/project/pcsx2"",""sha256"":""d8a0f1121ddb7f5a73bf2ee00fbce77641015d30c20e4101cd7be1bae3275706""}"
ea4caf4293b80c837856accb,Disable Framebuffer Fetch,Inaktivera hämtning från rambuffert,PCSX2,crowdin-current-ui-batch62-20260920,"GraphicsSettingsWidget
../Settings/GraphicsSettingsWidget.cpp:810",,project-context,93d42a6a28b17c8bd5e6898c,reviewed-receipt,https://github.com/yeager/translations/blob/67e6d27877c9cfd6b6dbc74bd852b10bdbe09c3c/PCSX2/crowdin-current-ui-batch62-20260920.json,6f455bab497aab5f47fecf4d901525cee3a927cec35cd4f2f0dc82942d40dace,"{""artifact"":""https://crowdin.com/project/pcsx2"",""sha256"":""fd46de6b92c55dd37f1b407738b8f2da4f739ff375318d1b1d014bb932fc0fea""}"
eab9cf58da6d5d4920a2eb2c,59.94 Hz,"59,94 Hz",PCSX2,crowdin-current-ui-batch20-20260920,"GraphicsSettingsWidget
../Settings/GraphicsSettingsWidget.cpp:837",Publiceringsförsöket nekades enligt det äldre kvittot; texten är ett lokalt granskningsförslag.,project-context,c546e50709edfdc3cff6b558,reviewed-local,https://github.com/yeager/translations/blob/67e6d27877c9cfd6b6dbc74bd852b10bdbe09c3c/PCSX2/crowdin-current-ui-batch20-20260920.json,b9f3010178fb1ba2ee5cb59570e69caac32abf9f9b7229bf26b14b3a321dc236,"{""artifact"":""https://crowdin.com/project/pcsx2"",""sha256"":""89ff883e5ab6bf0660552532f0e82b139efad6978dfa4c889b093ac789164700""}"
eaf9d183b37efb7b10952bef,Enables brightness/contrast/gamma/saturation adjustment.,Aktiverar justering av ljusstyrka/kontrast/gamma/mättnad.,PCSX2,crowdin-current-ui-batch15-20260920,"FullscreenUI
../../pcsx2/ImGui/FullscreenUI_Settings.cpp:6250",,project-context,e776ea41fe5d08fd2eb242c8,reviewed-receipt,https://github.com/yeager/translations/blob/67e6d27877c9cfd6b6dbc74bd852b10bdbe09c3c/PCSX2/crowdin-current-ui-batch15-20260920.json,9b2ebc5e4b008f5a05b2c32d2825bc90cde350d6c271bc9dbc7a0033312db467,"{""artifact"":""https://crowdin.com/project/pcsx2"",""sha256"":""30d6a1e78aaa708cc432f43f3e869463af1e96bbe4702c0ac3ac5fd3b131c4ee""}"
eb5fbb34e211799c3d6a6b5d,Cannot generate filename for save state.,Det går inte att skapa ett filnamn för sparläget.,PCSX2,crowdin-current-ui-batch48-20260920,"VMManager
../../pcsx2/VMManager.cpp:2148",,project-context,4f252e3c139697f61d8ce82a,reviewed-receipt,https://github.com/yeager/translations/blob/67e6d27877c9cfd6b6dbc74bd852b10bdbe09c3c/PCSX2/crowdin-current-ui-batch48-20260920.json,53a6bd5e6ff3e33c37224589c725b25f42041f0d7158bccac5d4cfdc56ac0074,"{""artifact"":""https://crowdin.com/project/pcsx2"",""sha256"":""98e1339d5b98be27124a3b8b506d506cbef2938209e6d0be0000c0ad5513cd83""}"
eb6ac5bc766b1ecab5f2ca00,Pause On TLB Miss,Pausa vid TLB-miss,PCSX2,crowdin-current-ui-batch57-20260920,"FullscreenUI
../../pcsx2/ImGui/FullscreenUI_Settings.cpp:7056",,project-context,bdeafd40d116423f19156976,reviewed-receipt,https://github.com/yeager/translations/blob/67e6d27877c9cfd6b6dbc74bd852b10bdbe09c3c/PCSX2/crowdin-current-ui-batch57-20260920.json,5c871fa681fe60ac837787f04a021e0897b135316665fb1695de5041b8a5e637,"{""artifact"":""https://crowdin.com/project/pcsx2"",""sha256"":""5585796af76591827de951f417983aa56118f1595719051e0c75f2e6e0c81cf0""}"
eb8313bdea8106f2d4564873,Multitap on Console Port 2,Multitap på konsolport 2,PCSX2,Crowdin UI,,"Granskad filleverans. Endast färdiga, aktiva översättningar tas med; detta är inte ett påstående om separat registrerat radbeslut för varje oförändrad post.",project-context,c4dcc095096cfc0786a98eb1,reviewed-file-delivery,https://crowdin.com/project/pcsx2,c5f591f1edc9553e40265bc0be0fe67c8e4252c052a1cf8ecfb524489a5aff60,{}
ebe4c7b9cae73b575ff9a90f,Failed to initialize GS.,Det gick inte att initiera GS.,PCSX2,crowdin-current-ui-batch44-20260920,"VMManager
../../pcsx2/VMManager.cpp:1545",,project-context,3536d5c0350442a15e55a101,reviewed-receipt,https://github.com/yeager/translations/blob/67e6d27877c9cfd6b6dbc74bd852b10bdbe09c3c/PCSX2/crowdin-current-ui-batch44-20260920.json,5e82a7b07227a314e65a1724efbcf7b471342793ce2ac9d6b518d156f340e5a6,"{""artifact"":""https://crowdin.com/project/pcsx2"",""sha256"":""9e0651cda740a74136023e1677ed6203f1e987076e5853b7ad91730ab6901419""}"
ec1178078d180ea28cf5ff69,Bilinear (Forced excluding sprite),"Bilinär (tvingad, utom sprite)",PCSX2,crowdin-current-ui-batch13-20260920,"GraphicsHardwareRenderingSettingsTab
../Settings/GraphicsHardwareRenderingSettingsTab.ui:135",,project-context,a0a73595b8003153e54db461,reviewed-receipt,https://github.com/yeager/translations/blob/67e6d27877c9cfd6b6dbc74bd852b10bdbe09c3c/PCSX2/crowdin-current-ui-batch13-20260920.json,623ec591b5fcb41c8d897353bf192b4285c0b8b4a6be7d0f716afe784de07e1d,"{""artifact"":""https://crowdin.com/project/pcsx2"",""sha256"":""4a1811b6a76dc88c52fae8bf63953b42a6f138126bdd6032d3815069d93a64e1""}"
ec7bb8b6cbc9c8c4acac380d,Stretch,Sträck,PCSX2,crowdin-current-ui-batch40-20260920,"InterfaceSettingsWidget
../Settings/InterfaceSettingsWidget.ui:307",,project-context,4a83dee8e795b07b25b33b29,reviewed-receipt,https://github.com/yeager/translations/blob/67e6d27877c9cfd6b6dbc74bd852b10bdbe09c3c/PCSX2/crowdin-current-ui-batch40-20260920.json,10eda59b167a547e47b04d1ef5226a52229dce7efa17d02a4fe94908fb96ed03,"{""artifact"":""https://crowdin.com/project/pcsx2"",""sha256"":""db0af21aa55a6f3ea0a40dcc62930180d34598732c42ddc269f5ceaf62229a13""}"
ed135fd02ad2c91591822232,Overlay Position,Överlagringens position,PCSX2,crowdin-current-ui-batch17-20260920,"AchievementSettingsWidget
../Settings/AchievementSettingsWidget.cpp:70",,project-context,556e3dd8d8baff47faca45a3,reviewed-receipt,https://github.com/yeager/translations/blob/67e6d27877c9cfd6b6dbc74bd852b10bdbe09c3c/PCSX2/crowdin-current-ui-batch17-20260920.json,c3e8ec58262cb9ca378f79dea9c4f1baee0c939d134bdeccfba91a46dd70eaae,"{""artifact"":""https://crowdin.com/project/pcsx2"",""sha256"":""ca76866caec94185103d1dd3fff64bf25885ae184aea74e89b4d599b91336109""}"
ed1f8d1159eb5882ef3ba4ee,Background Image,Bakgrundsbild,PCSX2,crowdin-current-ui-batch39-20260920,"FullscreenUI
../../pcsx2/ImGui/FullscreenUI_Settings.cpp:6760",Publiceringsförsöket nekades enligt det äldre kvittot; texten är ett lokalt granskningsförslag.,project-context,cf624363df612141879fbb7e,reviewed-local,https://github.com/yeager/translations/blob/67e6d27877c9cfd6b6dbc74bd852b10bdbe09c3c/PCSX2/crowdin-current-ui-batch39-20260920.json,5c31066ac744caaf0e034e89a654668452aa4f43ce104f24b8fc652c23dbfa86,"{""artifact"":""https://crowdin.com/project/pcsx2"",""sha256"":""f11c28734f02c7179d6e73192e629a335861df2e098608695772c8398a812868""}"
ed27ac49a2f613c25b4bb79e,Subnet Mask,Nätmask,PCSX2,crowdin-current-ui-batch2-20260920,"DEV9SettingsWidget
../Settings/DEV9SettingsWidget.cpp:204",,project-context,c37a89c7214c4a43eba01f84,reviewed-receipt,https://github.com/yeager/translations/blob/67e6d27877c9cfd6b6dbc74bd852b10bdbe09c3c/PCSX2/crowdin-current-ui-batch2-20260920.json,a8019ae64305421dc140bdb4a328c495e84cd0cf6043ab46c5d4bf619d05bd2b,"{""artifact"":""https://crowdin.com/project/pcsx2"",""sha256"":""d65b52025ad9de0bbe5254e9f5e552b49d17497da4ba868d0067900c58cdf8e2""}"
ed5657acf8752fe879ce425b,Includes video in recordings.,Inkluderar video i inspelningar.,PCSX2,crowdin-current-ui-batch63-20260920,"FullscreenUI
../../pcsx2/ImGui/FullscreenUI_Settings.cpp:6261",Publiceringsförsöket nekades enligt det äldre kvittot; texten är ett lokalt granskningsförslag.,project-context,74bc9058ed00cfd4c4bb4f10,reviewed-local,https://github.com/yeager/translations/blob/67e6d27877c9cfd6b6dbc74bd852b10bdbe09c3c/PCSX2/crowdin-current-ui-batch63-20260920.json,08ff78cfcd818cefe89524c4604550c53e468e64909a3ca76a582c3f0c9c5540,"{""artifact"":""https://crowdin.com/project/pcsx2"",""sha256"":""e2a8c50c78508f1a37559f41830a5895ae450f5bef98f1114d49ac6ad56ae5fa""}"
ed907e1f3d9c94c030aceff1,Bottom Right,Nederst till höger,PCSX2,crowdin-current-ui-batch53-20260920,"OSDSettingsWidget
../Settings/OSDSettingsWidget.ui:140
../Settings/OSDSettingsWidget.ui:204",Publiceringsförsöket nekades enligt det äldre kvittot; texten är ett lokalt granskningsförslag.,project-context,ec09a6714e1a9f42227edad2,reviewed-local,https://github.com/yeager/translations/blob/67e6d27877c9cfd6b6dbc74bd852b10bdbe09c3c/PCSX2/crowdin-current-ui-batch53-20260920.json,cf9e3a076b0a7a4c9da64198f8216ad33f840f37229f480c53c816b8096dd673,"{""artifact"":""https://crowdin.com/project/pcsx2"",""sha256"":""03cffeb3dd52f866bd3a2be37c5351c1ad36dd9346a330d564fd17e688b48eba""}"
ed96ec0ef8268fc5ae04c840,Apply Widescreen Patches,Tillämpa bredbildspatchar,PCSX2,Crowdin UI,,"Granskad filleverans. Endast färdiga, aktiva översättningar tas med; detta är inte ett påstående om separat registrerat radbeslut för varje oförändrad post.",project-context,515623017ea36c0db14446bf,reviewed-file-delivery,https://crowdin.com/project/pcsx2,c5f591f1edc9553e40265bc0be0fe67c8e4252c052a1cf8ecfb524489a5aff60,{}
edb2e6f7828a33cc0ad2ca36,Power Down,Minska effekt,PCSX2,Crowdin UI,,"Granskad filleverans. Endast färdiga, aktiva översättningar tas med; detta är inte ett påstående om separat registrerat radbeslut för varje oförändrad post.",project-context,c5f1743472c410b70320b446,reviewed-file-delivery,https://crowdin.com/project/pcsx2,c5f591f1edc9553e40265bc0be0fe67c8e4252c052a1cf8ecfb524489a5aff60,{}
edba85f2e6ac473e8ec8cf56,Alt+Left,Alt+Vänster,PCSX2,crowdin-current-ui-batch56-20260920,"DebuggerWindow
../Debugger/DebuggerWindow.ui:360",,project-context,c6b287e3ff140f8d390b4e09,reviewed-receipt,https://github.com/yeager/translations/blob/67e6d27877c9cfd6b6dbc74bd852b10bdbe09c3c/PCSX2/crowdin-current-ui-batch56-20260920.json,e544f4e37b292a5a59167a947672fb099eeaff33c9d732c3cd8e9184cd9a4307,"{""artifact"":""https://crowdin.com/project/pcsx2"",""sha256"":""ae29cfedc9893dfede95f65641c920f716a5577cc9d06bf89c0be5d266dea914""}"
edbd4ea423a22399fd7c1789,Internal,Intern,PCSX2,crowdin-current-ui-batch35-20260920,"FullscreenUI
../../pcsx2/ImGui/FullscreenUI_Settings.cpp:6726",Publiceringsförsöket nekades enligt det äldre kvittot; texten är ett lokalt granskningsförslag.,project-context,b667cc963c2879ed6f32911f,reviewed-local,https://github.com/yeager/translations/blob/67e6d27877c9cfd6b6dbc74bd852b10bdbe09c3c/PCSX2/crowdin-current-ui-batch35-20260920.json,6c1b597bc9480c34eadc255045e58a2413f454db5a76874db451ebfcd5d24853,"{""artifact"":""https://crowdin.com/project/pcsx2"",""sha256"":""9413f48dfc71db21d59678b65ff34b151ab75a9b943ae1c4dd7c98d2161e5a87""}"
edd7d8e862a9b0602245b307,Background Opacity,Bakgrundsopacitet,PCSX2,crowdin-current-ui-batch39-20260920,"FullscreenUI
../../pcsx2/ImGui/FullscreenUI_Settings.cpp:6763",Publiceringsförsöket nekades enligt det äldre kvittot; texten är ett lokalt granskningsförslag.,project-context,46809ec4e851102d5fd3dd76,reviewed-local,https://github.com/yeager/translations/blob/67e6d27877c9cfd6b6dbc74bd852b10bdbe09c3c/PCSX2/crowdin-current-ui-batch39-20260920.json,5c31066ac744caaf0e034e89a654668452aa4f43ce104f24b8fc652c23dbfa86,"{""artifact"":""https://crowdin.com/project/pcsx2"",""sha256"":""02691e1d166f2cd72172fe319333b020757702d20812c6e1fe610298951cefef""}"
edfc9bad095b18f4b026435f,Dump GS Draws,Dumpa GS-ritningar,PCSX2,crowdin-current-ui-batch61-20260920,"DebugSettingsWidget
../Settings/DebugSettingsWidget.cpp:128",Publiceringsförsöket nekades enligt det äldre kvittot; texten är ett lokalt granskningsförslag.,project-context,a38554330e108a8a9e3ab906,reviewed-local,https://github.com/yeager/translations/blob/67e6d27877c9cfd6b6dbc74bd852b10bdbe09c3c/PCSX2/crowdin-current-ui-batch61-20260920.json,7d1487a8e7a6c977e135205cbfbe024e70d8199f0ee522f5ae9219965d474fa2,"{""artifact"":""https://crowdin.com/project/pcsx2"",""sha256"":""2d0ff090aa17df752f802a9b7d08a19152b59b5310af407b4bc4804104e4b30f""}"
ee00427bfaeeab800426762f,Diagonal Filter,Diagonalt filter,PCSX2,crowdin-current-ui-batch27-20260920,"GraphicsPostProcessingSettingsTab
../Settings/GraphicsPostProcessingSettingsTab.ui:220",,project-context,a15625249c82c56c47ed34da,reviewed-receipt,https://github.com/yeager/translations/blob/67e6d27877c9cfd6b6dbc74bd852b10bdbe09c3c/PCSX2/crowdin-current-ui-batch27-20260920.json,daf14a4c22835aeb84f9a6f6d33a6c69ac188b84259e32a73fa4a47caa65dc63,"{""artifact"":""https://crowdin.com/project/pcsx2"",""sha256"":""f06e0c8ed095fd28f4c227c81687b8e1982de5b5deb9bef5ac2f22f209c2d7d0""}"
ee0c055da13d6637e179fd35,Load Textures,Läs in texturer,PCSX2,crowdin-current-ui-batch27-20260920,"GraphicsTextureReplacementSettingsTab
../Settings/GraphicsTextureReplacementSettingsTab.ui:40",Publiceringsförsöket nekades enligt det äldre kvittot; texten är ett lokalt granskningsförslag.,project-context,bf42222cd7f74467effd838c,reviewed-local,https://github.com/yeager/translations/blob/67e6d27877c9cfd6b6dbc74bd852b10bdbe09c3c/PCSX2/crowdin-current-ui-batch27-20260920.json,daf14a4c22835aeb84f9a6f6d33a6c69ac188b84259e32a73fa4a47caa65dc63,"{""artifact"":""https://crowdin.com/project/pcsx2"",""sha256"":""09c59ce834202eaf57f4665946e2c7b3c513cb2c0edf0ea112be9fc76bbbd73e""}"
ee37f70785a6e0528dbb16dd,Dump Replay Options,Alternativ för dumpuppspelning,PCSX2,crowdin-current-ui-batch8-20260920,"DebugGSSettingsTab
../Settings/DebugGSSettingsTab.ui:246",,project-context,035989dad593f7e31bb9118e,reviewed-receipt,https://github.com/yeager/translations/blob/67e6d27877c9cfd6b6dbc74bd852b10bdbe09c3c/PCSX2/crowdin-current-ui-batch8-20260920.json,6d671a2f5891b45d5687714706665353e2ac62d51b8d507209b9c6fd5769ca1f,"{""artifact"":""https://crowdin.com/project/pcsx2"",""sha256"":""36dd4cd7c1da7d0016fa085b087596d847d0bb110593d78d9adc8e39e55730c2""}"
ee700a574dea68719cfb919c,Medium,Medel,PCSX2,Crowdin UI,,"Granskad filleverans. Endast färdiga, aktiva översättningar tas med; detta är inte ett påstående om separat registrerat radbeslut för varje oförändrad post.",project-context,f4e8375332b5be6bf95b51c4,reviewed-file-delivery,https://crowdin.com/project/pcsx2,c5f591f1edc9553e40265bc0be0fe67c8e4252c052a1cf8ecfb524489a5aff60,{}
ef5a4da97533de92936cd340,Disable Render Fixes,Inaktivera renderingsfixar,PCSX2,crowdin-current-ui-batch25-20260920,"GraphicsHardwareFixesSettingsTab
../Settings/GraphicsHardwareFixesSettingsTab.ui:298",Publiceringsförsöket nekades enligt det äldre kvittot; texten är ett lokalt granskningsförslag.,project-context,cc295d077f813d0c2ef75274,reviewed-local,https://github.com/yeager/translations/blob/67e6d27877c9cfd6b6dbc74bd852b10bdbe09c3c/PCSX2/crowdin-current-ui-batch25-20260920.json,c686e808bea1ecea795d6bd0a3871f9ea94959e30276601f8efafda34c283479,"{""artifact"":""https://crowdin.com/project/pcsx2"",""sha256"":""1bc45b0bee63d807b5ac53a0faf876df500126d197373e3a01032e768eaacdd1""}"
ef88e7af0259a358070b49db,Use Big Picture mode,Använd Big Picture-läge,PCSX2,crowdin-current-ui-batch37-20260920,"ShortcutCreationDialog
../ShortcutCreationDialog.ui:90",,project-context,65a4154166f270bab3fc74ce,reviewed-receipt,https://github.com/yeager/translations/blob/67e6d27877c9cfd6b6dbc74bd852b10bdbe09c3c/PCSX2/crowdin-current-ui-batch37-20260920.json,3d30ac42902a2603744414716b97c7784c4b7f2491b297a70bd0590534da88f4,"{""artifact"":""https://crowdin.com/project/pcsx2"",""sha256"":""07226bfa06ffaa1ff167927ec8e65016e0d87facfaae106a751ccb58fe655970""}"
f015437cd116dc2dde08d978,Partial,Delvis,PCSX2,crowdin-current-ui-batch14-20260920,"GraphicsAdvancedSettingsTab
../Settings/GraphicsAdvancedSettingsTab.ui:181",Publiceringsförsöket nekades enligt det äldre kvittot; texten är ett lokalt granskningsförslag.,project-context,068c6e0813c5bba4c896ba0d,reviewed-local,https://github.com/yeager/translations/blob/67e6d27877c9cfd6b6dbc74bd852b10bdbe09c3c/PCSX2/crowdin-current-ui-batch14-20260920.json,9f0ff248176205a3bda2eb3f8c6f8e1ab1d89f1ac984b49ef2d06f0eb6672cce,"{""artifact"":""https://crowdin.com/project/pcsx2"",""sha256"":""93dce4af32a43d44e128d1a6dd67540a992a948fd40cd277b170d69498bd8208""}"
f05ea2d4049aaac9f1b269a7,Newline on send,Radbrytning vid sändning,PCSX2,Crowdin UI,,"Granskad filleverans. Endast färdiga, aktiva översättningar tas med; detta är inte ett påstående om separat registrerat radbeslut för varje oförändrad post.",project-context,77c1cffbc4944972edebfa61,reviewed-file-delivery,https://crowdin.com/project/pcsx2,c5f591f1edc9553e40265bc0be0fe67c8e4252c052a1cf8ecfb524489a5aff60,{}
f06838c36cdc2a9303c12fdd,CPU Sprite Render Size:,Storlek för CPU-spriterendering:,PCSX2,crowdin-current-ui-batch25-20260920,"GraphicsHardwareFixesSettingsTab
../Settings/GraphicsHardwareFixesSettingsTab.ui:201",Publiceringsförsöket nekades enligt det äldre kvittot; texten är ett lokalt granskningsförslag.,project-context,3c8fbd23ceaa05bc9bafd0b0,reviewed-local,https://github.com/yeager/translations/blob/67e6d27877c9cfd6b6dbc74bd852b10bdbe09c3c/PCSX2/crowdin-current-ui-batch25-20260920.json,c686e808bea1ecea795d6bd0a3871f9ea94959e30276601f8efafda34c283479,"{""artifact"":""https://crowdin.com/project/pcsx2"",""sha256"":""b40629b605d41f9548b76d91897f7c87cbb70e1ce8a40b24946a61fa11ea55b0""}"
f084c347dbf7dfd543c52c3c,Disable Interlace Offset,Inaktivera sammanflätningsförskjutning,PCSX2,Crowdin UI,,"Granskad filleverans. Endast färdiga, aktiva översättningar tas med; detta är inte ett påstående om separat registrerat radbeslut för varje oförändrad post.",project-context,e10b44f452dfd47883e68058,reviewed-file-delivery,https://crowdin.com/project/pcsx2,c5f591f1edc9553e40265bc0be0fe67c8e4252c052a1cf8ecfb524489a5aff60,{}
f092d1be39814fa2c3f0f58d,20x Native (~7200px),20× inbyggd (~7200 px),PCSX2,Crowdin UI,,"Granskad filleverans. Endast färdiga, aktiva översättningar tas med; detta är inte ett påstående om separat registrerat radbeslut för varje oförändrad post.",project-context,6e59f3b7f527699cb12aa9a0,reviewed-file-delivery,https://crowdin.com/project/pcsx2,c5f591f1edc9553e40265bc0be0fe67c8e4252c052a1cf8ecfb524489a5aff60,{}
f094184f409dbc85ebab2cb1,Save Draw Range Start,Start för ritningsintervall,PCSX2,crowdin-current-ui-batch4-20260920,"DebugSettingsWidget
../Settings/DebugSettingsWidget.cpp:150",,project-context,bf3927a8e060d7b0a068a7c1,reviewed-receipt,https://github.com/yeager/translations/blob/67e6d27877c9cfd6b6dbc74bd852b10bdbe09c3c/PCSX2/crowdin-current-ui-batch4-20260920.json,ba9e5644897861c8a18b34f41eeec20168b3176a59ad05fabbf37a183fc525c8,"{""artifact"":""https://crowdin.com/project/pcsx2"",""sha256"":""3e4dc698b4f47ced8f1b5d8ef57a29141d9aac029cb5ec25a51c2081a5627eb9""}"
f0b3715cea3c640e7dc55db7,Medium,Medel,PCSX2,crowdin-current-ui-batch51-20260920,"GameDatabase
../../pcsx2/GameDatabase.cpp:924",,project-context,357af9e9284332834cd2e639,reviewed-receipt,https://github.com/yeager/translations/blob/67e6d27877c9cfd6b6dbc74bd852b10bdbe09c3c/PCSX2/crowdin-current-ui-batch51-20260920.json,a8b5191343bdd297b5d152a224021320a839b19ec9afc66e6fdf7d9067e58697,"{""artifact"":""https://crowdin.com/project/pcsx2"",""sha256"":""a2b660d47c28f0a57f5470d04975d91edcad0ad6b70f28a9c8b0b56314232fe3""}"
f0bd22c3a23a200ca3715412,Failed to read header.,Det gick inte att läsa huvudet.,PCSX2,crowdin-current-ui-batch43-20260920,"GSDumpFile
../../pcsx2/GS/GSLzma.cpp:78",,project-context,351a187add08bb7a6826213b,reviewed-receipt,https://github.com/yeager/translations/blob/67e6d27877c9cfd6b6dbc74bd852b10bdbe09c3c/PCSX2/crowdin-current-ui-batch43-20260920.json,f579d21901c076c71bfe3d8f99475909dc2a77edf2cbda40a55f781cfb57432e,"{""artifact"":""https://crowdin.com/project/pcsx2"",""sha256"":""c80f99f2c5d61480a279a71960b8b3c8c1487bea5bff1d10659e18c803b70fc2""}"
f0cb5598753f88d194a9bcab,Unchecked,Avmarkerad,PCSX2,crowdin-current-ui-batch60-20260920,"DEV9SettingsWidget
../Settings/DEV9SettingsWidget.cpp:194
../Settings/DEV9SettingsWidget.cpp:200
../Settings/DEV9SettingsWidget.cpp:220
../Settings/DEV9SettingsWidget.cpp:224",Publiceringsförsöket nekades enligt det äldre kvittot; texten är ett lokalt granskningsförslag.,project-context,878e18860249e314636ea629,reviewed-local,https://github.com/yeager/translations/blob/67e6d27877c9cfd6b6dbc74bd852b10bdbe09c3c/PCSX2/crowdin-current-ui-batch60-20260920.json,8c6cbd32b1310e0a049b06bc12d78c06699e0e814d471dcdf308e46e1f1388d6,"{""artifact"":""https://crowdin.com/project/pcsx2"",""sha256"":""13e2c62c453e34583eb491dd4f9eab59e04635387ca9a917478820c9b16aa471""}"
f0f857d8b8260bf0b7af572c,Sound reset to default.,Ljudet har återställts till standardvärdet.,PCSX2,crowdin-current-ui-batch1-20260920,"FullscreenUI
../../pcsx2/ImGui/FullscreenUI_Settings.cpp:6081",,project-context,5c7147f8a385e60b864c13e9,reviewed-receipt,https://github.com/yeager/translations/blob/67e6d27877c9cfd6b6dbc74bd852b10bdbe09c3c/PCSX2/crowdin-current-ui-batch1-20260920.json,fbacbf8b449e630f42dbc651e3eb3d61f650cd4cb6d478d350f9a55ce6b87962,"{""artifact"":""https://crowdin.com/project/pcsx2"",""sha256"":""d65e732100ffff1f453cccd119d043f7dd32472c3f06a8cad8557b5e906dcca4""}"
f10aeef728c146eeb13679f7,NTSC Frame Rate,Bildrutehastighet för NTSC,PCSX2,crowdin-current-ui-batch15-20260920,"FullscreenUI
../../pcsx2/ImGui/FullscreenUI_Settings.cpp:6909",,project-context,58d6e8c6f631bbf1a16ae121,reviewed-receipt,https://github.com/yeager/translations/blob/67e6d27877c9cfd6b6dbc74bd852b10bdbe09c3c/PCSX2/crowdin-current-ui-batch15-20260920.json,9b2ebc5e4b008f5a05b2c32d2825bc90cde350d6c271bc9dbc7a0033312db467,"{""artifact"":""https://crowdin.com/project/pcsx2"",""sha256"":""9199137ba985a7317b550dc47e9ffebc45be374452f1a6797b2f38a8d25ff063""}"
f1274edb103b435cb341140e,Customize Toolbar,Anpassa verktygsfält,PCSX2,Crowdin UI,,"Granskad filleverans. Endast färdiga, aktiva översättningar tas med; detta är inte ett påstående om separat registrerat radbeslut för varje oförändrad post.",project-context,4dac7d03fbcb2045ff60f2af,reviewed-file-delivery,https://crowdin.com/project/pcsx2,c5f591f1edc9553e40265bc0be0fe67c8e4252c052a1cf8ecfb524489a5aff60,{}
f129dc3099ebaf4a8ced5a53,Enable Hardcore Mode,Aktivera hardcoreläge,PCSX2,crowdin-current-ui-batch54-20260920,"SetupWizardDialog
../SetupWizardDialog.ui:796",,project-context,cdd4e79d7935ce12b4ed33b7,reviewed-receipt,https://github.com/yeager/translations/blob/67e6d27877c9cfd6b6dbc74bd852b10bdbe09c3c/PCSX2/crowdin-current-ui-batch54-20260920.json,1ea914cd857e948af6e29d5981765e20bf4f3f3bfcd3d14fdfab548fae14eacc,"{""artifact"":""https://crowdin.com/project/pcsx2"",""sha256"":""47b16c8fbba75f6ea2add7b5f3b05575672aed493d1addc970bd3a1965deb99d""}"
f136be505262ae9ea7ea1029,22x Native (~7920px),22× inbyggd (~7920 px),PCSX2,Crowdin UI,,"Granskad filleverans. Endast färdiga, aktiva översättningar tas med; detta är inte ett påstående om separat registrerat radbeslut för varje oförändrad post.",project-context,5ddd329edfc6fae0add4fca8,reviewed-file-delivery,https://crowdin.com/project/pcsx2,c5f591f1edc9553e40265bc0be0fe67c8e4252c052a1cf8ecfb524489a5aff60,{}
f1570555b484f1862affa1a1,Disable Vertex Shader Expand,Inaktivera utökning av vertexshader,PCSX2,crowdin-current-ui-batch7-20260920,"GraphicsSettingsWidget
../Settings/GraphicsSettingsWidget.cpp:816",,project-context,98965c363b8813c05b1ef020,reviewed-receipt,https://github.com/yeager/translations/blob/67e6d27877c9cfd6b6dbc74bd852b10bdbe09c3c/PCSX2/crowdin-current-ui-batch7-20260920.json,8c630c03eadaf91965c9d87bc474586df0a53ac156826372c002fcc927248561,"{""artifact"":""https://crowdin.com/project/pcsx2"",""sha256"":""7ea95a080c1ab1acd5c516d5c747d3fadb5a83d5667646d45abea957acd2067a""}"
f15705858ca4ec7e2a1873a7,Auto,Automatisk,PCSX2,crowdin-current-ui-batch35-20260920,"FullscreenUI
../../pcsx2/ImGui/FullscreenUI_Settings.cpp:6725",,project-context,bec9e615824669d92c9a5d44,reviewed-receipt,https://github.com/yeager/translations/blob/67e6d27877c9cfd6b6dbc74bd852b10bdbe09c3c/PCSX2/crowdin-current-ui-batch35-20260920.json,6c1b597bc9480c34eadc255045e58a2413f454db5a76874db451ebfcd5d24853,"{""artifact"":""https://crowdin.com/project/pcsx2"",""sha256"":""2471f26d81e35b8bfacd2312fcef6476918b31dad7af28ac1e7ad4b675351558""}"
f1a7857e3081e4210cbff40a,Blending Accuracy:,Noggrannhet för blandning:,PCSX2,crowdin-current-ui-batch26-20260920,"GraphicsHardwareRenderingSettingsTab
../Settings/GraphicsHardwareRenderingSettingsTab.ui:211",,project-context,df1b050b1ee9c4e5245e81f0,reviewed-receipt,https://github.com/yeager/translations/blob/67e6d27877c9cfd6b6dbc74bd852b10bdbe09c3c/PCSX2/crowdin-current-ui-batch26-20260920.json,49be151dc9918b0d30da49c790d627c159af0560d66be018b2a4920b716f4063,"{""artifact"":""https://crowdin.com/project/pcsx2"",""sha256"":""dfe631f656b3ec8c1cb0e467f69e68c4512fcb2624ae14ab52a4659ac095d60f""}"
f1cc309199586510cea9ae64,Deinterlacing:,Avflätning:,PCSX2,crowdin-current-ui-batch23-20260920,"GraphicsDisplaySettingsTab
../Settings/GraphicsDisplaySettingsTab.ui:26",,project-context,9cf9d0191fd7368d3051b8d2,reviewed-receipt,https://github.com/yeager/translations/blob/67e6d27877c9cfd6b6dbc74bd852b10bdbe09c3c/PCSX2/crowdin-current-ui-batch23-20260920.json,94825b8000dc084475f7ee18208d828359829f994a9e4d0dfc9ec3c3d325f60e,"{""artifact"":""https://crowdin.com/project/pcsx2"",""sha256"":""3cd95965965e82ec76d3b08c7ea6b9b72b6ab9c3459fc22a37810960c39f5d8c""}"
f1dd66da41d3f03344853c96,Hour,Timme,PCSX2,Crowdin UI,,"Granskad filleverans. Endast färdiga, aktiva översättningar tas med; detta är inte ett påstående om separat registrerat radbeslut för varje oförändrad post.",project-context,826ba961bb51abcebac6e878,reviewed-file-delivery,https://crowdin.com/project/pcsx2,c5f591f1edc9553e40265bc0be0fe67c8e4252c052a1cf8ecfb524489a5aff60,{}
f223aa74e7505cb0eb30d100,increased,ökad,PCSX2,crowdin-current-ui-batch12-20260920,"GS
../../pcsx2/GS/GS.cpp:1190",Publiceringsförsöket nekades enligt det äldre kvittot; texten är ett lokalt granskningsförslag.,project-context,46c46489f7ae5c9b231ec289,reviewed-local,https://github.com/yeager/translations/blob/67e6d27877c9cfd6b6dbc74bd852b10bdbe09c3c/PCSX2/crowdin-current-ui-batch12-20260920.json,069c92ed85703bad78e9b4e17bd0d4fccb132ebeed9d3bedd8328dbf6ea26909,"{""artifact"":""https://crowdin.com/project/pcsx2"",""sha256"":""2df69ce7501428afe0c66a95014392e807f634dd11a7b70b82bc025a53a939ec""}"
f23e9714cb0d4c80c022e639,Enable Recompiler,Aktivera omkompilator,PCSX2,crowdin-current-ui-batch57-20260920,"FullscreenUI
../../pcsx2/ImGui/FullscreenUI_Settings.cpp:7051",,project-context,45595127f528548416ef5c75,reviewed-receipt,https://github.com/yeager/translations/blob/67e6d27877c9cfd6b6dbc74bd852b10bdbe09c3c/PCSX2/crowdin-current-ui-batch57-20260920.json,5c871fa681fe60ac837787f04a021e0897b135316665fb1695de5041b8a5e637,"{""artifact"":""https://crowdin.com/project/pcsx2"",""sha256"":""318adaf2843d60fb5de20cd7a95bb51cd685ec6e50bd77dd18cc5e2573d30cb4""}"
f298f2bf24bf0e1408813f3f,Clear Background Image,Rensa bakgrundsbild,PCSX2,crowdin-current-ui-batch39-20260920,"FullscreenUI
../../pcsx2/ImGui/FullscreenUI_Settings.cpp:6762",,project-context,d542c7731563605ff4b83d91,reviewed-receipt,https://github.com/yeager/translations/blob/67e6d27877c9cfd6b6dbc74bd852b10bdbe09c3c/PCSX2/crowdin-current-ui-batch39-20260920.json,5c31066ac744caaf0e034e89a654668452aa4f43ce104f24b8fc652c23dbfa86,"{""artifact"":""https://crowdin.com/project/pcsx2"",""sha256"":""fb1fe1594638a31a097b9004fae2d5163109c65ee68811d305806f7d8e86001a""}"
f30453b12876611c97873a30,Enable Thread Pinning,Aktivera trådfästning,PCSX2,Crowdin UI,,"Granskad filleverans. Endast färdiga, aktiva översättningar tas med; detta är inte ett påstående om separat registrerat radbeslut för varje oförändrad post.",project-context,75fa649dd98097a35a04659b,reviewed-file-delivery,https://crowdin.com/project/pcsx2,c5f591f1edc9553e40265bc0be0fe67c8e4252c052a1cf8ecfb524489a5aff60,{}
f3401b1904e5defd134995fd,OSD Margin,OSD-marginal,PCSX2,crowdin-current-ui-batch1-20260920,"FullscreenUI
../../pcsx2/ImGui/FullscreenUI_Settings.cpp:6912",Publiceringsförsöket nekades enligt det äldre kvittot; texten är ett lokalt granskningsförslag.,project-context,168af5fd0f40917207743460,reviewed-local,https://github.com/yeager/translations/blob/67e6d27877c9cfd6b6dbc74bd852b10bdbe09c3c/PCSX2/crowdin-current-ui-batch1-20260920.json,fbacbf8b449e630f42dbc651e3eb3d61f650cd4cb6d478d350f9a55ce6b87962,"{""artifact"":""https://crowdin.com/project/pcsx2"",""sha256"":""00f4a352ec10f41210204b6d824fdd04e4cd4968c8993787b4b58229b795a9d4""}"
f348ccb24c955a71a3b30ee1,Create Desktop shortcut,Skapa skrivbordsgenväg,PCSX2,Crowdin UI,,"Granskad filleverans. Endast färdiga, aktiva översättningar tas med; detta är inte ett påstående om separat registrerat radbeslut för varje oförändrad post.",project-context,28f0850df9258dd32ec401b3,reviewed-file-delivery,https://crowdin.com/project/pcsx2,c5f591f1edc9553e40265bc0be0fe67c8e4252c052a1cf8ecfb524489a5aff60,{}
f35f1c77b638e8e1a7e1b0af,On Startup & Every Frame,Vid start och varje bildruta,PCSX2,crowdin-current-ui-batch48-20260920,"Time when a patch is applied.
Patch
../../pcsx2/Patch.cpp:1844",Publiceringsförsöket nekades enligt det äldre kvittot; texten är ett lokalt granskningsförslag.,project-context,c920eff23bd3881d8ab8f733,reviewed-local,https://github.com/yeager/translations/blob/67e6d27877c9cfd6b6dbc74bd852b10bdbe09c3c/PCSX2/crowdin-current-ui-batch48-20260920.json,53a6bd5e6ff3e33c37224589c725b25f42041f0d7158bccac5d4cfdc56ac0074,"{""artifact"":""https://crowdin.com/project/pcsx2"",""sha256"":""ada60164ef786c93e2e1ec0f978b493ceaa38a645997a79d05634d4e8d86ec9c""}"
f3d0b0d66093f74d9b15649f,OSD Margin:,OSD-marginal:,PCSX2,crowdin-current-ui-batch52-20260920,"OSDSettingsWidget
../Settings/OSDSettingsWidget.ui:55",Publiceringsförsöket nekades enligt det äldre kvittot; texten är ett lokalt granskningsförslag.,project-context,824cbb0f45689c9c3d53f169,reviewed-local,https://github.com/yeager/translations/blob/67e6d27877c9cfd6b6dbc74bd852b10bdbe09c3c/PCSX2/crowdin-current-ui-batch52-20260920.json,8cfffc76ca6e36b6b86d335ad9a92ba99954d58c53ce7d299caec541e1b3ff9b,"{""artifact"":""https://crowdin.com/project/pcsx2"",""sha256"":""e90ef37030d3b26d7158b77698c197edad7188f384c5a48846a5e4e1dfc034d9""}"
f3f1927ca8476a18be674bf5,Skip Draw Range End,Slut för intervall utan ritning,PCSX2,crowdin-current-ui-batch10-20260920,"GraphicsSettingsWidget
../Settings/GraphicsSettingsWidget.cpp:594",,project-context,66b624cd5e6e248d8d798615,reviewed-receipt,https://github.com/yeager/translations/blob/67e6d27877c9cfd6b6dbc74bd852b10bdbe09c3c/PCSX2/crowdin-current-ui-batch10-20260920.json,3c14ee97d43ded3046a999eef4784f22e73a1576e3b07915345f50e5fc2d9296,"{""artifact"":""https://crowdin.com/project/pcsx2"",""sha256"":""549045a184c5961c694f305ca5bf05e42ba1ea97295bb25f7da54d543bdeb395""}"
f403e21b7fd5b30d7907d05a,Boot mode:,Startläge:,PCSX2,crowdin-current-ui-batch37-20260920,"ShortcutCreationDialog
../ShortcutCreationDialog.ui:124",,project-context,5a9db82d5b7c22a6e7a69f4b,reviewed-receipt,https://github.com/yeager/translations/blob/67e6d27877c9cfd6b6dbc74bd852b10bdbe09c3c/PCSX2/crowdin-current-ui-batch37-20260920.json,3d30ac42902a2603744414716b97c7784c4b7f2491b297a70bd0590534da88f4,"{""artifact"":""https://crowdin.com/project/pcsx2"",""sha256"":""c334117c91f31cccee63b15998193e9b85cdb50b77d1799e47eac0ed45754549""}"
f49671e42839ce6ac572197b,Standard Volume,Standardvolym,PCSX2,crowdin-current-ui-batch32-20260920,"FullscreenUI
../../pcsx2/ImGui/FullscreenUI_Settings.cpp:6938",Publiceringsförsöket nekades enligt det äldre kvittot; texten är ett lokalt granskningsförslag.,project-context,c3004fa8c1789726b04696b3,reviewed-local,https://github.com/yeager/translations/blob/67e6d27877c9cfd6b6dbc74bd852b10bdbe09c3c/PCSX2/crowdin-current-ui-batch32-20260920.json,8508e8374eb7f35a6dbd9e586bfae248023f55fcc7b6ce641daf41e2c61e9c01,"{""artifact"":""https://crowdin.com/project/pcsx2"",""sha256"":""c0b7f5bb17049590683d5859ad182c43e7627b9a654555c4e4377b5c3c6489ac""}"
f4ae5af16260464f23fa9db6,Apply Widescreen Patches,Använd bredbildskorrigeringar,PCSX2,crowdin-current-ui-batch23-20260920,"GraphicsDisplaySettingsTab
../Settings/GraphicsDisplaySettingsTab.ui:48",,project-context,a086b406bb459c4a224bfc5a,reviewed-receipt,https://github.com/yeager/translations/blob/67e6d27877c9cfd6b6dbc74bd852b10bdbe09c3c/PCSX2/crowdin-current-ui-batch23-20260920.json,94825b8000dc084475f7ee18208d828359829f994a9e4d0dfc9ec3c3d325f60e,"{""artifact"":""https://crowdin.com/project/pcsx2"",""sha256"":""9bcd6a2163b2c11634332a61ec266a9c56c61e75fcf428124033f50009cc8ec0""}"
f4c48717dbbf8c7c8c7ac1e7,Software CLUT Render:,Programvarurendering av CLUT:,PCSX2,crowdin-current-ui-batch25-20260920,"GraphicsHardwareFixesSettingsTab
../Settings/GraphicsHardwareFixesSettingsTab.ui:246",Publiceringsförsöket nekades enligt det äldre kvittot; texten är ett lokalt granskningsförslag.,project-context,b4b376209c0c208148832053,reviewed-local,https://github.com/yeager/translations/blob/67e6d27877c9cfd6b6dbc74bd852b10bdbe09c3c/PCSX2/crowdin-current-ui-batch25-20260920.json,c686e808bea1ecea795d6bd0a3871f9ea94959e30276601f8efafda34c283479,"{""artifact"":""https://crowdin.com/project/pcsx2"",""sha256"":""241c81bed41fddba6a9a063ccbc1014a246ddebac9fa0aaec0a7db6d9339a7f4""}"
f4cbbd7972ea377f6740e38f,Codec:,Kodek:,PCSX2,crowdin-current-ui-batch26-20260920,"GraphicsMediaCaptureSettingsTab
../Settings/GraphicsMediaCaptureSettingsTab.ui:155
../Settings/GraphicsMediaCaptureSettingsTab.ui:232",Publiceringsförsöket nekades enligt det äldre kvittot; texten är ett lokalt granskningsförslag.,project-context,14dd13b3fda2e9b069e77471,reviewed-local,https://github.com/yeager/translations/blob/67e6d27877c9cfd6b6dbc74bd852b10bdbe09c3c/PCSX2/crowdin-current-ui-batch26-20260920.json,49be151dc9918b0d30da49c790d627c159af0560d66be018b2a4920b716f4063,"{""artifact"":""https://crowdin.com/project/pcsx2"",""sha256"":""25aea20ed2fdc57e4448b7e4f361dbc55f0e074c8267787f2870fe70bdf7d4f0""}"
f4d1a56b6ef4ee66fc43c753,Scaling:,Skalning:,PCSX2,crowdin-current-ui-batch39-20260920,"InterfaceSettingsWidget
../Settings/InterfaceSettingsWidget.ui:280",Publiceringsförsöket nekades enligt det äldre kvittot; texten är ett lokalt granskningsförslag.,project-context,3151aed8b95dc3c405935f04,reviewed-local,https://github.com/yeager/translations/blob/67e6d27877c9cfd6b6dbc74bd852b10bdbe09c3c/PCSX2/crowdin-current-ui-batch39-20260920.json,5c31066ac744caaf0e034e89a654668452aa4f43ce104f24b8fc652c23dbfa86,"{""artifact"":""https://crowdin.com/project/pcsx2"",""sha256"":""256788d0eefc11041eb57369cd9aaa83c9633f28516cb4ae98c0e10560065891""}"
f4d56066fb301dc2af3753de,OSD Text Style:,OSD-textstil:,PCSX2,Crowdin UI,,"Granskad filleverans. Endast färdiga, aktiva översättningar tas med; detta är inte ett påstående om separat registrerat radbeslut för varje oförändrad post.",project-context,4a83aab135e08321c06e6e9f,reviewed-file-delivery,https://crowdin.com/project/pcsx2,c5f591f1edc9553e40265bc0be0fe67c8e4252c052a1cf8ecfb524489a5aff60,{}
f4e146741f1d3fd2f17a2d80,Use NTFS Compression?,Använd NTFS-komprimering?,PCSX2,crowdin-current-ui-batch18-20260920,"FullscreenUI
../../pcsx2/ImGui/FullscreenUI_Settings.cpp:6971",Publiceringsförsöket nekades enligt det äldre kvittot; texten är ett lokalt granskningsförslag.,project-context,fbe00664328e6281033a1f92,reviewed-local,https://github.com/yeager/translations/blob/67e6d27877c9cfd6b6dbc74bd852b10bdbe09c3c/PCSX2/crowdin-current-ui-batch18-20260920.json,d0045488eb1eee4246057f420111c6313a5a756b798114b9e4b249ca38af16a7,"{""artifact"":""https://crowdin.com/project/pcsx2"",""sha256"":""e0e91833cdee608649a2928677c0c303f50002baaf0795bdfc85b226ce6ba267""}"
f4e54bedd9a08b529fe183f5,None,Ingen,PCSX2,crowdin-current-ui-batch31-20260920,"InterfaceSettingsWidget
../Settings/InterfaceSettingsWidget.cpp:236
../Settings/InterfaceSettingsWidget.cpp:240",Publiceringsförsöket nekades enligt det äldre kvittot; texten är ett lokalt granskningsförslag.,project-context,aea26fdc9d157ddccaef38f3,reviewed-local,https://github.com/yeager/translations/blob/67e6d27877c9cfd6b6dbc74bd852b10bdbe09c3c/PCSX2/crowdin-current-ui-batch31-20260920.json,7f296a46b32719e99a638c81474fc3438c10c81ba7fa7f9ae7a93270e2b8c504,"{""artifact"":""https://crowdin.com/project/pcsx2"",""sha256"":""eb7f0e98b16964b12bab3c25a90ae06e0e2a2bfc6aa034c848310268ea967933""}"
f4f59f92ab1fe19df92b4d7c,Select Background Image,Välj bakgrundsbild,PCSX2,crowdin-current-ui-batch12-20260920,"FullscreenUI
../../pcsx2/ImGui/FullscreenUI_Settings.cpp:6761",Publiceringsförsöket nekades enligt det äldre kvittot; texten är ett lokalt granskningsförslag.,project-context,04334544ef2d165f6368909c,reviewed-local,https://github.com/yeager/translations/blob/67e6d27877c9cfd6b6dbc74bd852b10bdbe09c3c/PCSX2/crowdin-current-ui-batch12-20260920.json,069c92ed85703bad78e9b4e17bd0d4fccb132ebeed9d3bedd8328dbf6ea26909,"{""artifact"":""https://crowdin.com/project/pcsx2"",""sha256"":""4ad18dc3869a9b0f284129045eabf3a4ca1279ec14afb2683b1cd8923db08f32""}"
f554a65a922c2dfab886d209,Preview,Förhandsgranska,PCSX2,crowdin-current-ui-batch51-20260920,"FullscreenUI
../../pcsx2/ImGui/FullscreenUI_Settings.cpp:6991",Publiceringsförsöket nekades enligt det äldre kvittot; texten är ett lokalt granskningsförslag.,project-context,983927b716ade399516f4cb0,reviewed-local,https://github.com/yeager/translations/blob/67e6d27877c9cfd6b6dbc74bd852b10bdbe09c3c/PCSX2/crowdin-current-ui-batch51-20260920.json,a8b5191343bdd297b5d152a224021320a839b19ec9afc66e6fdf7d9067e58697,"{""artifact"":""https://crowdin.com/project/pcsx2"",""sha256"":""356b3ef2a9d3407836371fa2318d55e73d50ce4e9a3efd32b5a79b972d927ec6""}"
f61d61395874ec8c7a47d67b,Graphics Adapter,Grafikadapter,PCSX2,crowdin-current-ui-batch6-20260920,"GraphicsSettingsWidget
../Settings/GraphicsSettingsWidget.cpp:419",,project-context,35a0f5bf06835a7ca517137d,reviewed-receipt,https://github.com/yeager/translations/blob/67e6d27877c9cfd6b6dbc74bd852b10bdbe09c3c/PCSX2/crowdin-current-ui-batch6-20260920.json,eb7ae206e0c74bdc70f0bf3439bd87f935bfd8ae85feb90ab9f43919304a6c09,"{""artifact"":""https://crowdin.com/project/pcsx2"",""sha256"":""bc7d20df39eeb4457c4714ed20a3745adc705aa630ab95d518242d75b5df9836""}"
f623cea73004d4cab0eb6625,Pad,Handkontroll,PCSX2,crowdin-current-ui-batch22-20260920,"DebugLoggingSettingsTab
../Settings/DebugLoggingSettingsTab.ui:252",,project-context,8fe57628b116f07b8cecdfa7,reviewed-receipt,https://github.com/yeager/translations/blob/67e6d27877c9cfd6b6dbc74bd852b10bdbe09c3c/PCSX2/crowdin-current-ui-batch22-20260920.json,4f04c5281fafa51fe7ba74101b3c304645c8874ef28d97c8f99b5d9fe805c47e,"{""artifact"":""https://crowdin.com/project/pcsx2"",""sha256"":""4162b6efbe11e655ed8e4f83bb99d5f0959718282ed555b89e280d900c627b26""}"
f63a362e61596f7335505f45,Logging saved performance metrics,Loggar sparade prestandamått,PCSX2,crowdin-current-ui-batch63-20260920,"GS
../../pcsx2/GS/Renderers/Common/GSRenderer.cpp:977",Publiceringsförsöket nekades enligt det äldre kvittot; texten är ett lokalt granskningsförslag.,project-context,7c7a4b477a694150ad9a7dcb,reviewed-local,https://github.com/yeager/translations/blob/67e6d27877c9cfd6b6dbc74bd852b10bdbe09c3c/PCSX2/crowdin-current-ui-batch63-20260920.json,08ff78cfcd818cefe89524c4604550c53e468e64909a3ca76a582c3f0c9c5540,"{""artifact"":""https://crowdin.com/project/pcsx2"",""sha256"":""b137c2ff3c028590a1c0af0bd8d35737da2b5a2a941ba44de2227dd3fbeb38c1""}"
f65850b1d4b1e20e9d45dc85,Back,Tillbaka,PCSX2,crowdin-current-ui-batch20-20260920,"Achievements
../../pcsx2/Achievements.cpp:2546
../../pcsx2/Achievements.cpp:2554
../../pcsx2/Achievements.cpp:2565
../../pcsx2/Achievements.cpp:2573
../../pcsx2/Achievements.cpp:3508
../../pcsx2/Achievements.cpp:3516",Publiceringsförsöket nekades enligt det äldre kvittot; texten är ett lokalt granskningsförslag.,project-context,5c533f532e1d284c277deca9,reviewed-local,https://github.com/yeager/translations/blob/67e6d27877c9cfd6b6dbc74bd852b10bdbe09c3c/PCSX2/crowdin-current-ui-batch20-20260920.json,b9f3010178fb1ba2ee5cb59570e69caac32abf9f9b7229bf26b14b3a321dc236,"{""artifact"":""https://crowdin.com/project/pcsx2"",""sha256"":""a1160ff7f238379fbfa877d831206e97ca761f1828382639303caafa7dfd7cc4""}"
f69388d5b6e678157a65d425,Failed to Load State,Det gick inte att läsa in sparläget,PCSX2,crowdin-current-ui-batch40-20260920,"FullscreenUI
../../pcsx2/ImGui/FullscreenUI.cpp:4060",,project-context,799cef201f126ff52f04f53e,reviewed-receipt,https://github.com/yeager/translations/blob/67e6d27877c9cfd6b6dbc74bd852b10bdbe09c3c/PCSX2/crowdin-current-ui-batch40-20260920.json,10eda59b167a547e47b04d1ef5226a52229dce7efa17d02a4fe94908fb96ed03,"{""artifact"":""https://crowdin.com/project/pcsx2"",""sha256"":""44699bbcb6936e8071106f7b97a12b1c7f5635410fdd3c85c554d56ea9e1668b""}"
f699047910f7fc0a96332201,21x Native (~7560px),21× inbyggd (~7560 px),PCSX2,Crowdin UI,,"Granskad filleverans. Endast färdiga, aktiva översättningar tas med; detta är inte ett påstående om separat registrerat radbeslut för varje oförändrad post.",project-context,fee9c33d9ba8bb8e72e6188e,reviewed-file-delivery,https://crowdin.com/project/pcsx2,c5f591f1edc9553e40265bc0be0fe67c8e4252c052a1cf8ecfb524489a5aff60,{}
f69ec70cd6cb88ee2e23381b,Show Input Recording Status,Visa status för inmatningsinspelning,PCSX2,crowdin-current-ui-batch53-20260920,"OSDSettingsWidget
../Settings/OSDSettingsWidget.ui:414
../Settings/OSDSettingsWidget.cpp:157",Publiceringsförsöket nekades enligt det äldre kvittot; texten är ett lokalt granskningsförslag.,project-context,246173a959151ee940a4b850,reviewed-local,https://github.com/yeager/translations/blob/67e6d27877c9cfd6b6dbc74bd852b10bdbe09c3c/PCSX2/crowdin-current-ui-batch53-20260920.json,cf9e3a076b0a7a4c9da64198f8216ad33f840f37229f480c53c816b8096dd673,"{""artifact"":""https://crowdin.com/project/pcsx2"",""sha256"":""a5bd0e61406074ad0494ab7439e658acccc9fb33240092e1839be0e1ba792234""}"
f6c2dcb9545cf769f7783c8f,6 (384 Max Width),6 (maximal bredd 384),PCSX2,crowdin-current-ui-batch25-20260920,"GraphicsHardwareFixesSettingsTab
../Settings/GraphicsHardwareFixesSettingsTab.ui:105",,project-context,c42e62168fe105b8ff1cdf6a,reviewed-receipt,https://github.com/yeager/translations/blob/67e6d27877c9cfd6b6dbc74bd852b10bdbe09c3c/PCSX2/crowdin-current-ui-batch25-20260920.json,c686e808bea1ecea795d6bd0a3871f9ea94959e30276601f8efafda34c283479,"{""artifact"":""https://crowdin.com/project/pcsx2"",""sha256"":""8555c2e2e8abfde4856b0fbf295813fac971e8049475930e0f7aa703a5724a53""}"
f6ec3545cd1da7e7db4bc575,Auto Flush:,Automatisk tömning:,PCSX2,crowdin-current-ui-batch25-20260920,"GraphicsHardwareFixesSettingsTab
../Settings/GraphicsHardwareFixesSettingsTab.ui:154",Publiceringsförsöket nekades enligt det äldre kvittot; texten är ett lokalt granskningsförslag.,project-context,a5107d2b3c6821297f096fdb,reviewed-local,https://github.com/yeager/translations/blob/67e6d27877c9cfd6b6dbc74bd852b10bdbe09c3c/PCSX2/crowdin-current-ui-batch25-20260920.json,c686e808bea1ecea795d6bd0a3871f9ea94959e30276601f8efafda34c283479,"{""artifact"":""https://crowdin.com/project/pcsx2"",""sha256"":""96eec19a422881220681a183371753a6674b351a4f58f8c32c782aeaf721e9bf""}"
f7769ad63823317b4f2b6150,Hardware Download Mode:,Hämtningsläge för maskinvara:,PCSX2,crowdin-current-ui-batch14-20260920,"GraphicsAdvancedSettingsTab
../Settings/GraphicsAdvancedSettingsTab.ui:32",,project-context,8dc09032b0b0d7079f3a90f5,reviewed-receipt,https://github.com/yeager/translations/blob/67e6d27877c9cfd6b6dbc74bd852b10bdbe09c3c/PCSX2/crowdin-current-ui-batch14-20260920.json,9f0ff248176205a3bda2eb3f8c6f8e1ab1d89f1ac984b49ef2d06f0eb6672cce,"{""artifact"":""https://crowdin.com/project/pcsx2"",""sha256"":""182432504d57dc664d83b8429e7fb10bc8d3f9259b63d98bef168938c5799c93""}"
f78c4f964cd4d3834410f55b,Reset to Default,Återställ till standardvärdet,PCSX2,crowdin-current-ui-batch1-20260920,"FullscreenUI
../../pcsx2/ImGui/FullscreenUI_Settings.cpp:6992",,project-context,06f25a52064cee821c0584ce,reviewed-receipt,https://github.com/yeager/translations/blob/67e6d27877c9cfd6b6dbc74bd852b10bdbe09c3c/PCSX2/crowdin-current-ui-batch1-20260920.json,fbacbf8b449e630f42dbc651e3eb3d61f650cd4cb6d478d350f9a55ce6b87962,"{""artifact"":""https://crowdin.com/project/pcsx2"",""sha256"":""c14ec0a49318e27703a3d094b84a7ee64812f808f4252f8d2b01c1b0fced1a9f""}"
f7ba3394ed5fe800b1ac23a7,PINE Settings,PINE-inställningar,PCSX2,crowdin-current-ui-batch58-20260920,"FullscreenUI
../../pcsx2/ImGui/FullscreenUI_Settings.cpp:6446",,project-context,1456cf88306caeb1e1d56a32,reviewed-receipt,https://github.com/yeager/translations/blob/67e6d27877c9cfd6b6dbc74bd852b10bdbe09c3c/PCSX2/crowdin-current-ui-batch58-20260920.json,63dc6922c386d319276df2094a26afd341a8755f207ce8908444de581c157b66,"{""artifact"":""https://crowdin.com/project/pcsx2"",""sha256"":""48d08fb7e63f7220973c31d4d7dee56828aa55bc2aa98ec35104bf8e70d06859""}"
f8878a1978e319490ce5753d,N/A,Ej tillämpligt,PCSX2,crowdin-current-ui-batch61-20260920,"DebugSettingsWidget
../Settings/DebugSettingsWidget.cpp:150
../Settings/DebugSettingsWidget.cpp:152
../Settings/DebugSettingsWidget.cpp:154
../Settings/DebugSettingsWidget.cpp:156",,project-context,88a398cac7c9b102896b298e,reviewed-receipt,https://github.com/yeager/translations/blob/67e6d27877c9cfd6b6dbc74bd852b10bdbe09c3c/PCSX2/crowdin-current-ui-batch61-20260920.json,7d1487a8e7a6c977e135205cbfbe024e70d8199f0ee522f5ae9219965d474fa2,"{""artifact"":""https://crowdin.com/project/pcsx2"",""sha256"":""9d715d1ee69d3b837d7b7bb348e0ea53813a843da8942b9a3ecf71740c45f836""}"
f88e98deb14c1225e09533ba,Login...,Logga in …,PCSX2,Crowdin UI,,"Granskad filleverans. Endast färdiga, aktiva översättningar tas med; detta är inte ett påstående om separat registrerat radbeslut för varje oförändrad post.",project-context,84fd1cb98605452763ba24c0,reviewed-file-delivery,https://crowdin.com/project/pcsx2,c5f591f1edc9553e40265bc0be0fe67c8e4252c052a1cf8ecfb524489a5aff60,{}
f8c383cd926079bc7c724dd1,Second of the minute (0-59).,Minuts sekund (0–59).,PCSX2,Crowdin UI,,"Granskad filleverans. Endast färdiga, aktiva översättningar tas med; detta är inte ett påstående om separat registrerat radbeslut för varje oförändrad post.",project-context,fe66687b4d926e296a397b5d,reviewed-file-delivery,https://crowdin.com/project/pcsx2,c5f591f1edc9553e40265bc0be0fe67c8e4252c052a1cf8ecfb524489a5aff60,{}
f8d236c24df05e917cc398f6,7 (448 Max Width),7 (maximal bredd 448),PCSX2,crowdin-current-ui-batch25-20260920,"GraphicsHardwareFixesSettingsTab
../Settings/GraphicsHardwareFixesSettingsTab.ui:110",,project-context,7ad18ba49f30e9ce8d807b58,reviewed-receipt,https://github.com/yeager/translations/blob/67e6d27877c9cfd6b6dbc74bd852b10bdbe09c3c/PCSX2/crowdin-current-ui-batch25-20260920.json,c686e808bea1ecea795d6bd0a3871f9ea94959e30276601f8efafda34c283479,"{""artifact"":""https://crowdin.com/project/pcsx2"",""sha256"":""57a68a684d1396132846690bea9bafeffaae73afd299409206769ec0695ff3c5""}"
f8d9e5c1b49139b7f42ff2c1,Reload Patches,Läs in patchar igen,PCSX2,Crowdin UI,,"Granskad filleverans. Endast färdiga, aktiva översättningar tas med; detta är inte ett påstående om separat registrerat radbeslut för varje oförändrad post.",project-context,adcaa45fe4e453f63b56360f,reviewed-file-delivery,https://crowdin.com/project/pcsx2,c5f591f1edc9553e40265bc0be0fe67c8e4252c052a1cf8ecfb524489a5aff60,{}
f9150cabb76fa4ed26eb5481,Leaderboard Notification Duration,Varaktighet för topplistenotis,PCSX2,Crowdin UI,,"Granskad filleverans. Endast färdiga, aktiva översättningar tas med; detta är inte ett påstående om separat registrerat radbeslut för varje oförändrad post.",project-context,78f66b9bf9023d8b981fb7b6,reviewed-file-delivery,https://crowdin.com/project/pcsx2,c5f591f1edc9553e40265bc0be0fe67c8e4252c052a1cf8ecfb524489a5aff60,{}
f93321cbea188ae837c1d7ba,Use Title File Names,Använd titlar som filnamn,PCSX2,Crowdin UI,,"Granskad filleverans. Endast färdiga, aktiva översättningar tas med; detta är inte ett påstående om separat registrerat radbeslut för varje oförändrad post.",project-context,e0c3bb53e9bc3887e5d8ae48,reviewed-file-delivery,https://crowdin.com/project/pcsx2,c5f591f1edc9553e40265bc0be0fe67c8e4252c052a1cf8ecfb524489a5aff60,{}
f935cf180b3b49684509a880,Alt+Right,Alt+Höger,PCSX2,Crowdin UI,,"Granskad filleverans. Endast färdiga, aktiva översättningar tas med; detta är inte ett påstående om separat registrerat radbeslut för varje oförändrad post.",project-context,06823c307e5d809febfd4c5d,reviewed-file-delivery,https://crowdin.com/project/pcsx2,c5f591f1edc9553e40265bc0be0fe67c8e4252c052a1cf8ecfb524489a5aff60,{}
f950b6d1a26b6d84dc01a7a0,Month of the year (1-12).,Årets månad (1–12).,PCSX2,Crowdin UI,,"Granskad filleverans. Endast färdiga, aktiva översättningar tas med; detta är inte ett påstående om separat registrerat radbeslut för varje oförändrad post.",project-context,0ccb91537387a09aa4a42219,reviewed-file-delivery,https://crowdin.com/project/pcsx2,c5f591f1edc9553e40265bc0be0fe67c8e4252c052a1cf8ecfb524489a5aff60,{}
f97f6de680ac23ed1ac4e461,Day,Dag,PCSX2,Crowdin UI,,"Granskad filleverans. Endast färdiga, aktiva översättningar tas med; detta är inte ett påstående om separat registrerat radbeslut för varje oförändrad post.",project-context,b79e51366a108c361d91209d,reviewed-file-delivery,https://crowdin.com/project/pcsx2,c5f591f1edc9553e40265bc0be0fe67c8e4252c052a1cf8ecfb524489a5aff60,{}
f992da1ea2b4579f3f5bfe9c,Save Draw Range Start,Start för sparat ritintervall,PCSX2,crowdin-current-ui-batch61-20260920,"DebugSettingsWidget
../Settings/DebugSettingsWidget.cpp:150",,project-context,ea9a39d4dfe11dfaf38be4ab,reviewed-receipt,https://github.com/yeager/translations/blob/67e6d27877c9cfd6b6dbc74bd852b10bdbe09c3c/PCSX2/crowdin-current-ui-batch61-20260920.json,7d1487a8e7a6c977e135205cbfbe024e70d8199f0ee522f5ae9219965d474fa2,"{""artifact"":""https://crowdin.com/project/pcsx2"",""sha256"":""3e4dc698b4f47ced8f1b5d8ef57a29141d9aac029cb5ec25a51c2081a5627eb9""}"
f9c94c7d38e0e12074c99426,Override Texture Barriers,Åsidosätt texturbarriärer,PCSX2,crowdin-current-ui-batch7-20260920,"GraphicsSettingsWidget
../Settings/GraphicsSettingsWidget.cpp:804",,project-context,5796a4662e578b666fe39556,reviewed-receipt,https://github.com/yeager/translations/blob/67e6d27877c9cfd6b6dbc74bd852b10bdbe09c3c/PCSX2/crowdin-current-ui-batch7-20260920.json,8c630c03eadaf91965c9d87bc474586df0a53ac156826372c002fcc927248561,"{""artifact"":""https://crowdin.com/project/pcsx2"",""sha256"":""4520ebcaa6bc24d6455d7db232a5fa9e75d5a27ea0a79bb8e8f4f403d173061b""}"
fa0d4bf45da223aa387082b9,Power notches,Effektlägen,PCSX2,crowdin-current-ui-batch49-20260920,"USB
../../pcsx2/USB/usb-pad/usb-train.cpp:242",Publiceringsförsöket nekades enligt det äldre kvittot; texten är ett lokalt granskningsförslag.,project-context,40567d5320aa02688e0f2b28,reviewed-local,https://github.com/yeager/translations/blob/67e6d27877c9cfd6b6dbc74bd852b10bdbe09c3c/PCSX2/crowdin-current-ui-batch49-20260920.json,3e907fbc31b1fdfcccfc47d4a6a49ad2bfe6eb9414cebf6471f974279c345287,"{""artifact"":""https://crowdin.com/project/pcsx2"",""sha256"":""3febc257868ff136b515bbfbb12115dd17934e285a7a021e401d31dd4a8e736b""}"
fa259be8fb9ed90a555fe7d2,Texture Filtering,Texturfiltrering,PCSX2,Crowdin UI,,"Granskad filleverans. Endast färdiga, aktiva översättningar tas med; detta är inte ett påstående om separat registrerat radbeslut för varje oförändrad post.",project-context,7a6ff29a1e8fc776f6915bb6,reviewed-file-delivery,https://crowdin.com/project/pcsx2,c5f591f1edc9553e40265bc0be0fe67c8e4252c052a1cf8ecfb524489a5aff60,{}
fa3c4d5a4dbe08189b61a43c,Download Selected Family,Hämta vald familj,PCSX2,crowdin-current-ui-batch54-20260920,"OsdFontPickerDialog
../Settings/OsdFontPickerDialog.ui:154",,project-context,0a25d01e1bc391966d61969b,reviewed-receipt,https://github.com/yeager/translations/blob/67e6d27877c9cfd6b6dbc74bd852b10bdbe09c3c/PCSX2/crowdin-current-ui-batch54-20260920.json,1ea914cd857e948af6e29d5981765e20bf4f3f3bfcd3d14fdfab548fae14eacc,"{""artifact"":""https://crowdin.com/project/pcsx2"",""sha256"":""b6bba99a7a4a1ef13ed80e9d7b354a50e4f035c6e0309dbe43139af493e9aa24""}"
fa8f7d07b8a8c0f4008fefcc,Container Format,Behållarformat,PCSX2,crowdin-current-ui-batch62-20260920,"GraphicsSettingsWidget
../Settings/GraphicsSettingsWidget.cpp:738",,project-context,2de6812ca32ef50d61a60557,reviewed-receipt,https://github.com/yeager/translations/blob/67e6d27877c9cfd6b6dbc74bd852b10bdbe09c3c/PCSX2/crowdin-current-ui-batch62-20260920.json,6f455bab497aab5f47fecf4d901525cee3a927cec35cd4f2f0dc82942d40dace,"{""artifact"":""https://crowdin.com/project/pcsx2"",""sha256"":""4ecbd567726e3e376e3d6a8efd890ccdefab97f43eaa583d0ebd277d8c5cdd23""}"
fa907b975ae6ef8198de827b,Inside Target,Inuti målet,PCSX2,crowdin-current-ui-batch25-20260920,"GraphicsHardwareFixesSettingsTab
../Settings/GraphicsHardwareFixesSettingsTab.ui:49",,project-context,f84f0643e45edab0d6ebe11a,reviewed-receipt,https://github.com/yeager/translations/blob/67e6d27877c9cfd6b6dbc74bd852b10bdbe09c3c/PCSX2/crowdin-current-ui-batch25-20260920.json,c686e808bea1ecea795d6bd0a3871f9ea94959e30276601f8efafda34c283479,"{""artifact"":""https://crowdin.com/project/pcsx2"",""sha256"":""a4af55f78864ef07f19ed2cd5832e601cb6ba0873cb6542856cb11fcd86fa749""}"
fb6dc18e787f12e144627b1c,Show Patches For All CRCs,Visa patchar för alla CRC:er,PCSX2,crowdin-current-ui-batch57-20260920,"FullscreenUI
../../pcsx2/ImGui/FullscreenUI_Settings.cpp:7075",,project-context,5bb643b7fcaffc9c1e998b93,reviewed-receipt,https://github.com/yeager/translations/blob/67e6d27877c9cfd6b6dbc74bd852b10bdbe09c3c/PCSX2/crowdin-current-ui-batch57-20260920.json,5c871fa681fe60ac837787f04a021e0897b135316665fb1695de5041b8a5e637,"{""artifact"":""https://crowdin.com/project/pcsx2"",""sha256"":""2a85f37f531a94cf78d969be1a8db544f89210b6039bee793a162f14c2e47b4c""}"
fb6fcef2c6ac6cd83811d8df,Memory Card Enabled,Minneskort aktiverat,PCSX2,crowdin-current-ui-batch46-20260920,"FullscreenUI
../../pcsx2/ImGui/FullscreenUI_Settings.cpp:7094",Publiceringsförsöket nekades enligt det äldre kvittot; texten är ett lokalt granskningsförslag.,project-context,e13289aab062b1b5b6fa1c01,reviewed-local,https://github.com/yeager/translations/blob/67e6d27877c9cfd6b6dbc74bd852b10bdbe09c3c/PCSX2/crowdin-current-ui-batch46-20260920.json,5fd49be2672b59f0daff08c9e08a881d25eb868891d139d395ea94a1aba23434,"{""artifact"":""https://crowdin.com/project/pcsx2"",""sha256"":""19cffaf39a5ffccca626788cd419d6457d231038ca7767e208b51141311057fd""}"
fc04401e8e7b318b15328361,DNS2 Mode,DNS2-läge,PCSX2,crowdin-current-ui-batch3-20260920,"DEV9SettingsWidget
../Settings/DEV9SettingsWidget.cpp:216",,project-context,7c5c58172c7a67fc0fd4ac77,reviewed-receipt,https://github.com/yeager/translations/blob/67e6d27877c9cfd6b6dbc74bd852b10bdbe09c3c/PCSX2/crowdin-current-ui-batch3-20260920.json,312b703c14e788fca3d8a80055543aca887c12d491340b56e8de7abdd1dbfcb8,"{""artifact"":""https://crowdin.com/project/pcsx2"",""sha256"":""837fe08494ab43f6e6ffeeea014c225e57ccbe0da73a458b9aa7b9d48a30d596""}"
fc257cadfd33db2994e57230,Fit,Anpassa,PCSX2,crowdin-current-ui-batch12-20260920,"FullscreenUI
../../pcsx2/ImGui/FullscreenUI_Settings.cpp:6539",Publiceringsförsöket nekades enligt det äldre kvittot; texten är ett lokalt granskningsförslag.,project-context,934915d0abe3bd8acc545cfe,reviewed-local,https://github.com/yeager/translations/blob/67e6d27877c9cfd6b6dbc74bd852b10bdbe09c3c/PCSX2/crowdin-current-ui-batch12-20260920.json,069c92ed85703bad78e9b4e17bd0d4fccb132ebeed9d3bedd8328dbf6ea26909,"{""artifact"":""https://crowdin.com/project/pcsx2"",""sha256"":""cc6efd77c2347375f2c35d165ba6bee405c525247ad38a79ed89fdacf2fc0bf5""}"
fc5dfaf8f82fe86addeb36fd,"Weave (Top Field First, Sawtooth)","Weave (övre fältet först, sågtandat)",PCSX2,crowdin-current-ui-batch24-20260920,"Weave: deinterlacing method that can be translated or left as-is in English. Sawtooth: refers to the jagged effect weave deinterlacing has on motion.
GraphicsDisplaySettingsTab
../Settings/GraphicsDisplaySettingsTab.ui:240",,project-context,7255b94480882f860fd2efde,reviewed-receipt,https://github.com/yeager/translations/blob/67e6d27877c9cfd6b6dbc74bd852b10bdbe09c3c/PCSX2/crowdin-current-ui-batch24-20260920.json,ee2587e30ef9f54541bdbfb4dfcf7512e05bd487cd41e18f4834c7ff3b6d4915,"{""artifact"":""https://crowdin.com/project/pcsx2"",""sha256"":""02b4a222dbee5329716779cd0c3548d479c2e23757526b4b7e11504407aaff43""}"
fca500039471de347b5b7b69,Fill,Fyll,PCSX2,crowdin-current-ui-batch39-20260920,"FullscreenUI
../../pcsx2/ImGui/FullscreenUI_Settings.cpp:6540",Publiceringsförsöket nekades enligt det äldre kvittot; texten är ett lokalt granskningsförslag.,project-context,2d3977c8a93f657af72375bc,reviewed-local,https://github.com/yeager/translations/blob/67e6d27877c9cfd6b6dbc74bd852b10bdbe09c3c/PCSX2/crowdin-current-ui-batch39-20260920.json,5c31066ac744caaf0e034e89a654668452aa4f43ce104f24b8fc652c23dbfa86,"{""artifact"":""https://crowdin.com/project/pcsx2"",""sha256"":""fc03ea1ca70ac3e82c1bc89ff59c97d817e03afcbcd6df088d3db71a77d58f11""}"
fcec1a6c3357e5544f8bf01f,Show Inputs,Visa inmatning,PCSX2,crowdin-current-ui-batch53-20260920,"OSDSettingsWidget
../Settings/OSDSettingsWidget.ui:400
../Settings/OSDSettingsWidget.cpp:151",,project-context,51051e293191fd1932e18801,reviewed-receipt,https://github.com/yeager/translations/blob/67e6d27877c9cfd6b6dbc74bd852b10bdbe09c3c/PCSX2/crowdin-current-ui-batch53-20260920.json,cf9e3a076b0a7a4c9da64198f8216ad33f840f37229f480c53c816b8096dd673,"{""artifact"":""https://crowdin.com/project/pcsx2"",""sha256"":""69bb4777ec2991115e688a758bf86b7edd6935341bcbe73fd83033cff2fb87b6""}"
fd8e15b0a48fab8311b2f769,Save State Management,Hantera sparade tillstånd,PCSX2,crowdin-current-ui-batch10-20260920,"FullscreenUI
../../pcsx2/ImGui/FullscreenUI_Settings.cpp:6440",,project-context,b9252ba54bf91317269af034,reviewed-receipt,https://github.com/yeager/translations/blob/67e6d27877c9cfd6b6dbc74bd852b10bdbe09c3c/PCSX2/crowdin-current-ui-batch10-20260920.json,3c14ee97d43ded3046a999eef4784f22e73a1576e3b07915345f50e5fc2d9296,"{""artifact"":""https://crowdin.com/project/pcsx2"",""sha256"":""dbeabdf1e0fc80f2dfadd41fc9961424f7d73cda1fe5d12f97cef0add6e6d145""}"
fd958d7be00357b5410ee08f,Prioritize Upper Bits,Prioritera övre bitar,PCSX2,Crowdin UI,,"Granskad filleverans. Endast färdiga, aktiva översättningar tas med; detta är inte ett påstående om separat registrerat radbeslut för varje oförändrad post.",project-context,3be112165e40be29d9db4f9e,reviewed-file-delivery,https://crowdin.com/project/pcsx2,c5f591f1edc9553e40265bc0be0fe67c8e4252c052a1cf8ecfb524489a5aff60,{}
fdcee0bdfa9134e6cb074890,Integer Scaling,Heltalsskalning,PCSX2,Crowdin UI,,"Granskad filleverans. Endast färdiga, aktiva översättningar tas med; detta är inte ett påstående om separat registrerat radbeslut för varje oförändrad post.",project-context,1a137c43e6efe9f67c1611d6,reviewed-file-delivery,https://crowdin.com/project/pcsx2,c5f591f1edc9553e40265bc0be0fe67c8e4252c052a1cf8ecfb524489a5aff60,{}
fdf259b77e887e4df15752d3,Show Speed Percentages,Visa hastighetsprocent,PCSX2,Crowdin UI,,"Granskad filleverans. Endast färdiga, aktiva översättningar tas med; detta är inte ett påstående om separat registrerat radbeslut för varje oförändrad post.",project-context,d4bc5f4bcad53618a06299f4,reviewed-file-delivery,https://crowdin.com/project/pcsx2,c5f591f1edc9553e40265bc0be0fe67c8e4252c052a1cf8ecfb524489a5aff60,{}
fdfeb0eb8149e1b2ac5c776c,Saturation,Mättnad,PCSX2,crowdin-current-ui-batch57-20260920,"FullscreenUI
../../pcsx2/ImGui/FullscreenUI_Settings.cpp:6878",,project-context,2ce0049c875eeb9c83d37028,reviewed-receipt,https://github.com/yeager/translations/blob/67e6d27877c9cfd6b6dbc74bd852b10bdbe09c3c/PCSX2/crowdin-current-ui-batch57-20260920.json,5c871fa681fe60ac837787f04a021e0897b135316665fb1695de5041b8a5e637,"{""artifact"":""https://crowdin.com/project/pcsx2"",""sha256"":""8949c13d758c173dd50ff96a3d29bba17840e51276c6971bff9ae0d49d1d5010""}"
fe2d3c89937334f76c882b96,Toggle Mute,Växla ljud av/på,PCSX2,crowdin-current-ui-batch58-20260920,"MainWindow
../MainWindow.cpp:341",,project-context,755c4a5779cc6727c254b7a1,reviewed-receipt,https://github.com/yeager/translations/blob/67e6d27877c9cfd6b6dbc74bd852b10bdbe09c3c/PCSX2/crowdin-current-ui-batch58-20260920.json,63dc6922c386d319276df2094a26afd341a8755f207ce8908444de581c157b66,"{""artifact"":""https://crowdin.com/project/pcsx2"",""sha256"":""a59af7b4394c009db5e5cde1fbb1a6cc6db9276e275d542157c49bb9e861c827""}"
fe417430fec51b82b897829c,Remove,Ta bort,PCSX2,crowdin-current-ui-batch9-20260920,"ToolbarCustomizationDialog
../ToolbarCustomizationDialog.ui:78",Publiceringsförsöket nekades enligt det äldre kvittot; texten är ett lokalt granskningsförslag.,project-context,47868d0e869eb5222c56b0c4,reviewed-local,https://github.com/yeager/translations/blob/67e6d27877c9cfd6b6dbc74bd852b10bdbe09c3c/PCSX2/crowdin-current-ui-batch9-20260920.json,134204bdde884be3c2722090609773e05cd73b495e902e6f39659aa156be0139,"{""artifact"":""https://crowdin.com/project/pcsx2"",""sha256"":""6de1eb9618f6304d7496422899e4c43fc5dc3e99353ad1147dcd72a361f394e2""}"
fe85582352a512760f9f3ddb,Accurate (Recommended),Korrekt (rekommenderas),PCSX2,crowdin-current-ui-batch14-20260920,"GraphicsAdvancedSettingsTab
../Settings/GraphicsAdvancedSettingsTab.ui:43",,project-context,904327bcac3b4c81441a98e7,reviewed-receipt,https://github.com/yeager/translations/blob/67e6d27877c9cfd6b6dbc74bd852b10bdbe09c3c/PCSX2/crowdin-current-ui-batch14-20260920.json,9f0ff248176205a3bda2eb3f8c6f8e1ab1d89f1ac984b49ef2d06f0eb6672cce,"{""artifact"":""https://crowdin.com/project/pcsx2"",""sha256"":""25fd686e8abd263be2ba0d8aaed1ae470628650a7b7cc58584adf80f096d8026""}"
fea2bdf133d216b59b7014b5,OSD Messages Position,Position för OSD-meddelanden,PCSX2,crowdin-current-ui-batch53-20260920,"OSDSettingsWidget
../Settings/OSDSettingsWidget.cpp:97",,project-context,ef6da3baf0682441f2be7357,reviewed-receipt,https://github.com/yeager/translations/blob/67e6d27877c9cfd6b6dbc74bd852b10bdbe09c3c/PCSX2/crowdin-current-ui-batch53-20260920.json,cf9e3a076b0a7a4c9da64198f8216ad33f840f37229f480c53c816b8096dd673,"{""artifact"":""https://crowdin.com/project/pcsx2"",""sha256"":""629ebeff4c7493b8eea06613f6b6786579863199cc70a732ed5fca87cf5867d2""}"
ff6fb5237ae28517fd85a466,"Weave (Bottom Field First, Sawtooth)","Weave (nedre fältet först, sågtandat)",PCSX2,crowdin-current-ui-batch24-20260920,"Weave: deinterlacing method that can be translated or left as-is in English. Sawtooth: refers to the jagged effect weave deinterlacing has on motion.
GraphicsDisplaySettingsTab
../Settings/GraphicsDisplaySettingsTab.ui:245",,project-context,f3c8431ccd0299859bf4da0b,reviewed-receipt,https://github.com/yeager/translations/blob/67e6d27877c9cfd6b6dbc74bd852b10bdbe09c3c/PCSX2/crowdin-current-ui-batch24-20260920.json,ee2587e30ef9f54541bdbfb4dfcf7512e05bd487cd41e18f4834c7ff3b6d4915,"{""artifact"":""https://crowdin.com/project/pcsx2"",""sha256"":""4e592865bb5d2fa67a99133aa3ad7c81acce1faaffe94b0f5eec3e863040ad4d""}"
fff0d4b06f146d7efb04653e,Enter the IP address,Ange IP-adressen,PCSX2,crowdin-current-ui-batch34-20260920,"FullscreenUI
../../pcsx2/ImGui/FullscreenUI_Settings.cpp:6100",Publiceringsförsöket nekades enligt det äldre kvittot; texten är ett lokalt granskningsförslag.,project-context,951a9291fa811795a930e197,reviewed-local,https://github.com/yeager/translations/blob/67e6d27877c9cfd6b6dbc74bd852b10bdbe09c3c/PCSX2/crowdin-current-ui-batch34-20260920.json,8d6bc4cd53749b6ed56459f38c0244781001a3de538ab116fa6b6c047f93e6ed,"{""artifact"":""https://crowdin.com/project/pcsx2"",""sha256"":""1476d86a874bf00c97c9d55180a85df524d570c747e69d85b4c6d058a1b5b0bc""}"
