id,source,canonical,project,component,context,note,scope,review_id,publication_status,reference,evidence_sha256,source_evidence
003714ee927578dceae8e93f,Home,Startsida,SuiteCRM-Core,sv-inbound-email-810-published-20260919,$mod_strings['LBL_HOME'],,project-context,a0ae5353bebceef5b9ef3f13,reviewed-receipt,https://github.com/yeager/translations/blob/67e6d27877c9cfd6b6dbc74bd852b10bdbe09c3c/SuiteCRM-Core/sv-inbound-email-810-published-20260919.json,8ff080143649204a50f3a20eee408535d517ed526e8c4bad972910fef8c046e2,{}
005a1f299b5bf5ff2e825f99,Import Contacts,Importera kontakter,SuiteCRM-Core,sv-contacts-final-810-published-20260919,$mod_strings['LNK_IMPORT_CONTACTS'],,project-context,e3633b964dc4fc2269937042,reviewed-receipt,https://github.com/yeager/translations/blob/67e6d27877c9cfd6b6dbc74bd852b10bdbe09c3c/SuiteCRM-Core/sv-contacts-final-810-published-20260919.json,d978283a12dfb9b326a3d05a7e751d434c6e3ced5ebb9cf860d351c2ecd7f04d,{}
0079c856f4e956f995b9e776,New Outbound Email Accounts,Nya konton för utgående e-post,SuiteCRM-Core,sv-outbound-email-810-published-20260919,$mod_strings['LBL_NEW_FORM_TITLE'],,project-context,a9e79e5a69d2578a80cae202,reviewed-receipt,https://github.com/yeager/translations/blob/67e6d27877c9cfd6b6dbc74bd852b10bdbe09c3c/SuiteCRM-Core/sv-outbound-email-810-published-20260919.json,971cdcc19e79f693c13cb15c9aee0f659a84a6c378a69f16b9dae9f6b2d70244,{}
00c1ec9df8aa135c96b220a1,Employees:,Anställda:,SuiteCRM-Core,sv-accounts-a-810-published-20260919,$mod_strings['LBL_EMPLOYEES'],,project-context,bb5fa0d098d0ac37af9d4ffb,reviewed-receipt,https://github.com/yeager/translations/blob/67e6d27877c9cfd6b6dbc74bd852b10bdbe09c3c/SuiteCRM-Core/sv-accounts-a-810-published-20260919.json,ea12294a7550adccf7f3bd2ee5ba9c0f994224671cce0ee6ffbeaf4e4d1eedb2,{}
00f9d3faf5f6f482a1e0630c,Cancel,Avbryt,SuiteCRM-Core,sv-upgradewizard-810-published-20260919,$mod_strings['LBL_BUTTON_CANCEL'],,project-context,6395492035ca8107345569ab,reviewed-receipt,https://github.com/yeager/translations/blob/67e6d27877c9cfd6b6dbc74bd852b10bdbe09c3c/SuiteCRM-Core/sv-upgradewizard-810-published-20260919.json,4c5e554ea18d559c3ec8998eb3613f5413dea4c4c95bb851b4a0695c85b6ef99,{}
00fbd53ee2d3cc12b92dbf30,Account List,Företagslista,SuiteCRM-Core,sv-accounts-final-810-published-20260919,$mod_strings['LBL_LIST_FORM_TITLE'],,project-context,787cadcd429622f4fa8f0559,reviewed-receipt,https://github.com/yeager/translations/blob/67e6d27877c9cfd6b6dbc74bd852b10bdbe09c3c/SuiteCRM-Core/sv-accounts-final-810-published-20260919.json,f99b6b196fed5b4409a55d1296241bb29b890401afe16c0f8654ddadb9c6a43b,{}
010217dacf688f3ec08c9ef6,Perform Merge,Genomför sammanslagning,SuiteCRM-Core,sv-mergerecords-810-reviewed-20260919,$mod_strings['LBL_PERFORM_MERGE_BUTTON_LABEL'],,project-context,6e93a063e00fdc1df8994586,reviewed-receipt,https://github.com/yeager/translations/blob/67e6d27877c9cfd6b6dbc74bd852b10bdbe09c3c/SuiteCRM-Core/sv-mergerecords-810-reviewed-20260919.json,91986f9f225ab70510f1d592ec7ab13d102e66d6e808c70be1487daa66289884,{}
0157d86f595308d404d3d689,Upgrade Scripts in Progress,Uppgraderingsskript körs,SuiteCRM-Core,sv-upgradewizard-810-published-20260919,$mod_strings['LBL_UPGRADE_SCRIPTS_IN_PROGRESS'],,project-context,94f3b7fd11c4758cfe3497ef,reviewed-receipt,https://github.com/yeager/translations/blob/67e6d27877c9cfd6b6dbc74bd852b10bdbe09c3c/SuiteCRM-Core/sv-upgradewizard-810-published-20260919.json,4c5e554ea18d559c3ec8998eb3613f5413dea4c4c95bb851b4a0695c85b6ef99,{}
019aa1f4120c65bba6a4e4b2,Toggle All,Växla alla,SuiteCRM-Core,sv-published-20260918,$mod_strings['LBL_TOGGLE_ALL'],,project-context,d11888f16122419101755aa9,reviewed-receipt,https://github.com/yeager/translations/blob/67e6d27877c9cfd6b6dbc74bd852b10bdbe09c3c/SuiteCRM-Core/sv-published-20260918.json,e4f7faaa5625d277e7a537f5b555c2fd753d326636e98deb288463e96d6356f7,{}
01a25330415acb09581939da,Disabled,Inaktiverad,SuiteCRM-Core,sv-acl-810-published-20260919,$mod_strings['LBL_ACCESS_DISABLED'],,project-context,d8a8fa0965817feff00c7f4c,reviewed-receipt,https://github.com/yeager/translations/blob/67e6d27877c9cfd6b6dbc74bd852b10bdbe09c3c/SuiteCRM-Core/sv-acl-810-published-20260919.json,c3d79cc04f48d5a83982b3c13a5bf197dcb035625008d4cec3b1a07c4d7311de,{}
01b3099055c7bdd71eb5349d,Create Task,Skapa uppgift,SuiteCRM-Core,sv-dynamicfields-810-published-20260919,$mod_strings['LNK_NEW_TASK'],,project-context,c927b4f6945f68d88c8ff1e0,reviewed-receipt,https://github.com/yeager/translations/blob/67e6d27877c9cfd6b6dbc74bd852b10bdbe09c3c/SuiteCRM-Core/sv-dynamicfields-810-published-20260919.json,d82b264795c3f57e63f446503845cb601f29790142b6abaaf61ca77271bb3c3f,{}
01ed6cc6c17623275d658850,Sync to Outlook&reg;:,Synkronisera med Outlook&reg;:,SuiteCRM-Core,sv-contacts-final-810-published-20260919,$mod_strings['LBL_SYNC_CONTACT'],,project-context,16400f267516d83a13848d3e,reviewed-receipt,https://github.com/yeager/translations/blob/67e6d27877c9cfd6b6dbc74bd852b10bdbe09c3c/SuiteCRM-Core/sv-contacts-final-810-published-20260919.json,d978283a12dfb9b326a3d05a7e751d434c6e3ced5ebb9cf860d351c2ecd7f04d,{}
01f4d32e4c5e0bb1df8b5c2d,Security Groups,Säkerhetsgrupper,SuiteCRM-Core,sv-outbound-email-810-published-20260919,$mod_strings['LBL_SECURITYGROUPS_SUBPANEL_TITLE'],,project-context,26cb9da0f7e9cfd69fd6b0a0,reviewed-receipt,https://github.com/yeager/translations/blob/67e6d27877c9cfd6b6dbc74bd852b10bdbe09c3c/SuiteCRM-Core/sv-outbound-email-810-published-20260919.json,971cdcc19e79f693c13cb15c9aee0f659a84a6c378a69f16b9dae9f6b2d70244,{}
025fd8e8d8948c450c1006b5,Group,Grupp,SuiteCRM-Core,sv-maps-followup-810-20260919,$mod_strings['LBL_MAP_GROUP'],,project-context,f78010cf775a3f65bd7be17b,reviewed-receipt,https://github.com/yeager/translations/blob/67e6d27877c9cfd6b6dbc74bd852b10bdbe09c3c/SuiteCRM-Core/sv-maps-followup-810-20260919.json,5f224d0033386fe0f4085e2f790fcb5ab4a38846211ed394367db6ad25f4197e,"{""artifact"":""https://crowdin.com/project/suitecrm-core"",""sha256"":""622ea690f8226b445faed4d13881ced67b8f063894db1910ff245e1de619d76d""}"
026e5c774383eec0052aab8b,The import was undone.,Din senaste import är ogjord,SuiteCRM-Core,sv-import-810-reviewed-20260919,$mod_strings['LBL_LAST_IMPORT_UNDONE'],,project-context,30ab247b456a2dfa06249aaa,reviewed-receipt,https://github.com/yeager/translations/blob/67e6d27877c9cfd6b6dbc74bd852b10bdbe09c3c/SuiteCRM-Core/sv-import-810-reviewed-20260919.json,9ad9f80f27abc071d9102bbd8cefb9bc43256bdad442051d55760286d830c3b0,{}
0281adaab6d3bf777e26f646,Cancel,Avbryt,SuiteCRM-Core,sv-upgradewizard-810-published-20260919,$mod_strings['LBL_UW_TITLE_CANCEL'],,project-context,720fa5ec17af78cb0b3e02d2,reviewed-receipt,https://github.com/yeager/translations/blob/67e6d27877c9cfd6b6dbc74bd852b10bdbe09c3c/SuiteCRM-Core/sv-upgradewizard-810-published-20260919.json,4c5e554ea18d559c3ec8998eb3613f5413dea4c4c95bb851b4a0695c85b6ef99,{}
02b8d8398fd2d790c0fa9df4,Group Field for Meetings:,Gruppfält för möten:,SuiteCRM-Core,suitecrm-geocode-groups-810-20260920,$mod_strings['LBL_CONFIG_GROUP_FIELD_FOR_MEETINGS'],,project-context,43b6697ddca3c33206bb3ebd,reviewed-receipt,https://github.com/yeager/translations/blob/67e6d27877c9cfd6b6dbc74bd852b10bdbe09c3c/SuiteCRM-Core/suitecrm-geocode-groups-810-20260920.json,ad654ac15e6a6e162ab89a8427d96f4c1df338dd8c27abb43552493328c05b1a,"{""artifact"":""https://crowdin.com/project/suitecrm-core"",""sha256"":""a97feac27c8d579d39b66781904b2a141c09d678394365847d5bc652e192998d""}"
038655fc89bdac649c824cc6,website,webbplats,SuiteCRM-Core,sv-accounts-final-810-published-20260919,$mod_strings['LBL_LIST_WEBSITE'],,project-context,c08ea546fb378ecb383490e3,reviewed-receipt,https://github.com/yeager/translations/blob/67e6d27877c9cfd6b6dbc74bd852b10bdbe09c3c/SuiteCRM-Core/sv-accounts-final-810-published-20260919.json,f99b6b196fed5b4409a55d1296241bb29b890401afe16c0f8654ddadb9c6a43b,{}
03aa39f1ae0d7dd1dc7cfe0d,Find Search Records to Merge With,Steg 1: Hitta söka poster att slå ihop med,SuiteCRM-Core,sv-mergerecords-810-reviewed-20260919,$mod_strings['LBL_LBL_MERGE_RECORDS_STEP_1'],,project-context,be5f431bb42c804ac1c28382,reviewed-receipt,https://github.com/yeager/translations/blob/67e6d27877c9cfd6b6dbc74bd852b10bdbe09c3c/SuiteCRM-Core/sv-mergerecords-810-reviewed-20260919.json,91986f9f225ab70510f1d592ec7ab13d102e66d6e808c70be1487daa66289884,{}
0405a3e281a329ad6527d321,Targeted Lists,Riktade listor,SuiteCRM-Core,sv-emailmarketing-a-810-published-20260919,$mod_strings['LBL_LIST_PROSPECT_LIST_NAME'],,project-context,7307aba6ae3962578290bc62,reviewed-receipt,https://github.com/yeager/translations/blob/67e6d27877c9cfd6b6dbc74bd852b10bdbe09c3c/SuiteCRM-Core/sv-emailmarketing-a-810-published-20260919.json,84957449ddc9118eddc2b572b035053c0b63aa8200c37a30f6619f66e15777e4,{}
041b438fbe01c01fd5a6cade,Group Attribute:,Gruppattribut:,SuiteCRM-Core,sv-configurator-security-810-published-20260919,$mod_strings['LBL_LDAP_GROUP_ATTR'],,project-context,c03eac63a8f8d452748a8418,reviewed-receipt,https://github.com/yeager/translations/blob/67e6d27877c9cfd6b6dbc74bd852b10bdbe09c3c/SuiteCRM-Core/sv-configurator-security-810-published-20260919.json,b9cffb7627e0e033ecf619b158ee05a9837fda3137dd33e9dd9cc36d32c5600c,{}
0442d9b8c0219a1a07710d94,Exchange Password:,Exchange-lösenord:,SuiteCRM-Core,sv-configurator-security-810-published-20260919,$mod_strings['LBL_EXCHANGE_SMTPPASS'],,project-context,f899e7eff57b6d6d1dea3de9,reviewed-receipt,https://github.com/yeager/translations/blob/67e6d27877c9cfd6b6dbc74bd852b10bdbe09c3c/SuiteCRM-Core/sv-configurator-security-810-published-20260919.json,b9cffb7627e0e033ecf619b158ee05a9837fda3137dd33e9dd9cc36d32c5600c,{}
04431ce474deebd4a10586e5,Edit Plain Text,Redigera oformaterad text,SuiteCRM-Core,sv-published-20260918,$mod_strings['LBL_EDIT_ALT_TEXT'],,project-context,30972e1b2f18d7aea5f06816,reviewed-receipt,https://github.com/yeager/translations/blob/67e6d27877c9cfd6b6dbc74bd852b10bdbe09c3c/SuiteCRM-Core/sv-published-20260918.json,e4f7faaa5625d277e7a537f5b555c2fd753d326636e98deb288463e96d6356f7,{}
044d92b01684f3e9a1f87ec3,Password,Lösenord,SuiteCRM-Core,sv-inbound-email-810-published-20260919,$mod_strings['LBL_PASSWORD'],,project-context,39de80ca90ccd3d812fafc72,reviewed-receipt,https://github.com/yeager/translations/blob/67e6d27877c9cfd6b6dbc74bd852b10bdbe09c3c/SuiteCRM-Core/sv-inbound-email-810-published-20260919.json,8ff080143649204a50f3a20eee408535d517ed526e8c4bad972910fef8c046e2,{}
0458a6be688cb2a5171e71cf,Bounce Handling Options,Alternativ för hantering av studsade e-postmeddelanden,SuiteCRM-Core,sv-inbound-email-810-a-published-20260919,$mod_strings['LBL_EMAIL_BOUNCE_OPTIONS'],,project-context,68e38b6c397fd78408b4be7a,reviewed-receipt,https://github.com/yeager/translations/blob/67e6d27877c9cfd6b6dbc74bd852b10bdbe09c3c/SuiteCRM-Core/sv-inbound-email-810-a-published-20260919.json,67b8a04fd03d3b56d9f5e2549ac38263fc2b653e270ecd0097cbd7e2a30e424a,{}
048cc0c75a5577841f936973,Any Email:,Valfri e-postadress:,SuiteCRM-Core,sv-contacts-a-810-published-20260919,$mod_strings['LBL_ANY_EMAIL'],,project-context,cd6cf8c07fe419ac3c76e7ac,reviewed-receipt,https://github.com/yeager/translations/blob/67e6d27877c9cfd6b6dbc74bd852b10bdbe09c3c/SuiteCRM-Core/sv-contacts-a-810-published-20260919.json,10584b485e200c6f1c96340054304bbf1333d0f5bdb89bae8947c2df5c4c0947,{}
04c28ecd503dd2a976b7b7e0,"""From"" Address",Adress i fältet ”Från”,SuiteCRM-Core,sv-inbound-email-810-published-20260919,$mod_strings['LBL_FROM_ADDR'],,project-context,181e3dc60c2be720dab33260,reviewed-receipt,https://github.com/yeager/translations/blob/67e6d27877c9cfd6b6dbc74bd852b10bdbe09c3c/SuiteCRM-Core/sv-inbound-email-810-published-20260919.json,8ff080143649204a50f3a20eee408535d517ed526e8c4bad972910fef8c046e2,{}
04c5754ab027c4fc0b75d9c5,Assistant:,Assistent:,SuiteCRM-Core,sv-contacts-a-810-published-20260919,$mod_strings['LBL_ASSISTANT'],,project-context,31ccd15dedce36c01e6d6d15,reviewed-receipt,https://github.com/yeager/translations/blob/67e6d27877c9cfd6b6dbc74bd852b10bdbe09c3c/SuiteCRM-Core/sv-contacts-a-810-published-20260919.json,10584b485e200c6f1c96340054304bbf1333d0f5bdb89bae8947c2df5c4c0947,{}
04d5e447f8c1f9dc125806a7,User Roles,Användarroller,SuiteCRM-Core,sv-acl-810-published-20260919,$mod_strings['LBL_ROLES_SUBPANEL_TITLE'],,project-context,3a2501e6123bbb50a5ea694b,reviewed-receipt,https://github.com/yeager/translations/blob/67e6d27877c9cfd6b6dbc74bd852b10bdbe09c3c/SuiteCRM-Core/sv-acl-810-published-20260919.json,c3d79cc04f48d5a83982b3c13a5bf197dcb035625008d4cec3b1a07c4d7311de,{}
04ee809392ebd140dec6300f,Exchange Password:,Exchange-lösenord:,SuiteCRM-Core,sv-published-20260918,$mod_strings['LBL_EXCHANGE_SMTPPASS'],,project-context,5419cab85167f81a01576137,reviewed-receipt,https://github.com/yeager/translations/blob/67e6d27877c9cfd6b6dbc74bd852b10bdbe09c3c/SuiteCRM-Core/sv-published-20260918.json,e4f7faaa5625d277e7a537f5b555c2fd753d326636e98deb288463e96d6356f7,{}
053bb9e15989e16907f210db,Send Campaign Emails,Skicka kampanjmeddelanden,SuiteCRM-Core,sv-schedulers-810-published-20260919,$mod_strings['LBL_OOTB_SEND_EMAIL_FROM_QUEUE'],,project-context,69ae0fed0a68af17cdd6e18b,reviewed-receipt,https://github.com/yeager/translations/blob/67e6d27877c9cfd6b6dbc74bd852b10bdbe09c3c/SuiteCRM-Core/sv-schedulers-810-published-20260919.json,33eb7afe2f29dd74f08bd921b07d01bf183499e1985dd5f49edf5433b2ce22bb,{}
05a8559430df010bc2324bb0,Account Name:,Företagsnamn:,SuiteCRM-Core,sv-accounts-a-810-published-20260919,$mod_strings['LBL_ACCOUNT_NAME'],,project-context,9192767825316e23d7982900,reviewed-receipt,https://github.com/yeager/translations/blob/67e6d27877c9cfd6b6dbc74bd852b10bdbe09c3c/SuiteCRM-Core/sv-accounts-a-810-published-20260919.json,ea12294a7550adccf7f3bd2ee5ba9c0f994224671cce0ee6ffbeaf4e4d1eedb2,{}
05fa8815aae550043b16b0dc,Job,Jobb,SuiteCRM-Core,sv-schedulers-810-b-published-20260919,$mod_strings['LBL_JOB'],,project-context,cb2322e41a7775dd86b533e6,reviewed-receipt,https://github.com/yeager/translations/blob/67e6d27877c9cfd6b6dbc74bd852b10bdbe09c3c/SuiteCRM-Core/sv-schedulers-810-b-published-20260919.json,548c9bc56c99a3a7538a1074815c96920bc4435741e6d93f91e406bcee6a6c47,{}
0678c5d9fe85261db3b59d7f,Marketing Type,Marknadsföringstyp,SuiteCRM-Core,sv-emailmarketing-security-810-published-20260919,$mod_strings['LBL_MARKETING_TYPE'],,project-context,c2df802d1f5289aff674687d,reviewed-receipt,https://github.com/yeager/translations/blob/67e6d27877c9cfd6b6dbc74bd852b10bdbe09c3c/SuiteCRM-Core/sv-emailmarketing-security-810-published-20260919.json,3204b94182121e6c1d8e5d51e878c17a5e85cc78187db29beb922e12fae48b78,{}
068a49c65d0dc5a4a0092a11,Alternate Address State:,Alternativ region:,SuiteCRM-Core,sv-contacts-a-810-published-20260919,$mod_strings['LBL_ALT_ADDRESS_STATE'],,project-context,bec3d4f1fa0ae36a9457eaa8,reviewed-receipt,https://github.com/yeager/translations/blob/67e6d27877c9cfd6b6dbc74bd852b10bdbe09c3c/SuiteCRM-Core/sv-contacts-a-810-published-20260919.json,10584b485e200c6f1c96340054304bbf1333d0f5bdb89bae8947c2df5c4c0947,{}
069ec025e1f906c178b7824c,List Roles,Lista roller,SuiteCRM-Core,sv-acl-810-published-20260919,$mod_strings['LIST_ROLES'],,project-context,11cbafdcada976be2195df6b,reviewed-receipt,https://github.com/yeager/translations/blob/67e6d27877c9cfd6b6dbc74bd852b10bdbe09c3c/SuiteCRM-Core/sv-acl-810-published-20260919.json,c3d79cc04f48d5a83982b3c13a5bf197dcb035625008d4cec3b1a07c4d7311de,{}
06b9234443f01c64a7bd2abd,Delete,Ta bort,SuiteCRM-Core,sv-email-addresses-810-reviewed-20260919,$mod_strings['LBL_DELETED'],,project-context,55b68072357f91f6b2250f4a,reviewed-receipt,https://github.com/yeager/translations/blob/67e6d27877c9cfd6b6dbc74bd852b10bdbe09c3c/SuiteCRM-Core/sv-email-addresses-810-reviewed-20260919.json,274a0a2e48242ef462753efa7838ce99aa59440b092671b4eab3273704c2386d,{}
06e374d4c3bdea5a9820d638,Shipping Country:,Leveransland:,SuiteCRM-Core,sv-accounts-final-810-published-20260919,$mod_strings['LBL_SHIPPING_ADDRESS_COUNTRY'],,project-context,0fef8ba6547c657b8fcc3966,reviewed-receipt,https://github.com/yeager/translations/blob/67e6d27877c9cfd6b6dbc74bd852b10bdbe09c3c/SuiteCRM-Core/sv-accounts-final-810-published-20260919.json,f99b6b196fed5b4409a55d1296241bb29b890401afe16c0f8654ddadb9c6a43b,{}
06fc9c914ae05914c22daf8f,Subpanel Pagination Type,Sidindelningstyp för underpanel,SuiteCRM-Core,sv-published-20260918,$mod_strings['LBL_SET_SUBPANEL_PAGINATION_TYPE'],,project-context,da9d22e01879deb8ee5af00c,reviewed-receipt,https://github.com/yeager/translations/blob/67e6d27877c9cfd6b6dbc74bd852b10bdbe09c3c/SuiteCRM-Core/sv-published-20260918.json,e4f7faaa5625d277e7a537f5b555c2fd753d326636e98deb288463e96d6356f7,{}
074be9f8d0b455f3d355b9ed,Created a new contact,Skapade en ny kontakt,SuiteCRM-Core,sv-contacts-a-810-published-20260919,$mod_strings['LBL_CREATED_CONTACT'],,project-context,7c89d0b1cd5ffe0436646cef,reviewed-receipt,https://github.com/yeager/translations/blob/67e6d27877c9cfd6b6dbc74bd852b10bdbe09c3c/SuiteCRM-Core/sv-contacts-a-810-published-20260919.json,10584b485e200c6f1c96340054304bbf1333d0f5bdb89bae8947c2df5c4c0947,{}
0792bd138e34c280cee88d76,Field,Fält,SuiteCRM-Core,sv-audit-810-published-20260919,$mod_strings['LBL_FIELD_NAME'],,project-context,ec74be91bc5ed524cc1e7294,reviewed-receipt,https://github.com/yeager/translations/blob/67e6d27877c9cfd6b6dbc74bd852b10bdbe09c3c/SuiteCRM-Core/sv-audit-810-published-20260919.json,10634041ed5fb365304e7bd8110fd391ac03583013236ac071064d72738aecb1,{}
07e22160de3dbcd0b1c0430c,System Default,Systemstandard,SuiteCRM-Core,sv-inbound-email-810-b-published-20260919,$mod_strings['LBL_SYSTEM_DEFAULT'],,project-context,d755f117229f2ee84abba42c,reviewed-receipt,https://github.com/yeager/translations/blob/67e6d27877c9cfd6b6dbc74bd852b10bdbe09c3c/SuiteCRM-Core/sv-inbound-email-810-b-published-20260919.json,50c081232ca5f44c5a35c5973a58367c6d6b8e57fb93b0bf46982142cf2626a9,{}
0817391af041e3898258de70,Reminders,Påminnelser,SuiteCRM-Core,sv-published-20260918,$mod_strings['LBL_REMINDERS'],,project-context,9d778f419cb334192a22939c,reviewed-receipt,https://github.com/yeager/translations/blob/67e6d27877c9cfd6b6dbc74bd852b10bdbe09c3c/SuiteCRM-Core/sv-published-20260918.json,e4f7faaa5625d277e7a537f5b555c2fd753d326636e98deb288463e96d6356f7,{}
082d3de72ec447ba19e716ac,Id,ID,SuiteCRM-Core,sv-published-20260918,$mod_strings['LBL_ID'],,project-context,74f960abcdedf9ee0003c55a,reviewed-receipt,https://github.com/yeager/translations/blob/67e6d27877c9cfd6b6dbc74bd852b10bdbe09c3c/SuiteCRM-Core/sv-published-20260918.json,e4f7faaa5625d277e7a537f5b555c2fd753d326636e98deb288463e96d6356f7,{}
083b638a3da45bdd3ee6386e,Delete Package,Ta bort paket,SuiteCRM-Core,sv-upgradewizard-810-published-20260919,$mod_strings['LBL_BUTTON_DELETE'],,project-context,c8f3805d5e17a20d2fa7fa7a,reviewed-receipt,https://github.com/yeager/translations/blob/67e6d27877c9cfd6b6dbc74bd852b10bdbe09c3c/SuiteCRM-Core/sv-upgradewizard-810-published-20260919.json,4c5e554ea18d559c3ec8998eb3613f5413dea4c4c95bb851b4a0695c85b6ef99,{}
086827553d617a5b456384c8,Shipping Address,Leveransadress,SuiteCRM-Core,sv-maps-addresses-810-20260919,$mod_strings['LBL_SHIPPING_ADDRESS'],,project-context,2809f080ec3a9e0a1f42e41a,reviewed-receipt,https://github.com/yeager/translations/blob/67e6d27877c9cfd6b6dbc74bd852b10bdbe09c3c/SuiteCRM-Core/sv-maps-addresses-810-20260919.json,44576ef9f8dc305321c28b8abe1953a600343546e72a71706a55a867fcfcb0f0,"{""artifact"":""https://crowdin.com/project/suitecrm-core"",""sha256"":""0d7188df920100090a44261fe9fe614a6ffb725269f6a13db7f9d3e35080b7ec""}"
086a2f1ac9326482b37cda5c,Reply,Svara,SuiteCRM-Core,sv-published-20260918,$mod_strings['LBL_BUTTON_REPLY_TITLE'],,project-context,158b74525c80bef7174ead03,reviewed-receipt,https://github.com/yeager/translations/blob/67e6d27877c9cfd6b6dbc74bd852b10bdbe09c3c/SuiteCRM-Core/sv-published-20260918.json,e4f7faaa5625d277e7a537f5b555c2fd753d326636e98deb288463e96d6356f7,{}
0872c792392b63dff0c88ade,Yahoo! Mail ID:,Yahoo! Mail-ID:,SuiteCRM-Core,sv-published-20260918,$mod_strings['LBL_YAHOOMAIL_SMTPUSER'],,project-context,dea14b93f403731f1896753e,reviewed-receipt,https://github.com/yeager/translations/blob/67e6d27877c9cfd6b6dbc74bd852b10bdbe09c3c/SuiteCRM-Core/sv-published-20260918.json,e4f7faaa5625d277e7a537f5b555c2fd753d326636e98deb288463e96d6356f7,{}
08ac830c0fc427ea3bdc1a58,Email Address:,E-postadress:,SuiteCRM-Core,suitecrm-security-email-labels-810-20260920,$mod_strings['LBL_EMAIL'],,project-context,ed8577e703dd6e895614210f,reviewed-receipt,https://github.com/yeager/translations/blob/67e6d27877c9cfd6b6dbc74bd852b10bdbe09c3c/SuiteCRM-Core/suitecrm-security-email-labels-810-20260920.json,b6dda48c77c629338067f9e3ff8cd855928026b49182f47c495910dbb4b55f00,"{""artifact"":""https://crowdin.com/project/suitecrm-core"",""sha256"":""120e5a6f09cdb591cb2845feb6d4b728e6abdb987050e620cea2614f9849d9b2""}"
08ad1652e387c8ef16b01fd2,As often as possible.,Så ofta som möjligt.,SuiteCRM-Core,sv-schedulers-810-published-20260919,$mod_strings['LBL_OFTEN'],,project-context,c46c5bded8f16cd9f190c7e0,reviewed-receipt,https://github.com/yeager/translations/blob/67e6d27877c9cfd6b6dbc74bd852b10bdbe09c3c/SuiteCRM-Core/sv-schedulers-810-published-20260919.json,33eb7afe2f29dd74f08bd921b07d01bf183499e1985dd5f49edf5433b2ce22bb,{}
08b80fc29069d64c8839c661,Is SuiteCRM User,Är SuiteCRM-användare,SuiteCRM-Core,sv-published-20260918,$mod_strings['LBL_SUITE_LOGIN'],,project-context,110bae29d7a2a7a4f9a2c552,reviewed-receipt,https://github.com/yeager/translations/blob/67e6d27877c9cfd6b6dbc74bd852b10bdbe09c3c/SuiteCRM-Core/sv-published-20260918.json,e4f7faaa5625d277e7a537f5b555c2fd753d326636e98deb288463e96d6356f7,{}
08e663e65ba9705fa66b0bb9,RE:,SV:,SuiteCRM-Core,sv-inbound-email-810-a-published-20260919,$mod_strings['LBL_RE'],,project-context,11fc16e54738c9a882eb4d5f,reviewed-receipt,https://github.com/yeager/translations/blob/67e6d27877c9cfd6b6dbc74bd852b10bdbe09c3c/SuiteCRM-Core/sv-inbound-email-810-a-published-20260919.json,67b8a04fd03d3b56d9f5e2549ac38263fc2b653e270ecd0097cbd7e2a30e424a,{}
08fce1fb4fb293c7e3416a6a,Scheduler:,Schemaläggare:,SuiteCRM-Core,sv-schedulers-810-a-published-20260919,$mod_strings['LBL_LIST_NAME'],,project-context,d8e0ea33a235077c5d9b0945,reviewed-receipt,https://github.com/yeager/translations/blob/67e6d27877c9cfd6b6dbc74bd852b10bdbe09c3c/SuiteCRM-Core/sv-schedulers-810-a-published-20260919.json,3c6c981f88e16e22e571d729a4bb12cc98db47334bbe03c18d6ed0001b81d8a8,{}
095180890202018d7952d565,Choose your Email provider:,Välj e-postleverantör:,SuiteCRM-Core,sv-published-20260918,$mod_strings['LBL_CHOOSE_EMAIL_PROVIDER'],,project-context,4b10ac9f651a455ca267bac8,reviewed-receipt,https://github.com/yeager/translations/blob/67e6d27877c9cfd6b6dbc74bd852b10bdbe09c3c/SuiteCRM-Core/sv-published-20260918.json,e4f7faaa5625d277e7a537f5b555c2fd753d326636e98deb288463e96d6356f7,{}
09a1011de31aa34e5e8067e9,From Email,Från E-post,SuiteCRM-Core,sv-emailmarketing-810-reviewed-20260919,$mod_strings['LBL_LIST_FROM_ADDR'],,project-context,a4bf757e0dc0b80dedcb9472,reviewed-receipt,https://github.com/yeager/translations/blob/67e6d27877c9cfd6b6dbc74bd852b10bdbe09c3c/SuiteCRM-Core/sv-emailmarketing-810-reviewed-20260919.json,5ec4491f9b64a0da78ac62fa97360cc4e284f94d49fc10bc6c878b997b7ea8af,{}
0a1254d863542b2f84615fe5,Name:,Namn:,SuiteCRM-Core,sv-published-20260918,$mod_strings['LBL_NAME'],,project-context,47d460139d5db28eb82abf9e,reviewed-receipt,https://github.com/yeager/translations/blob/67e6d27877c9cfd6b6dbc74bd852b10bdbe09c3c/SuiteCRM-Core/sv-published-20260918.json,e4f7faaa5625d277e7a537f5b555c2fd753d326636e98deb288463e96d6356f7,{}
0a147cfa5c17d936db752739,Contact Name,Kontaktens namn,SuiteCRM-Core,sv-accounts-final-810-published-20260919,$mod_strings['LBL_LIST_CONTACT_NAME'],,project-context,af2e2b95ae63fc5010874a26,reviewed-receipt,https://github.com/yeager/translations/blob/67e6d27877c9cfd6b6dbc74bd852b10bdbe09c3c/SuiteCRM-Core/sv-accounts-final-810-published-20260919.json,f99b6b196fed5b4409a55d1296241bb29b890401afe16c0f8654ddadb9c6a43b,{}
0a1ace38be4b75ca4f3c07c4,minutes,minuter,SuiteCRM-Core,sv-schedulers-810-a-published-20260919,$mod_strings['LBL_MINUTES'],,project-context,2ee0343c3c66a05564f4a9a3,reviewed-receipt,https://github.com/yeager/translations/blob/67e6d27877c9cfd6b6dbc74bd852b10bdbe09c3c/SuiteCRM-Core/sv-schedulers-810-a-published-20260919.json,3c6c981f88e16e22e571d729a4bb12cc98db47334bbe03c18d6ed0001b81d8a8,{}
0a72c3025030a316a96cfc82,Including,Inklusive,SuiteCRM-Core,sv-upgradewizard-810-published-20260919,$mod_strings['LBL_UW_INCLUDING'],,project-context,ed1af2010e95f59c407c4345,reviewed-receipt,https://github.com/yeager/translations/blob/67e6d27877c9cfd6b6dbc74bd852b10bdbe09c3c/SuiteCRM-Core/sv-upgradewizard-810-published-20260919.json,4c5e554ea18d559c3ec8998eb3613f5413dea4c4c95bb851b4a0695c85b6ef99,{}
0a9143d0810c2ea626c3df7e,Emails to Import Per Run,E-postmeddelanden att importera per körning,SuiteCRM-Core,sv-inbound-email-810-published-20260919,$mod_strings['LBL_EMAIL_IMPORT_PER_RUN_THRESHOLD'],,project-context,2220c25ff5feed7e51b933ba,reviewed-receipt,https://github.com/yeager/translations/blob/67e6d27877c9cfd6b6dbc74bd852b10bdbe09c3c/SuiteCRM-Core/sv-inbound-email-810-published-20260919.json,8ff080143649204a50f3a20eee408535d517ed526e8c4bad972910fef8c046e2,{}
0a934a05cf61f7be3998b0a5,Last Imported Date Per Mailbox,Senast importerade datum per brevlåda,SuiteCRM-Core,sv-inbound-email-810-published-20260919,$mod_strings['LBL_MAILBOX_LAST_IMPORTED_DAYS'],,project-context,e7ffa54f2c3ad32a1208cf2a,reviewed-receipt,https://github.com/yeager/translations/blob/67e6d27877c9cfd6b6dbc74bd852b10bdbe09c3c/SuiteCRM-Core/sv-inbound-email-810-published-20260919.json,8ff080143649204a50f3a20eee408535d517ed526e8c4bad972910fef8c046e2,{}
0a9f8d7ef97825e256af3029,Email Address,E-postadress,SuiteCRM-Core,sv-accounts-final-810-published-20260919,$mod_strings['LBL_LIST_EMAIL_ADDRESS'],,project-context,f487531fc6cc438f4448c694,reviewed-receipt,https://github.com/yeager/translations/blob/67e6d27877c9cfd6b6dbc74bd852b10bdbe09c3c/SuiteCRM-Core/sv-accounts-final-810-published-20260919.json,f99b6b196fed5b4409a55d1296241bb29b890401afe16c0f8654ddadb9c6a43b,{}
0abd37b5ac0d5e48fa0d02f4,to,till,SuiteCRM-Core,sv-import-b-810-published-20260919,$mod_strings['LBL_IMPORT_RECORDS_TO'],,project-context,b3c6ff7bb72db22908a96d7d,reviewed-receipt,https://github.com/yeager/translations/blob/67e6d27877c9cfd6b6dbc74bd852b10bdbe09c3c/SuiteCRM-Core/sv-import-b-810-published-20260919.json,5f4039ac59b7e23dcc8052f95f9ba8304e9ceaa834d2b41c8057e1f955008824,{}
0ad806d2d355882ba2f7d347,Importing Records,Importerar poster,SuiteCRM-Core,sv-import-810-reviewed-20260919,$mod_strings['LBL_IMPORT_RECORDS'],,project-context,f21e39f209d1b094232fd1ad,reviewed-receipt,https://github.com/yeager/translations/blob/67e6d27877c9cfd6b6dbc74bd852b10bdbe09c3c/SuiteCRM-Core/sv-import-810-reviewed-20260919.json,9ad9f80f27abc071d9102bbd8cefb9bc43256bdad442051d55760286d830c3b0,{}
0ae709147787e6444875f1ef,Zip Support,Zip-stöd,SuiteCRM-Core,sv-upgradewizard-810-published-20260919,$mod_strings['LBL_UW_COMPLIANCE_ZIPARCHIVE'],,project-context,47857c0cddd6459314592387,reviewed-receipt,https://github.com/yeager/translations/blob/67e6d27877c9cfd6b6dbc74bd852b10bdbe09c3c/SuiteCRM-Core/sv-upgradewizard-810-published-20260919.json,4c5e554ea18d559c3ec8998eb3613f5413dea4c4c95bb851b4a0695c85b6ef99,{}
0af7a6db3676d89cef483aa5,From,Från,SuiteCRM-Core,sv-schedulers-810-a-published-20260919,$mod_strings['LBL_FROM'],,project-context,a77d9c29251d1e9cfdaeb91b,reviewed-receipt,https://github.com/yeager/translations/blob/67e6d27877c9cfd6b6dbc74bd852b10bdbe09c3c/SuiteCRM-Core/sv-schedulers-810-a-published-20260919.json,3c6c981f88e16e22e571d729a4bb12cc98db47334bbe03c18d6ed0001b81d8a8,{}
0b1bfffbbe19d2411a74c7a7,Targeted Lists,Riktade listor,SuiteCRM-Core,sv-emailmarketing-810-reviewed-20260919,$mod_strings['LBL_LIST_PROSPECT_LIST_NAME'],,project-context,e2358144c8d9d4f2a62d37bc,reviewed-receipt,https://github.com/yeager/translations/blob/67e6d27877c9cfd6b6dbc74bd852b10bdbe09c3c/SuiteCRM-Core/sv-emailmarketing-810-reviewed-20260919.json,5ec4491f9b64a0da78ac62fa97360cc4e284f94d49fc10bc6c878b997b7ea8af,{}
0b41feeed3ba94a968b6679a,Workflow,Arbetsflöde,SuiteCRM-Core,sv-upgradewizard-810-published-20260919,$mod_strings['LBL_WORKFLOW'],,project-context,dac07d45ef3c2b6ea33258d5,reviewed-receipt,https://github.com/yeager/translations/blob/67e6d27877c9cfd6b6dbc74bd852b10bdbe09c3c/SuiteCRM-Core/sv-upgradewizard-810-published-20260919.json,4c5e554ea18d559c3ec8998eb3613f5413dea4c4c95bb851b4a0695c85b6ef99,{}
0b758c65fc8e7971cee2be70,Date & Time End,Datum och tid för slut,SuiteCRM-Core,sv-schedulers-810-b-published-20260919,$mod_strings['LBL_DATE_TIME_END'],,project-context,57ce39c094f81b430812420a,reviewed-receipt,https://github.com/yeager/translations/blob/67e6d27877c9cfd6b6dbc74bd852b10bdbe09c3c/SuiteCRM-Core/sv-schedulers-810-b-published-20260919.json,548c9bc56c99a3a7538a1074815c96920bc4435741e6d93f91e406bcee6a6c47,{}
0b8a7b92242428eaff176573,Job Title:,Befattning:,SuiteCRM-Core,sv-contacts-final-810-published-20260919,$mod_strings['LBL_TITLE'],,project-context,274edc2c6c7bc69383d3aa99,reviewed-receipt,https://github.com/yeager/translations/blob/67e6d27877c9cfd6b6dbc74bd852b10bdbe09c3c/SuiteCRM-Core/sv-contacts-final-810-published-20260919.json,d978283a12dfb9b326a3d05a7e751d434c6e3ced5ebb9cf860d351c2ecd7f04d,{}
0bca5dbaadd9f6173dd5e0cc,Message Sent,Meddelandet har skickats,SuiteCRM-Core,sv-published-20260918,$mod_strings['LBL_MESSAGE_SENT'],,project-context,1ea76b789c52a0ef0af55fb1,reviewed-receipt,https://github.com/yeager/translations/blob/67e6d27877c9cfd6b6dbc74bd852b10bdbe09c3c/SuiteCRM-Core/sv-published-20260918.json,e4f7faaa5625d277e7a537f5b555c2fd753d326636e98deb288463e96d6356f7,{}
0bdc04ff2279e37344425b25,Test Settings,Testa inställningar,SuiteCRM-Core,sv-inbound-email-810-b-published-20260919,$mod_strings['LBL_POPUP_TITLE'],,project-context,7b0d9265b8145c870728056d,reviewed-receipt,https://github.com/yeager/translations/blob/67e6d27877c9cfd6b6dbc74bd852b10bdbe09c3c/SuiteCRM-Core/sv-inbound-email-810-b-published-20260919.json,50c081232ca5f44c5a35c5973a58367c6d6b8e57fb93b0bf46982142cf2626a9,{}
0bdc125167ac59965a3287fe,Shipping Postal Code:,Leveranspostnummer:,SuiteCRM-Core,sv-accounts-final-810-published-20260919,$mod_strings['LBL_SHIPPING_ADDRESS_POSTALCODE'],,project-context,6c67b8a3c51c9051151cdf6a,reviewed-receipt,https://github.com/yeager/translations/blob/67e6d27877c9cfd6b6dbc74bd852b10bdbe09c3c/SuiteCRM-Core/sv-accounts-final-810-published-20260919.json,f99b6b196fed5b4409a55d1296241bb29b890401afe16c0f8654ddadb9c6a43b,{}
0bed780223351976df660e10,Thursday,Torsdag,SuiteCRM-Core,sv-schedulers-810-a-published-20260919,$mod_strings['LBL_THU'],,project-context,bb9619247b20b0384cd7ed77,reviewed-receipt,https://github.com/yeager/translations/blob/67e6d27877c9cfd6b6dbc74bd852b10bdbe09c3c/SuiteCRM-Core/sv-schedulers-810-a-published-20260919.json,3c6c981f88e16e22e571d729a4bb12cc98db47334bbe03c18d6ed0001b81d8a8,{}
0c01b0e030404b665375cd48,Edit,Redigera,SuiteCRM-Core,sv-inbound-email-810-published-20260919,$mod_strings['LBL_EDIT_TEMPLATE'],,project-context,9f67967b4a343e5964bf6e8f,reviewed-receipt,https://github.com/yeager/translations/blob/67e6d27877c9cfd6b6dbc74bd852b10bdbe09c3c/SuiteCRM-Core/sv-inbound-email-810-published-20260919.json,8ff080143649204a50f3a20eee408535d517ed526e8c4bad972910fef8c046e2,{}
0c485a48af656623be668ae6,Prospect List,Mållista,SuiteCRM-Core,sv-published-20260918,$mod_strings['LBL_PROSPECT_LIST'],,project-context,6f778aa907ffce030fc5576f,reviewed-receipt,https://github.com/yeager/translations/blob/67e6d27877c9cfd6b6dbc74bd852b10bdbe09c3c/SuiteCRM-Core/sv-published-20260918.json,e4f7faaa5625d277e7a537f5b555c2fd753d326636e98deb288463e96d6356f7,{}
0c4a2678c3d88a86d00fb0de,Date Entered,Inmatningsdatum,SuiteCRM-Core,sv-published-20260918,$mod_strings['LBL_DATE_ENTERED'],,project-context,80e5c3f8a1224c61f276830b,reviewed-receipt,https://github.com/yeager/translations/blob/67e6d27877c9cfd6b6dbc74bd852b10bdbe09c3c/SuiteCRM-Core/sv-published-20260918.json,e4f7faaa5625d277e7a537f5b555c2fd753d326636e98deb288463e96d6356f7,{}
0c7960738d07674fb28e6073,Save Account,Spara företag,SuiteCRM-Core,sv-accounts-final-810-published-20260919,$mod_strings['LBL_SAVE_ACCOUNT'],,project-context,768d1b2ce2944ee03840b876,reviewed-receipt,https://github.com/yeager/translations/blob/67e6d27877c9cfd6b6dbc74bd852b10bdbe09c3c/SuiteCRM-Core/sv-accounts-final-810-published-20260919.json,f99b6b196fed5b4409a55d1296241bb29b890401afe16c0f8654ddadb9c6a43b,{}
0c9b568a7dc2b350bad27f94,Projects,Projekt,SuiteCRM-Core,sv-published-20260918,$mod_strings['LBL_PROJECT_SUBPANEL_TITLE'],,project-context,040b4008f25fa06e8f84ca1e,reviewed-receipt,https://github.com/yeager/translations/blob/67e6d27877c9cfd6b6dbc74bd852b10bdbe09c3c/SuiteCRM-Core/sv-published-20260918.json,e4f7faaa5625d277e7a537f5b555c2fd753d326636e98deb288463e96d6356f7,{}
0ca78b62dfc868a07576eccd,Type,Typ,SuiteCRM-Core,sv-upgradewizard-810-published-20260919,$mod_strings['LBL_ML_TYPE'],,project-context,4d2f7a87ea8698cd9f87b4a7,reviewed-receipt,https://github.com/yeager/translations/blob/67e6d27877c9cfd6b6dbc74bd852b10bdbe09c3c/SuiteCRM-Core/sv-upgradewizard-810-published-20260919.json,4c5e554ea18d559c3ec8998eb3613f5413dea4c4c95bb851b4a0695c85b6ef99,{}
0cb699e4d34bb8a6347ab982,Authentication:,Autentisering:,SuiteCRM-Core,sv-configurator-security-810-published-20260919,$mod_strings['LBL_LDAP_AUTHENTICATION'],,project-context,5a930616961582e60bbe7104,reviewed-receipt,https://github.com/yeager/translations/blob/67e6d27877c9cfd6b6dbc74bd852b10bdbe09c3c/SuiteCRM-Core/sv-configurator-security-810-published-20260919.json,b9cffb7627e0e033ecf619b158ee05a9837fda3137dd33e9dd9cc36d32c5600c,{}
0cb83ec1e9e813b654e3f1ff,Phone:,Telefon:,SuiteCRM-Core,sv-contacts-b-810-published-20260919,$mod_strings['LBL_PHONE'],,project-context,562223220598f46451f7a35c,reviewed-receipt,https://github.com/yeager/translations/blob/67e6d27877c9cfd6b6dbc74bd852b10bdbe09c3c/SuiteCRM-Core/sv-contacts-b-810-published-20260919.json,d90efd721e18c4336904231d21d618d5245ef5fdaa19153e482b76ac0409f394,{}
0cbca307784b08b3941d6daa,Email Reminder Time,Tid för e-postpåminnelse,SuiteCRM-Core,suitecrm-leads-calendar-810-20260920,$mod_strings['LBL_EMAIL_REMINDER_TIME'],,project-context,f0a0341a504f9239d38086eb,reviewed-receipt,https://github.com/yeager/translations/blob/67e6d27877c9cfd6b6dbc74bd852b10bdbe09c3c/SuiteCRM-Core/suitecrm-leads-calendar-810-20260920.json,f09234053654d39f928ce756f89b6a85cab7f923ea276bb4ee04cf838546a4a8,"{""artifact"":""https://crowdin.com/project/suitecrm-core"",""sha256"":""c0b9ab88671c34d97eb9837bf634bb983cf8e8b062a2eb241231920b587efe51""}"
0d40d1a3cdae2bf7747a03e1,View Email,Visa e-post,SuiteCRM-Core,sv-inbound-email-810-published-20260919,$mod_strings['LNK_VIEW_MY_INBOX'],,project-context,5c6a47ed19019b1f52621f56,reviewed-receipt,https://github.com/yeager/translations/blob/67e6d27877c9cfd6b6dbc74bd852b10bdbe09c3c/SuiteCRM-Core/sv-inbound-email-810-published-20260919.json,8ff080143649204a50f3a20eee408535d517ed526e8c4bad972910fef8c046e2,{}
0d505f681765570956923508,External OAuth Connection id,ID för extern OAuth-anslutning,SuiteCRM-Core,sv-outbound-email-810-published-20260919,$mod_strings['LBL_EXTERNAL_OAUTH_CONNECTION_ID'],,project-context,c3a8e624072e42862b2ffec6,reviewed-receipt,https://github.com/yeager/translations/blob/67e6d27877c9cfd6b6dbc74bd852b10bdbe09c3c/SuiteCRM-Core/sv-outbound-email-810-published-20260919.json,971cdcc19e79f693c13cb15c9aee0f659a84a6c378a69f16b9dae9f6b2d70244,{}
0d672a2add1ac0a404f174b5,Group ID,Grupp-ID,SuiteCRM-Core,sv-inbound-email-810-c-published-20260919,$mod_strings['LBL_GROUP_ID'],,project-context,223850def568bcf6efd98255,reviewed-receipt,https://github.com/yeager/translations/blob/67e6d27877c9cfd6b6dbc74bd852b10bdbe09c3c/SuiteCRM-Core/sv-inbound-email-810-c-published-20260919.json,efc326506d8e54d83cdc6cf68ddf8af5b427dbb93c869334100bc3d2383e119a,{}
0d78bebbc3f2c53149fdcbe0,Create Contact,Skapa kontakt,SuiteCRM-Core,sv-contacts-final-810-published-20260919,$mod_strings['LNK_NEW_CONTACT'],,project-context,c79aef4234161d52f412ba8f,reviewed-receipt,https://github.com/yeager/translations/blob/67e6d27877c9cfd6b6dbc74bd852b10bdbe09c3c/SuiteCRM-Core/sv-contacts-final-810-published-20260919.json,d978283a12dfb9b326a3d05a7e751d434c6e3ced5ebb9cf860d351c2ecd7f04d,{}
0d84b1968d1735b8277c81da,Enable inline editing on list view,Aktivera redigering direkt i listvyn,SuiteCRM-Core,sv-configurator-ui-810-published-20260919,$mod_strings['LBL_ENABLE_INLINE_EDITING_LIST'],,project-context,78ba407515b21a1bf69dc968,reviewed-receipt,https://github.com/yeager/translations/blob/67e6d27877c9cfd6b6dbc74bd852b10bdbe09c3c/SuiteCRM-Core/sv-configurator-ui-810-published-20260919.json,c2c1f7f6e07523183e318bd1273893e066f03c7dc66af3e9f80e12e615c6d038,{}
0d9161cf02c8fd44275724f8,Wednesday,Onsdag,SuiteCRM-Core,sv-schedulers-810-a-published-20260919,$mod_strings['LBL_WED'],,project-context,1931233c95c72c750b3b44d4,reviewed-receipt,https://github.com/yeager/translations/blob/67e6d27877c9cfd6b6dbc74bd852b10bdbe09c3c/SuiteCRM-Core/sv-schedulers-810-a-published-20260919.json,3c6c981f88e16e22e571d729a4bb12cc98db47334bbe03c18d6ed0001b81d8a8,{}
0d9742eaa3bc9e283eab3e6b,Show Advanced Options,Visa avancerade alternativ,SuiteCRM-Core,sv-schedulers-810-b-published-20260919,$mod_strings['LBL_TOGGLE_ADV'],,project-context,a5a58db2f70f5679f8c21a9b,reviewed-receipt,https://github.com/yeager/translations/blob/67e6d27877c9cfd6b6dbc74bd852b10bdbe09c3c/SuiteCRM-Core/sv-schedulers-810-b-published-20260919.json,548c9bc56c99a3a7538a1074815c96920bc4435741e6d93f91e406bcee6a6c47,{}
0d985e096d82d40fd6fa0d86,Emails:Prospect,E-post:Prospekt,SuiteCRM-Core,sv-published-20260918,$mod_strings['LBL_EMAILS_PROSPECT_REL'],,project-context,7b20ef51a35bf0141c03562b,reviewed-receipt,https://github.com/yeager/translations/blob/67e6d27877c9cfd6b6dbc74bd852b10bdbe09c3c/SuiteCRM-Core/sv-published-20260918.json,e4f7faaa5625d277e7a537f5b555c2fd753d326636e98deb288463e96d6356f7,{}
0e17ccb538b5738be10a8203,Value of Config.php setting site_url,Värde för inställningen site_url i Config.php,SuiteCRM-Core,sv-published-20260918,$mod_strings['TRACKING_ENTRIES_LOCATION_DEFAULT_VALUE'],,project-context,f342f393c7f4f7eac86d2890,reviewed-receipt,https://github.com/yeager/translations/blob/67e6d27877c9cfd6b6dbc74bd852b10bdbe09c3c/SuiteCRM-Core/sv-published-20260918.json,e4f7faaa5625d277e7a537f5b555c2fd753d326636e98deb288463e96d6356f7,{}
0e6edd60905598311f31fc20,New Migrations,Nya migreringar,SuiteCRM-Core,sv-manual-migration-tasks-810-published-20260919,$mod_strings['LBL_NEW_FORM_TITLE'],,project-context,3d73c486b1cbb1a113f72169,reviewed-receipt,https://github.com/yeager/translations/blob/67e6d27877c9cfd6b6dbc74bd852b10bdbe09c3c/SuiteCRM-Core/sv-manual-migration-tasks-810-published-20260919.json,a57c55236a2b943e110d1e9093259e3e4c7c7d8364f4be24f498eb3953ea51d0,{}
0e91c08a84bf1635ee7ad4af,Access,Åtkomst,SuiteCRM-Core,sv-acl-810-published-20260919,$mod_strings['LBL_ACTION_ACCESS'],,project-context,e04fba4938306f903dc74e33,reviewed-receipt,https://github.com/yeager/translations/blob/67e6d27877c9cfd6b6dbc74bd852b10bdbe09c3c/SuiteCRM-Core/sv-acl-810-published-20260919.json,c3d79cc04f48d5a83982b3c13a5bf197dcb035625008d4cec3b1a07c4d7311de,{}
0ec751b0209763a92fd9d3df,Enable Portal User,Aktivera portalanvändare,SuiteCRM-Core,sv-contacts-final-810-published-20260919,$mod_strings['LBL_ENABLE_PORTAL_USER'],,project-context,c99072bcd68c65bfd3180678,reviewed-receipt,https://github.com/yeager/translations/blob/67e6d27877c9cfd6b6dbc74bd852b10bdbe09c3c/SuiteCRM-Core/sv-contacts-final-810-published-20260919.json,d978283a12dfb9b326a3d05a7e751d434c6e3ced5ebb9cf860d351c2ecd7f04d,{}
0eeeef5c3ff9e81fc092ac99,Warning:,Varning:,SuiteCRM-Core,sv-schedulers-810-published-20260919,$mod_strings['LBL_WARN_CURL'],,project-context,3e11326023720a07aa227992,reviewed-receipt,https://github.com/yeager/translations/blob/67e6d27877c9cfd6b6dbc74bd852b10bdbe09c3c/SuiteCRM-Core/sv-schedulers-810-published-20260919.json,33eb7afe2f29dd74f08bd921b07d01bf183499e1985dd5f49edf5433b2ce22bb,{}
0efbb833533b9b6ea17a43c5,User Name,Användarnamn,SuiteCRM-Core,sv-published-20260918,$mod_strings['LBL_LIST_USER_NAME'],,project-context,53ff98f6a42b526622e12f39,reviewed-receipt,https://github.com/yeager/translations/blob/67e6d27877c9cfd6b6dbc74bd852b10bdbe09c3c/SuiteCRM-Core/sv-published-20260918.json,e4f7faaa5625d277e7a537f5b555c2fd753d326636e98deb288463e96d6356f7,{}
0f12e16472174a4f71ba0255,Custom (Custom Controller Logic),Anpassad (anpassad styrenhetslogik),SuiteCRM-Core,sv-maps-addresses-810-20260919,$mod_strings['LBL_ADDRESS_CUSTOM'],,project-context,0006ea9dc0b4bd820d1e000a,reviewed-receipt,https://github.com/yeager/translations/blob/67e6d27877c9cfd6b6dbc74bd852b10bdbe09c3c/SuiteCRM-Core/sv-maps-addresses-810-20260919.json,44576ef9f8dc305321c28b8abe1953a600343546e72a71706a55a867fcfcb0f0,"{""artifact"":""https://crowdin.com/project/suitecrm-core"",""sha256"":""1d454afa70e67e7bea51c785d8d579382a6739437ec62d527e52731e54f7a880""}"
0f281949b3d77de3acd05ef8,Description:,Beskrivning:,SuiteCRM-Core,sv-contacts-a-810-published-20260919,$mod_strings['LBL_DESCRIPTION'],,project-context,27024ec2b73fb81458f5a5a3,reviewed-receipt,https://github.com/yeager/translations/blob/67e6d27877c9cfd6b6dbc74bd852b10bdbe09c3c/SuiteCRM-Core/sv-contacts-a-810-published-20260919.json,10584b485e200c6f1c96340054304bbf1333d0f5bdb89bae8947c2df5c4c0947,{}
0f5b193d9db0e529cb7d1cc5,Security Groups,Säkerhetsgrupper,SuiteCRM-Core,sv-security-templates-810-published-20260919,$mod_strings['LBL_SECURITYGROUPS'],,project-context,b9dfc3c35cc5cbbbb3b34756,reviewed-receipt,https://github.com/yeager/translations/blob/67e6d27877c9cfd6b6dbc74bd852b10bdbe09c3c/SuiteCRM-Core/sv-security-templates-810-published-20260919.json,42cfd7de0f7c9957fcaa3ebff6eab3c81aa0658852c0c7be4b0c362a2fa541ab,{}
0fbc5f024f29cb6b13e94ed6,Clear,Rensa,SuiteCRM-Core,sv-published-20260918,$mod_strings['LBL_ID_FF_CLEAR'],,project-context,d061b86918d1f6db46a80337,reviewed-receipt,https://github.com/yeager/translations/blob/67e6d27877c9cfd6b6dbc74bd852b10bdbe09c3c/SuiteCRM-Core/sv-published-20260918.json,e4f7faaa5625d277e7a537f5b555c2fd753d326636e98deb288463e96d6356f7,{}
0fd7e1fe2292b23ecb1eb062,Portal Application:,Portalprogram:,SuiteCRM-Core,sv-contacts-b-810-published-20260919,$mod_strings['LBL_PORTAL_APP'],,project-context,ba88f24e78f6a4369980bae2,reviewed-receipt,https://github.com/yeager/translations/blob/67e6d27877c9cfd6b6dbc74bd852b10bdbe09c3c/SuiteCRM-Core/sv-contacts-b-810-published-20260919.json,d90efd721e18c4336904231d21d618d5245ef5fdaa19153e482b76ac0409f394,{}
0ff05957a91662443168b6ae,CONFIGS,KONFIGURATIONER,SuiteCRM-Core,sv-emailmarketing-810-reviewed-20260919,$mod_strings['LBL_CONFIGS'],,project-context,5dba8b57bda0330f86d9acc7,reviewed-receipt,https://github.com/yeager/translations/blob/67e6d27877c9cfd6b6dbc74bd852b10bdbe09c3c/SuiteCRM-Core/sv-emailmarketing-810-reviewed-20260919.json,5ec4491f9b64a0da78ac62fa97360cc4e284f94d49fc10bc6c878b997b7ea8af,{}
103bd86e094e8f9cae9ecc50,Sent Email,Skickade e-postmeddelanden,SuiteCRM-Core,sv-inbound-email-810-c-published-20260919,$mod_strings['LBL_LIST_TITLE_MY_SENT'],,project-context,a39783fd399c0bf60dc12a4b,reviewed-receipt,https://github.com/yeager/translations/blob/67e6d27877c9cfd6b6dbc74bd852b10bdbe09c3c/SuiteCRM-Core/sv-inbound-email-810-c-published-20260919.json,efc326506d8e54d83cdc6cf68ddf8af5b427dbb93c869334100bc3d2383e119a,{}
10421e672c852d8fea66fcde,Name:,Namn:,SuiteCRM-Core,sv-contacts-b-810-published-20260919,$mod_strings['LBL_NAME'],,project-context,cbe7dd854e576f61c36a0a8a,reviewed-receipt,https://github.com/yeager/translations/blob/67e6d27877c9cfd6b6dbc74bd852b10bdbe09c3c/SuiteCRM-Core/sv-contacts-b-810-published-20260919.json,d90efd721e18c4336904231d21d618d5245ef5fdaa19153e482b76ac0409f394,{}
105a5476a7b75a4562f8cc12,of,av,SuiteCRM-Core,sv-published-20260918,$mod_strings['LBL_OF'],,project-context,2906a06b1fcaad7265591751,reviewed-receipt,https://github.com/yeager/translations/blob/67e6d27877c9cfd6b6dbc74bd852b10bdbe09c3c/SuiteCRM-Core/sv-published-20260918.json,e4f7faaa5625d277e7a537f5b555c2fd753d326636e98deb288463e96d6356f7,{}
106798daf5ad0e0c17541007,Invalid Email:,Ogiltig e-postadress:,SuiteCRM-Core,sv-contacts-b-810-published-20260919,$mod_strings['LBL_INVALID_EMAIL'],,project-context,44a326ffd6468974a5e46ea5,reviewed-receipt,https://github.com/yeager/translations/blob/67e6d27877c9cfd6b6dbc74bd852b10bdbe09c3c/SuiteCRM-Core/sv-contacts-b-810-published-20260919.json,d90efd721e18c4336904231d21d618d5245ef5fdaa19153e482b76ac0409f394,{}
108032df73a35d65f6caeecf,Numeric (No Decimal),Numeriskt (Inga decimaler),SuiteCRM-Core,sv-import-810-reviewed-20260919,$mod_strings['LBL_IMPORT_FIELDDEF_INT'],,project-context,7ec40c8dd94b31e09f383f5b,reviewed-receipt,https://github.com/yeager/translations/blob/67e6d27877c9cfd6b6dbc74bd852b10bdbe09c3c/SuiteCRM-Core/sv-import-810-reviewed-20260919.json,9ad9f80f27abc071d9102bbd8cefb9bc43256bdad442051d55760286d830c3b0,{}
1087a2a26a8981fe2c06f673,Import,Importera,SuiteCRM-Core,sv-import-810-reviewed-20260919,$mod_strings['LBL_MODULE_NAME'],,project-context,a348322089d836f463600e94,reviewed-receipt,https://github.com/yeager/translations/blob/67e6d27877c9cfd6b6dbc74bd852b10bdbe09c3c/SuiteCRM-Core/sv-import-810-reviewed-20260919.json,9ad9f80f27abc071d9102bbd8cefb9bc43256bdad442051d55760286d830c3b0,{}
10989f4b090829113fdd8c31,Distribution Method,Fördelningsmetod,SuiteCRM-Core,sv-inbound-email-810-a-published-20260919,$mod_strings['LBL_DISTRIBUTION_METHOD'],,project-context,61548066d364762f51c60925,reviewed-receipt,https://github.com/yeager/translations/blob/67e6d27877c9cfd6b6dbc74bd852b10bdbe09c3c/SuiteCRM-Core/sv-inbound-email-810-a-published-20260919.json,67b8a04fd03d3b56d9f5e2549ac38263fc2b653e270ecd0097cbd7e2a30e424a,{}
10c612350ab4b40d136e2193,Auto Reply Email Template,E-postmall för autosvar,SuiteCRM-Core,sv-inbound-email-810-published-20260919,$mod_strings['LBL_AUTOREPLY_EMAIL_TEMPLATE'],,project-context,bf0bb220c69d2df5b06e9a17,reviewed-receipt,https://github.com/yeager/translations/blob/67e6d27877c9cfd6b6dbc74bd852b10bdbe09c3c/SuiteCRM-Core/sv-inbound-email-810-published-20260919.json,8ff080143649204a50f3a20eee408535d517ed526e8c4bad972910fef8c046e2,{}
10f06b95fe8c9137b54a846e,Only show recipients related to,Visa bara mottagare som är relaterade till,SuiteCRM-Core,sv-published-20260918,$mod_strings['LBL_FILTER_BY_RELATED_BEAN'],,project-context,6f666698457255ca5a5977c1,reviewed-receipt,https://github.com/yeager/translations/blob/67e6d27877c9cfd6b6dbc74bd852b10bdbe09c3c/SuiteCRM-Core/sv-published-20260918.json,e4f7faaa5625d277e7a537f5b555c2fd753d326636e98deb288463e96d6356f7,{}
10f92c358368167b42895c31,Always,Alltid,SuiteCRM-Core,sv-schedulers-810-b-published-20260919,$mod_strings['LBL_ALWAYS'],,project-context,6a5a7e14c34e1427c9a0fc84,reviewed-receipt,https://github.com/yeager/translations/blob/67e6d27877c9cfd6b6dbc74bd852b10bdbe09c3c/SuiteCRM-Core/sv-schedulers-810-b-published-20260919.json,548c9bc56c99a3a7538a1074815c96920bc4435741e6d93f91e406bcee6a6c47,{}
1119ac45ed37e3ba1ecc88a1,Campaign ID,Kampanj-ID,SuiteCRM-Core,sv-emailmarketing-810-reviewed-20260919,$mod_strings['LBL_CAMPAIGN_ID'],,project-context,0d139357ee492dad6429bb2e,reviewed-receipt,https://github.com/yeager/translations/blob/67e6d27877c9cfd6b6dbc74bd852b10bdbe09c3c/SuiteCRM-Core/sv-emailmarketing-810-reviewed-20260919.json,5ec4491f9b64a0da78ac62fa97360cc4e284f94d49fc10bc6c878b997b7ea8af,{}
1149f2c321c824254abe0339,Forward,Vidarebefordra,SuiteCRM-Core,sv-published-20260918,$mod_strings['LBL_BUTTON_FORWARD'],,project-context,05320f8768fc45f4fd3148ec,reviewed-receipt,https://github.com/yeager/translations/blob/67e6d27877c9cfd6b6dbc74bd852b10bdbe09c3c/SuiteCRM-Core/sv-published-20260918.json,e4f7faaa5625d277e7a537f5b555c2fd753d326636e98deb288463e96d6356f7,{}
115dc656c7cb6e3b7b8ad9db,User DN:,Användar-DN:,SuiteCRM-Core,sv-configurator-security-810-published-20260919,$mod_strings['LBL_LDAP_USER_DN'],,project-context,884bf7b98a43ae37a10937f1,reviewed-receipt,https://github.com/yeager/translations/blob/67e6d27877c9cfd6b6dbc74bd852b10bdbe09c3c/SuiteCRM-Core/sv-configurator-security-810-published-20260919.json,b9cffb7627e0e033ecf619b158ee05a9837fda3137dd33e9dd9cc36d32c5600c,{}
1163ae0441ebbee4a426a08a,In order to run SuiteCRM Schedulers,För att köra SuiteCRM-schemaläggare,SuiteCRM-Core,sv-schedulers-810-published-20260919,$mod_strings['LBL_CRON_LINUX_DESC1'],,project-context,1c4dfc65845ddbaf9e6cfef7,reviewed-receipt,https://github.com/yeager/translations/blob/67e6d27877c9cfd6b6dbc74bd852b10bdbe09c3c/SuiteCRM-Core/sv-schedulers-810-published-20260919.json,33eb7afe2f29dd74f08bd921b07d01bf183499e1985dd5f49edf5433b2ce22bb,{}
116c81f60161e9d7ed9a4409,Invalid Email:,Ogiltig e-postadress:,SuiteCRM-Core,sv-accounts-a-810-published-20260919,$mod_strings['LBL_INVALID_EMAIL'],,project-context,cd261751deb855e1d54f25d5,reviewed-receipt,https://github.com/yeager/translations/blob/67e6d27877c9cfd6b6dbc74bd852b10bdbe09c3c/SuiteCRM-Core/sv-accounts-a-810-published-20260919.json,ea12294a7550adccf7f3bd2ee5ba9c0f994224671cce0ee6ffbeaf4e4d1eedb2,{}
11aa027b62cd8d8558927cf0,Schedule Meeting,Schemalägg möte,SuiteCRM-Core,sv-dynamicfields-810-published-20260919,$mod_strings['LNK_NEW_MEETING'],,project-context,652de9e3b4e5e80517563a99,reviewed-receipt,https://github.com/yeager/translations/blob/67e6d27877c9cfd6b6dbc74bd852b10bdbe09c3c/SuiteCRM-Core/sv-dynamicfields-810-published-20260919.json,d82b264795c3f57e63f446503845cb601f29790142b6abaaf61ca77271bb3c3f,{}
11aaa3d8a2cbc8e1a27707a1,SMTP server settings required first.,SMTP-serverinställningar krävs först.,SuiteCRM-Core,sv-published-20260918,$mod_strings['ERR_USER_FACTOR_SMTP_REQUIRED'],,project-context,8b2e48aa060234393142ee3c,reviewed-receipt,https://github.com/yeager/translations/blob/67e6d27877c9cfd6b6dbc74bd852b10bdbe09c3c/SuiteCRM-Core/sv-published-20260918.json,e4f7faaa5625d277e7a537f5b555c2fd753d326636e98deb288463e96d6356f7,{}
11da0c9dd3b7a61b0534ee9b,Prospect List,Prospektlista,SuiteCRM-Core,sv-contacts-final-810-published-20260919,$mod_strings['LBL_PROSPECT_LIST'],,project-context,2a99f4f7bee265fd5d307895,reviewed-receipt,https://github.com/yeager/translations/blob/67e6d27877c9cfd6b6dbc74bd852b10bdbe09c3c/SuiteCRM-Core/sv-contacts-final-810-published-20260919.json,d978283a12dfb9b326a3d05a7e751d434c6e3ced5ebb9cf860d351c2ecd7f04d,{}
11ea094d9c5c49457e35afd6,Today,I dag,SuiteCRM-Core,sv-published-20260918,$mod_strings['LNK_VIEW_CALENDAR'],,project-context,77c5cf5accd0454429015233,reviewed-receipt,https://github.com/yeager/translations/blob/67e6d27877c9cfd6b6dbc74bd852b10bdbe09c3c/SuiteCRM-Core/sv-published-20260918.json,e4f7faaa5625d277e7a537f5b555c2fd753d326636e98deb288463e96d6356f7,{}
1209c8295e142415f80b14f3,Email,E-post,SuiteCRM-Core,sv-inbound-email-810-published-20260919,$mod_strings['LNK_MY_INBOX'],,project-context,46fb5c638e3e52735417c3c4,reviewed-receipt,https://github.com/yeager/translations/blob/67e6d27877c9cfd6b6dbc74bd852b10bdbe09c3c/SuiteCRM-Core/sv-inbound-email-810-published-20260919.json,8ff080143649204a50f3a20eee408535d517ed526e8c4bad972910fef8c046e2,{}
121ba5bd8ae507c1f1f1a32a,Sent Emails,Skickade e-postmeddelanden,SuiteCRM-Core,sv-published-20260918,$mod_strings['LBL_LIST_FORM_SENT_TITLE'],,project-context,ac5f826da461c2391fcafc43,reviewed-receipt,https://github.com/yeager/translations/blob/67e6d27877c9cfd6b6dbc74bd852b10bdbe09c3c/SuiteCRM-Core/sv-published-20260918.json,e4f7faaa5625d277e7a537f5b555c2fd753d326636e98deb288463e96d6356f7,{}
1234a3452faab44380521a89,Save Contact,Spara kontakt,SuiteCRM-Core,sv-contacts-final-810-published-20260919,$mod_strings['LBL_SAVE_CONTACT'],,project-context,156020e9101545c4246f17ee,reviewed-receipt,https://github.com/yeager/translations/blob/67e6d27877c9cfd6b6dbc74bd852b10bdbe09c3c/SuiteCRM-Core/sv-contacts-final-810-published-20260919.json,d978283a12dfb9b326a3d05a7e751d434c6e3ced5ebb9cf860d351c2ecd7f04d,{}
12932761cb48693300a7d754,Created by: ,Skapad av: ,SuiteCRM-Core,sv-emailmarketing-810-reviewed-20260919,$mod_strings['LBL_CREATED_BY'],,project-context,76bc712ca972e21f8d4cba81,reviewed-receipt,https://github.com/yeager/translations/blob/67e6d27877c9cfd6b6dbc74bd852b10bdbe09c3c/SuiteCRM-Core/sv-emailmarketing-810-reviewed-20260919.json,5ec4491f9b64a0da78ac62fa97360cc4e284f94d49fc10bc6c878b997b7ea8af,{}
12b2d4bc26d41cb247516ede,Location,Plats,SuiteCRM-Core,sv-published-20260918,$mod_strings['LBL_LOCATION_ONLY'],,project-context,b225ca46cd3d0f85776339b0,reviewed-receipt,https://github.com/yeager/translations/blob/67e6d27877c9cfd6b6dbc74bd852b10bdbe09c3c/SuiteCRM-Core/sv-published-20260918.json,e4f7faaa5625d277e7a537f5b555c2fd753d326636e98deb288463e96d6356f7,{}
12ed2f80487c9d9d2f90171a,Remove Field,Ta bort fält,SuiteCRM-Core,sv-import-810-reviewed-20260919,$mod_strings['LBL_REMOVE_ROW'],,project-context,22333b6b9e007e8020250256,reviewed-receipt,https://github.com/yeager/translations/blob/67e6d27877c9cfd6b6dbc74bd852b10bdbe09c3c/SuiteCRM-Core/sv-import-810-reviewed-20260919.json,9ad9f80f27abc071d9102bbd8cefb9bc43256bdad442051d55760286d830c3b0,{}
131f137c840d37ef9df7179a,External Authentication,Extern autentisering,SuiteCRM-Core,sv-published-20260918,$mod_strings['LBL_EXT_AUTHENTICATE'],,project-context,ce6eb4a238c5781c3738a33e,reviewed-receipt,https://github.com/yeager/translations/blob/67e6d27877c9cfd6b6dbc74bd852b10bdbe09c3c/SuiteCRM-Core/sv-published-20260918.json,e4f7faaa5625d277e7a537f5b555c2fd753d326636e98deb288463e96d6356f7,{}
1381792869bec1387954153e,Sent Emails,Skickade e-postmeddelanden,SuiteCRM-Core,sv-inbound-email-810-published-20260919,$mod_strings['LNK_SENT_EMAIL_LIST'],,project-context,bf313df6967400913f9d6224,reviewed-receipt,https://github.com/yeager/translations/blob/67e6d27877c9cfd6b6dbc74bd852b10bdbe09c3c/SuiteCRM-Core/sv-inbound-email-810-published-20260919.json,8ff080143649204a50f3a20eee408535d517ed526e8c4bad972910fef8c046e2,{}
13d96d296b8f353940264c6c,Run Email Reminder Notifications,Kör e-postpåminnelseaviseringar,SuiteCRM-Core,sv-schedulers-810-a-published-20260919,$mod_strings['LBL_OOTB_SEND_EMAIL_REMINDERS'],,project-context,e4ac93230556ecbefa0b1b1e,reviewed-receipt,https://github.com/yeager/translations/blob/67e6d27877c9cfd6b6dbc74bd852b10bdbe09c3c/SuiteCRM-Core/sv-schedulers-810-a-published-20260919.json,3c6c981f88e16e22e571d729a4bb12cc98db47334bbe03c18d6ed0001b81d8a8,{}
14a2d491af3021db77bcae73,OAuth Tokens,OAuth-token,SuiteCRM-Core,sv-employees-security-810-published-20260919,$mod_strings['LBL_OAUTH_TOKENS'],,project-context,76139a343731b95d352535ae,reviewed-receipt,https://github.com/yeager/translations/blob/67e6d27877c9cfd6b6dbc74bd852b10bdbe09c3c/SuiteCRM-Core/sv-employees-security-810-published-20260919.json,0af5647a410b8b948d2b7498e41e35be9fc19bfac0e70ffc12f65b2f3384a1b2,{}
14ac6f891ac5076928642c01,Date Modified:,Ändringsdatum:,SuiteCRM-Core,sv-contacts-a-810-published-20260919,$mod_strings['LBL_DATE_MODIFIED'],,project-context,65c6ddecf0eb721c3d5fccce,reviewed-receipt,https://github.com/yeager/translations/blob/67e6d27877c9cfd6b6dbc74bd852b10bdbe09c3c/SuiteCRM-Core/sv-contacts-a-810-published-20260919.json,10584b485e200c6f1c96340054304bbf1333d0f5bdb89bae8947c2df5c4c0947,{}
14b25ebd0e6835adaead545a,Send Scheduled Emails to Email Queue,Skicka schemalagda e-postmeddelanden till e-postkön,SuiteCRM-Core,sv-schedulers-810-published-20260919,$mod_strings['LBL_EMAILTOQUEUE'],,project-context,1ddbaa089d80e307777682f4,reviewed-receipt,https://github.com/yeager/translations/blob/67e6d27877c9cfd6b6dbc74bd852b10bdbe09c3c/SuiteCRM-Core/sv-schedulers-810-published-20260919.json,33eb7afe2f29dd74f08bd921b07d01bf183499e1985dd5f49edf5433b2ce22bb,{}
14b8c0b50b013456ae9d7ba4,Sunday,Söndag,SuiteCRM-Core,sv-schedulers-810-published-20260919,$mod_strings['LBL_SUN'],,project-context,1196bb3c9040d30ca4be84bb,reviewed-receipt,https://github.com/yeager/translations/blob/67e6d27877c9cfd6b6dbc74bd852b10bdbe09c3c/SuiteCRM-Core/sv-schedulers-810-published-20260919.json,33eb7afe2f29dd74f08bd921b07d01bf183499e1985dd5f49edf5433b2ce22bb,{}
14db3ff2d1c406ee81941d3a,Alt Address Country,Alternativ adressland,SuiteCRM-Core,sv-leads-a-810-published-20260919,$mod_strings['LBL_ALT_ADDRESS_COUNTRY'],,project-context,48ce1e97354bc078e8119634,reviewed-receipt,https://github.com/yeager/translations/blob/67e6d27877c9cfd6b6dbc74bd852b10bdbe09c3c/SuiteCRM-Core/sv-leads-a-810-published-20260919.json,60952907a18a1fa8bb5cc88e44ed4c1176c7ffce44a7c94450b6ef6b204e5217,"{""artifact"":""https://crowdin.com/project/suitecrm-core"",""sha256"":""2f1e7a7acc0fddf6ca62369329a00b6d9ba181287b735900d77dc54cef4c9512""}"
150d03acf7c252b1d5a21a6c,Exchange Password:,Exchange-lösenord:,SuiteCRM-Core,sv-outbound-email-810-published-20260919,$mod_strings['LBL_EXCHANGE_SMTPPASS'],,project-context,b8b0eb393d7430f80b879805,reviewed-receipt,https://github.com/yeager/translations/blob/67e6d27877c9cfd6b6dbc74bd852b10bdbe09c3c/SuiteCRM-Core/sv-outbound-email-810-published-20260919.json,971cdcc19e79f693c13cb15c9aee0f659a84a6c378a69f16b9dae9f6b2d70244,{}
153761d22515d0f72dd015fe,Meetings,Möten,SuiteCRM-Core,sv-dynamicfields-810-published-20260919,$mod_strings['LNK_MEETING_LIST'],,project-context,0e48228c33794830255e7685,reviewed-receipt,https://github.com/yeager/translations/blob/67e6d27877c9cfd6b6dbc74bd852b10bdbe09c3c/SuiteCRM-Core/sv-dynamicfields-810-published-20260919.json,d82b264795c3f57e63f446503845cb601f29790142b6abaaf61ca77271bb3c3f,{}
15aec6e2325f23c9ffd2edc6,Role,Roll,SuiteCRM-Core,sv-contacts-b-810-published-20260919,$mod_strings['LBL_LIST_CONTACT_ROLE'],,project-context,0e8eb356dc884fb2987f8bf7,reviewed-receipt,https://github.com/yeager/translations/blob/67e6d27877c9cfd6b6dbc74bd852b10bdbe09c3c/SuiteCRM-Core/sv-contacts-b-810-published-20260919.json,d90efd721e18c4336904231d21d618d5245ef5fdaa19153e482b76ac0409f394,{}
15e7bfa41459db023e1512d4,Records Found To Merge With,Poster som hittades för sammanslagning,SuiteCRM-Core,sv-mergerecords-810-reviewed-20260919,$mod_strings['LBL_STEP2_FORM_TITLE'],,project-context,e6baac13d2ef456460ffc9aa,reviewed-receipt,https://github.com/yeager/translations/blob/67e6d27877c9cfd6b6dbc74bd852b10bdbe09c3c/SuiteCRM-Core/sv-mergerecords-810-reviewed-20260919.json,91986f9f225ab70510f1d592ec7ab13d102e66d6e808c70be1487daa66289884,{}
15fb12f103b1408281c1428e,Created portal user,Portalanvändaren har skapats,SuiteCRM-Core,sv-contacts-final-810-published-20260919,$mod_strings['LBL_CREATE_PORTAL_USER_SUCCESS'],,project-context,c19c1c9fbed7de1e3ff836bf,reviewed-receipt,https://github.com/yeager/translations/blob/67e6d27877c9cfd6b6dbc74bd852b10bdbe09c3c/SuiteCRM-Core/sv-contacts-final-810-published-20260919.json,d978283a12dfb9b326a3d05a7e751d434c6e3ced5ebb9cf860d351c2ecd7f04d,{}
160766318542c4574d873305,No Users are selected,Inga användare är valda,SuiteCRM-Core,sv-published-20260918,$mod_strings['LBL_WARN_NO_USERS'],,project-context,37021cd5eccb819c36778ec7,reviewed-receipt,https://github.com/yeager/translations/blob/67e6d27877c9cfd6b6dbc74bd852b10bdbe09c3c/SuiteCRM-Core/sv-published-20260918.json,e4f7faaa5625d277e7a537f5b555c2fd753d326636e98deb288463e96d6356f7,{}
1614761e56b0c8f10945b16f,Error Sending email,Fel när e-post skulle skickas,SuiteCRM-Core,sv-published-20260918,$mod_strings['LBL_ERROR_SENDING_EMAIL'],,project-context,e887754412466c8873d687c7,reviewed-receipt,https://github.com/yeager/translations/blob/67e6d27877c9cfd6b6dbc74bd852b10bdbe09c3c/SuiteCRM-Core/sv-published-20260918.json,e4f7faaa5625d277e7a537f5b555c2fd753d326636e98deb288463e96d6356f7,{}
1643446f1616b6adfbbee88d,Incoming Email,Inkommande e-post,SuiteCRM-Core,sv-published-20260918,$mod_strings['LBL_EMAIL_SETTINGS_INBOUND'],,project-context,bfb41c4553413db99f3a47da,reviewed-receipt,https://github.com/yeager/translations/blob/67e6d27877c9cfd6b6dbc74bd852b10bdbe09c3c/SuiteCRM-Core/sv-published-20260918.json,e4f7faaa5625d277e7a537f5b555c2fd753d326636e98deb288463e96d6356f7,{}
1696a8f3f361cdcc3dc19e5c,day,dag,SuiteCRM-Core,sv-schedulers-810-published-20260919,$mod_strings['LBL_DAY_OF_WEEK'],,project-context,ef7d88b77dba65b70f7cc0ad,reviewed-receipt,https://github.com/yeager/translations/blob/67e6d27877c9cfd6b6dbc74bd852b10bdbe09c3c/SuiteCRM-Core/sv-schedulers-810-published-20260919.json,33eb7afe2f29dd74f08bd921b07d01bf183499e1985dd5f49edf5433b2ce22bb,{}
1699c18a12ccf0d81865f753,Select,Välj,SuiteCRM-Core,sv-published-20260918,$mod_strings['LBL_SELECT'],,project-context,03f9095626ad432589321a00,reviewed-receipt,https://github.com/yeager/translations/blob/67e6d27877c9cfd6b6dbc74bd852b10bdbe09c3c/SuiteCRM-Core/sv-published-20260918.json,e4f7faaa5625d277e7a537f5b555c2fd753d326636e98deb288463e96d6356f7,{}
16a9a73b5fc2fb76455e9515,Show Thumbnail,Visa miniatyrbild,SuiteCRM-Core,sv-dynamicfields-810-published-20260919,$mod_strings['LBL_SHOW_THUMBNAIL'],,project-context,bf30f8ac49ddcdc4f55c1be5,reviewed-receipt,https://github.com/yeager/translations/blob/67e6d27877c9cfd6b6dbc74bd852b10bdbe09c3c/SuiteCRM-Core/sv-dynamicfields-810-published-20260919.json,d82b264795c3f57e63f446503845cb601f29790142b6abaaf61ca77271bb3c3f,{}
16af0ba1c2badc7dff112ba1,Use SSL,Använd SSL,SuiteCRM-Core,sv-inbound-email-810-a-published-20260919,$mod_strings['LBL_MAILBOX_SSL'],,project-context,9be89f48130c295877e60f2b,reviewed-receipt,https://github.com/yeager/translations/blob/67e6d27877c9cfd6b6dbc74bd852b10bdbe09c3c/SuiteCRM-Core/sv-inbound-email-810-a-published-20260919.json,67b8a04fd03d3b56d9f5e2549ac38263fc2b653e270ecd0097cbd7e2a30e424a,{}
16bc5ac991656ce503f5b3b7,Modified By,Ändrad av,SuiteCRM-Core,sv-inbound-email-810-c-published-20260919,$mod_strings['LBL_MODIFIED_BY'],,project-context,136c37e28422aa0855969fbb,reviewed-receipt,https://github.com/yeager/translations/blob/67e6d27877c9cfd6b6dbc74bd852b10bdbe09c3c/SuiteCRM-Core/sv-inbound-email-810-c-published-20260919.json,efc326506d8e54d83cdc6cf68ddf8af5b427dbb93c869334100bc3d2383e119a,{}
16db813b1c007f9fa1dfd7cc,Date Format,Datumformat,SuiteCRM-Core,sv-published-20260918,$mod_strings['LBL_DATE_FORMAT'],,project-context,9677a5a53c1d444b927a3fba,reviewed-receipt,https://github.com/yeager/translations/blob/67e6d27877c9cfd6b6dbc74bd852b10bdbe09c3c/SuiteCRM-Core/sv-published-20260918.json,e4f7faaa5625d277e7a537f5b555c2fd753d326636e98deb288463e96d6356f7,{}
16f607f6c145ee43bf934eb9,Create Case,Skapa ärende,SuiteCRM-Core,sv-published-20260918,$mod_strings['LBL_CREATE_CASE'],,project-context,49a1e93159839a2b73f17f4d,reviewed-receipt,https://github.com/yeager/translations/blob/67e6d27877c9cfd6b6dbc74bd852b10bdbe09c3c/SuiteCRM-Core/sv-published-20260918.json,e4f7faaa5625d277e7a537f5b555c2fd753d326636e98deb288463e96d6356f7,{}
16fe2bb5a6388387079fa296,OVERVIEW,ÖVERSIKT,SuiteCRM-Core,sv-leads-a-810-published-20260919,"$mod_strings['LBL_CONTACT_INFORMATION']
No need to be translated in all caps. Translation used just in menu action items when using the SuiteP template",,project-context,980c0010fbfc0fa9bc86895c,reviewed-receipt,https://github.com/yeager/translations/blob/67e6d27877c9cfd6b6dbc74bd852b10bdbe09c3c/SuiteCRM-Core/sv-leads-a-810-published-20260919.json,60952907a18a1fa8bb5cc88e44ed4c1176c7ffce44a7c94450b6ef6b204e5217,"{""artifact"":""https://crowdin.com/project/suitecrm-core"",""sha256"":""d9d48dc9374369352b9e5c858225014fb4a5c737d84f9ef25694197d0c9ab6c3""}"
172bbd60858f9807e7451713,User Name,Användarnamn,SuiteCRM-Core,sv-inbound-email-810-a-published-20260919,$mod_strings['LBL_USERNAME'],,project-context,97d9f64251e41e27f31cfcf6,reviewed-receipt,https://github.com/yeager/translations/blob/67e6d27877c9cfd6b6dbc74bd852b10bdbe09c3c/SuiteCRM-Core/sv-inbound-email-810-a-published-20260919.json,67b8a04fd03d3b56d9f5e2549ac38263fc2b653e270ecd0097cbd7e2a30e424a,{}
172ec39d0aac50ad7829199d,Distribution User,Fördelningsanvändare,SuiteCRM-Core,sv-inbound-email-810-published-20260919,$mod_strings['LBL_DISTRIBUTION_USER'],,project-context,9647739e82231b296096a037,reviewed-receipt,https://github.com/yeager/translations/blob/67e6d27877c9cfd6b6dbc74bd852b10bdbe09c3c/SuiteCRM-Core/sv-inbound-email-810-published-20260919.json,8ff080143649204a50f3a20eee408535d517ed526e8c4bad972910fef8c046e2,{}
176f8cd7c041e92c9211b525,Enable stack trace,Aktivera stackspårning,SuiteCRM-Core,sv-configurator-ui-810-published-20260919,$mod_strings['LBL_STACK_TRACE'],,project-context,c51e272e780662a37e5d36ca,reviewed-receipt,https://github.com/yeager/translations/blob/67e6d27877c9cfd6b6dbc74bd852b10bdbe09c3c/SuiteCRM-Core/sv-configurator-ui-810-published-20260919.json,c2c1f7f6e07523183e318bd1273893e066f03c7dc66af3e9f80e12e615c6d038,{}
1779ee5d1416fefd9f445d7a,Email left on server after import,E-postmeddelandet lämnas kvar på servern efter import,SuiteCRM-Core,sv-inbound-email-810-b-published-20260919,$mod_strings['LBL_MARK_READ_YES'],,project-context,e68635a63fa7f504404c7574,reviewed-receipt,https://github.com/yeager/translations/blob/67e6d27877c9cfd6b6dbc74bd852b10bdbe09c3c/SuiteCRM-Core/sv-inbound-email-810-b-published-20260919.json,50c081232ca5f44c5a35c5973a58367c6d6b8e57fb93b0bf46982142cf2626a9,{}
177e7c5251021399f7ee0df9,Inbound Email Accounts,Konton för inkommande e-post,SuiteCRM-Core,sv-published-20260918,$mod_strings['LNK_LIST_INBOUND_EMAIL_ACCOUNTS'],,project-context,bdfbbdc9b57b9b693e744acd,reviewed-receipt,https://github.com/yeager/translations/blob/67e6d27877c9cfd6b6dbc74bd852b10bdbe09c3c/SuiteCRM-Core/sv-published-20260918.json,e4f7faaa5625d277e7a537f5b555c2fd753d326636e98deb288463e96d6356f7,{}
1784443dcc3dc8e01add3c17,Email Attachment,E-postbilaga,SuiteCRM-Core,sv-published-20260918,$mod_strings['LBL_EMAIL_ATTACHMENT'],,project-context,005f4000d333c4297d7f9e03,reviewed-receipt,https://github.com/yeager/translations/blob/67e6d27877c9cfd6b6dbc74bd852b10bdbe09c3c/SuiteCRM-Core/sv-published-20260918.json,e4f7faaa5625d277e7a537f5b555c2fd753d326636e98deb288463e96d6356f7,{}
1791b69cc53d6a913716b89e,Email Handling Options,Alternativ för e-posthantering,SuiteCRM-Core,sv-inbound-email-810-published-20260919,$mod_strings['LBL_EMAIL_OPTIONS'],,project-context,bc5dc61fe40e7a50e7b48f6d,reviewed-receipt,https://github.com/yeager/translations/blob/67e6d27877c9cfd6b6dbc74bd852b10bdbe09c3c/SuiteCRM-Core/sv-inbound-email-810-published-20260919.json,8ff080143649204a50f3a20eee408535d517ed526e8c4bad972910fef8c046e2,{}
17a40db199e214741a318e24,Numeric (No Decimal),Numerisk (utan decimaler),SuiteCRM-Core,sv-import-810-reviewed-20260919,$mod_strings['LBL_IMPORT_FIELDDEF_DOUBLE'],,project-context,644ea1466e966fbf03f94f9b,reviewed-receipt,https://github.com/yeager/translations/blob/67e6d27877c9cfd6b6dbc74bd852b10bdbe09c3c/SuiteCRM-Core/sv-import-810-reviewed-20260919.json,9ad9f80f27abc071d9102bbd8cefb9bc43256bdad442051d55760286d830c3b0,{}
17b57bc89fda7b5e36d7f7da,Email marked deleted after import,E-postmeddelandet markeras som borttaget efter import,SuiteCRM-Core,sv-inbound-email-810-published-20260919,$mod_strings['LBL_MARK_READ_NO'],,project-context,a0c7c1952c51913dfb30a500,reviewed-receipt,https://github.com/yeager/translations/blob/67e6d27877c9cfd6b6dbc74bd852b10bdbe09c3c/SuiteCRM-Core/sv-inbound-email-810-published-20260919.json,8ff080143649204a50f3a20eee408535d517ed526e8c4bad972910fef8c046e2,{}
17b7d4aed4a1fd7e3020e9cb,Schedulers,Schemaläggare,SuiteCRM-Core,sv-schedulers-810-published-20260919,$mod_strings['LBL_MODULE_TITLE'],,project-context,4a69e085ff402cfafa4e7aab,reviewed-receipt,https://github.com/yeager/translations/blob/67e6d27877c9cfd6b6dbc74bd852b10bdbe09c3c/SuiteCRM-Core/sv-schedulers-810-published-20260919.json,33eb7afe2f29dd74f08bd921b07d01bf183499e1985dd5f49edf5433b2ce22bb,{}
17c6875b20a88508f4fdd382,Available Fields,Tillgängliga fält,SuiteCRM-Core,sv-mergerecords-810-reviewed-20260919,$mod_strings['LBL_AVAIL_FIELDS'],,project-context,ca627cb577a11b456b3c69c5,reviewed-receipt,https://github.com/yeager/translations/blob/67e6d27877c9cfd6b6dbc74bd852b10bdbe09c3c/SuiteCRM-Core/sv-mergerecords-810-reviewed-20260919.json,91986f9f225ab70510f1d592ec7ab13d102e66d6e808c70be1487daa66289884,{}
17dc373889eab134b7df0b2e,Trash Folder,Papperskorgsmapp,SuiteCRM-Core,sv-inbound-email-810-published-20260919,$mod_strings['LBL_TRASH_FOLDER'],,project-context,3810a7650fc55b71c37787fc,reviewed-receipt,https://github.com/yeager/translations/blob/67e6d27877c9cfd6b6dbc74bd852b10bdbe09c3c/SuiteCRM-Core/sv-inbound-email-810-published-20260919.json,8ff080143649204a50f3a20eee408535d517ed526e8c4bad972910fef8c046e2,{}
17ec327769a307dd9373b56e,Contact Name,Kontaktens namn,SuiteCRM-Core,sv-published-20260918,$mod_strings['LBL_LIST_CONTACT_NAME'],,project-context,de306f37b89f9314b8393bc1,reviewed-receipt,https://github.com/yeager/translations/blob/67e6d27877c9cfd6b6dbc74bd852b10bdbe09c3c/SuiteCRM-Core/sv-published-20260918.json,e4f7faaa5625d277e7a537f5b555c2fd753d326636e98deb288463e96d6356f7,{}
18102f22c720da965a7e1efa,Cancel,Avbryt,SuiteCRM-Core,sv-published-20260918,$mod_strings['LBL_ML_CANCEL'],,project-context,6c43ac0c7b02e28b1adfd2ce,reviewed-receipt,https://github.com/yeager/translations/blob/67e6d27877c9cfd6b6dbc74bd852b10bdbe09c3c/SuiteCRM-Core/sv-published-20260918.json,e4f7faaa5625d277e7a537f5b555c2fd753d326636e98deb288463e96d6356f7,{}
1834e36a6b64cea89a9f32cb,Modified By Name,Ändrad av (namn),SuiteCRM-Core,sv-address-cache-810-20260919,$mod_strings['LBL_MODIFIED_NAME'],,project-context,45f2343cf03c2fa264124bd8,reviewed-receipt,https://github.com/yeager/translations/blob/67e6d27877c9cfd6b6dbc74bd852b10bdbe09c3c/SuiteCRM-Core/sv-address-cache-810-20260919.json,1fd1946e1ba4fb72767e4b4c568ae221f815b022d8feef0b10e93649be89a03b,"{""artifact"":""https://crowdin.com/project/suitecrm-core"",""sha256"":""7f73cc5d75ff8f00a4aef7ce22073b84303c68c14ff7d8be14678a8618186e00""}"
1844838861bb7d0c21776084,Primary Address State:,Primär region:,SuiteCRM-Core,sv-contacts-final-810-published-20260919,$mod_strings['LBL_PRIMARY_ADDRESS_STATE'],,project-context,575ee932ebbeb81974c2a5da,reviewed-receipt,https://github.com/yeager/translations/blob/67e6d27877c9cfd6b6dbc74bd852b10bdbe09c3c/SuiteCRM-Core/sv-contacts-final-810-published-20260919.json,d978283a12dfb9b326a3d05a7e751d434c6e3ced5ebb9cf860d351c2ecd7f04d,{}
1869eb0dabf3c451eefa12e7,Opt In Settings,Inställningar för samtycke,SuiteCRM-Core,sv-published-20260918,$mod_strings['LBL_EMAIL_ENABLE_CONFIRM_OPT_IN'],,project-context,d2073e87c3a665cb521d9d85,reviewed-receipt,https://github.com/yeager/translations/blob/67e6d27877c9cfd6b6dbc74bd852b10bdbe09c3c/SuiteCRM-Core/sv-published-20260918.json,e4f7faaa5625d277e7a537f5b555c2fd753d326636e98deb288463e96d6356f7,{}
1872bd8b6c73bd84c36e8a2b,Description,Beskrivning,SuiteCRM-Core,sv-upgradewizard-810-published-20260919,$mod_strings['LBL_ML_DESCRIPTION'],,project-context,c69b6403002c2ba19eca3840,reviewed-receipt,https://github.com/yeager/translations/blob/67e6d27877c9cfd6b6dbc74bd852b10bdbe09c3c/SuiteCRM-Core/sv-upgradewizard-810-published-20260919.json,4c5e554ea18d559c3ec8998eb3613f5413dea4c4c95bb851b4a0695c85b6ef99,{}
187b2e0638efe0e98fc033d7,Perform Merge,Utför ihopslagning,SuiteCRM-Core,sv-mergerecords-810-reviewed-20260919,$mod_strings['LBL_PERFORM_MERGE_BUTTON_TITLE'],,project-context,1412f8eedc31c0ca27e70fe7,reviewed-receipt,https://github.com/yeager/translations/blob/67e6d27877c9cfd6b6dbc74bd852b10bdbe09c3c/SuiteCRM-Core/sv-mergerecords-810-reviewed-20260919.json,91986f9f225ab70510f1d592ec7ab13d102e66d6e808c70be1487daa66289884,{}
189229537cfa635a94fd9423,Email,E-post,SuiteCRM-Core,sv-published-20260918,$mod_strings['LBL_LIST_EMAIL'],,project-context,5f0f26f607dd68bfece5e021,reviewed-receipt,https://github.com/yeager/translations/blob/67e6d27877c9cfd6b6dbc74bd852b10bdbe09c3c/SuiteCRM-Core/sv-published-20260918.json,e4f7faaa5625d277e7a537f5b555c2fd753d326636e98deb288463e96d6356f7,{}
18d1f49ffc612ca9258edc67,Last Modified,Senast ändrad,SuiteCRM-Core,sv-published-20260918,$mod_strings['LBL_LIST_DATE_MODIFIED'],,project-context,79a9a5ee352178fc3b7f33c8,reviewed-receipt,https://github.com/yeager/translations/blob/67e6d27877c9cfd6b6dbc74bd852b10bdbe09c3c/SuiteCRM-Core/sv-published-20260918.json,e4f7faaa5625d277e7a537f5b555c2fd753d326636e98deb288463e96d6356f7,{}
190dd90de4c8ddbd89003189,Send This Message To:,Skicka detta meddelande till:,SuiteCRM-Core,sv-emailmarketing-810-reviewed-20260919,$mod_strings['LBL_MESSAGE_FOR'],,project-context,11f606308b719713f5719042,reviewed-receipt,https://github.com/yeager/translations/blob/67e6d27877c9cfd6b6dbc74bd852b10bdbe09c3c/SuiteCRM-Core/sv-emailmarketing-810-reviewed-20260919.json,5ec4491f9b64a0da78ac62fa97360cc4e284f94d49fc10bc6c878b997b7ea8af,{}
1926a1b363ad783f314f2c88,Hide Raw,Dölj rådata,SuiteCRM-Core,sv-published-20260918,$mod_strings['LBL_BUTTON_RAW_LABEL_HIDE'],,project-context,e576969a7994184ef3ad63e5,reviewed-receipt,https://github.com/yeager/translations/blob/67e6d27877c9cfd6b6dbc74bd852b10bdbe09c3c/SuiteCRM-Core/sv-published-20260918.json,e4f7faaa5625d277e7a537f5b555c2fd753d326636e98deb288463e96d6356f7,{}
193706f93eeeb41277518eba,Copy...,Kopiera…,SuiteCRM-Core,sv-accounts-final-810-published-20260919,$mod_strings['LBL_PUSH_CONTACTS_BUTTON_TITLE'],,project-context,189eb10c52559b428e4de307,reviewed-receipt,https://github.com/yeager/translations/blob/67e6d27877c9cfd6b6dbc74bd852b10bdbe09c3c/SuiteCRM-Core/sv-accounts-final-810-published-20260919.json,f99b6b196fed5b4409a55d1296241bb29b890401afe16c0f8654ddadb9c6a43b,{}
19518c8e8405e6af9d305a2d,Password,Lösenord,SuiteCRM-Core,sv-inbound-email-810-b-published-20260919,$mod_strings['LBL_EMAIL_PASSWORD'],,project-context,4d090745b8141f7f163209c9,reviewed-receipt,https://github.com/yeager/translations/blob/67e6d27877c9cfd6b6dbc74bd852b10bdbe09c3c/SuiteCRM-Core/sv-inbound-email-810-b-published-20260919.json,50c081232ca5f44c5a35c5973a58367c6d6b8e57fb93b0bf46982142cf2626a9,{}
199b4b5d579858704a07a046,Contacts,Kontakter,SuiteCRM-Core,sv-contacts-b-810-published-20260919,$mod_strings['LBL_MODULE_NAME'],,project-context,50a2918b3bd775a6dc40e207,reviewed-receipt,https://github.com/yeager/translations/blob/67e6d27877c9cfd6b6dbc74bd852b10bdbe09c3c/SuiteCRM-Core/sv-contacts-b-810-published-20260919.json,d90efd721e18c4336904231d21d618d5245ef5fdaa19153e482b76ac0409f394,{}
19a0dcad75f7f7800706e75a,External OAuth Connection id,ID för extern OAuth-anslutning,SuiteCRM-Core,sv-inbound-email-810-published-20260919,$mod_strings['LBL_EXTERNAL_OAUTH_CONNECTION_ID'],,project-context,65ad612f6ce1589a39b593f9,reviewed-receipt,https://github.com/yeager/translations/blob/67e6d27877c9cfd6b6dbc74bd852b10bdbe09c3c/SuiteCRM-Core/sv-inbound-email-810-published-20260919.json,8ff080143649204a50f3a20eee408535d517ed526e8c4bad972910fef8c046e2,{}
19b0ebed1ee11fc1d12099ff,Inbound Email Accounts,Konton för inkommande e-post,SuiteCRM-Core,sv-inbound-email-810-published-20260919,$mod_strings['LNK_LIST_MAILBOXES'],,project-context,112cf385d07b1f6b26da2ad3,reviewed-receipt,https://github.com/yeager/translations/blob/67e6d27877c9cfd6b6dbc74bd852b10bdbe09c3c/SuiteCRM-Core/sv-inbound-email-810-published-20260919.json,8ff080143649204a50f3a20eee408535d517ed526e8c4bad972910fef8c046e2,{}
19b49c48be10e4de8d41904b,Account Name,Företagsnamn,SuiteCRM-Core,sv-contacts-b-810-published-20260919,$mod_strings['LBL_LIST_ACCOUNT_NAME'],,project-context,ddf33e6ac4bff7d4e770fb11,reviewed-receipt,https://github.com/yeager/translations/blob/67e6d27877c9cfd6b6dbc74bd852b10bdbe09c3c/SuiteCRM-Core/sv-contacts-b-810-published-20260919.json,d90efd721e18c4336904231d21d618d5245ef5fdaa19153e482b76ac0409f394,{}
19cb9e75352bfc70d3566f5f,ID already exists in this table,ID finns redan i denna annan tabell,SuiteCRM-Core,sv-import-810-reviewed-20260919,$mod_strings['LBL_ID_EXISTS_ALREADY'],,project-context,17e31159087c12e79304d663,reviewed-receipt,https://github.com/yeager/translations/blob/67e6d27877c9cfd6b6dbc74bd852b10bdbe09c3c/SuiteCRM-Core/sv-import-810-reviewed-20260919.json,9ad9f80f27abc071d9102bbd8cefb9bc43256bdad442051d55760286d830c3b0,{}
1a0e3a615692d8fdf0fa4bfe,Confirm Opt In,Bekräfta samtycke,SuiteCRM-Core,sv-email-addresses-810-reviewed-20260919,$mod_strings['LBL_CONFIRM_OPT_IN'],,project-context,35d23442df4167872eedd6dd,reviewed-receipt,https://github.com/yeager/translations/blob/67e6d27877c9cfd6b6dbc74bd852b10bdbe09c3c/SuiteCRM-Core/sv-email-addresses-810-reviewed-20260919.json,274a0a2e48242ef462753efa7838ce99aa59440b092671b4eab3273704c2386d,{}
1a164cb7fd3d2fd7f3eeb2f0,Exchange Server Port,Exchange-serverport,SuiteCRM-Core,sv-published-20260918,$mod_strings['LBL_EXCHANGE_SMTPPORT'],,project-context,8cbdcf6dc576424bcdb7a09f,reviewed-receipt,https://github.com/yeager/translations/blob/67e6d27877c9cfd6b6dbc74bd852b10bdbe09c3c/SuiteCRM-Core/sv-published-20260918.json,e4f7faaa5625d277e7a537f5b555c2fd753d326636e98deb288463e96d6356f7,{}
1a46d76d5f8a3884b84d00a2,Name or ID,Namn eller ID,SuiteCRM-Core,sv-import-810-reviewed-20260919,$mod_strings['LBL_IMPORT_FIELDDEF_RELATE'],,project-context,7d7bd48cefeec11aa88b262d,reviewed-receipt,https://github.com/yeager/translations/blob/67e6d27877c9cfd6b6dbc74bd852b10bdbe09c3c/SuiteCRM-Core/sv-import-810-reviewed-20260919.json,9ad9f80f27abc071d9102bbd8cefb9bc43256bdad442051d55760286d830c3b0,{}
1a5ab62128dca2f687ae5820,"""From"" Name",Namn i fältet ”Från”,SuiteCRM-Core,sv-inbound-email-810-published-20260919,$mod_strings['LBL_FROM_NAME'],,project-context,96febff19c84407576899202,reviewed-receipt,https://github.com/yeager/translations/blob/67e6d27877c9cfd6b6dbc74bd852b10bdbe09c3c/SuiteCRM-Core/sv-inbound-email-810-published-20260919.json,8ff080143649204a50f3a20eee408535d517ed526e8c4bad972910fef8c046e2,{}
1a7a89261e0e2c8be9d96cd7,Description:,Beskrivning:,SuiteCRM-Core,sv-accounts-a-810-published-20260919,$mod_strings['LBL_DESCRIPTION'],,project-context,e2c1459d074dbf900338a2e7,reviewed-receipt,https://github.com/yeager/translations/blob/67e6d27877c9cfd6b6dbc74bd852b10bdbe09c3c/SuiteCRM-Core/sv-accounts-a-810-published-20260919.json,ea12294a7550adccf7f3bd2ee5ba9c0f994224671cce0ee6ffbeaf4e4d1eedb2,{}
1a9a56bf24c30c692276f353,Schedulers,Schemaläggare,SuiteCRM-Core,sv-emailmarketing-security-810-published-20260919,$mod_strings['LBL_SCHEDULERS'],,project-context,f81b2939408201e5c83fe10e,reviewed-receipt,https://github.com/yeager/translations/blob/67e6d27877c9cfd6b6dbc74bd852b10bdbe09c3c/SuiteCRM-Core/sv-emailmarketing-security-810-published-20260919.json,3204b94182121e6c1d8e5d51e878c17a5e85cc78187db29beb922e12fae48b78,{}
1aa803fa541266b5397f681b,Mail Server Protocol,E-postserverprotokoll,SuiteCRM-Core,sv-inbound-email-810-b-published-20260919,$mod_strings['LBL_SERVER_TYPE'],,project-context,086555c47285bb62f620fa6b,reviewed-receipt,https://github.com/yeager/translations/blob/67e6d27877c9cfd6b6dbc74bd852b10bdbe09c3c/SuiteCRM-Core/sv-inbound-email-810-b-published-20260919.json,50c081232ca5f44c5a35c5973a58367c6d6b8e57fb93b0bf46982142cf2626a9,{}
1ac6214b3b67652c99d3d58f,an external application or service,ett externt program eller en extern tjänst,SuiteCRM-Core,sv-import-a-810-published-20260919,$mod_strings['LBL_EXTERNAL_SOURCE'],,project-context,5da1fb2ac8e3fd893963ff98,reviewed-receipt,https://github.com/yeager/translations/blob/67e6d27877c9cfd6b6dbc74bd852b10bdbe09c3c/SuiteCRM-Core/sv-import-a-810-published-20260919.json,d30b91d43a7d7312345f4e9c032488a7f4fa9f3ca1774983d75ab8967114711b,{}
1acf673b88ad7e498fa54f53,Email Address,E-postadress,SuiteCRM-Core,sv-published-20260918,$mod_strings['LBL_EMAIL_ADDRESS'],,project-context,fc19bc794c5d1e108e7878b6,reviewed-receipt,https://github.com/yeager/translations/blob/67e6d27877c9cfd6b6dbc74bd852b10bdbe09c3c/SuiteCRM-Core/sv-published-20260918.json,e4f7faaa5625d277e7a537f5b555c2fd753d326636e98deb288463e96d6356f7,{}
1adb08cd6e6ba6dbf196a2fd,Delete,Ta bort,SuiteCRM-Core,sv-import-810-reviewed-20260919,$mod_strings['LBL_DELETE'],,project-context,aa812c1e77c42bb348ac48d3,reviewed-receipt,https://github.com/yeager/translations/blob/67e6d27877c9cfd6b6dbc74bd852b10bdbe09c3c/SuiteCRM-Core/sv-import-810-reviewed-20260919.json,9ad9f80f27abc071d9102bbd8cefb9bc43256bdad442051d55760286d830c3b0,{}
1add15d74418e49c766a3c0f,Prune Tracker Tables,Rensa spårningstabeller,SuiteCRM-Core,sv-schedulers-810-published-20260919,$mod_strings['LBL_TRIMTRACKER'],,project-context,21ba328780df5471c98c758a,reviewed-receipt,https://github.com/yeager/translations/blob/67e6d27877c9cfd6b6dbc74bd852b10bdbe09c3c/SuiteCRM-Core/sv-schedulers-810-published-20260919.json,33eb7afe2f29dd74f08bd921b07d01bf183499e1985dd5f49edf5433b2ce22bb,{}
1b2448ac8eb78fad204c80eb,Start Time,Starttid,SuiteCRM-Core,sv-emailmarketing-a-810-published-20260919,$mod_strings['LBL_TIME_START'],,project-context,472063da756ba2b66874bc92,reviewed-receipt,https://github.com/yeager/translations/blob/67e6d27877c9cfd6b6dbc74bd852b10bdbe09c3c/SuiteCRM-Core/sv-emailmarketing-a-810-published-20260919.json,84957449ddc9118eddc2b572b035053c0b63aa8200c37a30f6619f66e15777e4,{}
1b3010870f3a70c7eaa4c5d1,View Email Templates,Visa e-postmallar,SuiteCRM-Core,sv-published-20260918,$mod_strings['LNK_EMAIL_TEMPLATE_LIST'],,project-context,1a3947b6aed7c608662ec3fa,reviewed-receipt,https://github.com/yeager/translations/blob/67e6d27877c9cfd6b6dbc74bd852b10bdbe09c3c/SuiteCRM-Core/sv-published-20260918.json,e4f7faaa5625d277e7a537f5b555c2fd753d326636e98deb288463e96d6356f7,{}
1b4013d29c8a9a002151374d,Security Groups,Säkerhetsgrupper,SuiteCRM-Core,sv-inbound-email-810-published-20260919,$mod_strings['LBL_SECURITYGROUPS_SUBPANEL_TITLE'],,project-context,efef9648af456fa4fee63309,reviewed-receipt,https://github.com/yeager/translations/blob/67e6d27877c9cfd6b6dbc74bd852b10bdbe09c3c/SuiteCRM-Core/sv-inbound-email-810-published-20260919.json,8ff080143649204a50f3a20eee408535d517ed526e8c4bad972910fef8c046e2,{}
1b803177f901bb0770145fdc,None,Ingen,SuiteCRM-Core,sv-import-a-810-published-20260919,$mod_strings['LBL_NONE'],,project-context,0a86813c27e7cfef8c55bfa6,reviewed-receipt,https://github.com/yeager/translations/blob/67e6d27877c9cfd6b6dbc74bd852b10bdbe09c3c/SuiteCRM-Core/sv-import-a-810-published-20260919.json,d30b91d43a7d7312345f4e9c032488a7f4fa9f3ca1774983d75ab8967114711b,{}
1b81943553a568f001f32507,Is Personal,Personligt,SuiteCRM-Core,sv-outbound-email-810-published-20260919,$mod_strings['LBL_IS_PERSONAL'],,project-context,b502a533ab182f4edd624afc,reviewed-receipt,https://github.com/yeager/translations/blob/67e6d27877c9cfd6b6dbc74bd852b10bdbe09c3c/SuiteCRM-Core/sv-outbound-email-810-published-20260919.json,971cdcc19e79f693c13cb15c9aee0f659a84a6c378a69f16b9dae9f6b2d70244,{}
1b950668d79c6050ba13e4dc,Description Information,Beskrivningsuppgifter,SuiteCRM-Core,sv-accounts-a-810-published-20260919,$mod_strings['LBL_DESCRIPTION_INFORMATION'],,project-context,4edbe08f2c8c1a9bfd99ab5b,reviewed-receipt,https://github.com/yeager/translations/blob/67e6d27877c9cfd6b6dbc74bd852b10bdbe09c3c/SuiteCRM-Core/sv-accounts-a-810-published-20260919.json,ea12294a7550adccf7f3bd2ee5ba9c0f994224671cce0ee6ffbeaf4e4d1eedb2,{}
1ba3c1f72d16b806dea68e7e,Password,Lösenord,SuiteCRM-Core,sv-published-20260918,$mod_strings['LBL_PASSWORD'],,project-context,7248a972871ff6854c27971c,reviewed-receipt,https://github.com/yeager/translations/blob/67e6d27877c9cfd6b6dbc74bd852b10bdbe09c3c/SuiteCRM-Core/sv-published-20260918.json,e4f7faaa5625d277e7a537f5b555c2fd753d326636e98deb288463e96d6356f7,{}
1be87fd7f3b0a9b28dcabbaa,Any Text,Valfri text,SuiteCRM-Core,sv-import-a-810-published-20260919,$mod_strings['LBL_IMPORT_FIELDDEF_TEXT'],,project-context,a5fd5813c905d81a1d3c3faf,reviewed-receipt,https://github.com/yeager/translations/blob/67e6d27877c9cfd6b6dbc74bd852b10bdbe09c3c/SuiteCRM-Core/sv-import-a-810-published-20260919.json,d30b91d43a7d7312345f4e9c032488a7f4fa9f3ca1774983d75ab8967114711b,{}
1c0bc3098ef65641ad85b2e1,Email Response Sent,E-postsvar skickat,SuiteCRM-Core,suitecrm-security-email-labels-810-20260920,$mod_strings['LBL_EMAIL_RESPONSE_SENT'],,project-context,c8057b9e959bbacef8ee9ee3,reviewed-receipt,https://github.com/yeager/translations/blob/67e6d27877c9cfd6b6dbc74bd852b10bdbe09c3c/SuiteCRM-Core/suitecrm-security-email-labels-810-20260920.json,b6dda48c77c629338067f9e3ff8cd855928026b49182f47c495910dbb4b55f00,"{""artifact"":""https://crowdin.com/project/suitecrm-core"",""sha256"":""d70daeaab91bad825a63583ad9a088393b51ea8e6a2482b07bedaf50dd7de9ab""}"
1c2f067c46ce71f1df10166e,Archive Email,Arkivera e-post,SuiteCRM-Core,suitecrm-bugs-contacts-810-20260920,$mod_strings['LNK_NEW_EMAIL'],,project-context,06df821f3f5e2ba6a4be614b,reviewed-receipt,https://github.com/yeager/translations/blob/67e6d27877c9cfd6b6dbc74bd852b10bdbe09c3c/SuiteCRM-Core/suitecrm-bugs-contacts-810-20260920.json,42c05e1367216f8f71e344e69ae1eb0b65b66aa6c2c17cbead68f71a82c1daff,"{""artifact"":""https://crowdin.com/project/suitecrm-core"",""sha256"":""866033ab6165d9fc54881796e5927029597d4a61088f50a39a6b900b2d28fc8b""}"
1c429c62c0b501a932e85d1e,Uninstall,Avinstallera,SuiteCRM-Core,sv-upgradewizard-810-published-20260919,$mod_strings['LBL_UW_UNINSTALL'],,project-context,87fdc48a07eea60a4dd68cf8,reviewed-receipt,https://github.com/yeager/translations/blob/67e6d27877c9cfd6b6dbc74bd852b10bdbe09c3c/SuiteCRM-Core/sv-upgradewizard-810-published-20260919.json,4c5e554ea18d559c3ec8998eb3613f5413dea4c4c95bb851b4a0695c85b6ef99,{}
1c49c3ab19b56e350f75de57,Select a file to upload.,Välj en fil att ladda upp.,SuiteCRM-Core,sv-import-810-reviewed-20260919,$mod_strings['ERR_SELECT_FILE'],,project-context,5bd7677d3564fb2f1240383f,reviewed-receipt,https://github.com/yeager/translations/blob/67e6d27877c9cfd6b6dbc74bd852b10bdbe09c3c/SuiteCRM-Core/sv-import-810-reviewed-20260919.json,9ad9f80f27abc071d9102bbd8cefb9bc43256bdad442051d55760286d830c3b0,{}
1c549ddb0345be010fdf72bf,Distribution User id,ID för fördelningsanvändare,SuiteCRM-Core,sv-inbound-email-810-published-20260919,$mod_strings['LBL_DISTRIBUTION_USER_ID'],,project-context,8aa7319f9c51d54506bd2448,reviewed-receipt,https://github.com/yeager/translations/blob/67e6d27877c9cfd6b6dbc74bd852b10bdbe09c3c/SuiteCRM-Core/sv-inbound-email-810-published-20260919.json,8ff080143649204a50f3a20eee408535d517ed526e8c4bad972910fef8c046e2,{}
1c7cf16c49ac1d075d2f65b7,Possible Actions,Möjliga åtgärder,SuiteCRM-Core,sv-published-20260918,$mod_strings['LBL_MAILBOX_TYPE'],,project-context,2e8bc5a1806a5244e3badefc,reviewed-receipt,https://github.com/yeager/translations/blob/67e6d27877c9cfd6b6dbc74bd852b10bdbe09c3c/SuiteCRM-Core/sv-published-20260918.json,e4f7faaa5625d277e7a537f5b555c2fd753d326636e98deb288463e96d6356f7,{}
1c9d067483b74635120cd6ee,Missing required field(s),Obligatoriska fält saknas,SuiteCRM-Core,sv-emailmarketing-security-810-published-20260919,$mod_strings['LBL_ERROR_ON_MARKETING'],,project-context,575c352297d0fbf35c2ecd67,reviewed-receipt,https://github.com/yeager/translations/blob/67e6d27877c9cfd6b6dbc74bd852b10bdbe09c3c/SuiteCRM-Core/sv-emailmarketing-security-810-published-20260919.json,3204b94182121e6c1d8e5d51e878c17a5e85cc78187db29beb922e12fae48b78,{}
1cfe753a0ab7a7b7af2aa30d,Create Case,Skapa ärende,SuiteCRM-Core,suitecrm-bugs-contacts-810-20260920,$mod_strings['LNK_NEW_CASE'],,project-context,d8e0c22da95d4184cc47ee6a,reviewed-receipt,https://github.com/yeager/translations/blob/67e6d27877c9cfd6b6dbc74bd852b10bdbe09c3c/SuiteCRM-Core/suitecrm-bugs-contacts-810-20260920.json,42c05e1367216f8f71e344e69ae1eb0b65b66aa6c2c17cbead68f71a82c1daff,"{""artifact"":""https://crowdin.com/project/suitecrm-core"",""sha256"":""2561e55e2ce56529c8f8fd0fcd5f70024453b6e234b5509f6b0735d39dcdaeba""}"
1d3b154e829c0d320fbd97ae,Billing City:,Faktureringsort:,SuiteCRM-Core,sv-accounts-a-810-published-20260919,$mod_strings['LBL_BILLING_ADDRESS_CITY'],,project-context,43f2c384d68dd1c9ef64b5cf,reviewed-receipt,https://github.com/yeager/translations/blob/67e6d27877c9cfd6b6dbc74bd852b10bdbe09c3c/SuiteCRM-Core/sv-accounts-a-810-published-20260919.json,ea12294a7550adccf7f3bd2ee5ba9c0f994224671cce0ee6ffbeaf4e4d1eedb2,{}
1d3f18e0042d8290baae6394,Two Factor Authentication Interface:,Gränssnitt för tvåfaktorsautentisering:,SuiteCRM-Core,sv-employees-security-810-published-20260919,$mod_strings['LBL_FACTOR_AUTH_INTERFACE'],,project-context,1cebb3aa32ed4a76088fe143,reviewed-receipt,https://github.com/yeager/translations/blob/67e6d27877c9cfd6b6dbc74bd852b10bdbe09c3c/SuiteCRM-Core/sv-employees-security-810-published-20260919.json,0af5647a410b8b948d2b7498e41e35be9fc19bfac0e70ffc12f65b2f3384a1b2,{}
1d6aff64cf0eda7ab331957b,Advanced Options,Avancerade alternativ,SuiteCRM-Core,sv-schedulers-810-b-published-20260919,$mod_strings['LBL_ADV_OPTIONS'],,project-context,d0f6a6db791366da8ed79a97,reviewed-receipt,https://github.com/yeager/translations/blob/67e6d27877c9cfd6b6dbc74bd852b10bdbe09c3c/SuiteCRM-Core/sv-schedulers-810-b-published-20260919.json,548c9bc56c99a3a7538a1074815c96920bc4435741e6d93f91e406bcee6a6c47,{}
1d8074c12479b079936ef27a,Sent Emails,Skickade e-postmeddelanden,SuiteCRM-Core,sv-inbound-email-810-c-published-20260919,$mod_strings['LNK_SENT_EMAIL_LIST'],,project-context,bd631c776c296f646f4460de,reviewed-receipt,https://github.com/yeager/translations/blob/67e6d27877c9cfd6b6dbc74bd852b10bdbe09c3c/SuiteCRM-Core/sv-inbound-email-810-c-published-20260919.json,efc326506d8e54d83cdc6cf68ddf8af5b427dbb93c869334100bc3d2383e119a,{}
1da023c34c2444ad50328626,Invalid value to sync to Outlook: ,Ogiltigt värde för synkronisering till Outlook: ,SuiteCRM-Core,sv-import-a-810-published-20260919,$mod_strings['LBL_ERROR_SYNC_USERS'],,project-context,901997adb6b17e0c323964ff,reviewed-receipt,https://github.com/yeager/translations/blob/67e6d27877c9cfd6b6dbc74bd852b10bdbe09c3c/SuiteCRM-Core/sv-import-a-810-published-20260919.json,d30b91d43a7d7312345f4e9c032488a7f4fa9f3ca1774983d75ab8967114711b,{}
1da2eefdb61723f46be3b6ca,Created a new meeting,Skapade ett nytt möte,SuiteCRM-Core,sv-contacts-a-810-published-20260919,$mod_strings['LBL_CREATED_MEETING'],,project-context,107df5e9abbbe15f2e14275f,reviewed-receipt,https://github.com/yeager/translations/blob/67e6d27877c9cfd6b6dbc74bd852b10bdbe09c3c/SuiteCRM-Core/sv-contacts-a-810-published-20260919.json,10584b485e200c6f1c96340054304bbf1333d0f5bdb89bae8947c2df5c4c0947,{}
1dae677886ea092ec1589d7a,Birthdate:,Födelsedatum:,SuiteCRM-Core,sv-contacts-a-810-published-20260919,$mod_strings['LBL_BIRTHDATE'],,project-context,67e7a55d43a1aa8e819db850,reviewed-receipt,https://github.com/yeager/translations/blob/67e6d27877c9cfd6b6dbc74bd852b10bdbe09c3c/SuiteCRM-Core/sv-contacts-a-810-published-20260919.json,10584b485e200c6f1c96340054304bbf1333d0f5bdb89bae8947c2df5c4c0947,{}
1dd726ecdd61a03d8af7d171,Projects,Projekt,SuiteCRM-Core,sv-accounts-final-810-published-20260919,$mod_strings['LBL_PROJECT_SUBPANEL_TITLE'],,project-context,c6446520abc031dc9de845be,reviewed-receipt,https://github.com/yeager/translations/blob/67e6d27877c9cfd6b6dbc74bd852b10bdbe09c3c/SuiteCRM-Core/sv-accounts-final-810-published-20260919.json,f99b6b196fed5b4409a55d1296241bb29b890401afe16c0f8654ddadb9c6a43b,{}
1dd8aaa19027b12dc56a7d59,Import Completed,Import slutförd,SuiteCRM-Core,sv-import-810-reviewed-20260919,$mod_strings['LBL_IMPORT_COMPLETED'],,project-context,e48bb06357c0d076e244daf8,reviewed-receipt,https://github.com/yeager/translations/blob/67e6d27877c9cfd6b6dbc74bd852b10bdbe09c3c/SuiteCRM-Core/sv-import-810-reviewed-20260919.json,9ad9f80f27abc071d9102bbd8cefb9bc43256bdad442051d55760286d830c3b0,{}
1de8b304bf022a71d57f37e5,Username,Användarnamn,SuiteCRM-Core,sv-outbound-email-810-published-20260919,$mod_strings['LBL_MAIL_SMTPUSER'],,project-context,f62abeff68796140f46ef931,reviewed-receipt,https://github.com/yeager/translations/blob/67e6d27877c9cfd6b6dbc74bd852b10bdbe09c3c/SuiteCRM-Core/sv-outbound-email-810-published-20260919.json,971cdcc19e79f693c13cb15c9aee0f659a84a6c378a69f16b9dae9f6b2d70244,{}
1deb56b632a02713d9956abf,Campaign: Send Emails,Kampanj: Skicka e-post,SuiteCRM-Core,sv-emailmarketing-810-reviewed-20260919,$mod_strings['LBL_MODULE_SEND_EMAILS'],,project-context,8dbfaf5031e6ad8fa9c1a19d,reviewed-receipt,https://github.com/yeager/translations/blob/67e6d27877c9cfd6b6dbc74bd852b10bdbe09c3c/SuiteCRM-Core/sv-emailmarketing-810-reviewed-20260919.json,5ec4491f9b64a0da78ac62fa97360cc4e284f94d49fc10bc6c878b997b7ea8af,{}
1ded9fcad8d3855dddec46f8,Language,Språk,SuiteCRM-Core,sv-published-20260918,$mod_strings['LBL_LANGUAGE'],,project-context,ae46347b1d2a5836600eb073,reviewed-receipt,https://github.com/yeager/translations/blob/67e6d27877c9cfd6b6dbc74bd852b10bdbe09c3c/SuiteCRM-Core/sv-published-20260918.json,e4f7faaa5625d277e7a537f5b555c2fd753d326636e98deb288463e96d6356f7,{}
1df04e709023c7fafe4fa060,Email,E-post,SuiteCRM-Core,suitecrm-bugs-contacts-810-20260920,$mod_strings['LBL_EMAIL'],,project-context,7f82a3c2743197e31eaa7c6a,reviewed-receipt,https://github.com/yeager/translations/blob/67e6d27877c9cfd6b6dbc74bd852b10bdbe09c3c/SuiteCRM-Core/suitecrm-bugs-contacts-810-20260920.json,42c05e1367216f8f71e344e69ae1eb0b65b66aa6c2c17cbead68f71a82c1daff,"{""artifact"":""https://crowdin.com/project/suitecrm-core"",""sha256"":""28057eb838b46d394de4f17db0bb0a66a5ca5dd2a4631bf1e74845ab92f7e314""}"
1e82ab1bf0eb493c23aaefd6,Primary Address:,Primär adress:,SuiteCRM-Core,sv-contacts-final-810-published-20260919,$mod_strings['LBL_PRIMARY_ADDRESS'],,project-context,0cfd9905ed4f019bc47a419d,reviewed-receipt,https://github.com/yeager/translations/blob/67e6d27877c9cfd6b6dbc74bd852b10bdbe09c3c/SuiteCRM-Core/sv-contacts-final-810-published-20260919.json,d978283a12dfb9b326a3d05a7e751d434c6e3ced5ebb9cf860d351c2ecd7f04d,{}
1e9e4eb6df548ab185a11e92,Last Name,Efternamn,SuiteCRM-Core,sv-contacts-b-810-published-20260919,$mod_strings['LBL_LIST_LAST_NAME'],,project-context,3b71262abfee07532d613f96,reviewed-receipt,https://github.com/yeager/translations/blob/67e6d27877c9cfd6b6dbc74bd852b10bdbe09c3c/SuiteCRM-Core/sv-contacts-b-810-published-20260919.json,d90efd721e18c4336904231d21d618d5245ef5fdaa19153e482b76ac0409f394,{}
1edd22ff2bf45654c7f47684,Mail Send Type,Typ av e-postsändning,SuiteCRM-Core,sv-outbound-email-810-published-20260919,$mod_strings['LBL_MAIL_SENDTYPE'],,project-context,7d3f743051f354bd9bbe6b3b,reviewed-receipt,https://github.com/yeager/translations/blob/67e6d27877c9cfd6b6dbc74bd852b10bdbe09c3c/SuiteCRM-Core/sv-outbound-email-810-published-20260919.json,971cdcc19e79f693c13cb15c9aee0f659a84a6c378a69f16b9dae9f6b2d70244,{}
1ee187a956c70e7700092507,External OAuth Connection,Extern OAuth-anslutning,SuiteCRM-Core,sv-inbound-email-810-published-20260919,$mod_strings['LBL_EXTERNAL_OAUTH_CONNECTION'],,project-context,5216763f5b1e2e0445510458,reviewed-receipt,https://github.com/yeager/translations/blob/67e6d27877c9cfd6b6dbc74bd852b10bdbe09c3c/SuiteCRM-Core/sv-inbound-email-810-published-20260919.json,8ff080143649204a50f3a20eee408535d517ed526e8c4bad972910fef8c046e2,{}
1ee5354afa960c46194d886f,No file was uploaded.,Ingen fil laddades upp.,SuiteCRM-Core,sv-upgradewizard-810-published-20260919,$mod_strings['ERR_UW_PHP_FILE_ERRORS'][4],,project-context,5016e64de8845dd1d94c9874,reviewed-receipt,https://github.com/yeager/translations/blob/67e6d27877c9cfd6b6dbc74bd852b10bdbe09c3c/SuiteCRM-Core/sv-upgradewizard-810-published-20260919.json,4c5e554ea18d559c3ec8998eb3613f5413dea4c4c95bb851b4a0695c85b6ef99,{}
1f1009ecea70816fb55658e0,Exchange Server:,Exchange-server:,SuiteCRM-Core,sv-configurator-security-810-published-20260919,$mod_strings['LBL_EXCHANGE_SMTPSERVER'],,project-context,3919dcf350173c4de8474734,reviewed-receipt,https://github.com/yeager/translations/blob/67e6d27877c9cfd6b6dbc74bd852b10bdbe09c3c/SuiteCRM-Core/sv-configurator-security-810-published-20260919.json,b9cffb7627e0e033ecf619b158ee05a9837fda3137dd33e9dd9cc36d32c5600c,{}
1f1cdfe5e2a52c464852b1fe,Account settings,Kontoinställningar,SuiteCRM-Core,sv-outbound-email-810-published-20260919,$mod_strings['LBL_EDITVIEW_PANEL1'],,project-context,50bcee87a6bd313d15e89829,reviewed-receipt,https://github.com/yeager/translations/blob/67e6d27877c9cfd6b6dbc74bd852b10bdbe09c3c/SuiteCRM-Core/sv-outbound-email-810-published-20260919.json,971cdcc19e79f693c13cb15c9aee0f659a84a6c378a69f16b9dae9f6b2d70244,{}
1f1e7d6247a5b6fbb83b2d82,"""From"" name",Namn i fältet ”Från”,SuiteCRM-Core,sv-outbound-email-810-published-20260919,$mod_strings['LBL_SMTP_FROM_NAME'],,project-context,d9c42f6e879d9b263bb6ab31,reviewed-receipt,https://github.com/yeager/translations/blob/67e6d27877c9cfd6b6dbc74bd852b10bdbe09c3c/SuiteCRM-Core/sv-outbound-email-810-published-20260919.json,971cdcc19e79f693c13cb15c9aee0f659a84a6c378a69f16b9dae9f6b2d70244,{}
1f2a59f6166b376a43e047cd,Use SSL,Använd SSL,SuiteCRM-Core,sv-inbound-email-810-published-20260919,$mod_strings['LBL_MAILBOX_SSL'],,project-context,709f3cd80192bcde7feba2bd,reviewed-receipt,https://github.com/yeager/translations/blob/67e6d27877c9cfd6b6dbc74bd852b10bdbe09c3c/SuiteCRM-Core/sv-inbound-email-810-published-20260919.json,8ff080143649204a50f3a20eee408535d517ed526e8c4bad972910fef8c046e2,{}
1f419d584ab0c1be71203272,Date Published,Publiceringsdatum,SuiteCRM-Core,sv-published-20260918,$mod_strings['LBL_ML_PUBLISHED'],,project-context,af14fe139648bf6a6ad22524,reviewed-receipt,https://github.com/yeager/translations/blob/67e6d27877c9cfd6b6dbc74bd852b10bdbe09c3c/SuiteCRM-Core/sv-published-20260918.json,e4f7faaa5625d277e7a537f5b555c2fd753d326636e98deb288463e96d6356f7,{}
20094bd9c3e97a4294db836f,Enabled,Aktiverad,SuiteCRM-Core,sv-published-20260918,$mod_strings['LBL_ENABLED'],,project-context,acebd792f03f42c50d555991,reviewed-receipt,https://github.com/yeager/translations/blob/67e6d27877c9cfd6b6dbc74bd852b10bdbe09c3c/SuiteCRM-Core/sv-published-20260918.json,e4f7faaa5625d277e7a537f5b555c2fd753d326636e98deb288463e96d6356f7,{}
204a86cba3d519bb31903178,Warning:,Varning:,SuiteCRM-Core,sv-schedulers-810-b-published-20260919,$mod_strings['LBL_WARN_CURL'],,project-context,17947b2fa19040b4a4e9b67b,reviewed-receipt,https://github.com/yeager/translations/blob/67e6d27877c9cfd6b6dbc74bd852b10bdbe09c3c/SuiteCRM-Core/sv-schedulers-810-b-published-20260919.json,548c9bc56c99a3a7538a1074815c96920bc4435741e6d93f91e406bcee6a6c47,{}
205148901b6364973531e370,Email Template,E-postmall,SuiteCRM-Core,sv-emailmarketing-security-810-published-20260919,$mod_strings['LBL_EMAIL_TEMPLATE'],,project-context,287e485b72a4ea1c057456eb,reviewed-receipt,https://github.com/yeager/translations/blob/67e6d27877c9cfd6b6dbc74bd852b10bdbe09c3c/SuiteCRM-Core/sv-emailmarketing-security-810-published-20260919.json,3204b94182121e6c1d8e5d51e878c17a5e85cc78187db29beb922e12fae48b78,{}
2059c7046984b13de24e31bf,Change password,Ändra lösenord,SuiteCRM-Core,sv-outbound-email-810-published-20260919,$mod_strings['LBL_CHANGE_PASSWORD'],,project-context,ca657d61d829ff44bc9beff8,reviewed-receipt,https://github.com/yeager/translations/blob/67e6d27877c9cfd6b6dbc74bd852b10bdbe09c3c/SuiteCRM-Core/sv-outbound-email-810-published-20260919.json,971cdcc19e79f693c13cb15c9aee0f659a84a6c378a69f16b9dae9f6b2d70244,{}
2096531e91a7f4ac24e226cf,Shipping City:,Leveransort:,SuiteCRM-Core,sv-accounts-final-810-published-20260919,$mod_strings['LBL_SHIPPING_ADDRESS_CITY'],,project-context,45d9681982c3af7e7994d0f2,reviewed-receipt,https://github.com/yeager/translations/blob/67e6d27877c9cfd6b6dbc74bd852b10bdbe09c3c/SuiteCRM-Core/sv-accounts-final-810-published-20260919.json,f99b6b196fed5b4409a55d1296241bb29b890401afe16c0f8654ddadb9c6a43b,{}
2099724318a97492df0a3357,History,Historik,SuiteCRM-Core,sv-contacts-b-810-published-20260919,$mod_strings['LBL_HISTORY_SUBPANEL_TITLE'],,project-context,03ef527234f49d41a282b2a2,reviewed-receipt,https://github.com/yeager/translations/blob/67e6d27877c9cfd6b6dbc74bd852b10bdbe09c3c/SuiteCRM-Core/sv-contacts-b-810-published-20260919.json,d90efd721e18c4336904231d21d618d5245ef5fdaa19153e482b76ac0409f394,{}
20b1a3b9b253d481e15bc395,Complete,Slutför,SuiteCRM-Core,sv-published-20260918,$mod_strings['LBL_MI_COMPLETE'],,project-context,ba5d22080a88eecab4406bec,reviewed-receipt,https://github.com/yeager/translations/blob/67e6d27877c9cfd6b6dbc74bd852b10bdbe09c3c/SuiteCRM-Core/sv-published-20260918.json,e4f7faaa5625d277e7a537f5b555c2fd753d326636e98deb288463e96d6356f7,{}
20dcc8677aa4c23e44dc3f77,Mail Transfer Agent:,E-postöverföringsagent:,SuiteCRM-Core,sv-published-20260918,$mod_strings['LBL_MAIL_SENDTYPE'],,project-context,00932fc923f611ffee5d6e19,reviewed-receipt,https://github.com/yeager/translations/blob/67e6d27877c9cfd6b6dbc74bd852b10bdbe09c3c/SuiteCRM-Core/sv-published-20260918.json,e4f7faaa5625d277e7a537f5b555c2fd753d326636e98deb288463e96d6356f7,{}
210812ed0b6c7468f4be1739,Other Address:,Annan adress:,SuiteCRM-Core,sv-contacts-a-810-published-20260919,$mod_strings['LBL_ALTERNATE_ADDRESS'],,project-context,9b5295108c084134f3f843e8,reviewed-receipt,https://github.com/yeager/translations/blob/67e6d27877c9cfd6b6dbc74bd852b10bdbe09c3c/SuiteCRM-Core/sv-contacts-a-810-published-20260919.json,10584b485e200c6f1c96340054304bbf1333d0f5bdb89bae8947c2df5c4c0947,{}
214d9c98c53fc716ce171c9b,Insert Tracker URL:,Infoga spårnings-URL:,SuiteCRM-Core,sv-published-20260918,$mod_strings['LBL_INSERT_TRACKER_URL'],,project-context,126d8c2ee4ee72d944f66a0a,reviewed-receipt,https://github.com/yeager/translations/blob/67e6d27877c9cfd6b6dbc74bd852b10bdbe09c3c/SuiteCRM-Core/sv-published-20260918.json,e4f7faaa5625d277e7a537f5b555c2fd753d326636e98deb288463e96d6356f7,{}
21660c52208d1b7c24ad790a,Email,E-post,SuiteCRM-Core,sv-inbound-email-810-c-published-20260919,$mod_strings['LNK_MY_INBOX'],,project-context,c0abd66af40e388d58243941,reviewed-receipt,https://github.com/yeager/translations/blob/67e6d27877c9cfd6b6dbc74bd852b10bdbe09c3c/SuiteCRM-Core/sv-inbound-email-810-c-published-20260919.json,efc326506d8e54d83cdc6cf68ddf8af5b427dbb93c869334100bc3d2383e119a,{}
21d66f5538e00dada179c5ea,Time Format,Tidsformat,SuiteCRM-Core,sv-published-20260918,$mod_strings['LBL_TIME_FORMAT'],,project-context,84b2987bce2c0c45da660910,reviewed-receipt,https://github.com/yeager/translations/blob/67e6d27877c9cfd6b6dbc74bd852b10bdbe09c3c/SuiteCRM-Core/sv-published-20260918.json,e4f7faaa5625d277e7a537f5b555c2fd753d326636e98deb288463e96d6356f7,{}
21e31222e445f50243e21e97,Modified by User,Ändrad av användare,SuiteCRM-Core,sv-address-cache-810-20260919,$mod_strings['LBL_MODIFIED_USER'],,project-context,c10f1b6af81438298210bc8d,reviewed-receipt,https://github.com/yeager/translations/blob/67e6d27877c9cfd6b6dbc74bd852b10bdbe09c3c/SuiteCRM-Core/sv-address-cache-810-20260919.json,1fd1946e1ba4fb72767e4b4c568ae221f815b022d8feef0b10e93649be89a03b,"{""artifact"":""https://crowdin.com/project/suitecrm-core"",""sha256"":""3108901ddfbc87f73373429bf41e2a3c85bc303cc98c8fecab3512039e4c5dd6""}"
21e71654d8584443f284d1d4,None,Inga,SuiteCRM-Core,sv-acl-810-published-20260919,$mod_strings['LBL_ACCESS_NONE'],,project-context,ec10167ce5f204ead4605e26,reviewed-receipt,https://github.com/yeager/translations/blob/67e6d27877c9cfd6b6dbc74bd852b10bdbe09c3c/SuiteCRM-Core/sv-acl-810-published-20260919.json,c3d79cc04f48d5a83982b3c13a5bf197dcb035625008d4cec3b1a07c4d7311de,{}
21f719b30acb309524247177,Minimum interval between tries,Minsta intervall mellan försök,SuiteCRM-Core,sv-schedulerjobs-810-published-20260919,$mod_strings['LBL_INTERVAL'],,project-context,486856f0d5e1d62aeb50b230,reviewed-receipt,https://github.com/yeager/translations/blob/67e6d27877c9cfd6b6dbc74bd852b10bdbe09c3c/SuiteCRM-Core/sv-schedulerjobs-810-published-20260919.json,39ece1dd6abbe7117cd3f0433632a40e1beb4e595e8ab66ce266caf7d0c35321,{}
224b9334386a62ac5052b240,Case Email Template,E-postmall för ärende,SuiteCRM-Core,sv-inbound-email-810-published-20260919,$mod_strings['LBL_CASE_EMAIL_TEMPLATE'],,project-context,e9f51d0374088a072d40ad64,reviewed-receipt,https://github.com/yeager/translations/blob/67e6d27877c9cfd6b6dbc74bd852b10bdbe09c3c/SuiteCRM-Core/sv-inbound-email-810-published-20260919.json,8ff080143649204a50f3a20eee408535d517ed526e8c4bad972910fef8c046e2,{}
22518bb2d3a307f66e696454,Charts,Diagram,SuiteCRM-Core,sv-accounts-a-810-published-20260919,$mod_strings['LBL_CHARTS'],,project-context,8e8dd80314fa311b2f55f537,reviewed-receipt,https://github.com/yeager/translations/blob/67e6d27877c9cfd6b6dbc74bd852b10bdbe09c3c/SuiteCRM-Core/sv-accounts-a-810-published-20260919.json,ea12294a7550adccf7f3bd2ee5ba9c0f994224671cce0ee6ffbeaf4e4d1eedb2,{}
226a2af616ff68c37bc8f1c7,Type,Typ,SuiteCRM-Core,sv-inbound-email-810-published-20260919,$mod_strings['LBL_LIST_GLOBAL_PERSONAL'],,project-context,6fdf77d5e433d7b6fdf18f32,reviewed-receipt,https://github.com/yeager/translations/blob/67e6d27877c9cfd6b6dbc74bd852b10bdbe09c3c/SuiteCRM-Core/sv-inbound-email-810-published-20260919.json,8ff080143649204a50f3a20eee408535d517ed526e8c4bad972910fef8c046e2,{}
22800f9e53952349be18bd7c,Audit,Granskning,SuiteCRM-Core,sv-dynamicfields-810-published-20260919,$mod_strings['COLUMN_TITLE_AUDIT'],,project-context,680dae9e76d8018112d99dbb,reviewed-receipt,https://github.com/yeager/translations/blob/67e6d27877c9cfd6b6dbc74bd852b10bdbe09c3c/SuiteCRM-Core/sv-dynamicfields-810-published-20260919.json,d82b264795c3f57e63f446503845cb601f29790142b6abaaf61ca77271bb3c3f,{}
229acfabbc10af9104371088,Tasks,Uppgifter,SuiteCRM-Core,sv-dynamicfields-810-published-20260919,$mod_strings['LNK_TASK_LIST'],,project-context,b5bc017f35ce3e222443ea78,reviewed-receipt,https://github.com/yeager/translations/blob/67e6d27877c9cfd6b6dbc74bd852b10bdbe09c3c/SuiteCRM-Core/sv-dynamicfields-810-published-20260919.json,d82b264795c3f57e63f446503845cb601f29790142b6abaaf61ca77271bb3c3f,{}
22b427f9ab147b0ba4c8ec1c,Summary,Sammanfattning,SuiteCRM-Core,sv-import-810-reviewed-20260919,$mod_strings['LBL_SUMMARY'],,project-context,fdfd7785ec560438be6129ea,reviewed-receipt,https://github.com/yeager/translations/blob/67e6d27877c9cfd6b6dbc74bd852b10bdbe09c3c/SuiteCRM-Core/sv-import-810-reviewed-20260919.json,9ad9f80f27abc071d9102bbd8cefb9bc43256bdad442051d55760286d830c3b0,{}
23025210109537590f5de307,Branding,Varumärkesanpassning,SuiteCRM-Core,sv-configurator-ui-810-published-20260919,$mod_strings['LBL_WIZARD_SYSTEM_TITLE'],,project-context,038ced689a82b786aa4b0c49,reviewed-receipt,https://github.com/yeager/translations/blob/67e6d27877c9cfd6b6dbc74bd852b10bdbe09c3c/SuiteCRM-Core/sv-configurator-ui-810-published-20260919.json,c2c1f7f6e07523183e318bd1273893e066f03c7dc66af3e9f80e12e615c6d038,{}
23093d1a30bd28fe0c18c188,Group DN:,Grupp-DN:,SuiteCRM-Core,sv-configurator-security-810-published-20260919,$mod_strings['LBL_LDAP_GROUP_DN'],,project-context,2f9212c4b8b32b2f3cf82fcd,reviewed-receipt,https://github.com/yeager/translations/blob/67e6d27877c9cfd6b6dbc74bd852b10bdbe09c3c/SuiteCRM-Core/sv-configurator-security-810-published-20260919.json,b9cffb7627e0e033ecf619b158ee05a9837fda3137dd33e9dd9cc36d32c5600c,{}
236a38756bdcc5caa62a8060,Check Mail,Kontrollera e-post,SuiteCRM-Core,sv-published-20260918,$mod_strings['LBL_BUTTON_CHECK'],,project-context,f52c714b771ba7b61b63e6b8,reviewed-receipt,https://github.com/yeager/translations/blob/67e6d27877c9cfd6b6dbc74bd852b10bdbe09c3c/SuiteCRM-Core/sv-published-20260918.json,e4f7faaa5625d277e7a537f5b555c2fd753d326636e98deb288463e96d6356f7,{}
23b3240b1a0ced5d17af8aa6,Error Saving Draft,Fel när utkastet skulle sparas,SuiteCRM-Core,sv-published-20260918,$mod_strings['LBL_ERROR_SAVING_DRAFT'],,project-context,3f8da18d98f6a8949f76ecab,reviewed-receipt,https://github.com/yeager/translations/blob/67e6d27877c9cfd6b6dbc74bd852b10bdbe09c3c/SuiteCRM-Core/sv-published-20260918.json,e4f7faaa5625d277e7a537f5b555c2fd753d326636e98deb288463e96d6356f7,{}
23ca8949f19af7dd537187f1,Reports To:,Rapporterar till:,SuiteCRM-Core,sv-contacts-final-810-published-20260919,$mod_strings['LBL_REPORTS_TO'],,project-context,9aec9d44d01883d3882984d2,reviewed-receipt,https://github.com/yeager/translations/blob/67e6d27877c9cfd6b6dbc74bd852b10bdbe09c3c/SuiteCRM-Core/sv-contacts-final-810-published-20260919.json,d978283a12dfb9b326a3d05a7e751d434c6e3ced5ebb9cf860d351c2ecd7f04d,{}
23ce5a0b1db46183f08bd6a9,Type,Typ,SuiteCRM-Core,sv-published-20260918,$mod_strings['LBL_LIST_TYPE'],,project-context,8dd81b4e0638827696b3ed9c,reviewed-receipt,https://github.com/yeager/translations/blob/67e6d27877c9cfd6b6dbc74bd852b10bdbe09c3c/SuiteCRM-Core/sv-published-20260918.json,e4f7faaa5625d277e7a537f5b555c2fd753d326636e98deb288463e96d6356f7,{}
2402213b7ada674ac8c3ca2b,Collapsed subpanels,Ihopfällda delpaneler,SuiteCRM-Core,sv-configurator-ui-810-published-20260919,$mod_strings['LBL_HIDE_SUBPANELS'],,project-context,c90eda910c7dfc750c223708,reviewed-receipt,https://github.com/yeager/translations/blob/67e6d27877c9cfd6b6dbc74bd852b10bdbe09c3c/SuiteCRM-Core/sv-configurator-ui-810-published-20260919.json,c2c1f7f6e07523183e318bd1273893e066f03c7dc66af3e9f80e12e615c6d038,{}
240315b3cc121092c0e893a6,Your POP3 test connection was successful.,POP3-testanslutningen lyckades.,SuiteCRM-Core,sv-inbound-email-810-published-20260919,$mod_strings['LBL_POP3_SUCCESS'],,project-context,89ac6d716b448da4ee2d38fd,reviewed-receipt,https://github.com/yeager/translations/blob/67e6d27877c9cfd6b6dbc74bd852b10bdbe09c3c/SuiteCRM-Core/sv-inbound-email-810-published-20260919.json,8ff080143649204a50f3a20eee408535d517ed526e8c4bad972910fef8c046e2,{}
243c3500ac2553d42180a2cd,Bounce Handling Mailbox,Brevlåda för hantering av studsade e-postmeddelanden,SuiteCRM-Core,sv-inbound-email-810-published-20260919,$mod_strings['LBL_BOUNCE_MODULE_NAME'],,project-context,37fcdf003ed3b5bdef72e352,reviewed-receipt,https://github.com/yeager/translations/blob/67e6d27877c9cfd6b6dbc74bd852b10bdbe09c3c/SuiteCRM-Core/sv-inbound-email-810-published-20260919.json,8ff080143649204a50f3a20eee408535d517ed526e8c4bad972910fef8c046e2,{}
2457826789c64b495f596298,Schedulers,Schemaläggare,SuiteCRM-Core,sv-emailmarketing-810-reviewed-20260919,$mod_strings['LBL_SCHEDULERS'],,project-context,28765895b9f9d419500e0c8f,reviewed-receipt,https://github.com/yeager/translations/blob/67e6d27877c9cfd6b6dbc74bd852b10bdbe09c3c/SuiteCRM-Core/sv-emailmarketing-810-reviewed-20260919.json,5ec4491f9b64a0da78ac62fa97360cc4e284f94d49fc10bc6c878b997b7ea8af,{}
2457ebfa4e811037cf1eafe3,Sync Calendar Accounts,Synkronisera kalenderkonton,SuiteCRM-Core,sv-schedulers-810-published-20260919,$mod_strings['LBL_CALENDARSYNCJOB'],,project-context,2ff7ccb17520f698e878d09e,reviewed-receipt,https://github.com/yeager/translations/blob/67e6d27877c9cfd6b6dbc74bd852b10bdbe09c3c/SuiteCRM-Core/sv-schedulers-810-published-20260919.json,33eb7afe2f29dd74f08bd921b07d01bf183499e1985dd5f49edf5433b2ce22bb,{}
245b282434c7be800d510d10,Manual synchronization has been initiated successfully.,Manuell synkronisering har startats.,SuiteCRM-Core,sv-published-20260918,$mod_strings['LBL_CALENDAR_SYNC_MANUAL_TRIGGER_SUCCESS'],,project-context,5e5c27be7a8da79f3647068e,reviewed-receipt,https://github.com/yeager/translations/blob/67e6d27877c9cfd6b6dbc74bd852b10bdbe09c3c/SuiteCRM-Core/sv-published-20260918.json,e4f7faaa5625d277e7a537f5b555c2fd753d326636e98deb288463e96d6356f7,{}
2469dd0182623db8ace45ba1,Select file:,Välj fil:,SuiteCRM-Core,sv-import-810-reviewed-20260919,$mod_strings['LBL_SELECT_FILE'],,project-context,f3d12c84d0c6db83988cb744,reviewed-receipt,https://github.com/yeager/translations/blob/67e6d27877c9cfd6b6dbc74bd852b10bdbe09c3c/SuiteCRM-Core/sv-import-810-reviewed-20260919.json,9ad9f80f27abc071d9102bbd8cefb9bc43256bdad442051d55760286d830c3b0,{}
24908f1ba64860e4b678b8e5,External OAuth Connection,Extern OAuth-anslutning,SuiteCRM-Core,sv-outbound-email-810-published-20260919,$mod_strings['LBL_EXTERNAL_OAUTH_CONNECTION'],,project-context,e103d188ba860d1bef5e8fd4,reviewed-receipt,https://github.com/yeager/translations/blob/67e6d27877c9cfd6b6dbc74bd852b10bdbe09c3c/SuiteCRM-Core/sv-outbound-email-810-published-20260919.json,971cdcc19e79f693c13cb15c9aee0f659a84a6c378a69f16b9dae9f6b2d70244,{}
24b463916acf56507e6e9a38,Uninstalling SuiteCRM Dashlet ,Avinstallerar SuiteCRM-informationspanel ,SuiteCRM-Core,sv-published-20260918,$mod_strings['LBL_MI_UN_DASHLETS'],,project-context,27799dc97625b9b290d2c9a9,reviewed-receipt,https://github.com/yeager/translations/blob/67e6d27877c9cfd6b6dbc74bd852b10bdbe09c3c/SuiteCRM-Core/sv-published-20260918.json,e4f7faaa5625d277e7a537f5b555c2fd753d326636e98deb288463e96d6356f7,{}
24d039e84e188c215354045c,minute mark,minutmarkering,SuiteCRM-Core,sv-schedulers-810-b-published-20260919,$mod_strings['LBL_MIN_MARK'],,project-context,dbc5bb72bbe7f560842d2fb5,reviewed-receipt,https://github.com/yeager/translations/blob/67e6d27877c9cfd6b6dbc74bd852b10bdbe09c3c/SuiteCRM-Core/sv-schedulers-810-b-published-20260919.json,548c9bc56c99a3a7538a1074815c96920bc4435741e6d93f91e406bcee6a6c47,{}
24d5dbc8f07a6fd9dd5bd9fa,Calls,Samtal,SuiteCRM-Core,sv-dynamicfields-810-published-20260919,$mod_strings['LNK_CALL_LIST'],,project-context,e33e5973473d62bc2fa290d0,reviewed-receipt,https://github.com/yeager/translations/blob/67e6d27877c9cfd6b6dbc74bd852b10bdbe09c3c/SuiteCRM-Core/sv-dynamicfields-810-published-20260919.json,d82b264795c3f57e63f446503845cb601f29790142b6abaaf61ca77271bb3c3f,{}
252e93ec17a30c10bfec9581,Pop up Record List,Popup-lista över poster,SuiteCRM-Core,sv-configurator-ui-810-published-20260919,$mod_strings['LBL_LIST_ENTRIES_PER_MODAL'],,project-context,50e64aca34aa6b238000ec4f,reviewed-receipt,https://github.com/yeager/translations/blob/67e6d27877c9cfd6b6dbc74bd852b10bdbe09c3c/SuiteCRM-Core/sv-configurator-ui-810-published-20260919.json,c2c1f7f6e07523183e318bd1273893e066f03c7dc66af3e9f80e12e615c6d038,{}
2530390926e505c8572ea514,Send Attempts,Skickförsök,SuiteCRM-Core,sv-published-20260918,$mod_strings['LBL_SEND_ATTEMPTS'],,project-context,f8e3a82ecc804b4d683a3394,reviewed-receipt,https://github.com/yeager/translations/blob/67e6d27877c9cfd6b6dbc74bd852b10bdbe09c3c/SuiteCRM-Core/sv-published-20260918.json,e4f7faaa5625d277e7a537f5b555c2fd753d326636e98deb288463e96d6356f7,{}
25628bac8b35a1c5a98e3a2d,Invalid Port,Ogiltig port,SuiteCRM-Core,sv-inbound-email-810-a-published-20260919,$mod_strings['ERR_INVALID_PORT'],,project-context,c479d72084fefc141096227f,reviewed-receipt,https://github.com/yeager/translations/blob/67e6d27877c9cfd6b6dbc74bd852b10bdbe09c3c/SuiteCRM-Core/sv-inbound-email-810-a-published-20260919.json,67b8a04fd03d3b56d9f5e2549ac38263fc2b653e270ecd0097cbd7e2a30e424a,{}
25a43308109e3de7ce17a50e,Send Date,Skickdatum,SuiteCRM-Core,sv-emailmarketing-a-810-published-20260919,$mod_strings['LBL_SEND_DATE'],,project-context,18975b0002ea7fa9fe63239d,reviewed-receipt,https://github.com/yeager/translations/blob/67e6d27877c9cfd6b6dbc74bd852b10bdbe09c3c/SuiteCRM-Core/sv-emailmarketing-a-810-published-20260919.json,84957449ddc9118eddc2b572b035053c0b63aa8200c37a30f6619f66e15777e4,{}
25beb0d24e8c1d0a0ac16dc4,Forced failure on timeout,Framtvingat fel vid tidsgräns,SuiteCRM-Core,sv-schedulerjobs-810-published-20260919,$mod_strings['ERR_TIMEOUT'],,project-context,45b9bf0f41be9474dd38f0de,reviewed-receipt,https://github.com/yeager/translations/blob/67e6d27877c9cfd6b6dbc74bd852b10bdbe09c3c/SuiteCRM-Core/sv-schedulerjobs-810-published-20260919.json,39ece1dd6abbe7117cd3f0433632a40e1beb4e595e8ab66ce266caf7d0c35321,{}
25e49222c13a392b88508272,No Distribution Method Selected,Ingen fördelningsmetod har valts,SuiteCRM-Core,sv-published-20260918,$mod_strings['LBL_WARN_NO_DIST'],,project-context,eb7b228caeddb4230b25192e,reviewed-receipt,https://github.com/yeager/translations/blob/67e6d27877c9cfd6b6dbc74bd852b10bdbe09c3c/SuiteCRM-Core/sv-published-20260918.json,e4f7faaa5625d277e7a537f5b555c2fd753d326636e98deb288463e96d6356f7,{}
25e727510f311a72f9192607,Processing,Bearbetar,SuiteCRM-Core,sv-upgradewizard-810-published-20260919,$mod_strings['LBL_PROCESSING'],,project-context,3141fcddbae3536109799263,reviewed-receipt,https://github.com/yeager/translations/blob/67e6d27877c9cfd6b6dbc74bd852b10bdbe09c3c/SuiteCRM-Core/sv-upgradewizard-810-published-20260919.json,4c5e554ea18d559c3ec8998eb3613f5413dea4c4c95bb851b4a0695c85b6ef99,{}
2605444f11426fa964ca05cc,Date,Datum,SuiteCRM-Core,sv-import-a-810-published-20260919,$mod_strings['LBL_IMPORT_FIELDDEF_DATE'],,project-context,d040142cd2b7221548f3297f,reviewed-receipt,https://github.com/yeager/translations/blob/67e6d27877c9cfd6b6dbc74bd852b10bdbe09c3c/SuiteCRM-Core/sv-import-a-810-published-20260919.json,d30b91d43a7d7312345f4e9c032488a7f4fa9f3ca1774983d75ab8967114711b,{}
26060095f211482d4e88b63d,Proceed ?,Fortsätta ?,SuiteCRM-Core,sv-mergerecords-810-reviewed-20260919,$mod_strings['LBL_PROCEED'],,project-context,f1dfe542df7ff66985d9285b,reviewed-receipt,https://github.com/yeager/translations/blob/67e6d27877c9cfd6b6dbc74bd852b10bdbe09c3c/SuiteCRM-Core/sv-mergerecords-810-reviewed-20260919.json,91986f9f225ab70510f1d592ec7ab13d102e66d6e808c70be1487daa66289884,{}
264acf5bc8208e4de65e6cb1,Use SMTP Authentication:,Använd SMTP-autentisering:,SuiteCRM-Core,sv-emailman-810-reviewed-20260919,$mod_strings['LBL_MAIL_SMTPAUTH_REQ'],,project-context,167311bc62ca8ca11e8cfc4d,reviewed-receipt,https://github.com/yeager/translations/blob/67e6d27877c9cfd6b6dbc74bd852b10bdbe09c3c/SuiteCRM-Core/sv-emailman-810-reviewed-20260919.json,357602d848ba6ff265cee4846ea9cdda5d3d12fa32b652b32fb009ae15bc3e35,{}
264e146d23d209cf242dade5,Project Users from Project Title,Projektanvändare från projekttitel,SuiteCRM-Core,sv-published-20260918,$mod_strings['LBL_PROJECT_USERS_1_FROM_PROJECT_TITLE'],,project-context,fcfaf2702d9a83bdeffff59f,reviewed-receipt,https://github.com/yeager/translations/blob/67e6d27877c9cfd6b6dbc74bd852b10bdbe09c3c/SuiteCRM-Core/sv-published-20260918.json,e4f7faaa5625d277e7a537f5b555c2fd753d326636e98deb288463e96d6356f7,{}
269312e3bd92649db881d391,Maximum retries,Högsta antal försök,SuiteCRM-Core,sv-schedulerjobs-810-published-20260919,$mod_strings['LBL_RETRY_COUNT'],,project-context,444005c59427bb729036d19d,reviewed-receipt,https://github.com/yeager/translations/blob/67e6d27877c9cfd6b6dbc74bd852b10bdbe09c3c/SuiteCRM-Core/sv-schedulerjobs-810-published-20260919.json,39ece1dd6abbe7117cd3f0433632a40e1beb4e595e8ab66ce266caf7d0c35321,{}
26a82f4f3b4d2a4b95e52e3e,My Contacts,Mina kontakter,SuiteCRM-Core,sv-contacts-final-810-published-20260919,$mod_strings['LBL_HOMEPAGE_TITLE'],,project-context,1a55fa4aa3cddf97a0ed0d39,reviewed-receipt,https://github.com/yeager/translations/blob/67e6d27877c9cfd6b6dbc74bd852b10bdbe09c3c/SuiteCRM-Core/sv-contacts-final-810-published-20260919.json,d978283a12dfb9b326a3d05a7e751d434c6e3ced5ebb9cf860d351c2ecd7f04d,{}
26bf681fa4d72c3cad8c5ca0,Number of Auto-responses,Antal autosvar,SuiteCRM-Core,sv-inbound-email-810-b-published-20260919,$mod_strings['LBL_MAX_AUTO_REPLIES'],,project-context,786dbbe53efd9de3b0463963,reviewed-receipt,https://github.com/yeager/translations/blob/67e6d27877c9cfd6b6dbc74bd852b10bdbe09c3c/SuiteCRM-Core/sv-inbound-email-810-b-published-20260919.json,50c081232ca5f44c5a35c5973a58367c6d6b8e57fb93b0bf46982142cf2626a9,{}
26c58653abc7b7dfee9086d8,Time Format:,Tidsformat:,SuiteCRM-Core,sv-import-810-reviewed-20260919,$mod_strings['LBL_TIME_FORMAT'],,project-context,5d709ca7e8eb7c26f36d5b09,reviewed-receipt,https://github.com/yeager/translations/blob/67e6d27877c9cfd6b6dbc74bd852b10bdbe09c3c/SuiteCRM-Core/sv-import-810-reviewed-20260919.json,9ad9f80f27abc071d9102bbd8cefb9bc43256bdad442051d55760286d830c3b0,{}
26eab6ef7da07b76976336b9,Unique ID number,Unikt ID-nummer,SuiteCRM-Core,sv-import-810-reviewed-20260919,$mod_strings['LBL_IMPORT_FIELDDEF_ID'],,project-context,c196c071574a73f18ea763fe,reviewed-receipt,https://github.com/yeager/translations/blob/67e6d27877c9cfd6b6dbc74bd852b10bdbe09c3c/SuiteCRM-Core/sv-import-810-reviewed-20260919.json,9ad9f80f27abc071d9102bbd8cefb9bc43256bdad442051d55760286d830c3b0,{}
2764efcdbe9434d416e271e6,Phone,Telefon,SuiteCRM-Core,sv-accounts-final-810-published-20260919,$mod_strings['LBL_LIST_PHONE'],,project-context,6928c3c01dec9ae2de63d86c,reviewed-receipt,https://github.com/yeager/translations/blob/67e6d27877c9cfd6b6dbc74bd852b10bdbe09c3c/SuiteCRM-Core/sv-accounts-final-810-published-20260919.json,f99b6b196fed5b4409a55d1296241bb29b890401afe16c0f8654ddadb9c6a43b,{}
2779107dff10dc6b7c9a33ba,Username,Användarnamn,SuiteCRM-Core,sv-outbound-email-810-published-20260919,$mod_strings['LBL_USERNAME'],,project-context,b3f8dbe800068b40ad0044d5,reviewed-receipt,https://github.com/yeager/translations/blob/67e6d27877c9cfd6b6dbc74bd852b10bdbe09c3c/SuiteCRM-Core/sv-outbound-email-810-published-20260919.json,971cdcc19e79f693c13cb15c9aee0f659a84a6c378a69f16b9dae9f6b2d70244,{}
284dd15622a749ad032358d9,Please enter a folder name,Ange ett mappnamn,SuiteCRM-Core,sv-published-20260918,$mod_strings['LBL_ENTER_FOLDER_NAME'],,project-context,94c227134bc87dc0859ed40c,reviewed-receipt,https://github.com/yeager/translations/blob/67e6d27877c9cfd6b6dbc74bd852b10bdbe09c3c/SuiteCRM-Core/sv-published-20260918.json,e4f7faaa5625d277e7a537f5b555c2fd753d326636e98deb288463e96d6356f7,{}
2871f27b63a9c869323c0e2d,Invalid account name or ID,Ogiltigt organisationsnamn eller ID,SuiteCRM-Core,sv-import-810-reviewed-20260919,$mod_strings['LBL_ERROR_INVALID_ACCOUNT'],,project-context,13cd54362e816cf5b9f30f14,reviewed-receipt,https://github.com/yeager/translations/blob/67e6d27877c9cfd6b6dbc74bd852b10bdbe09c3c/SuiteCRM-Core/sv-import-810-reviewed-20260919.json,9ad9f80f27abc071d9102bbd8cefb9bc43256bdad442051d55760286d830c3b0,{}
289c273a3053087ed2f84c18,Import Timeframe Start,Start för importperiod,SuiteCRM-Core,sv-inbound-email-810-published-20260919,$mod_strings['LBL_EMAIL_IMPORT_TIMEFRAME_START'],,project-context,ea6aedc7c45af296c832aecb,reviewed-receipt,https://github.com/yeager/translations/blob/67e6d27877c9cfd6b6dbc74bd852b10bdbe09c3c/SuiteCRM-Core/sv-inbound-email-810-published-20260919.json,8ff080143649204a50f3a20eee408535d517ed526e8c4bad972910fef8c046e2,{}
28cd5b046afda1c313f28fcb,Log Call,Registrera samtal,SuiteCRM-Core,sv-contacts-final-810-published-20260919,$mod_strings['LNK_NEW_CALL'],,project-context,7c17d45f4b063fa5587ae9af,reviewed-receipt,https://github.com/yeager/translations/blob/67e6d27877c9cfd6b6dbc74bd852b10bdbe09c3c/SuiteCRM-Core/sv-contacts-final-810-published-20260919.json,d978283a12dfb9b326a3d05a7e751d434c6e3ced5ebb9cf860d351c2ecd7f04d,{}
28d029b2a8856401c582d201,One moment please...,Ett ögonblick …,SuiteCRM-Core,sv-inbound-email-810-published-20260919,$mod_strings['LBL_TEST_WAIT_MESSAGE'],,project-context,f5ba187957b46747f155e748,reviewed-receipt,https://github.com/yeager/translations/blob/67e6d27877c9cfd6b6dbc74bd852b10bdbe09c3c/SuiteCRM-Core/sv-inbound-email-810-published-20260919.json,8ff080143649204a50f3a20eee408535d517ed526e8c4bad972910fef8c046e2,{}
2909d0bc8899a4089379f75a,Flagged:,Flaggad:,SuiteCRM-Core,sv-published-20260918,$mod_strings['LBL_EMAIL_FLAGGED'],,project-context,ff9d4ee205f7fabb821f8ed6,reviewed-receipt,https://github.com/yeager/translations/blob/67e6d27877c9cfd6b6dbc74bd852b10bdbe09c3c/SuiteCRM-Core/sv-published-20260918.json,e4f7faaa5625d277e7a537f5b555c2fd753d326636e98deb288463e96d6356f7,{}
290ae4772c74b70b04be95d5,Assign To User,Tilldela till användare,SuiteCRM-Core,sv-inbound-email-810-a-published-20260919,$mod_strings['LBL_ASSIGN_TO_USER'],,project-context,7f9ce751a8075c2a6ccf2bb4,reviewed-receipt,https://github.com/yeager/translations/blob/67e6d27877c9cfd6b6dbc74bd852b10bdbe09c3c/SuiteCRM-Core/sv-inbound-email-810-a-published-20260919.json,67b8a04fd03d3b56d9f5e2549ac38263fc2b653e270ecd0097cbd7e2a30e424a,{}
290b44625fa582c2ae154c19,Search Migrations,Sök migreringar,SuiteCRM-Core,sv-manual-migration-tasks-810-published-20260919,$mod_strings['LBL_SEARCH_FORM_TITLE'],,project-context,e3cb1c1d924f62bf7f5c706c,reviewed-receipt,https://github.com/yeager/translations/blob/67e6d27877c9cfd6b6dbc74bd852b10bdbe09c3c/SuiteCRM-Core/sv-manual-migration-tasks-810-published-20260919.json,a57c55236a2b943e110d1e9093259e3e4c7c7d8364f4be24f498eb3953ea51d0,{}
290b95131bf1dc9ccedbea92,Messages,Meddelanden,SuiteCRM-Core,sv-schedulerjobs-810-published-20260919,$mod_strings['LBL_MESSAGE'],,project-context,50c3e6d485cf8ebfa1146b37,reviewed-receipt,https://github.com/yeager/translations/blob/67e6d27877c9cfd6b6dbc74bd852b10bdbe09c3c/SuiteCRM-Core/sv-schedulerjobs-810-published-20260919.json,39ece1dd6abbe7117cd3f0433632a40e1beb4e595e8ab66ce266caf7d0c35321,{}
2944730e66feabdce0661e29,Any Phone:,Valfritt telefonnummer:,SuiteCRM-Core,sv-contacts-a-810-published-20260919,$mod_strings['LBL_ANY_PHONE'],,project-context,342ba32d7d0c103312443c92,reviewed-receipt,https://github.com/yeager/translations/blob/67e6d27877c9cfd6b6dbc74bd852b10bdbe09c3c/SuiteCRM-Core/sv-contacts-a-810-published-20260919.json,10584b485e200c6f1c96340054304bbf1333d0f5bdb89bae8947c2df5c4c0947,{}
295818dabf1958eb7b3bdd69,User Name,Användarnamn,SuiteCRM-Core,sv-inbound-email-810-published-20260919,$mod_strings['LBL_USERNAME'],,project-context,c13469862fd365633ffed650,reviewed-receipt,https://github.com/yeager/translations/blob/67e6d27877c9cfd6b6dbc74bd852b10bdbe09c3c/SuiteCRM-Core/sv-inbound-email-810-published-20260919.json,8ff080143649204a50f3a20eee408535d517ed526e8c4bad972910fef8c046e2,{}
29620065a4a8959afeafbb55,Mail Merge,Dokumentkoppling,SuiteCRM-Core,sv-published-20260918,$mod_strings['LBL_MAILMERGE'],,project-context,8c9d13ad05e2b42aab6a2814,reviewed-receipt,https://github.com/yeager/translations/blob/67e6d27877c9cfd6b6dbc74bd852b10bdbe09c3c/SuiteCRM-Core/sv-published-20260918.json,e4f7faaa5625d277e7a537f5b555c2fd753d326636e98deb288463e96d6356f7,{}
29c2a234a23a196a0d9fed4e,Auto Create Users:,Skapa användare automatiskt:,SuiteCRM-Core,sv-configurator-security-810-published-20260919,$mod_strings['LBL_LDAP_AUTO_CREATE_USERS'],,project-context,399cadbff3276dcef0f54947,reviewed-receipt,https://github.com/yeager/translations/blob/67e6d27877c9cfd6b6dbc74bd852b10bdbe09c3c/SuiteCRM-Core/sv-configurator-security-810-published-20260919.json,b9cffb7627e0e033ecf619b158ee05a9837fda3137dd33e9dd9cc36d32c5600c,{}
29e05c9a4724d34e59292df2,Alternate Address Postal Code:,Alternativt postnummer:,SuiteCRM-Core,sv-contacts-a-810-published-20260919,$mod_strings['LBL_ALT_ADDRESS_POSTALCODE'],,project-context,42919b4cf5d02c5b7474116d,reviewed-receipt,https://github.com/yeager/translations/blob/67e6d27877c9cfd6b6dbc74bd852b10bdbe09c3c/SuiteCRM-Core/sv-contacts-a-810-published-20260919.json,10584b485e200c6f1c96340054304bbf1333d0f5bdb89bae8947c2df5c4c0947,{}
29eafaa790cac151f7ea752b,Create Contact From vCard,Skapa kontakt från vCard,SuiteCRM-Core,sv-contacts-final-810-published-20260919,$mod_strings['LNK_IMPORT_VCARD'],,project-context,0fbba8c20a3eecf779a0d725,reviewed-receipt,https://github.com/yeager/translations/blob/67e6d27877c9cfd6b6dbc74bd852b10bdbe09c3c/SuiteCRM-Core/sv-contacts-final-810-published-20260919.json,d978283a12dfb9b326a3d05a7e751d434c6e3ced5ebb9cf860d351c2ecd7f04d,{}
2a22d945617b14426f658b65,Opted Out,Avregistrerad,SuiteCRM-Core,sv-email-addresses-810-reviewed-20260919,$mod_strings['LBL_OPT_OUT'],,project-context,a0ac275dccf9603b128ad3c6,reviewed-receipt,https://github.com/yeager/translations/blob/67e6d27877c9cfd6b6dbc74bd852b10bdbe09c3c/SuiteCRM-Core/sv-email-addresses-810-reviewed-20260919.json,274a0a2e48242ef462753efa7838ce99aa59440b092671b4eab3273704c2386d,{}
2a4ea38b21c9498cdb64dd20,Created by: ,Skapat av: ,SuiteCRM-Core,sv-emailmarketing-810-reviewed-20260919,$mod_strings['LBL_CREATED'],,project-context,a8b032491bbe653a6f479af4,reviewed-receipt,https://github.com/yeager/translations/blob/67e6d27877c9cfd6b6dbc74bd852b10bdbe09c3c/SuiteCRM-Core/sv-emailmarketing-810-reviewed-20260919.json,5ec4491f9b64a0da78ac62fa97360cc4e284f94d49fc10bc6c878b997b7ea8af,{}
2a500a301b4e00069ae7f98d,Select Logo:,Välj logotyp:,SuiteCRM-Core,sv-configurator-ui-810-published-20260919,$mod_strings['NEW_LOGO'],,project-context,1655c3c6e15d31de569eed4f,reviewed-receipt,https://github.com/yeager/translations/blob/67e6d27877c9cfd6b6dbc74bd852b10bdbe09c3c/SuiteCRM-Core/sv-configurator-ui-810-published-20260919.json,c2c1f7f6e07523183e318bd1273893e066f03c7dc66af3e9f80e12e615c6d038,{}
2a9e8ea66b19c50d89eb5800,Process Workflow Tasks,Bearbeta arbetsflödesuppgifter,SuiteCRM-Core,sv-schedulers-810-published-20260919,$mod_strings['LBL_OOTB_WORKFLOW'],,project-context,2b25adcb1d449037dad56de5,reviewed-receipt,https://github.com/yeager/translations/blob/67e6d27877c9cfd6b6dbc74bd852b10bdbe09c3c/SuiteCRM-Core/sv-schedulers-810-published-20260919.json,33eb7afe2f29dd74f08bd921b07d01bf183499e1985dd5f49edf5433b2ce22bb,{}
2b4ee6b99c6bb3a10e074b14,Create Opportunity,Skapa affärsmöjlighet,SuiteCRM-Core,sv-published-20260918,$mod_strings['LBL_QUICK_OPPORTUNITY'],,project-context,03c3c9fb99a442580f674eff,reviewed-receipt,https://github.com/yeager/translations/blob/67e6d27877c9cfd6b6dbc74bd852b10bdbe09c3c/SuiteCRM-Core/sv-published-20260918.json,e4f7faaa5625d277e7a537f5b555c2fd753d326636e98deb288463e96d6356f7,{}
2b52dc78c9316b7863c77691,Pop up Record List Pagination Type,Sidindelningstyp för popup-lista med poster,SuiteCRM-Core,sv-published-20260918,$mod_strings['LBL_SET_RECORD_MODAL_PAGINATION_TYPE'],,project-context,16d840ea5a760ab8187e852e,reviewed-receipt,https://github.com/yeager/translations/blob/67e6d27877c9cfd6b6dbc74bd852b10bdbe09c3c/SuiteCRM-Core/sv-published-20260918.json,e4f7faaa5625d277e7a537f5b555c2fd753d326636e98deb288463e96d6356f7,{}
2b6fec9c352914b7e3ba0a26,Accept Status,Svarsstatus,SuiteCRM-Core,sv-published-20260918,$mod_strings['LBL_LIST_ACCEPT_STATUS'],,project-context,92ac207f3643d46dafd858e9,reviewed-receipt,https://github.com/yeager/translations/blob/67e6d27877c9cfd6b6dbc74bd852b10bdbe09c3c/SuiteCRM-Core/sv-published-20260918.json,e4f7faaa5625d277e7a537f5b555c2fd753d326636e98deb288463e96d6356f7,{}
2b72b6f99fc3f25d42220ef4,Date Modified,Ändringsdatum,SuiteCRM-Core,sv-address-cache-810-20260919,$mod_strings['LBL_DATE_MODIFIED'],,project-context,bf6622fb9cc44f270a8e0c75,reviewed-receipt,https://github.com/yeager/translations/blob/67e6d27877c9cfd6b6dbc74bd852b10bdbe09c3c/SuiteCRM-Core/sv-address-cache-810-20260919.json,1fd1946e1ba4fb72767e4b4c568ae221f815b022d8feef0b10e93649be89a03b,"{""artifact"":""https://crowdin.com/project/suitecrm-core"",""sha256"":""45086610dc8c4cb324bf520c982f044105c107c5ef7b2e2bd3814982555fd64a""}"
2c010fb6d2daff641a53e29e,Attachments,Bilagor,SuiteCRM-Core,sv-published-20260918,$mod_strings['LBL_ATTACHMENTS'],,project-context,7d7f7d78fa9d146ca3eafbb1,reviewed-receipt,https://github.com/yeager/translations/blob/67e6d27877c9cfd6b6dbc74bd852b10bdbe09c3c/SuiteCRM-Core/sv-published-20260918.json,e4f7faaa5625d277e7a537f5b555c2fd753d326636e98deb288463e96d6356f7,{}
2c3e8eda34c68228fab7857d,Email Template,E-postmall,SuiteCRM-Core,sv-emailmarketing-a-810-published-20260919,$mod_strings['LBL_LIST_TEMPLATE_NAME'],,project-context,2096b73a34306bf8dff64cb7,reviewed-receipt,https://github.com/yeager/translations/blob/67e6d27877c9cfd6b6dbc74bd852b10bdbe09c3c/SuiteCRM-Core/sv-emailmarketing-a-810-published-20260919.json,84957449ddc9118eddc2b572b035053c0b63aa8200c37a30f6619f66e15777e4,{}
2c59b4f7838acd2c20f35c34,New Schedule,Nytt schema,SuiteCRM-Core,sv-schedulers-810-published-20260919,$mod_strings['LBL_NEW_FORM_TITLE'],,project-context,c3c9f87fe17e4b3adb84b0f7,reviewed-receipt,https://github.com/yeager/translations/blob/67e6d27877c9cfd6b6dbc74bd852b10bdbe09c3c/SuiteCRM-Core/sv-schedulers-810-published-20260919.json,33eb7afe2f29dd74f08bd921b07d01bf183499e1985dd5f49edf5433b2ce22bb,{}
2c6173002b83313cac693005,System Settings,Systeminställningar,SuiteCRM-Core,sv-configurator-ui-810-published-20260919,$mod_strings['LBL_SYSTEM_SETTINGS'],,project-context,90010a53b7c45e6464b4df95,reviewed-receipt,https://github.com/yeager/translations/blob/67e6d27877c9cfd6b6dbc74bd852b10bdbe09c3c/SuiteCRM-Core/sv-configurator-ui-810-published-20260919.json,c2c1f7f6e07523183e318bd1273893e066f03c7dc66af3e9f80e12e615c6d038,{}
2c851eb35af2a06ca18e574e,Password:,Lösenord:,SuiteCRM-Core,sv-published-20260918,$mod_strings['LBL_MAIL_SMTPPASS'],,project-context,08a7ca0f6beb8ab4d19566bc,reviewed-receipt,https://github.com/yeager/translations/blob/67e6d27877c9cfd6b6dbc74bd852b10bdbe09c3c/SuiteCRM-Core/sv-published-20260918.json,e4f7faaa5625d277e7a537f5b555c2fd753d326636e98deb288463e96d6356f7,{}
2c9e3ba2be3a6a0da480a342,Sync All Users Now,Synkronisera alla användare nu,SuiteCRM-Core,sv-published-20260918,$mod_strings['LBL_CALENDAR_SYNC_MANUAL_TRIGGER_BUTTON'],,project-context,bae5b1b7e657b3facc60e791,reviewed-receipt,https://github.com/yeager/translations/blob/67e6d27877c9cfd6b6dbc74bd852b10bdbe09c3c/SuiteCRM-Core/sv-published-20260918.json,e4f7faaa5625d277e7a537f5b555c2fd753d326636e98deb288463e96d6356f7,{}
2cacc7c098f8a98290112db7,Calendar Accounts Sync,Synkronisering av kalenderkonton,SuiteCRM-Core,sv-schedulers-810-published-20260919,$mod_strings['LBL_OOTB_CAL_ACC_SYNC'],,project-context,0d6b96410cc2084e4abf3564,reviewed-receipt,https://github.com/yeager/translations/blob/67e6d27877c9cfd6b6dbc74bd852b10bdbe09c3c/SuiteCRM-Core/sv-schedulers-810-published-20260919.json,33eb7afe2f29dd74f08bd921b07d01bf183499e1985dd5f49edf5433b2ce22bb,{}
2cca70e1426a38a2b45b0f80,From:,Från:,SuiteCRM-Core,sv-published-20260918,$mod_strings['LBL_FROM'],,project-context,fea6131c0e7e0eb0d458b09b,reviewed-receipt,https://github.com/yeager/translations/blob/67e6d27877c9cfd6b6dbc74bd852b10bdbe09c3c/SuiteCRM-Core/sv-published-20260918.json,e4f7faaa5625d277e7a537f5b555c2fd753d326636e98deb288463e96d6356f7,{}
2cd1915d4b67f90611ad8431,Enabled,Aktiverad,SuiteCRM-Core,sv-maps-addresses-810-20260919,$mod_strings['LBL_ENABLED'],,project-context,c70c6e6a113e786e90e03356,reviewed-receipt,https://github.com/yeager/translations/blob/67e6d27877c9cfd6b6dbc74bd852b10bdbe09c3c/SuiteCRM-Core/sv-maps-addresses-810-20260919.json,44576ef9f8dc305321c28b8abe1953a600343546e72a71706a55a867fcfcb0f0,"{""artifact"":""https://crowdin.com/project/suitecrm-core"",""sha256"":""6d9b805f6004b75420c7734523ddf141c99d8a7b5aa566faefeb16c35914c4aa""}"
2ce9f62ae8bfa572f6de9ac1,Email left on server after import,E-post lämnas kvar på servern efter import,SuiteCRM-Core,sv-published-20260918,$mod_strings['LBL_MARK_READ_YES'],,project-context,2d13f35aa74acfab429916de,reviewed-receipt,https://github.com/yeager/translations/blob/67e6d27877c9cfd6b6dbc74bd852b10bdbe09c3c/SuiteCRM-Core/sv-published-20260918.json,e4f7faaa5625d277e7a537f5b555c2fd753d326636e98deb288463e96d6356f7,{}
2d21d0a275e7aea3272822fa,MBStrings mbstring.func_overload Parameter,Parametern mbstring.func_overload för MBStrings,SuiteCRM-Core,sv-upgradewizard-810-published-20260919,$mod_strings['LBL_UW_COMPLIANCE_MBSTRING_FUNC_OVERLOAD'],,project-context,ae555cb8bdf8ffb77c1d9342,reviewed-receipt,https://github.com/yeager/translations/blob/67e6d27877c9cfd6b6dbc74bd852b10bdbe09c3c/SuiteCRM-Core/sv-upgradewizard-810-published-20260919.json,4c5e554ea18d559c3ec8998eb3613f5413dea4c4c95bb851b4a0695c85b6ef99,{}
2d28e6fb18bfc63218a79c5f,Set Snooze For Notifications,Ange hur länge aviseringar ska skjutas upp,SuiteCRM-Core,sv-published-20260918,$mod_strings['LBL_SNOOZE_TIMER'],,project-context,d979d32f623db71f51c0669b,reviewed-receipt,https://github.com/yeager/translations/blob/67e6d27877c9cfd6b6dbc74bd852b10bdbe09c3c/SuiteCRM-Core/sv-published-20260918.json,e4f7faaa5625d277e7a537f5b555c2fd753d326636e98deb288463e96d6356f7,{}
2d3c82033339b18a46182868,SEND,SKICKA,SuiteCRM-Core,sv-published-20260918,$mod_strings['LBL_SEND'],,project-context,0a57f97a4460df891b0390d5,reviewed-receipt,https://github.com/yeager/translations/blob/67e6d27877c9cfd6b6dbc74bd852b10bdbe09c3c/SuiteCRM-Core/sv-published-20260918.json,e4f7faaa5625d277e7a537f5b555c2fd753d326636e98deb288463e96d6356f7,{}
2d3f9cb44cbc7b16b666ca01,Invalid date,Ogiltig datumsträng,SuiteCRM-Core,sv-import-810-reviewed-20260919,$mod_strings['LBL_ERROR_INVALID_DATE'],,project-context,9746cb55c43f664284dc215e,reviewed-receipt,https://github.com/yeager/translations/blob/67e6d27877c9cfd6b6dbc74bd852b10bdbe09c3c/SuiteCRM-Core/sv-import-810-reviewed-20260919.json,9ad9f80f27abc071d9102bbd8cefb9bc43256bdad442051d55760286d830c3b0,{}
2d8831c22ff591ed16516bda,Regular User,Vanlig användare,SuiteCRM-Core,sv-published-20260918,$mod_strings['LBL_REGULAR_USER'],,project-context,f690ff35761a445673ea8a22,reviewed-receipt,https://github.com/yeager/translations/blob/67e6d27877c9cfd6b6dbc74bd852b10bdbe09c3c/SuiteCRM-Core/sv-published-20260918.json,e4f7faaa5625d277e7a537f5b555c2fd753d326636e98deb288463e96d6356f7,{}
2d8bcf2b838104a42bb48e98,Users,Användare,SuiteCRM-Core,sv-emailmarketing-810-reviewed-20260919,$mod_strings['LBL_USERS'],,project-context,d4fbb73d6edae97bab7deadc,reviewed-receipt,https://github.com/yeager/translations/blob/67e6d27877c9cfd6b6dbc74bd852b10bdbe09c3c/SuiteCRM-Core/sv-emailmarketing-810-reviewed-20260919.json,5ec4491f9b64a0da78ac62fa97360cc4e284f94d49fc10bc6c878b997b7ea8af,{}
2dc15a789ea1e03c70bf2984,Create Thumbnail,Skapa miniatyrbild,SuiteCRM-Core,sv-dynamicfields-810-published-20260919,$mod_strings['LBL_CREATE_THUMBNAIL'],,project-context,6b5331f9f61d12a5d42e7f6a,reviewed-receipt,https://github.com/yeager/translations/blob/67e6d27877c9cfd6b6dbc74bd852b10bdbe09c3c/SuiteCRM-Core/sv-dynamicfields-810-published-20260919.json,d82b264795c3f57e63f446503845cb601f29790142b6abaaf61ca77271bb3c3f,{}
2dc273d51cc411763391d1ae,Hide Options,Dölj alternativ,SuiteCRM-Core,sv-published-20260918,$mod_strings['LBL_HIDEOPTIONS'],,project-context,7e77f9f1a3615f1bf3830d38,reviewed-receipt,https://github.com/yeager/translations/blob/67e6d27877c9cfd6b6dbc74bd852b10bdbe09c3c/SuiteCRM-Core/sv-published-20260918.json,e4f7faaa5625d277e7a537f5b555c2fd753d326636e98deb288463e96d6356f7,{}
2dfdf7375f820b985ee41b07,Invalid required field,Ogiltigt obligatoriskt fält,SuiteCRM-Core,sv-published-20260918,$mod_strings['ERR_INVALID_REQUIRED_FIELDS'],,project-context,5b5b4badcae9d8c32e11aab1,reviewed-receipt,https://github.com/yeager/translations/blob/67e6d27877c9cfd6b6dbc74bd852b10bdbe09c3c/SuiteCRM-Core/sv-published-20260918.json,e4f7faaa5625d277e7a537f5b555c2fd753d326636e98deb288463e96d6356f7,{}
2e04f2274b5f37d3b0fe5003,From Name,Avsändarnamn,SuiteCRM-Core,sv-published-20260918,$mod_strings['LBL_LIST_FROM_NAME'],,project-context,950f1798dc0fc65ab0663faf,reviewed-receipt,https://github.com/yeager/translations/blob/67e6d27877c9cfd6b6dbc74bd852b10bdbe09c3c/SuiteCRM-Core/sv-published-20260918.json,e4f7faaa5625d277e7a537f5b555c2fd753d326636e98deb288463e96d6356f7,{}
2e2311b9bb94d3aedcf98501,Compose Email,Skriv e-post,SuiteCRM-Core,sv-published-20260918,$mod_strings['LBL_COMPOSE_MODULE_NAME'],,project-context,bd3356566659a4ef38b6abad,reviewed-receipt,https://github.com/yeager/translations/blob/67e6d27877c9cfd6b6dbc74bd852b10bdbe09c3c/SuiteCRM-Core/sv-published-20260918.json,e4f7faaa5625d277e7a537f5b555c2fd753d326636e98deb288463e96d6356f7,{}
2e280e70e24c6216a3a2c218,Archive Email,Arkivera e-post,SuiteCRM-Core,sv-dynamicfields-810-published-20260919,$mod_strings['LNK_NEW_EMAIL'],,project-context,759c15668621dd165afc24d6,reviewed-receipt,https://github.com/yeager/translations/blob/67e6d27877c9cfd6b6dbc74bd852b10bdbe09c3c/SuiteCRM-Core/sv-dynamicfields-810-published-20260919.json,d82b264795c3f57e63f446503845cb601f29790142b6abaaf61ca77271bb3c3f,{}
2e2b4d72331eab9825db1325,Queueing Status,Köstatus,SuiteCRM-Core,sv-emailmarketing-a-810-published-20260919,$mod_strings['LBL_QUEUEING_STATUS'],,project-context,b2834570ccccdc1e8d337cb1,reviewed-receipt,https://github.com/yeager/translations/blob/67e6d27877c9cfd6b6dbc74bd852b10bdbe09c3c/SuiteCRM-Core/sv-emailmarketing-a-810-published-20260919.json,84957449ddc9118eddc2b572b035053c0b63aa8200c37a30f6619f66e15777e4,{}
2e43ad6e69b8573b934de881,Default theme,Standardtema,SuiteCRM-Core,sv-configurator-ui-810-published-20260919,$mod_strings['DEFAULT_THEME'],,project-context,dc435d5209282a2c2a37e1db,reviewed-receipt,https://github.com/yeager/translations/blob/67e6d27877c9cfd6b6dbc74bd852b10bdbe09c3c/SuiteCRM-Core/sv-configurator-ui-810-published-20260919.json,c2c1f7f6e07523183e318bd1273893e066f03c7dc66af3e9f80e12e615c6d038,{}
2e69466c7a40517583fae1e9,Removal of documents from filesystem,Ta bort dokument från filsystemet,SuiteCRM-Core,sv-schedulers-810-published-20260919,$mod_strings['LBL_REMOVEDOCUMENTSFROMFS'],,project-context,1e18a2952c54a2ef3792ed9c,reviewed-receipt,https://github.com/yeager/translations/blob/67e6d27877c9cfd6b6dbc74bd852b10bdbe09c3c/SuiteCRM-Core/sv-schedulers-810-published-20260919.json,33eb7afe2f29dd74f08bd921b07d01bf183499e1985dd5f49edf5433b2ce22bb,{}
2e8fff308f57ae4505938e3f,Compose,Skriv,SuiteCRM-Core,sv-published-20260918,$mod_strings['LNK_NEW_SEND_EMAIL'],,project-context,a4cb6b45891a10fd1fecb796,reviewed-receipt,https://github.com/yeager/translations/blob/67e6d27877c9cfd6b6dbc74bd852b10bdbe09c3c/SuiteCRM-Core/sv-published-20260918.json,e4f7faaa5625d277e7a537f5b555c2fd753d326636e98deb288463e96d6356f7,{}
2e9980bd561d7506a3f17f90,Lead-Opportunity:,Lead–affär:,SuiteCRM-Core,sv-leads-a-810-published-20260919,$mod_strings['LBL_CONTACT_OPP_FORM_TITLE'],,project-context,86feaa99a06e523b41f7956c,reviewed-receipt,https://github.com/yeager/translations/blob/67e6d27877c9cfd6b6dbc74bd852b10bdbe09c3c/SuiteCRM-Core/sv-leads-a-810-published-20260919.json,60952907a18a1fa8bb5cc88e44ed4c1176c7ffce44a7c94450b6ef6b204e5217,"{""artifact"":""https://crowdin.com/project/suitecrm-core"",""sha256"":""d8a9a75bd014e4e52a24bff82cf7cf99b9375fc391216ef477c4aee0da5819b2""}"
2ea1a0bc421acca05f4a65d8,Other Address:,Annan adress:,SuiteCRM-Core,sv-leads-a-810-published-20260919,$mod_strings['LBL_ALTERNATE_ADDRESS'],,project-context,61abec7fd66a7e5cc76281cf,reviewed-receipt,https://github.com/yeager/translations/blob/67e6d27877c9cfd6b6dbc74bd852b10bdbe09c3c/SuiteCRM-Core/sv-leads-a-810-published-20260919.json,60952907a18a1fa8bb5cc88e44ed4c1176c7ffce44a7c94450b6ef6b204e5217,"{""artifact"":""https://crowdin.com/project/suitecrm-core"",""sha256"":""c48da28aabd415e773276fb37e717319c1300138119f67e592d61e686be9de86""}"
2ea622d62ad555b40847f411,Thumbnail Width,Miniatyrbildsbredd,SuiteCRM-Core,sv-dynamicfields-810-published-20260919,$mod_strings['LBL_THUMBNAIL_WIDTH'],,project-context,d751bedb5ba18add958cb0c4,reviewed-receipt,https://github.com/yeager/translations/blob/67e6d27877c9cfd6b6dbc74bd852b10bdbe09c3c/SuiteCRM-Core/sv-dynamicfields-810-published-20260919.json,d82b264795c3f57e63f446503845cb601f29790142b6abaaf61ca77271bb3c3f,{}
2ef81f41ad933da4867b4869,Time Zone:,Tidszon:,SuiteCRM-Core,sv-import-810-reviewed-20260919,$mod_strings['LBL_TIMEZONE'],,project-context,1dc7437e15dcbe0e7b07d8e9,reviewed-receipt,https://github.com/yeager/translations/blob/67e6d27877c9cfd6b6dbc74bd852b10bdbe09c3c/SuiteCRM-Core/sv-import-810-reviewed-20260919.json,9ad9f80f27abc071d9102bbd8cefb9bc43256bdad442051d55760286d830c3b0,{}
2f21b97c69e10080d1a2bd5a,OVERVIEW,ÖVERSIKT,SuiteCRM-Core,sv-contacts-a-810-published-20260919,$mod_strings['LBL_CONTACT_INFORMATION'],,project-context,274875a69162de354bb20b3f,reviewed-receipt,https://github.com/yeager/translations/blob/67e6d27877c9cfd6b6dbc74bd852b10bdbe09c3c/SuiteCRM-Core/sv-contacts-a-810-published-20260919.json,10584b485e200c6f1c96340054304bbf1333d0f5bdb89bae8947c2df5c4c0947,{}
2f665dfc109e8e3d976265d5,Contact:,Kontakt:,SuiteCRM-Core,sv-published-20260918,$mod_strings['LBL_CONTACT_NAME'],,project-context,6720576d2831e24c6149e564,reviewed-receipt,https://github.com/yeager/translations/blob/67e6d27877c9cfd6b6dbc74bd852b10bdbe09c3c/SuiteCRM-Core/sv-published-20260918.json,e4f7faaa5625d277e7a537f5b555c2fd753d326636e98deb288463e96d6356f7,{}
2f92a221b8f838abaaa15946,Scheduler Information,Information om schemaläggare,SuiteCRM-Core,sv-schedulers-810-published-20260919,$mod_strings['LBL_SCHEDULERS_INFO'],,project-context,08cd60a1422d679164a0f8a9,reviewed-receipt,https://github.com/yeager/translations/blob/67e6d27877c9cfd6b6dbc74bd852b10bdbe09c3c/SuiteCRM-Core/sv-schedulers-810-published-20260919.json,33eb7afe2f29dd74f08bd921b07d01bf183499e1985dd5f49edf5433b2ce22bb,{}
2f9a745c0f67081b17dc44ca,Yahoo! Mail Password:,Lösenord för Yahoo! Mail:,SuiteCRM-Core,sv-published-20260918,$mod_strings['LBL_YAHOOMAIL_SMTPPASS'],,project-context,ad5819e4006d5a365dedf59a,reviewed-receipt,https://github.com/yeager/translations/blob/67e6d27877c9cfd6b6dbc74bd852b10bdbe09c3c/SuiteCRM-Core/sv-published-20260918.json,e4f7faaa5625d277e7a537f5b555c2fd753d326636e98deb288463e96d6356f7,{}
2febf7ea2040fa88f73a894a,Create Contact,Skapa kontakt,SuiteCRM-Core,sv-published-20260918,$mod_strings['LBL_QUICK_CONTACT'],,project-context,2af39f3b37a9bd9a54b1d576,reviewed-receipt,https://github.com/yeager/translations/blob/67e6d27877c9cfd6b6dbc74bd852b10bdbe09c3c/SuiteCRM-Core/sv-published-20260918.json,e4f7faaa5625d277e7a537f5b555c2fd753d326636e98deb288463e96d6356f7,{}
30290e4501ad09cc05a76c81,Your POP3 test connection was successful.,POP3-testanslutningen lyckades.,SuiteCRM-Core,sv-inbound-email-810-b-published-20260919,$mod_strings['LBL_POP3_SUCCESS'],,project-context,19065a1f856d21e7eb6109e6,reviewed-receipt,https://github.com/yeager/translations/blob/67e6d27877c9cfd6b6dbc74bd852b10bdbe09c3c/SuiteCRM-Core/sv-inbound-email-810-b-published-20260919.json,50c081232ca5f44c5a35c5973a58367c6d6b8e57fb93b0bf46982142cf2626a9,{}
30315abd94abd69bfa799531,Assigned User:,Tilldelad användare:,SuiteCRM-Core,sv-accounts-a-810-published-20260919,$mod_strings['LBL_ASSIGNED_TO_ID'],,project-context,e653727051ce4e25beae7115,reviewed-receipt,https://github.com/yeager/translations/blob/67e6d27877c9cfd6b6dbc74bd852b10bdbe09c3c/SuiteCRM-Core/sv-accounts-a-810-published-20260919.json,ea12294a7550adccf7f3bd2ee5ba9c0f994224671cce0ee6ffbeaf4e4d1eedb2,{}
303ac514b147dfc3d2c1a77e,Products,Produkter,SuiteCRM-Core,sv-accounts-final-810-published-20260919,$mod_strings['LBL_PRODUCTS_TITLE'],,project-context,a37195a9d74720af455df79c,reviewed-receipt,https://github.com/yeager/translations/blob/67e6d27877c9cfd6b6dbc74bd852b10bdbe09c3c/SuiteCRM-Core/sv-accounts-final-810-published-20260919.json,f99b6b196fed5b4409a55d1296241bb29b890401afe16c0f8654ddadb9c6a43b,{}
30606456ce2f2475a547bc75,Email Marketing,E-postmarknadsföring,SuiteCRM-Core,sv-emailmarketing-810-reviewed-20260919,$mod_strings['LBL_MODULE_NAME'],,project-context,f7b99507790ad72531ed9053,reviewed-receipt,https://github.com/yeager/translations/blob/67e6d27877c9cfd6b6dbc74bd852b10bdbe09c3c/SuiteCRM-Core/sv-emailmarketing-810-reviewed-20260919.json,5ec4491f9b64a0da78ac62fa97360cc4e284f94d49fc10bc6c878b997b7ea8af,{}
3061b00459de854674605d34,Target List(s),Mottagarlista/-listor,SuiteCRM-Core,sv-emailmarketing-810-reviewed-20260919,$mod_strings['LBL_TARGET_LISTS'],,project-context,4da397e0e670d079453ae25b,reviewed-receipt,https://github.com/yeager/translations/blob/67e6d27877c9cfd6b6dbc74bd852b10bdbe09c3c/SuiteCRM-Core/sv-emailmarketing-810-reviewed-20260919.json,5ec4491f9b64a0da78ac62fa97360cc4e284f94d49fc10bc6c878b997b7ea8af,{}
3072a92b867c53e2412dafe6,SMTP Server Specification,SMTP-serverinställningar,SuiteCRM-Core,sv-outbound-email-810-published-20260919,$mod_strings['LBL_MAIL_SMTP_SETTINGS'],,project-context,678cd9cf52ad8a385d799b6b,reviewed-receipt,https://github.com/yeager/translations/blob/67e6d27877c9cfd6b6dbc74bd852b10bdbe09c3c/SuiteCRM-Core/sv-outbound-email-810-published-20260919.json,971cdcc19e79f693c13cb15c9aee0f659a84a6c378a69f16b9dae9f6b2d70244,{}
3073564d051e95806577d769,Prune Tracker Tables,Rensa spårningstabeller,SuiteCRM-Core,sv-schedulers-810-published-20260919,$mod_strings['LBL_OOTB_TRACKER'],,project-context,a048c45588f8eda303d32ca6,reviewed-receipt,https://github.com/yeager/translations/blob/67e6d27877c9cfd6b6dbc74bd852b10bdbe09c3c/SuiteCRM-Core/sv-schedulers-810-published-20260919.json,33eb7afe2f29dd74f08bd921b07d01bf183499e1985dd5f49edf5433b2ce22bb,{}
31439997017fabeaaa1d2002,Modified By,Ändrad av,SuiteCRM-Core,sv-outbound-email-810-published-20260919,$mod_strings['LBL_MODIFIED'],,project-context,5d48a50ba420caa72083b514,reviewed-receipt,https://github.com/yeager/translations/blob/67e6d27877c9cfd6b6dbc74bd852b10bdbe09c3c/SuiteCRM-Core/sv-outbound-email-810-published-20260919.json,971cdcc19e79f693c13cb15c9aee0f659a84a6c378a69f16b9dae9f6b2d70244,{}
31446e1a35788b4c334a33e9,Type:,Typ:,SuiteCRM-Core,sv-published-20260918,$mod_strings['LBL_TYPE'],,project-context,a73d4ea2a8c714ccd0eaeea9,reviewed-receipt,https://github.com/yeager/translations/blob/67e6d27877c9cfd6b6dbc74bd852b10bdbe09c3c/SuiteCRM-Core/sv-published-20260918.json,e4f7faaa5625d277e7a537f5b555c2fd753d326636e98deb288463e96d6356f7,{}
3162a8a2ddcf6af8e8cdd579,Inbound Email Accounts,Konton för inkommande e-post,SuiteCRM-Core,sv-inbound-email-810-b-published-20260919,$mod_strings['LBL_MODULE_TITLE'],,project-context,302443e39f8d79a8264dcb29,reviewed-receipt,https://github.com/yeager/translations/blob/67e6d27877c9cfd6b6dbc74bd852b10bdbe09c3c/SuiteCRM-Core/sv-inbound-email-810-b-published-20260919.json,50c081232ca5f44c5a35c5973a58367c6d6b8e57fb93b0bf46982142cf2626a9,{}
31691f5895401b60c6dd8bd6,Start Date,Startdatum,SuiteCRM-Core,sv-emailmarketing-810-reviewed-20260919,$mod_strings['LBL_DATE_START'],,project-context,91eda66308d68a68c3a09834,reviewed-receipt,https://github.com/yeager/translations/blob/67e6d27877c9cfd6b6dbc74bd852b10bdbe09c3c/SuiteCRM-Core/sv-emailmarketing-810-reviewed-20260919.json,5ec4491f9b64a0da78ac62fa97360cc4e284f94d49fc10bc6c878b997b7ea8af,{}
31ae13a1dba207225388d468,Create Role,Skapa roll,SuiteCRM-Core,sv-acl-810-published-20260919,$mod_strings['LBL_CREATE_ROLE'],,project-context,0313d26b615b412da6d31c22,reviewed-receipt,https://github.com/yeager/translations/blob/67e6d27877c9cfd6b6dbc74bd852b10bdbe09c3c/SuiteCRM-Core/sv-acl-810-published-20260919.json,c3d79cc04f48d5a83982b3c13a5bf197dcb035625008d4cec3b1a07c4d7311de,{}
31c3456c5a93a7479bbe893c,User Type,Användartyp,SuiteCRM-Core,sv-published-20260918,$mod_strings['LBL_USER_TYPE'],,project-context,bd64a03c7404c40626520569,reviewed-receipt,https://github.com/yeager/translations/blob/67e6d27877c9cfd6b6dbc74bd852b10bdbe09c3c/SuiteCRM-Core/sv-published-20260918.json,e4f7faaa5625d277e7a537f5b555c2fd753d326636e98deb288463e96d6356f7,{}
31ca03ed0d4d9db7a275a55b,Starting Point for New Mailbox Imports,Startpunkt för import av nya postlådor,SuiteCRM-Core,sv-published-20260918,$mod_strings['LBL_EMAIL_IMPORT_TIMEFRAME_START'],,project-context,453671a08783833ea89813b5,reviewed-receipt,https://github.com/yeager/translations/blob/67e6d27877c9cfd6b6dbc74bd852b10bdbe09c3c/SuiteCRM-Core/sv-published-20260918.json,e4f7faaa5625d277e7a537f5b555c2fd753d326636e98deb288463e96d6356f7,{}
32454a99d3eb16ed22dbd0ed,Any Email:,Valfri e-postadress:,SuiteCRM-Core,sv-accounts-a-810-published-20260919,$mod_strings['LBL_ANY_EMAIL'],,project-context,133809290874dbede0a49416,reviewed-receipt,https://github.com/yeager/translations/blob/67e6d27877c9cfd6b6dbc74bd852b10bdbe09c3c/SuiteCRM-Core/sv-accounts-a-810-published-20260919.json,ea12294a7550adccf7f3bd2ee5ba9c0f994224671cce0ee6ffbeaf4e4d1eedb2,{}
3248448bd82f5512a4d83d94,Country:,Land:,SuiteCRM-Core,sv-accounts-a-810-published-20260919,$mod_strings['LBL_COUNTRY'],,project-context,abaea67c875a08fcca2736b4,reviewed-receipt,https://github.com/yeager/translations/blob/67e6d27877c9cfd6b6dbc74bd852b10bdbe09c3c/SuiteCRM-Core/sv-accounts-a-810-published-20260919.json,ea12294a7550adccf7f3bd2ee5ba9c0f994224671cce0ee6ffbeaf4e4d1eedb2,{}
3279542dfc9f11a642f4b5d5,Reply All,Svara alla,SuiteCRM-Core,sv-published-20260918,$mod_strings['LBL_BUTTON_REPLY_ALL'],,project-context,1a219aec4c25caf68cd2a5cc,reviewed-receipt,https://github.com/yeager/translations/blob/67e6d27877c9cfd6b6dbc74bd852b10bdbe09c3c/SuiteCRM-Core/sv-published-20260918.json,e4f7faaa5625d277e7a537f5b555c2fd753d326636e98deb288463e96d6356f7,{}
32e2b87cb898a8b80d66e119,Please Select Records with Emails,Välj poster med e-postadresser,SuiteCRM-Core,sv-emailmarketing-810-reviewed-20260919,$mod_strings['LBL_SELECT_RECORDS_WITH_EMAILS'],,project-context,b763f081ad362fd2c06b6f6f,reviewed-receipt,https://github.com/yeager/translations/blob/67e6d27877c9cfd6b6dbc74bd852b10bdbe09c3c/SuiteCRM-Core/sv-emailmarketing-810-reviewed-20260919.json,5ec4491f9b64a0da78ac62fa97360cc4e284f94d49fc10bc6c878b997b7ea8af,{}
32e75bf4553ddeb06cd8ff4f,"""From"" Name:",Avsändarnamn:,SuiteCRM-Core,sv-published-20260918,$mod_strings['LBL_NOTIFY_FROMNAME'],,project-context,d1ce22c02a29f53f89fab0c9,reviewed-receipt,https://github.com/yeager/translations/blob/67e6d27877c9cfd6b6dbc74bd852b10bdbe09c3c/SuiteCRM-Core/sv-published-20260918.json,e4f7faaa5625d277e7a537f5b555c2fd753d326636e98deb288463e96d6356f7,{}
32e7b709d7ed79b49cc9aef3,Friday,Fredag,SuiteCRM-Core,sv-schedulers-810-a-published-20260919,$mod_strings['LBL_FRI'],,project-context,17395654862d48dcae2183b8,reviewed-receipt,https://github.com/yeager/translations/blob/67e6d27877c9cfd6b6dbc74bd852b10bdbe09c3c/SuiteCRM-Core/sv-schedulers-810-a-published-20260919.json,3c6c981f88e16e22e571d729a4bb12cc98db47334bbe03c18d6ed0001b81d8a8,{}
33034a84b24427741d25520e,Date Entered,Skapat datum,SuiteCRM-Core,sv-emailmarketing-810-reviewed-20260919,$mod_strings['LBL_DATE_ENTERED'],,project-context,7674c382ad1a191f9a5b81d1,reviewed-receipt,https://github.com/yeager/translations/blob/67e6d27877c9cfd6b6dbc74bd852b10bdbe09c3c/SuiteCRM-Core/sv-emailmarketing-810-reviewed-20260919.json,5ec4491f9b64a0da78ac62fa97360cc4e284f94d49fc10bc6c878b997b7ea8af,{}
33226070e9e9182193804337,User Name:,Användarnamn:,SuiteCRM-Core,sv-configurator-security-810-published-20260919,$mod_strings['LBL_LDAP_ADMIN_USER'],,project-context,3ad4d06f3404625582ec7d55,reviewed-receipt,https://github.com/yeager/translations/blob/67e6d27877c9cfd6b6dbc74bd852b10bdbe09c3c/SuiteCRM-Core/sv-configurator-security-810-published-20260919.json,b9cffb7627e0e033ecf619b158ee05a9837fda3137dd33e9dd9cc36d32c5600c,{}
332f165b36664cf057d4ec49,Filter Condition,Filter Villkor,SuiteCRM-Core,sv-mergerecords-810-reviewed-20260919,$mod_strings['LBL_FILTER_COND'],,project-context,89917f0e4d46e9feef2a9e80,reviewed-receipt,https://github.com/yeager/translations/blob/67e6d27877c9cfd6b6dbc74bd852b10bdbe09c3c/SuiteCRM-Core/sv-mergerecords-810-reviewed-20260919.json,91986f9f225ab70510f1d592ec7ab13d102e66d6e808c70be1487daa66289884,{}
33542bf3545642d85b843270,Maps Listing,Kartlista,SuiteCRM-Core,sv-maps-810-20260919,$mod_strings['LBL_LIST_FORM_TITLE'],,project-context,a1c2debf525c8b453f9cc110,reviewed-receipt,https://github.com/yeager/translations/blob/67e6d27877c9cfd6b6dbc74bd852b10bdbe09c3c/SuiteCRM-Core/sv-maps-810-20260919.json,babb99544bc99a7d3dd3311ec921677cbf9ba177a2772b3a197170fe77e2a1f4,"{""artifact"":""https://crowdin.com/project/suitecrm-core"",""sha256"":""e5d5a8b96c4afb413346e0d3bba87cd794d656ca3a4c88afbcaedfa6626d61bb""}"
336312a42e73106a7d427e4b,Modified by: ,Ändrad av: ,SuiteCRM-Core,sv-emailmarketing-a-810-published-20260919,$mod_strings['LBL_MODIFIED_BY'],,project-context,265e0dc393d83db585104cd3,reviewed-receipt,https://github.com/yeager/translations/blob/67e6d27877c9cfd6b6dbc74bd852b10bdbe09c3c/SuiteCRM-Core/sv-emailmarketing-a-810-published-20260919.json,84957449ddc9118eddc2b572b035053c0b63aa8200c37a30f6619f66e15777e4,{}
33701719bded560be6ae582e,Server Configuration,Serverkonfiguration,SuiteCRM-Core,sv-outbound-email-810-published-20260919,$mod_strings['LBL_CONNECTION_CONFIGURATION'],,project-context,21e5615d09cc8f8ebf4ca072,reviewed-receipt,https://github.com/yeager/translations/blob/67e6d27877c9cfd6b6dbc74bd852b10bdbe09c3c/SuiteCRM-Core/sv-outbound-email-810-published-20260919.json,971cdcc19e79f693c13cb15c9aee0f659a84a6c378a69f16b9dae9f6b2d70244,{}
3464133f712d91d901323411,Yahoo! Mail Password:,Yahoo! Mail-lösenord:,SuiteCRM-Core,sv-outbound-email-810-published-20260919,$mod_strings['LBL_YAHOOMAIL_SMTPPASS'],,project-context,5f7f1925684956523f72ac14,reviewed-receipt,https://github.com/yeager/translations/blob/67e6d27877c9cfd6b6dbc74bd852b10bdbe09c3c/SuiteCRM-Core/sv-outbound-email-810-published-20260919.json,971cdcc19e79f693c13cb15c9aee0f659a84a6c378a69f16b9dae9f6b2d70244,{}
347821ece641725ff396a622,Billing Street 3,Faktureringsadressrad 3,SuiteCRM-Core,sv-accounts-a-810-published-20260919,$mod_strings['LBL_BILLING_ADDRESS_STREET_3'],,project-context,f91e6d9a5cce4d27b389a0fd,reviewed-receipt,https://github.com/yeager/translations/blob/67e6d27877c9cfd6b6dbc74bd852b10bdbe09c3c/SuiteCRM-Core/sv-accounts-a-810-published-20260919.json,ea12294a7550adccf7f3bd2ee5ba9c0f994224671cce0ee6ffbeaf4e4d1eedb2,{}
349e05adabf67616498ad0e4,records were created,Poster skapade framgångsrikt,SuiteCRM-Core,sv-import-810-reviewed-20260919,$mod_strings['LBL_SUCCESSFULLY_IMPORTED'],,project-context,1299b62fec16009220e6ee8a,reviewed-receipt,https://github.com/yeager/translations/blob/67e6d27877c9cfd6b6dbc74bd852b10bdbe09c3c/SuiteCRM-Core/sv-import-810-reviewed-20260919.json,9ad9f80f27abc071d9102bbd8cefb9bc43256bdad442051d55760286d830c3b0,{}
34d6cb7443e54c3c7064b1d2,Create Target List,Skapa mottagarlista,SuiteCRM-Core,sv-emailmarketing-a-810-published-20260919,$mod_strings['LNK_NEW_PROSPECT_LIST'],,project-context,c5aeb823c083560291fc08d6,reviewed-receipt,https://github.com/yeager/translations/blob/67e6d27877c9cfd6b6dbc74bd852b10bdbe09c3c/SuiteCRM-Core/sv-emailmarketing-a-810-published-20260919.json,84957449ddc9118eddc2b572b035053c0b63aa8200c37a30f6619f66e15777e4,{}
3552ebdb92f72cd53880622e,Other Phone:,Annan telefon:,SuiteCRM-Core,sv-accounts-final-810-published-20260919,$mod_strings['LBL_OTHER_PHONE'],,project-context,106918d948e91ee50cae0bab,reviewed-receipt,https://github.com/yeager/translations/blob/67e6d27877c9cfd6b6dbc74bd852b10bdbe09c3c/SuiteCRM-Core/sv-accounts-final-810-published-20260919.json,f99b6b196fed5b4409a55d1296241bb29b890401afe16c0f8654ddadb9c6a43b,{}
358e13ba8caa337c0fe3e5fc,Trackers enabled:,Spårning aktiverad:,SuiteCRM-Core,sv-published-20260918,$mod_strings['LBL_TRACKERS_ENABLED'],,project-context,de207bf895d6ba9b6f6dd6ee,reviewed-receipt,https://github.com/yeager/translations/blob/67e6d27877c9cfd6b6dbc74bd852b10bdbe09c3c/SuiteCRM-Core/sv-published-20260918.json,e4f7faaa5625d277e7a537f5b555c2fd753d326636e98deb288463e96d6356f7,{}
35b7bbdadb86427cf2734d49,Assigned To,Tilldelad till,SuiteCRM-Core,sv-published-20260918,$mod_strings['LBL_ASSIGNED_TO_ID'],,project-context,d14175b60f55687814a21286,reviewed-receipt,https://github.com/yeager/translations/blob/67e6d27877c9cfd6b6dbc74bd852b10bdbe09c3c/SuiteCRM-Core/sv-published-20260918.json,e4f7faaa5625d277e7a537f5b555c2fd753d326636e98deb288463e96d6356f7,{}
35bb46b47042310491271d7b,Scheduler:,Schemaläggare:,SuiteCRM-Core,sv-schedulers-810-b-published-20260919,$mod_strings['LBL_SCHEDULER'],,project-context,fc224dddf98e4e312ec789ee,reviewed-receipt,https://github.com/yeager/translations/blob/67e6d27877c9cfd6b6dbc74bd852b10bdbe09c3c/SuiteCRM-Core/sv-schedulers-810-b-published-20260919.json,548c9bc56c99a3a7538a1074815c96920bc4435741e6d93f91e406bcee6a6c47,{}
35c10f5d889ae5bcda874e88,Assigned User,Tilldelad användare,SuiteCRM-Core,sv-address-cache-followup-810-20260919,$mod_strings['LBL_ASSIGNED_TO'],,project-context,32e9a26cb4c7d95c7d2dba10,reviewed-receipt,https://github.com/yeager/translations/blob/67e6d27877c9cfd6b6dbc74bd852b10bdbe09c3c/SuiteCRM-Core/sv-address-cache-followup-810-20260919.json,c7e99432ec0b3f570a7b414e45f71b3660b21aa2c1e499d010ab737c90e56bef,"{""artifact"":""https://crowdin.com/project/suitecrm-core"",""sha256"":""8c67b701867081f0d412ca5a8d503f6f4a6b04c49002c3f47d6370f9e5caa367""}"
362258185c174e1fde7a2b0a,Billing Street:,Faktureringsgatuadress:,SuiteCRM-Core,sv-accounts-a-810-published-20260919,$mod_strings['LBL_BILLING_ADDRESS_STREET'],,project-context,21122fe9516d2e4fd3d47f5b,reviewed-receipt,https://github.com/yeager/translations/blob/67e6d27877c9cfd6b6dbc74bd852b10bdbe09c3c/SuiteCRM-Core/sv-accounts-a-810-published-20260919.json,ea12294a7550adccf7f3bd2ee5ba9c0f994224671cce0ee6ffbeaf4e4d1eedb2,{}
3641c255bc18e60716a29e28,Email Template: ,E-postmall: ,SuiteCRM-Core,sv-emailmarketing-810-reviewed-20260919,$mod_strings['LBL_TEMPLATE'],,project-context,194f8c97cee0c994045b80d4,reviewed-receipt,https://github.com/yeager/translations/blob/67e6d27877c9cfd6b6dbc74bd852b10bdbe09c3c/SuiteCRM-Core/sv-emailmarketing-810-reviewed-20260919.json,5ec4491f9b64a0da78ac62fa97360cc4e284f94d49fc10bc6c878b997b7ea8af,{}
364250967c3a3cc3427bfb94,Import vCard,Importera vCard,SuiteCRM-Core,sv-contacts-b-810-published-20260919,$mod_strings['LBL_IMPORT_VCARD'],,project-context,feb49f626fd0bf0e0bc91eef,reviewed-receipt,https://github.com/yeager/translations/blob/67e6d27877c9cfd6b6dbc74bd852b10bdbe09c3c/SuiteCRM-Core/sv-contacts-b-810-published-20260919.json,d90efd721e18c4336904231d21d618d5245ef5fdaa19153e482b76ac0409f394,{}
3661511b3ff8b59dad8a05e1,Always,Alltid,SuiteCRM-Core,sv-schedulers-810-published-20260919,$mod_strings['LBL_ALWAYS'],,project-context,d48ea573cb1b8fd9237f55a8,reviewed-receipt,https://github.com/yeager/translations/blob/67e6d27877c9cfd6b6dbc74bd852b10bdbe09c3c/SuiteCRM-Core/sv-schedulers-810-published-20260919.json,33eb7afe2f29dd74f08bd921b07d01bf183499e1985dd5f49edf5433b2ce22bb,{}
36797b4f225a5b140a74757a,Create Lead,Skapa prospekt,SuiteCRM-Core,sv-published-20260918,$mod_strings['LBL_CREATE_LEAD'],,project-context,b1e48a44a0002af6c520d5a2,reviewed-receipt,https://github.com/yeager/translations/blob/67e6d27877c9cfd6b6dbc74bd852b10bdbe09c3c/SuiteCRM-Core/sv-published-20260918.json,e4f7faaa5625d277e7a537f5b555c2fd753d326636e98deb288463e96d6356f7,{}
36950684cced1604f31106ad,"""From"" Address",Adress i fältet ”Från”,SuiteCRM-Core,sv-inbound-email-810-a-published-20260919,$mod_strings['LBL_FROM_ADDR'],,project-context,5203f1b4e4559639b14ca152,reviewed-receipt,https://github.com/yeager/translations/blob/67e6d27877c9cfd6b6dbc74bd852b10bdbe09c3c/SuiteCRM-Core/sv-inbound-email-810-a-published-20260919.json,67b8a04fd03d3b56d9f5e2549ac38263fc2b653e270ecd0097cbd7e2a30e424a,{}
36c814e6ce3cd61fc35e7a72,Basic,Grundläggande,SuiteCRM-Core,sv-emailmarketing-security-810-published-20260919,$mod_strings['LBL_OVERVIEW'],,project-context,513538260ac839c2c9b2b49d,reviewed-receipt,https://github.com/yeager/translations/blob/67e6d27877c9cfd6b6dbc74bd852b10bdbe09c3c/SuiteCRM-Core/sv-emailmarketing-security-810-published-20260919.json,3204b94182121e6c1d8e5d51e878c17a5e85cc78187db29beb922e12fae48b78,{}
36d7a91b7c5794cdc5c3e4b3,Module Loader,Modulladdare,SuiteCRM-Core,sv-upgradewizard-810-published-20260919,$mod_strings['LBL_MODULELOADER'],,project-context,e24f2f3d653ff1ac4bd08e64,reviewed-receipt,https://github.com/yeager/translations/blob/67e6d27877c9cfd6b6dbc74bd852b10bdbe09c3c/SuiteCRM-Core/sv-upgradewizard-810-published-20260919.json,4c5e554ea18d559c3ec8998eb3613f5413dea4c4c95bb851b4a0695c85b6ef99,{}
36efc708a88fee5481844890,Send in Plain Text,Skicka som oformaterad text,SuiteCRM-Core,sv-published-20260918,$mod_strings['LBL_SEND_IN_PLAIN_TEXT'],,project-context,069dc515f3f15199b1a4767e,reviewed-receipt,https://github.com/yeager/translations/blob/67e6d27877c9cfd6b6dbc74bd852b10bdbe09c3c/SuiteCRM-Core/sv-published-20260918.json,e4f7faaa5625d277e7a537f5b555c2fd753d326636e98deb288463e96d6356f7,{}
36fa84f9a8ac31137b9d21b5,Schedule Meeting,Schemalägg möte,SuiteCRM-Core,sv-published-20260918,$mod_strings['LNK_NEW_MEETING'],,project-context,77393da8a26d53a3a0c8d146,reviewed-receipt,https://github.com/yeager/translations/blob/67e6d27877c9cfd6b6dbc74bd852b10bdbe09c3c/SuiteCRM-Core/sv-published-20260918.json,e4f7faaa5625d277e7a537f5b555c2fd753d326636e98deb288463e96d6356f7,{}
37573a2d962543beed7816b0,Prospect Lists,Mottagarlistor,SuiteCRM-Core,sv-emailmarketing-810-reviewed-20260919,$mod_strings['LBL_PROSPECT_LISTS'],,project-context,00f438c2424783c00ffbaf44,reviewed-receipt,https://github.com/yeager/translations/blob/67e6d27877c9cfd6b6dbc74bd852b10bdbe09c3c/SuiteCRM-Core/sv-emailmarketing-810-reviewed-20260919.json,5ec4491f9b64a0da78ac62fa97360cc4e284f94d49fc10bc6c878b997b7ea8af,{}
3769c7831cb11cbac3a8db4b,Copy to Other Address,Kopiera till annan adress,SuiteCRM-Core,sv-contacts-final-810-published-20260919,$mod_strings['LBL_COPY_ADDRESS_CHECKED_ALT'],,project-context,fee9df51c55152941ae3f31b,reviewed-receipt,https://github.com/yeager/translations/blob/67e6d27877c9cfd6b6dbc74bd852b10bdbe09c3c/SuiteCRM-Core/sv-contacts-final-810-published-20260919.json,d978283a12dfb9b326a3d05a7e751d434c6e3ced5ebb9cf860d351c2ecd7f04d,{}
378c61e81594856c0a6bd6f5,Attachments:,Bilagor:,SuiteCRM-Core,sv-published-20260918,$mod_strings['LBL_ATTACHMENTS'],,project-context,5ada1bda136aecc74bb18f57,reviewed-receipt,https://github.com/yeager/translations/blob/67e6d27877c9cfd6b6dbc74bd852b10bdbe09c3c/SuiteCRM-Core/sv-published-20260918.json,e4f7faaa5625d277e7a537f5b555c2fd753d326636e98deb288463e96d6356f7,{}
378e17b43487d1e15cca68fb,Gmail Email Address:,Gmail-e-postadress:,SuiteCRM-Core,sv-published-20260918,$mod_strings['LBL_GMAIL_SMTPUSER'],,project-context,507188950de2ddcf10cedd75,reviewed-receipt,https://github.com/yeager/translations/blob/67e6d27877c9cfd6b6dbc74bd852b10bdbe09c3c/SuiteCRM-Core/sv-published-20260918.json,e4f7faaa5625d277e7a537f5b555c2fd753d326636e98deb288463e96d6356f7,{}
378ec36c8f6da324c2b9de71,Converted Account:,Konverterat företag:,SuiteCRM-Core,sv-leads-a-810-published-20260919,$mod_strings['LBL_CONVERTED_ACCOUNT'],,project-context,abf704d539676ca6fb168008,reviewed-receipt,https://github.com/yeager/translations/blob/67e6d27877c9cfd6b6dbc74bd852b10bdbe09c3c/SuiteCRM-Core/sv-leads-a-810-published-20260919.json,60952907a18a1fa8bb5cc88e44ed4c1176c7ffce44a7c94450b6ef6b204e5217,"{""artifact"":""https://crowdin.com/project/suitecrm-core"",""sha256"":""8754c975e8838a8fc2f9ef35cbae36c9e082d5c70fdc62c77240c563ebe7ec2c""}"
37c4488b23e638cc05ef169f,Start Date & Time: ,Startdatum & tid: ,SuiteCRM-Core,sv-emailmarketing-810-reviewed-20260919,$mod_strings['LBL_START_DATE_TIME'],,project-context,c8cc24413fa326d2d56859aa,reviewed-receipt,https://github.com/yeager/translations/blob/67e6d27877c9cfd6b6dbc74bd852b10bdbe09c3c/SuiteCRM-Core/sv-emailmarketing-810-reviewed-20260919.json,5ec4491f9b64a0da78ac62fa97360cc4e284f94d49fc10bc6c878b997b7ea8af,{}
37cc562c012ad6973ef68d51,Invalid Email,Ogiltig e-postadress,SuiteCRM-Core,sv-published-20260918,$mod_strings['LBL_INVALID_EMAIL'],,project-context,98b814255984f3236d0c9f3b,reviewed-receipt,https://github.com/yeager/translations/blob/67e6d27877c9cfd6b6dbc74bd852b10bdbe09c3c/SuiteCRM-Core/sv-published-20260918.json,e4f7faaa5625d277e7a537f5b555c2fd753d326636e98deb288463e96d6356f7,{}
37cdfa29ebd2bb4819ad01cf,Currency Significant Digits,Väsentliga siffror för valuta,SuiteCRM-Core,sv-published-20260918,$mod_strings['LBL_CURRENCY_SIG_DIGITS'],,project-context,f5137233d07cbaa264a8fd6e,reviewed-receipt,https://github.com/yeager/translations/blob/67e6d27877c9cfd6b6dbc74bd852b10bdbe09c3c/SuiteCRM-Core/sv-published-20260918.json,e4f7faaa5625d277e7a537f5b555c2fd753d326636e98deb288463e96d6356f7,{}
37dd9d6ac1043f402c954319,To,Till,SuiteCRM-Core,sv-published-20260918,$mod_strings['LBL_TO_ADDRS'],,project-context,ef0eda05c5444d45c7113fe2,reviewed-receipt,https://github.com/yeager/translations/blob/67e6d27877c9cfd6b6dbc74bd852b10bdbe09c3c/SuiteCRM-Core/sv-published-20260918.json,e4f7faaa5625d277e7a537f5b555c2fd753d326636e98deb288463e96d6356f7,{}
383ba3fc1f0a7fd0339bf847,Invalid time,Ogiltig time,SuiteCRM-Core,sv-import-810-reviewed-20260919,$mod_strings['LBL_ERROR_INVALID_TIME'],,project-context,7cd513dd4755ea42f8c337a0,reviewed-receipt,https://github.com/yeager/translations/blob/67e6d27877c9cfd6b6dbc74bd852b10bdbe09c3c/SuiteCRM-Core/sv-import-810-reviewed-20260919.json,9ad9f80f27abc071d9102bbd8cefb9bc43256bdad442051d55760286d830c3b0,{}
384b010ac7eefb96b215b133,Listview Pagination Type,Sidindelningstyp för listvy,SuiteCRM-Core,sv-published-20260918,$mod_strings['LBL_SET_LISTVIEW_PAGINATION_TYPE'],,project-context,843c3718ea5656d4822162e6,reviewed-receipt,https://github.com/yeager/translations/blob/67e6d27877c9cfd6b6dbc74bd852b10bdbe09c3c/SuiteCRM-Core/sv-published-20260918.json,e4f7faaa5625d277e7a537f5b555c2fd753d326636e98deb288463e96d6356f7,{}
389a8cd0665bc01d12b66cd5,Prune Tracker Tables,Rensa spårningstabeller,SuiteCRM-Core,sv-schedulers-810-a-published-20260919,$mod_strings['LBL_OOTB_TRACKER'],,project-context,3129c8e1575dc40a865f45b7,reviewed-receipt,https://github.com/yeager/translations/blob/67e6d27877c9cfd6b6dbc74bd852b10bdbe09c3c/SuiteCRM-Core/sv-schedulers-810-a-published-20260919.json,3c6c981f88e16e22e571d729a4bb12cc98db47334bbe03c18d6ed0001b81d8a8,{}
38d03137645ddee95133cc9c,Modified By,Ändrad av,SuiteCRM-Core,sv-address-cache-followup-810-20260919,$mod_strings['LBL_MODIFIED'],,project-context,0c9dd822eb7d3df68e8e878f,reviewed-receipt,https://github.com/yeager/translations/blob/67e6d27877c9cfd6b6dbc74bd852b10bdbe09c3c/SuiteCRM-Core/sv-address-cache-followup-810-20260919.json,c7e99432ec0b3f570a7b414e45f71b3660b21aa2c1e499d010ab737c90e56bef,"{""artifact"":""https://crowdin.com/project/suitecrm-core"",""sha256"":""db43457ba9d9e80fde2c44056f5740c09ffe9c150766fd1b6dae01d0626317a5""}"
38fe28597cf3f89b9717128e,Enabled,Aktiverad,SuiteCRM-Core,sv-acl-810-published-20260919,$mod_strings['LBL_ACCESS_ENABLED'],,project-context,94ce90c1a1b1e28c88e0c3b7,reviewed-receipt,https://github.com/yeager/translations/blob/67e6d27877c9cfd6b6dbc74bd852b10bdbe09c3c/SuiteCRM-Core/sv-acl-810-published-20260919.json,c3d79cc04f48d5a83982b3c13a5bf197dcb035625008d4cec3b1a07c4d7311de,{}
3903efe509f9a0c434aeec88,Stored Options,Sparade alternativ,SuiteCRM-Core,sv-inbound-email-810-c-published-20260919,$mod_strings['LBL_STORED_OPTIONS'],,project-context,c31e46eba30548f3ead345bd,reviewed-receipt,https://github.com/yeager/translations/blob/67e6d27877c9cfd6b6dbc74bd852b10bdbe09c3c/SuiteCRM-Core/sv-inbound-email-810-c-published-20260919.json,efc326506d8e54d83cdc6cf68ddf8af5b427dbb93c869334100bc3d2383e119a,{}
391d25816cd96c70d23e8303,Primary Address Country:,Primärt adressland:,SuiteCRM-Core,sv-contacts-final-810-published-20260919,$mod_strings['LBL_PRIMARY_ADDRESS_COUNTRY'],,project-context,f2ec8e6d1837e56b38875595,reviewed-receipt,https://github.com/yeager/translations/blob/67e6d27877c9cfd6b6dbc74bd852b10bdbe09c3c/SuiteCRM-Core/sv-contacts-final-810-published-20260919.json,d978283a12dfb9b326a3d05a7e751d434c6e3ced5ebb9cf860d351c2ecd7f04d,{}
392b287290100dc1ce41caad,Send On,Skicka den,SuiteCRM-Core,sv-published-20260918,$mod_strings['LBL_SEND_ON'],,project-context,ad9e4cfcde9fc6520e16e347,reviewed-receipt,https://github.com/yeager/translations/blob/67e6d27877c9cfd6b6dbc74bd852b10bdbe09c3c/SuiteCRM-Core/sv-published-20260918.json,e4f7faaa5625d277e7a537f5b555c2fd753d326636e98deb288463e96d6356f7,{}
398eb485de0ddc5f0fca93df,Date Published,Publiceringsdatum,SuiteCRM-Core,sv-upgradewizard-810-published-20260919,$mod_strings['LBL_ML_PUBLISHED'],,project-context,84d1e128918cd11c17ed7494,reviewed-receipt,https://github.com/yeager/translations/blob/67e6d27877c9cfd6b6dbc74bd852b10bdbe09c3c/SuiteCRM-Core/sv-upgradewizard-810-published-20260919.json,4c5e554ea18d559c3ec8998eb3613f5413dea4c4c95bb851b4a0695c85b6ef99,{}
39dbd2e7140d528b980ceded,Tracker Links Enabled,Spårningslänkar aktiverade,SuiteCRM-Core,sv-emailmarketing-810-reviewed-20260919,$mod_strings['LBL_TRACKER_LINKS_ENABLED'],,project-context,41c91c60ff74f06ec753dc5e,reviewed-receipt,https://github.com/yeager/translations/blob/67e6d27877c9cfd6b6dbc74bd852b10bdbe09c3c/SuiteCRM-Core/sv-emailmarketing-810-reviewed-20260919.json,5ec4491f9b64a0da78ac62fa97360cc4e284f94d49fc10bc6c878b997b7ea8af,{}
39df2e0e02081dc26bc09dee,Documents,Dokument,SuiteCRM-Core,sv-accounts-a-810-published-20260919,$mod_strings['LBL_DOCUMENTS_SUBPANEL_TITLE'],,project-context,c374787ecf4e5bdceb98476e,reviewed-receipt,https://github.com/yeager/translations/blob/67e6d27877c9cfd6b6dbc74bd852b10bdbe09c3c/SuiteCRM-Core/sv-accounts-a-810-published-20260919.json,ea12294a7550adccf7f3bd2ee5ba9c0f994224671cce0ee6ffbeaf4e4d1eedb2,{}
39e5f061f723a12c16df9c6b,Invalid datetime,Ogiltig datetime,SuiteCRM-Core,sv-import-810-reviewed-20260919,$mod_strings['LBL_ERROR_INVALID_DATETIME'],,project-context,dc5cef09cd71c3e2fbab7880,reviewed-receipt,https://github.com/yeager/translations/blob/67e6d27877c9cfd6b6dbc74bd852b10bdbe09c3c/SuiteCRM-Core/sv-import-810-reviewed-20260919.json,9ad9f80f27abc071d9102bbd8cefb9bc43256bdad442051d55760286d830c3b0,{}
39ffd43ee0dc9f6528f9ac1d,City:,Ort:,SuiteCRM-Core,sv-accounts-a-810-published-20260919,$mod_strings['LBL_CITY'],,project-context,1be5fc429054e78f271abb61,reviewed-receipt,https://github.com/yeager/translations/blob/67e6d27877c9cfd6b6dbc74bd852b10bdbe09c3c/SuiteCRM-Core/sv-accounts-a-810-published-20260919.json,ea12294a7550adccf7f3bd2ee5ba9c0f994224671cce0ee6ffbeaf4e4d1eedb2,{}
3a431a0a10553a09d9f24e57,Numeric (No Decimal),Numerisk (utan decimaler),SuiteCRM-Core,sv-import-a-810-published-20260919,$mod_strings['LBL_IMPORT_FIELDDEF_NUM'],,project-context,a000ae2df70d9f3c27e85063,reviewed-receipt,https://github.com/yeager/translations/blob/67e6d27877c9cfd6b6dbc74bd852b10bdbe09c3c/SuiteCRM-Core/sv-import-a-810-published-20260919.json,d30b91d43a7d7312345f4e9c032488a7f4fa9f3ca1774983d75ab8967114711b,{}
3a436e562594348731bb476d,Country:,Land:,SuiteCRM-Core,sv-contacts-a-810-published-20260919,$mod_strings['LBL_COUNTRY'],,project-context,5665457fda314c35149cdeb5,reviewed-receipt,https://github.com/yeager/translations/blob/67e6d27877c9cfd6b6dbc74bd852b10bdbe09c3c/SuiteCRM-Core/sv-contacts-a-810-published-20260919.json,10584b485e200c6f1c96340054304bbf1333d0f5bdb89bae8947c2df5c4c0947,{}
3a50ec7a10426c272608ad70,From,Från,SuiteCRM-Core,sv-emailmarketing-810-reviewed-20260919,$mod_strings['LBL_FROM'],,project-context,c6317e68f437b2c3d5aa7266,reviewed-receipt,https://github.com/yeager/translations/blob/67e6d27877c9cfd6b6dbc74bd852b10bdbe09c3c/SuiteCRM-Core/sv-emailmarketing-810-reviewed-20260919.json,5ec4491f9b64a0da78ac62fa97360cc4e284f94d49fc10bc6c878b997b7ea8af,{}
3a5cc70073eca5b69c493ffe,Test Settings,Testa inställningar,SuiteCRM-Core,sv-published-20260918,$mod_strings['LBL_TEST_SETTINGS'],,project-context,b4cf57455881dfd027795a15,reviewed-receipt,https://github.com/yeager/translations/blob/67e6d27877c9cfd6b6dbc74bd852b10bdbe09c3c/SuiteCRM-Core/sv-published-20260918.json,e4f7faaa5625d277e7a537f5b555c2fd753d326636e98deb288463e96d6356f7,{}
3a7497a38d1ecb03fd07ef76,Marketing Id,Marknadsförings-ID,SuiteCRM-Core,sv-published-20260918,$mod_strings['LBL_MARKETING_ID'],,project-context,8bbe4b375849a401c8c7a118,reviewed-receipt,https://github.com/yeager/translations/blob/67e6d27877c9cfd6b6dbc74bd852b10bdbe09c3c/SuiteCRM-Core/sv-published-20260918.json,e4f7faaa5625d277e7a537f5b555c2fd753d326636e98deb288463e96d6356f7,{}
3a8a5ee78e9048120abe3b01,Done,Klart,SuiteCRM-Core,sv-upgradewizard-810-published-20260919,$mod_strings['LBL_BUTTON_DONE'],,project-context,f4cd5bf9d7118e0523513ca7,reviewed-receipt,https://github.com/yeager/translations/blob/67e6d27877c9cfd6b6dbc74bd852b10bdbe09c3c/SuiteCRM-Core/sv-upgradewizard-810-published-20260919.json,4c5e554ea18d559c3ec8998eb3613f5413dea4c4c95bb851b4a0695c85b6ef99,{}
3aa4a1b9219317c01864f327,Notify on Assignment,Avisera vid tilldelning,SuiteCRM-Core,sv-published-20260918,$mod_strings['LBL_RECEIVE_NOTIFICATIONS'],,project-context,8946e345a4cb93a4c8a4aa1b,reviewed-receipt,https://github.com/yeager/translations/blob/67e6d27877c9cfd6b6dbc74bd852b10bdbe09c3c/SuiteCRM-Core/sv-published-20260918.json,e4f7faaa5625d277e7a537f5b555c2fd753d326636e98deb288463e96d6356f7,{}
3ac32240496fe5dc27a7de64,Recipients are subject to opt-out validation.,Mottagarna kontrolleras mot avregistrering.,SuiteCRM-Core,sv-emailmarketing-810-reviewed-20260919,$mod_strings['LBL_TYPE_MARKETING_HELP'],,project-context,51648a22ff499ab41dfc3d68,reviewed-receipt,https://github.com/yeager/translations/blob/67e6d27877c9cfd6b6dbc74bd852b10bdbe09c3c/SuiteCRM-Core/sv-emailmarketing-810-reviewed-20260919.json,5ec4491f9b64a0da78ac62fa97360cc4e284f94d49fc10bc6c878b997b7ea8af,{}
3afcdad8005e750a0dc7dba8,Create Target List,Skapa mottagarlista,SuiteCRM-Core,sv-emailmarketing-810-reviewed-20260919,$mod_strings['LNK_NEW_PROSPECT_LIST'],,project-context,6fb425b787cf960e6818466b,reviewed-receipt,https://github.com/yeager/translations/blob/67e6d27877c9cfd6b6dbc74bd852b10bdbe09c3c/SuiteCRM-Core/sv-emailmarketing-810-reviewed-20260919.json,5ec4491f9b64a0da78ac62fa97360cc4e284f94d49fc10bc6c878b997b7ea8af,{}
3b0763fba43c49b1a9cf6bc6,Outbound Email Accounts,Konton för utgående e-post,SuiteCRM-Core,sv-inbound-email-810-published-20260919,$mod_strings['LNK_LIST_OUTBOUND_EMAILS'],,project-context,9e4715782542a4993ca143c3,reviewed-receipt,https://github.com/yeager/translations/blob/67e6d27877c9cfd6b6dbc74bd852b10bdbe09c3c/SuiteCRM-Core/sv-inbound-email-810-published-20260919.json,8ff080143649204a50f3a20eee408535d517ed526e8c4bad972910fef8c046e2,{}
3b3b513d0158f0029ff06f08,Currency,Valuta,SuiteCRM-Core,sv-published-20260918,$mod_strings['LBL_CURRENCY'],,project-context,4f48c165ba9829dea42f320c,reviewed-receipt,https://github.com/yeager/translations/blob/67e6d27877c9cfd6b6dbc74bd852b10bdbe09c3c/SuiteCRM-Core/sv-published-20260918.json,e4f7faaa5625d277e7a537f5b555c2fd753d326636e98deb288463e96d6356f7,{}
3b513c0786f77cb7cc508043,Import cache directory is not writable.,Cachekatalogen för import är inte skrivbar.,SuiteCRM-Core,sv-import-b-810-published-20260919,$mod_strings['LBL_ERROR_IMPORT_CACHE_NOT_WRITABLE'],,project-context,2259321893427b984cc8ca39,reviewed-receipt,https://github.com/yeager/translations/blob/67e6d27877c9cfd6b6dbc74bd852b10bdbe09c3c/SuiteCRM-Core/sv-import-b-810-published-20260919.json,5f4039ac59b7e23dcc8052f95f9ba8304e9ceaa834d2b41c8057e1f955008824,{}
3b5261c43475666e6188b42b,Test Email from SuiteCRM,Testmeddelande från SuiteCRM,SuiteCRM-Core,sv-published-20260918,$mod_strings['LBL_TEST_EMAIL_SUBJECT'],,project-context,a634637d10c7a40d39100717,reviewed-receipt,https://github.com/yeager/translations/blob/67e6d27877c9cfd6b6dbc74bd852b10bdbe09c3c/SuiteCRM-Core/sv-published-20260918.json,e4f7faaa5625d277e7a537f5b555c2fd753d326636e98deb288463e96d6356f7,{}
3ba7f0fb7886c0d835d303f5,Select Checked Users,Välj markerade användare,SuiteCRM-Core,sv-published-20260918,$mod_strings['LBL_SELECT_CHECKED_BUTTON_TITLE'],,project-context,0d283a7a259e4828c4094d48,reviewed-receipt,https://github.com/yeager/translations/blob/67e6d27877c9cfd6b6dbc74bd852b10bdbe09c3c/SuiteCRM-Core/sv-published-20260918.json,e4f7faaa5625d277e7a537f5b555c2fd753d326636e98deb288463e96d6356f7,{}
3bbdfbc6bfd9f25e4404f70f,Send,Skicka,SuiteCRM-Core,sv-published-20260918,$mod_strings['LBL_SEND_BUTTON_TITLE'],,project-context,99015f67a1cf0175d1ae9c58,reviewed-receipt,https://github.com/yeager/translations/blob/67e6d27877c9cfd6b6dbc74bd852b10bdbe09c3c/SuiteCRM-Core/sv-published-20260918.json,e4f7faaa5625d277e7a537f5b555c2fd753d326636e98deb288463e96d6356f7,{}
3bd521c9bcda5bf35d176320,Using From Name/Address,Använd namnet/adressen i fältet Från,SuiteCRM-Core,sv-inbound-email-810-published-20260919,$mod_strings['LBL_SAME_AS_ABOVE'],,project-context,47ca71206fd6ee93be2207e5,reviewed-receipt,https://github.com/yeager/translations/blob/67e6d27877c9cfd6b6dbc74bd852b10bdbe09c3c/SuiteCRM-Core/sv-inbound-email-810-published-20260919.json,8ff080143649204a50f3a20eee408535d517ed526e8c4bad972910fef8c046e2,{}
3c15cdfec035172bc187cfae,Numeric (No Decimal),Numerisk (utan decimaler),SuiteCRM-Core,sv-import-a-810-published-20260919,$mod_strings['LBL_IMPORT_FIELDDEF_DOUBLE'],,project-context,67d60755dca5d64d6b89f511,reviewed-receipt,https://github.com/yeager/translations/blob/67e6d27877c9cfd6b6dbc74bd852b10bdbe09c3c/SuiteCRM-Core/sv-import-a-810-published-20260919.json,d30b91d43a7d7312345f4e9c032488a7f4fa9f3ca1774983d75ab8967114711b,{}
3c1c50418af89e0cb11523fd,Modified By:,Ändrad av:,SuiteCRM-Core,sv-contacts-b-810-published-20260919,$mod_strings['LBL_MODIFIED'],,project-context,ec9d2062a5216c0c7ca47b53,reviewed-receipt,https://github.com/yeager/translations/blob/67e6d27877c9cfd6b6dbc74bd852b10bdbe09c3c/SuiteCRM-Core/sv-contacts-b-810-published-20260919.json,d90efd721e18c4336904231d21d618d5245ef5fdaa19153e482b76ac0409f394,{}
3c251ca32ff30b26ff5d65f5,Emails:Users,E-post:Användare,SuiteCRM-Core,sv-published-20260918,$mod_strings['LBL_EMAILS_USERS_REL'],,project-context,c25dc2f2eef3a21ff4fc5cbe,reviewed-receipt,https://github.com/yeager/translations/blob/67e6d27877c9cfd6b6dbc74bd852b10bdbe09c3c/SuiteCRM-Core/sv-published-20260918.json,e4f7faaa5625d277e7a537f5b555c2fd753d326636e98deb288463e96d6356f7,{}
3c42ff9076b696137aad97fb,Skip,Hoppa över,SuiteCRM-Core,sv-configurator-ui-810-published-20260919,$mod_strings['LBL_WIZARD_SKIP_BUTTON'],,project-context,e904e3d544c85c7fb7e310b5,reviewed-receipt,https://github.com/yeager/translations/blob/67e6d27877c9cfd6b6dbc74bd852b10bdbe09c3c/SuiteCRM-Core/sv-configurator-ui-810-published-20260919.json,c2c1f7f6e07523183e318bd1273893e066f03c7dc66af3e9f80e12e615c6d038,{}
3c507c15b3e5f18c9023a5a9,Removal of documents from filesystem,Ta bort dokument från filsystemet,SuiteCRM-Core,sv-schedulers-810-a-published-20260919,$mod_strings['LBL_OOTB_REMOVE_DOCUMENTS_FROM_FS'],,project-context,a5e8c37669d81b78c2c67c07,reviewed-receipt,https://github.com/yeager/translations/blob/67e6d27877c9cfd6b6dbc74bd852b10bdbe09c3c/SuiteCRM-Core/sv-schedulers-810-a-published-20260919.json,3c6c981f88e16e22e571d729a4bb12cc98db47334bbe03c18d6ed0001b81d8a8,{}
3c5d547d5079692f4a90b25b,Server Address,Serveradress,SuiteCRM-Core,sv-inbound-email-810-a-published-20260919,$mod_strings['LBL_SERVER_ADDRESS'],,project-context,8685e5e5b400acc4081c0c32,reviewed-receipt,https://github.com/yeager/translations/blob/67e6d27877c9cfd6b6dbc74bd852b10bdbe09c3c/SuiteCRM-Core/sv-inbound-email-810-a-published-20260919.json,67b8a04fd03d3b56d9f5e2549ac38263fc2b653e270ecd0097cbd7e2a30e424a,{}
3caf2f009f553bc4db9a8c3d,SMTP Auth,SMTP-autentisering,SuiteCRM-Core,sv-outbound-email-810-published-20260919,$mod_strings['LBL_SMTP_AUTH'],,project-context,fb90f2cf36b523b4c59a8173,reviewed-receipt,https://github.com/yeager/translations/blob/67e6d27877c9cfd6b6dbc74bd852b10bdbe09c3c/SuiteCRM-Core/sv-outbound-email-810-published-20260919.json,971cdcc19e79f693c13cb15c9aee0f659a84a6c378a69f16b9dae9f6b2d70244,{}
3cafeecf5bc36e2e711253c6,Currency:,Valuta:,SuiteCRM-Core,sv-import-810-reviewed-20260919,$mod_strings['LBL_CURRENCY'],,project-context,b79ec7eeef5ec2b385e398a7,reviewed-receipt,https://github.com/yeager/translations/blob/67e6d27877c9cfd6b6dbc74bd852b10bdbe09c3c/SuiteCRM-Core/sv-import-810-reviewed-20260919.json,9ad9f80f27abc071d9102bbd8cefb9bc43256bdad442051d55760286d830c3b0,{}
3ce474bc30c630a00ccfcec8,Set as default,Ange som standard,SuiteCRM-Core,sv-outbound-email-810-published-20260919,$mod_strings['LBL_SET_AS_DEFAULT_BUTTON'],,project-context,182c332ebd9b56dafc801ce6,reviewed-receipt,https://github.com/yeager/translations/blob/67e6d27877c9cfd6b6dbc74bd852b10bdbe09c3c/SuiteCRM-Core/sv-outbound-email-810-published-20260919.json,971cdcc19e79f693c13cb15c9aee0f659a84a6c378a69f16b9dae9f6b2d70244,{}
3d09c4f538c8003ac038ae93,Outbound Email Account id,ID för konto för utgående e-post,SuiteCRM-Core,sv-inbound-email-810-published-20260919,$mod_strings['LBL_OUTBOUND_EMAIL_ACCOUNT_ID'],,project-context,1da30802f9ab9ca7ca79058f,reviewed-receipt,https://github.com/yeager/translations/blob/67e6d27877c9cfd6b6dbc74bd852b10bdbe09c3c/SuiteCRM-Core/sv-inbound-email-810-published-20260919.json,8ff080143649204a50f3a20eee408535d517ed526e8c4bad972910fef8c046e2,{}
3d96345c70404141ca529d73,Login Attribute:,Inloggningsattribut:,SuiteCRM-Core,sv-configurator-security-810-published-20260919,$mod_strings['LBL_LDAP_LOGIN_ATTRIBUTE'],,project-context,69fcb0f1fe18c5a2234daae0,reviewed-receipt,https://github.com/yeager/translations/blob/67e6d27877c9cfd6b6dbc74bd852b10bdbe09c3c/SuiteCRM-Core/sv-configurator-security-810-published-20260919.json,b9cffb7627e0e033ecf619b158ee05a9837fda3137dd33e9dd9cc36d32c5600c,{}
3d9ebcf53173f98d9ddedde5,System Settings,Systeminställningar,SuiteCRM-Core,sv-configurator-ui-810-published-20260919,$mod_strings['LBL_CONFIGURE_SETTINGS_TITLE'],,project-context,1c79673276ba7818bb65b779,reviewed-receipt,https://github.com/yeager/translations/blob/67e6d27877c9cfd6b6dbc74bd852b10bdbe09c3c/SuiteCRM-Core/sv-configurator-ui-810-published-20260919.json,c2c1f7f6e07523183e318bd1273893e066f03c7dc66af3e9f80e12e615c6d038,{}
3dc5626db750ba98bbe597b4,Developer,Utvecklare,SuiteCRM-Core,sv-acl-810-published-20260919,$mod_strings['LBL_ACCESS_DEV'],,project-context,f3ef37e8622c309ca9b28869,reviewed-receipt,https://github.com/yeager/translations/blob/67e6d27877c9cfd6b6dbc74bd852b10bdbe09c3c/SuiteCRM-Core/sv-acl-810-published-20260919.json,c3d79cc04f48d5a83982b3c13a5bf197dcb035625008d4cec3b1a07c4d7311de,{}
3dcb981db1038e6e7a040e3a,Failures,Misslyckanden,SuiteCRM-Core,sv-schedulerjobs-810-published-20260919,$mod_strings['LBL_FAIL_COUNT'],,project-context,3ec3200681bb676b8809cc48,reviewed-receipt,https://github.com/yeager/translations/blob/67e6d27877c9cfd6b6dbc74bd852b10bdbe09c3c/SuiteCRM-Core/sv-schedulerjobs-810-published-20260919.json,39ece1dd6abbe7117cd3f0433632a40e1beb4e595e8ab66ce266caf7d0c35321,{}
3df5a8690b1f35f90a88eeb4,External OAuth Connection,Extern OAuth-anslutning,SuiteCRM-Core,sv-inbound-email-810-published-20260919,$mod_strings['LBL_EXTERNAL_OAUTH_CONNECTION_NAME'],,project-context,6056a59a860fa2dd4074552c,reviewed-receipt,https://github.com/yeager/translations/blob/67e6d27877c9cfd6b6dbc74bd852b10bdbe09c3c/SuiteCRM-Core/sv-inbound-email-810-published-20260919.json,8ff080143649204a50f3a20eee408535d517ed526e8c4bad972910fef8c046e2,{}
3e02e322ae9b9adc4238aa7f,Email Marketing: Home,Marknadsföring via E-post: Hem,SuiteCRM-Core,sv-emailmarketing-810-reviewed-20260919,$mod_strings['LBL_MODULE_TITLE'],,project-context,6b572cc56b8c7f79b0509cfb,reviewed-receipt,https://github.com/yeager/translations/blob/67e6d27877c9cfd6b6dbc74bd852b10bdbe09c3c/SuiteCRM-Core/sv-emailmarketing-810-reviewed-20260919.json,5ec4491f9b64a0da78ac62fa97360cc4e284f94d49fc10bc6c878b997b7ea8af,{}
3e288f4c6b7002bbb00ef0be,SuiteCRM Scheduler,SuiteCRM-schemaläggare,SuiteCRM-Core,sv-schedulers-810-b-published-20260919,$mod_strings['LBL_MODULE_NAME'],,project-context,e6ab7c99000371128b69505d,reviewed-receipt,https://github.com/yeager/translations/blob/67e6d27877c9cfd6b6dbc74bd852b10bdbe09c3c/SuiteCRM-Core/sv-schedulers-810-b-published-20260919.json,548c9bc56c99a3a7538a1074815c96920bc4435741e6d93f91e406bcee6a6c47,{}
3e537edf45797a077c307d7d,Duplicate Handling,Dubbletthantering,SuiteCRM-Core,sv-emailmarketing-810-reviewed-20260919,$mod_strings['LBL_CHECK_DUPLICATE'],,project-context,d8dabd13701c349790d72024,reviewed-receipt,https://github.com/yeager/translations/blob/67e6d27877c9cfd6b6dbc74bd852b10bdbe09c3c/SuiteCRM-Core/sv-emailmarketing-810-reviewed-20260919.json,5ec4491f9b64a0da78ac62fa97360cc4e284f94d49fc10bc6c878b997b7ea8af,{}
3e8e764a40fe2e75ab739744,Name,Namn,SuiteCRM-Core,sv-emailmarketing-810-reviewed-20260919,$mod_strings['LBL_LIST_NAME'],,project-context,1d438155ff69d4627aa899af,reviewed-receipt,https://github.com/yeager/translations/blob/67e6d27877c9cfd6b6dbc74bd852b10bdbe09c3c/SuiteCRM-Core/sv-emailmarketing-810-reviewed-20260919.json,5ec4491f9b64a0da78ac62fa97360cc4e284f94d49fc10bc6c878b997b7ea8af,{}
3e9756cc3ed09350da5b631d,Created by,Skapad av,SuiteCRM-Core,sv-published-20260918,$mod_strings['LBL_CREATED_BY'],,project-context,bd414996cff0088f34a6fc7b,reviewed-receipt,https://github.com/yeager/translations/blob/67e6d27877c9cfd6b6dbc74bd852b10bdbe09c3c/SuiteCRM-Core/sv-published-20260918.json,e4f7faaa5625d277e7a537f5b555c2fd753d326636e98deb288463e96d6356f7,{}
3e9c285556f10fdeff524cf5,Message ID,Meddelande-ID,SuiteCRM-Core,sv-published-20260918,$mod_strings['LBL_MESSAGE_ID'],,project-context,7c5b4236c958c5ea9aa01ccb,reviewed-receipt,https://github.com/yeager/translations/blob/67e6d27877c9cfd6b6dbc74bd852b10bdbe09c3c/SuiteCRM-Core/sv-published-20260918.json,e4f7faaa5625d277e7a537f5b555c2fd753d326636e98deb288463e96d6356f7,{}
3f0897134afb91fb600e0294,Upgrade Wizard,Uppgraderingsguide,SuiteCRM-Core,sv-upgradewizard-810-published-20260919,$mod_strings['LBL_UW_TITLE'],,project-context,9bc5e2e6bc03ce7aa3591ba8,reviewed-receipt,https://github.com/yeager/translations/blob/67e6d27877c9cfd6b6dbc74bd852b10bdbe09c3c/SuiteCRM-Core/sv-upgradewizard-810-published-20260919.json,4c5e554ea18d559c3ec8998eb3613f5413dea4c4c95bb851b4a0695c85b6ef99,{}
3f08e8cb8a92031b260de251,Marketing Type,Marknadsföringstyp,SuiteCRM-Core,sv-emailmarketing-810-reviewed-20260919,$mod_strings['LBL_MARKETING_TYPE'],,project-context,cd9518a0308022d8dd864746,reviewed-receipt,https://github.com/yeager/translations/blob/67e6d27877c9cfd6b6dbc74bd852b10bdbe09c3c/SuiteCRM-Core/sv-emailmarketing-810-reviewed-20260919.json,5ec4491f9b64a0da78ac62fa97360cc4e284f94d49fc10bc6c878b997b7ea8af,{}
3f126d45c954b1a9d176281c,Default Value,Standardvärde,SuiteCRM-Core,sv-import-810-reviewed-20260919,$mod_strings['LBL_DEFAULT_VALUE'],,project-context,8a00852959b20a257236e94a,reviewed-receipt,https://github.com/yeager/translations/blob/67e6d27877c9cfd6b6dbc74bd852b10bdbe09c3c/SuiteCRM-Core/sv-import-810-reviewed-20260919.json,9ad9f80f27abc071d9102bbd8cefb9bc43256bdad442051d55760286d830c3b0,{}
3f4d591d3639bba69107af9f,Group Configuration,Gruppkonfiguration,SuiteCRM-Core,sv-inbound-email-810-published-20260919,$mod_strings['LBL_GROUP_CONFIGURATION'],,project-context,4abb1bc38e7c815290856d2f,reviewed-receipt,https://github.com/yeager/translations/blob/67e6d27877c9cfd6b6dbc74bd852b10bdbe09c3c/SuiteCRM-Core/sv-inbound-email-810-published-20260919.json,8ff080143649204a50f3a20eee408535d517ed526e8c4bad972910fef8c046e2,{}
3f85c5e4f779d315184bc5a5,Add,Lägg till,SuiteCRM-Core,sv-dynamicfields-810-published-20260919,$mod_strings['LBL_BTN_ADD'],,project-context,6b2ed6befd57e068578e9ef2,reviewed-receipt,https://github.com/yeager/translations/blob/67e6d27877c9cfd6b6dbc74bd852b10bdbe09c3c/SuiteCRM-Core/sv-dynamicfields-810-published-20260919.json,d82b264795c3f57e63f446503845cb601f29790142b6abaaf61ca77271bb3c3f,{}
3f85d0f0075f9136da24478c,Created By,Skapad av,SuiteCRM-Core,sv-address-cache-followup-810-20260919,$mod_strings['LBL_CREATED'],,project-context,92f4e470b5597159912f8476,reviewed-receipt,https://github.com/yeager/translations/blob/67e6d27877c9cfd6b6dbc74bd852b10bdbe09c3c/SuiteCRM-Core/sv-address-cache-followup-810-20260919.json,c7e99432ec0b3f570a7b414e45f71b3660b21aa2c1e499d010ab737c90e56bef,"{""artifact"":""https://crowdin.com/project/suitecrm-core"",""sha256"":""3e23c83c3fec17cbab83868225d44650ea4f31996e68a84a753e0caa5f20345b""}"
3fbd9e2327deb1a7d369e500,Import Accounts,Importera företag,SuiteCRM-Core,sv-accounts-final-810-published-20260919,$mod_strings['LNK_IMPORT_ACCOUNTS'],,project-context,08317ca425fe42c258e0fd61,reviewed-receipt,https://github.com/yeager/translations/blob/67e6d27877c9cfd6b6dbc74bd852b10bdbe09c3c/SuiteCRM-Core/sv-accounts-final-810-published-20260919.json,f99b6b196fed5b4409a55d1296241bb29b890401afe16c0f8654ddadb9c6a43b,{}
3fecd9322b7299c73609ec50,Date Created:,Skapat datum:,SuiteCRM-Core,sv-accounts-a-810-published-20260919,$mod_strings['LBL_DATE_ENTERED'],,project-context,0b11ff7d987963de6f90aa64,reviewed-receipt,https://github.com/yeager/translations/blob/67e6d27877c9cfd6b6dbc74bd852b10bdbe09c3c/SuiteCRM-Core/sv-accounts-a-810-published-20260919.json,ea12294a7550adccf7f3bd2ee5ba9c0f994224671cce0ee6ffbeaf4e4d1eedb2,{}
3fee98a7c7daecc6e952e6e3,Create Migrations,Skapa migreringar,SuiteCRM-Core,sv-manual-migration-tasks-810-published-20260919,$mod_strings['LNK_NEW_RECORD'],,project-context,a2112ef9f4902115e6558240,reviewed-receipt,https://github.com/yeager/translations/blob/67e6d27877c9cfd6b6dbc74bd852b10bdbe09c3c/SuiteCRM-Core/sv-manual-migration-tasks-810-published-20260919.json,a57c55236a2b943e110d1e9093259e3e4c7c7d8364f4be24f498eb3953ea51d0,{}
40272c0bceeb9ed16dfed3ff,Security Groups,Säkerhetsgrupper,SuiteCRM-Core,suitecrm-security-email-labels-810-20260920,$mod_strings['LBL_SECURITYGROUPS'],,project-context,073a004b2d1ea32934da78b4,reviewed-receipt,https://github.com/yeager/translations/blob/67e6d27877c9cfd6b6dbc74bd852b10bdbe09c3c/SuiteCRM-Core/suitecrm-security-email-labels-810-20260920.json,b6dda48c77c629338067f9e3ff8cd855928026b49182f47c495910dbb4b55f00,"{""artifact"":""https://crowdin.com/project/suitecrm-core"",""sha256"":""cddd5f763a53178c3484f4c944c4c5e40f8c0415b08e1621ad914f85ed96705c""}"
403b633f602d7a729b484b83,Owner,Ägare,SuiteCRM-Core,sv-upgradewizard-810-published-20260919,$mod_strings['LBL_UW_FILE_OWNER'],,project-context,5535ab34a67340b57a4073d8,reviewed-receipt,https://github.com/yeager/translations/blob/67e6d27877c9cfd6b6dbc74bd852b10bdbe09c3c/SuiteCRM-Core/sv-upgradewizard-810-published-20260919.json,4c5e554ea18d559c3ec8998eb3613f5413dea4c4c95bb851b4a0695c85b6ef99,{}
4041088307ce1006382fb4b7,Email Client,E-postklient,SuiteCRM-Core,sv-published-20260918,$mod_strings['LBL_EMAIL_LINK_TYPE'],,project-context,b646e674ab20aab2f4704894,reviewed-receipt,https://github.com/yeager/translations/blob/67e6d27877c9cfd6b6dbc74bd852b10bdbe09c3c/SuiteCRM-Core/sv-published-20260918.json,e4f7faaa5625d277e7a537f5b555c2fd753d326636e98deb288463e96d6356f7,{}
408607e525ec591f8df33f28,Select,Välj,SuiteCRM-Core,sv-inbound-email-810-published-20260919,$mod_strings['LBL_SELECT'],,project-context,38c754aef96e7d68a0664104,reviewed-receipt,https://github.com/yeager/translations/blob/67e6d27877c9cfd6b6dbc74bd852b10bdbe09c3c/SuiteCRM-Core/sv-inbound-email-810-published-20260919.json,8ff080143649204a50f3a20eee408535d517ed526e8c4bad972910fef8c046e2,{}
4093bb322fdce01840672d73,Assign:,Tilldela:,SuiteCRM-Core,sv-published-20260918,$mod_strings['LBL_USE'],,project-context,9da287eb6f0996562be5da3e,reviewed-receipt,https://github.com/yeager/translations/blob/67e6d27877c9cfd6b6dbc74bd852b10bdbe09c3c/SuiteCRM-Core/sv-published-20260918.json,e4f7faaa5625d277e7a537f5b555c2fd753d326636e98deb288463e96d6356f7,{}
40a03b331052800288455f42,Parent Account ID,Moderföretags-ID,SuiteCRM-Core,sv-accounts-final-810-published-20260919,$mod_strings['LBL_PARENT_ACCOUNT_ID'],,project-context,d2eacd5fd0ea988e7a7b9bec,reviewed-receipt,https://github.com/yeager/translations/blob/67e6d27877c9cfd6b6dbc74bd852b10bdbe09c3c/SuiteCRM-Core/sv-accounts-final-810-published-20260919.json,f99b6b196fed5b4409a55d1296241bb29b890401afe16c0f8654ddadb9c6a43b,{}
41097a457c136c0dc365dc67,Primary Address Postal Code:,Primärt postnummer:,SuiteCRM-Core,sv-contacts-final-810-published-20260919,$mod_strings['LBL_PRIMARY_ADDRESS_POSTALCODE'],,project-context,4b38ea659186d62258013c62,reviewed-receipt,https://github.com/yeager/translations/blob/67e6d27877c9cfd6b6dbc74bd852b10bdbe09c3c/SuiteCRM-Core/sv-contacts-final-810-published-20260919.json,d978283a12dfb9b326a3d05a7e751d434c6e3ced5ebb9cf860d351c2ecd7f04d,{}
411a747958b595e03f08cb97,Delete,Ta bort,SuiteCRM-Core,sv-acl-810-published-20260919,$mod_strings['LBL_ACTION_DELETE'],,project-context,390937cf95e784d75801c3ce,reviewed-receipt,https://github.com/yeager/translations/blob/67e6d27877c9cfd6b6dbc74bd852b10bdbe09c3c/SuiteCRM-Core/sv-acl-810-published-20260919.json,c3d79cc04f48d5a83982b3c13a5bf197dcb035625008d4cec3b1a07c4d7311de,{}
414ebce4d7416500221ae999,Email Address,E-postadress,SuiteCRM-Core,sv-import-810-reviewed-20260919,$mod_strings['LBL_IMPORT_FIELDDEF_EMAIL'],,project-context,9dc013b55a7445455a8887f7,reviewed-receipt,https://github.com/yeager/translations/blob/67e6d27877c9cfd6b6dbc74bd852b10bdbe09c3c/SuiteCRM-Core/sv-import-810-reviewed-20260919.json,9ad9f80f27abc071d9102bbd8cefb9bc43256bdad442051d55760286d830c3b0,{}
4152c44a62d542920dd9a053,Assign Selected Results To:,Tilldela valda resultat till:,SuiteCRM-Core,sv-published-20260918,$mod_strings['LBL_ASSIGN_SELECTED_RESULTS_TO'],,project-context,e90ed944d4233f0db0d1f0db,reviewed-receipt,https://github.com/yeager/translations/blob/67e6d27877c9cfd6b6dbc74bd852b10bdbe09c3c/SuiteCRM-Core/sv-published-20260918.json,e4f7faaa5625d277e7a537f5b555c2fd753d326636e98deb288463e96d6356f7,{}
418f50c5292ebff9b98a8593,Sent Emails,Skickade e-postmeddelanden,SuiteCRM-Core,sv-published-20260918,$mod_strings['LNK_SENT_EMAIL_LIST'],,project-context,b630ef1d1c1e755b9d37c920,reviewed-receipt,https://github.com/yeager/translations/blob/67e6d27877c9cfd6b6dbc74bd852b10bdbe09c3c/SuiteCRM-Core/sv-published-20260918.json,e4f7faaa5625d277e7a537f5b555c2fd753d326636e98deb288463e96d6356f7,{}
41c6ce761fbc866263716544,View Notes,Visa anteckningar,SuiteCRM-Core,sv-import-810-reviewed-20260919,$mod_strings['LBL_SHOW_NOTES'],,project-context,30d537366a0b11ac5abd220b,reviewed-receipt,https://github.com/yeager/translations/blob/67e6d27877c9cfd6b6dbc74bd852b10bdbe09c3c/SuiteCRM-Core/sv-import-810-reviewed-20260919.json,9ad9f80f27abc071d9102bbd8cefb9bc43256bdad442051d55760286d830c3b0,{}
41fcbecea82ff0df979f5085,Project Tasks,Projektuppgifter,SuiteCRM-Core,sv-published-20260918,$mod_strings['LBL_PROJECT_TASK_SUBPANEL_TITLE'],,project-context,91568aea6332c3d9604a9d19,reviewed-receipt,https://github.com/yeager/translations/blob/67e6d27877c9cfd6b6dbc74bd852b10bdbe09c3c/SuiteCRM-Core/sv-published-20260918.json,e4f7faaa5625d277e7a537f5b555c2fd753d326636e98deb288463e96d6356f7,{}
426b65e9d2f8aeec20765b2e,Distribution User,Fördelningsanvändare,SuiteCRM-Core,sv-inbound-email-810-published-20260919,$mod_strings['LBL_DISTRIBUTION_USER_NAME'],,project-context,847dcdf66a5a4a910d33abcb,reviewed-receipt,https://github.com/yeager/translations/blob/67e6d27877c9cfd6b6dbc74bd852b10bdbe09c3c/SuiteCRM-Core/sv-inbound-email-810-published-20260919.json,8ff080143649204a50f3a20eee408535d517ed526e8c4bad972910fef8c046e2,{}
427d16f620fab5eba31430d4,Job,Jobb,SuiteCRM-Core,sv-schedulers-810-published-20260919,$mod_strings['LBL_JOB'],,project-context,fc099e1d58f01dc4be474fc6,reviewed-receipt,https://github.com/yeager/translations/blob/67e6d27877c9cfd6b6dbc74bd852b10bdbe09c3c/SuiteCRM-Core/sv-schedulers-810-published-20260919.json,33eb7afe2f29dd74f08bd921b07d01bf183499e1985dd5f49edf5433b2ce22bb,{}
42b01452cda20dcb73dc2e0b,Authentication Id,Autentiserings-ID,SuiteCRM-Core,sv-published-20260918,$mod_strings['LBL_AUTHENTICATE_ID'],,project-context,f562678a2da6ed929d51380d,reviewed-receipt,https://github.com/yeager/translations/blob/67e6d27877c9cfd6b6dbc74bd852b10bdbe09c3c/SuiteCRM-Core/sv-published-20260918.json,e4f7faaa5625d277e7a537f5b555c2fd753d326636e98deb288463e96d6356f7,{}
42b2a3a60b5dede03595ecc4,Any Email:,Valfri e-postadress:,SuiteCRM-Core,sv-leads-a-810-published-20260919,$mod_strings['LBL_ANY_EMAIL'],,project-context,ef59f8a460442a739baa8e3f,reviewed-receipt,https://github.com/yeager/translations/blob/67e6d27877c9cfd6b6dbc74bd852b10bdbe09c3c/SuiteCRM-Core/sv-leads-a-810-published-20260919.json,60952907a18a1fa8bb5cc88e44ed4c1176c7ffce44a7c94450b6ef6b204e5217,"{""artifact"":""https://crowdin.com/project/suitecrm-core"",""sha256"":""49574c739d8ee3a1e347f9d62d1fda84e38256ce430c764cf1217d250d462491""}"
42c6bb8dd9dbb0b56ab980d6,Show Raw,Visa rådata,SuiteCRM-Core,sv-published-20260918,$mod_strings['LBL_BUTTON_RAW_LABEL'],,project-context,95183c468b3ebf954edf1de6,reviewed-receipt,https://github.com/yeager/translations/blob/67e6d27877c9cfd6b6dbc74bd852b10bdbe09c3c/SuiteCRM-Core/sv-published-20260918.json,e4f7faaa5625d277e7a537f5b555c2fd753d326636e98deb288463e96d6356f7,{}
430493814d41e1cd2a6ff4c7,Outgoing SMTP Mail Servers,Utgående SMTP-e-postservrar,SuiteCRM-Core,sv-published-20260918,$mod_strings['LBL_EMAIL_SETTINGS_OUTBOUND_ACCOUNTS'],,project-context,a47fa377a827b92c2266a771,reviewed-receipt,https://github.com/yeager/translations/blob/67e6d27877c9cfd6b6dbc74bd852b10bdbe09c3c/SuiteCRM-Core/sv-published-20260918.json,e4f7faaa5625d277e7a537f5b555c2fd753d326636e98deb288463e96d6356f7,{}
43433eed2380a56555c8dabb,Subject:,Ämne:,SuiteCRM-Core,sv-published-20260918,$mod_strings['LBL_SUBJECT'],,project-context,ae85f1eff4b658b3cb726828,reviewed-receipt,https://github.com/yeager/translations/blob/67e6d27877c9cfd6b6dbc74bd852b10bdbe09c3c/SuiteCRM-Core/sv-published-20260918.json,e4f7faaa5625d277e7a537f5b555c2fd753d326636e98deb288463e96d6356f7,{}
43a1650d3c1100fec250fcae,Inline Edit,Direktredigering,SuiteCRM-Core,sv-dynamicfields-810-published-20260919,$mod_strings['COLUMN_TITLE_INLINE_EDIT_TEXT'],,project-context,c110622feab5b76b61031e9e,reviewed-receipt,https://github.com/yeager/translations/blob/67e6d27877c9cfd6b6dbc74bd852b10bdbe09c3c/SuiteCRM-Core/sv-dynamicfields-810-published-20260919.json,d82b264795c3f57e63f446503845cb601f29790142b6abaaf61ca77271bb3c3f,{}
43ab4f9df5af84a3e134c9ed,Outbound Email Account,Konto för utgående e-post,SuiteCRM-Core,sv-inbound-email-810-published-20260919,$mod_strings['LBL_OUTBOUND_EMAIL_ACCOUNT'],,project-context,2181203c593d2c2732cb6b23,reviewed-receipt,https://github.com/yeager/translations/blob/67e6d27877c9cfd6b6dbc74bd852b10bdbe09c3c/SuiteCRM-Core/sv-inbound-email-810-published-20260919.json,8ff080143649204a50f3a20eee408535d517ed526e8c4bad972910fef8c046e2,{}
43ace4fa45e100ef56682156,Inbox,Inkorg,SuiteCRM-Core,sv-inbound-email-810-c-published-20260919,$mod_strings['LBL_LIST_TITLE_MY_INBOX'],,project-context,75732f66adfd5ea1a59fded4,reviewed-receipt,https://github.com/yeager/translations/blob/67e6d27877c9cfd6b6dbc74bd852b10bdbe09c3c/SuiteCRM-Core/sv-inbound-email-810-c-published-20260919.json,efc326506d8e54d83cdc6cf68ddf8af5b427dbb93c869334100bc3d2383e119a,{}
43cb4274427cb08abdd23f40,Welcome,Välkommen,SuiteCRM-Core,sv-configurator-ui-810-published-20260919,$mod_strings['LBL_WELCOME'],,project-context,ae309e43176a7aa39b400473,reviewed-receipt,https://github.com/yeager/translations/blob/67e6d27877c9cfd6b6dbc74bd852b10bdbe09c3c/SuiteCRM-Core/sv-configurator-ui-810-published-20260919.json,c2c1f7f6e07523183e318bd1273893e066f03c7dc66af3e9f80e12e615c6d038,{}
43d08a087b4fc429c72610b1,Reports to ID:,ID för rapporteringsansvarig:,SuiteCRM-Core,sv-published-20260918,$mod_strings['LBL_REPORTS_TO_ID'],,project-context,dc0d0a8563fe592134913ce3,reviewed-receipt,https://github.com/yeager/translations/blob/67e6d27877c9cfd6b6dbc74bd852b10bdbe09c3c/SuiteCRM-Core/sv-published-20260918.json,e4f7faaa5625d277e7a537f5b555c2fd753d326636e98deb288463e96d6356f7,{}
43ddfe133365c639b0eb152b,Email Marketing Diagnostics,Diagnostik för e-postmarknadsföring,SuiteCRM-Core,sv-emailmarketing-810-reviewed-20260919,$mod_strings['LBL_SCHEDULER_WIDGET'],,project-context,0317ab3bbb78e06b1e6549ed,reviewed-receipt,https://github.com/yeager/translations/blob/67e6d27877c9cfd6b6dbc74bd852b10bdbe09c3c/SuiteCRM-Core/sv-emailmarketing-810-reviewed-20260919.json,5ec4491f9b64a0da78ac62fa97360cc4e284f94d49fc10bc6c878b997b7ea8af,{}
43df57440325c46c80c10363,Invalid value to sync to Outlook: ,Ogiltigt värde för synkronisering till Outlook: ,SuiteCRM-Core,sv-import-810-reviewed-20260919,$mod_strings['LBL_ERROR_SYNC_USERS'],,project-context,bf727e06c1020cf216c905aa,reviewed-receipt,https://github.com/yeager/translations/blob/67e6d27877c9cfd6b6dbc74bd852b10bdbe09c3c/SuiteCRM-Core/sv-import-810-reviewed-20260919.json,9ad9f80f27abc071d9102bbd8cefb9bc43256bdad442051d55760286d830c3b0,{}
443634b7f89ba7ec20ab6d28,Last Completed,Senast slutförd,SuiteCRM-Core,sv-published-20260918,$mod_strings['LBL_CALENDAR_SYNC_LAST_COMPLETED'],,project-context,5bf7c567c87656745a2587a8,reviewed-receipt,https://github.com/yeager/translations/blob/67e6d27877c9cfd6b6dbc74bd852b10bdbe09c3c/SuiteCRM-Core/sv-published-20260918.json,e4f7faaa5625d277e7a537f5b555c2fd753d326636e98deb288463e96d6356f7,{}
447b74e7c68b344e991659b9,Create Case from Email,Skapa ärende från e-post,SuiteCRM-Core,sv-inbound-email-810-published-20260919,$mod_strings['LBL_CREATE_CASE'],,project-context,951c8e0b1f5b4f3ee52cdd86,reviewed-receipt,https://github.com/yeager/translations/blob/67e6d27877c9cfd6b6dbc74bd852b10bdbe09c3c/SuiteCRM-Core/sv-inbound-email-810-published-20260919.json,8ff080143649204a50f3a20eee408535d517ed526e8c4bad972910fef8c046e2,{}
44921012f0be7b667b9eaa5c,Roles: Home,Roller: startsida,SuiteCRM-Core,sv-acl-810-published-20260919,$mod_strings['LBL_MODULE_TITLE'],,project-context,44a54809909945d642e60f64,reviewed-receipt,https://github.com/yeager/translations/blob/67e6d27877c9cfd6b6dbc74bd852b10bdbe09c3c/SuiteCRM-Core/sv-acl-810-published-20260919.json,c3d79cc04f48d5a83982b3c13a5bf197dcb035625008d4cec3b1a07c4d7311de,{}
449aac1c0da18fe39c62f67b,Schedule,Schema,SuiteCRM-Core,sv-emailmarketing-810-reviewed-20260919,$mod_strings['LBL_SCHEDULE_BUTTON_LABEL'],,project-context,37c57f797d123af3c53389f2,reviewed-receipt,https://github.com/yeager/translations/blob/67e6d27877c9cfd6b6dbc74bd852b10bdbe09c3c/SuiteCRM-Core/sv-emailmarketing-810-reviewed-20260919.json,5ec4491f9b64a0da78ac62fa97360cc4e284f94d49fc10bc6c878b997b7ea8af,{}
44adb700e45b8e6dac86168a,cURL Warning:,cURL-varning:,SuiteCRM-Core,sv-schedulers-810-published-20260919,$mod_strings['LBL_WARN_CURL_TITLE'],,project-context,eca121ada8338a103022f0ab,reviewed-receipt,https://github.com/yeager/translations/blob/67e6d27877c9cfd6b6dbc74bd852b10bdbe09c3c/SuiteCRM-Core/sv-schedulers-810-published-20260919.json,33eb7afe2f29dd74f08bd921b07d01bf183499e1985dd5f49edf5433b2ce22bb,{}
44ae255fe786d9ac2e6c0d87,Email Import Configuration,Konfiguration för e-postimport,SuiteCRM-Core,sv-published-20260918,$mod_strings['LBL_EMAIL_IMPORT_CONFIGURATION'],,project-context,9a70fb0da46f3d782c9cc0f3,reviewed-receipt,https://github.com/yeager/translations/blob/67e6d27877c9cfd6b6dbc74bd852b10bdbe09c3c/SuiteCRM-Core/sv-published-20260918.json,e4f7faaa5625d277e7a537f5b555c2fd753d326636e98deb288463e96d6356f7,{}
44d08964d8c4252bc861752f,Projects Resources,Projektresurser,SuiteCRM-Core,sv-contacts-final-810-published-20260919,$mod_strings['LBL_PROJECTS_RESOURCES'],,project-context,f4ee7e1c50a3e29e74661c0c,reviewed-receipt,https://github.com/yeager/translations/blob/67e6d27877c9cfd6b6dbc74bd852b10bdbe09c3c/SuiteCRM-Core/sv-contacts-final-810-published-20260919.json,d978283a12dfb9b326a3d05a7e751d434c6e3ced5ebb9cf860d351c2ecd7f04d,{}
44e4d1a54f61797a1bf4c3c2,Errors,Fel,SuiteCRM-Core,sv-import-810-reviewed-20260919,$mod_strings['LBL_ERROR_TAB'],,project-context,65a6c585daddd2071d897a86,reviewed-receipt,https://github.com/yeager/translations/blob/67e6d27877c9cfd6b6dbc74bd852b10bdbe09c3c/SuiteCRM-Core/sv-import-810-reviewed-20260919.json,9ad9f80f27abc071d9102bbd8cefb9bc43256bdad442051d55760286d830c3b0,{}
44f031e11ee7c1ff1c6f1566,Error Sending Email,Fel när e-post skulle skickas,SuiteCRM-Core,sv-published-20260918,$mod_strings['LBL_SEND_EMAIL_FAIL_TITLE'],,project-context,28931caa8f2173955a9573ee,reviewed-receipt,https://github.com/yeager/translations/blob/67e6d27877c9cfd6b6dbc74bd852b10bdbe09c3c/SuiteCRM-Core/sv-published-20260918.json,e4f7faaa5625d277e7a537f5b555c2fd753d326636e98deb288463e96d6356f7,{}
44fb24563545ccf2d2b3db54,Schedulers:,Schemaläggare:,SuiteCRM-Core,sv-schedulers-810-a-published-20260919,$mod_strings['LBL_LIST_LIST_ORDER'],,project-context,374bbdb00b9d5205da902b27,reviewed-receipt,https://github.com/yeager/translations/blob/67e6d27877c9cfd6b6dbc74bd852b10bdbe09c3c/SuiteCRM-Core/sv-schedulers-810-a-published-20260919.json,3c6c981f88e16e22e571d729a4bb12cc98db47334bbe03c18d6ed0001b81d8a8,{}
451883d9d941a04be476acd9,Security Groups,Säkerhetsgrupper,SuiteCRM-Core,suitecrm-security-group-labels-810-20260920,$mod_strings['LBL_SECURITYGROUPS'],,project-context,8d165fc13ba994d8e8d27064,reviewed-receipt,https://github.com/yeager/translations/blob/67e6d27877c9cfd6b6dbc74bd852b10bdbe09c3c/SuiteCRM-Core/suitecrm-security-group-labels-810-20260920.json,1f236841035bcee19d44ee27d73a9e4e2c28972773639d8b192a68f74cc547c2,"{""artifact"":""https://crowdin.com/project/suitecrm-core"",""sha256"":""203e1ff8be1101efbd05b04ea1ac17692d2072316a75c1661722525003578025""}"
4531ae2f7a265e2ea14703e1,Port Number:,Portnummer:,SuiteCRM-Core,sv-configurator-security-810-published-20260919,$mod_strings['LBL_LDAP_SERVER_PORT'],,project-context,cadfca1a4abca251a307494f,reviewed-receipt,https://github.com/yeager/translations/blob/67e6d27877c9cfd6b6dbc74bd852b10bdbe09c3c/SuiteCRM-Core/sv-configurator-security-810-published-20260919.json,b9cffb7627e0e033ecf619b158ee05a9837fda3137dd33e9dd9cc36d32c5600c,{}
4534b5432dabf135c181ed36,Any Text,Valfri text,SuiteCRM-Core,sv-import-a-810-published-20260919,$mod_strings['LBL_IMPORT_FIELDDEF_VARCHAR'],,project-context,cfa9b81f4398f52e2a6ef337,reviewed-receipt,https://github.com/yeager/translations/blob/67e6d27877c9cfd6b6dbc74bd852b10bdbe09c3c/SuiteCRM-Core/sv-import-a-810-published-20260919.json,d30b91d43a7d7312345f4e9c032488a7f4fa9f3ca1774983d75ab8967114711b,{}
453acce56aa75d4d13200283,Execute Time,Körtid,SuiteCRM-Core,sv-schedulers-810-published-20260919,$mod_strings['LBL_EXECUTE_TIME'],,project-context,7b4f9e0b1eecdc2ee0e1cd15,reviewed-receipt,https://github.com/yeager/translations/blob/67e6d27877c9cfd6b6dbc74bd852b10bdbe09c3c/SuiteCRM-Core/sv-schedulers-810-published-20260919.json,33eb7afe2f29dd74f08bd921b07d01bf183499e1985dd5f49edf5433b2ce22bb,{}
4575052a8b3569802697e0e2,Interval:,Intervall:,SuiteCRM-Core,sv-schedulers-810-published-20260919,$mod_strings['LBL_LIST_JOB_INTERVAL'],,project-context,d63fbbe9e2387d2f358a1c4a,reviewed-receipt,https://github.com/yeager/translations/blob/67e6d27877c9cfd6b6dbc74bd852b10bdbe09c3c/SuiteCRM-Core/sv-schedulers-810-published-20260919.json,33eb7afe2f29dd74f08bd921b07d01bf183499e1985dd5f49edf5433b2ce22bb,{}
457bedd1ffb68cbae882539e,Any Phone:,Valfritt telefonnummer:,SuiteCRM-Core,sv-accounts-a-810-published-20260919,$mod_strings['LBL_ANY_PHONE'],,project-context,0cc98617ac2766d30e3ef96b,reviewed-receipt,https://github.com/yeager/translations/blob/67e6d27877c9cfd6b6dbc74bd852b10bdbe09c3c/SuiteCRM-Core/sv-accounts-a-810-published-20260919.json,ea12294a7550adccf7f3bd2ee5ba9c0f994224671cce0ee6ffbeaf4e4d1eedb2,{}
457ee7756071b38e5793fc47,Any Address:,Valfri adress:,SuiteCRM-Core,sv-leads-a-810-published-20260919,$mod_strings['LBL_ANY_ADDRESS'],,project-context,4c42e2920b8acd141b3063dc,reviewed-receipt,https://github.com/yeager/translations/blob/67e6d27877c9cfd6b6dbc74bd852b10bdbe09c3c/SuiteCRM-Core/sv-leads-a-810-published-20260919.json,60952907a18a1fa8bb5cc88e44ed4c1176c7ffce44a7c94450b6ef6b204e5217,"{""artifact"":""https://crowdin.com/project/suitecrm-core"",""sha256"":""ee190706a5e4d7f8ead2f321bd3ec6368df90dd88c6bf818b7a04abb022e56d9""}"
458d15e0e66fe5a384d56f05,Send,Skicka,SuiteCRM-Core,sv-emailmarketing-security-810-published-20260919,$mod_strings['LBL_SCHEDULE_BUTTON_TITLE'],,project-context,80a62782094d98a15e54f4dd,reviewed-receipt,https://github.com/yeager/translations/blob/67e6d27877c9cfd6b6dbc74bd852b10bdbe09c3c/SuiteCRM-Core/sv-emailmarketing-security-810-published-20260919.json,3204b94182121e6c1d8e5d51e878c17a5e85cc78187db29beb922e12fae48b78,{}
460396adbc5849dea4c4b0c8,Allow Preview,Tillåt förhandsvisning,SuiteCRM-Core,sv-dynamicfields-810-published-20260919,$mod_strings['LBL_ALLOW_PREVIEW'],,project-context,1b5319047de8d8d51f1f9c07,reviewed-receipt,https://github.com/yeager/translations/blob/67e6d27877c9cfd6b6dbc74bd852b10bdbe09c3c/SuiteCRM-Core/sv-dynamicfields-810-published-20260919.json,d82b264795c3f57e63f446503845cb601f29790142b6abaaf61ca77271bb3c3f,{}
4626c3b8f9a0d9ab7d4f9c13,Alt Address Postalcode,Alternativt postnummer,SuiteCRM-Core,sv-leads-a-810-published-20260919,$mod_strings['LBL_ALT_ADDRESS_POSTALCODE'],,project-context,a3598d49bef8715bed24914c,reviewed-receipt,https://github.com/yeager/translations/blob/67e6d27877c9cfd6b6dbc74bd852b10bdbe09c3c/SuiteCRM-Core/sv-leads-a-810-published-20260919.json,60952907a18a1fa8bb5cc88e44ed4c1176c7ffce44a7c94450b6ef6b204e5217,"{""artifact"":""https://crowdin.com/project/suitecrm-core"",""sha256"":""fe793bdaac6bc29f34498f285dfe211f4d64e05da309a9f30145a7aac9df7dfb""}"
4653d90b0b424b9bcb6ac5dc,Campaigns,Kampanjer,SuiteCRM-Core,sv-emailmarketing-a-810-published-20260919,$mod_strings['LNK_CAMPAIGN_LIST'],,project-context,01439b16e104df2a333e8b39,reviewed-receipt,https://github.com/yeager/translations/blob/67e6d27877c9cfd6b6dbc74bd852b10bdbe09c3c/SuiteCRM-Core/sv-emailmarketing-a-810-published-20260919.json,84957449ddc9118eddc2b572b035053c0b63aa8200c37a30f6619f66e15777e4,{}
46961909a85a097e72ec7004,Calendar Accounts Sync,Synkronisering av kalenderkonton,SuiteCRM-Core,sv-schedulers-810-a-published-20260919,$mod_strings['LBL_OOTB_CAL_ACC_SYNC'],,project-context,76aad622878d5417ec6b0d7a,reviewed-receipt,https://github.com/yeager/translations/blob/67e6d27877c9cfd6b6dbc74bd852b10bdbe09c3c/SuiteCRM-Core/sv-schedulers-810-a-published-20260919.json,3c6c981f88e16e22e571d729a4bb12cc98db47334bbe03c18d6ed0001b81d8a8,{}
46a6c6e663382b2094027616,My Drafts,Mina utkast,SuiteCRM-Core,sv-published-20260918,$mod_strings['LNK_MY_DRAFTS'],,project-context,c6abbfa3ea9de7bbe0327561,reviewed-receipt,https://github.com/yeager/translations/blob/67e6d27877c9cfd6b6dbc74bd852b10bdbe09c3c/SuiteCRM-Core/sv-published-20260918.json,e4f7faaa5625d277e7a537f5b555c2fd753d326636e98deb288463e96d6356f7,{}
46e531f285ee6b1e612ab1f7,Opportunity Role ID:,Affärsrolls-ID:,SuiteCRM-Core,sv-contacts-b-810-published-20260919,$mod_strings['LBL_OPPORTUNITY_ROLE_ID'],,project-context,4f93840aab2982f12f305c80,reviewed-receipt,https://github.com/yeager/translations/blob/67e6d27877c9cfd6b6dbc74bd852b10bdbe09c3c/SuiteCRM-Core/sv-contacts-b-810-published-20260919.json,d90efd721e18c4336904231d21d618d5245ef5fdaa19153e482b76ac0409f394,{}
473a3d0f3a0119c69c350bea,Style,Stil,SuiteCRM-Core,sv-published-20260918,$mod_strings['LBL_SUBTHEMES'],,project-context,2eff62a6ec32fd208ed3d40f,reviewed-receipt,https://github.com/yeager/translations/blob/67e6d27877c9cfd6b6dbc74bd852b10bdbe09c3c/SuiteCRM-Core/sv-published-20260918.json,e4f7faaa5625d277e7a537f5b555c2fd753d326636e98deb288463e96d6356f7,{}
476d4d9b89be2345f49dd564,Missing required field(s),Obligatoriska fält saknas,SuiteCRM-Core,sv-emailmarketing-810-reviewed-20260919,$mod_strings['LBL_ERROR_ON_MARKETING'],,project-context,19b4593fd7cc55c4bed9ec43,reviewed-receipt,https://github.com/yeager/translations/blob/67e6d27877c9cfd6b6dbc74bd852b10bdbe09c3c/SuiteCRM-Core/sv-emailmarketing-810-reviewed-20260919.json,5ec4491f9b64a0da78ac62fa97360cc4e284f94d49fc10bc6c878b997b7ea8af,{}
477318639f1100ace37e9ce3,New Group Account,Nytt gruppkonto,SuiteCRM-Core,sv-inbound-email-810-published-20260919,$mod_strings['LNK_LIST_CREATE_NEW_GROUP'],,project-context,711379ca5c88f70c078acc6f,reviewed-receipt,https://github.com/yeager/translations/blob/67e6d27877c9cfd6b6dbc74bd852b10bdbe09c3c/SuiteCRM-Core/sv-inbound-email-810-published-20260919.json,8ff080143649204a50f3a20eee408535d517ed526e8c4bad972910fef8c046e2,{}
47aafe41e7ab00c39ae7bd75,Text Body,Textbrödtext,SuiteCRM-Core,sv-published-20260918,$mod_strings['LBL_TEXT_BODY'],,project-context,79bb45c63924e8aae7eb3969,reviewed-receipt,https://github.com/yeager/translations/blob/67e6d27877c9cfd6b6dbc74bd852b10bdbe09c3c/SuiteCRM-Core/sv-published-20260918.json,e4f7faaa5625d277e7a537f5b555c2fd753d326636e98deb288463e96d6356f7,{}
47eb20038e784ff2cece8cb8,Perform Elasticsearch Index,Kör Elasticsearch-indexering,SuiteCRM-Core,sv-schedulers-810-a-published-20260919,$mod_strings['LBL_OOTB_ELASTIC_INDEX'],,project-context,a3bc7bc528daed674f59da3c,reviewed-receipt,https://github.com/yeager/translations/blob/67e6d27877c9cfd6b6dbc74bd852b10bdbe09c3c/SuiteCRM-Core/sv-schedulers-810-a-published-20260919.json,3c6c981f88e16e22e571d729a4bb12cc98db47334bbe03c18d6ed0001b81d8a8,{}
47ee07b3d05f5bd57cb1ff00,Add Field,Lägg till fält,SuiteCRM-Core,sv-import-810-reviewed-20260919,$mod_strings['LBL_ADD_ROW'],,project-context,7bae8171ef98aa85775e24d5,reviewed-receipt,https://github.com/yeager/translations/blob/67e6d27877c9cfd6b6dbc74bd852b10bdbe09c3c/SuiteCRM-Core/sv-import-810-reviewed-20260919.json,9ad9f80f27abc071d9102bbd8cefb9bc43256bdad442051d55760286d830c3b0,{}
47eed7028193ffb6e082e6e7,Email invitees,Skicka e-post till inbjudna,SuiteCRM-Core,sv-published-20260918,$mod_strings['LBL_REMINDERS_EMAIL'],,project-context,2bceb9e71c417beb16f9d91d,reviewed-receipt,https://github.com/yeager/translations/blob/67e6d27877c9cfd6b6dbc74bd852b10bdbe09c3c/SuiteCRM-Core/sv-published-20260918.json,e4f7faaa5625d277e7a537f5b555c2fd753d326636e98deb288463e96d6356f7,{}
47f1c2e26c7acd4dde532528,Mail Server Port,E-postserverport,SuiteCRM-Core,sv-inbound-email-810-published-20260919,$mod_strings['LBL_SERVER_PORT'],,project-context,c58ae26976359b1db2a64cca,reviewed-receipt,https://github.com/yeager/translations/blob/67e6d27877c9cfd6b6dbc74bd852b10bdbe09c3c/SuiteCRM-Core/sv-inbound-email-810-published-20260919.json,8ff080143649204a50f3a20eee408535d517ed526e8c4bad972910fef8c046e2,{}
484c920185dfc2654879c2d9,Retry on failure,Försök igen vid fel,SuiteCRM-Core,sv-schedulerjobs-810-published-20260919,$mod_strings['LBL_REQUEUE'],,project-context,7d002830d5dd97cb750b1d68,reviewed-receipt,https://github.com/yeager/translations/blob/67e6d27877c9cfd6b6dbc74bd852b10bdbe09c3c/SuiteCRM-Core/sv-schedulerjobs-810-published-20260919.json,39ece1dd6abbe7117cd3f0433632a40e1beb4e595e8ab66ce266caf7d0c35321,{}
485311c1b80d664f3b0ab665,Interval,Intervall,SuiteCRM-Core,sv-schedulers-810-published-20260919,$mod_strings['LBL_INTERVAL'],,project-context,f0067820e4bba7a6bcdf3322,reviewed-receipt,https://github.com/yeager/translations/blob/67e6d27877c9cfd6b6dbc74bd852b10bdbe09c3c/SuiteCRM-Core/sv-schedulers-810-published-20260919.json,33eb7afe2f29dd74f08bd921b07d01bf183499e1985dd5f49edf5433b2ce22bb,{}
486c4cd53f09f973c907bc1a,Please update your settings here,Uppdatera dina inställningar här,SuiteCRM-Core,sv-upgradewizard-810-published-20260919,$mod_strings['LBL_PASSWORD_EXPIRATON_REDIRECT'],,project-context,6e78a881baabfdfd8ffda869,reviewed-receipt,https://github.com/yeager/translations/blob/67e6d27877c9cfd6b6dbc74bd852b10bdbe09c3c/SuiteCRM-Core/sv-upgradewizard-810-published-20260919.json,4c5e554ea18d559c3ec8998eb3613f5413dea4c4c95bb851b4a0695c85b6ef99,{}
48a9fe23a8d0dc28b6898277,View History,Visa historik,SuiteCRM-Core,sv-address-cache-followup-810-20260919,$mod_strings['LBL_HISTORY_SUBPANEL_TITLE'],,project-context,fe67f9e82bb262bdef030fde,reviewed-receipt,https://github.com/yeager/translations/blob/67e6d27877c9cfd6b6dbc74bd852b10bdbe09c3c/SuiteCRM-Core/sv-address-cache-followup-810-20260919.json,c7e99432ec0b3f570a7b414e45f71b3660b21aa2c1e499d010ab737c90e56bef,"{""artifact"":""https://crowdin.com/project/suitecrm-core"",""sha256"":""9bb75a8a74152598603b4629573f5693f79b3cae0ddcae92396a763e30e8f0ce""}"
48cb963dcf196d198827847b,Seed Queues From Teams,Skapa köer från team,SuiteCRM-Core,sv-inbound-email-810-c-published-20260919,$mod_strings['LNK_SEED_QUEUES'],,project-context,474d8c1a11251ed55ec53808,reviewed-receipt,https://github.com/yeager/translations/blob/67e6d27877c9cfd6b6dbc74bd852b10bdbe09c3c/SuiteCRM-Core/sv-inbound-email-810-c-published-20260919.json,efc326506d8e54d83cdc6cf68ddf8af5b427dbb93c869334100bc3d2383e119a,{}
48e1b0c848f9c93662a151d4,Email Marketing,E-postmarknadsföring,SuiteCRM-Core,sv-emailmarketing-810-reviewed-20260919,$mod_strings['LBL_DEFAULT_SUBPANEL_TITLE'],,project-context,f7599cafbf8b55ed0f4c8e28,reviewed-receipt,https://github.com/yeager/translations/blob/67e6d27877c9cfd6b6dbc74bd852b10bdbe09c3c/SuiteCRM-Core/sv-emailmarketing-810-reviewed-20260919.json,5ec4491f9b64a0da78ac62fa97360cc4e284f94d49fc10bc6c878b997b7ea8af,{}
490603fb11b70e8425d15039,Active From,Aktiv från,SuiteCRM-Core,sv-schedulers-810-b-published-20260919,$mod_strings['LBL_TIME_FROM'],,project-context,09cf37211105ef5386e32ad3,reviewed-receipt,https://github.com/yeager/translations/blob/67e6d27877c9cfd6b6dbc74bd852b10bdbe09c3c/SuiteCRM-Core/sv-schedulers-810-b-published-20260919.json,548c9bc56c99a3a7538a1074815c96920bc4435741e6d93f91e406bcee6a6c47,{}
490940c54a811ba945995bb5,hrs,tim,SuiteCRM-Core,sv-schedulers-810-b-published-20260919,$mod_strings['LBL_HOURS'],,project-context,466055677846a631c0c3ab9a,reviewed-receipt,https://github.com/yeager/translations/blob/67e6d27877c9cfd6b6dbc74bd852b10bdbe09c3c/SuiteCRM-Core/sv-schedulers-810-b-published-20260919.json,548c9bc56c99a3a7538a1074815c96920bc4435741e6d93f91e406bcee6a6c47,{}
498cfdf28ce10bf09d7436da,Password,Lösenord,SuiteCRM-Core,sv-outbound-email-810-published-20260919,$mod_strings['LBL_PASSWORD'],,project-context,79b0b8c1d08ef0cd9a44e789,reviewed-receipt,https://github.com/yeager/translations/blob/67e6d27877c9cfd6b6dbc74bd852b10bdbe09c3c/SuiteCRM-Core/sv-outbound-email-810-published-20260919.json,971cdcc19e79f693c13cb15c9aee0f659a84a6c378a69f16b9dae9f6b2d70244,{}
4995bc2f8e2e14ea9cdfc058,Value,Värde,SuiteCRM-Core,sv-import-a-810-published-20260919,$mod_strings['LBL_VALUE'],,project-context,8565fe478ecb15662af227aa,reviewed-receipt,https://github.com/yeager/translations/blob/67e6d27877c9cfd6b6dbc74bd852b10bdbe09c3c/SuiteCRM-Core/sv-import-a-810-published-20260919.json,d30b91d43a7d7312345f4e9c032488a7f4fa9f3ca1774983d75ab8967114711b,{}
49af64af0108e3a6236a193e,Import Now,Importera nu,SuiteCRM-Core,sv-import-810-reviewed-20260919,$mod_strings['LBL_IMPORT_NOW'],,project-context,da6ac1b7de5c652c2f8e4a1a,reviewed-receipt,https://github.com/yeager/translations/blob/67e6d27877c9cfd6b6dbc74bd852b10bdbe09c3c/SuiteCRM-Core/sv-import-810-reviewed-20260919.json,9ad9f80f27abc071d9102bbd8cefb9bc43256bdad442051d55760286d830c3b0,{}
49bf41a5efa0742a62256b94,Log Call,Logga samtal,SuiteCRM-Core,sv-dynamicfields-810-published-20260919,$mod_strings['LNK_NEW_CALL'],,project-context,170be374c1be228ed241c08e,reviewed-receipt,https://github.com/yeager/translations/blob/67e6d27877c9cfd6b6dbc74bd852b10bdbe09c3c/SuiteCRM-Core/sv-dynamicfields-810-published-20260919.json,d82b264795c3f57e63f446503845cb601f29790142b6abaaf61ca77271bb3c3f,{}
49db8f98cca4f66f7d03c353,Wednesday,Onsdag,SuiteCRM-Core,sv-schedulers-810-published-20260919,$mod_strings['LBL_WED'],,project-context,ca5eef4127eb8155eaba489b,reviewed-receipt,https://github.com/yeager/translations/blob/67e6d27877c9cfd6b6dbc74bd852b10bdbe09c3c/SuiteCRM-Core/sv-schedulers-810-published-20260919.json,33eb7afe2f29dd74f08bd921b07d01bf183499e1985dd5f49edf5433b2ce22bb,{}
49dc607aaaea2f4f666a47bc,Test Connection Settings,Testa anslutningsinställningar,SuiteCRM-Core,sv-inbound-email-810-published-20260919,$mod_strings['LBL_TEST_CONNECTION_SETTINGS'],,project-context,19e0e3492767ef90ffea9dc3,reviewed-receipt,https://github.com/yeager/translations/blob/67e6d27877c9cfd6b6dbc74bd852b10bdbe09c3c/SuiteCRM-Core/sv-inbound-email-810-published-20260919.json,8ff080143649204a50f3a20eee408535d517ed526e8c4bad972910fef8c046e2,{}
49f90964abd4e8d3e6d062b0,group,grupp,SuiteCRM-Core,sv-inbound-email-810-published-20260919,$mod_strings['LBL_IS_GROUP'],,project-context,71ced543edd1e589f843c6ac,reviewed-receipt,https://github.com/yeager/translations/blob/67e6d27877c9cfd6b6dbc74bd852b10bdbe09c3c/SuiteCRM-Core/sv-inbound-email-810-published-20260919.json,8ff080143649204a50f3a20eee408535d517ed526e8c4bad972910fef8c046e2,{}
49f92a9af736dd952c291b93,Default,Standard,SuiteCRM-Core,sv-outbound-email-810-published-20260919,$mod_strings['LBL_IS_DEFAULT'],,project-context,a574d33b5f12c88fced2a677,reviewed-receipt,https://github.com/yeager/translations/blob/67e6d27877c9cfd6b6dbc74bd852b10bdbe09c3c/SuiteCRM-Core/sv-outbound-email-810-published-20260919.json,971cdcc19e79f693c13cb15c9aee0f659a84a6c378a69f16b9dae9f6b2d70244,{}
49ff7e4711221169931b25ff,Case Email Template,E-postmall för ärende,SuiteCRM-Core,sv-inbound-email-810-published-20260919,$mod_strings['LBL_CASE_EMAIL_TEMPLATE_NAME'],,project-context,1982bdc1b1521f6493503012,reviewed-receipt,https://github.com/yeager/translations/blob/67e6d27877c9cfd6b6dbc74bd852b10bdbe09c3c/SuiteCRM-Core/sv-inbound-email-810-published-20260919.json,8ff080143649204a50f3a20eee408535d517ed526e8c4bad972910fef8c046e2,{}
4a02ef9a5aeb77c3489921f6,Prune Database on 1st of Month,Rensa databasen den första varje månad,SuiteCRM-Core,sv-schedulers-810-published-20260919,$mod_strings['LBL_PRUNEDATABASE'],,project-context,8561389c3ec17cd4f24a927d,reviewed-receipt,https://github.com/yeager/translations/blob/67e6d27877c9cfd6b6dbc74bd852b10bdbe09c3c/SuiteCRM-Core/sv-schedulers-810-published-20260919.json,33eb7afe2f29dd74f08bd921b07d01bf183499e1985dd5f49edf5433b2ce22bb,{}
4a054a48cbc50c93f4f98f5b,Connection completed successfully.,Anslutningen upprättades.,SuiteCRM-Core,sv-published-20260918,$mod_strings['LBL_TEST_SUCCESSFUL'],,project-context,de21fa9d1efa42915171db4d,reviewed-receipt,https://github.com/yeager/translations/blob/67e6d27877c9cfd6b6dbc74bd852b10bdbe09c3c/SuiteCRM-Core/sv-published-20260918.json,e4f7faaa5625d277e7a537f5b555c2fd753d326636e98deb288463e96d6356f7,{}
4a5e72efa25a7c725ff6c3af,Password,Lösenord,SuiteCRM-Core,sv-inbound-email-810-published-20260919,$mod_strings['LBL_EMAIL_PASSWORD'],,project-context,342f94704a7bb659b1c1455b,reviewed-receipt,https://github.com/yeager/translations/blob/67e6d27877c9cfd6b6dbc74bd852b10bdbe09c3c/SuiteCRM-Core/sv-inbound-email-810-published-20260919.json,8ff080143649204a50f3a20eee408535d517ed526e8c4bad972910fef8c046e2,{}
4ad772dff19413cc31f53382,Group Name:,Gruppnamn:,SuiteCRM-Core,sv-configurator-security-810-published-20260919,$mod_strings['LBL_LDAP_GROUP_NAME'],,project-context,a9ab455f385ac5000f04af66,reviewed-receipt,https://github.com/yeager/translations/blob/67e6d27877c9cfd6b6dbc74bd852b10bdbe09c3c/SuiteCRM-Core/sv-configurator-security-810-published-20260919.json,b9cffb7627e0e033ecf619b158ee05a9837fda3137dd33e9dd9cc36d32c5600c,{}
4afc15bece0d7ef8949f93d6,Case Email Template id,ID för e-postmall för ärende,SuiteCRM-Core,sv-inbound-email-810-published-20260919,$mod_strings['LBL_CASE_EMAIL_TEMPLATE_ID'],,project-context,8b8681920284817331f21137,reviewed-receipt,https://github.com/yeager/translations/blob/67e6d27877c9cfd6b6dbc74bd852b10bdbe09c3c/SuiteCRM-Core/sv-inbound-email-810-published-20260919.json,8ff080143649204a50f3a20eee408535d517ed526e8c4bad972910fef8c046e2,{}
4afc681cd2ae7df90c4982ec,Login or Password Incorrect,Inloggning eller lösenord är felaktigt,SuiteCRM-Core,sv-inbound-email-810-published-20260919,$mod_strings['ERR_BAD_LOGIN_PASSWORD'],,project-context,0fae942c6b9818a96ff4d6f1,reviewed-receipt,https://github.com/yeager/translations/blob/67e6d27877c9cfd6b6dbc74bd852b10bdbe09c3c/SuiteCRM-Core/sv-inbound-email-810-published-20260919.json,8ff080143649204a50f3a20eee408535d517ed526e8c4bad972910fef8c046e2,{}
4b39e6544df5ed8ce6f70da5,Account Description,Företagsbeskrivning,SuiteCRM-Core,sv-leads-a-810-published-20260919,$mod_strings['LBL_ACCOUNT_DESCRIPTION'],,project-context,ac8cb80677779bcc886e6dae,reviewed-receipt,https://github.com/yeager/translations/blob/67e6d27877c9cfd6b6dbc74bd852b10bdbe09c3c/SuiteCRM-Core/sv-leads-a-810-published-20260919.json,60952907a18a1fa8bb5cc88e44ed4c1176c7ffce44a7c94450b6ef6b204e5217,"{""artifact"":""https://crowdin.com/project/suitecrm-core"",""sha256"":""bc7f50b824afe5b18b3f55172de7a795ba68a467c27a0bf91c2f225acfdf2475""}"
4b4c75d08438163bff917186,RE:,SV:,SuiteCRM-Core,sv-inbound-email-810-published-20260919,$mod_strings['LBL_RE'],,project-context,cd8b1a778f37c4c7e84d452b,reviewed-receipt,https://github.com/yeager/translations/blob/67e6d27877c9cfd6b6dbc74bd852b10bdbe09c3c/SuiteCRM-Core/sv-inbound-email-810-published-20260919.json,8ff080143649204a50f3a20eee408535d517ed526e8c4bad972910fef8c046e2,{}
4b98051d9baed2f083a65263,Body,Brödtext,SuiteCRM-Core,sv-emailmarketing-security-810-published-20260919,$mod_strings['LBL_BODY'],,project-context,971f9b8a80e96c6e482bb37a,reviewed-receipt,https://github.com/yeager/translations/blob/67e6d27877c9cfd6b6dbc74bd852b10bdbe09c3c/SuiteCRM-Core/sv-emailmarketing-security-810-published-20260919.json,3204b94182121e6c1d8e5d51e878c17a5e85cc78187db29beb922e12fae48b78,{}
4bd60fb4f93913ca32f2e021,Restore,Återställ,SuiteCRM-Core,suitecrm-studio-email-810-20260920,$mod_strings['LBL_MB_RESTORE'],,project-context,80b40901a2a7b6f04bc896ee,reviewed-receipt,https://github.com/yeager/translations/blob/67e6d27877c9cfd6b6dbc74bd852b10bdbe09c3c/SuiteCRM-Core/suitecrm-studio-email-810-20260920.json,4ba3d4df00cc4b121cee06701e11d21dd91089b50b1451f7f0beeb6c480cb869,"{""artifact"":""https://crowdin.com/project/suitecrm-core"",""sha256"":""780aa5f170eb0cce8fe28b0d675d37bcdb7c4b0b69ef5f23a647dbec77ffc3b2""}"
4c027ca8cc3404415ca917b1,Create Note or Attachment,Skapa anteckning eller bilaga,SuiteCRM-Core,sv-dynamicfields-810-published-20260919,$mod_strings['LNK_NEW_NOTE'],,project-context,8518529ab2b2d3d8fff7edfe,reviewed-receipt,https://github.com/yeager/translations/blob/67e6d27877c9cfd6b6dbc74bd852b10bdbe09c3c/SuiteCRM-Core/sv-dynamicfields-810-published-20260919.json,d82b264795c3f57e63f446503845cb601f29790142b6abaaf61ca77271bb3c3f,{}
4c22060a31764dd7d4a6eaf2,New Group Account,Nytt gruppkonto,SuiteCRM-Core,sv-inbound-email-810-c-published-20260919,$mod_strings['LNK_LIST_CREATE_NEW_GROUP'],,project-context,1e1b8836796e773dc16eadc1,reviewed-receipt,https://github.com/yeager/translations/blob/67e6d27877c9cfd6b6dbc74bd852b10bdbe09c3c/SuiteCRM-Core/sv-inbound-email-810-c-published-20260919.json,efc326506d8e54d83cdc6cf68ddf8af5b427dbb93c869334100bc3d2383e119a,{}
4c529de005357860394b7b1c,Phone Fax:,Faxnummer:,SuiteCRM-Core,sv-accounts-final-810-published-20260919,$mod_strings['LBL_PHONE_FAX'],,project-context,a59842e9f07c95e87e3e9bcd,reviewed-receipt,https://github.com/yeager/translations/blob/67e6d27877c9cfd6b6dbc74bd852b10bdbe09c3c/SuiteCRM-Core/sv-accounts-final-810-published-20260919.json,f99b6b196fed5b4409a55d1296241bb29b890401afe16c0f8654ddadb9c6a43b,{}
4cd120ecf3664a92016b7b08,Roles,Roller,SuiteCRM-Core,sv-acl-810-published-20260919,$mod_strings['LBL_MODULE_NAME'],,project-context,b584b4a014b99164c0c41dee,reviewed-receipt,https://github.com/yeager/translations/blob/67e6d27877c9cfd6b6dbc74bd852b10bdbe09c3c/SuiteCRM-Core/sv-acl-810-published-20260919.json,c3d79cc04f48d5a83982b3c13a5bf197dcb035625008d4cec3b1a07c4d7311de,{}
4cf83c589bc814e196c7ce4a,Email subject:,E-postämne:,SuiteCRM-Core,sv-configurator-ui-810-published-20260919,$mod_strings['LBL_NOTIFY_SUBJECT'],,project-context,065ff11380ed7f686b6d9fb8,reviewed-receipt,https://github.com/yeager/translations/blob/67e6d27877c9cfd6b6dbc74bd852b10bdbe09c3c/SuiteCRM-Core/sv-configurator-ui-810-published-20260919.json,c2c1f7f6e07523183e318bd1273893e066f03c7dc66af3e9f80e12e615c6d038,{}
4d2812f367923066a7f9126a,"""Reply-to"" name",Namn i fältet ”Svara till”,SuiteCRM-Core,sv-outbound-email-810-published-20260919,$mod_strings['LBL_REPLY_TO_NAME'],,project-context,4100e0dea5adf7612a27f634,reviewed-receipt,https://github.com/yeager/translations/blob/67e6d27877c9cfd6b6dbc74bd852b10bdbe09c3c/SuiteCRM-Core/sv-outbound-email-810-published-20260919.json,971cdcc19e79f693c13cb15c9aee0f659a84a6c378a69f16b9dae9f6b2d70244,{}
4d4f64900163faff162a59d0,Mobile:,Mobil:,SuiteCRM-Core,sv-contacts-b-810-published-20260919,$mod_strings['LBL_MOBILE_PHONE'],,project-context,14127aa6276288cce9c93e81,reviewed-receipt,https://github.com/yeager/translations/blob/67e6d27877c9cfd6b6dbc74bd852b10bdbe09c3c/SuiteCRM-Core/sv-contacts-b-810-published-20260919.json,d90efd721e18c4336904231d21d618d5245ef5fdaa19153e482b76ac0409f394,{}
4dba72b4879b8d71df427f90,SMTP Port:,SMTP-port:,SuiteCRM-Core,sv-published-20260918,$mod_strings['LBL_MAIL_SMTPPORT'],,project-context,f780da6d95fe33576e5862f1,reviewed-receipt,https://github.com/yeager/translations/blob/67e6d27877c9cfd6b6dbc74bd852b10bdbe09c3c/SuiteCRM-Core/sv-published-20260918.json,e4f7faaa5625d277e7a537f5b555c2fd753d326636e98deb288463e96d6356f7,{}
4ddba87e4a656c6afecad0f9,Attachment,Bilaga,SuiteCRM-Core,sv-published-20260918,$mod_strings['LBL_ATTACHMENT'],,project-context,471699d31fecd88591ad3e7b,reviewed-receipt,https://github.com/yeager/translations/blob/67e6d27877c9cfd6b6dbc74bd852b10bdbe09c3c/SuiteCRM-Core/sv-published-20260918.json,e4f7faaa5625d277e7a537f5b555c2fd753d326636e98deb288463e96d6356f7,{}
4e59a3fe8bffb883e225d911,Themes,Teman,SuiteCRM-Core,sv-upgradewizard-810-published-20260919,$mod_strings['LBL_THEMES'],,project-context,2f33ff7abd1c7708b8048467,reviewed-receipt,https://github.com/yeager/translations/blob/67e6d27877c9cfd6b6dbc74bd852b10bdbe09c3c/SuiteCRM-Core/sv-upgradewizard-810-published-20260919.json,4c5e554ea18d559c3ec8998eb3613f5413dea4c4c95bb851b4a0695c85b6ef99,{}
4e62415506f4058a56b35d67,Name:,Namn:,SuiteCRM-Core,sv-configurator-ui-810-published-20260919,$mod_strings['SYSTEM_NAME_WIZARD'],,project-context,a91f3d0f1688de0a4fcc7e24,reviewed-receipt,https://github.com/yeager/translations/blob/67e6d27877c9cfd6b6dbc74bd852b10bdbe09c3c/SuiteCRM-Core/sv-configurator-ui-810-published-20260919.json,c2c1f7f6e07523183e318bd1273893e066f03c7dc66af3e9f80e12e615c6d038,{}
4e71d91b2a0e365d506f484c,Alternate Address Street 3:,Alternativ adressrad 3:,SuiteCRM-Core,sv-contacts-a-810-published-20260919,$mod_strings['LBL_ALT_ADDRESS_STREET_3'],,project-context,429f7f94a8fe6636de4ea89b,reviewed-receipt,https://github.com/yeager/translations/blob/67e6d27877c9cfd6b6dbc74bd852b10bdbe09c3c/SuiteCRM-Core/sv-contacts-a-810-published-20260919.json,10584b485e200c6f1c96340054304bbf1333d0f5bdb89bae8947c2df5c4c0947,{}
4e9dee51bf1049cbc094f903,Group - Auto-Import,Grupp – importera automatiskt,SuiteCRM-Core,sv-published-20260918,$mod_strings['LBL_MAILBOX_TYPE_GROUP_FOLDER'],,project-context,4dbae403e5dda60193604cf3,reviewed-receipt,https://github.com/yeager/translations/blob/67e6d27877c9cfd6b6dbc74bd852b10bdbe09c3c/SuiteCRM-Core/sv-published-20260918.json,e4f7faaa5625d277e7a537f5b555c2fd753d326636e98deb288463e96d6356f7,{}
4ea5373432d822992f3e4ec1,Finished,Avsluta,SuiteCRM-Core,sv-import-810-reviewed-20260919,$mod_strings['LBL_FINISHED'],,project-context,5b59551e76a5e8846ef5235d,reviewed-receipt,https://github.com/yeager/translations/blob/67e6d27877c9cfd6b6dbc74bd852b10bdbe09c3c/SuiteCRM-Core/sv-import-810-reviewed-20260919.json,9ad9f80f27abc071d9102bbd8cefb9bc43256bdad442051d55760286d830c3b0,{}
4ee071a0ca829a35a3915e0e,Export Delimiter,Avgränsare för export,SuiteCRM-Core,sv-published-20260918,$mod_strings['LBL_EXPORT_DELIMITER'],,project-context,cbe9d692a49271807081d444,reviewed-receipt,https://github.com/yeager/translations/blob/67e6d27877c9cfd6b6dbc74bd852b10bdbe09c3c/SuiteCRM-Core/sv-published-20260918.json,e4f7faaa5625d277e7a537f5b555c2fd753d326636e98deb288463e96d6356f7,{}
4ee16a37b3538c0f8663c5fd,Email Address:,E-postadress:,SuiteCRM-Core,suitecrm-studio-email-810-20260920,$mod_strings['LBL_EMAIL_ADDRESS'],,project-context,7a937e1617b6d4d44ba78bea,reviewed-receipt,https://github.com/yeager/translations/blob/67e6d27877c9cfd6b6dbc74bd852b10bdbe09c3c/SuiteCRM-Core/suitecrm-studio-email-810-20260920.json,4ba3d4df00cc4b121cee06701e11d21dd91089b50b1451f7f0beeb6c480cb869,"{""artifact"":""https://crowdin.com/project/suitecrm-core"",""sha256"":""45b8ca46a0f9e1be6a656275bbf094311fae410eb22d771e96b30cbb1bc6b9b9""}"
4eef1ec9633527f44aebcbbb,Encryption Key:,Krypteringsnyckel:,SuiteCRM-Core,sv-configurator-security-810-published-20260919,$mod_strings['LBL_LDAP_ENC_KEY'],,project-context,f36d396500bebdefdc831b3f,reviewed-receipt,https://github.com/yeager/translations/blob/67e6d27877c9cfd6b6dbc74bd852b10bdbe09c3c/SuiteCRM-Core/sv-configurator-security-810-published-20260919.json,b9cffb7627e0e033ecf619b158ee05a9837fda3137dd33e9dd9cc36d32c5600c,{}
4f304f311e6e4b1e00af230d,Owner,Ägare,SuiteCRM-Core,sv-outbound-email-810-published-20260919,$mod_strings['LBL_OWNER'],,project-context,7f0598d1e2a0dff053db051d,reviewed-receipt,https://github.com/yeager/translations/blob/67e6d27877c9cfd6b6dbc74bd852b10bdbe09c3c/SuiteCRM-Core/sv-outbound-email-810-published-20260919.json,971cdcc19e79f693c13cb15c9aee0f659a84a6c378a69f16b9dae9f6b2d70244,{}
4f56710f46f3140b5e3c7d58,Pop up Record List Pagination Type,Pagineringstyp för popup-lista över poster,SuiteCRM-Core,sv-configurator-ui-810-published-20260919,$mod_strings['LBL_SET_RECORD_MODAL_PAGINATION_TYPE'],,project-context,8a0a483e4ce0bcbc7a34e826,reviewed-receipt,https://github.com/yeager/translations/blob/67e6d27877c9cfd6b6dbc74bd852b10bdbe09c3c/SuiteCRM-Core/sv-configurator-ui-810-published-20260919.json,c2c1f7f6e07523183e318bd1273893e066f03c7dc66af3e9f80e12e615c6d038,{}
4f81caca9f65976aa490b444,Type,Typ,SuiteCRM-Core,sv-inbound-email-810-published-20260919,$mod_strings['LBL_TYPE'],,project-context,c34e488bfb656ff878b65c2c,reviewed-receipt,https://github.com/yeager/translations/blob/67e6d27877c9cfd6b6dbc74bd852b10bdbe09c3c/SuiteCRM-Core/sv-inbound-email-810-published-20260919.json,8ff080143649204a50f3a20eee408535d517ed526e8c4bad972910fef8c046e2,{}
4fab9cea4ac359eb89ce986c,A Conflict Exists For - ,Det finns en konflikt för – ,SuiteCRM-Core,sv-optimisticlock-810-reviewed-20260919,$mod_strings['LBL_CONFLICT_EXISTS'],,project-context,384ea4b03c6a34b8c40253cb,reviewed-receipt,https://github.com/yeager/translations/blob/67e6d27877c9cfd6b6dbc74bd852b10bdbe09c3c/SuiteCRM-Core/sv-optimisticlock-810-reviewed-20260919.json,1c0c97b42d5fab34de99c68b6e8270606d9e97b472fdcd76eb0ee7edb1369868,{}
4fb04b769df915e5a848c2ec,Confirm Opt In,Bekräfta samtycke,SuiteCRM-Core,sv-published-20260918,$mod_strings['LBL_CONFIRM_OPT_IN'],,project-context,f831270471da0a8f03a7504d,reviewed-receipt,https://github.com/yeager/translations/blob/67e6d27877c9cfd6b6dbc74bd852b10bdbe09c3c/SuiteCRM-Core/sv-published-20260918.json,e4f7faaa5625d277e7a537f5b555c2fd753d326636e98deb288463e96d6356f7,{}
4fc60dd71abc32734903406f,Mail Account Information,Information om e-postkonto,SuiteCRM-Core,sv-inbound-email-810-published-20260919,$mod_strings['LBL_BASIC'],,project-context,876de01e2e048fa129eb5575,reviewed-receipt,https://github.com/yeager/translations/blob/67e6d27877c9cfd6b6dbc74bd852b10bdbe09c3c/SuiteCRM-Core/sv-inbound-email-810-published-20260919.json,8ff080143649204a50f3a20eee408535d517ed526e8c4bad972910fef8c046e2,{}
4fdc2966030e01f612f9df20,Related To:,Relaterat till:,SuiteCRM-Core,sv-published-20260918,$mod_strings['LBL_RELATED_TO'],,project-context,3ba9eb8ba53d5033477db014,reviewed-receipt,https://github.com/yeager/translations/blob/67e6d27877c9cfd6b6dbc74bd852b10bdbe09c3c/SuiteCRM-Core/sv-published-20260918.json,e4f7faaa5625d277e7a537f5b555c2fd753d326636e98deb288463e96d6356f7,{}
4ffe9386e48cab1a4b6264e9,Close Window,Stäng fönster,SuiteCRM-Core,sv-inbound-email-810-published-20260919,$mod_strings['LBL_CLOSE_POPUP'],,project-context,8736909b5ebea2e52f23958b,reviewed-receipt,https://github.com/yeager/translations/blob/67e6d27877c9cfd6b6dbc74bd852b10bdbe09c3c/SuiteCRM-Core/sv-inbound-email-810-published-20260919.json,8ff080143649204a50f3a20eee408535d517ed526e8c4bad972910fef8c046e2,{}
501e40283372aee11f432f20,Module Geocoded Counts,Antal geokodade poster per modul,SuiteCRM-Core,sv-maps-geocode-810-20260919,$mod_strings['LBL_GEOCODED_COUNTS'],,project-context,1fa6fc867cbb7c1925c01210,reviewed-receipt,https://github.com/yeager/translations/blob/67e6d27877c9cfd6b6dbc74bd852b10bdbe09c3c/SuiteCRM-Core/sv-maps-geocode-810-20260919.json,a27f551be0603f52120c99f621aa946997242b691775dbae54e75a0f4911762b,"{""artifact"":""https://crowdin.com/project/suitecrm-core"",""sha256"":""825e5d4c667d1f9412f0b0e919eae2fbc05f703b9325e5b52eaf9b5c8508b13a""}"
50c1f03a39403008d7261a54,Fields Delimited By:,Fält begränsad av:,SuiteCRM-Core,sv-import-810-reviewed-20260919,$mod_strings['LBL_CUSTOM_DELIMITER'],,project-context,1586ae052099aabfb8600921,reviewed-receipt,https://github.com/yeager/translations/blob/67e6d27877c9cfd6b6dbc74bd852b10bdbe09c3c/SuiteCRM-Core/sv-import-810-reviewed-20260919.json,9ad9f80f27abc071d9102bbd8cefb9bc43256bdad442051d55760286d830c3b0,{}
50cfa47dd1ba1371925888fa,Type,Typ,SuiteCRM-Core,sv-published-20260918,$mod_strings['LBL_TYPE'],,project-context,886f20eac5c679e478ae21fa,reviewed-receipt,https://github.com/yeager/translations/blob/67e6d27877c9cfd6b6dbc74bd852b10bdbe09c3c/SuiteCRM-Core/sv-published-20260918.json,e4f7faaa5625d277e7a537f5b555c2fd753d326636e98deb288463e96d6356f7,{}
50e0e91536c8640800cfde0e,Opportunities,Affärer,SuiteCRM-Core,sv-contacts-final-810-published-20260919,$mod_strings['LBL_OPPORTUNITIES_SUBPANEL_TITLE'],,project-context,e15ed2c3314f1e1c3dee87c4,reviewed-receipt,https://github.com/yeager/translations/blob/67e6d27877c9cfd6b6dbc74bd852b10bdbe09c3c/SuiteCRM-Core/sv-contacts-final-810-published-20260919.json,d978283a12dfb9b326a3d05a7e751d434c6e3ced5ebb9cf860d351c2ecd7f04d,{}
513c96150210efa4e7c3698d,Phone:,Telefon:,SuiteCRM-Core,sv-accounts-final-810-published-20260919,$mod_strings['LBL_PHONE'],,project-context,d097d6050d99b640e57322d6,reviewed-receipt,https://github.com/yeager/translations/blob/67e6d27877c9cfd6b6dbc74bd852b10bdbe09c3c/SuiteCRM-Core/sv-accounts-final-810-published-20260919.json,f99b6b196fed5b4409a55d1296241bb29b890401afe16c0f8654ddadb9c6a43b,{}
518fb2dd8060aed127544b87,Leave Messages On Server,Lämna meddelanden på servern,SuiteCRM-Core,sv-inbound-email-810-published-20260919,$mod_strings['LBL_MARK_READ'],,project-context,cd0ee3d1bc0a04886e9bc53c,reviewed-receipt,https://github.com/yeager/translations/blob/67e6d27877c9cfd6b6dbc74bd852b10bdbe09c3c/SuiteCRM-Core/sv-inbound-email-810-published-20260919.json,8ff080143649204a50f3a20eee408535d517ed526e8c4bad972910fef8c046e2,{}
51a31696ac948b2f18785d62,Opportunity Role,Affärsroll,SuiteCRM-Core,sv-contacts-b-810-published-20260919,$mod_strings['LBL_OPPORTUNITY_ROLE'],,project-context,841e744b7ba5229b9b4e7cc5,reviewed-receipt,https://github.com/yeager/translations/blob/67e6d27877c9cfd6b6dbc74bd852b10bdbe09c3c/SuiteCRM-Core/sv-contacts-b-810-published-20260919.json,d90efd721e18c4336904231d21d618d5245ef5fdaa19153e482b76ac0409f394,{}
51b37a66d0500d95e35e6af4,Mail Server Port,E-postserverport,SuiteCRM-Core,sv-inbound-email-810-published-20260919,$mod_strings['LBL_PORT'],,project-context,d475d7d416aec0fe23e8f71a,reviewed-receipt,https://github.com/yeager/translations/blob/67e6d27877c9cfd6b6dbc74bd852b10bdbe09c3c/SuiteCRM-Core/sv-inbound-email-810-published-20260919.json,8ff080143649204a50f3a20eee408535d517ed526e8c4bad972910fef8c046e2,{}
51c3be40d2b202f071cbbf97,Other Address:,Annan adress:,SuiteCRM-Core,sv-leads-a-810-published-20260919,$mod_strings['LBL_ALT_ADDRESS'],,project-context,e845c0bc54956ef7bdd7b6f4,reviewed-receipt,https://github.com/yeager/translations/blob/67e6d27877c9cfd6b6dbc74bd852b10bdbe09c3c/SuiteCRM-Core/sv-leads-a-810-published-20260919.json,60952907a18a1fa8bb5cc88e44ed4c1176c7ffce44a7c94450b6ef6b204e5217,"{""artifact"":""https://crowdin.com/project/suitecrm-core"",""sha256"":""fe05699e2e3b86836806b81a12a7133b34eb6208bdcafa9e396b97551708c92b""}"
51e5e86a54180dbc0ab140f0,Reminders,Påminnelser,SuiteCRM-Core,sv-published-20260918,$mod_strings['LBL_REMINDER'],,project-context,e1b22f39c380bf9801f943d3,reviewed-receipt,https://github.com/yeager/translations/blob/67e6d27877c9cfd6b6dbc74bd852b10bdbe09c3c/SuiteCRM-Core/sv-published-20260918.json,e4f7faaa5625d277e7a537f5b555c2fd753d326636e98deb288463e96d6356f7,{}
51fb9ec4897458de89f63d92,Projects,Projekt,SuiteCRM-Core,sv-contacts-final-810-published-20260919,$mod_strings['LBL_PROJECTS_SUBPANEL_TITLE'],,project-context,8b38f2b54dcd78cd15855c21,reviewed-receipt,https://github.com/yeager/translations/blob/67e6d27877c9cfd6b6dbc74bd852b10bdbe09c3c/SuiteCRM-Core/sv-contacts-final-810-published-20260919.json,d978283a12dfb9b326a3d05a7e751d434c6e3ced5ebb9cf860d351c2ecd7f04d,{}
51fcaef3ffbceed1317fcb51,Rating:,Betyg:,SuiteCRM-Core,sv-accounts-final-810-published-20260919,$mod_strings['LBL_RATING'],,project-context,11532486f7221ede440d2506,reviewed-receipt,https://github.com/yeager/translations/blob/67e6d27877c9cfd6b6dbc74bd852b10bdbe09c3c/SuiteCRM-Core/sv-accounts-final-810-published-20260919.json,f99b6b196fed5b4409a55d1296241bb29b890401afe16c0f8654ddadb9c6a43b,{}
520fdef1c5f3dadb07fc960a,Personal,Personligt,SuiteCRM-Core,sv-inbound-email-810-published-20260919,$mod_strings['LBL_IS_PERSONAL'],,project-context,2b15b77ee4f2500fec52a2b7,reviewed-receipt,https://github.com/yeager/translations/blob/67e6d27877c9cfd6b6dbc74bd852b10bdbe09c3c/SuiteCRM-Core/sv-inbound-email-810-published-20260919.json,8ff080143649204a50f3a20eee408535d517ed526e8c4bad972910fef8c046e2,{}
525cf784b81bed488ce20b99,Parent,Överordnad,SuiteCRM-Core,sv-published-20260918,$mod_strings['LBL_MEMBER_OF'],,project-context,7b88ec1370a4fffd20a1a105,reviewed-receipt,https://github.com/yeager/translations/blob/67e6d27877c9cfd6b6dbc74bd852b10bdbe09c3c/SuiteCRM-Core/sv-published-20260918.json,e4f7faaa5625d277e7a537f5b555c2fd753d326636e98deb288463e96d6356f7,{}
52639e7b5908ec5a22bef51f,Reply-to Name,Svarsnamn,SuiteCRM-Core,sv-published-20260918,$mod_strings['LBL_REPLY_TO_NAME'],,project-context,8da678835b0f0b8cd7e4df7a,reviewed-receipt,https://github.com/yeager/translations/blob/67e6d27877c9cfd6b6dbc74bd852b10bdbe09c3c/SuiteCRM-Core/sv-published-20260918.json,e4f7faaa5625d277e7a537f5b555c2fd753d326636e98deb288463e96d6356f7,{}
529b2efae4e6762941dd96c3,Checking Account,Kontrollerar konto,SuiteCRM-Core,sv-published-20260918,$mod_strings['LBL_CHECKING_ACCOUNT'],,project-context,0fc0f632baff35e66d13a487,reviewed-receipt,https://github.com/yeager/translations/blob/67e6d27877c9cfd6b6dbc74bd852b10bdbe09c3c/SuiteCRM-Core/sv-published-20260918.json,e4f7faaa5625d277e7a537f5b555c2fd753d326636e98deb288463e96d6356f7,{}
52b35a1a5a944815a4c8b992,SIC Code:,SIC-kod:,SuiteCRM-Core,sv-accounts-final-810-published-20260919,$mod_strings['LBL_SIC_CODE'],,project-context,7a55b6ea8ebd205682ce4159,reviewed-receipt,https://github.com/yeager/translations/blob/67e6d27877c9cfd6b6dbc74bd852b10bdbe09c3c/SuiteCRM-Core/sv-accounts-final-810-published-20260919.json,f99b6b196fed5b4409a55d1296241bb29b890401afe16c0f8654ddadb9c6a43b,{}
52d23907444895f4dad475b7,None,Inga,SuiteCRM-Core,sv-inbound-email-810-b-published-20260919,$mod_strings['LBL_NONE'],,project-context,461a18757332cebd5a5b1b0a,reviewed-receipt,https://github.com/yeager/translations/blob/67e6d27877c9cfd6b6dbc74bd852b10bdbe09c3c/SuiteCRM-Core/sv-inbound-email-810-b-published-20260919.json,50c081232ca5f44c5a35c5973a58367c6d6b8e57fb93b0bf46982142cf2626a9,{}
52e755a0dab77352fe6172f7,Themes,Teman,SuiteCRM-Core,sv-published-20260918,$mod_strings['LBL_THEME'],,project-context,c5f7b259ff365972e3cccf14,reviewed-receipt,https://github.com/yeager/translations/blob/67e6d27877c9cfd6b6dbc74bd852b10bdbe09c3c/SuiteCRM-Core/sv-published-20260918.json,e4f7faaa5625d277e7a537f5b555c2fd753d326636e98deb288463e96d6356f7,{}
52f2d3f035b50da53f2aa458,minute mark,minutmarkering,SuiteCRM-Core,sv-schedulers-810-published-20260919,$mod_strings['LBL_MIN_MARK'],,project-context,bcb368dfd4b508891ec2c5fa,reviewed-receipt,https://github.com/yeager/translations/blob/67e6d27877c9cfd6b6dbc74bd852b10bdbe09c3c/SuiteCRM-Core/sv-schedulers-810-published-20260919.json,33eb7afe2f29dd74f08bd921b07d01bf183499e1985dd5f49edf5433b2ce22bb,{}
532d52aa77be87570eeffe01,Send Date,Skickdatum,SuiteCRM-Core,sv-emailmarketing-810-reviewed-20260919,$mod_strings['LBL_SEND_DATE'],,project-context,879c01897ec8bf0d3dc0ed50,reviewed-receipt,https://github.com/yeager/translations/blob/67e6d27877c9cfd6b6dbc74bd852b10bdbe09c3c/SuiteCRM-Core/sv-emailmarketing-810-reviewed-20260919.json,5ec4491f9b64a0da78ac62fa97360cc4e284f94d49fc10bc6c878b997b7ea8af,{}
534e21117d34e45a01b969d5,Has Attachment?:,Har bilaga?:,SuiteCRM-Core,sv-published-20260918,$mod_strings['LBL_HAS_ATTACHMENT'],,project-context,bcf26604ce040a92cad8c394,reviewed-receipt,https://github.com/yeager/translations/blob/67e6d27877c9cfd6b6dbc74bd852b10bdbe09c3c/SuiteCRM-Core/sv-published-20260918.json,e4f7faaa5625d277e7a537f5b555c2fd753d326636e98deb288463e96d6356f7,{}
536b89cbcc683e457ba39ce2,Emails:ProjectTask,E-post:Projektuppgifter,SuiteCRM-Core,sv-published-20260918,$mod_strings['LBL_EMAILS_PROJECT_TASK_REL'],,project-context,ebf43c55b76fdf8e0b0e22e4,reviewed-receipt,https://github.com/yeager/translations/blob/67e6d27877c9cfd6b6dbc74bd852b10bdbe09c3c/SuiteCRM-Core/sv-published-20260918.json,e4f7faaa5625d277e7a537f5b555c2fd753d326636e98deb288463e96d6356f7,{}
53cf1f2c31d05d23ed8d4d47,Minimum Dashlet Auto-Refresh Interval,Minsta intervall för automatisk uppdatering av dashlets,SuiteCRM-Core,sv-configurator-ui-810-published-20260919,$mod_strings['LBL_MIN_AUTO_REFRESH_INTERVAL'],,project-context,6a6177d9e83f2252d414ce86,reviewed-receipt,https://github.com/yeager/translations/blob/67e6d27877c9cfd6b6dbc74bd852b10bdbe09c3c/SuiteCRM-Core/sv-configurator-ui-810-published-20260919.json,c2c1f7f6e07523183e318bd1273893e066f03c7dc66af3e9f80e12e615c6d038,{}
53d76ea9502576b248f3a9fe,Advanced,Avancerat,SuiteCRM-Core,sv-configurator-ui-810-published-20260919,$mod_strings['ADVANCED'],,project-context,135dc3563bfc8c2edc796dc4,reviewed-receipt,https://github.com/yeager/translations/blob/67e6d27877c9cfd6b6dbc74bd852b10bdbe09c3c/SuiteCRM-Core/sv-configurator-ui-810-published-20260919.json,c2c1f7f6e07523183e318bd1273893e066f03c7dc66af3e9f80e12e615c6d038,{}
53ee8174820d5a487eab169a,Email Marketing,E-postmarknadsföring,SuiteCRM-Core,sv-emailmarketing-a-810-published-20260919,$mod_strings['LBL_DEFAULT_SUBPANEL_TITLE'],,project-context,b6c2af31d6e7cb07c95c44d2,reviewed-receipt,https://github.com/yeager/translations/blob/67e6d27877c9cfd6b6dbc74bd852b10bdbe09c3c/SuiteCRM-Core/sv-emailmarketing-a-810-published-20260919.json,84957449ddc9118eddc2b572b035053c0b63aa8200c37a30f6619f66e15777e4,{}
542297b167f968d6ab4451d6,Create Email Template,Skapa e-postmall,SuiteCRM-Core,sv-published-20260918,$mod_strings['LBL_NEW_FORM_TITLE'],,project-context,1d853b3282baa3aa2a281c51,reviewed-receipt,https://github.com/yeager/translations/blob/67e6d27877c9cfd6b6dbc74bd852b10bdbe09c3c/SuiteCRM-Core/sv-published-20260918.json,e4f7faaa5625d277e7a537f5b555c2fd753d326636e98deb288463e96d6356f7,{}
544b179b9f054976105ef1a5,Geocoding/Google Settings:,Inställningar för geokodning/Google:,SuiteCRM-Core,suitecrm-geocode-groups-810-20260920,$mod_strings['LBL_CONFIG_GEOCODING_SETTINGS_TITLE'],,project-context,de5ce1ca8ea08248735215a4,reviewed-receipt,https://github.com/yeager/translations/blob/67e6d27877c9cfd6b6dbc74bd852b10bdbe09c3c/SuiteCRM-Core/suitecrm-geocode-groups-810-20260920.json,ad654ac15e6a6e162ab89a8427d96f4c1df338dd8c27abb43552493328c05b1a,"{""artifact"":""https://crowdin.com/project/suitecrm-core"",""sha256"":""46c3bc6f5c92ee0a689eada97f39536220b2409e5e174b5309d06ccf502e390a""}"
549f54e8ddf7d772c41b4395,Reply To:,Svara till:,SuiteCRM-Core,sv-published-20260918,$mod_strings['LBL_REPLY_TO'],,project-context,1d8bec0720fb42572af32ba6,reviewed-receipt,https://github.com/yeager/translations/blob/67e6d27877c9cfd6b6dbc74bd852b10bdbe09c3c/SuiteCRM-Core/sv-published-20260918.json,e4f7faaa5625d277e7a537f5b555c2fd753d326636e98deb288463e96d6356f7,{}
54a6d6fabac73ba36ea506b2,Exchange Username:,Exchange-användarnamn:,SuiteCRM-Core,sv-configurator-security-810-published-20260919,$mod_strings['LBL_EXCHANGE_SMTPUSER'],,project-context,4dcdfe96e0da281bdc4291fb,reviewed-receipt,https://github.com/yeager/translations/blob/67e6d27877c9cfd6b6dbc74bd852b10bdbe09c3c/SuiteCRM-Core/sv-configurator-security-810-published-20260919.json,b9cffb7627e0e033ecf619b158ee05a9837fda3137dd33e9dd9cc36d32c5600c,{}
54be531f51308ac1b61df1e8,Available Fields:,Ej använda index,SuiteCRM-Core,sv-import-810-reviewed-20260919,$mod_strings['LBL_INDEX_NOT_USED'],,project-context,6802e120a3d70a63ead88ec6,reviewed-receipt,https://github.com/yeager/translations/blob/67e6d27877c9cfd6b6dbc74bd852b10bdbe09c3c/SuiteCRM-Core/sv-import-810-reviewed-20260919.json,9ad9f80f27abc071d9102bbd8cefb9bc43256bdad442051d55760286d830c3b0,{}
54c0bd84fb25886013ef5f33,Accounts,Företag,SuiteCRM-Core,sv-accounts-final-810-published-20260919,$mod_strings['LBL_ACCOUNTS_SUBPANEL_TITLE'],,project-context,1642c3a934f117d5c000456e,reviewed-receipt,https://github.com/yeager/translations/blob/67e6d27877c9cfd6b6dbc74bd852b10bdbe09c3c/SuiteCRM-Core/sv-accounts-final-810-published-20260919.json,f99b6b196fed5b4409a55d1296241bb29b890401afe16c0f8654ddadb9c6a43b,{}
54c6e60f673b5cbb6c6de061,Personal,Personlig,SuiteCRM-Core,sv-published-20260918,$mod_strings['LBL_MAILBOX_TYPE_PERSONAL'],,project-context,f9fd9546a2d4a08638d52f94,reviewed-receipt,https://github.com/yeager/translations/blob/67e6d27877c9cfd6b6dbc74bd852b10bdbe09c3c/SuiteCRM-Core/sv-published-20260918.json,e4f7faaa5625d277e7a537f5b555c2fd753d326636e98deb288463e96d6356f7,{}
54cf931197d51fc638c79ab8,My Maps Listing,Min kartlista,SuiteCRM-Core,sv-maps-810-20260919,$mod_strings['LBL_HOMEPAGE_TITLE'],,project-context,56bbca198c0f179d6594d4be,reviewed-receipt,https://github.com/yeager/translations/blob/67e6d27877c9cfd6b6dbc74bd852b10bdbe09c3c/SuiteCRM-Core/sv-maps-810-20260919.json,babb99544bc99a7d3dd3311ec921677cbf9ba177a2772b3a197170fe77e2a1f4,"{""artifact"":""https://crowdin.com/project/suitecrm-core"",""sha256"":""9452978fb316faa2509810c26911b8308c957364b2530690cec54332ccc8ad95""}"
5508c4d9e70c25ad1c101eac,Set Snooze For Notifications,Ange snoozeintervall för aviseringar,SuiteCRM-Core,sv-configurator-ui-810-published-20260919,$mod_strings['LBL_SNOOZE_TIMER'],,project-context,0c79841f35714038a75bb80d,reviewed-receipt,https://github.com/yeager/translations/blob/67e6d27877c9cfd6b6dbc74bd852b10bdbe09c3c/SuiteCRM-Core/sv-configurator-ui-810-published-20260919.json,c2c1f7f6e07523183e318bd1273893e066f03c7dc66af3e9f80e12e615c6d038,{}
55318da522ef54e8f842b71c,Automatically Send Opt In Email,Skicka automatiskt e-post för samtycke,SuiteCRM-Core,sv-published-20260918,$mod_strings['LBL_EMAIL_ENABLE_SEND_OPT_IN'],,project-context,6588f8003c2cd44fb164ec55,reviewed-receipt,https://github.com/yeager/translations/blob/67e6d27877c9cfd6b6dbc74bd852b10bdbe09c3c/SuiteCRM-Core/sv-published-20260918.json,e4f7faaa5625d277e7a537f5b555c2fd753d326636e98deb288463e96d6356f7,{}
5570fbd4e55ae2bb565c37c9,Shipping Street 4,Leveransadressrad 4,SuiteCRM-Core,sv-accounts-final-810-published-20260919,$mod_strings['LBL_SHIPPING_ADDRESS_STREET_4'],,project-context,e47c44e860360ebe5a3a96cd,reviewed-receipt,https://github.com/yeager/translations/blob/67e6d27877c9cfd6b6dbc74bd852b10bdbe09c3c/SuiteCRM-Core/sv-accounts-final-810-published-20260919.json,f99b6b196fed5b4409a55d1296241bb29b890401afe16c0f8654ddadb9c6a43b,{}
5578aad19b90d6bf9a04ca4d,Clean Jobs Queue,Rensa jobbkö,SuiteCRM-Core,sv-schedulers-810-published-20260919,$mod_strings['LBL_OOTB_CLEANUP_QUEUE'],,project-context,a9fa70b75af7393ca4c8768b,reviewed-receipt,https://github.com/yeager/translations/blob/67e6d27877c9cfd6b6dbc74bd852b10bdbe09c3c/SuiteCRM-Core/sv-schedulers-810-published-20260919.json,33eb7afe2f29dd74f08bd921b07d01bf183499e1985dd5f49edf5433b2ce22bb,{}
557a9b1664d9dd0dfdcbd1c9,Admin & Developer,Administratör och utvecklare,SuiteCRM-Core,sv-acl-810-published-20260919,$mod_strings['LBL_ACCESS_ADMIN_DEV'],,project-context,8c962ba88c32c9831cd5dac2,reviewed-receipt,https://github.com/yeager/translations/blob/67e6d27877c9cfd6b6dbc74bd852b10bdbe09c3c/SuiteCRM-Core/sv-acl-810-published-20260919.json,c3d79cc04f48d5a83982b3c13a5bf197dcb035625008d4cec3b1a07c4d7311de,{}
559fcc40c8fae27f4215a642,Account:,Företag:,SuiteCRM-Core,sv-accounts-a-810-published-20260919,$mod_strings['LBL_ACCOUNT'],,project-context,3bb3d68585b5d0ef388c1370,reviewed-receipt,https://github.com/yeager/translations/blob/67e6d27877c9cfd6b6dbc74bd852b10bdbe09c3c/SuiteCRM-Core/sv-accounts-a-810-published-20260919.json,ea12294a7550adccf7f3bd2ee5ba9c0f994224671cce0ee6ffbeaf4e4d1eedb2,{}
55ac7834b2d01d7a451c8767,Modified by: ,Ändrad av: ,SuiteCRM-Core,sv-emailmarketing-810-reviewed-20260919,$mod_strings['LBL_MODIFIED_BY'],,project-context,d1f66354bf134c05f3dea94a,reviewed-receipt,https://github.com/yeager/translations/blob/67e6d27877c9cfd6b6dbc74bd852b10bdbe09c3c/SuiteCRM-Core/sv-emailmarketing-810-reviewed-20260919.json,5ec4491f9b64a0da78ac62fa97360cc4e284f94d49fc10bc6c878b997b7ea8af,{}
55c94c82c4766fdea43bf7dd,Records Match,Posterna stämmer överens,SuiteCRM-Core,sv-optimisticlock-810-reviewed-20260919,$mod_strings['LBL_RECORDS_MATCH'],,project-context,639c2cc5d5f2c7cd3631a6ff,reviewed-receipt,https://github.com/yeager/translations/blob/67e6d27877c9cfd6b6dbc74bd852b10bdbe09c3c/SuiteCRM-Core/sv-optimisticlock-810-reviewed-20260919.json,1c0c97b42d5fab34de99c68b6e8270606d9e97b472fdcd76eb0ee7edb1369868,{}
560472229a34b16b8cb58d0e,Subject,Ämne,SuiteCRM-Core,sv-published-20260918,$mod_strings['LBL_LIST_SUBJECT'],,project-context,58e5fd478025d5d8373fde48,reviewed-receipt,https://github.com/yeager/translations/blob/67e6d27877c9cfd6b6dbc74bd852b10bdbe09c3c/SuiteCRM-Core/sv-published-20260918.json,e4f7faaa5625d277e7a537f5b555c2fd753d326636e98deb288463e96d6356f7,{}
5609205d76741a191bdcbc0a,Target List Name,Namn på mottagarlista,SuiteCRM-Core,sv-emailmarketing-810-reviewed-20260919,$mod_strings['LBL_PROSPECT_LIST_NAME'],,project-context,53a20c624b85fee6439a8fe3,reviewed-receipt,https://github.com/yeager/translations/blob/67e6d27877c9cfd6b6dbc74bd852b10bdbe09c3c/SuiteCRM-Core/sv-emailmarketing-810-reviewed-20260919.json,5ec4491f9b64a0da78ac62fa97360cc4e284f94d49fc10bc6c878b997b7ea8af,{}
560ba804ae1c3300e4e9a6f6,Run Nightly Process Bounced Campaign Emails,Kör nattlig hantering av studsade kampanjmeddelanden,SuiteCRM-Core,sv-schedulers-810-published-20260919,$mod_strings['LBL_POLLMONITOREDINBOXESFORBOUNCEDCAMPAIGNEMAILS'],,project-context,920e57212208a37426d661d2,reviewed-receipt,https://github.com/yeager/translations/blob/67e6d27877c9cfd6b6dbc74bd852b10bdbe09c3c/SuiteCRM-Core/sv-schedulers-810-published-20260919.json,33eb7afe2f29dd74f08bd921b07d01bf183499e1985dd5f49edf5433b2ce22bb,{}
568091af9bf34abaab4f1b82,City:,Ort:,SuiteCRM-Core,sv-leads-a-810-published-20260919,$mod_strings['LBL_CITY'],,project-context,6a7b88e8901bcb550c6c8557,reviewed-receipt,https://github.com/yeager/translations/blob/67e6d27877c9cfd6b6dbc74bd852b10bdbe09c3c/SuiteCRM-Core/sv-leads-a-810-published-20260919.json,60952907a18a1fa8bb5cc88e44ed4c1176c7ffce44a7c94450b6ef6b204e5217,"{""artifact"":""https://crowdin.com/project/suitecrm-core"",""sha256"":""137697da00e5211547247b7d85091dabfe382fa3fe7a6c5a833faa4059de080c""}"
56ac7a19638ddd837e43a33d,Schedule Meeting,Schemalägg möte,SuiteCRM-Core,sv-contacts-final-810-published-20260919,$mod_strings['LNK_NEW_MEETING'],,project-context,ef1d3801224df4c2234a6cfc,reviewed-receipt,https://github.com/yeager/translations/blob/67e6d27877c9cfd6b6dbc74bd852b10bdbe09c3c/SuiteCRM-Core/sv-contacts-final-810-published-20260919.json,d978283a12dfb9b326a3d05a7e751d434c6e3ced5ebb9cf860d351c2ecd7f04d,{}
56e043cb0f8f5cf4c42effb4,Search Address Cache,Sök adresscache,SuiteCRM-Core,sv-address-cache-followup-810-20260919,$mod_strings['LBL_SEARCH_FORM_TITLE'],,project-context,bb9d9317d5d8a419cf4090e7,reviewed-receipt,https://github.com/yeager/translations/blob/67e6d27877c9cfd6b6dbc74bd852b10bdbe09c3c/SuiteCRM-Core/sv-address-cache-followup-810-20260919.json,c7e99432ec0b3f570a7b414e45f71b3660b21aa2c1e499d010ab737c90e56bef,"{""artifact"":""https://crowdin.com/project/suitecrm-core"",""sha256"":""fc9cda517904f906385106548229d699808380a2dcdef58a1c01ce71dbcbf78c""}"
56e701c7a6ef8cd835f169d9,Start Date,Startdatum,SuiteCRM-Core,sv-emailmarketing-810-reviewed-20260919,$mod_strings['LBL_LIST_DATE_START'],,project-context,80fa960489ee00774be348ab,reviewed-receipt,https://github.com/yeager/translations/blob/67e6d27877c9cfd6b6dbc74bd852b10bdbe09c3c/SuiteCRM-Core/sv-emailmarketing-810-reviewed-20260919.json,5ec4491f9b64a0da78ac62fa97360cc4e284f94d49fc10bc6c878b997b7ea8af,{}
572ef10edf4339e12af542e0,Assigned to:,Tilldelad till:,SuiteCRM-Core,sv-accounts-final-810-published-20260919,$mod_strings['LBL_ASSIGNED_USER_NAME'],,project-context,359e1ae9b30145044f1f498e,reviewed-receipt,https://github.com/yeager/translations/blob/67e6d27877c9cfd6b6dbc74bd852b10bdbe09c3c/SuiteCRM-Core/sv-accounts-final-810-published-20260919.json,f99b6b196fed5b4409a55d1296241bb29b890401afe16c0f8654ddadb9c6a43b,{}
5747559712ef325f55c39fb5,Exchange Username:,Exchange-användarnamn:,SuiteCRM-Core,sv-outbound-email-810-published-20260919,$mod_strings['LBL_EXCHANGE_SMTPUSER'],,project-context,f906318e9349cb384a3a766d,reviewed-receipt,https://github.com/yeager/translations/blob/67e6d27877c9cfd6b6dbc74bd852b10bdbe09c3c/SuiteCRM-Core/sv-outbound-email-810-published-20260919.json,971cdcc19e79f693c13cb15c9aee0f659a84a6c378a69f16b9dae9f6b2d70244,{}
574b0a18f4257805be3fba4a,hours,timmar,SuiteCRM-Core,sv-schedulers-810-a-published-20260919,$mod_strings['LBL_HOUR'],,project-context,ca214dfd1ffd9597cb1fdb57,reviewed-receipt,https://github.com/yeager/translations/blob/67e6d27877c9cfd6b6dbc74bd852b10bdbe09c3c/SuiteCRM-Core/sv-schedulers-810-a-published-20260919.json,3c6c981f88e16e22e571d729a4bb12cc98db47334bbe03c18d6ed0001b81d8a8,{}
578be7f2c8baa86932344d88,Schedulers,Schemaläggare,SuiteCRM-Core,sv-schedulers-810-b-published-20260919,$mod_strings['LBL_MODULE_TITLE'],,project-context,a623be0f0ecfe98452eb5c8f,reviewed-receipt,https://github.com/yeager/translations/blob/67e6d27877c9cfd6b6dbc74bd852b10bdbe09c3c/SuiteCRM-Core/sv-schedulers-810-b-published-20260919.json,548c9bc56c99a3a7538a1074815c96920bc4435741e6d93f91e406bcee6a6c47,{}
579004e3b3b3f6ee85c4e279,Roles,Roller,SuiteCRM-Core,sv-acl-810-published-20260919,$mod_strings['LBL_LIST_FORM_TITLE'],,project-context,6fade7f87df9b200a97b2ff1,reviewed-receipt,https://github.com/yeager/translations/blob/67e6d27877c9cfd6b6dbc74bd852b10bdbe09c3c/SuiteCRM-Core/sv-acl-810-published-20260919.json,c3d79cc04f48d5a83982b3c13a5bf197dcb035625008d4cec3b1a07c4d7311de,{}
57ae8dce6cc7bf222d3b1e48,Add reminder,Lägg till påminnelse,SuiteCRM-Core,sv-published-20260918,$mod_strings['LBL_REMINDERS_ADD_REMINDER'],,project-context,0854d72578ad0fc69ad06a87,reviewed-receipt,https://github.com/yeager/translations/blob/67e6d27877c9cfd6b6dbc74bd852b10bdbe09c3c/SuiteCRM-Core/sv-published-20260918.json,e4f7faaa5625d277e7a537f5b555c2fd753d326636e98deb288463e96d6356f7,{}
57d360ee24c1682a20478dd0,Accounts: Home,Företag: startsida,SuiteCRM-Core,sv-accounts-final-810-published-20260919,$mod_strings['LBL_MODULE_TITLE'],,project-context,1efcf1775e2a1e08e51ffa09,reviewed-receipt,https://github.com/yeager/translations/blob/67e6d27877c9cfd6b6dbc74bd852b10bdbe09c3c/SuiteCRM-Core/sv-accounts-final-810-published-20260919.json,f99b6b196fed5b4409a55d1296241bb29b890401afe16c0f8654ddadb9c6a43b,{}
57e34ce875c6e8f495416981,Email Settings,E-postinställningar,SuiteCRM-Core,sv-published-20260918,$mod_strings['LBL_EMAILSETTINGS'],,project-context,a4429403c15fd96d03b82f13,reviewed-receipt,https://github.com/yeager/translations/blob/67e6d27877c9cfd6b6dbc74bd852b10bdbe09c3c/SuiteCRM-Core/sv-published-20260918.json,e4f7faaa5625d277e7a537f5b555c2fd753d326636e98deb288463e96d6356f7,{}
57fcf2916fe74bcb7a765342,Personal Mail Account,Personligt e-postkonto,SuiteCRM-Core,sv-inbound-email-810-b-published-20260919,$mod_strings['LBL_PERSONAL_MODULE_NAME'],,project-context,ececfc53bac9f6d43f377f94,reviewed-receipt,https://github.com/yeager/translations/blob/67e6d27877c9cfd6b6dbc74bd852b10bdbe09c3c/SuiteCRM-Core/sv-inbound-email-810-b-published-20260919.json,50c081232ca5f44c5a35c5973a58367c6d6b8e57fb93b0bf46982142cf2626a9,{}
582b47cfd99d54a152ee94c3,Take from Group,Ta från grupp,SuiteCRM-Core,sv-published-20260918,$mod_strings['LBL_BUTTON_GRAB_TITLE'],,project-context,c3f47a89039c46da716eb8f6,reviewed-receipt,https://github.com/yeager/translations/blob/67e6d27877c9cfd6b6dbc74bd852b10bdbe09c3c/SuiteCRM-Core/sv-published-20260918.json,e4f7faaa5625d277e7a537f5b555c2fd753d326636e98deb288463e96d6356f7,{}
583f7284934cc187484ee1a9,New Personal Account,Nytt personligt konto,SuiteCRM-Core,sv-inbound-email-810-c-published-20260919,$mod_strings['LNK_LIST_CREATE_NEW_PERSONAL'],,project-context,f52c0699c77d1d16e436521f,reviewed-receipt,https://github.com/yeager/translations/blob/67e6d27877c9cfd6b6dbc74bd852b10bdbe09c3c/SuiteCRM-Core/sv-inbound-email-810-c-published-20260919.json,efc326506d8e54d83cdc6cf68ddf8af5b427dbb93c869334100bc3d2383e119a,{}
5892ce1f394b124980186865,Member of:,Medlem i:,SuiteCRM-Core,sv-accounts-final-810-published-20260919,$mod_strings['LBL_MEMBER_OF'],,project-context,50322c7ec1a7c51d11642f82,reviewed-receipt,https://github.com/yeager/translations/blob/67e6d27877c9cfd6b6dbc74bd852b10bdbe09c3c/SuiteCRM-Core/sv-accounts-final-810-published-20260919.json,f99b6b196fed5b4409a55d1296241bb29b890401afe16c0f8654ddadb9c6a43b,{}
58ffb0772e6f556d92457889,Two Factor Configuration,Konfiguration av tvåfaktorsautentisering,SuiteCRM-Core,sv-published-20260918,$mod_strings['LBL_2FA_CONFIG'],,project-context,030de1cb9946fc41d099b0b4,reviewed-receipt,https://github.com/yeager/translations/blob/67e6d27877c9cfd6b6dbc74bd852b10bdbe09c3c/SuiteCRM-Core/sv-published-20260918.json,e4f7faaa5625d277e7a537f5b555c2fd753d326636e98deb288463e96d6356f7,{}
5910c9beecbe3b3b14dcff14,Outbound Email Accounts,Konton för utgående e-post,SuiteCRM-Core,sv-outbound-email-810-published-20260919,$mod_strings['LBL_MODULE_TITLE'],,project-context,d90923c4fbe0230713d96b11,reviewed-receipt,https://github.com/yeager/translations/blob/67e6d27877c9cfd6b6dbc74bd852b10bdbe09c3c/SuiteCRM-Core/sv-outbound-email-810-published-20260919.json,971cdcc19e79f693c13cb15c9aee0f659a84a6c378a69f16b9dae9f6b2d70244,{}
5923721d638987ec081fc4bb,New Case Auto-Reply Template,Ny mall för automatiskt ärendesvar,SuiteCRM-Core,sv-inbound-email-810-published-20260919,$mod_strings['LBL_CREATE_CASE_REPLY_TEMPLATE'],,project-context,c5f208a6d6d4505b744ac254,reviewed-receipt,https://github.com/yeager/translations/blob/67e6d27877c9cfd6b6dbc74bd852b10bdbe09c3c/SuiteCRM-Core/sv-inbound-email-810-published-20260919.json,8ff080143649204a50f3a20eee408535d517ed526e8c4bad972910fef8c046e2,{}
595c4ec4b7158b1f6bfd8778,Current Logo:,Aktuell logotyp:,SuiteCRM-Core,sv-configurator-ui-810-published-20260919,$mod_strings['CURRENT_LOGO'],,project-context,09729e52adf081dbe4b3d756,reviewed-receipt,https://github.com/yeager/translations/blob/67e6d27877c9cfd6b6dbc74bd852b10bdbe09c3c/SuiteCRM-Core/sv-configurator-ui-810-published-20260919.json,c2c1f7f6e07523183e318bd1273893e066f03c7dc66af3e9f80e12e615c6d038,{}
597201004308a9495880d2f6,Account Name:,Företagsnamn:,SuiteCRM-Core,sv-contacts-a-810-published-20260919,$mod_strings['LBL_ACCOUNT_NAME'],,project-context,b28cbed745d0c18a45b2118b,reviewed-receipt,https://github.com/yeager/translations/blob/67e6d27877c9cfd6b6dbc74bd852b10bdbe09c3c/SuiteCRM-Core/sv-contacts-a-810-published-20260919.json,10584b485e200c6f1c96340054304bbf1333d0f5bdb89bae8947c2df5c4c0947,{}
5992ed4c5fee4293e2405706,In Database,I databasen,SuiteCRM-Core,sv-optimisticlock-810-reviewed-20260919,$mod_strings['LBL_IN_DATABASE'],,project-context,138e0a761b3c4e063d3e4d36,reviewed-receipt,https://github.com/yeager/translations/blob/67e6d27877c9cfd6b6dbc74bd852b10bdbe09c3c/SuiteCRM-Core/sv-optimisticlock-810-reviewed-20260919.json,1c0c97b42d5fab34de99c68b6e8270606d9e97b472fdcd76eb0ee7edb1369868,{}
5992eeec125a57a09bc13564,Run Nightly Process Bounced Campaign Emails,Kör nattlig hantering av studsade kampanjmeddelanden,SuiteCRM-Core,sv-emailmarketing-810-reviewed-20260919,$mod_strings['LBL_OOTB_BOUNCE'],,project-context,c774f55cbeb68e6cdc069e45,reviewed-receipt,https://github.com/yeager/translations/blob/67e6d27877c9cfd6b6dbc74bd852b10bdbe09c3c/SuiteCRM-Core/sv-emailmarketing-810-reviewed-20260919.json,5ec4491f9b64a0da78ac62fa97360cc4e284f94d49fc10bc6c878b997b7ea8af,{}
59d55fa4170b623619aa6761,Error: Select emails to archive.,Fel: Välj e-postmeddelanden att arkivera.,SuiteCRM-Core,sv-published-20260918,$mod_strings['ERR_ARCHIVE_EMAIL'],,project-context,87b6aed709e5db120698d7c0,reviewed-receipt,https://github.com/yeager/translations/blob/67e6d27877c9cfd6b6dbc74bd852b10bdbe09c3c/SuiteCRM-Core/sv-published-20260918.json,e4f7faaa5625d277e7a537f5b555c2fd753d326636e98deb288463e96d6356f7,{}
5a36dec4159d816d09a03574,Contacts,Kontakter,SuiteCRM-Core,sv-published-20260918,$mod_strings['LBL_CONTACTS_SUBPANEL_TITLE'],,project-context,52d37b286dcf74ce86924cd1,reviewed-receipt,https://github.com/yeager/translations/blob/67e6d27877c9cfd6b6dbc74bd852b10bdbe09c3c/SuiteCRM-Core/sv-published-20260918.json,e4f7faaa5625d277e7a537f5b555c2fd753d326636e98deb288463e96d6356f7,{}
5a567e6c4b1704e1225cc174,Used an existing account,Använde ett befintligt företag,SuiteCRM-Core,sv-contacts-b-810-published-20260919,$mod_strings['LBL_EXISTING_ACCOUNT'],,project-context,87bdb4447444ef31a8f0f344,reviewed-receipt,https://github.com/yeager/translations/blob/67e6d27877c9cfd6b6dbc74bd852b10bdbe09c3c/SuiteCRM-Core/sv-contacts-b-810-published-20260919.json,d90efd721e18c4336904231d21d618d5245ef5fdaa19153e482b76ac0409f394,{}
5abe7412eedfb3f306a56ef7,Exchange Server Port:,Exchange-serverport:,SuiteCRM-Core,sv-outbound-email-810-published-20260919,$mod_strings['LBL_EXCHANGE_SMTPPORT'],,project-context,ae3037e8b0f2c485c90e9b46,reviewed-receipt,https://github.com/yeager/translations/blob/67e6d27877c9cfd6b6dbc74bd852b10bdbe09c3c/SuiteCRM-Core/sv-outbound-email-810-published-20260919.json,971cdcc19e79f693c13cb15c9aee0f659a84a6c378a69f16b9dae9f6b2d70244,{}
5ae41e42566121f99767ea74,Create Task,Skapa uppgift,SuiteCRM-Core,sv-published-20260918,$mod_strings['LNK_NEW_TASK'],,project-context,313f15d60509ab3ffa933832,reviewed-receipt,https://github.com/yeager/translations/blob/67e6d27877c9cfd6b6dbc74bd852b10bdbe09c3c/SuiteCRM-Core/sv-published-20260918.json,e4f7faaa5625d277e7a537f5b555c2fd753d326636e98deb288463e96d6356f7,{}
5aee9ccde76f588eb396e0ed,Add,Lägg till,SuiteCRM-Core,sv-published-20260918,$mod_strings['LBL_ADD_INBOUND_ACCOUNT'],,project-context,f66aa63a4c5edf348fdadfb3,reviewed-receipt,https://github.com/yeager/translations/blob/67e6d27877c9cfd6b6dbc74bd852b10bdbe09c3c/SuiteCRM-Core/sv-published-20260918.json,e4f7faaa5625d277e7a537f5b555c2fd753d326636e98deb288463e96d6356f7,{}
5b03bd1ff5fd54e500d4af31,Clean Up Temporary Files,Rensa tillfälliga filer,SuiteCRM-Core,sv-schedulers-810-published-20260919,$mod_strings['LBL_CLEANUPTEMPORARYFILES'],,project-context,53c22831836773443a5e664a,reviewed-receipt,https://github.com/yeager/translations/blob/67e6d27877c9cfd6b6dbc74bd852b10bdbe09c3c/SuiteCRM-Core/sv-schedulers-810-published-20260919.json,33eb7afe2f29dd74f08bd921b07d01bf183499e1985dd5f49edf5433b2ce22bb,{}
5b3cf797eb3050bf4b3df410,Invoices,Fakturor,SuiteCRM-Core,sv-accounts-final-810-published-20260919,$mod_strings['LBL_AOS_INVOICES'],,project-context,2f1b10eae7043f279e77b494,reviewed-receipt,https://github.com/yeager/translations/blob/67e6d27877c9cfd6b6dbc74bd852b10bdbe09c3c/SuiteCRM-Core/sv-accounts-final-810-published-20260919.json,f99b6b196fed5b4409a55d1296241bb29b890401afe16c0f8654ddadb9c6a43b,{}
5b4a99724f0ff813b3798f6e,Install,Installera,SuiteCRM-Core,sv-upgradewizard-810-published-20260919,$mod_strings['LBL_ML_INSTALL'],,project-context,5cde8270e00d03c019f4ea37,reviewed-receipt,https://github.com/yeager/translations/blob/67e6d27877c9cfd6b6dbc74bd852b10bdbe09c3c/SuiteCRM-Core/sv-upgradewizard-810-published-20260919.json,4c5e554ea18d559c3ec8998eb3613f5413dea4c4c95bb851b4a0695c85b6ef99,{}
5b9477986ed373e8b3ad6e50,User Name,Användarnamn,SuiteCRM-Core,sv-inbound-email-810-a-published-20260919,$mod_strings['LBL_LOGIN'],,project-context,7040ecd17ebf4919a96224c4,reviewed-receipt,https://github.com/yeager/translations/blob/67e6d27877c9cfd6b6dbc74bd852b10bdbe09c3c/SuiteCRM-Core/sv-inbound-email-810-a-published-20260919.json,67b8a04fd03d3b56d9f5e2549ac38263fc2b653e270ecd0097cbd7e2a30e424a,{}
5b9d40645086dfd259892587,Every Day,Varje dag,SuiteCRM-Core,sv-schedulers-810-published-20260919,$mod_strings['LBL_ALL'],,project-context,b86b01c08099bdd233f287c3,reviewed-receipt,https://github.com/yeager/translations/blob/67e6d27877c9cfd6b6dbc74bd852b10bdbe09c3c/SuiteCRM-Core/sv-schedulers-810-published-20260919.json,33eb7afe2f29dd74f08bd921b07d01bf183499e1985dd5f49edf5433b2ce22bb,{}
5ba50400e3be982414e76f83,Inbox,Inkorg,SuiteCRM-Core,sv-inbound-email-810-published-20260919,$mod_strings['LBL_LIST_TITLE_MY_INBOX'],,project-context,b5660697d36924d4e4d6f92a,reviewed-receipt,https://github.com/yeager/translations/blob/67e6d27877c9cfd6b6dbc74bd852b10bdbe09c3c/SuiteCRM-Core/sv-inbound-email-810-published-20260919.json,8ff080143649204a50f3a20eee408535d517ed526e8c4bad972910fef8c046e2,{}
5be11b2a80853c68e0d882c5,Scheduler Search,Sök schemaläggare,SuiteCRM-Core,sv-schedulers-810-published-20260919,$mod_strings['LBL_SEARCH_FORM_TITLE'],,project-context,4390108ce293c308eef8faeb,reviewed-receipt,https://github.com/yeager/translations/blob/67e6d27877c9cfd6b6dbc74bd852b10bdbe09c3c/SuiteCRM-Core/sv-schedulers-810-published-20260919.json,33eb7afe2f29dd74f08bd921b07d01bf183499e1985dd5f49edf5433b2ce22bb,{}
5bea66b2f91b6fceda1e79dd,File Encoding:,Filencodning,SuiteCRM-Core,sv-import-810-reviewed-20260919,$mod_strings['LBL_CHARSET'],,project-context,a6d54047d1c331756d8f6f84,reviewed-receipt,https://github.com/yeager/translations/blob/67e6d27877c9cfd6b6dbc74bd852b10bdbe09c3c/SuiteCRM-Core/sv-import-810-reviewed-20260919.json,9ad9f80f27abc071d9102bbd8cefb9bc43256bdad442051d55760286d830c3b0,{}
5c0eea0ec7e6c0f2357f2c5a,Create Appointment,Skapa avtalad tid,SuiteCRM-Core,sv-contacts-final-810-published-20260919,$mod_strings['LNK_NEW_APPOINTMENT'],,project-context,1fdfcfc39b57e075fe47a75b,reviewed-receipt,https://github.com/yeager/translations/blob/67e6d27877c9cfd6b6dbc74bd852b10bdbe09c3c/SuiteCRM-Core/sv-contacts-final-810-published-20260919.json,d978283a12dfb9b326a3d05a7e751d434c6e3ced5ebb9cf860d351c2ecd7f04d,{}
5c497146b232115d25cbc6fc,Assign To Group,Tilldela till grupp,SuiteCRM-Core,sv-inbound-email-810-a-published-20260919,$mod_strings['LBL_GROUP_QUEUE'],,project-context,2e5bde83da58ea6329838023,reviewed-receipt,https://github.com/yeager/translations/blob/67e6d27877c9cfd6b6dbc74bd852b10bdbe09c3c/SuiteCRM-Core/sv-inbound-email-810-a-published-20260919.json,67b8a04fd03d3b56d9f5e2549ac38263fc2b653e270ecd0097cbd7e2a30e424a,{}
5c57a3963b79edce55b17aff,Create,Skapa,SuiteCRM-Core,sv-inbound-email-810-published-20260919,$mod_strings['LBL_CREATE_TEMPLATE'],,project-context,bac139c422031bba47474b86,reviewed-receipt,https://github.com/yeager/translations/blob/67e6d27877c9cfd6b6dbc74bd852b10bdbe09c3c/SuiteCRM-Core/sv-inbound-email-810-published-20260919.json,8ff080143649204a50f3a20eee408535d517ed526e8c4bad972910fef8c046e2,{}
5ca4edc5b6219a41dab1d790,Date Modified,Ändrad den,SuiteCRM-Core,sv-outbound-email-810-published-20260919,$mod_strings['LBL_DATE_MODIFIED'],,project-context,38ab22e5e874ad8db82b78cd,reviewed-receipt,https://github.com/yeager/translations/blob/67e6d27877c9cfd6b6dbc74bd852b10bdbe09c3c/SuiteCRM-Core/sv-outbound-email-810-published-20260919.json,971cdcc19e79f693c13cb15c9aee0f659a84a6c378a69f16b9dae9f6b2d70244,{}
5caa6da22628ec8a0b623ae6,Joomla Account ID,Joomla-konto-ID,SuiteCRM-Core,sv-contacts-final-810-published-20260919,$mod_strings['LBL_JOOMLA_ACCOUNT_ID'],,project-context,3a20c72132ec38db0d8fffb3,reviewed-receipt,https://github.com/yeager/translations/blob/67e6d27877c9cfd6b6dbc74bd852b10bdbe09c3c/SuiteCRM-Core/sv-contacts-final-810-published-20260919.json,d978283a12dfb9b326a3d05a7e751d434c6e3ced5ebb9cf860d351c2ecd7f04d,{}
5cabd96c1924dc42fd929cd4,"""Reply-to"" Address",Adress i fältet ”Svara till”,SuiteCRM-Core,sv-inbound-email-810-b-published-20260919,$mod_strings['LBL_REPLY_TO_ADDR'],,project-context,ed0577727c966df72e07e9c7,reviewed-receipt,https://github.com/yeager/translations/blob/67e6d27877c9cfd6b6dbc74bd852b10bdbe09c3c/SuiteCRM-Core/sv-inbound-email-810-b-published-20260919.json,50c081232ca5f44c5a35c5973a58367c6d6b8e57fb93b0bf46982142cf2626a9,{}
5d6cfe57f8220f2d22173e4d,Contact ID or Email is empty,Kontakt-ID eller e-postadress saknas,SuiteCRM-Core,sv-contacts-final-810-published-20260919,$mod_strings['LBL_ERROR_CONTACT_ID_OR_EMAIL_EMPTY'],,project-context,1c25e7640801a12736456bdc,reviewed-receipt,https://github.com/yeager/translations/blob/67e6d27877c9cfd6b6dbc74bd852b10bdbe09c3c/SuiteCRM-Core/sv-contacts-final-810-published-20260919.json,d978283a12dfb9b326a3d05a7e751d434c6e3ced5ebb9cf860d351c2ecd7f04d,{}
5d6d12603664aa34968ecdb6,Email marked deleted after import,E-post markeras som borttagen efter import,SuiteCRM-Core,sv-published-20260918,$mod_strings['LBL_MARK_READ_NO'],,project-context,60e1c9eadfb6017a66e85008,reviewed-receipt,https://github.com/yeager/translations/blob/67e6d27877c9cfd6b6dbc74bd852b10bdbe09c3c/SuiteCRM-Core/sv-published-20260918.json,e4f7faaa5625d277e7a537f5b555c2fd753d326636e98deb288463e96d6356f7,{}
5d9761806ec896dcb24cfce1,Time,Tid,SuiteCRM-Core,sv-import-810-reviewed-20260919,$mod_strings['LBL_IMPORT_FIELDDEF_TIME'],,project-context,c4a63245e6e67b2183894474,reviewed-receipt,https://github.com/yeager/translations/blob/67e6d27877c9cfd6b6dbc74bd852b10bdbe09c3c/SuiteCRM-Core/sv-import-810-reviewed-20260919.json,9ad9f80f27abc071d9102bbd8cefb9bc43256bdad442051d55760286d830c3b0,{}
5dbae14fdf8485918f3b39e1,Gmail Email Address:,Gmail-e-postadress:,SuiteCRM-Core,sv-configurator-security-810-published-20260919,$mod_strings['LBL_GMAIL_SMTPUSER'],,project-context,0e3e5639cb6cb932bf354931,reviewed-receipt,https://github.com/yeager/translations/blob/67e6d27877c9cfd6b6dbc74bd852b10bdbe09c3c/SuiteCRM-Core/sv-configurator-security-810-published-20260919.json,b9cffb7627e0e033ecf619b158ee05a9837fda3137dd33e9dd9cc36d32c5600c,{}
5ddff4e5a947d9f8d17bbd3f,Deleted,Borttagen,SuiteCRM-Core,sv-address-cache-810-20260919,$mod_strings['LBL_DELETED'],,project-context,eeac7a9cf69483e5818f281d,reviewed-receipt,https://github.com/yeager/translations/blob/67e6d27877c9cfd6b6dbc74bd852b10bdbe09c3c/SuiteCRM-Core/sv-address-cache-810-20260919.json,1fd1946e1ba4fb72767e4b4c568ae221f815b022d8feef0b10e93649be89a03b,"{""artifact"":""https://crowdin.com/project/suitecrm-core"",""sha256"":""cffd5b5a2111edda74a28bfb9fb9eb79354c2e00212b69461d223141e208120f""}"
5e0829bc87a26882ab09eb57,Home,Startsida,SuiteCRM-Core,sv-inbound-email-810-a-published-20260919,$mod_strings['LBL_HOME'],,project-context,b0cdaab47c44e6d525e48ac5,reviewed-receipt,https://github.com/yeager/translations/blob/67e6d27877c9cfd6b6dbc74bd852b10bdbe09c3c/SuiteCRM-Core/sv-inbound-email-810-a-published-20260919.json,67b8a04fd03d3b56d9f5e2549ac38263fc2b653e270ecd0097cbd7e2a30e424a,{}
5e74e54d232a7e982c141205,History Subpanel,Historikdelpanel,SuiteCRM-Core,sv-configurator-ui-810-published-20260919,$mod_strings['LBL_HISTORY_SUBPANEL'],,project-context,bdd5ecc91da157cf1a1d5741,reviewed-receipt,https://github.com/yeager/translations/blob/67e6d27877c9cfd6b6dbc74bd852b10bdbe09c3c/SuiteCRM-Core/sv-configurator-ui-810-published-20260919.json,c2c1f7f6e07523183e318bd1273893e066f03c7dc66af3e9f80e12e615c6d038,{}
5e799aa0a1449720f08b6047,External OAuth Connections,Externa OAuth-anslutningar,SuiteCRM-Core,sv-published-20260918,$mod_strings['LNK_EXTERNAL_OAUTH_CONNECTIONS'],,project-context,d62957410886c15aa45cc48b,reviewed-receipt,https://github.com/yeager/translations/blob/67e6d27877c9cfd6b6dbc74bd852b10bdbe09c3c/SuiteCRM-Core/sv-published-20260918.json,e4f7faaa5625d277e7a537f5b555c2fd753d326636e98deb288463e96d6356f7,{}
5e7a056f5391006f5a7591a4,Select Subscribed Folder(s),Välj prenumererade mappar,SuiteCRM-Core,sv-inbound-email-810-b-published-20260919,$mod_strings['LBL_SELECT_SUBSCRIBED_FOLDERS'],,project-context,279156e6c8b44d23c24892dd,reviewed-receipt,https://github.com/yeager/translations/blob/67e6d27877c9cfd6b6dbc74bd852b10bdbe09c3c/SuiteCRM-Core/sv-inbound-email-810-b-published-20260919.json,50c081232ca5f44c5a35c5973a58367c6d6b8e57fb93b0bf46982142cf2626a9,{}
5e7b2291edbfccb57947790b,Select Checked Contacts,Välj markerade kontakter,SuiteCRM-Core,sv-contacts-final-810-published-20260919,$mod_strings['LBL_SELECT_CHECKED_BUTTON_TITLE'],,project-context,283432f7654e8cd41049b48c,reviewed-receipt,https://github.com/yeager/translations/blob/67e6d27877c9cfd6b6dbc74bd852b10bdbe09c3c/SuiteCRM-Core/sv-contacts-final-810-published-20260919.json,d978283a12dfb9b326a3d05a7e751d434c6e3ced5ebb9cf860d351c2ecd7f04d,{}
5eac67eba947adfffd7a8b4a,Tuesday,Tisdag,SuiteCRM-Core,sv-schedulers-810-a-published-20260919,$mod_strings['LBL_TUE'],,project-context,643da8bd080c374c71e56539,reviewed-receipt,https://github.com/yeager/translations/blob/67e6d27877c9cfd6b6dbc74bd852b10bdbe09c3c/SuiteCRM-Core/sv-schedulers-810-a-published-20260919.json,3c6c981f88e16e22e571d729a4bb12cc98db47334bbe03c18d6ed0001b81d8a8,{}
5ee366941b05b301f2bf9f00,Campaign ID,Kampanj-ID,SuiteCRM-Core,sv-accounts-a-810-published-20260919,$mod_strings['LBL_CAMPAIGN_ID'],,project-context,102f769f7d84b96ca55ec2bb,reviewed-receipt,https://github.com/yeager/translations/blob/67e6d27877c9cfd6b6dbc74bd852b10bdbe09c3c/SuiteCRM-Core/sv-accounts-a-810-published-20260919.json,ea12294a7550adccf7f3bd2ee5ba9c0f994224671cce0ee6ffbeaf4e4d1eedb2,{}
5ee8431357a88d96c35bbdab,Assign To User,Tilldela till användare,SuiteCRM-Core,sv-published-20260918,$mod_strings['LBL_ASSIGN_TO_USER'],,project-context,3e6b4333cb421c3f897d4f12,reviewed-receipt,https://github.com/yeager/translations/blob/67e6d27877c9cfd6b6dbc74bd852b10bdbe09c3c/SuiteCRM-Core/sv-published-20260918.json,e4f7faaa5625d277e7a537f5b555c2fd753d326636e98deb288463e96d6356f7,{}
5ee9afb5268a066373e924c9,Back to Group Inbox,Tillbaka till gruppinkorgen,SuiteCRM-Core,sv-published-20260918,$mod_strings['LBL_BACK_TO_GROUP'],,project-context,28f82b3f94bc980d7c24943c,reviewed-receipt,https://github.com/yeager/translations/blob/67e6d27877c9cfd6b6dbc74bd852b10bdbe09c3c/SuiteCRM-Core/sv-published-20260918.json,e4f7faaa5625d277e7a537f5b555c2fd753d326636e98deb288463e96d6356f7,{}
5f02791ff112e0eebd8cb8f7,Monday,Måndag,SuiteCRM-Core,sv-schedulers-810-a-published-20260919,$mod_strings['LBL_MON'],,project-context,13d1cde44ffca2681e0c6e19,reviewed-receipt,https://github.com/yeager/translations/blob/67e6d27877c9cfd6b6dbc74bd852b10bdbe09c3c/SuiteCRM-Core/sv-schedulers-810-a-published-20260919.json,3c6c981f88e16e22e571d729a4bb12cc98db47334bbe03c18d6ed0001b81d8a8,{}
5f0f8099055378016588acef,Map,Karta,SuiteCRM-Core,sv-maps-810-20260919,$mod_strings['LBL_MAP'],,project-context,e2dc5fba80a01bb70170fa4c,reviewed-receipt,https://github.com/yeager/translations/blob/67e6d27877c9cfd6b6dbc74bd852b10bdbe09c3c/SuiteCRM-Core/sv-maps-810-20260919.json,babb99544bc99a7d3dd3311ec921677cbf9ba177a2772b3a197170fe77e2a1f4,"{""artifact"":""https://crowdin.com/project/suitecrm-core"",""sha256"":""4a68670536f4a65c7177077402d8d46978cea57b9023d0c1a6609e2216908488""}"
5f3bbf56450547435253df56,Example,Exempel,SuiteCRM-Core,sv-import-b-810-published-20260919,$mod_strings['LBL_LOCALE_EXAMPLE_NAME_FORMAT'],,project-context,cfc8bdd96845db0faab4b6d0,reviewed-receipt,https://github.com/yeager/translations/blob/67e6d27877c9cfd6b6dbc74bd852b10bdbe09c3c/SuiteCRM-Core/sv-import-b-810-published-20260919.json,5f4039ac59b7e23dcc8052f95f9ba8304e9ceaa834d2b41c8057e1f955008824,{}
5f4a2c47614372b0fb2e8002,Other Email:,Annan e-postadress:,SuiteCRM-Core,sv-accounts-final-810-published-20260919,$mod_strings['LBL_OTHER_EMAIL_ADDRESS'],,project-context,1dfbf68924af6b79af2f2850,reviewed-receipt,https://github.com/yeager/translations/blob/67e6d27877c9cfd6b6dbc74bd852b10bdbe09c3c/SuiteCRM-Core/sv-accounts-final-810-published-20260919.json,f99b6b196fed5b4409a55d1296241bb29b890401afe16c0f8654ddadb9c6a43b,{}
5f6b0f77ac3cb46270e2e1bc,Users,Användare,SuiteCRM-Core,sv-published-20260918,$mod_strings['LBL_MODULE_NAME'],,project-context,7e46a265363a4e3fecb8e461,reviewed-receipt,https://github.com/yeager/translations/blob/67e6d27877c9cfd6b6dbc74bd852b10bdbe09c3c/SuiteCRM-Core/sv-published-20260918.json,e4f7faaa5625d277e7a537f5b555c2fd753d326636e98deb288463e96d6356f7,{}
5f93d87db5708e4b2a433ac2,Create Account,Skapa företag,SuiteCRM-Core,sv-contacts-final-810-published-20260919,$mod_strings['LNK_NEW_ACCOUNT'],,project-context,08dd10827aa496f4c834e2c0,reviewed-receipt,https://github.com/yeager/translations/blob/67e6d27877c9cfd6b6dbc74bd852b10bdbe09c3c/SuiteCRM-Core/sv-contacts-final-810-published-20260919.json,d978283a12dfb9b326a3d05a7e751d434c6e3ced5ebb9cf860d351c2ecd7f04d,{}
60501f564e7eba82868d8ee4,to,till,SuiteCRM-Core,sv-schedulers-810-a-published-20260919,$mod_strings['LBL_RANGE'],,project-context,9bb1a04c5f8720b9dcbc828e,reviewed-receipt,https://github.com/yeager/translations/blob/67e6d27877c9cfd6b6dbc74bd852b10bdbe09c3c/SuiteCRM-Core/sv-schedulers-810-a-published-20260919.json,3c6c981f88e16e22e571d729a4bb12cc98db47334bbe03c18d6ed0001b81d8a8,{}
605a5aaf0cd8e9410e81a5f4,File Name,Filnamn,SuiteCRM-Core,sv-upgradewizard-810-published-20260919,$mod_strings['LBL_UW_FILE'],,project-context,871dffeb7e6a7e05947f4ca7,reviewed-receipt,https://github.com/yeager/translations/blob/67e6d27877c9cfd6b6dbc74bd852b10bdbe09c3c/SuiteCRM-Core/sv-upgradewizard-810-published-20260919.json,4c5e554ea18d559c3ec8998eb3613f5413dea4c4c95bb851b4a0695c85b6ef99,{}
606a36e3b17c1ee3c1814cf5,Enable Legacy Email Compose Behaviour,Aktivera äldre beteende för e-postskrivning,SuiteCRM-Core,sv-published-20260918,$mod_strings['LBL_LEGACY_EMAIL_COMPOSE_BEHAVIOR'],,project-context,d0b77ee5f806f6b7991a1e91,reviewed-receipt,https://github.com/yeager/translations/blob/67e6d27877c9cfd6b6dbc74bd852b10bdbe09c3c/SuiteCRM-Core/sv-published-20260918.json,e4f7faaa5625d277e7a537f5b555c2fd753d326636e98deb288463e96d6356f7,{}
60935428e5ee956ede5d0682,Recipient Name,Mottagarens namn,SuiteCRM-Core,sv-published-20260918,$mod_strings['LBL_LIST_RECIPIENT_NAME'],,project-context,a5ab0f08672ae69a35224031,reviewed-receipt,https://github.com/yeager/translations/blob/67e6d27877c9cfd6b6dbc74bd852b10bdbe09c3c/SuiteCRM-Core/sv-published-20260918.json,e4f7faaa5625d277e7a537f5b555c2fd753d326636e98deb288463e96d6356f7,{}
60c0992110c082529b030081,Mail Account Properties,Egenskaper för e-postkonto,SuiteCRM-Core,sv-published-20260918,$mod_strings['LBL_EMAIL_ACCOUNTS_INBOUND'],,project-context,eff914097c1b704c1ca339b2,reviewed-receipt,https://github.com/yeager/translations/blob/67e6d27877c9cfd6b6dbc74bd852b10bdbe09c3c/SuiteCRM-Core/sv-published-20260918.json,e4f7faaa5625d277e7a537f5b555c2fd753d326636e98deb288463e96d6356f7,{}
61570cd728cac90b2f89083d,Billing Street 2,Faktureringsadressrad 2,SuiteCRM-Core,sv-accounts-a-810-published-20260919,$mod_strings['LBL_BILLING_ADDRESS_STREET_2'],,project-context,662740c5bb31ce2816e84092,reviewed-receipt,https://github.com/yeager/translations/blob/67e6d27877c9cfd6b6dbc74bd852b10bdbe09c3c/SuiteCRM-Core/sv-accounts-a-810-published-20260919.json,ea12294a7550adccf7f3bd2ee5ba9c0f994224671cce0ee6ffbeaf4e4d1eedb2,{}
61b25fd53f8bca7823bacd46,Has test data,Har testdata,SuiteCRM-Core,sv-emailmarketing-security-810-published-20260919,$mod_strings['LBL_HAS_TEST_DATA'],,project-context,b31e2a75bf21711a6604605d,reviewed-receipt,https://github.com/yeager/translations/blob/67e6d27877c9cfd6b6dbc74bd852b10bdbe09c3c/SuiteCRM-Core/sv-emailmarketing-security-810-published-20260919.json,3204b94182121e6c1d8e5d51e878c17a5e85cc78187db29beb922e12fae48b78,{}
620edfd9ece0f65deb732760,Outbound Configuration,Konfiguration av utgående e-post,SuiteCRM-Core,sv-inbound-email-810-published-20260919,$mod_strings['LBL_OUTBOUND_CONFIGURATION'],,project-context,709287e8ec020621cf11bda4,reviewed-receipt,https://github.com/yeager/translations/blob/67e6d27877c9cfd6b6dbc74bd852b10bdbe09c3c/SuiteCRM-Core/sv-inbound-email-810-published-20260919.json,8ff080143649204a50f3a20eee408535d517ed526e8c4bad972910fef8c046e2,{}
62317794932ee12e5746f8b0,Percent complete,Procent klart,SuiteCRM-Core,sv-schedulerjobs-810-published-20260919,$mod_strings['LBL_PERCENT'],,project-context,b02c37f4a45009f7ec4dbb74,reviewed-receipt,https://github.com/yeager/translations/blob/67e6d27877c9cfd6b6dbc74bd852b10bdbe09c3c/SuiteCRM-Core/sv-schedulerjobs-810-published-20260919.json,39ece1dd6abbe7117cd3f0433632a40e1beb4e595e8ab66ce266caf7d0c35321,{}
625e7cd561583f6134d1e7f9,Numeric (Decimal Allowed),Numerisk (decimaler tillåtna),SuiteCRM-Core,sv-import-810-reviewed-20260919,$mod_strings['LBL_IMPORT_FIELDDEF_FLOAT'],,project-context,371b04856117c6583cdc77ce,reviewed-receipt,https://github.com/yeager/translations/blob/67e6d27877c9cfd6b6dbc74bd852b10bdbe09c3c/SuiteCRM-Core/sv-import-810-reviewed-20260919.json,9ad9f80f27abc071d9102bbd8cefb9bc43256bdad442051d55760286d830c3b0,{}
627404c5440a31c9fe25ac70,All,Alla,SuiteCRM-Core,sv-published-20260918,$mod_strings['LBL_ALL'],,project-context,97fd3448f14eead7f7a45596,reviewed-receipt,https://github.com/yeager/translations/blob/67e6d27877c9cfd6b6dbc74bd852b10bdbe09c3c/SuiteCRM-Core/sv-published-20260918.json,e4f7faaa5625d277e7a537f5b555c2fd753d326636e98deb288463e96d6356f7,{}
62741e7cc4cbd3a088d95ade,Emails:Tasks,E-post:Uppgifter,SuiteCRM-Core,sv-published-20260918,$mod_strings['LBL_EMAILS_TASKS_REL'],,project-context,1bbb1a0f36879d3edf9e4e62,reviewed-receipt,https://github.com/yeager/translations/blob/67e6d27877c9cfd6b6dbc74bd852b10bdbe09c3c/SuiteCRM-Core/sv-published-20260918.json,e4f7faaa5625d277e7a537f5b555c2fd753d326636e98deb288463e96d6356f7,{}
6278b909f84046bb09aa1512,Queue Campaign Emails,Köa kampanjmeddelanden,SuiteCRM-Core,sv-schedulers-810-published-20260919,$mod_strings['LBL_OOTB_SEND_EMAIL_TO_QUEUE'],,project-context,3b0921c7c8bb08021e83fe5b,reviewed-receipt,https://github.com/yeager/translations/blob/67e6d27877c9cfd6b6dbc74bd852b10bdbe09c3c/SuiteCRM-Core/sv-schedulers-810-published-20260919.json,33eb7afe2f29dd74f08bd921b07d01bf183499e1985dd5f49edf5433b2ce22bb,{}
62b3ca4aa45ab94d3791a90c,Run Nightly Process Bounced Campaign Emails,Kör nattlig hantering av studsade kampanjmeddelanden,SuiteCRM-Core,sv-schedulers-810-published-20260919,$mod_strings['LBL_OOTB_BOUNCE'],,project-context,e6fa3fa4c4de52ddd2c50f04,reviewed-receipt,https://github.com/yeager/translations/blob/67e6d27877c9cfd6b6dbc74bd852b10bdbe09c3c/SuiteCRM-Core/sv-schedulers-810-published-20260919.json,33eb7afe2f29dd74f08bd921b07d01bf183499e1985dd5f49edf5433b2ce22bb,{}
62b3ed22e940b38868d9ad87,Listview Pagination Type,Pagineringstyp för listvy,SuiteCRM-Core,sv-configurator-ui-810-published-20260919,$mod_strings['LBL_SET_LISTVIEW_PAGINATION_TYPE'],,project-context,3cbe7368be1efe4f6c9bf468,reviewed-receipt,https://github.com/yeager/translations/blob/67e6d27877c9cfd6b6dbc74bd852b10bdbe09c3c/SuiteCRM-Core/sv-configurator-ui-810-published-20260919.json,c2c1f7f6e07523183e318bd1273893e066f03c7dc66af3e9f80e12e615c6d038,{}
62e0bdd970771db873374785,Run Nightly Process Bounced Campaign Emails,Kör nattlig hantering av studsade kampanjmeddelanden,SuiteCRM-Core,sv-schedulers-810-a-published-20260919,$mod_strings['LBL_OOTB_BOUNCE'],,project-context,3155f575b513a4f5da7ed634,reviewed-receipt,https://github.com/yeager/translations/blob/67e6d27877c9cfd6b6dbc74bd852b10bdbe09c3c/SuiteCRM-Core/sv-schedulers-810-a-published-20260919.json,3c6c981f88e16e22e571d729a4bb12cc98db47334bbe03c18d6ed0001b81d8a8,{}
63060bd69755fb8ceb902f8c,Type,Typ,SuiteCRM-Core,sv-outbound-email-810-published-20260919,$mod_strings['LBL_TYPE'],,project-context,dec52f81e727dd1d0dd6b1fb,reviewed-receipt,https://github.com/yeager/translations/blob/67e6d27877c9cfd6b6dbc74bd852b10bdbe09c3c/SuiteCRM-Core/sv-outbound-email-810-published-20260919.json,971cdcc19e79f693c13cb15c9aee0f659a84a6c378a69f16b9dae9f6b2d70244,{}
6317fc4ed1cbe1960ac1284c,Meetings,Möten,SuiteCRM-Core,sv-published-20260918,$mod_strings['LNK_MEETING_LIST'],,project-context,4586fc676d41c9b53639b1ac,reviewed-receipt,https://github.com/yeager/translations/blob/67e6d27877c9cfd6b6dbc74bd852b10bdbe09c3c/SuiteCRM-Core/sv-published-20260918.json,e4f7faaa5625d277e7a537f5b555c2fd753d326636e98deb288463e96d6356f7,{}
63310120eddc4b946c2ee24c,Assigned to,Tilldelad till,SuiteCRM-Core,sv-leads-a-810-published-20260919,$mod_strings['LBL_ASSIGNED_TO_NAME'],,project-context,8542d471e88cb78bf1f453ab,reviewed-receipt,https://github.com/yeager/translations/blob/67e6d27877c9cfd6b6dbc74bd852b10bdbe09c3c/SuiteCRM-Core/sv-leads-a-810-published-20260919.json,60952907a18a1fa8bb5cc88e44ed4c1176c7ffce44a7c94450b6ef6b204e5217,"{""artifact"":""https://crowdin.com/project/suitecrm-core"",""sha256"":""84f03349db2277260e295238316e2594e88c361e5442319c1ed27b59b64e076a""}"
639aa553c0e8c25a08034afe,Delete,Ta bort,SuiteCRM-Core,sv-published-20260918,$mod_strings['LBL_DELETED'],,project-context,dda7059c9d541069b31e8492,reviewed-receipt,https://github.com/yeager/translations/blob/67e6d27877c9cfd6b6dbc74bd852b10bdbe09c3c/SuiteCRM-Core/sv-published-20260918.json,e4f7faaa5625d277e7a537f5b555c2fd753d326636e98deb288463e96d6356f7,{}
63b9ce190376262f5574a4d8,Possible Actions,Möjliga åtgärder,SuiteCRM-Core,sv-inbound-email-810-a-published-20260919,$mod_strings['LBL_MAILBOX_TYPE'],,project-context,ed410f15a2bb709c56fa2bff,reviewed-receipt,https://github.com/yeager/translations/blob/67e6d27877c9cfd6b6dbc74bd852b10bdbe09c3c/SuiteCRM-Core/sv-inbound-email-810-a-published-20260919.json,67b8a04fd03d3b56d9f5e2549ac38263fc2b653e270ecd0097cbd7e2a30e424a,{}
6415afa9533c77ef188dacb8,Drafts,Utkast,SuiteCRM-Core,sv-inbound-email-810-c-published-20260919,$mod_strings['LNK_MY_DRAFTS'],,project-context,dcb41cafcc2d1d9ec3326b18,reviewed-receipt,https://github.com/yeager/translations/blob/67e6d27877c9cfd6b6dbc74bd852b10bdbe09c3c/SuiteCRM-Core/sv-inbound-email-810-c-published-20260919.json,efc326506d8e54d83cdc6cf68ddf8af5b427dbb93c869334100bc3d2383e119a,{}
643318726ec6d1e4da528f57,Run Nightly Mass Email Campaigns,Kör nattliga massutskickskampanjer,SuiteCRM-Core,sv-schedulers-810-a-published-20260919,$mod_strings['LBL_OOTB_CAMPAIGN'],,project-context,6c2f831fd9c5e88b6b3a8e30,reviewed-receipt,https://github.com/yeager/translations/blob/67e6d27877c9cfd6b6dbc74bd852b10bdbe09c3c/SuiteCRM-Core/sv-schedulers-810-a-published-20260919.json,3c6c981f88e16e22e571d729a4bb12cc98db47334bbe03c18d6ed0001b81d8a8,{}
64594627ee28a05601dca920,Insert URL Reference,Infoga URL-referens,SuiteCRM-Core,sv-published-20260918,$mod_strings['LBL_INSERT_URL_REF'],,project-context,06f84438ddf9af754a2001ff,reviewed-receipt,https://github.com/yeager/translations/blob/67e6d27877c9cfd6b6dbc74bd852b10bdbe09c3c/SuiteCRM-Core/sv-published-20260918.json,e4f7faaa5625d277e7a537f5b555c2fd753d326636e98deb288463e96d6356f7,{}
648d6f07410dbf31e97e05b0,Any Text,Valfri text,SuiteCRM-Core,sv-import-810-reviewed-20260919,$mod_strings['LBL_IMPORT_FIELDDEF_VARCHAR'],,project-context,0633e3cb8c8802cd520a4e22,reviewed-receipt,https://github.com/yeager/translations/blob/67e6d27877c9cfd6b6dbc74bd852b10bdbe09c3c/SuiteCRM-Core/sv-import-810-reviewed-20260919.json,9ad9f80f27abc071d9102bbd8cefb9bc43256bdad442051d55760286d830c3b0,{}
64b7a26590f299d1e060d146,Friday,Fredag,SuiteCRM-Core,sv-schedulers-810-published-20260919,$mod_strings['LBL_FRI'],,project-context,6387a18c57402a91e315461d,reviewed-receipt,https://github.com/yeager/translations/blob/67e6d27877c9cfd6b6dbc74bd852b10bdbe09c3c/SuiteCRM-Core/sv-schedulers-810-published-20260919.json,33eb7afe2f29dd74f08bd921b07d01bf183499e1985dd5f49edf5433b2ce22bb,{}
64c0ba9198700e11edb34470,Used an existing contact,Använde en befintlig kontakt,SuiteCRM-Core,sv-contacts-b-810-published-20260919,$mod_strings['LBL_EXISTING_CONTACT'],,project-context,55091ca5d6440cdcb0cd7937,reviewed-receipt,https://github.com/yeager/translations/blob/67e6d27877c9cfd6b6dbc74bd852b10bdbe09c3c/SuiteCRM-Core/sv-contacts-b-810-published-20260919.json,d90efd721e18c4336904231d21d618d5245ef5fdaa19153e482b76ac0409f394,{}
64c888b87a8df70935caf066,Tuesday,Tisdag,SuiteCRM-Core,sv-schedulers-810-published-20260919,$mod_strings['LBL_TUE'],,project-context,11b4e2e0abacd591d42dd1fd,reviewed-receipt,https://github.com/yeager/translations/blob/67e6d27877c9cfd6b6dbc74bd852b10bdbe09c3c/SuiteCRM-Core/sv-schedulers-810-published-20260919.json,33eb7afe2f29dd74f08bd921b07d01bf183499e1985dd5f49edf5433b2ce22bb,{}
64ce5dbcd68eb5a581bd0a93,Inactive,Inaktiv,SuiteCRM-Core,sv-inbound-email-810-c-published-20260919,$mod_strings['LBL_STATUS_INACTIVE'],,project-context,ff3dc465aac6c11f8c8d100d,reviewed-receipt,https://github.com/yeager/translations/blob/67e6d27877c9cfd6b6dbc74bd852b10bdbe09c3c/SuiteCRM-Core/sv-inbound-email-810-c-published-20260919.json,efc326506d8e54d83cdc6cf68ddf8af5b427dbb93c869334100bc3d2383e119a,{}
64f22083b1629c30469421d7,Value,Värde,SuiteCRM-Core,sv-import-810-reviewed-20260919,$mod_strings['LBL_VALUE'],,project-context,b8ed91bdd2fb79e7c2828740,reviewed-receipt,https://github.com/yeager/translations/blob/67e6d27877c9cfd6b6dbc74bd852b10bdbe09c3c/SuiteCRM-Core/sv-import-810-reviewed-20260919.json,9ad9f80f27abc071d9102bbd8cefb9bc43256bdad442051d55760286d830c3b0,{}
64f6b2b4aa3148998417e558,Sent Email,Skickade e-postmeddelanden,SuiteCRM-Core,sv-inbound-email-810-published-20260919,$mod_strings['LBL_LIST_TITLE_MY_SENT'],,project-context,2a6c338aeb45f11f9e649e93,reviewed-receipt,https://github.com/yeager/translations/blob/67e6d27877c9cfd6b6dbc74bd852b10bdbe09c3c/SuiteCRM-Core/sv-inbound-email-810-published-20260919.json,8ff080143649204a50f3a20eee408535d517ed526e8c4bad972910fef8c046e2,{}
6517acfa88cbd4d1ef6b5374,Bcc:,Hemlig kopia:,SuiteCRM-Core,sv-published-20260918,$mod_strings['LBL_BCC'],,project-context,4869955ea437404a0ac0aeda,reviewed-receipt,https://github.com/yeager/translations/blob/67e6d27877c9cfd6b6dbc74bd852b10bdbe09c3c/SuiteCRM-Core/sv-published-20260918.json,e4f7faaa5625d277e7a537f5b555c2fd753d326636e98deb288463e96d6356f7,{}
65234af596f8a8ea2e71dbe6,List,Lista,SuiteCRM-Core,sv-import-a-810-published-20260919,$mod_strings['LBL_IMPORT_FIELDDEF_ENUM'],,project-context,534b03557b7ff9248ef8a5b6,reviewed-receipt,https://github.com/yeager/translations/blob/67e6d27877c9cfd6b6dbc74bd852b10bdbe09c3c/SuiteCRM-Core/sv-import-a-810-published-20260919.json,d30b91d43a7d7312345f4e9c032488a7f4fa9f3ca1774983d75ab8967114711b,{}
657e9599954b59cc3c46ea2d,Has Attachments,Har bilagor,SuiteCRM-Core,sv-published-20260918,$mod_strings['LBL_HAS_ATTACHMENT_INDICATOR'],,project-context,ad144718819b3adb582b1c8e,reviewed-receipt,https://github.com/yeager/translations/blob/67e6d27877c9cfd6b6dbc74bd852b10bdbe09c3c/SuiteCRM-Core/sv-published-20260918.json,e4f7faaa5625d277e7a537f5b555c2fd753d326636e98deb288463e96d6356f7,{}
658bb8e083c8cd88a4bad7fd,Access,Åtkomst,SuiteCRM-Core,sv-published-20260918,$mod_strings['LBL_USER_ACCESS'],,project-context,2fc53bd0f9e2b65e4f67412e,reviewed-receipt,https://github.com/yeager/translations/blob/67e6d27877c9cfd6b6dbc74bd852b10bdbe09c3c/SuiteCRM-Core/sv-published-20260918.json,e4f7faaa5625d277e7a537f5b555c2fd753d326636e98deb288463e96d6356f7,{}
65b427416e00a3116a09ce3d,Mail Account Usage,Användning av e-postkonto,SuiteCRM-Core,sv-inbound-email-810-published-20260919,$mod_strings['LBL_LIST_MAILBOX_TYPE'],,project-context,ace60a5e51ef877dd73308f3,reviewed-receipt,https://github.com/yeager/translations/blob/67e6d27877c9cfd6b6dbc74bd852b10bdbe09c3c/SuiteCRM-Core/sv-inbound-email-810-published-20260919.json,8ff080143649204a50f3a20eee408535d517ed526e8c4bad972910fef8c046e2,{}
66110a467e4e2884f6363e3e,Group,Grupp,SuiteCRM-Core,sv-published-20260918,$mod_strings['LBL_MAILBOX_TYPE_GROUP'],,project-context,c773f96a25ec1b36520f4e99,reviewed-receipt,https://github.com/yeager/translations/blob/67e6d27877c9cfd6b6dbc74bd852b10bdbe09c3c/SuiteCRM-Core/sv-published-20260918.json,e4f7faaa5625d277e7a537f5b555c2fd753d326636e98deb288463e96d6356f7,{}
662da0697d158c4ddf3c867c,Auth Type,Autentiseringstyp,SuiteCRM-Core,sv-outbound-email-810-published-20260919,$mod_strings['LBL_AUTH_TYPE'],,project-context,b2617fe933fd13a701ea43e1,reviewed-receipt,https://github.com/yeager/translations/blob/67e6d27877c9cfd6b6dbc74bd852b10bdbe09c3c/SuiteCRM-Core/sv-outbound-email-810-published-20260919.json,971cdcc19e79f693c13cb15c9aee0f659a84a6c378a69f16b9dae9f6b2d70244,{}
66925a73f828e2c4a3725fc8,Test,Testa,SuiteCRM-Core,sv-inbound-email-810-published-20260919,$mod_strings['LBL_TEST_BUTTON_TITLE'],,project-context,39619b611b030b78dfe1aa66,reviewed-receipt,https://github.com/yeager/translations/blob/67e6d27877c9cfd6b6dbc74bd852b10bdbe09c3c/SuiteCRM-Core/sv-inbound-email-810-published-20260919.json,8ff080143649204a50f3a20eee408535d517ed526e8c4bad972910fef8c046e2,{}
669fd83e399b18c88c8b0c72,Create Target,Skapa mottagare,SuiteCRM-Core,sv-emailmarketing-810-reviewed-20260919,$mod_strings['LNK_NEW_PROSPECT'],,project-context,5d694e115f0b7d09a70c9383,reviewed-receipt,https://github.com/yeager/translations/blob/67e6d27877c9cfd6b6dbc74bd852b10bdbe09c3c/SuiteCRM-Core/sv-emailmarketing-810-reviewed-20260919.json,5ec4491f9b64a0da78ac62fa97360cc4e284f94d49fc10bc6c878b997b7ea8af,{}
66b1a5587617b709f0365103,Deleted,Borttagen,SuiteCRM-Core,sv-address-cache-followup-810-20260919,$mod_strings['LBL_DELETED'],,project-context,26051d5bea4300c5ccabe98f,reviewed-receipt,https://github.com/yeager/translations/blob/67e6d27877c9cfd6b6dbc74bd852b10bdbe09c3c/SuiteCRM-Core/sv-address-cache-followup-810-20260919.json,c7e99432ec0b3f570a7b414e45f71b3660b21aa2c1e499d010ab737c90e56bef,"{""artifact"":""https://crowdin.com/project/suitecrm-core"",""sha256"":""d374081e1438531c4523ad34f8ae733fdf0473c39d32d47fc4bd8ec64f3f2b62""}"
66b8887082e0b59c9e7eca9f,Inactive,Inaktiv,SuiteCRM-Core,sv-inbound-email-810-published-20260919,$mod_strings['LBL_STATUS_INACTIVE'],,project-context,b1d6502a5909d0b8fce55e6d,reviewed-receipt,https://github.com/yeager/translations/blob/67e6d27877c9cfd6b6dbc74bd852b10bdbe09c3c/SuiteCRM-Core/sv-inbound-email-810-published-20260919.json,8ff080143649204a50f3a20eee408535d517ed526e8c4bad972910fef8c046e2,{}
66e09ea2dff10c254cba8e9a,Name Display Format,Visningsformat för namn,SuiteCRM-Core,sv-published-20260918,$mod_strings['LBL_LOCALE_DEFAULT_NAME_FORMAT'],,project-context,19e0b28a3c38f76044a64b5b,reviewed-receipt,https://github.com/yeager/translations/blob/67e6d27877c9cfd6b6dbc74bd852b10bdbe09c3c/SuiteCRM-Core/sv-published-20260918.json,e4f7faaa5625d277e7a537f5b555c2fd753d326636e98deb288463e96d6356f7,{}
66f320e98ce1d6805dfb1cc5,Never,Aldrig,SuiteCRM-Core,sv-schedulers-810-published-20260919,$mod_strings['LBL_NEVER'],,project-context,1805391674c853d062465490,reviewed-receipt,https://github.com/yeager/translations/blob/67e6d27877c9cfd6b6dbc74bd852b10bdbe09c3c/SuiteCRM-Core/sv-schedulers-810-published-20260919.json,33eb7afe2f29dd74f08bd921b07d01bf183499e1985dd5f49edf5433b2ce22bb,{}
674ce128382b018308a4df83,Elasticsearch indexer,Elasticsearch-indexerare,SuiteCRM-Core,sv-schedulers-810-published-20260919,$mod_strings['LBL_RUNELASTICSEARCHINDEXERSCHEDULER'],,project-context,1cc300916ef7c79ecb37b962,reviewed-receipt,https://github.com/yeager/translations/blob/67e6d27877c9cfd6b6dbc74bd852b10bdbe09c3c/SuiteCRM-Core/sv-schedulers-810-published-20260919.json,33eb7afe2f29dd74f08bd921b07d01bf183499e1985dd5f49edf5433b2ce22bb,{}
6767fa8cee002e44a31bf07e,Portal Name:,Portalnamn:,SuiteCRM-Core,sv-contacts-b-810-published-20260919,$mod_strings['LBL_PORTAL_NAME'],,project-context,57231adf4fbdff703022635c,reviewed-receipt,https://github.com/yeager/translations/blob/67e6d27877c9cfd6b6dbc74bd852b10bdbe09c3c/SuiteCRM-Core/sv-contacts-b-810-published-20260919.json,d90efd721e18c4336904231d21d618d5245ef5fdaa19153e482b76ac0409f394,{}
6768821a77fd080bf3f4e4ab,Default Value,Standardvärde,SuiteCRM-Core,sv-import-b-810-published-20260919,$mod_strings['LBL_DEFAULT_VALUE'],,project-context,9e84e06e0e54b71b32361a85,reviewed-receipt,https://github.com/yeager/translations/blob/67e6d27877c9cfd6b6dbc74bd852b10bdbe09c3c/SuiteCRM-Core/sv-import-b-810-published-20260919.json,5f4039ac59b7e23dcc8052f95f9ba8304e9ceaa834d2b41c8057e1f955008824,{}
676e9fd2acf937d1a3743ec7,Export,Exportera,SuiteCRM-Core,sv-acl-810-published-20260919,$mod_strings['LBL_ACTION_EXPORT'],,project-context,544e9537abcfc68bdb60f1b7,reviewed-receipt,https://github.com/yeager/translations/blob/67e6d27877c9cfd6b6dbc74bd852b10bdbe09c3c/SuiteCRM-Core/sv-acl-810-published-20260919.json,c3d79cc04f48d5a83982b3c13a5bf197dcb035625008d4cec3b1a07c4d7311de,{}
678939632a95b43c39783255,No Header Row Found,Ingen rubrikrad hittades,SuiteCRM-Core,sv-import-810-reviewed-20260919,$mod_strings['LBL_MISSING_HEADER_ROW'],,project-context,77fd83922d00045dd7373bcd,reviewed-receipt,https://github.com/yeager/translations/blob/67e6d27877c9cfd6b6dbc74bd852b10bdbe09c3c/SuiteCRM-Core/sv-import-810-reviewed-20260919.json,9ad9f80f27abc071d9102bbd8cefb9bc43256bdad442051d55760286d830c3b0,{}
678f730875f4d8d7cd21de9a,Case Configuration,Ärendekonfiguration,SuiteCRM-Core,sv-inbound-email-810-published-20260919,$mod_strings['LBL_CASE_CONFIGURATION'],,project-context,8fa3c3ff572cb43523364090,reviewed-receipt,https://github.com/yeager/translations/blob/67e6d27877c9cfd6b6dbc74bd852b10bdbe09c3c/SuiteCRM-Core/sv-inbound-email-810-published-20260919.json,8ff080143649204a50f3a20eee408535d517ed526e8c4bad972910fef8c046e2,{}
67a435124b03c5de300730f5,Shipping Address:,Leveransadress:,SuiteCRM-Core,sv-accounts-final-810-published-20260919,$mod_strings['LBL_SHIPPING_ADDRESS'],,project-context,8f2d4a9b5afd04a9f35f3709,reviewed-receipt,https://github.com/yeager/translations/blob/67e6d27877c9cfd6b6dbc74bd852b10bdbe09c3c/SuiteCRM-Core/sv-accounts-final-810-published-20260919.json,f99b6b196fed5b4409a55d1296241bb29b890401afe16c0f8654ddadb9c6a43b,{}
67d60a8493466e42b45df167,records updated successfully,Poster skapade eller uppdaterade framgångsrikt,SuiteCRM-Core,sv-import-810-reviewed-20260919,$mod_strings['LBL_UPDATE_SUCCESSFULLY'],,project-context,2c8c91fd516a51ee7d0ba0ba,reviewed-receipt,https://github.com/yeager/translations/blob/67e6d27877c9cfd6b6dbc74bd852b10bdbe09c3c/SuiteCRM-Core/sv-import-810-reviewed-20260919.json,9ad9f80f27abc071d9102bbd8cefb9bc43256bdad442051d55760286d830c3b0,{}
67e74434063424ecc8ad001f,Email Address,E-postadress,SuiteCRM-Core,sv-published-20260918,$mod_strings['LBL_EMAIL'],,project-context,4a9058e7d2d5ff7222d9924e,reviewed-receipt,https://github.com/yeager/translations/blob/67e6d27877c9cfd6b6dbc74bd852b10bdbe09c3c/SuiteCRM-Core/sv-published-20260918.json,e4f7faaa5625d277e7a537f5b555c2fd753d326636e98deb288463e96d6356f7,{}
67eb1bb3b5c78c17d912ca20,Day,Dag,SuiteCRM-Core,sv-published-20260918,$mod_strings['LBL_SUBTHEME_OPTIONS_DAY'],,project-context,edd4935c34c5de7958ba4b1f,reviewed-receipt,https://github.com/yeager/translations/blob/67e6d27877c9cfd6b6dbc74bd852b10bdbe09c3c/SuiteCRM-Core/sv-published-20260918.json,e4f7faaa5625d277e7a537f5b555c2fd753d326636e98deb288463e96d6356f7,{}
67ec367f6a01b988725b4c61,Undo Import,Ångra senaste importen,SuiteCRM-Core,sv-import-810-reviewed-20260919,$mod_strings['LBL_UNDO_LAST_IMPORT'],,project-context,876d2dae52dcad730ad680e8,reviewed-receipt,https://github.com/yeager/translations/blob/67e6d27877c9cfd6b6dbc74bd852b10bdbe09c3c/SuiteCRM-Core/sv-import-810-reviewed-20260919.json,9ad9f80f27abc071d9102bbd8cefb9bc43256bdad442051d55760286d830c3b0,{}
6818df0acaed62c7a93b9f2f,Exit,Importen färdig,SuiteCRM-Core,sv-import-810-reviewed-20260919,$mod_strings['LBL_IMPORT_COMPLETE'],,project-context,7909b80380d935eeda905681,reviewed-receipt,https://github.com/yeager/translations/blob/67e6d27877c9cfd6b6dbc74bd852b10bdbe09c3c/SuiteCRM-Core/sv-import-810-reviewed-20260919.json,9ad9f80f27abc071d9102bbd8cefb9bc43256bdad442051d55760286d830c3b0,{}
686149715169aeaf851ddbf1,Invalid datetime,Ogiltigt datum och klockslag,SuiteCRM-Core,sv-import-810-reviewed-20260919,$mod_strings['LBL_ERROR_INVALID_DATETIMECOMBO'],,project-context,37c56576b318f19a06c9455f,reviewed-receipt,https://github.com/yeager/translations/blob/67e6d27877c9cfd6b6dbc74bd852b10bdbe09c3c/SuiteCRM-Core/sv-import-810-reviewed-20260919.json,9ad9f80f27abc071d9102bbd8cefb9bc43256bdad442051d55760286d830c3b0,{}
6874937ebc8d324592f1836e,Emails:Bugs,E-post:Felrapporter,SuiteCRM-Core,sv-published-20260918,$mod_strings['LBL_EMAILS_BUGS_REL'],,project-context,33ea511899260736d5592476,reviewed-receipt,https://github.com/yeager/translations/blob/67e6d27877c9cfd6b6dbc74bd852b10bdbe09c3c/SuiteCRM-Core/sv-published-20260918.json,e4f7faaa5625d277e7a537f5b555c2fd753d326636e98deb288463e96d6356f7,{}
6898b9399bcdec0caea51a94,Use SSL,Använd SSL,SuiteCRM-Core,sv-inbound-email-810-b-published-20260919,$mod_strings['LBL_SSL'],,project-context,1d974528d563fa7583dc3e98,reviewed-receipt,https://github.com/yeager/translations/blob/67e6d27877c9cfd6b6dbc74bd852b10bdbe09c3c/SuiteCRM-Core/sv-inbound-email-810-b-published-20260919.json,50c081232ca5f44c5a35c5973a58367c6d6b8e57fb93b0bf46982142cf2626a9,{}
68f834c8f0503e3ae2b640e8,Quick Create,Snabbskapa,SuiteCRM-Core,sv-published-20260918,$mod_strings['LBL_QUICK_CREATE'],,project-context,568e48a0676feb180d9a4d73,reviewed-receipt,https://github.com/yeager/translations/blob/67e6d27877c9cfd6b6dbc74bd852b10bdbe09c3c/SuiteCRM-Core/sv-published-20260918.json,e4f7faaa5625d277e7a537f5b555c2fd753d326636e98deb288463e96d6356f7,{}
69012f8cb8ca28eec2f78b64,Google Geocoding Limit:,Gräns för Google-geokodning:,SuiteCRM-Core,suitecrm-geocode-groups-810-20260920,$mod_strings['LBL_CONFIG_GOOGLE_GEOCODING_LIMIT_TITLE'],,project-context,f6f189edbccdab67dc48854f,reviewed-receipt,https://github.com/yeager/translations/blob/67e6d27877c9cfd6b6dbc74bd852b10bdbe09c3c/SuiteCRM-Core/suitecrm-geocode-groups-810-20260920.json,ad654ac15e6a6e162ab89a8427d96f4c1df338dd8c27abb43552493328c05b1a,"{""artifact"":""https://crowdin.com/project/suitecrm-core"",""sha256"":""1be9425d48a8387f345a96ba467a4f7eb68223d106e04b186c396812c47d167f""}"
69285ae55bc5f28b705af503,Billing Address,Fakturaadress,SuiteCRM-Core,sv-maps-addresses-810-20260919,$mod_strings['LBL_BILLING_ADDRESS'],,project-context,98a69a772297743efb7633c1,reviewed-receipt,https://github.com/yeager/translations/blob/67e6d27877c9cfd6b6dbc74bd852b10bdbe09c3c/SuiteCRM-Core/sv-maps-addresses-810-20260919.json,44576ef9f8dc305321c28b8abe1953a600343546e72a71706a55a867fcfcb0f0,"{""artifact"":""https://crowdin.com/project/suitecrm-core"",""sha256"":""e7c2638c4b7e09e2e2b14a0ad3274cc209b00690043c1e947db7a2c505ce5c3e""}"
6953e3880d4f7dc91bbcfe1a,Run Report Generation Scheduled Tasks,Kör schemalagda uppgifter för rapportgenerering,SuiteCRM-Core,sv-schedulers-810-a-published-20260919,$mod_strings['LBL_OOTB_REPORTS'],,project-context,dd836503aa8126b5b963626f,reviewed-receipt,https://github.com/yeager/translations/blob/67e6d27877c9cfd6b6dbc74bd852b10bdbe09c3c/SuiteCRM-Core/sv-schedulers-810-a-published-20260919.json,3c6c981f88e16e22e571d729a4bb12cc98db47334bbe03c18d6ed0001b81d8a8,{}
695cd77c113b31105d9ad89c,Use SMTP Authentication?,Använd SMTP-autentisering?,SuiteCRM-Core,sv-published-20260918,$mod_strings['LBL_MAIL_SMTPAUTH_REQ'],,project-context,8ad9d51fc560c510aa82230d,reviewed-receipt,https://github.com/yeager/translations/blob/67e6d27877c9cfd6b6dbc74bd852b10bdbe09c3c/SuiteCRM-Core/sv-published-20260918.json,e4f7faaa5625d277e7a537f5b555c2fd753d326636e98deb288463e96d6356f7,{}
69a833be05ac70cd1c7e383a,Proxy Settings,Proxyinställningar,SuiteCRM-Core,sv-configurator-ui-810-published-20260919,$mod_strings['LBL_PROXY_TITLE'],,project-context,f84abb90278b2a95b1d1ea14,reviewed-receipt,https://github.com/yeager/translations/blob/67e6d27877c9cfd6b6dbc74bd852b10bdbe09c3c/SuiteCRM-Core/sv-configurator-ui-810-published-20260919.json,c2c1f7f6e07523183e318bd1273893e066f03c7dc66af3e9f80e12e615c6d038,{}
69ba2c427a9f7c6d390ae887,Error deleting record:,Error radera poster:,SuiteCRM-Core,sv-import-810-reviewed-20260919,$mod_strings['LBL_ERROR_DELETING_RECORD'],,project-context,456cbeb4c3c26c448d21bc7f,reviewed-receipt,https://github.com/yeager/translations/blob/67e6d27877c9cfd6b6dbc74bd852b10bdbe09c3c/SuiteCRM-Core/sv-import-810-reviewed-20260919.json,9ad9f80f27abc071d9102bbd8cefb9bc43256bdad442051d55760286d830c3b0,{}
69c3b1c8e20449d5aabfee0d,View History,Visa historik,SuiteCRM-Core,sv-outbound-email-810-published-20260919,$mod_strings['LBL_HISTORY_SUBPANEL_TITLE'],,project-context,768abfd0bb2a2467f72d6e6a,reviewed-receipt,https://github.com/yeager/translations/blob/67e6d27877c9cfd6b6dbc74bd852b10bdbe09c3c/SuiteCRM-Core/sv-outbound-email-810-published-20260919.json,971cdcc19e79f693c13cb15c9aee0f659a84a6c378a69f16b9dae9f6b2d70244,{}
6a02065dd556d9b3f5ee2e32,Never,Aldrig,SuiteCRM-Core,sv-schedulers-810-b-published-20260919,$mod_strings['LBL_NEVER'],,project-context,d0886603bbb1aad1757d337d,reviewed-receipt,https://github.com/yeager/translations/blob/67e6d27877c9cfd6b6dbc74bd852b10bdbe09c3c/SuiteCRM-Core/sv-schedulers-810-b-published-20260919.json,548c9bc56c99a3a7538a1074815c96920bc4435741e6d93f91e406bcee6a6c47,{}
6a27ada1f0493592f098248e,All,Alla,SuiteCRM-Core,sv-configurator-ui-810-published-20260919,$mod_strings['LBL_ALL'],,project-context,4994265ed6499a26948a4207,reviewed-receipt,https://github.com/yeager/translations/blob/67e6d27877c9cfd6b6dbc74bd852b10bdbe09c3c/SuiteCRM-Core/sv-configurator-ui-810-published-20260919.json,c2c1f7f6e07523183e318bd1273893e066f03c7dc66af3e9f80e12e615c6d038,{}
6a43a9dc18fe667b578a1927,Group User,Gruppanvändare,SuiteCRM-Core,sv-published-20260918,$mod_strings['LBL_GROUP_USER'],,project-context,bebfeee1b459d75b9ec736a0,reviewed-receipt,https://github.com/yeager/translations/blob/67e6d27877c9cfd6b6dbc74bd852b10bdbe09c3c/SuiteCRM-Core/sv-published-20260918.json,e4f7faaa5625d277e7a537f5b555c2fd753d326636e98deb288463e96d6356f7,{}
6a639ea62cf9a6f365c72a5e,of,av,SuiteCRM-Core,sv-import-b-810-published-20260919,$mod_strings['LBL_IMPORT_RECORDS_OF'],,project-context,2887fdee4d909ae274b16338,reviewed-receipt,https://github.com/yeager/translations/blob/67e6d27877c9cfd6b6dbc74bd852b10bdbe09c3c/SuiteCRM-Core/sv-import-b-810-published-20260919.json,5f4039ac59b7e23dcc8052f95f9ba8304e9ceaa834d2b41c8057e1f955008824,{}
6a67c2e1b34c1246bfcfc26c,Remove,Ta bort,SuiteCRM-Core,sv-outbound-email-810-published-20260919,$mod_strings['LBL_REMOVE'],,project-context,a72229682e39e82f8afd6f27,reviewed-receipt,https://github.com/yeager/translations/blob/67e6d27877c9cfd6b6dbc74bd852b10bdbe09c3c/SuiteCRM-Core/sv-outbound-email-810-published-20260919.json,971cdcc19e79f693c13cb15c9aee0f659a84a6c378a69f16b9dae9f6b2d70244,{}
6a6d9f4aa704c28aebabd3f0,Activities,Aktiviteter,SuiteCRM-Core,sv-contacts-a-810-published-20260919,$mod_strings['LBL_ACTIVITIES_SUBPANEL_TITLE'],,project-context,4a332ecdb8358bfe8f0fd5a8,reviewed-receipt,https://github.com/yeager/translations/blob/67e6d27877c9cfd6b6dbc74bd852b10bdbe09c3c/SuiteCRM-Core/sv-contacts-a-810-published-20260919.json,10584b485e200c6f1c96340054304bbf1333d0f5bdb89bae8947c2df5c4c0947,{}
6a8341dc3a3c0856c4fc5e07,Views,Vyer,SuiteCRM-Core,sv-accounts-a-810-published-20260919,$mod_strings['LBL_DEFAULT'],,project-context,34d17aca0f5592daf59aaada,reviewed-receipt,https://github.com/yeager/translations/blob/67e6d27877c9cfd6b6dbc74bd852b10bdbe09c3c/SuiteCRM-Core/sv-accounts-a-810-published-20260919.json,ea12294a7550adccf7f3bd2ee5ba9c0f994224671cce0ee6ffbeaf4e4d1eedb2,{}
6a8c44946c216ce80a4858a7,Add SuiteCRM Dashlets,Lägg till SuiteCRM-informationspaneler,SuiteCRM-Core,sv-published-20260918,$mod_strings['LBL_ADD_DASHLETS'],,project-context,3d1bca8579306cdaf5d18ad4,reviewed-receipt,https://github.com/yeager/translations/blob/67e6d27877c9cfd6b6dbc74bd852b10bdbe09c3c/SuiteCRM-Core/sv-published-20260918.json,e4f7faaa5625d277e7a537f5b555c2fd753d326636e98deb288463e96d6356f7,{}
6aa59195055cdff855e96dd5,Inbound Email Accounts,Konton för inkommande e-post,SuiteCRM-Core,sv-outbound-email-810-published-20260919,$mod_strings['LNK_LIST_INBOUND_EMAIL_ACCOUNTS'],,project-context,b49667fabfd47000468b1ce1,reviewed-receipt,https://github.com/yeager/translations/blob/67e6d27877c9cfd6b6dbc74bd852b10bdbe09c3c/SuiteCRM-Core/sv-outbound-email-810-published-20260919.json,971cdcc19e79f693c13cb15c9aee0f659a84a6c378a69f16b9dae9f6b2d70244,{}
6ac13c93794f3517df273af3,Users,Användare,SuiteCRM-Core,sv-published-20260918,$mod_strings['LBL_USERS'],,project-context,b06063010df091155895ba9e,reviewed-receipt,https://github.com/yeager/translations/blob/67e6d27877c9cfd6b6dbc74bd852b10bdbe09c3c/SuiteCRM-Core/sv-published-20260918.json,e4f7faaa5625d277e7a537f5b555c2fd753d326636e98deb288463e96d6356f7,{}
6ad24a7d73539c6ae1220b3c,Account,Konto,SuiteCRM-Core,sv-published-20260918,$mod_strings['LBL_ACCOUNT'],,project-context,e88ce2d44fa93824872a8921,reviewed-receipt,https://github.com/yeager/translations/blob/67e6d27877c9cfd6b6dbc74bd852b10bdbe09c3c/SuiteCRM-Core/sv-published-20260918.json,e4f7faaa5625d277e7a537f5b555c2fd753d326636e98deb288463e96d6356f7,{}
6b0e60791350ba3f260e60b2,Group Inbox,Gruppinkorg,SuiteCRM-Core,sv-published-20260918,$mod_strings['LBL_LIST_TITLE_GROUP_INBOX'],,project-context,143cda9b4fdd5184d4343d71,reviewed-receipt,https://github.com/yeager/translations/blob/67e6d27877c9cfd6b6dbc74bd852b10bdbe09c3c/SuiteCRM-Core/sv-published-20260918.json,e4f7faaa5625d277e7a537f5b555c2fd753d326636e98deb288463e96d6356f7,{}
6b1e23cd43d96db20dce3aee,Send,Skicka,SuiteCRM-Core,sv-emailmarketing-810-reviewed-20260919,$mod_strings['LBL_SEND_BUTTON_LABEL'],,project-context,3b29906c6ba9818f6a56f74e,reviewed-receipt,https://github.com/yeager/translations/blob/67e6d27877c9cfd6b6dbc74bd852b10bdbe09c3c/SuiteCRM-Core/sv-emailmarketing-810-reviewed-20260919.json,5ec4491f9b64a0da78ac62fa97360cc4e284f94d49fc10bc6c878b997b7ea8af,{}
6b6db1ebb5bad7deb0bd6981,Removal of documents from filesystem,Ta bort dokument från filsystemet,SuiteCRM-Core,sv-schedulers-810-published-20260919,$mod_strings['LBL_OOTB_REMOVE_DOCUMENTS_FROM_FS'],,project-context,1eb56bd05f62451be00a7551,reviewed-receipt,https://github.com/yeager/translations/blob/67e6d27877c9cfd6b6dbc74bd852b10bdbe09c3c/SuiteCRM-Core/sv-schedulers-810-published-20260919.json,33eb7afe2f29dd74f08bd921b07d01bf183499e1985dd5f49edf5433b2ce22bb,{}
6b7dfe2960f087ac12bb9a33,Primary Address Street 3:,Primär adressrad 3:,SuiteCRM-Core,sv-contacts-final-810-published-20260919,$mod_strings['LBL_PRIMARY_ADDRESS_STREET_3'],,project-context,6a42e7cd830ce5a83f92b186,reviewed-receipt,https://github.com/yeager/translations/blob/67e6d27877c9cfd6b6dbc74bd852b10bdbe09c3c/SuiteCRM-Core/sv-contacts-final-810-published-20260919.json,d978283a12dfb9b326a3d05a7e751d434c6e3ced5ebb9cf860d351c2ecd7f04d,{}
6bcb6885e25eaa43cdaa2f1d,Bounce Handling Mailbox,Brevlåda för hantering av studsade e-postmeddelanden,SuiteCRM-Core,sv-inbound-email-810-b-published-20260919,$mod_strings['LBL_BOUNCE_MODULE_NAME'],,project-context,5b3bcdd3474b4e582aabe37b,reviewed-receipt,https://github.com/yeager/translations/blob/67e6d27877c9cfd6b6dbc74bd852b10bdbe09c3c/SuiteCRM-Core/sv-inbound-email-810-b-published-20260919.json,50c081232ca5f44c5a35c5973a58367c6d6b8e57fb93b0bf46982142cf2626a9,{}
6c1aee4b7110373f2ca5aeaa,Users,Användare,SuiteCRM-Core,sv-published-20260918,$mod_strings['LBL_USERS_SUBPANEL_TITLE'],,project-context,d9e2db5314d9a81c2771e14b,reviewed-receipt,https://github.com/yeager/translations/blob/67e6d27877c9cfd6b6dbc74bd852b10bdbe09c3c/SuiteCRM-Core/sv-published-20260918.json,e4f7faaa5625d277e7a537f5b555c2fd753d326636e98deb288463e96d6356f7,{}
6c26920e065aa91287bd995b,Bugs,Felrapporter,SuiteCRM-Core,sv-published-20260918,$mod_strings['LBL_BUGS_SUBPANEL_TITLE'],,project-context,7ef4817df120f4b4d7a02b42,reviewed-receipt,https://github.com/yeager/translations/blob/67e6d27877c9cfd6b6dbc74bd852b10bdbe09c3c/SuiteCRM-Core/sv-published-20260918.json,e4f7faaa5625d277e7a537f5b555c2fd753d326636e98deb288463e96d6356f7,{}
6c45c28d5e7385af4f5d4d23,Missing a temporary folder.,En temporär mapp saknas.,SuiteCRM-Core,sv-upgradewizard-810-published-20260919,$mod_strings['ERR_UW_PHP_FILE_ERRORS'][6],,project-context,4a9918a17ddb4c66b22a67fe,reviewed-receipt,https://github.com/yeager/translations/blob/67e6d27877c9cfd6b6dbc74bd852b10bdbe09c3c/SuiteCRM-Core/sv-upgradewizard-810-published-20260919.json,4c5e554ea18d559c3ec8998eb3613f5413dea4c4c95bb851b4a0695c85b6ef99,{}
6c7b9953c367d538f57e71e3,Activities,Aktiviteter,SuiteCRM-Core,sv-outbound-email-810-published-20260919,$mod_strings['LBL_ACTIVITIES_SUBPANEL_TITLE'],,project-context,9bba20dc5c016cce027c61a5,reviewed-receipt,https://github.com/yeager/translations/blob/67e6d27877c9cfd6b6dbc74bd852b10bdbe09c3c/SuiteCRM-Core/sv-outbound-email-810-published-20260919.json,971cdcc19e79f693c13cb15c9aee0f659a84a6c378a69f16b9dae9f6b2d70244,{}
6ca604858ab58eb736512e5e,Portal Information,Portaluppgifter,SuiteCRM-Core,sv-contacts-b-810-published-20260919,$mod_strings['LBL_PORTAL_INFORMATION'],,project-context,4654c8804e2175d8eb74568d,reviewed-receipt,https://github.com/yeager/translations/blob/67e6d27877c9cfd6b6dbc74bd852b10bdbe09c3c/SuiteCRM-Core/sv-contacts-b-810-published-20260919.json,d90efd721e18c4336904231d21d618d5245ef5fdaa19153e482b76ac0409f394,{}
6cd0b3def9b8b58be7d430b4,Date Modified:,Ändringsdatum:,SuiteCRM-Core,sv-accounts-a-810-published-20260919,$mod_strings['LBL_DATE_MODIFIED'],,project-context,1781114253641ec74824ad2d,reviewed-receipt,https://github.com/yeager/translations/blob/67e6d27877c9cfd6b6dbc74bd852b10bdbe09c3c/SuiteCRM-Core/sv-accounts-a-810-published-20260919.json,ea12294a7550adccf7f3bd2ee5ba9c0f994224671cce0ee6ffbeaf4e4d1eedb2,{}
6d0bfdbde1a080049000090f,Email Template,E-postmall,SuiteCRM-Core,sv-emailmarketing-810-reviewed-20260919,$mod_strings['LBL_LIST_TEMPLATE_NAME'],,project-context,eda8ae0aca164f447ad4c2b7,reviewed-receipt,https://github.com/yeager/translations/blob/67e6d27877c9cfd6b6dbc74bd852b10bdbe09c3c/SuiteCRM-Core/sv-emailmarketing-810-reviewed-20260919.json,5ec4491f9b64a0da78ac62fa97360cc4e284f94d49fc10bc6c878b997b7ea8af,{}
6d13943d24ef281fee2f317f,Campaign: Send Emails,Kampanj: Skicka e-post,SuiteCRM-Core,sv-emailmarketing-security-810-published-20260919,$mod_strings['LBL_MODULE_SEND_EMAILS'],,project-context,62482ff67a4bdf066dd89590,reviewed-receipt,https://github.com/yeager/translations/blob/67e6d27877c9cfd6b6dbc74bd852b10bdbe09c3c/SuiteCRM-Core/sv-emailmarketing-security-810-published-20260919.json,3204b94182121e6c1d8e5d51e878c17a5e85cc78187db29beb922e12fae48b78,{}
6d1d66d42bf94a6d25f0a29d,Redirect to Home in,Omdirigerar till startsidan om,SuiteCRM-Core,sv-acl-810-published-20260919,$mod_strings['LBL_REDIRECT_TO_HOME'],,project-context,7d0e4969d06a38bc82119a7b,reviewed-receipt,https://github.com/yeager/translations/blob/67e6d27877c9cfd6b6dbc74bd852b10bdbe09c3c/SuiteCRM-Core/sv-acl-810-published-20260919.json,c3d79cc04f48d5a83982b3c13a5bf197dcb035625008d4cec3b1a07c4d7311de,{}
6d34d051dcae86c30150fb64,Inbound Email Disabled,Inkommande e-post är inaktiverad,SuiteCRM-Core,sv-inbound-email-810-published-20260919,$mod_strings['LBL_WARN_IMAP_TITLE'],,project-context,87c48859d7c70f76fb7314a6,reviewed-receipt,https://github.com/yeager/translations/blob/67e6d27877c9cfd6b6dbc74bd852b10bdbe09c3c/SuiteCRM-Core/sv-inbound-email-810-published-20260919.json,8ff080143649204a50f3a20eee408535d517ed526e8c4bad972910fef8c046e2,{}
6d653e5ec9a02f7d03a9255b,Related Campaign,Relaterad kampanj,SuiteCRM-Core,sv-emailmarketing-a-810-published-20260919,$mod_strings['LBL_RELATED_CAMPAIGN'],,project-context,b3fd39bce541b30c1b536550,reviewed-receipt,https://github.com/yeager/translations/blob/67e6d27877c9cfd6b6dbc74bd852b10bdbe09c3c/SuiteCRM-Core/sv-emailmarketing-a-810-published-20260919.json,84957449ddc9118eddc2b572b035053c0b63aa8200c37a30f6619f66e15777e4,{}
6d68a4357ad251b85ae7c093,Name:,Namn:,SuiteCRM-Core,sv-inbound-email-810-a-published-20260919,$mod_strings['LBL_LIST_NAME'],,project-context,3d1c719350206f55d3d8c223,reviewed-receipt,https://github.com/yeager/translations/blob/67e6d27877c9cfd6b6dbc74bd852b10bdbe09c3c/SuiteCRM-Core/sv-inbound-email-810-a-published-20260919.json,67b8a04fd03d3b56d9f5e2549ac38263fc2b653e270ecd0097cbd7e2a30e424a,{}
6d90e64eeb00f239fd88c378,Billing Address:,Faktureringsadress:,SuiteCRM-Core,sv-accounts-a-810-published-20260919,$mod_strings['LBL_BILLING_ADDRESS'],,project-context,488d5a6fcfc51347852145a8,reviewed-receipt,https://github.com/yeager/translations/blob/67e6d27877c9cfd6b6dbc74bd852b10bdbe09c3c/SuiteCRM-Core/sv-accounts-a-810-published-20260919.json,ea12294a7550adccf7f3bd2ee5ba9c0f994224671cce0ee6ffbeaf4e4d1eedb2,{}
6d91882732d5fce1a3992608,"""Reply-to"" Address: ","""Svara-till"" Adress: ",SuiteCRM-Core,sv-emailmarketing-810-reviewed-20260919,$mod_strings['LBL_REPLY_ADDR'],,project-context,f6125b678ff9fa670824ad0f,reviewed-receipt,https://github.com/yeager/translations/blob/67e6d27877c9cfd6b6dbc74bd852b10bdbe09c3c/SuiteCRM-Core/sv-emailmarketing-810-reviewed-20260919.json,5ec4491f9b64a0da78ac62fa97360cc4e284f94d49fc10bc6c878b997b7ea8af,{}
6dab0e3ad9b35fe1321a5750,Notes:,Anteckningar:,SuiteCRM-Core,sv-import-a-810-published-20260919,$mod_strings['LBL_NOTES'],,project-context,f6e8564a30c52fb7db4995b0,reviewed-receipt,https://github.com/yeager/translations/blob/67e6d27877c9cfd6b6dbc74bd852b10bdbe09c3c/SuiteCRM-Core/sv-import-a-810-published-20260919.json,d30b91d43a7d7312345f4e9c032488a7f4fa9f3ca1774983d75ab8967114711b,{}
6ddf0ffbc28c485c82a5b4ae,Alt Address State,Alternativ region,SuiteCRM-Core,sv-leads-a-810-published-20260919,$mod_strings['LBL_ALT_ADDRESS_STATE'],,project-context,9779c1cb710f5aa6c5ce7d75,reviewed-receipt,https://github.com/yeager/translations/blob/67e6d27877c9cfd6b6dbc74bd852b10bdbe09c3c/SuiteCRM-Core/sv-leads-a-810-published-20260919.json,60952907a18a1fa8bb5cc88e44ed4c1176c7ffce44a7c94450b6ef6b204e5217,"{""artifact"":""https://crowdin.com/project/suitecrm-core"",""sha256"":""614ec519915940f4f7f66f534d37ffcf78829b2a9e26eea920e73a1b4882c8be""}"
6e2d2945e9a9bd5304068e7e,login.tpl not found,login.tpl hittades inte,SuiteCRM-Core,sv-published-20260918,$mod_strings['LBL_MISSING_TEMPLATE'],,project-context,b4dee83058f8865c6bc96f2b,reviewed-receipt,https://github.com/yeager/translations/blob/67e6d27877c9cfd6b6dbc74bd852b10bdbe09c3c/SuiteCRM-Core/sv-published-20260918.json,e4f7faaa5625d277e7a537f5b555c2fd753d326636e98deb288463e96d6356f7,{}
6e48adbb46784ebe21144ad0,Any Address:,Valfri adress:,SuiteCRM-Core,sv-contacts-a-810-published-20260919,$mod_strings['LBL_ANY_ADDRESS'],,project-context,8553277db07e04364ba12d87,reviewed-receipt,https://github.com/yeager/translations/blob/67e6d27877c9cfd6b6dbc74bd852b10bdbe09c3c/SuiteCRM-Core/sv-contacts-a-810-published-20260919.json,10584b485e200c6f1c96340054304bbf1333d0f5bdb89bae8947c2df5c4c0947,{}
6e7690f461b737d2f8eee783,Email Templates,E-postmallar,SuiteCRM-Core,sv-published-20260918,$mod_strings['LBL_MODULE_NAME'],,project-context,f8abe78e8a207ca8dc4aca1f,reviewed-receipt,https://github.com/yeager/translations/blob/67e6d27877c9cfd6b6dbc74bd852b10bdbe09c3c/SuiteCRM-Core/sv-published-20260918.json,e4f7faaa5625d277e7a537f5b555c2fd753d326636e98deb288463e96d6356f7,{}
6e7a66aefbfd6b5ca5cd9e38,Test,Testa,SuiteCRM-Core,sv-published-20260918,$mod_strings['LBL_TEST_BUTTON_TITLE'],,project-context,8c5de23bc93d5968e1050035,reviewed-receipt,https://github.com/yeager/translations/blob/67e6d27877c9cfd6b6dbc74bd852b10bdbe09c3c/SuiteCRM-Core/sv-published-20260918.json,e4f7faaa5625d277e7a537f5b555c2fd753d326636e98deb288463e96d6356f7,{}
6e9c85ea044c070c063f1be0,Contact ID,Kontakt-ID,SuiteCRM-Core,sv-leads-a-810-published-20260919,$mod_strings['LBL_CONTACT_ID'],,project-context,34e5f3566cd6cd66b6c6d492,reviewed-receipt,https://github.com/yeager/translations/blob/67e6d27877c9cfd6b6dbc74bd852b10bdbe09c3c/SuiteCRM-Core/sv-leads-a-810-published-20260919.json,60952907a18a1fa8bb5cc88e44ed4c1176c7ffce44a7c94450b6ef6b204e5217,"{""artifact"":""https://crowdin.com/project/suitecrm-core"",""sha256"":""b57a23093568d409b2eb07bed8e6e50f5c834c66b2de3fa6751800bddf5d708a""}"
6ef9adddf30f0e0364332bb8,Example,Exempel,SuiteCRM-Core,sv-published-20260918,$mod_strings['LBL_LOCALE_EXAMPLE_NAME_FORMAT'],,project-context,a79e63174b7b261c0368156b,reviewed-receipt,https://github.com/yeager/translations/blob/67e6d27877c9cfd6b6dbc74bd852b10bdbe09c3c/SuiteCRM-Core/sv-published-20260918.json,e4f7faaa5625d277e7a537f5b555c2fd753d326636e98deb288463e96d6356f7,{}
6efe578a6f99ad715d717b71,Invalid Email address,Ogiltig e-postadress,SuiteCRM-Core,sv-import-810-reviewed-20260919,$mod_strings['LBL_ERROR_INVALID_EMAIL'],,project-context,1490b799f27fcceffd66cbb8,reviewed-receipt,https://github.com/yeager/translations/blob/67e6d27877c9cfd6b6dbc74bd852b10bdbe09c3c/SuiteCRM-Core/sv-import-810-reviewed-20260919.json,9ad9f80f27abc071d9102bbd8cefb9bc43256bdad442051d55760286d830c3b0,{}
6f588c5eebcda532f1fe5638,Border,Kantlinje,SuiteCRM-Core,sv-dynamicfields-810-published-20260919,$mod_strings['LBL_IMAGE_BORDER'],,project-context,9a45ff20a16b15e7bce379c0,reviewed-receipt,https://github.com/yeager/translations/blob/67e6d27877c9cfd6b6dbc74bd852b10bdbe09c3c/SuiteCRM-Core/sv-dynamicfields-810-published-20260919.json,d82b264795c3f57e63f446503845cb601f29790142b6abaaf61ca77271bb3c3f,{}
6fd8cc30491f61e2bf7fd8f7,State/Region:,Region:,SuiteCRM-Core,sv-contacts-final-810-published-20260919,$mod_strings['LBL_STATE'],,project-context,1f8e64f7755c47c94ced6fea,reviewed-receipt,https://github.com/yeager/translations/blob/67e6d27877c9cfd6b6dbc74bd852b10bdbe09c3c/SuiteCRM-Core/sv-contacts-final-810-published-20260919.json,d978283a12dfb9b326a3d05a7e751d434c6e3ced5ebb9cf860d351c2ecd7f04d,{}
705f12c5d08daccb67e4698b,Opportunities,Affärsmöjligheter,SuiteCRM-Core,sv-published-20260918,$mod_strings['LBL_OPPORTUNITY_SUBPANEL_TITLE'],,project-context,f585ece4bb62dd6b2886d9a4,reviewed-receipt,https://github.com/yeager/translations/blob/67e6d27877c9cfd6b6dbc74bd852b10bdbe09c3c/SuiteCRM-Core/sv-published-20260918.json,e4f7faaa5625d277e7a537f5b555c2fd753d326636e98deb288463e96d6356f7,{}
7065a6be6dc35949016ff9cb,Yahoo! Mail ID,Yahoo! Mail-ID,SuiteCRM-Core,sv-published-20260918,$mod_strings['LBL_YAHOOMAIL_SMTPUSER'],,project-context,390efb8435537bda1901fb00,reviewed-receipt,https://github.com/yeager/translations/blob/67e6d27877c9cfd6b6dbc74bd852b10bdbe09c3c/SuiteCRM-Core/sv-published-20260918.json,e4f7faaa5625d277e7a537f5b555c2fd753d326636e98deb288463e96d6356f7,{}
7067490d3d06da71de5b56d0,Do Not Call:,Ring inte:,SuiteCRM-Core,sv-contacts-a-810-published-20260919,$mod_strings['LBL_DO_NOT_CALL'],,project-context,1cad343da3d864baacea02ed,reviewed-receipt,https://github.com/yeager/translations/blob/67e6d27877c9cfd6b6dbc74bd852b10bdbe09c3c/SuiteCRM-Core/sv-contacts-a-810-published-20260919.json,10584b485e200c6f1c96340054304bbf1333d0f5bdb89bae8947c2df5c4c0947,{}
70761bc46f6474c58ba23d0c,Target Lists,Mottagarlistor,SuiteCRM-Core,sv-emailmarketing-a-810-published-20260919,$mod_strings['LBL_PROSPECT_LIST_SUBPANEL_TITLE'],,project-context,868154496b0630f3ff83f0ce,reviewed-receipt,https://github.com/yeager/translations/blob/67e6d27877c9cfd6b6dbc74bd852b10bdbe09c3c/SuiteCRM-Core/sv-emailmarketing-a-810-published-20260919.json,84957449ddc9118eddc2b572b035053c0b63aa8200c37a30f6619f66e15777e4,{}
7081d7372e47e43a77035027,Import Started:,Import startad:,SuiteCRM-Core,sv-import-810-reviewed-20260919,$mod_strings['LBL_IMPORT_STARTED'],,project-context,1bed4b2328c9714c259ac709,reviewed-receipt,https://github.com/yeager/translations/blob/67e6d27877c9cfd6b6dbc74bd852b10bdbe09c3c/SuiteCRM-Core/sv-import-810-reviewed-20260919.json,9ad9f80f27abc071d9102bbd8cefb9bc43256bdad442051d55760286d830c3b0,{}
70c58c1770679ce8ec94bbdc,mo,mån,SuiteCRM-Core,sv-schedulers-810-published-20260919,$mod_strings['LBL_MONTHS'],,project-context,cdaba78fb3a4fd429e57eb74,reviewed-receipt,https://github.com/yeager/translations/blob/67e6d27877c9cfd6b6dbc74bd852b10bdbe09c3c/SuiteCRM-Core/sv-schedulers-810-published-20260919.json,33eb7afe2f29dd74f08bd921b07d01bf183499e1985dd5f49edf5433b2ce22bb,{}
70fc78d31d2f2199d23eb196,Cc:,Kopia:,SuiteCRM-Core,sv-published-20260918,$mod_strings['LBL_CC'],,project-context,c1776a0aa9dc56018cd9d04a,reviewed-receipt,https://github.com/yeager/translations/blob/67e6d27877c9cfd6b6dbc74bd852b10bdbe09c3c/SuiteCRM-Core/sv-published-20260918.json,e4f7faaa5625d277e7a537f5b555c2fd753d326636e98deb288463e96d6356f7,{}
7109acb06e8a543b9aa64c67,Pause Reason,Orsak till paus,SuiteCRM-Core,sv-emailmarketing-810-reviewed-20260919,$mod_strings['LBL_PAUSE_REASON'],,project-context,cfa75bd72870b53a072c2593,reviewed-receipt,https://github.com/yeager/translations/blob/67e6d27877c9cfd6b6dbc74bd852b10bdbe09c3c/SuiteCRM-Core/sv-emailmarketing-810-reviewed-20260919.json,5ec4491f9b64a0da78ac62fa97360cc4e284f94d49fc10bc6c878b997b7ea8af,{}
711a13c38424863922c79f80,Monitored Folders,Övervakade mappar,SuiteCRM-Core,sv-inbound-email-810-published-20260919,$mod_strings['LBL_MAILBOX'],,project-context,53829f9e62023ed591086c02,reviewed-receipt,https://github.com/yeager/translations/blob/67e6d27877c9cfd6b6dbc74bd852b10bdbe09c3c/SuiteCRM-Core/sv-inbound-email-810-published-20260919.json,8ff080143649204a50f3a20eee408535d517ed526e8c4bad972910fef8c046e2,{}
712a0c3c07b95ef8ca82c5a9,Every,Varje,SuiteCRM-Core,sv-schedulers-810-published-20260919,$mod_strings['LBL_EVERY'],,project-context,1a6840bede839b0f5ff784e5,reviewed-receipt,https://github.com/yeager/translations/blob/67e6d27877c9cfd6b6dbc74bd852b10bdbe09c3c/SuiteCRM-Core/sv-schedulers-810-published-20260919.json,33eb7afe2f29dd74f08bd921b07d01bf183499e1985dd5f49edf5433b2ce22bb,{}
7156819f973a8b1364b3229f,Email Marketing,E-postmarknadsföring,SuiteCRM-Core,suitecrm-bugs-contacts-810-20260920,$mod_strings['LBL_EMAIL_MARKETING'],,project-context,a9886f844ea8ca2fab8edd53,reviewed-receipt,https://github.com/yeager/translations/blob/67e6d27877c9cfd6b6dbc74bd852b10bdbe09c3c/SuiteCRM-Core/suitecrm-bugs-contacts-810-20260920.json,42c05e1367216f8f71e344e69ae1eb0b65b66aa6c2c17cbead68f71a82c1daff,"{""artifact"":""https://crowdin.com/project/suitecrm-core"",""sha256"":""8f723001cba41719785330b19f520c4bb2ef4249a1a128c83deef5061522980c""}"
7179e9a8652e5929c491b7c8,User Name,Användarnamn,SuiteCRM-Core,sv-configurator-ui-810-published-20260919,$mod_strings['LBL_PROXY_USERNAME'],,project-context,fc7b3bd51e1d0756cf3d49c7,reviewed-receipt,https://github.com/yeager/translations/blob/67e6d27877c9cfd6b6dbc74bd852b10bdbe09c3c/SuiteCRM-Core/sv-configurator-ui-810-published-20260919.json,c2c1f7f6e07523183e318bd1273893e066f03c7dc66af3e9f80e12e615c6d038,{}
7180716053482575c6eaa4ef,Download list of duplicates,Ladda ner en lista över kopior,SuiteCRM-Core,sv-import-810-reviewed-20260919,$mod_strings['LNK_DUPLICATE_LIST'],,project-context,5a5555b51fc0be3969e2b259,reviewed-receipt,https://github.com/yeager/translations/blob/67e6d27877c9cfd6b6dbc74bd852b10bdbe09c3c/SuiteCRM-Core/sv-import-810-reviewed-20260919.json,9ad9f80f27abc071d9102bbd8cefb9bc43256bdad442051d55760286d830c3b0,{}
71ab550f649d6ce10cf82890,Street,Gata,SuiteCRM-Core,sv-contacts-b-810-published-20260919,$mod_strings['LBL_STREET'],,project-context,e2a66eacdb44b1fc715c3a94,reviewed-receipt,https://github.com/yeager/translations/blob/67e6d27877c9cfd6b6dbc74bd852b10bdbe09c3c/SuiteCRM-Core/sv-contacts-b-810-published-20260919.json,d90efd721e18c4336904231d21d618d5245ef5fdaa19153e482b76ac0409f394,{}
71dc18a771fcb49993659bce,Documents,Dokument,SuiteCRM-Core,sv-contacts-final-810-published-20260919,$mod_strings['LBL_DOCUMENTS_SUBPANEL_TITLE'],,project-context,5237ef81249e8f726be4b99c,reviewed-receipt,https://github.com/yeager/translations/blob/67e6d27877c9cfd6b6dbc74bd852b10bdbe09c3c/SuiteCRM-Core/sv-contacts-final-810-published-20260919.json,d978283a12dfb9b326a3d05a7e751d434c6e3ced5ebb9cf860d351c2ecd7f04d,{}
71ef0bda7cb97ac4bc0a887f,Emails,E-postmeddelanden,SuiteCRM-Core,sv-published-20260918,$mod_strings['LBL_EMAILS'],,project-context,f409e977b1d52558f8ab6f50,reviewed-receipt,https://github.com/yeager/translations/blob/67e6d27877c9cfd6b6dbc74bd852b10bdbe09c3c/SuiteCRM-Core/sv-published-20260918.json,e4f7faaa5625d277e7a537f5b555c2fd753d326636e98deb288463e96d6356f7,{}
7295cffccb72f33da2a58e24,Alt Address City,Alternativ adressort,SuiteCRM-Core,sv-leads-a-810-published-20260919,$mod_strings['LBL_ALT_ADDRESS_CITY'],,project-context,1ce1e5846cdc904bd5b7de0f,reviewed-receipt,https://github.com/yeager/translations/blob/67e6d27877c9cfd6b6dbc74bd852b10bdbe09c3c/SuiteCRM-Core/sv-leads-a-810-published-20260919.json,60952907a18a1fa8bb5cc88e44ed4c1176c7ffce44a7c94450b6ef6b204e5217,"{""artifact"":""https://crowdin.com/project/suitecrm-core"",""sha256"":""6dc3aa575289ef0fc29e1c3eae004aefbb26fd65814520fd42e7fcfca971ff71""}"
72ec31e92c9b42fe4eb37f56,Server Configuration,Serverkonfiguration,SuiteCRM-Core,sv-inbound-email-810-published-20260919,$mod_strings['LBL_CONNECTION_CONFIGURATION'],,project-context,f001e586669d77dde3c3ff1d,reviewed-receipt,https://github.com/yeager/translations/blob/67e6d27877c9cfd6b6dbc74bd852b10bdbe09c3c/SuiteCRM-Core/sv-inbound-email-810-published-20260919.json,8ff080143649204a50f3a20eee408535d517ed526e8c4bad972910fef8c046e2,{}
72f3c9b695e22eb36b414c78,Archive Email,Arkivera e-post,SuiteCRM-Core,sv-contacts-final-810-published-20260919,$mod_strings['LNK_NEW_EMAIL'],,project-context,b274ca059f957d4327b87645,reviewed-receipt,https://github.com/yeager/translations/blob/67e6d27877c9cfd6b6dbc74bd852b10bdbe09c3c/SuiteCRM-Core/sv-contacts-final-810-published-20260919.json,d978283a12dfb9b326a3d05a7e751d434c6e3ced5ebb9cf860d351c2ecd7f04d,{}
72fbe280bbb5ed054a3d2c64,Process AOW Workflow,Bearbeta AOW-arbetsflöde,SuiteCRM-Core,sv-schedulers-810-published-20260919,$mod_strings['LBL_PROCESSAOW_WORKFLOW'],,project-context,4973627da315eda2e26b3b96,reviewed-receipt,https://github.com/yeager/translations/blob/67e6d27877c9cfd6b6dbc74bd852b10bdbe09c3c/SuiteCRM-Core/sv-schedulers-810-published-20260919.json,33eb7afe2f29dd74f08bd921b07d01bf183499e1985dd5f49edf5433b2ce22bb,{}
73307467132381b04b26ae9b,Outbound Email Account,Konto för utgående e-post,SuiteCRM-Core,sv-inbound-email-810-published-20260919,$mod_strings['LBL_OUTBOUND_EMAIL_ACCOUNT_NAME'],,project-context,3eb2917d3b055800e16259a6,reviewed-receipt,https://github.com/yeager/translations/blob/67e6d27877c9cfd6b6dbc74bd852b10bdbe09c3c/SuiteCRM-Core/sv-inbound-email-810-published-20260919.json,8ff080143649204a50f3a20eee408535d517ed526e8c4bad972910fef8c046e2,{}
7344c53960586c220afafbe4,Check Inbound Mail Accounts,Kontrollera konton för inkommande e-post,SuiteCRM-Core,sv-schedulers-810-published-20260919,$mod_strings['LBL_POLLMONITOREDINBOXES'],,project-context,e9fedfd81ff84f4ca8ec7ed2,reviewed-receipt,https://github.com/yeager/translations/blob/67e6d27877c9cfd6b6dbc74bd852b10bdbe09c3c/SuiteCRM-Core/sv-schedulers-810-published-20260919.json,33eb7afe2f29dd74f08bd921b07d01bf183499e1985dd5f49edf5433b2ce22bb,{}
7350a1d27b2e616bcb8ed509,Show Basic Options,Visa grundläggande alternativ,SuiteCRM-Core,sv-schedulers-810-published-20260919,$mod_strings['LBL_TOGGLE_BASIC'],,project-context,e5110817a4ebb45eb6e07d18,reviewed-receipt,https://github.com/yeager/translations/blob/67e6d27877c9cfd6b6dbc74bd852b10bdbe09c3c/SuiteCRM-Core/sv-schedulers-810-published-20260919.json,33eb7afe2f29dd74f08bd921b07d01bf183499e1985dd5f49edf5433b2ce22bb,{}
73676af2243960ed4c099e96,Migration task dismissed successfully.,Migreringsuppgiften avfärdades.,SuiteCRM-Core,sv-manual-migration-tasks-810-published-20260919,$mod_strings['LBL_DISMISS_SUCCESS'],,project-context,c59fa6f726213ccf2f0458e9,reviewed-receipt,https://github.com/yeager/translations/blob/67e6d27877c9cfd6b6dbc74bd852b10bdbe09c3c/SuiteCRM-Core/sv-manual-migration-tasks-810-published-20260919.json,a57c55236a2b943e110d1e9093259e3e4c7c7d8364f4be24f498eb3953ea51d0,{}
737e52e66a5c45c1ec239091,Lead Name:,Leadnamn:,SuiteCRM-Core,sv-leads-a-810-published-20260919,$mod_strings['LBL_CONTACT_NAME'],,project-context,24be874b6d57f850e03d2326,reviewed-receipt,https://github.com/yeager/translations/blob/67e6d27877c9cfd6b6dbc74bd852b10bdbe09c3c/SuiteCRM-Core/sv-leads-a-810-published-20260919.json,60952907a18a1fa8bb5cc88e44ed4c1176c7ffce44a7c94450b6ef6b204e5217,"{""artifact"":""https://crowdin.com/project/suitecrm-core"",""sha256"":""0794bf12e40e9ca34dd60d5f785fe248dade7e0e0aa4a9a63eb3ffec2d05721c""}"
738c1bb430d17971fbb8b625,"""From"" address",Adress i fältet ”Från”,SuiteCRM-Core,sv-outbound-email-810-published-20260919,$mod_strings['LBL_SMTP_FROM_ADDR'],,project-context,c813a7152647a46a559e1233,reviewed-receipt,https://github.com/yeager/translations/blob/67e6d27877c9cfd6b6dbc74bd852b10bdbe09c3c/SuiteCRM-Core/sv-outbound-email-810-published-20260919.json,971cdcc19e79f693c13cb15c9aee0f659a84a6c378a69f16b9dae9f6b2d70244,{}
74000689870d8b5da26166fc,Summary,Sammanfattning,SuiteCRM-Core,sv-import-b-810-published-20260919,$mod_strings['LBL_SUMMARY'],,project-context,102aeff299b2149369819581,reviewed-receipt,https://github.com/yeager/translations/blob/67e6d27877c9cfd6b6dbc74bd852b10bdbe09c3c/SuiteCRM-Core/sv-import-b-810-published-20260919.json,5f4039ac59b7e23dcc8052f95f9ba8304e9ceaa834d2b41c8057e1f955008824,{}
741516423f45c5b7e9996603,Name,Namn,SuiteCRM-Core,sv-outbound-email-810-published-20260919,$mod_strings['LBL_NAME'],,project-context,ec9baad51f892cf041a05b51,reviewed-receipt,https://github.com/yeager/translations/blob/67e6d27877c9cfd6b6dbc74bd852b10bdbe09c3c/SuiteCRM-Core/sv-outbound-email-810-published-20260919.json,971cdcc19e79f693c13cb15c9aee0f659a84a6c378a69f16b9dae9f6b2d70244,{}
74200ab586ec794eb03a5dde,Range:,Intervall:,SuiteCRM-Core,sv-schedulers-810-a-published-20260919,$mod_strings['LBL_LIST_RANGE'],,project-context,f1e02343e2580fe247a093e0,reviewed-receipt,https://github.com/yeager/translations/blob/67e6d27877c9cfd6b6dbc74bd852b10bdbe09c3c/SuiteCRM-Core/sv-schedulers-810-a-published-20260919.json,3c6c981f88e16e22e571d729a4bb12cc98db47334bbe03c18d6ed0001b81d8a8,{}
7423ce6c18e50eed580ee852,Office Phone:,Telefon på arbetsplatsen:,SuiteCRM-Core,sv-contacts-b-810-published-20260919,$mod_strings['LBL_OFFICE_PHONE'],,project-context,f7dbe42698077a1ac985c170,reviewed-receipt,https://github.com/yeager/translations/blob/67e6d27877c9cfd6b6dbc74bd852b10bdbe09c3c/SuiteCRM-Core/sv-contacts-b-810-published-20260919.json,d90efd721e18c4336904231d21d618d5245ef5fdaa19153e482b76ac0409f394,{}
743412d29d2f7a3820ade985,More,Mer,SuiteCRM-Core,sv-published-20260918,$mod_strings['LBL_MORE_OPTIONS'],,project-context,4cde05ff11e94386a7e1d949,reviewed-receipt,https://github.com/yeager/translations/blob/67e6d27877c9cfd6b6dbc74bd852b10bdbe09c3c/SuiteCRM-Core/sv-published-20260918.json,e4f7faaa5625d277e7a537f5b555c2fd753d326636e98deb288463e96d6356f7,{}
745ede0ed6e12f2763c428d6,To:,Till:,SuiteCRM-Core,sv-published-20260918,$mod_strings['LBL_TO'],,project-context,76a88fd643b205af76aded8f,reviewed-receipt,https://github.com/yeager/translations/blob/67e6d27877c9cfd6b6dbc74bd852b10bdbe09c3c/SuiteCRM-Core/sv-published-20260918.json,e4f7faaa5625d277e7a537f5b555c2fd753d326636e98deb288463e96d6356f7,{}
748dbe31989e3146ead4991c,Portal User Type,Typ av portalanvändare,SuiteCRM-Core,sv-contacts-final-810-published-20260919,$mod_strings['LBL_PORTAL_USER_TYPE'],,project-context,940825c2d3136e2cd2298434,reviewed-receipt,https://github.com/yeager/translations/blob/67e6d27877c9cfd6b6dbc74bd852b10bdbe09c3c/SuiteCRM-Core/sv-contacts-final-810-published-20260919.json,d978283a12dfb9b326a3d05a7e751d434c6e3ced5ebb9cf860d351c2ecd7f04d,{}
74cc98f0778aca4ff57087f2,Email Address,E-postadress,SuiteCRM-Core,sv-import-a-810-published-20260919,$mod_strings['LBL_IMPORT_FIELDDEF_EMAIL'],,project-context,804b303676e0801b5444d019,reviewed-receipt,https://github.com/yeager/translations/blob/67e6d27877c9cfd6b6dbc74bd852b10bdbe09c3c/SuiteCRM-Core/sv-import-a-810-published-20260919.json,d30b91d43a7d7312345f4e9c032488a7f4fa9f3ca1774983d75ab8967114711b,{}
74dab924f1c68f3b2d6af55a,Cancel,Avbryt,SuiteCRM-Core,sv-published-20260918,$mod_strings['LBL_CANCEL'],,project-context,45a28ac3144b045a48a162b4,reviewed-receipt,https://github.com/yeager/translations/blob/67e6d27877c9cfd6b6dbc74bd852b10bdbe09c3c/SuiteCRM-Core/sv-published-20260918.json,e4f7faaa5625d277e7a537f5b555c2fd753d326636e98deb288463e96d6356f7,{}
754f1338bb43f1d2d616eaa2,Select Account,Välj företag,SuiteCRM-Core,sv-contacts-final-810-published-20260919,$mod_strings['LNK_SELECT_ACCOUNT'],,project-context,7d27e7adc442279e4ce14ef6,reviewed-receipt,https://github.com/yeager/translations/blob/67e6d27877c9cfd6b6dbc74bd852b10bdbe09c3c/SuiteCRM-Core/sv-contacts-final-810-published-20260919.json,d978283a12dfb9b326a3d05a7e751d434c6e3ced5ebb9cf860d351c2ecd7f04d,{}
7578ca7d388a6f414a6b6529,Description,Beskrivning,SuiteCRM-Core,sv-outbound-email-810-published-20260919,$mod_strings['LBL_DESCRIPTION'],,project-context,6e67831d4b67516f732cfdb4,reviewed-receipt,https://github.com/yeager/translations/blob/67e6d27877c9cfd6b6dbc74bd852b10bdbe09c3c/SuiteCRM-Core/sv-outbound-email-810-published-20260919.json,971cdcc19e79f693c13cb15c9aee0f659a84a6c378a69f16b9dae9f6b2d70244,{}
759ec9b922220f096140ba81,Check Inbound Mailboxes,Kontrollera inkorgar för inkommande e-post,SuiteCRM-Core,sv-schedulers-810-published-20260919,$mod_strings['LBL_OOTB_IE'],,project-context,3c906094f9964cf7c1183acf,reviewed-receipt,https://github.com/yeager/translations/blob/67e6d27877c9cfd6b6dbc74bd852b10bdbe09c3c/SuiteCRM-Core/sv-schedulers-810-published-20260919.json,33eb7afe2f29dd74f08bd921b07d01bf183499e1985dd5f49edf5433b2ce22bb,{}
75d166137cc2acc0b44bfaf3,Upgrade,Uppgradera,SuiteCRM-Core,sv-upgradewizard-810-published-20260919,$mod_strings['LBL_UPGRADE'],,project-context,9a1d14ad3d04ee5583b31147,reviewed-receipt,https://github.com/yeager/translations/blob/67e6d27877c9cfd6b6dbc74bd852b10bdbe09c3c/SuiteCRM-Core/sv-upgradewizard-810-published-20260919.json,4c5e554ea18d559c3ec8998eb3613f5413dea4c4c95bb851b4a0695c85b6ef99,{}
762d26fae234119dfab86335,Create Task,Skapa uppgift,SuiteCRM-Core,sv-contacts-final-810-published-20260919,$mod_strings['LNK_NEW_TASK'],,project-context,712f44c9e1593a868bcc830b,reviewed-receipt,https://github.com/yeager/translations/blob/67e6d27877c9cfd6b6dbc74bd852b10bdbe09c3c/SuiteCRM-Core/sv-contacts-final-810-published-20260919.json,d978283a12dfb9b326a3d05a7e751d434c6e3ced5ebb9cf860d351c2ecd7f04d,{}
763b55f17d9d1b77f1ef935a,Any Phone:,Valfritt telefonnummer:,SuiteCRM-Core,sv-leads-a-810-published-20260919,$mod_strings['LBL_ANY_PHONE'],,project-context,2733d4e90fa73bdd77ef5d4f,reviewed-receipt,https://github.com/yeager/translations/blob/67e6d27877c9cfd6b6dbc74bd852b10bdbe09c3c/SuiteCRM-Core/sv-leads-a-810-published-20260919.json,60952907a18a1fa8bb5cc88e44ed4c1176c7ffce44a7c94450b6ef6b204e5217,"{""artifact"":""https://crowdin.com/project/suitecrm-core"",""sha256"":""b7b2db01e656dfed8e166714cb94a9dd62de10c95dcaeeb8cc3b7c19a6b6d588""}"
76acd5468a250b5062f79b70,Target List(s),Mottagarlista/-listor,SuiteCRM-Core,sv-emailmarketing-a-810-published-20260919,$mod_strings['LBL_TARGET_LISTS'],,project-context,955105674d768c15fa6dd621,reviewed-receipt,https://github.com/yeager/translations/blob/67e6d27877c9cfd6b6dbc74bd852b10bdbe09c3c/SuiteCRM-Core/sv-emailmarketing-a-810-published-20260919.json,84957449ddc9118eddc2b572b035053c0b63aa8200c37a30f6619f66e15777e4,{}
76bb320b1053ec847540e724,Created a new opportunity,Skapade en ny affär,SuiteCRM-Core,sv-contacts-a-810-published-20260919,$mod_strings['LBL_CREATED_OPPORTUNITY'],,project-context,1e8f810ccd86e608b6fd61d8,reviewed-receipt,https://github.com/yeager/translations/blob/67e6d27877c9cfd6b6dbc74bd852b10bdbe09c3c/SuiteCRM-Core/sv-contacts-a-810-published-20260919.json,10584b485e200c6f1c96340054304bbf1333d0f5bdb89bae8947c2df5c4c0947,{}
76efc37588bcfc841dec3142,SuiteCRM System Version: ,SuiteCRM-systemversion: ,SuiteCRM-Core,sv-upgradewizard-810-published-20260919,$mod_strings['ERR_UW_SUITECRM_VERSION'],,project-context,7f50c58371ab9827b253df88,reviewed-receipt,https://github.com/yeager/translations/blob/67e6d27877c9cfd6b6dbc74bd852b10bdbe09c3c/SuiteCRM-Core/sv-upgradewizard-810-published-20260919.json,4c5e554ea18d559c3ec8998eb3613f5413dea4c4c95bb851b4a0695c85b6ef99,{}
76fb0fa6b3403ee764da8e5c,Create Scheduler,Skapa schemaläggare,SuiteCRM-Core,sv-schedulers-810-published-20260919,$mod_strings['LNK_NEW_SCHEDULER'],,project-context,21bd23c95037204c96a90721,reviewed-receipt,https://github.com/yeager/translations/blob/67e6d27877c9cfd6b6dbc74bd852b10bdbe09c3c/SuiteCRM-Core/sv-schedulers-810-published-20260919.json,33eb7afe2f29dd74f08bd921b07d01bf183499e1985dd5f49edf5433b2ce22bb,{}
772901e445288d8772409747,Assistant Phone:,Assistentens telefon:,SuiteCRM-Core,sv-contacts-a-810-published-20260919,$mod_strings['LBL_ASSISTANT_PHONE'],,project-context,d42185b632a423c88595b612,reviewed-receipt,https://github.com/yeager/translations/blob/67e6d27877c9cfd6b6dbc74bd852b10bdbe09c3c/SuiteCRM-Core/sv-contacts-a-810-published-20260919.json,10584b485e200c6f1c96340054304bbf1333d0f5bdb89bae8947c2df5c4c0947,{}
77323cc6d09dd429de5053e8,State/Region:,Region:,SuiteCRM-Core,sv-accounts-final-810-published-20260919,$mod_strings['LBL_STATE'],,project-context,24b714d0e589ba7dcf6eb4f1,reviewed-receipt,https://github.com/yeager/translations/blob/67e6d27877c9cfd6b6dbc74bd852b10bdbe09c3c/SuiteCRM-Core/sv-accounts-final-810-published-20260919.json,f99b6b196fed5b4409a55d1296241bb29b890401afe16c0f8654ddadb9c6a43b,{}
7772acda29f2817e6d0dbf2a,Mail Server Port,E-postserverport,SuiteCRM-Core,sv-inbound-email-810-b-published-20260919,$mod_strings['LBL_PORT'],,project-context,5152b277c1e920b4dca815ee,reviewed-receipt,https://github.com/yeager/translations/blob/67e6d27877c9cfd6b6dbc74bd852b10bdbe09c3c/SuiteCRM-Core/sv-inbound-email-810-b-published-20260919.json,50c081232ca5f44c5a35c5973a58367c6d6b8e57fb93b0bf46982142cf2626a9,{}
7792297f2fe7bccc5c68a0d8,Archived Emails,Arkiverade e-postmeddelanden,SuiteCRM-Core,sv-inbound-email-810-c-published-20260919,$mod_strings['LBL_LIST_TITLE_MY_ARCHIVES'],,project-context,3c33b87a7c6e74446ae493eb,reviewed-receipt,https://github.com/yeager/translations/blob/67e6d27877c9cfd6b6dbc74bd852b10bdbe09c3c/SuiteCRM-Core/sv-inbound-email-810-c-published-20260919.json,efc326506d8e54d83cdc6cf68ddf8af5b427dbb93c869334100bc3d2383e119a,{}
77b6920e0dc6cb50e81dfe75,Industry:,Bransch:,SuiteCRM-Core,sv-accounts-a-810-published-20260919,$mod_strings['LBL_INDUSTRY'],,project-context,df1c38ef15c72fefb33325b5,reviewed-receipt,https://github.com/yeager/translations/blob/67e6d27877c9cfd6b6dbc74bd852b10bdbe09c3c/SuiteCRM-Core/sv-accounts-a-810-published-20260919.json,ea12294a7550adccf7f3bd2ee5ba9c0f994224671cce0ee6ffbeaf4e4d1eedb2,{}
77f9b38df4ecacae95f42401,Drafts,Utkast,SuiteCRM-Core,sv-inbound-email-810-c-published-20260919,$mod_strings['LBL_LIST_TITLE_MY_DRAFTS'],,project-context,85a7a1d07efc1a18ee11743c,reviewed-receipt,https://github.com/yeager/translations/blob/67e6d27877c9cfd6b6dbc74bd852b10bdbe09c3c/SuiteCRM-Core/sv-inbound-email-810-c-published-20260919.json,efc326506d8e54d83cdc6cf68ddf8af5b427dbb93c869334100bc3d2383e119a,{}
7815634bb572d4dc1feb1cb1,Hide Import File Properties,Göm avancerade inställningar,SuiteCRM-Core,sv-import-810-reviewed-20260919,$mod_strings['LBL_HIDE_ADVANCED_OPTIONS'],,project-context,821e90caa4ad514fe350bafa,reviewed-receipt,https://github.com/yeager/translations/blob/67e6d27877c9cfd6b6dbc74bd852b10bdbe09c3c/SuiteCRM-Core/sv-import-810-reviewed-20260919.json,9ad9f80f27abc071d9102bbd8cefb9bc43256bdad442051d55760286d830c3b0,{}
781f8402c6e0998eb2b5e379,Enable Calendar Sync Logic Hooks:,Aktivera logikhakar för kalendersynkronisering:,SuiteCRM-Core,sv-published-20260918,$mod_strings['LBL_CALENDAR_SYNC_ENABLE_LOGIC_HOOKS'],,project-context,409210eabac1e1bd659ecf1f,reviewed-receipt,https://github.com/yeager/translations/blob/67e6d27877c9cfd6b6dbc74bd852b10bdbe09c3c/SuiteCRM-Core/sv-published-20260918.json,e4f7faaa5625d277e7a537f5b555c2fd753d326636e98deb288463e96d6356f7,{}
7873414e1d2cb672acc9074d,User Defined,Användardefinierad,SuiteCRM-Core,sv-published-20260918,$mod_strings['LBL_CUSTOM_LOCATION'],,project-context,b403d7b0f6f78d773d207b49,reviewed-receipt,https://github.com/yeager/translations/blob/67e6d27877c9cfd6b6dbc74bd852b10bdbe09c3c/SuiteCRM-Core/sv-published-20260918.json,e4f7faaa5625d277e7a537f5b555c2fd753d326636e98deb288463e96d6356f7,{}
787867e99aa3c09d85a76043,Welcome,Välkommen,SuiteCRM-Core,sv-upgradewizard-810-published-20260919,$mod_strings['LBL_UW_TITLE_START'],,project-context,89c0e904a31388073e51ca80,reviewed-receipt,https://github.com/yeager/translations/blob/67e6d27877c9cfd6b6dbc74bd852b10bdbe09c3c/SuiteCRM-Core/sv-upgradewizard-810-published-20260919.json,4c5e554ea18d559c3ec8998eb3613f5413dea4c4c95bb851b4a0695c85b6ef99,{}
78897677f2d53ad3a6e5536c,Select,Välj,SuiteCRM-Core,sv-published-20260918,$mod_strings['LBL_EMAIL_SELECTOR_SELECT'],,project-context,f7761e0ed3410812ffda8794,reviewed-receipt,https://github.com/yeager/translations/blob/67e6d27877c9cfd6b6dbc74bd852b10bdbe09c3c/SuiteCRM-Core/sv-published-20260918.json,e4f7faaa5625d277e7a537f5b555c2fd753d326636e98deb288463e96d6356f7,{}
78904c2bfb4ed48773738fbd,View Calendar Accounts,Visa kalenderkonton,SuiteCRM-Core,sv-published-20260918,$mod_strings['LNK_LIST_CALENDAR_ACCOUNTS'],,project-context,3f01017be68319afd6ce6671,reviewed-receipt,https://github.com/yeager/translations/blob/67e6d27877c9cfd6b6dbc74bd852b10bdbe09c3c/SuiteCRM-Core/sv-published-20260918.json,e4f7faaa5625d277e7a537f5b555c2fd753d326636e98deb288463e96d6356f7,{}
78bd2217bb9d188cedd6e6e5,Abort,Avbryt,SuiteCRM-Core,sv-emailmarketing-810-reviewed-20260919,$mod_strings['LBL_ABORT'],,project-context,66732c69aee3b7d1d53420b4,reviewed-receipt,https://github.com/yeager/translations/blob/67e6d27877c9cfd6b6dbc74bd852b10bdbe09c3c/SuiteCRM-Core/sv-emailmarketing-810-reviewed-20260919.json,5ec4491f9b64a0da78ac62fa97360cc4e284f94d49fc10bc6c878b997b7ea8af,{}
79139672545278a901ee7d7e,Body,Brödtext,SuiteCRM-Core,sv-emailmarketing-810-reviewed-20260919,$mod_strings['LBL_BODY'],,project-context,8bba3713bd87b45ab4046e06,reviewed-receipt,https://github.com/yeager/translations/blob/67e6d27877c9cfd6b6dbc74bd852b10bdbe09c3c/SuiteCRM-Core/sv-emailmarketing-810-reviewed-20260919.json,5ec4491f9b64a0da78ac62fa97360cc4e284f94d49fc10bc6c878b997b7ea8af,{}
791d3e5a79697afbc1121279,Edit,Redigera,SuiteCRM-Core,sv-outbound-email-810-published-20260919,$mod_strings['LBL_EDIT_BUTTON'],,project-context,c848ff0166c3432f78a23fda,reviewed-receipt,https://github.com/yeager/translations/blob/67e6d27877c9cfd6b6dbc74bd852b10bdbe09c3c/SuiteCRM-Core/sv-outbound-email-810-published-20260919.json,971cdcc19e79f693c13cb15c9aee0f659a84a6c378a69f16b9dae9f6b2d70244,{}
7985770eae3c668bd475106c,Saturday,Lördag,SuiteCRM-Core,sv-schedulers-810-published-20260919,$mod_strings['LBL_SAT'],,project-context,ae8fcfda843ab4759499d0c6,reviewed-receipt,https://github.com/yeager/translations/blob/67e6d27877c9cfd6b6dbc74bd852b10bdbe09c3c/SuiteCRM-Core/sv-schedulers-810-published-20260919.json,33eb7afe2f29dd74f08bd921b07d01bf183499e1985dd5f49edf5433b2ce22bb,{}
798878fefcc2a2c4604c93b5,Start Date,Startdatum,SuiteCRM-Core,sv-emailmarketing-a-810-published-20260919,$mod_strings['LBL_LIST_DATE_START'],,project-context,0b6ab724d9c3f7aa3c67a585,reviewed-receipt,https://github.com/yeager/translations/blob/67e6d27877c9cfd6b6dbc74bd852b10bdbe09c3c/SuiteCRM-Core/sv-emailmarketing-a-810-published-20260919.json,84957449ddc9118eddc2b572b035053c0b63aa8200c37a30f6619f66e15777e4,{}
79cb78477f0cf381822fe746,Outbound Configuration,Konfiguration av utgående e-post,SuiteCRM-Core,sv-outbound-email-810-published-20260919,$mod_strings['LBL_OUTBOUND_CONFIGURATION'],,project-context,f1023a548e0ed732196a4995,reviewed-receipt,https://github.com/yeager/translations/blob/67e6d27877c9cfd6b6dbc74bd852b10bdbe09c3c/SuiteCRM-Core/sv-outbound-email-810-published-20260919.json,971cdcc19e79f693c13cb15c9aee0f659a84a6c378a69f16b9dae9f6b2d70244,{}
79e4737d46cc7a9969c81448,Active To,Aktiv till,SuiteCRM-Core,sv-schedulers-810-b-published-20260919,$mod_strings['LBL_TIME_TO'],,project-context,085c389e115c3892374fc356,reviewed-receipt,https://github.com/yeager/translations/blob/67e6d27877c9cfd6b6dbc74bd852b10bdbe09c3c/SuiteCRM-Core/sv-schedulers-810-b-published-20260919.json,548c9bc56c99a3a7538a1074815c96920bc4435741e6d93f91e406bcee6a6c47,{}
79ea42ed52d64af08db331cd,Any Text,Valfri text,SuiteCRM-Core,sv-import-810-reviewed-20260919,$mod_strings['LBL_IMPORT_FIELDDEF_NAME'],,project-context,cdaaf2ecef747ca84fda7d9d,reviewed-receipt,https://github.com/yeager/translations/blob/67e6d27877c9cfd6b6dbc74bd852b10bdbe09c3c/SuiteCRM-Core/sv-import-810-reviewed-20260919.json,9ad9f80f27abc071d9102bbd8cefb9bc43256bdad442051d55760286d830c3b0,{}
7a017012319119ee28e269a9,Schedulers,Schemaläggare,SuiteCRM-Core,sv-inbound-email-810-c-published-20260919,$mod_strings['LNK_LIST_SCHEDULER'],,project-context,ebda8eb5d607f4dadfaf4d00,reviewed-receipt,https://github.com/yeager/translations/blob/67e6d27877c9cfd6b6dbc74bd852b10bdbe09c3c/SuiteCRM-Core/sv-inbound-email-810-c-published-20260919.json,efc326506d8e54d83cdc6cf68ddf8af5b427dbb93c869334100bc3d2383e119a,{}
7a107d950ff7f91497eb749d,Inbound Email Accounts,Konton för inkommande e-post,SuiteCRM-Core,sv-inbound-email-810-c-published-20260919,$mod_strings['LNK_LIST_MAILBOXES'],,project-context,fdb2a41e6682aacc4b75c728,reviewed-receipt,https://github.com/yeager/translations/blob/67e6d27877c9cfd6b6dbc74bd852b10bdbe09c3c/SuiteCRM-Core/sv-inbound-email-810-c-published-20260919.json,efc326506d8e54d83cdc6cf68ddf8af5b427dbb93c869334100bc3d2383e119a,{}
7a2f1295de78eb1ce5b9c9f5,From,Från,SuiteCRM-Core,sv-schedulers-810-published-20260919,$mod_strings['LBL_FROM'],,project-context,f5bc23391878f2ee8512f893,reviewed-receipt,https://github.com/yeager/translations/blob/67e6d27877c9cfd6b6dbc74bd852b10bdbe09c3c/SuiteCRM-Core/sv-schedulers-810-published-20260919.json,33eb7afe2f29dd74f08bd921b07d01bf183499e1985dd5f49edf5433b2ce22bb,{}
7a729973291a74faedd0352c,Bind Attribute:,Bindningsattribut:,SuiteCRM-Core,sv-configurator-security-810-published-20260919,$mod_strings['LBL_LDAP_BIND_ATTRIBUTE'],,project-context,4e89197c6a590fdb01205d22,reviewed-receipt,https://github.com/yeager/translations/blob/67e6d27877c9cfd6b6dbc74bd852b10bdbe09c3c/SuiteCRM-Core/sv-configurator-security-810-published-20260919.json,b9cffb7627e0e033ecf619b158ee05a9837fda3137dd33e9dd9cc36d32c5600c,{}
7a8f8e7e40fd7395911315f3,Type:,Typ:,SuiteCRM-Core,sv-accounts-final-810-published-20260919,$mod_strings['LBL_TYPE'],,project-context,421c2dab43b802c9313535f8,reviewed-receipt,https://github.com/yeager/translations/blob/67e6d27877c9cfd6b6dbc74bd852b10bdbe09c3c/SuiteCRM-Core/sv-accounts-final-810-published-20260919.json,f99b6b196fed5b4409a55d1296241bb29b890401afe16c0f8654ddadb9c6a43b,{}
7a95b5261357439337a80482,New,Ny,SuiteCRM-Core,sv-published-20260918,$mod_strings['LBL_NEW'],,project-context,7be57e442ede1be658ed1f8e,reviewed-receipt,https://github.com/yeager/translations/blob/67e6d27877c9cfd6b6dbc74bd852b10bdbe09c3c/SuiteCRM-Core/sv-published-20260918.json,e4f7faaa5625d277e7a537f5b555c2fd753d326636e98deb288463e96d6356f7,{}
7af3761c94753f1b715803e8,Emails:Contacts,E-post:Kontakter,SuiteCRM-Core,sv-published-20260918,$mod_strings['LBL_EMAILS_CONTACTS_REL'],,project-context,dfe4009897343b9f665d8a2e,reviewed-receipt,https://github.com/yeager/translations/blob/67e6d27877c9cfd6b6dbc74bd852b10bdbe09c3c/SuiteCRM-Core/sv-published-20260918.json,e4f7faaa5625d277e7a537f5b555c2fd753d326636e98deb288463e96d6356f7,{}
7b23a6a3bed4390870bfb291,cURL Warning:,cURL-varning:,SuiteCRM-Core,sv-schedulers-810-b-published-20260919,$mod_strings['LBL_WARN_CURL_TITLE'],,project-context,357200faa17b7cdc0ee8f728,reviewed-receipt,https://github.com/yeager/translations/blob/67e6d27877c9cfd6b6dbc74bd852b10bdbe09c3c/SuiteCRM-Core/sv-schedulers-810-b-published-20260919.json,548c9bc56c99a3a7538a1074815c96920bc4435741e6d93f91e406bcee6a6c47,{}
7b306fd46ea36bd1dc752fc4,Delete,Ta bort,SuiteCRM-Core,sv-published-20260918,$mod_strings['LBL_DELETE_INLINE'],,project-context,bc18b628c337d8cc20b6299d,reviewed-receipt,https://github.com/yeager/translations/blob/67e6d27877c9cfd6b6dbc74bd852b10bdbe09c3c/SuiteCRM-Core/sv-published-20260918.json,e4f7faaa5625d277e7a537f5b555c2fd753d326636e98deb288463e96d6356f7,{}
7b3c9c7488aad1809627a6d1,of,av,SuiteCRM-Core,sv-import-810-reviewed-20260919,$mod_strings['LBL_IMPORT_RECORDS_OF'],,project-context,0589ff626f272f5e051ff5e6,reviewed-receipt,https://github.com/yeager/translations/blob/67e6d27877c9cfd6b6dbc74bd852b10bdbe09c3c/SuiteCRM-Core/sv-import-810-reviewed-20260919.json,9ad9f80f27abc071d9102bbd8cefb9bc43256bdad442051d55760286d830c3b0,{}
7b723a867200579663f7dd06,Use SSL,Använd SSL,SuiteCRM-Core,sv-inbound-email-810-published-20260919,$mod_strings['LBL_SSL'],,project-context,bbe8c253eef4275ad46390a1,reviewed-receipt,https://github.com/yeager/translations/blob/67e6d27877c9cfd6b6dbc74bd852b10bdbe09c3c/SuiteCRM-Core/sv-inbound-email-810-published-20260919.json,8ff080143649204a50f3a20eee408535d517ed526e8c4bad972910fef8c046e2,{}
7b7aa9152611f36d17446e03,Email,E-post,SuiteCRM-Core,suitecrm-bugs-contacts-810-20260920,$mod_strings['LBL_LIST_EMAIL_ADDRESS'],,project-context,625d349f0c0b4cc954d279da,reviewed-receipt,https://github.com/yeager/translations/blob/67e6d27877c9cfd6b6dbc74bd852b10bdbe09c3c/SuiteCRM-Core/suitecrm-bugs-contacts-810-20260920.json,42c05e1367216f8f71e344e69ae1eb0b65b66aa6c2c17cbead68f71a82c1daff,"{""artifact"":""https://crowdin.com/project/suitecrm-core"",""sha256"":""8c78903da6175a880aec7463fefcf8daba6cc6518466d057c6b6029ee8a02672""}"
7b9786f66a9f0ff9905ce352,From Name,Avsändarnamn,SuiteCRM-Core,sv-published-20260918,$mod_strings['LBL_FROM_NAME'],,project-context,8e868e3f3179db2b4463d324,reviewed-receipt,https://github.com/yeager/translations/blob/67e6d27877c9cfd6b6dbc74bd852b10bdbe09c3c/SuiteCRM-Core/sv-published-20260918.json,e4f7faaa5625d277e7a537f5b555c2fd753d326636e98deb288463e96d6356f7,{}
7b9d0caf624b19a2bccb5d6a,Gmail Password:,Gmail-lösenord:,SuiteCRM-Core,sv-configurator-security-810-published-20260919,$mod_strings['LBL_GMAIL_SMTPPASS'],,project-context,6a59b957f97be0f31d7b0c32,reviewed-receipt,https://github.com/yeager/translations/blob/67e6d27877c9cfd6b6dbc74bd852b10bdbe09c3c/SuiteCRM-Core/sv-configurator-security-810-published-20260919.json,b9cffb7627e0e033ecf619b158ee05a9837fda3137dd33e9dd9cc36d32c5600c,{}
7bc929dac9d8883b5f90be56,Outbound Email Accounts,Konton för utgående e-post,SuiteCRM-Core,sv-inbound-email-810-c-published-20260919,$mod_strings['LNK_LIST_OUTBOUND_EMAILS'],,project-context,1abde0d0f4d7891e2172410e,reviewed-receipt,https://github.com/yeager/translations/blob/67e6d27877c9cfd6b6dbc74bd852b10bdbe09c3c/SuiteCRM-Core/sv-inbound-email-810-c-published-20260919.json,efc326506d8e54d83cdc6cf68ddf8af5b427dbb93c869334100bc3d2383e119a,{}
7c085a0dcbb12ea89ce7a783,Personal,Personligt,SuiteCRM-Core,sv-inbound-email-810-c-published-20260919,$mod_strings['LBL_IS_PERSONAL'],,project-context,d85f178bab608683cdd30b9f,reviewed-receipt,https://github.com/yeager/translations/blob/67e6d27877c9cfd6b6dbc74bd852b10bdbe09c3c/SuiteCRM-Core/sv-inbound-email-810-c-published-20260919.json,efc326506d8e54d83cdc6cf68ddf8af5b427dbb93c869334100bc3d2383e119a,{}
7c151ead9502452f7de57164,Remove,Ta bort,SuiteCRM-Core,sv-mergerecords-810-reviewed-20260919,$mod_strings['LBL_REMOVE_FROM_MERGE'],,project-context,dd729c027dbe3a586a25ce9d,reviewed-receipt,https://github.com/yeager/translations/blob/67e6d27877c9cfd6b6dbc74bd852b10bdbe09c3c/SuiteCRM-Core/sv-mergerecords-810-reviewed-20260919.json,91986f9f225ab70510f1d592ec7ab13d102e66d6e808c70be1487daa66289884,{}
7c15664c8ffd9aa658fa643c,Distribution Method,Fördelningsmetod,SuiteCRM-Core,sv-inbound-email-810-published-20260919,$mod_strings['LBL_DISTRIBUTION_METHOD'],,project-context,defdc5b37e5709b2e46c3d4d,reviewed-receipt,https://github.com/yeager/translations/blob/67e6d27877c9cfd6b6dbc74bd852b10bdbe09c3c/SuiteCRM-Core/sv-inbound-email-810-published-20260919.json,8ff080143649204a50f3a20eee408535d517ed526e8c4bad972910fef8c046e2,{}
7c1d8c8419179696ed6adde7,Finish,Slutför,SuiteCRM-Core,sv-published-20260918,$mod_strings['LBL_WIZARD_FINISH_BUTTON'],,project-context,c4616fae858e3258d718072d,reviewed-receipt,https://github.com/yeager/translations/blob/67e6d27877c9cfd6b6dbc74bd852b10bdbe09c3c/SuiteCRM-Core/sv-published-20260918.json,e4f7faaa5625d277e7a537f5b555c2fd753d326636e98deb288463e96d6356f7,{}
7c1db294db0fc73b5559c508,Copy to Primary Address,Kopiera till primär adress,SuiteCRM-Core,sv-contacts-final-810-published-20260919,$mod_strings['LBL_COPY_ADDRESS_CHECKED_PRIMARY'],,project-context,0986f8231f6415fb43d59a08,reviewed-receipt,https://github.com/yeager/translations/blob/67e6d27877c9cfd6b6dbc74bd852b10bdbe09c3c/SuiteCRM-Core/sv-contacts-final-810-published-20260919.json,d978283a12dfb9b326a3d05a7e751d434c6e3ced5ebb9cf860d351c2ecd7f04d,{}
7c1f3b57044ed9d66ffd732e,Save Draft,Spara utkast,SuiteCRM-Core,sv-published-20260918,$mod_strings['LBL_SAVE_AS_DRAFT_BUTTON_TITLE'],,project-context,72f626632133e1a98fbf9113,reviewed-receipt,https://github.com/yeager/translations/blob/67e6d27877c9cfd6b6dbc74bd852b10bdbe09c3c/SuiteCRM-Core/sv-published-20260918.json,e4f7faaa5625d277e7a537f5b555c2fd753d326636e98deb288463e96d6356f7,{}
7c2b06c1fd9fbcae240ee227,To Setup Windows Scheduler,Så här konfigurerar du Windows-schemaläggaren,SuiteCRM-Core,sv-schedulers-810-published-20260919,$mod_strings['LBL_CRON_INSTRUCTIONS_WINDOWS'],,project-context,f4c7773f545215c400a6e8ba,reviewed-receipt,https://github.com/yeager/translations/blob/67e6d27877c9cfd6b6dbc74bd852b10bdbe09c3c/SuiteCRM-Core/sv-schedulers-810-published-20260919.json,33eb7afe2f29dd74f08bd921b07d01bf183499e1985dd5f49edf5433b2ce22bb,{}
7c30a6df913fd58e75d20842,Saved Search & Layout,Sparad sökning och layout,SuiteCRM-Core,sv-published-20260918,$mod_strings['LBL_SAVED_SEARCH'],,project-context,84a6c326c61fedf59c06c658,reviewed-receipt,https://github.com/yeager/translations/blob/67e6d27877c9cfd6b6dbc74bd852b10bdbe09c3c/SuiteCRM-Core/sv-published-20260918.json,e4f7faaa5625d277e7a537f5b555c2fd753d326636e98deb288463e96d6356f7,{}
7c4ab69e5820ad991f13a562,Mass Update,Massuppdatering,SuiteCRM-Core,sv-acl-810-published-20260919,$mod_strings['LBL_ACTION_MASSUPDATE'],,project-context,121811fef302301b38aeb044,reviewed-receipt,https://github.com/yeager/translations/blob/67e6d27877c9cfd6b6dbc74bd852b10bdbe09c3c/SuiteCRM-Core/sv-acl-810-published-20260919.json,c3d79cc04f48d5a83982b3c13a5bf197dcb035625008d4cec3b1a07c4d7311de,{}
7c7082551f45fae916e319b6,Auto-Reply Template,Mall för autosvar,SuiteCRM-Core,sv-inbound-email-810-published-20260919,$mod_strings['LBL_AUTOREPLY'],,project-context,458149666889e806c85574f5,reviewed-receipt,https://github.com/yeager/translations/blob/67e6d27877c9cfd6b6dbc74bd852b10bdbe09c3c/SuiteCRM-Core/sv-inbound-email-810-published-20260919.json,8ff080143649204a50f3a20eee408535d517ed526e8c4bad972910fef8c046e2,{}
7c710963361a7a3ba080a3f9,None,Ingen,SuiteCRM-Core,sv-upgradewizard-810-published-20260919,$mod_strings['LBL_UW_NONE'],,project-context,574f3f77a7ccbd8d64b5da4b,reviewed-receipt,https://github.com/yeager/translations/blob/67e6d27877c9cfd6b6dbc74bd852b10bdbe09c3c/SuiteCRM-Core/sv-upgradewizard-810-published-20260919.json,4c5e554ea18d559c3ec8998eb3613f5413dea4c4c95bb851b4a0695c85b6ef99,{}
7c727c369e4db22a173a4dcf,From Email Address: ,Från E-postadress: ,SuiteCRM-Core,sv-emailmarketing-810-reviewed-20260919,$mod_strings['LBL_FROM_ADDR'],,project-context,38034cca92eb1f4f6fdf6037,reviewed-receipt,https://github.com/yeager/translations/blob/67e6d27877c9cfd6b6dbc74bd852b10bdbe09c3c/SuiteCRM-Core/sv-emailmarketing-810-reviewed-20260919.json,5ec4491f9b64a0da78ac62fa97360cc4e284f94d49fc10bc6c878b997b7ea8af,{}
7cb2d6151958f7c66a3a412b,Template Name,Mallnamn,SuiteCRM-Core,sv-emailmarketing-810-reviewed-20260919,$mod_strings['LBL_TEMPLATE_NAME'],,project-context,868b0450f38d155840761388,reviewed-receipt,https://github.com/yeager/translations/blob/67e6d27877c9cfd6b6dbc74bd852b10bdbe09c3c/SuiteCRM-Core/sv-emailmarketing-810-reviewed-20260919.json,5ec4491f9b64a0da78ac62fa97360cc4e284f94d49fc10bc6c878b997b7ea8af,{}
7cb77d77e91f97fdfc8fe86c,User Interface,Användargränssnitt,SuiteCRM-Core,sv-configurator-ui-810-published-20260919,$mod_strings['LBL_MODULE_TITLE'],,project-context,7ddf3938b51a4e04c9cf27e0,reviewed-receipt,https://github.com/yeager/translations/blob/67e6d27877c9cfd6b6dbc74bd852b10bdbe09c3c/SuiteCRM-Core/sv-configurator-ui-810-published-20260919.json,c2c1f7f6e07523183e318bd1273893e066f03c7dc66af3e9f80e12e615c6d038,{}
7ccef58d6f41acfa3fa3cbe3,SMTP Port,SMTP-port,SuiteCRM-Core,sv-outbound-email-810-published-20260919,$mod_strings['LBL_SMTP_PORT'],,project-context,1abb60e0568741f6f0b768f4,reviewed-receipt,https://github.com/yeager/translations/blob/67e6d27877c9cfd6b6dbc74bd852b10bdbe09c3c/SuiteCRM-Core/sv-outbound-email-810-published-20260919.json,971cdcc19e79f693c13cb15c9aee0f659a84a6c378a69f16b9dae9f6b2d70244,{}
7ce9b1123c3a9e955847f610,Inbound Email,Inkommande e-post,SuiteCRM-Core,sv-emailmarketing-security-810-published-20260919,$mod_strings['LBL_INBOUND_EMAIL'],,project-context,68d126f7c034f0207505ff55,reviewed-receipt,https://github.com/yeager/translations/blob/67e6d27877c9cfd6b6dbc74bd852b10bdbe09c3c/SuiteCRM-Core/sv-emailmarketing-security-810-published-20260919.json,3204b94182121e6c1d8e5d51e878c17a5e85cc78187db29beb922e12fae48b78,{}
7d1de4308407388097409bee,Outbound Email Accounts,Konton för utgående e-post,SuiteCRM-Core,sv-outbound-email-810-published-20260919,$mod_strings['LNK_LIST'],,project-context,4a728385a60c59dd347f7fcb,reviewed-receipt,https://github.com/yeager/translations/blob/67e6d27877c9cfd6b6dbc74bd852b10bdbe09c3c/SuiteCRM-Core/sv-outbound-email-810-published-20260919.json,971cdcc19e79f693c13cb15c9aee0f659a84a6c378a69f16b9dae9f6b2d70244,{}
7d32e58644d562191ec022f9,Quotes,Offerter,SuiteCRM-Core,sv-accounts-final-810-published-20260919,$mod_strings['LBL_AOS_QUOTES'],,project-context,c52f276ae81ac8fbdb9aaf35,reviewed-receipt,https://github.com/yeager/translations/blob/67e6d27877c9cfd6b6dbc74bd852b10bdbe09c3c/SuiteCRM-Core/sv-accounts-final-810-published-20260919.json,f99b6b196fed5b4409a55d1296241bb29b890401afe16c0f8654ddadb9c6a43b,{}
7d7c5aa4fd19b14498150ff3,Modified by User,Ändrad av användaren,SuiteCRM-Core,sv-outbound-email-810-published-20260919,$mod_strings['LBL_MODIFIED_USER'],,project-context,3f09d723166d5e0e62917708,reviewed-receipt,https://github.com/yeager/translations/blob/67e6d27877c9cfd6b6dbc74bd852b10bdbe09c3c/SuiteCRM-Core/sv-outbound-email-810-published-20260919.json,971cdcc19e79f693c13cb15c9aee0f659a84a6c378a69f16b9dae9f6b2d70244,{}
7db6afa9c9455a497cd12529,(of Related Account),(för relaterat konto),SuiteCRM-Core,sv-related-account-810-20260919,$mod_strings['LBL_CONFIG_OF_RELATED_ACCOUNT'],,project-context,b10c53f18cd31e6feab93a69,reviewed-receipt,https://github.com/yeager/translations/blob/67e6d27877c9cfd6b6dbc74bd852b10bdbe09c3c/SuiteCRM-Core/sv-related-account-810-20260919.json,7bb33e0e762632b52951596de24a0fb9735b57119eb35c40b17ef49803b88403,"{""artifact"":""https://crowdin.com/project/suitecrm-core"",""sha256"":""4c0f4a473f1afc4530a5a65360e2c2bb2566e2f6cee48a02d24f885fe74a47ad""}"
7ddba0b70680b46692f8e5c9,Quick Radius Map,Snabb radiekarta,SuiteCRM-Core,sv-maps-final-810-20260919,$mod_strings['LBL_MAP_QUICK_RADIUS'],,project-context,48c2bd38f88657ecb24cdf3a,reviewed-receipt,https://github.com/yeager/translations/blob/67e6d27877c9cfd6b6dbc74bd852b10bdbe09c3c/SuiteCRM-Core/sv-maps-final-810-20260919.json,62b7fa0ef75304342cacadf4560f32b68f3769cdb968877512aed703fd5e0d78,"{""artifact"":""https://crowdin.com/project/suitecrm-core"",""sha256"":""8d30686ca083e34ba1bddf50cd3ef5f43af67f7ad88193e3288d08e6e6e560cc""}"
7df4fa7fa6f85cc77f12f17b,Duplicates Found,Kopia hittad,SuiteCRM-Core,sv-import-810-reviewed-20260919,$mod_strings['LBL_DUPLICATES'],,project-context,3e3f21eba3629890fd4d02aa,reviewed-receipt,https://github.com/yeager/translations/blob/67e6d27877c9cfd6b6dbc74bd852b10bdbe09c3c/SuiteCRM-Core/sv-import-810-reviewed-20260919.json,9ad9f80f27abc071d9102bbd8cefb9bc43256bdad442051d55760286d830c3b0,{}
7e0a29916cae7a7cda7b890b,hours,timmar,SuiteCRM-Core,sv-schedulers-810-published-20260919,$mod_strings['LBL_HOUR'],,project-context,83b5afb581476614771e68a1,reviewed-receipt,https://github.com/yeager/translations/blob/67e6d27877c9cfd6b6dbc74bd852b10bdbe09c3c/SuiteCRM-Core/sv-schedulers-810-published-20260919.json,33eb7afe2f29dd74f08bd921b07d01bf183499e1985dd5f49edf5433b2ce22bb,{}
7e9148b196f52effcb19ca5b,Every,Varje,SuiteCRM-Core,sv-schedulers-810-a-published-20260919,$mod_strings['LBL_EVERY'],,project-context,e1850a094bdf3a884b890a9c,reviewed-receipt,https://github.com/yeager/translations/blob/67e6d27877c9cfd6b6dbc74bd852b10bdbe09c3c/SuiteCRM-Core/sv-schedulers-810-a-published-20260919.json,3c6c981f88e16e22e571d729a4bb12cc98db47334bbe03c18d6ed0001b81d8a8,{}
7eb85eb260cf82496508c187,Invalid boolean value,Ogiltigt värde (skall vara 1 eller 0),SuiteCRM-Core,sv-import-810-reviewed-20260919,$mod_strings['LBL_ERROR_INVALID_BOOL'],,project-context,3f33a2bd17e89b7315192729,reviewed-receipt,https://github.com/yeager/translations/blob/67e6d27877c9cfd6b6dbc74bd852b10bdbe09c3c/SuiteCRM-Core/sv-import-810-reviewed-20260919.json,9ad9f80f27abc071d9102bbd8cefb9bc43256bdad442051d55760286d830c3b0,{}
7effb78c71a2b935a5318c61,Assigned To:,Tilldelad till:,SuiteCRM-Core,sv-published-20260918,$mod_strings['LBL_ASSIGNED_TO'],,project-context,aa7986edcce278694c667673,reviewed-receipt,https://github.com/yeager/translations/blob/67e6d27877c9cfd6b6dbc74bd852b10bdbe09c3c/SuiteCRM-Core/sv-published-20260918.json,e4f7faaa5625d277e7a537f5b555c2fd753d326636e98deb288463e96d6356f7,{}
7f29bca7b51b4ff8361fe2ee,Signature,Signatur,SuiteCRM-Core,sv-published-20260918,$mod_strings['LBL_SIGNATURE'],,project-context,cf99d4def8fed4aa7a8eb4a2,reviewed-receipt,https://github.com/yeager/translations/blob/67e6d27877c9cfd6b6dbc74bd852b10bdbe09c3c/SuiteCRM-Core/sv-published-20260918.json,e4f7faaa5625d277e7a537f5b555c2fd753d326636e98deb288463e96d6356f7,{}
7f3babb21ab5844e787746fc,Not Set,Inte angivet,SuiteCRM-Core,sv-acl-810-published-20260919,$mod_strings['LBL_ACCESS_DEFAULT'],,project-context,f51c53fd271bf77e70c3a284,reviewed-receipt,https://github.com/yeager/translations/blob/67e6d27877c9cfd6b6dbc74bd852b10bdbe09c3c/SuiteCRM-Core/sv-acl-810-published-20260919.json,c3d79cc04f48d5a83982b3c13a5bf197dcb035625008d4cec3b1a07c4d7311de,{}
7f4058c3e67ee68a01a82680,State,Region,SuiteCRM-Core,sv-accounts-final-810-published-20260919,$mod_strings['LBL_LIST_STATE'],,project-context,cac3f02414b4a717a92dba81,reviewed-receipt,https://github.com/yeager/translations/blob/67e6d27877c9cfd6b6dbc74bd852b10bdbe09c3c/SuiteCRM-Core/sv-accounts-final-810-published-20260919.json,f99b6b196fed5b4409a55d1296241bb29b890401afe16c0f8654ddadb9c6a43b,{}
7f492e764553406178cd1443,Manually merge the following files: ,Sammanfoga följande filer manuellt: ,SuiteCRM-Core,sv-upgradewizard-810-published-20260919,$mod_strings['LBL_UW_COMMIT_ADD_TASK_DESC_2'][0],,project-context,931066d73f1aaaed37145b41,reviewed-receipt,https://github.com/yeager/translations/blob/67e6d27877c9cfd6b6dbc74bd852b10bdbe09c3c/SuiteCRM-Core/sv-upgradewizard-810-published-20260919.json,4c5e554ea18d559c3ec8998eb3613f5413dea4c4c95bb851b4a0695c85b6ef99,{}
7f815f32a3763e5ed09481ff,Possible Duplicate Account,Möjligt dubblettföretag,SuiteCRM-Core,sv-accounts-a-810-published-20260919,$mod_strings['LBL_DUPLICATE'],,project-context,bbf53ba87ea22467c7f52f0d,reviewed-receipt,https://github.com/yeager/translations/blob/67e6d27877c9cfd6b6dbc74bd852b10bdbe09c3c/SuiteCRM-Core/sv-accounts-a-810-published-20260919.json,ea12294a7550adccf7f3bd2ee5ba9c0f994224671cce0ee6ffbeaf4e4d1eedb2,{}
7f89bbda4789e3e6d997828d,"""Reply-to"" Address",Adress i fältet ”Svara till”,SuiteCRM-Core,sv-inbound-email-810-published-20260919,$mod_strings['LBL_REPLY_TO_ADDR'],,project-context,e8da98ce530889d2a88b2eb8,reviewed-receipt,https://github.com/yeager/translations/blob/67e6d27877c9cfd6b6dbc74bd852b10bdbe09c3c/SuiteCRM-Core/sv-inbound-email-810-published-20260919.json,8ff080143649204a50f3a20eee408535d517ed526e8c4bad972910fef8c046e2,{}
7fd76b20f72bcc834ea32362,Disabled,Inaktiverad,SuiteCRM-Core,sv-published-20260918,$mod_strings['LBL_DISABLED'],,project-context,4810870598eb71f1c7a1f192,reviewed-receipt,https://github.com/yeager/translations/blob/67e6d27877c9cfd6b6dbc74bd852b10bdbe09c3c/SuiteCRM-Core/sv-published-20260918.json,e4f7faaa5625d277e7a537f5b555c2fd753d326636e98deb288463e96d6356f7,{}
7fd76c872996842659c4fd95,Invoices,Fakturor,SuiteCRM-Core,sv-contacts-final-810-published-20260919,$mod_strings['LBL_AOS_INVOICES'],,project-context,65278d1eed247fdcf1a7b5dc,reviewed-receipt,https://github.com/yeager/translations/blob/67e6d27877c9cfd6b6dbc74bd852b10bdbe09c3c/SuiteCRM-Core/sv-contacts-final-810-published-20260919.json,d978283a12dfb9b326a3d05a7e751d434c6e3ced5ebb9cf860d351c2ecd7f04d,{}
7fe8a4a3123639bb3cbc0679,Security Groups,Säkerhetsgrupper,SuiteCRM-Core,suitecrm-security-email-labels-810-20260920,$mod_strings['LBL_SECURITYGROUPS_SUBPANEL_TITLE'],,project-context,d9ad5f81de567dae02afef19,reviewed-receipt,https://github.com/yeager/translations/blob/67e6d27877c9cfd6b6dbc74bd852b10bdbe09c3c/SuiteCRM-Core/suitecrm-security-email-labels-810-20260920.json,b6dda48c77c629338067f9e3ff8cd855928026b49182f47c495910dbb4b55f00,"{""artifact"":""https://crowdin.com/project/suitecrm-core"",""sha256"":""964f9bbf2bdb5c6d83c0febd1dff82c696e0367bc539205287b192fc72b9a688""}"
806fd46f1830693e42be493a,None,Ingen,SuiteCRM-Core,sv-import-810-reviewed-20260919,$mod_strings['LBL_NONE'],,project-context,21735cdd8b965d41b65ce90e,reviewed-receipt,https://github.com/yeager/translations/blob/67e6d27877c9cfd6b6dbc74bd852b10bdbe09c3c/SuiteCRM-Core/sv-import-810-reviewed-20260919.json,9ad9f80f27abc071d9102bbd8cefb9bc43256bdad442051d55760286d830c3b0,{}
80aa40555c1f074f25085f30,Modified By Name,Namn på den som ändrade,SuiteCRM-Core,sv-outbound-email-810-published-20260919,$mod_strings['LBL_MODIFIED_NAME'],,project-context,13a9160141b9b932e867ff32,reviewed-receipt,https://github.com/yeager/translations/blob/67e6d27877c9cfd6b6dbc74bd852b10bdbe09c3c/SuiteCRM-Core/sv-outbound-email-810-published-20260919.json,971cdcc19e79f693c13cb15c9aee0f659a84a6c378a69f16b9dae9f6b2d70244,{}
80c71368497124d4cee3865a,Outbound Email Accounts,Konton för utgående e-post,SuiteCRM-Core,sv-outbound-email-810-published-20260919,$mod_strings['LBL_MODULE_NAME'],,project-context,298385e0ab8e1e63ac1d3dcd,reviewed-receipt,https://github.com/yeager/translations/blob/67e6d27877c9cfd6b6dbc74bd852b10bdbe09c3c/SuiteCRM-Core/sv-outbound-email-810-published-20260919.json,971cdcc19e79f693c13cb15c9aee0f659a84a6c378a69f16b9dae9f6b2d70244,{}
80d05e00139ed583ea432bd1,Invite Status,Inbjudningsstatus,SuiteCRM-Core,sv-contacts-final-810-published-20260919,$mod_strings['LBL_LIST_INVITE_STATUS'],,project-context,6429d606b2399d03cfb44032,reviewed-receipt,https://github.com/yeager/translations/blob/67e6d27877c9cfd6b6dbc74bd852b10bdbe09c3c/SuiteCRM-Core/sv-contacts-final-810-published-20260919.json,d978283a12dfb9b326a3d05a7e751d434c6e3ced5ebb9cf860d351c2ecd7f04d,{}
8105ccd62a17ff265ff7687a,View Notes,Visa anteckningar,SuiteCRM-Core,sv-import-b-810-published-20260919,$mod_strings['LBL_SHOW_NOTES'],,project-context,a5ccf4071d949f4d1857b2d4,reviewed-receipt,https://github.com/yeager/translations/blob/67e6d27877c9cfd6b6dbc74bd852b10bdbe09c3c/SuiteCRM-Core/sv-import-b-810-published-20260919.json,5f4039ac59b7e23dcc8052f95f9ba8304e9ceaa834d2b41c8057e1f955008824,{}
810f261cce1b776edb95f6ad,Migrations,Migreringar,SuiteCRM-Core,sv-manual-migration-tasks-810-published-20260919,$mod_strings['LBL_MODULE_NAME'],,project-context,06c02b3321d3d5dff7351976,reviewed-receipt,https://github.com/yeager/translations/blob/67e6d27877c9cfd6b6dbc74bd852b10bdbe09c3c/SuiteCRM-Core/sv-manual-migration-tasks-810-published-20260919.json,a57c55236a2b943e110d1e9093259e3e4c7c7d8364f4be24f498eb3953ea51d0,{}
8155d826ff2c5fc534b90bd6,Opportunities,Affärer,SuiteCRM-Core,sv-accounts-final-810-published-20260919,$mod_strings['LBL_OPPORTUNITIES_SUBPANEL_TITLE'],,project-context,513a744b808e4d266db703ae,reviewed-receipt,https://github.com/yeager/translations/blob/67e6d27877c9cfd6b6dbc74bd852b10bdbe09c3c/SuiteCRM-Core/sv-accounts-final-810-published-20260919.json,f99b6b196fed5b4409a55d1296241bb29b890401afe16c0f8654ddadb9c6a43b,{}
81ca362e95abf65f5a4cc558,Numeric (No Decimal),Numerisk (utan decimaler),SuiteCRM-Core,sv-import-810-reviewed-20260919,$mod_strings['LBL_IMPORT_FIELDDEF_NUM'],,project-context,86491a7fa8712aec7f870886,reviewed-receipt,https://github.com/yeager/translations/blob/67e6d27877c9cfd6b6dbc74bd852b10bdbe09c3c/SuiteCRM-Core/sv-import-810-reviewed-20260919.json,9ad9f80f27abc071d9102bbd8cefb9bc43256bdad442051d55760286d830c3b0,{}
81ff75d399cef9cb2b6124ac,Show collapsed subpanel hint,Visa indikator för hopfälld underpanel,SuiteCRM-Core,sv-published-20260918,$mod_strings['LBL_COUNT_COLLAPSED_SUBPANELS'],,project-context,b05a9181dc716666630e8473,reviewed-receipt,https://github.com/yeager/translations/blob/67e6d27877c9cfd6b6dbc74bd852b10bdbe09c3c/SuiteCRM-Core/sv-published-20260918.json,e4f7faaa5625d277e7a537f5b555c2fd753d326636e98deb288463e96d6356f7,{}
8201395fda9e1bfd1b86f88a,Send Emails from Email Queue,Skicka e-post från e-postkön,SuiteCRM-Core,sv-schedulers-810-published-20260919,$mod_strings['LBL_SENDFROMQUEUE'],,project-context,fd680a2895478a5803046016,reviewed-receipt,https://github.com/yeager/translations/blob/67e6d27877c9cfd6b6dbc74bd852b10bdbe09c3c/SuiteCRM-Core/sv-schedulers-810-published-20260919.json,33eb7afe2f29dd74f08bd921b07d01bf183499e1985dd5f49edf5433b2ce22bb,{}
823d354d4aa1aee1f5c9a135,Using Rules:,Använder regler:,SuiteCRM-Core,sv-published-20260918,$mod_strings['LBL_USING_RULES'],,project-context,1ab9e215e430321ae3137434,reviewed-receipt,https://github.com/yeager/translations/blob/67e6d27877c9cfd6b6dbc74bd852b10bdbe09c3c/SuiteCRM-Core/sv-published-20260918.json,e4f7faaa5625d277e7a537f5b555c2fd753d326636e98deb288463e96d6356f7,{}
825e384dc3d868c769f1fca4,Billing State:,Faktureringsregion:,SuiteCRM-Core,sv-accounts-a-810-published-20260919,$mod_strings['LBL_BILLING_ADDRESS_STATE'],,project-context,8546928d73eeeba972f33098,reviewed-receipt,https://github.com/yeager/translations/blob/67e6d27877c9cfd6b6dbc74bd852b10bdbe09c3c/SuiteCRM-Core/sv-accounts-a-810-published-20260919.json,ea12294a7550adccf7f3bd2ee5ba9c0f994224671cce0ee6ffbeaf4e4d1eedb2,{}
82f7139cb3faa1d3dc18c903,Owning client,Ägande klient,SuiteCRM-Core,sv-schedulerjobs-810-published-20260919,$mod_strings['LBL_CLIENT'],,project-context,0f2f090a726681f77904ac75,reviewed-receipt,https://github.com/yeager/translations/blob/67e6d27877c9cfd6b6dbc74bd852b10bdbe09c3c/SuiteCRM-Core/sv-schedulerjobs-810-published-20260919.json,39ece1dd6abbe7117cd3f0433632a40e1beb4e595e8ab66ce266caf7d0c35321,{}
82fa3d6db0ab9bb9a61dc9b6,Email Template,E-postmall,SuiteCRM-Core,sv-emailmarketing-810-reviewed-20260919,$mod_strings['LBL_EMAIL_TEMPLATE'],,project-context,eba1df75f2d98cdced4fe688,reviewed-receipt,https://github.com/yeager/translations/blob/67e6d27877c9cfd6b6dbc74bd852b10bdbe09c3c/SuiteCRM-Core/sv-emailmarketing-810-reviewed-20260919.json,5ec4491f9b64a0da78ac62fa97360cc4e284f94d49fc10bc6c878b997b7ea8af,{}
833ba2a55108f1dad6173c29,To,Till,SuiteCRM-Core,sv-published-20260918,$mod_strings['LBL_LIST_TO_ADDR'],,project-context,b428fba612e382c196214b92,reviewed-receipt,https://github.com/yeager/translations/blob/67e6d27877c9cfd6b6dbc74bd852b10bdbe09c3c/SuiteCRM-Core/sv-published-20260918.json,e4f7faaa5625d277e7a537f5b555c2fd753d326636e98deb288463e96d6356f7,{}
835043bf8832ce739ce15d7a,Drafts,Utkast,SuiteCRM-Core,sv-inbound-email-810-published-20260919,$mod_strings['LBL_LIST_TITLE_MY_DRAFTS'],,project-context,805f4adf1e907482197cb626,reviewed-receipt,https://github.com/yeager/translations/blob/67e6d27877c9cfd6b6dbc74bd852b10bdbe09c3c/SuiteCRM-Core/sv-inbound-email-810-published-20260919.json,8ff080143649204a50f3a20eee408535d517ed526e8c4bad972910fef8c046e2,{}
836351ff15c47a8cbc072b69,Targets,Mottagare,SuiteCRM-Core,sv-emailmarketing-810-reviewed-20260919,$mod_strings['LNK_PROSPECT_LIST'],,project-context,bb218c24974fc3932c9f5deb,reviewed-receipt,https://github.com/yeager/translations/blob/67e6d27877c9cfd6b6dbc74bd852b10bdbe09c3c/SuiteCRM-Core/sv-emailmarketing-810-reviewed-20260919.json,5ec4491f9b64a0da78ac62fa97360cc4e284f94d49fc10bc6c878b997b7ea8af,{}
837a8a6988d25a3a6b0f498f,My Outbound Email Accounts,Mina konton för utgående e-post,SuiteCRM-Core,sv-outbound-email-810-published-20260919,$mod_strings['LBL_HOMEPAGE_TITLE'],,project-context,d7450cdbda87affa87fa2d59,reviewed-receipt,https://github.com/yeager/translations/blob/67e6d27877c9cfd6b6dbc74bd852b10bdbe09c3c/SuiteCRM-Core/sv-outbound-email-810-published-20260919.json,971cdcc19e79f693c13cb15c9aee0f659a84a6c378a69f16b9dae9f6b2d70244,{}
83957192808b0bc4d60a7f86,Save Merge,Spara ihopslagning,SuiteCRM-Core,sv-mergerecords-810-reviewed-20260919,$mod_strings['LBL_SAVE_MERGED_RECORD_BUTTON_TITLE'],,project-context,6902db65a820b7466484795f,reviewed-receipt,https://github.com/yeager/translations/blob/67e6d27877c9cfd6b6dbc74bd852b10bdbe09c3c/SuiteCRM-Core/sv-mergerecords-810-reviewed-20260919.json,91986f9f225ab70510f1d592ec7ab13d102e66d6e808c70be1487daa66289884,{}
83bdbd6a389526e8f694a366,Alternate Address Country:,Alternativ adressland:,SuiteCRM-Core,sv-contacts-a-810-published-20260919,$mod_strings['LBL_ALT_ADDRESS_COUNTRY'],,project-context,5985fd05b4ba3ec1cd6fc4c0,reviewed-receipt,https://github.com/yeager/translations/blob/67e6d27877c9cfd6b6dbc74bd852b10bdbe09c3c/SuiteCRM-Core/sv-contacts-a-810-published-20260919.json,10584b485e200c6f1c96340054304bbf1333d0f5bdb89bae8947c2df5c4c0947,{}
83dea4c3d24bad98fd8dc7cf,to,till,SuiteCRM-Core,sv-import-810-reviewed-20260919,$mod_strings['LBL_IMPORT_RECORDS_TO'],,project-context,d73f3faf7cf50022e0f69431,reviewed-receipt,https://github.com/yeager/translations/blob/67e6d27877c9cfd6b6dbc74bd852b10bdbe09c3c/SuiteCRM-Core/sv-import-810-reviewed-20260919.json,9ad9f80f27abc071d9102bbd8cefb9bc43256bdad442051d55760286d830c3b0,{}
846212b627eee7a999e0017e,Decimal symbol:,Decimalsymbol:,SuiteCRM-Core,sv-import-b-810-published-20260919,$mod_strings['LBL_DECIMAL_SEP'],,project-context,f482ea0fc82f84fa3849bfce,reviewed-receipt,https://github.com/yeager/translations/blob/67e6d27877c9cfd6b6dbc74bd852b10bdbe09c3c/SuiteCRM-Core/sv-import-b-810-published-20260919.json,5f4039ac59b7e23dcc8052f95f9ba8304e9ceaa834d2b41c8057e1f955008824,{}
8482e400119486ff2f9bf2f2,Date Sent:,Skickat datum:,SuiteCRM-Core,sv-published-20260918,$mod_strings['LBL_DATE_SENT'],,project-context,2936d3e6ae447a589461d212,reviewed-receipt,https://github.com/yeager/translations/blob/67e6d27877c9cfd6b6dbc74bd852b10bdbe09c3c/SuiteCRM-Core/sv-published-20260918.json,e4f7faaa5625d277e7a537f5b555c2fd753d326636e98deb288463e96d6356f7,{}
84865b76354df9c126720043,Time Format:,Tidsformat:,SuiteCRM-Core,sv-import-a-810-published-20260919,$mod_strings['LBL_TIME_FORMAT'],,project-context,926bc08d1c259e9aa846b88c,reviewed-receipt,https://github.com/yeager/translations/blob/67e6d27877c9cfd6b6dbc74bd852b10bdbe09c3c/SuiteCRM-Core/sv-import-a-810-published-20260919.json,d30b91d43a7d7312345f4e9c032488a7f4fa9f3ca1774983d75ab8967114711b,{}
848b8db629d0a4b8640bc8ed,SMTP Password:,SMTP-lösenord:,SuiteCRM-Core,sv-configurator-security-810-published-20260919,$mod_strings['LBL_MAIL_SMTPPASS'],,project-context,f3151df5f67cad0cc84d4518,reviewed-receipt,https://github.com/yeager/translations/blob/67e6d27877c9cfd6b6dbc74bd852b10bdbe09c3c/SuiteCRM-Core/sv-configurator-security-810-published-20260919.json,b9cffb7627e0e033ecf619b158ee05a9837fda3137dd33e9dd9cc36d32c5600c,{}
84928243867e20e08b5378ee,Sent Folder,Skickat-mapp,SuiteCRM-Core,sv-inbound-email-810-published-20260919,$mod_strings['LBL_SENT_FOLDER'],,project-context,64d22a27b9dbbd597643fe38,reviewed-receipt,https://github.com/yeager/translations/blob/67e6d27877c9cfd6b6dbc74bd852b10bdbe09c3c/SuiteCRM-Core/sv-inbound-email-810-published-20260919.json,8ff080143649204a50f3a20eee408535d517ed526e8c4bad972910fef8c046e2,{}
84a9ed6fa74982d19c6084c5,Restore,Återställ,SuiteCRM-Core,sv-configurator-ui-810-published-20260919,$mod_strings['LBL_RESTORE_BUTTON_LABEL'],,project-context,0bff8228359e52026d0bd38a,reviewed-receipt,https://github.com/yeager/translations/blob/67e6d27877c9cfd6b6dbc74bd852b10bdbe09c3c/SuiteCRM-Core/sv-configurator-ui-810-published-20260919.json,c2c1f7f6e07523183e318bd1273893e066f03c7dc66af3e9f80e12e615c6d038,{}
84b928e967a122ad5aa1ef26,Width Default,Standardbredd,SuiteCRM-Core,sv-published-20260918,$mod_strings['LBL_WIDTH'],,project-context,a4d05c8fbc78adabef70470c,reviewed-receipt,https://github.com/yeager/translations/blob/67e6d27877c9cfd6b6dbc74bd852b10bdbe09c3c/SuiteCRM-Core/sv-published-20260918.json,e4f7faaa5625d277e7a537f5b555c2fd753d326636e98deb288463e96d6356f7,{}
84c288de6b4c7700fd8c14c1,Import Unread Emails Only,Importera endast olästa e-postmeddelanden,SuiteCRM-Core,sv-inbound-email-810-published-20260919,$mod_strings['LBL_EMAIL_IMPORT_UNREAD_ONLY'],,project-context,382461f48533abee107728c5,reviewed-receipt,https://github.com/yeager/translations/blob/67e6d27877c9cfd6b6dbc74bd852b10bdbe09c3c/SuiteCRM-Core/sv-inbound-email-810-published-20260919.json,8ff080143649204a50f3a20eee408535d517ed526e8c4bad972910fef8c046e2,{}
84cf4d11e252024a64a9b864,Campaign ID,Kampanj-ID,SuiteCRM-Core,sv-contacts-a-810-published-20260919,$mod_strings['LBL_CAMPAIGN_ID'],,project-context,3081efa2e6f18856e6a06e1b,reviewed-receipt,https://github.com/yeager/translations/blob/67e6d27877c9cfd6b6dbc74bd852b10bdbe09c3c/SuiteCRM-Core/sv-contacts-a-810-published-20260919.json,10584b485e200c6f1c96340054304bbf1333d0f5bdb89bae8947c2df5c4c0947,{}
84d15e65bb264659e40fa161,Cancel,Avbryt,SuiteCRM-Core,sv-upgradewizard-810-published-20260919,$mod_strings['LBL_ML_CANCEL'],,project-context,a38fd6efeb5b05414e6f4acd,reviewed-receipt,https://github.com/yeager/translations/blob/67e6d27877c9cfd6b6dbc74bd852b10bdbe09c3c/SuiteCRM-Core/sv-upgradewizard-810-published-20260919.json,4c5e554ea18d559c3ec8998eb3613f5413dea4c4c95bb851b4a0695c85b6ef99,{}
8520efb9742fc622c50dde48,Marketing Name,Namn på marknadsföring,SuiteCRM-Core,sv-published-20260918,$mod_strings['LBL_LIST_MARKETING_NAME'],,project-context,f856bc21ebe68774ecccbee5,reviewed-receipt,https://github.com/yeager/translations/blob/67e6d27877c9cfd6b6dbc74bd852b10bdbe09c3c/SuiteCRM-Core/sv-published-20260918.json,e4f7faaa5625d277e7a537f5b555c2fd753d326636e98deb288463e96d6356f7,{}
856347dc90e167a92a52108f,Contacts,Kontakter,SuiteCRM-Core,sv-contacts-a-810-published-20260919,$mod_strings['LBL_DEFAULT_SUBPANEL_TITLE'],,project-context,a7998d498d67f798171d707f,reviewed-receipt,https://github.com/yeager/translations/blob/67e6d27877c9cfd6b6dbc74bd852b10bdbe09c3c/SuiteCRM-Core/sv-contacts-a-810-published-20260919.json,10584b485e200c6f1c96340054304bbf1333d0f5bdb89bae8947c2df5c4c0947,{}
8581a78d1cb6bb1fa8e5f45b,Create Document,Skapa dokument,SuiteCRM-Core,sv-published-20260918,$mod_strings['LBL_QUICK_DOCUMENT'],,project-context,a7c0e6503d8ad891ee199d0a,reviewed-receipt,https://github.com/yeager/translations/blob/67e6d27877c9cfd6b6dbc74bd852b10bdbe09c3c/SuiteCRM-Core/sv-published-20260918.json,e4f7faaa5625d277e7a537f5b555c2fd753d326636e98deb288463e96d6356f7,{}
8582ca2c03730dbeaed535d2,Interval,Intervall,SuiteCRM-Core,sv-schedulers-810-b-published-20260919,$mod_strings['LBL_INTERVAL'],,project-context,ae80df18c30ad1807722cb13,reviewed-receipt,https://github.com/yeager/translations/blob/67e6d27877c9cfd6b6dbc74bd852b10bdbe09c3c/SuiteCRM-Core/sv-schedulers-810-b-published-20260919.json,548c9bc56c99a3a7538a1074815c96920bc4435741e6d93f91e406bcee6a6c47,{}
859c9dcaa15ddd3b8d7d0afe,Note Subject,Anteckningens ämne,SuiteCRM-Core,sv-contacts-b-810-published-20260919,$mod_strings['LBL_NOTE_SUBJECT'],,project-context,7dcca38c99d0085046531fad,reviewed-receipt,https://github.com/yeager/translations/blob/67e6d27877c9cfd6b6dbc74bd852b10bdbe09c3c/SuiteCRM-Core/sv-contacts-b-810-published-20260919.json,d90efd721e18c4336904231d21d618d5245ef5fdaa19153e482b76ac0409f394,{}
85afefab6df0b52502d7daee,Created By,Skapad av,SuiteCRM-Core,sv-address-cache-810-20260919,$mod_strings['LBL_CREATED'],,project-context,9b2b47524d3f3517ee1ff99f,reviewed-receipt,https://github.com/yeager/translations/blob/67e6d27877c9cfd6b6dbc74bd852b10bdbe09c3c/SuiteCRM-Core/sv-address-cache-810-20260919.json,1fd1946e1ba4fb72767e4b4c568ae221f815b022d8feef0b10e93649be89a03b,"{""artifact"":""https://crowdin.com/project/suitecrm-core"",""sha256"":""dbd65d1e0c5e59dcdc88ff9d437fe38f5793669baf1d19bcfc61ded259d53fea""}"
85bbb9f2ed06ced3bf03a76f,Account ID,Företags-ID,SuiteCRM-Core,sv-leads-a-810-published-20260919,$mod_strings['LBL_ACCOUNT_ID'],,project-context,10afc0174a3729944595527e,reviewed-receipt,https://github.com/yeager/translations/blob/67e6d27877c9cfd6b6dbc74bd852b10bdbe09c3c/SuiteCRM-Core/sv-leads-a-810-published-20260919.json,60952907a18a1fa8bb5cc88e44ed4c1176c7ffce44a7c94450b6ef6b204e5217,"{""artifact"":""https://crowdin.com/project/suitecrm-core"",""sha256"":""dc9a59a222aa5a81277617f18221b43e078180ae7007d2f6aa43a46afba7880f""}"
85c1d1dfa050fd642e2166bd,Assign To User,Tilldela till användare,SuiteCRM-Core,sv-inbound-email-810-published-20260919,$mod_strings['LBL_ASSIGN_TO_USER'],,project-context,a40d2942ee1079025c00f680,reviewed-receipt,https://github.com/yeager/translations/blob/67e6d27877c9cfd6b6dbc74bd852b10bdbe09c3c/SuiteCRM-Core/sv-inbound-email-810-published-20260919.json,8ff080143649204a50f3a20eee408535d517ed526e8c4bad972910fef8c046e2,{}
85fb11e35cf5200e7ee76030,Group Field for  Prospects/Targets:,Gruppfält för prospekt/mål:,SuiteCRM-Core,suitecrm-geocode-groups-810-20260920,$mod_strings['LBL_CONFIG_GROUP_FIELD_FOR_PROSPECTS'],,project-context,7958330e958cf3f63d223713,reviewed-receipt,https://github.com/yeager/translations/blob/67e6d27877c9cfd6b6dbc74bd852b10bdbe09c3c/SuiteCRM-Core/suitecrm-geocode-groups-810-20260920.json,ad654ac15e6a6e162ab89a8427d96f4c1df338dd8c27abb43552493328c05b1a,"{""artifact"":""https://crowdin.com/project/suitecrm-core"",""sha256"":""8604019a1081f8e05b99e6d71c197fbf22cc7ffae8b617ff08a313b20316ede3""}"
86046634cc30d7998c5292f2,Interval:,Intervall:,SuiteCRM-Core,sv-schedulers-810-a-published-20260919,$mod_strings['LBL_LIST_JOB_INTERVAL'],,project-context,7c7c23c9365e91957f54198b,reviewed-receipt,https://github.com/yeager/translations/blob/67e6d27877c9cfd6b6dbc74bd852b10bdbe09c3c/SuiteCRM-Core/sv-schedulers-810-a-published-20260919.json,3c6c981f88e16e22e571d729a4bb12cc98db47334bbe03c18d6ed0001b81d8a8,{}
8632d2a12a716a6b696ec647,View Migrations,Visa migreringar,SuiteCRM-Core,sv-manual-migration-tasks-810-published-20260919,$mod_strings['LNK_LIST'],,project-context,218a16ab7fb236a1bf6b9dd2,reviewed-receipt,https://github.com/yeager/translations/blob/67e6d27877c9cfd6b6dbc74bd852b10bdbe09c3c/SuiteCRM-Core/sv-manual-migration-tasks-810-published-20260919.json,a57c55236a2b943e110d1e9093259e3e4c7c7d8364f4be24f498eb3953ea51d0,{}
8635729b0e6268608fbcc635,Duplicate Handling,Dubbletthantering,SuiteCRM-Core,sv-emailmarketing-a-810-published-20260919,$mod_strings['LBL_CHECK_DUPLICATE'],,project-context,98e29908bf9440afe5138286,reviewed-receipt,https://github.com/yeager/translations/blob/67e6d27877c9cfd6b6dbc74bd852b10bdbe09c3c/SuiteCRM-Core/sv-emailmarketing-a-810-published-20260919.json,84957449ddc9118eddc2b572b035053c0b63aa8200c37a30f6619f66e15777e4,{}
86442a31da8ff98deccd13e9,Outgoing SMTP Mail Server,Utgående SMTP-e-postserver,SuiteCRM-Core,sv-published-20260918,$mod_strings['LBL_EMAIL_SETTINGS_OUTBOUND_ACCOUNT'],,project-context,313d89def57944eb6f6e6618,reviewed-receipt,https://github.com/yeager/translations/blob/67e6d27877c9cfd6b6dbc74bd852b10bdbe09c3c/SuiteCRM-Core/sv-published-20260918.json,e4f7faaa5625d277e7a537f5b555c2fd753d326636e98deb288463e96d6356f7,{}
86caf2867dfe991cfbe5ac7e,Copy to Contacts,Kopiera till kontakter,SuiteCRM-Core,sv-accounts-final-810-published-20260919,$mod_strings['LBL_PUSH_CONTACTS_BUTTON_LABEL'],,project-context,b841a521f59a01c7bf12082c,reviewed-receipt,https://github.com/yeager/translations/blob/67e6d27877c9cfd6b6dbc74bd852b10bdbe09c3c/SuiteCRM-Core/sv-accounts-final-810-published-20260919.json,f99b6b196fed5b4409a55d1296241bb29b890401afe16c0f8654ddadb9c6a43b,{}
86d51290d9ae5e531cc3aef2,Outbound Email Account ID,ID för utgående e-postkonto,SuiteCRM-Core,sv-emailmarketing-security-810-published-20260919,$mod_strings['LBL_OUTBOUND_EMAIL_ACOUNT_ID'],,project-context,ae373219f5ba2d9de872dbcf,reviewed-receipt,https://github.com/yeager/translations/blob/67e6d27877c9cfd6b6dbc74bd852b10bdbe09c3c/SuiteCRM-Core/sv-emailmarketing-security-810-published-20260919.json,3204b94182121e6c1d8e5d51e878c17a5e85cc78187db29beb922e12fae48b78,{}
877859ff5bb739966025a7c3,Cleanup Job Queue,Rensa jobbkö,SuiteCRM-Core,sv-schedulers-810-published-20260919,$mod_strings['LBL_CLEANJOBQUEUE'],,project-context,fb811b7c0851f224d094cca5,reviewed-receipt,https://github.com/yeager/translations/blob/67e6d27877c9cfd6b6dbc74bd852b10bdbe09c3c/SuiteCRM-Core/sv-schedulers-810-published-20260919.json,33eb7afe2f29dd74f08bd921b07d01bf183499e1985dd5f49edf5433b2ce22bb,{}
87ecb4adc2b656d1e3a52c59,Campaigns,Kampanjer,SuiteCRM-Core,sv-contacts-final-810-published-20260919,$mod_strings['LBL_CAMPAIGNS'],,project-context,855433f6bd7d50cca35e1a33,reviewed-receipt,https://github.com/yeager/translations/blob/67e6d27877c9cfd6b6dbc74bd852b10bdbe09c3c/SuiteCRM-Core/sv-contacts-final-810-published-20260919.json,d978283a12dfb9b326a3d05a7e751d434c6e3ced5ebb9cf860d351c2ecd7f04d,{}
8821766373d32759be027408,Campaign:,Kampanj:,SuiteCRM-Core,sv-contacts-a-810-published-20260919,$mod_strings['LBL_CAMPAIGN'],,project-context,7d7ab2a9d26d2b9953601820,reviewed-receipt,https://github.com/yeager/translations/blob/67e6d27877c9cfd6b6dbc74bd852b10bdbe09c3c/SuiteCRM-Core/sv-contacts-a-810-published-20260919.json,10584b485e200c6f1c96340054304bbf1333d0f5bdb89bae8947c2df5c4c0947,{}
888b3d5b2ae2bde985fa4fe5,Notes:,Anteckningar:,SuiteCRM-Core,sv-import-810-reviewed-20260919,$mod_strings['LBL_NOTES'],,project-context,28f5d306774e8e3a253873b1,reviewed-receipt,https://github.com/yeager/translations/blob/67e6d27877c9cfd6b6dbc74bd852b10bdbe09c3c/SuiteCRM-Core/sv-import-810-reviewed-20260919.json,9ad9f80f27abc071d9102bbd8cefb9bc43256bdad442051d55760286d830c3b0,{}
88cd6282e75e4b1c0f1911e3,Password Last Changed,Lösenordet ändrades senast,SuiteCRM-Core,sv-published-20260918,$mod_strings['LBL_PSW_MODIFIED'],,project-context,ddefc6eee44d63a848d32883,reviewed-receipt,https://github.com/yeager/translations/blob/67e6d27877c9cfd6b6dbc74bd852b10bdbe09c3c/SuiteCRM-Core/sv-published-20260918.json,e4f7faaa5625d277e7a537f5b555c2fd753d326636e98deb288463e96d6356f7,{}
88ce769cb55a7193e9948068,Prune SuiteCRM Feed Tables,Rensa SuiteCRM:s flödestabeller,SuiteCRM-Core,sv-schedulers-810-published-20260919,$mod_strings['LBL_TRIMSUGARFEEDS'],,project-context,584bff0e328acbf2fc2ece5f,reviewed-receipt,https://github.com/yeager/translations/blob/67e6d27877c9cfd6b6dbc74bd852b10bdbe09c3c/SuiteCRM-Core/sv-schedulers-810-published-20260919.json,33eb7afe2f29dd74f08bd921b07d01bf183499e1985dd5f49edf5433b2ce22bb,{}
892ab1d38fec97f21228e281,Job Log,Jobblogg,SuiteCRM-Core,sv-schedulers-810-published-20260919,$mod_strings['LBL_JOBS_SUBPANEL_TITLE'],,project-context,43511a1980369040409167ad,reviewed-receipt,https://github.com/yeager/translations/blob/67e6d27877c9cfd6b6dbc74bd852b10bdbe09c3c/SuiteCRM-Core/sv-schedulers-810-published-20260919.json,33eb7afe2f29dd74f08bd921b07d01bf183499e1985dd5f49edf5433b2ce22bb,{}
8938689bf875e9f1f92be2b8,Resume,Återuppta,SuiteCRM-Core,sv-emailmarketing-810-reviewed-20260919,$mod_strings['LBL_RESUME'],,project-context,bbf3e9fb4ac01447378858b2,reviewed-receipt,https://github.com/yeager/translations/blob/67e6d27877c9cfd6b6dbc74bd852b10bdbe09c3c/SuiteCRM-Core/sv-emailmarketing-810-reviewed-20260919.json,5ec4491f9b64a0da78ac62fa97360cc4e284f94d49fc10bc6c878b997b7ea8af,{}
894cc9d4ff8d5c257d7b5bc7,No Primary Team specified,Inget primärt team har angetts,SuiteCRM-Core,sv-published-20260918,$mod_strings['LBL_EMAILS_NO_PRIMARY_TEAM_SPECIFIED'],,project-context,97484a540d7b437f27794941,reviewed-receipt,https://github.com/yeager/translations/blob/67e6d27877c9cfd6b6dbc74bd852b10bdbe09c3c/SuiteCRM-Core/sv-published-20260918.json,e4f7faaa5625d277e7a537f5b555c2fd753d326636e98deb288463e96d6356f7,{}
8950dee3639b71fb21f5816a,Create New User,Skapa ny användare,SuiteCRM-Core,sv-published-20260918,$mod_strings['LNK_NEW_USER'],,project-context,d91928a577393a1141900e13,reviewed-receipt,https://github.com/yeager/translations/blob/67e6d27877c9cfd6b6dbc74bd852b10bdbe09c3c/SuiteCRM-Core/sv-published-20260918.json,e4f7faaa5625d277e7a537f5b555c2fd753d326636e98deb288463e96d6356f7,{}
896048de0bf737c94514d76f,Campaigns,Kampanjer,SuiteCRM-Core,sv-emailmarketing-810-reviewed-20260919,$mod_strings['LNK_CAMPAIGN_LIST'],,project-context,f2790754a20920013b3bb245,reviewed-receipt,https://github.com/yeager/translations/blob/67e6d27877c9cfd6b6dbc74bd852b10bdbe09c3c/SuiteCRM-Core/sv-emailmarketing-810-reviewed-20260919.json,5ec4491f9b64a0da78ac62fa97360cc4e284f94d49fc10bc6c878b997b7ea8af,{}
89979f51346de26efb94c676,Archived Emails,Arkiverade e-postmeddelanden,SuiteCRM-Core,sv-inbound-email-810-published-20260919,$mod_strings['LBL_LIST_TITLE_MY_ARCHIVES'],,project-context,c47dbe20e3016e66e356290f,reviewed-receipt,https://github.com/yeager/translations/blob/67e6d27877c9cfd6b6dbc74bd852b10bdbe09c3c/SuiteCRM-Core/sv-inbound-email-810-published-20260919.json,8ff080143649204a50f3a20eee408535d517ed526e8c4bad972910fef8c046e2,{}
89adf3dc378c1e713c2c0f10,Email Opt Out:,Avstå från e-post:,SuiteCRM-Core,sv-contacts-a-810-published-20260919,$mod_strings['LBL_EMAIL_OPT_OUT'],,project-context,3f52ece446c3f08271a5d673,reviewed-receipt,https://github.com/yeager/translations/blob/67e6d27877c9cfd6b6dbc74bd852b10bdbe09c3c/SuiteCRM-Core/sv-contacts-a-810-published-20260919.json,10584b485e200c6f1c96340054304bbf1333d0f5bdb89bae8947c2df5c4c0947,{}
89b898dd6e1a2dedf5075db3,Configure AJAX User Interface,Konfigurera AJAX-användargränssnitt,SuiteCRM-Core,sv-configurator-ui-810-published-20260919,$mod_strings['LBL_CONFIG_AJAX'],,project-context,d92dca0734dfb3475d1b71a1,reviewed-receipt,https://github.com/yeager/translations/blob/67e6d27877c9cfd6b6dbc74bd852b10bdbe09c3c/SuiteCRM-Core/sv-configurator-ui-810-published-20260919.json,c2c1f7f6e07523183e318bd1273893e066f03c7dc66af3e9f80e12e615c6d038,{}
89bd49d08f44318ab7f978cb,Security Groups,Säkerhetsgrupper,SuiteCRM-Core,sv-security-templates-810-published-20260919,$mod_strings['LBL_SECURITYGROUPS_SUBPANEL_TITLE'],,project-context,40582c363a568d2aee52e134,reviewed-receipt,https://github.com/yeager/translations/blob/67e6d27877c9cfd6b6dbc74bd852b10bdbe09c3c/SuiteCRM-Core/sv-security-templates-810-published-20260919.json,42cfd7de0f7c9957fcaa3ebff6eab3c81aa0658852c0c7be4b0c362a2fa541ab,{}
89defb5336c65b8ced59d8c2,Outbound Email Accounts List,Lista över konton för utgående e-post,SuiteCRM-Core,sv-outbound-email-810-published-20260919,$mod_strings['LBL_LIST_FORM_TITLE'],,project-context,8a9e93f23d921e094bc76a40,reviewed-receipt,https://github.com/yeager/translations/blob/67e6d27877c9cfd6b6dbc74bd852b10bdbe09c3c/SuiteCRM-Core/sv-outbound-email-810-published-20260919.json,971cdcc19e79f693c13cb15c9aee0f659a84a6c378a69f16b9dae9f6b2d70244,{}
8a062f8bd75ad1ae0339be69,Valid Geocode Modules:,Giltiga geokodningsmoduler:,SuiteCRM-Core,sv-geocode-address-types-810-20260919,$mod_strings['LBL_CONFIG_VALID_GEOCODE_MODULES'],,project-context,01b65f8cf11dc4cc0ffb7282,reviewed-receipt,https://github.com/yeager/translations/blob/67e6d27877c9cfd6b6dbc74bd852b10bdbe09c3c/SuiteCRM-Core/sv-geocode-address-types-810-20260919.json,b0f2b836b6936f9ae4a0e7d46ca8d274f8a89cb457dd8f3d507d0ef26f6a3a00,"{""artifact"":""https://crowdin.com/project/suitecrm-core"",""sha256"":""07dbec36427532d78661569b41277db908bc2fbcccb894ddf31a5da8657e40e7""}"
8a0acc22eee977d8b23dbbfe,This action will delete following record(s):,Denna handling kommer att ta bort följande uppgift(er):,SuiteCRM-Core,sv-mergerecords-810-reviewed-20260919,$mod_strings['LBL_DELETE_MESSAGE'],,project-context,2f3eca85098ecff4ca49a9c6,reviewed-receipt,https://github.com/yeager/translations/blob/67e6d27877c9cfd6b6dbc74bd852b10bdbe09c3c/SuiteCRM-Core/sv-mergerecords-810-reviewed-20260919.json,91986f9f225ab70510f1d592ec7ab13d102e66d6e808c70be1487daa66289884,{}
8a57ec20036bfe41e96631ec,Cases,Ärenden,SuiteCRM-Core,sv-accounts-a-810-published-20260919,$mod_strings['LBL_CASES_SUBPANEL_TITLE'],,project-context,f84c13470698c5e1c5019f1e,reviewed-receipt,https://github.com/yeager/translations/blob/67e6d27877c9cfd6b6dbc74bd852b10bdbe09c3c/SuiteCRM-Core/sv-accounts-a-810-published-20260919.json,ea12294a7550adccf7f3bd2ee5ba9c0f994224671cce0ee6ffbeaf4e4d1eedb2,{}
8a6127456c018abe4f4da00b,Login or Password Incorrect,Inloggning eller lösenord är felaktigt,SuiteCRM-Core,sv-inbound-email-810-a-published-20260919,$mod_strings['ERR_BAD_LOGIN_PASSWORD'],,project-context,37d4dd869981822ded40159a,reviewed-receipt,https://github.com/yeager/translations/blob/67e6d27877c9cfd6b6dbc74bd852b10bdbe09c3c/SuiteCRM-Core/sv-inbound-email-810-a-published-20260919.json,67b8a04fd03d3b56d9f5e2549ac38263fc2b653e270ecd0097cbd7e2a30e424a,{}
8a980c6d13bdde2929303cf1,Emails:Project,E-post:Projekt,SuiteCRM-Core,sv-published-20260918,$mod_strings['LBL_EMAILS_PROJECT_REL'],,project-context,52d9964c0a4ae98229e8d5b8,reviewed-receipt,https://github.com/yeager/translations/blob/67e6d27877c9cfd6b6dbc74bd852b10bdbe09c3c/SuiteCRM-Core/sv-published-20260918.json,e4f7faaa5625d277e7a537f5b555c2fd753d326636e98deb288463e96d6356f7,{}
8aa77a15f40dee38eee95432,Inbound Email Accounts,Konton för inkommande e-post,SuiteCRM-Core,sv-inbound-email-810-published-20260919,$mod_strings['LBL_MODULE_TITLE'],,project-context,8300d757f944f9be1db27066,reviewed-receipt,https://github.com/yeager/translations/blob/67e6d27877c9cfd6b6dbc74bd852b10bdbe09c3c/SuiteCRM-Core/sv-inbound-email-810-published-20260919.json,8ff080143649204a50f3a20eee408535d517ed526e8c4bad972910fef8c046e2,{}
8abf7e416cfade3da51285e3,First Name:,Förnamn:,SuiteCRM-Core,sv-contacts-b-810-published-20260919,$mod_strings['LBL_FIRST_NAME'],,project-context,ec0d8360b1a551b1eac63521,reviewed-receipt,https://github.com/yeager/translations/blob/67e6d27877c9cfd6b6dbc74bd852b10bdbe09c3c/SuiteCRM-Core/sv-contacts-b-810-published-20260919.json,d90efd721e18c4336904231d21d618d5245ef5fdaa19153e482b76ac0409f394,{}
8ad490a91ba4dd436c3a4c52,Test Settings,Testa inställningar,SuiteCRM-Core,sv-inbound-email-810-published-20260919,$mod_strings['LBL_TEST_SETTINGS'],,project-context,acf276faab2e95d42efcab0d,reviewed-receipt,https://github.com/yeager/translations/blob/67e6d27877c9cfd6b6dbc74bd852b10bdbe09c3c/SuiteCRM-Core/sv-inbound-email-810-published-20260919.json,8ff080143649204a50f3a20eee408535d517ed526e8c4bad972910fef8c046e2,{}
8af8b6321ae52e8eb69079b7,Unknown,Okänd,SuiteCRM-Core,sv-published-20260918,$mod_strings['LBL_UNKNOWN'],,project-context,319d721d15b711fadae29bf9,reviewed-receipt,https://github.com/yeager/translations/blob/67e6d27877c9cfd6b6dbc74bd852b10bdbe09c3c/SuiteCRM-Core/sv-published-20260918.json,e4f7faaa5625d277e7a537f5b555c2fd753d326636e98deb288463e96d6356f7,{}
8afa3815ae53c552a637b58e,Converted Contact:,Konverterad kontakt:,SuiteCRM-Core,sv-leads-a-810-published-20260919,$mod_strings['LBL_CONVERTED_CONTACT'],,project-context,e44c3ad8d143ba255c7526ae,reviewed-receipt,https://github.com/yeager/translations/blob/67e6d27877c9cfd6b6dbc74bd852b10bdbe09c3c/SuiteCRM-Core/sv-leads-a-810-published-20260919.json,60952907a18a1fa8bb5cc88e44ed4c1176c7ffce44a7c94450b6ef6b204e5217,"{""artifact"":""https://crowdin.com/project/suitecrm-core"",""sha256"":""cff472800e89dd1b26a138acc3d0a830a76ad04ed47c2d6c00ca691396795e9e""}"
8b1dfad63768bb2441280823,Archive Email,Arkivera e-post,SuiteCRM-Core,sv-published-20260918,$mod_strings['LNK_NEW_EMAIL'],,project-context,39bad73de68f77c815491121,reviewed-receipt,https://github.com/yeager/translations/blob/67e6d27877c9cfd6b6dbc74bd852b10bdbe09c3c/SuiteCRM-Core/sv-published-20260918.json,e4f7faaa5625d277e7a537f5b555c2fd753d326636e98deb288463e96d6356f7,{}
8b23aa13e820c273a0f52ef0,Lead Conversion Options,Alternativ för konvertering av leads,SuiteCRM-Core,sv-configurator-ui-810-published-20260919,$mod_strings['LBL_LEAD_CONV_OPTION'],,project-context,733e85b0d3fdb3e01724c7f3,reviewed-receipt,https://github.com/yeager/translations/blob/67e6d27877c9cfd6b6dbc74bd852b10bdbe09c3c/SuiteCRM-Core/sv-configurator-ui-810-published-20260919.json,c2c1f7f6e07523183e318bd1273893e066f03c7dc66af3e9f80e12e615c6d038,{}
8b32dd3b98def99ea3748c13,Time Zone,Tidszon,SuiteCRM-Core,sv-published-20260918,$mod_strings['LBL_TIMEZONE'],,project-context,cb87de6736eb3c8cc1c474d8,reviewed-receipt,https://github.com/yeager/translations/blob/67e6d27877c9cfd6b6dbc74bd852b10bdbe09c3c/SuiteCRM-Core/sv-published-20260918.json,e4f7faaa5625d277e7a537f5b555c2fd753d326636e98deb288463e96d6356f7,{}
8b435846db5e1a70a6f8c8b7,Outbound Email Account ID,ID för utgående e-postkonto,SuiteCRM-Core,sv-emailmarketing-810-reviewed-20260919,$mod_strings['LBL_OUTBOUND_EMAIL_ACOUNT_ID'],,project-context,ebb785e3e66202b30f803559,reviewed-receipt,https://github.com/yeager/translations/blob/67e6d27877c9cfd6b6dbc74bd852b10bdbe09c3c/SuiteCRM-Core/sv-emailmarketing-810-reviewed-20260919.json,5ec4491f9b64a0da78ac62fa97360cc4e284f94d49fc10bc6c878b997b7ea8af,{}
8b64bcb754d7d040421a6afd,Assigned User Id,Tilldelad användar-ID,SuiteCRM-Core,sv-outbound-email-810-published-20260919,$mod_strings['LBL_ASSIGNED_TO_ID'],,project-context,067e80fa3881a61072ffdee9,reviewed-receipt,https://github.com/yeager/translations/blob/67e6d27877c9cfd6b6dbc74bd852b10bdbe09c3c/SuiteCRM-Core/sv-outbound-email-810-published-20260919.json,971cdcc19e79f693c13cb15c9aee0f659a84a6c378a69f16b9dae9f6b2d70244,{}
8b70086739a9c6eba197795b,Mail Server Address,E-postserveradress,SuiteCRM-Core,sv-inbound-email-810-b-published-20260919,$mod_strings['LBL_SERVER_URL'],,project-context,51ee1bfd69d316df5995cefb,reviewed-receipt,https://github.com/yeager/translations/blob/67e6d27877c9cfd6b6dbc74bd852b10bdbe09c3c/SuiteCRM-Core/sv-inbound-email-810-b-published-20260919.json,50c081232ca5f44c5a35c5973a58367c6d6b8e57fb93b0bf46982142cf2626a9,{}
8c69b979022687c9c5e3efeb,Survey,Enkät,SuiteCRM-Core,sv-emailmarketing-810-reviewed-20260919,$mod_strings['LBL_SURVEY'],,project-context,886b61e5537c4ba59436508b,reviewed-receipt,https://github.com/yeager/translations/blob/67e6d27877c9cfd6b6dbc74bd852b10bdbe09c3c/SuiteCRM-Core/sv-emailmarketing-810-reviewed-20260919.json,5ec4491f9b64a0da78ac62fa97360cc4e284f94d49fc10bc6c878b997b7ea8af,{}
8c6a800b8df4331b05eb0f65,Import,Importera,SuiteCRM-Core,sv-import-a-810-published-20260919,$mod_strings['LBL_MODULE_NAME'],,project-context,ff397ab6a628721cc2740012,reviewed-receipt,https://github.com/yeager/translations/blob/67e6d27877c9cfd6b6dbc74bd852b10bdbe09c3c/SuiteCRM-Core/sv-import-a-810-published-20260919.json,d30b91d43a7d7312345f4e9c032488a7f4fa9f3ca1774983d75ab8967114711b,{}
8c7787fcac9a9f6f621bbe23,Search Outbound Email Accounts,Sök efter konton för utgående e-post,SuiteCRM-Core,sv-outbound-email-810-published-20260919,$mod_strings['LBL_SEARCH_FORM_TITLE'],,project-context,0bba237769a47b647f0f4017,reviewed-receipt,https://github.com/yeager/translations/blob/67e6d27877c9cfd6b6dbc74bd852b10bdbe09c3c/SuiteCRM-Core/sv-outbound-email-810-published-20260919.json,971cdcc19e79f693c13cb15c9aee0f659a84a6c378a69f16b9dae9f6b2d70244,{}
8c8b66bee87c337467d9dfbc,Create Case,Skapa ärende,SuiteCRM-Core,suitecrm-leads-calendar-810-20260920,$mod_strings['LNK_NEW_CASE'],,project-context,ec990557f80e3ea00aea4894,reviewed-receipt,https://github.com/yeager/translations/blob/67e6d27877c9cfd6b6dbc74bd852b10bdbe09c3c/SuiteCRM-Core/suitecrm-leads-calendar-810-20260920.json,f09234053654d39f928ce756f89b6a85cab7f923ea276bb4ee04cf838546a4a8,"{""artifact"":""https://crowdin.com/project/suitecrm-core"",""sha256"":""8ef7b4cfc2a985c90abd57fa14eb668210a7516014bb9670ad2595c981ba4c00""}"
8c90ebd1ccf4cc0766711fb7,Group Field for Leads:,Gruppfält för leads:,SuiteCRM-Core,suitecrm-geocode-groups-810-20260920,$mod_strings['LBL_CONFIG_GROUP_FIELD_FOR_LEADS'],,project-context,69ab86a8c81be57993ef2a1b,reviewed-receipt,https://github.com/yeager/translations/blob/67e6d27877c9cfd6b6dbc74bd852b10bdbe09c3c/SuiteCRM-Core/suitecrm-geocode-groups-810-20260920.json,ad654ac15e6a6e162ab89a8427d96f4c1df338dd8c27abb43552493328c05b1a,"{""artifact"":""https://crowdin.com/project/suitecrm-core"",""sha256"":""e44e3d519bc8108e84c71b056b701d10d067ec58b2292d424089fdc60d112c95""}"
8cb5dae6db5aec1df73332ac,City,Ort,SuiteCRM-Core,sv-accounts-final-810-published-20260919,$mod_strings['LBL_LIST_CITY'],,project-context,212fb6d5418a6360f233f865,reviewed-receipt,https://github.com/yeager/translations/blob/67e6d27877c9cfd6b6dbc74bd852b10bdbe09c3c/SuiteCRM-Core/sv-accounts-final-810-published-20260919.json,f99b6b196fed5b4409a55d1296241bb29b890401afe16c0f8654ddadb9c6a43b,{}
8cbdbe81fa35c36131e6a8d4,Yours,Dina,SuiteCRM-Core,sv-optimisticlock-810-reviewed-20260919,$mod_strings['LBL_YOURS'],,project-context,4816ec5d1f8b0e8c02c43801,reviewed-receipt,https://github.com/yeager/translations/blob/67e6d27877c9cfd6b6dbc74bd852b10bdbe09c3c/SuiteCRM-Core/sv-optimisticlock-810-reviewed-20260919.json,1c0c97b42d5fab34de99c68b6e8270606d9e97b472fdcd76eb0ee7edb1369868,{}
8d00169594033c29f5ef58c0,Basic,Grundläggande,SuiteCRM-Core,sv-emailmarketing-810-reviewed-20260919,$mod_strings['LBL_OVERVIEW'],,project-context,71c940d863dc6b4f971a0a83,reviewed-receipt,https://github.com/yeager/translations/blob/67e6d27877c9cfd6b6dbc74bd852b10bdbe09c3c/SuiteCRM-Core/sv-emailmarketing-810-reviewed-20260919.json,5ec4491f9b64a0da78ac62fa97360cc4e284f94d49fc10bc6c878b997b7ea8af,{}
8d0d1e3974709e08a6b6f837,Accept Yours,Acceptera din version,SuiteCRM-Core,sv-optimisticlock-810-reviewed-20260919,$mod_strings['LBL_ACCEPT_YOURS'],,project-context,851faa5875682bbb9e9cc7a2,reviewed-receipt,https://github.com/yeager/translations/blob/67e6d27877c9cfd6b6dbc74bd852b10bdbe09c3c/SuiteCRM-Core/sv-optimisticlock-810-reviewed-20260919.json,1c0c97b42d5fab34de99c68b6e8270606d9e97b472fdcd76eb0ee7edb1369868,{}
8d164bf82ae5e4c98eb0cc5c,Campaign,Kampanj,SuiteCRM-Core,sv-published-20260918,$mod_strings['LBL_LIST_CAMPAIGN'],,project-context,c1fd212f03a0dc4e87d2eb1d,reviewed-receipt,https://github.com/yeager/translations/blob/67e6d27877c9cfd6b6dbc74bd852b10bdbe09c3c/SuiteCRM-Core/sv-published-20260918.json,e4f7faaa5625d277e7a537f5b555c2fd753d326636e98deb288463e96d6356f7,{}
8d1997a753c28ff70e3eb1b2,Merge Records,Slå ihop Uppgifter,SuiteCRM-Core,sv-mergerecords-810-reviewed-20260919,$mod_strings['LBL_MODULE_NAME'],,project-context,f8e180762acee000848d7d9f,reviewed-receipt,https://github.com/yeager/translations/blob/67e6d27877c9cfd6b6dbc74bd852b10bdbe09c3c/SuiteCRM-Core/sv-mergerecords-810-reviewed-20260919.json,91986f9f225ab70510f1d592ec7ab13d102e66d6e808c70be1487daa66289884,{}
8d32ebff0cb24947a86b4c65,Use SMTP Authentication?,Använd SMTP-autentisering?,SuiteCRM-Core,sv-configurator-security-810-published-20260919,$mod_strings['LBL_MAIL_SMTPAUTH_REQ'],,project-context,05288ba39c382b25ffdd98a4,reviewed-receipt,https://github.com/yeager/translations/blob/67e6d27877c9cfd6b6dbc74bd852b10bdbe09c3c/SuiteCRM-Core/sv-configurator-security-810-published-20260919.json,b9cffb7627e0e033ecf619b158ee05a9837fda3137dd33e9dd9cc36d32c5600c,{}
8d40cbfc767557a380673755,Created by User,Skapad av användare,SuiteCRM-Core,sv-address-cache-followup-810-20260919,$mod_strings['LBL_CREATED_USER'],,project-context,aa83b4323ad307b0529d6a78,reviewed-receipt,https://github.com/yeager/translations/blob/67e6d27877c9cfd6b6dbc74bd852b10bdbe09c3c/SuiteCRM-Core/sv-address-cache-followup-810-20260919.json,c7e99432ec0b3f570a7b414e45f71b3660b21aa2c1e499d010ab737c90e56bef,"{""artifact"":""https://crowdin.com/project/suitecrm-core"",""sha256"":""9f03e19944a6112d713ea74afe73365edf830ea8d4815f281bd137ace25d2cbb""}"
8df02b3fa16565876f16367a,Date Create,Skapat datum,SuiteCRM-Core,sv-email-addresses-810-reviewed-20260919,$mod_strings['LBL_DATE_CREATE'],,project-context,792279111e68c4f7baf16d9c,reviewed-receipt,https://github.com/yeager/translations/blob/67e6d27877c9cfd6b6dbc74bd852b10bdbe09c3c/SuiteCRM-Core/sv-email-addresses-810-reviewed-20260919.json,274a0a2e48242ef462753efa7838ce99aa59440b092671b4eab3273704c2386d,{}
8e0e1cb9aa0b9cca5b880cde,Case Macro,Ärendemakro,SuiteCRM-Core,sv-inbound-email-810-a-published-20260919,$mod_strings['LBL_CASE_MACRO'],,project-context,79c13400f563469814446262,reviewed-receipt,https://github.com/yeager/translations/blob/67e6d27877c9cfd6b6dbc74bd852b10bdbe09c3c/SuiteCRM-Core/sv-inbound-email-810-a-published-20260919.json,67b8a04fd03d3b56d9f5e2549ac38263fc2b653e270ecd0097cbd7e2a30e424a,{}
8e0e3524884fc1161217806a,Test,Testa,SuiteCRM-Core,sv-inbound-email-810-b-published-20260919,$mod_strings['LBL_TEST_BUTTON_TITLE'],,project-context,82e01195c2e840c963eb81e8,reviewed-receipt,https://github.com/yeager/translations/blob/67e6d27877c9cfd6b6dbc74bd852b10bdbe09c3c/SuiteCRM-Core/sv-inbound-email-810-b-published-20260919.json,50c081232ca5f44c5a35c5973a58367c6d6b8e57fb93b0bf46982142cf2626a9,{}
8e3dcf3b111206ba07a70dfb,My Accounts,Mina företag,SuiteCRM-Core,sv-accounts-a-810-published-20260919,$mod_strings['LBL_HOMEPAGE_TITLE'],,project-context,8b770d37b6fc30c3b6849f1b,reviewed-receipt,https://github.com/yeager/translations/blob/67e6d27877c9cfd6b6dbc74bd852b10bdbe09c3c/SuiteCRM-Core/sv-accounts-a-810-published-20260919.json,ea12294a7550adccf7f3bd2ee5ba9c0f994224671cce0ee6ffbeaf4e4d1eedb2,{}
8e438aa96d455addf5906e1d,Personal Mail Account,Personligt e-postkonto,SuiteCRM-Core,sv-inbound-email-810-published-20260919,$mod_strings['LBL_PERSONAL_MODULE_NAME'],,project-context,003b6e0efe415751995550e9,reviewed-receipt,https://github.com/yeager/translations/blob/67e6d27877c9cfd6b6dbc74bd852b10bdbe09c3c/SuiteCRM-Core/sv-inbound-email-810-published-20260919.json,8ff080143649204a50f3a20eee408535d517ed526e8c4bad972910fef8c046e2,{}
8e523d9cd1cbf156cc014a54,Google Calendar Sync,Synkronisering av Google Kalender,SuiteCRM-Core,sv-schedulers-810-published-20260919,$mod_strings['LBL_OOTB_GOOGLE_CAL_SYNC'],,project-context,f3a15f8bcc6c9256912bd353,reviewed-receipt,https://github.com/yeager/translations/blob/67e6d27877c9cfd6b6dbc74bd852b10bdbe09c3c/SuiteCRM-Core/sv-schedulers-810-published-20260919.json,33eb7afe2f29dd74f08bd921b07d01bf183499e1985dd5f49edf5433b2ce22bb,{}
8e87c0194072d1898e73c529,Campaigns,Kampanjer,SuiteCRM-Core,sv-accounts-final-810-published-20260919,$mod_strings['LBL_CAMPAIGNS'],,project-context,7c0eb71ff76c703bb7b2c371,reviewed-receipt,https://github.com/yeager/translations/blob/67e6d27877c9cfd6b6dbc74bd852b10bdbe09c3c/SuiteCRM-Core/sv-accounts-final-810-published-20260919.json,f99b6b196fed5b4409a55d1296241bb29b890401afe16c0f8654ddadb9c6a43b,{}
8e918f0e7ed989ee8695ec48,Use Mailbox:,Använd postlåda:,SuiteCRM-Core,sv-emailmarketing-810-reviewed-20260919,$mod_strings['LBL_FROM_MAILBOX_NAME'],,project-context,b093716bebf8f9c8d34875a9,reviewed-receipt,https://github.com/yeager/translations/blob/67e6d27877c9cfd6b6dbc74bd852b10bdbe09c3c/SuiteCRM-Core/sv-emailmarketing-810-reviewed-20260919.json,5ec4491f9b64a0da78ac62fa97360cc4e284f94d49fc10bc6c878b997b7ea8af,{}
8f46f34f85b832e6a42b58d5,Address Type for Leads:,Adresstyp för leads:,SuiteCRM-Core,sv-geocode-address-types-810-20260919,$mod_strings['LBL_CONFIG_ADDRESS_TYPE_FOR_LEADS'],,project-context,9b73c8919664945f17053715,reviewed-receipt,https://github.com/yeager/translations/blob/67e6d27877c9cfd6b6dbc74bd852b10bdbe09c3c/SuiteCRM-Core/sv-geocode-address-types-810-20260919.json,b0f2b836b6936f9ae4a0e7d46ca8d274f8a89cb457dd8f3d507d0ef26f6a3a00,"{""artifact"":""https://crowdin.com/project/suitecrm-core"",""sha256"":""58172a50b8ea2d080a16fe7fd00a8d6f995ee46ed870a02a28f0dd717fbe8062""}"
8f5a42d5363bc402eb533c42,Create Portal User,Skapa portalanvändare,SuiteCRM-Core,sv-contacts-final-810-published-20260919,$mod_strings['LBL_CREATE_PORTAL_USER'],,project-context,11f42b70a628523bb2d01deb,reviewed-receipt,https://github.com/yeager/translations/blob/67e6d27877c9cfd6b6dbc74bd852b10bdbe09c3c/SuiteCRM-Core/sv-contacts-final-810-published-20260919.json,d978283a12dfb9b326a3d05a7e751d434c6e3ced5ebb9cf860d351c2ecd7f04d,{}
8f640093058a1c8a43f6733d,Email Address:,E-postadress:,SuiteCRM-Core,sv-contacts-a-810-published-20260919,$mod_strings['LBL_EMAIL_ADDRESS'],,project-context,6cce2063cb99664d2423eeac,reviewed-receipt,https://github.com/yeager/translations/blob/67e6d27877c9cfd6b6dbc74bd852b10bdbe09c3c/SuiteCRM-Core/sv-contacts-a-810-published-20260919.json,10584b485e200c6f1c96340054304bbf1333d0f5bdb89bae8947c2df5c4c0947,{}
8f75ce5f0a368e43055996e6,Date Modified,Ändringsdatum,SuiteCRM-Core,sv-email-addresses-810-reviewed-20260919,$mod_strings['LBL_DATE_MODIFIED'],,project-context,f0080d59c0fc98764402850e,reviewed-receipt,https://github.com/yeager/translations/blob/67e6d27877c9cfd6b6dbc74bd852b10bdbe09c3c/SuiteCRM-Core/sv-email-addresses-810-reviewed-20260919.json,274a0a2e48242ef462753efa7838ce99aa59440b092671b4eab3273704c2386d,{}
8fbea4f6aa88d57bf0085337,"""Reply-to"" Name",Namn i fältet ”Svara till”,SuiteCRM-Core,sv-inbound-email-810-b-published-20260919,$mod_strings['LBL_REPLY_TO_NAME'],,project-context,a9960d6a0e16c202fac1c504,reviewed-receipt,https://github.com/yeager/translations/blob/67e6d27877c9cfd6b6dbc74bd852b10bdbe09c3c/SuiteCRM-Core/sv-inbound-email-810-b-published-20260919.json,50c081232ca5f44c5a35c5973a58367c6d6b8e57fb93b0bf46982142cf2626a9,{}
8fcd56a876f18608c0c0f566,Bounce Handling Options,Alternativ för hantering av studsade e-postmeddelanden,SuiteCRM-Core,sv-inbound-email-810-published-20260919,$mod_strings['LBL_EMAIL_BOUNCE_OPTIONS'],,project-context,a25e88fb401ac0f5c890e500,reviewed-receipt,https://github.com/yeager/translations/blob/67e6d27877c9cfd6b6dbc74bd852b10bdbe09c3c/SuiteCRM-Core/sv-inbound-email-810-published-20260919.json,8ff080143649204a50f3a20eee408535d517ed526e8c4bad972910fef8c046e2,{}
8fd0555b2b3f718cf8f02e5d,Created a new account,Skapade ett nytt företag,SuiteCRM-Core,sv-contacts-a-810-published-20260919,$mod_strings['LBL_CREATED_ACCOUNT'],,project-context,e5ade284f1121b7d96698dd6,reviewed-receipt,https://github.com/yeager/translations/blob/67e6d27877c9cfd6b6dbc74bd852b10bdbe09c3c/SuiteCRM-Core/sv-contacts-a-810-published-20260919.json,10584b485e200c6f1c96340054304bbf1333d0f5bdb89bae8947c2df5c4c0947,{}
8fe38ea057407fdb7065fba0,Group Folder Id,ID för gruppmapp,SuiteCRM-Core,sv-inbound-email-810-c-published-20260919,$mod_strings['LBL_GROUPFOLDER_ID'],,project-context,77862b3b239297176dbdac1d,reviewed-receipt,https://github.com/yeager/translations/blob/67e6d27877c9cfd6b6dbc74bd852b10bdbe09c3c/SuiteCRM-Core/sv-inbound-email-810-c-published-20260919.json,efc326506d8e54d83cdc6cf68ddf8af5b427dbb93c869334100bc3d2383e119a,{}
906e71fd1f7a4b4527e96e4c,External OAuth Connections,Externa OAuth-anslutningar,SuiteCRM-Core,sv-outbound-email-810-published-20260919,$mod_strings['LNK_EXTERNAL_OAUTH_CONNECTIONS'],,project-context,d4c25b0c13a6a65df88e01c1,reviewed-receipt,https://github.com/yeager/translations/blob/67e6d27877c9cfd6b6dbc74bd852b10bdbe09c3c/SuiteCRM-Core/sv-outbound-email-810-published-20260919.json,971cdcc19e79f693c13cb15c9aee0f659a84a6c378a69f16b9dae9f6b2d70244,{}
90a1ed28c37faf8de04e4e78,Create Bug,Skapa felrapport,SuiteCRM-Core,sv-published-20260918,$mod_strings['LBL_CREATE_BUG'],,project-context,6d04877a4d701c33cd243453,reviewed-receipt,https://github.com/yeager/translations/blob/67e6d27877c9cfd6b6dbc74bd852b10bdbe09c3c/SuiteCRM-Core/sv-published-20260918.json,e4f7faaa5625d277e7a537f5b555c2fd753d326636e98deb288463e96d6356f7,{}
90d22c7e68379bb09c8a801c,Scheduler Name,Namn på schemaläggare,SuiteCRM-Core,sv-schedulers-810-published-20260919,$mod_strings['LBL_NAME'],,project-context,caa114c3f876976d69df5e05,reviewed-receipt,https://github.com/yeager/translations/blob/67e6d27877c9cfd6b6dbc74bd852b10bdbe09c3c/SuiteCRM-Core/sv-schedulers-810-published-20260919.json,33eb7afe2f29dd74f08bd921b07d01bf183499e1985dd5f49edf5433b2ce22bb,{}
90dd15b0c23812ce3e7013e3,Time Sent:,Skickad tid:,SuiteCRM-Core,sv-published-20260918,$mod_strings['LBL_TIME'],,project-context,16d2ad6f98f2d324037c88c4,reviewed-receipt,https://github.com/yeager/translations/blob/67e6d27877c9cfd6b6dbc74bd852b10bdbe09c3c/SuiteCRM-Core/sv-published-20260918.json,e4f7faaa5625d277e7a537f5b555c2fd753d326636e98deb288463e96d6356f7,{}
90f725b8787ce1da5ec1ee72,cURL Module,cURL-modul,SuiteCRM-Core,sv-upgradewizard-810-published-20260919,$mod_strings['LBL_UW_COMPLIANCE_CURL'],,project-context,be1bcc600cd26351a2a9126d,reviewed-receipt,https://github.com/yeager/translations/blob/67e6d27877c9cfd6b6dbc74bd852b10bdbe09c3c/SuiteCRM-Core/sv-upgradewizard-810-published-20260919.json,4c5e554ea18d559c3ec8998eb3613f5413dea4c4c95bb851b4a0695c85b6ef99,{}
9151542a12d44dc1164b6140,Contact Name:,Kontaktens namn:,SuiteCRM-Core,sv-contacts-a-810-published-20260919,$mod_strings['LBL_CONTACT_NAME'],,project-context,9ce986f4b9a642b81cd6cb46,reviewed-receipt,https://github.com/yeager/translations/blob/67e6d27877c9cfd6b6dbc74bd852b10bdbe09c3c/SuiteCRM-Core/sv-contacts-a-810-published-20260919.json,10584b485e200c6f1c96340054304bbf1333d0f5bdb89bae8947c2df5c4c0947,{}
9173c634be2e0044955cd54a,Check All,Markera alla,SuiteCRM-Core,sv-upgradewizard-810-published-20260919,$mod_strings['LBL_UW_CHECK_ALL'],,project-context,7139e0d582400b3525cf61c1,reviewed-receipt,https://github.com/yeager/translations/blob/67e6d27877c9cfd6b6dbc74bd852b10bdbe09c3c/SuiteCRM-Core/sv-upgradewizard-810-published-20260919.json,4c5e554ea18d559c3ec8998eb3613f5413dea4c4c95bb851b4a0695c85b6ef99,{}
9186d73acaabe4e2a60b6990,Welcome,Välkommen,SuiteCRM-Core,sv-published-20260918,$mod_strings['LBL_WIZARD_WELCOME_TAB'],,project-context,0c82fc748e5fb439250607e1,reviewed-receipt,https://github.com/yeager/translations/blob/67e6d27877c9cfd6b6dbc74bd852b10bdbe09c3c/SuiteCRM-Core/sv-published-20260918.json,e4f7faaa5625d277e7a537f5b555c2fd753d326636e98deb288463e96d6356f7,{}
91909e1b5116bc832c10de75,Distribution Options,Fördelningsalternativ,SuiteCRM-Core,sv-inbound-email-810-published-20260919,$mod_strings['LBL_DISTRIB_OPTIONS'],,project-context,c3b903fe58e15d3f3f8e3037,reviewed-receipt,https://github.com/yeager/translations/blob/67e6d27877c9cfd6b6dbc74bd852b10bdbe09c3c/SuiteCRM-Core/sv-inbound-email-810-published-20260919.json,8ff080143649204a50f3a20eee408535d517ed526e8c4bad972910fef8c046e2,{}
91a45aaa9f440e300f772330,Email Body Filter Type,Filtertyp för e-postmeddelandets brödtext,SuiteCRM-Core,sv-inbound-email-810-published-20260919,$mod_strings['LBL_EMAIL_BODY_FILTERING'],,project-context,89971f611c4b5ea5bfe7adb0,reviewed-receipt,https://github.com/yeager/translations/blob/67e6d27877c9cfd6b6dbc74bd852b10bdbe09c3c/SuiteCRM-Core/sv-inbound-email-810-published-20260919.json,8ff080143649204a50f3a20eee408535d517ed526e8c4bad972910fef8c046e2,{}
91dc89a9b8d1b369c3cc2cdf,Activities,Aktiviteter,SuiteCRM-Core,sv-areas-810-20260919,$mod_strings['LBL_ACTIVITIES_SUBPANEL_TITLE'],,project-context,cccbfdbe9c32da44c75b77a0,reviewed-receipt,https://github.com/yeager/translations/blob/67e6d27877c9cfd6b6dbc74bd852b10bdbe09c3c/SuiteCRM-Core/sv-areas-810-20260919.json,7ed0e2199c7c518e01ad3019b5b0410afd7542c9f4cfaf1a811dfc11a6c82011,"{""artifact"":""https://crowdin.com/project/suitecrm-core"",""sha256"":""38954ebf3e95d2f01b5e36d7404e4f90b7fb58a46106caf0dea28807b9a78608""}"
91dd7e4f289f81805f356542,SMTP Password:,SMTP-lösenord:,SuiteCRM-Core,sv-published-20260918,$mod_strings['LBL_MAIL_SMTPPASS'],,project-context,c2a41659d44b462ff504eb30,reviewed-receipt,https://github.com/yeager/translations/blob/67e6d27877c9cfd6b6dbc74bd852b10bdbe09c3c/SuiteCRM-Core/sv-published-20260918.json,e4f7faaa5625d277e7a537f5b555c2fd753d326636e98deb288463e96d6356f7,{}
91e104b6ad8ad19aa8e3ea22,Merge Records: Home,Slå ihop Uppgifter: Start,SuiteCRM-Core,sv-mergerecords-810-reviewed-20260919,$mod_strings['LBL_MODULE_TITLE'],,project-context,ec50f03a9f009f9689992fba,reviewed-receipt,https://github.com/yeager/translations/blob/67e6d27877c9cfd6b6dbc74bd852b10bdbe09c3c/SuiteCRM-Core/sv-mergerecords-810-reviewed-20260919.json,91986f9f225ab70510f1d592ec7ab13d102e66d6e808c70be1487daa66289884,{}
91e5b1beae074fc5b7c45983,Create Contacts,Skapa kontakter,SuiteCRM-Core,sv-published-20260918,$mod_strings['LBL_CREATE_CONTACTS'],,project-context,5a3b058f2c5b806faeb6de90,reviewed-receipt,https://github.com/yeager/translations/blob/67e6d27877c9cfd6b6dbc74bd852b10bdbe09c3c/SuiteCRM-Core/sv-published-20260918.json,e4f7faaa5625d277e7a537f5b555c2fd753d326636e98deb288463e96d6356f7,{}
91e78dff68e46acd562c4d89,No Auto-Reply to this Domain,Inga autosvar till denna domän,SuiteCRM-Core,sv-inbound-email-810-published-20260919,$mod_strings['LBL_FILTER_DOMAIN'],,project-context,21e5d3bfa471904c7aa2e7d3,reviewed-receipt,https://github.com/yeager/translations/blob/67e6d27877c9cfd6b6dbc74bd852b10bdbe09c3c/SuiteCRM-Core/sv-inbound-email-810-published-20260919.json,8ff080143649204a50f3a20eee408535d517ed526e8c4bad972910fef8c046e2,{}
92ae1e57651a1348f02ec4c6,OAuth Tokens,OAuth-token,SuiteCRM-Core,sv-published-20260918,$mod_strings['LBL_OAUTH_TOKENS'],,project-context,b6e07c8bb3dc7e25753028a5,reviewed-receipt,https://github.com/yeager/translations/blob/67e6d27877c9cfd6b6dbc74bd852b10bdbe09c3c/SuiteCRM-Core/sv-published-20260918.json,e4f7faaa5625d277e7a537f5b555c2fd753d326636e98deb288463e96d6356f7,{}
92d267dbd12add15ff63d01d,Add Cc,Lägg till kopia,SuiteCRM-Core,sv-published-20260918,$mod_strings['LBL_ADD_CC'],,project-context,c1be52e53a894376a6826a11,reviewed-receipt,https://github.com/yeager/translations/blob/67e6d27877c9cfd6b6dbc74bd852b10bdbe09c3c/SuiteCRM-Core/sv-published-20260918.json,e4f7faaa5625d277e7a537f5b555c2fd753d326636e98deb288463e96d6356f7,{}
92d5459f4fc793359ba9754f,Most Recent Change Wins (Recommended),Senaste ändring gäller (rekommenderas),SuiteCRM-Core,sv-published-20260918,$mod_strings['LBL_CALENDAR_SYNC_CONFLICT_TIMESTAMP'],,project-context,684ec54f2a300b214ff96164,reviewed-receipt,https://github.com/yeager/translations/blob/67e6d27877c9cfd6b6dbc74bd852b10bdbe09c3c/SuiteCRM-Core/sv-published-20260918.json,e4f7faaa5625d277e7a537f5b555c2fd753d326636e98deb288463e96d6356f7,{}
92e7ea170244605dd9f6f9c7,In Process,Behandlas,SuiteCRM-Core,sv-published-20260918,$mod_strings['LBL_LIST_IN_QUEUE'],,project-context,98f78f6a60c30f9f973b3380,reviewed-receipt,https://github.com/yeager/translations/blob/67e6d27877c9cfd6b6dbc74bd852b10bdbe09c3c/SuiteCRM-Core/sv-published-20260918.json,e4f7faaa5625d277e7a537f5b555c2fd753d326636e98deb288463e96d6356f7,{}
92eb8afca9332df289e61ac8,New Contact,Ny kontakt,SuiteCRM-Core,sv-contacts-b-810-published-20260919,$mod_strings['LBL_NEW_FORM_TITLE'],,project-context,de0002aa2290e3f0d412ec2e,reviewed-receipt,https://github.com/yeager/translations/blob/67e6d27877c9cfd6b6dbc74bd852b10bdbe09c3c/SuiteCRM-Core/sv-contacts-b-810-published-20260919.json,d90efd721e18c4336904231d21d618d5245ef5fdaa19153e482b76ac0409f394,{}
92ec29dbdab90f97614988b8,Export Addresses Limit:,Gräns för adressexport:,SuiteCRM-Core,suitecrm-geocode-groups-810-20260920,$mod_strings['LBL_CONFIG_EXPORT_ADDRESSES_LIMIT_TITLE'],,project-context,b652adf304c9c4663a6d03ad,reviewed-receipt,https://github.com/yeager/translations/blob/67e6d27877c9cfd6b6dbc74bd852b10bdbe09c3c/SuiteCRM-Core/suitecrm-geocode-groups-810-20260920.json,ad654ac15e6a6e162ab89a8427d96f4c1df338dd8c27abb43552493328c05b1a,"{""artifact"":""https://crowdin.com/project/suitecrm-core"",""sha256"":""727363d146bd2d9990d7f401811dda6a571249d8e6d4bddf3d29d71e7e5c6e58""}"
93200c28098bc4c3b7821498,Send Test Email,Skicka testmeddelande,SuiteCRM-Core,sv-emailmarketing-810-reviewed-20260919,$mod_strings['LBL_SEND_TEST_EMAIL'],,project-context,21fb408ea09a64fa5f3f84b2,reviewed-receipt,https://github.com/yeager/translations/blob/67e6d27877c9cfd6b6dbc74bd852b10bdbe09c3c/SuiteCRM-Core/sv-emailmarketing-810-reviewed-20260919.json,5ec4491f9b64a0da78ac62fa97360cc4e284f94d49fc10bc6c878b997b7ea8af,{}
936207b98ad36b31f871cef3,Action,Åtgärd,SuiteCRM-Core,sv-published-20260918,$mod_strings['LBL_ML_ACTION'],,project-context,6efbcbc00ac76a486b5bea7b,reviewed-receipt,https://github.com/yeager/translations/blob/67e6d27877c9cfd6b6dbc74bd852b10bdbe09c3c/SuiteCRM-Core/sv-published-20260918.json,e4f7faaa5625d277e7a537f5b555c2fd753d326636e98deb288463e96d6356f7,{}
9362b9b1f38a807f10239dc7,Test Connection Settings,Testa anslutningsinställningar,SuiteCRM-Core,sv-inbound-email-810-c-published-20260919,$mod_strings['LBL_TEST_CONNECTION_SETTINGS'],,project-context,c70da7f87e42351e50b4ca8c,reviewed-receipt,https://github.com/yeager/translations/blob/67e6d27877c9cfd6b6dbc74bd852b10bdbe09c3c/SuiteCRM-Core/sv-inbound-email-810-c-published-20260919.json,efc326506d8e54d83cdc6cf68ddf8af5b427dbb93c869334100bc3d2383e119a,{}
93699e18235c102ad0a5f41a,Contacts,Kontakter,SuiteCRM-Core,sv-contacts-final-810-published-20260919,$mod_strings['LBL_CONTACTS_SUBPANEL_TITLE'],,project-context,3360aeea4a5e2182464be486,reviewed-receipt,https://github.com/yeager/translations/blob/67e6d27877c9cfd6b6dbc74bd852b10bdbe09c3c/SuiteCRM-Core/sv-contacts-final-810-published-20260919.json,d978283a12dfb9b326a3d05a7e751d434c6e3ced5ebb9cf860d351c2ecd7f04d,{}
936a565066a4ea058f63bc0e,Create Target,Skapa mottagare,SuiteCRM-Core,sv-emailmarketing-a-810-published-20260919,$mod_strings['LNK_NEW_PROSPECT'],,project-context,8248ed901106f07ef14535cd,reviewed-receipt,https://github.com/yeager/translations/blob/67e6d27877c9cfd6b6dbc74bd852b10bdbe09c3c/SuiteCRM-Core/sv-emailmarketing-a-810-published-20260919.json,84957449ddc9118eddc2b572b035053c0b63aa8200c37a30f6619f66e15777e4,{}
93872e237f7a702ed84a3881,Emails: Meetings,E-post:Möten,SuiteCRM-Core,sv-published-20260918,$mod_strings['LBL_EMAILS_MEETINGS_REL'],,project-context,5889c141c2566ddfb4d3085c,reviewed-receipt,https://github.com/yeager/translations/blob/67e6d27877c9cfd6b6dbc74bd852b10bdbe09c3c/SuiteCRM-Core/sv-published-20260918.json,e4f7faaa5625d277e7a537f5b555c2fd753d326636e98deb288463e96d6356f7,{}
93a9adc554398aa0ce3ca8e0,date,datum,SuiteCRM-Core,sv-schedulers-810-published-20260919,$mod_strings['LBL_DAY_OF_MONTH'],,project-context,f701bb086caede389a146189,reviewed-receipt,https://github.com/yeager/translations/blob/67e6d27877c9cfd6b6dbc74bd852b10bdbe09c3c/SuiteCRM-Core/sv-schedulers-810-published-20260919.json,33eb7afe2f29dd74f08bd921b07d01bf183499e1985dd5f49edf5433b2ce22bb,{}
94128aff3eaac3d8c49f95ca,Next Free Item,Nästa lediga objekt,SuiteCRM-Core,sv-published-20260918,$mod_strings['LBL_NEXT_EMAIL'],,project-context,e72232551324078363885f73,reviewed-receipt,https://github.com/yeager/translations/blob/67e6d27877c9cfd6b6dbc74bd852b10bdbe09c3c/SuiteCRM-Core/sv-published-20260918.json,e4f7faaa5625d277e7a537f5b555c2fd753d326636e98deb288463e96d6356f7,{}
945cf6a7030fa4aa1ac2386a,Prune SuiteCRM Feed Tables,Rensa SuiteCRM:s flödestabeller,SuiteCRM-Core,sv-schedulers-810-a-published-20260919,$mod_strings['LBL_OOTB_SUITEFEEDS'],,project-context,3e764ee720c72c4832a88036,reviewed-receipt,https://github.com/yeager/translations/blob/67e6d27877c9cfd6b6dbc74bd852b10bdbe09c3c/SuiteCRM-Core/sv-schedulers-810-a-published-20260919.json,3c6c981f88e16e22e571d729a4bb12cc98db47334bbe03c18d6ed0001b81d8a8,{}
946e4cad8b5efaae31dfcfd3,Tracker Links Enabled,Spårningslänkar aktiverade,SuiteCRM-Core,sv-emailmarketing-security-810-published-20260919,$mod_strings['LBL_TRACKER_LINKS_ENABLED'],,project-context,c86905a88894e6d2e32a1ce7,reviewed-receipt,https://github.com/yeager/translations/blob/67e6d27877c9cfd6b6dbc74bd852b10bdbe09c3c/SuiteCRM-Core/sv-emailmarketing-security-810-published-20260919.json,3204b94182121e6c1d8e5d51e878c17a5e85cc78187db29beb922e12fae48b78,{}
946f9cf19b03a72f289e0118,Admin,Administratör,SuiteCRM-Core,sv-acl-810-published-20260919,$mod_strings['LBL_ACCESS_ADMIN'],,project-context,23041c5dd2a891345a392508,reviewed-receipt,https://github.com/yeager/translations/blob/67e6d27877c9cfd6b6dbc74bd852b10bdbe09c3c/SuiteCRM-Core/sv-acl-810-published-20260919.json,c3d79cc04f48d5a83982b3c13a5bf197dcb035625008d4cec3b1a07c4d7311de,{}
9488df9f339e509f09979de8,Alt Address Street,Alternativ gatuadress,SuiteCRM-Core,sv-leads-a-810-published-20260919,$mod_strings['LBL_ALT_ADDRESS_STREET'],,project-context,81311c909aa9780646409e17,reviewed-receipt,https://github.com/yeager/translations/blob/67e6d27877c9cfd6b6dbc74bd852b10bdbe09c3c/SuiteCRM-Core/sv-leads-a-810-published-20260919.json,60952907a18a1fa8bb5cc88e44ed4c1176c7ffce44a7c94450b6ef6b204e5217,"{""artifact"":""https://crowdin.com/project/suitecrm-core"",""sha256"":""ba5771538dc35b91c351a67a9b66f652155133c296ca13aaf0cbd40262e51204""}"
94970cab918476b8d232e8ce,Header Row,Rubrikrad,SuiteCRM-Core,sv-import-810-reviewed-20260919,$mod_strings['LBL_HEADER_ROW'],,project-context,f3a56c306c9e2349e82d410c,reviewed-receipt,https://github.com/yeager/translations/blob/67e6d27877c9cfd6b6dbc74bd852b10bdbe09c3c/SuiteCRM-Core/sv-import-810-reviewed-20260919.json,9ad9f80f27abc071d9102bbd8cefb9bc43256bdad442051d55760286d830c3b0,{}
94a843c922fde3224752b9c9,SMTP Server Specification,SMTP-serverinställningar,SuiteCRM-Core,sv-configurator-security-810-published-20260919,$mod_strings['LBL_MAIL_SMTP_SETTINGS'],,project-context,6f3ee70029ea0125ba17879b,reviewed-receipt,https://github.com/yeager/translations/blob/67e6d27877c9cfd6b6dbc74bd852b10bdbe09c3c/SuiteCRM-Core/sv-configurator-security-810-published-20260919.json,b9cffb7627e0e033ecf619b158ee05a9837fda3137dd33e9dd9cc36d32c5600c,{}
94ce091eaba9989b35f66ecc,Yes.,Ja.,SuiteCRM-Core,sv-inbound-email-810-published-20260919,$mod_strings['LBL_ONLY_SINCE_YES'],,project-context,96166c44694f8db0b093d662,reviewed-receipt,https://github.com/yeager/translations/blob/67e6d27877c9cfd6b6dbc74bd852b10bdbe09c3c/SuiteCRM-Core/sv-inbound-email-810-published-20260919.json,8ff080143649204a50f3a20eee408535d517ed526e8c4bad972910fef8c046e2,{}
94d66461ade0006b0623712b,Compose Email,Skriv e-post,SuiteCRM-Core,sv-published-20260918,$mod_strings['LBL_COMPOSEEMAIL'],,project-context,eba136bdedc831856b4a6b83,reviewed-receipt,https://github.com/yeager/translations/blob/67e6d27877c9cfd6b6dbc74bd852b10bdbe09c3c/SuiteCRM-Core/sv-published-20260918.json,e4f7faaa5625d277e7a537f5b555c2fd753d326636e98deb288463e96d6356f7,{}
9519d9ac683551c61b94b076,As often as possible.,Så ofta som möjligt.,SuiteCRM-Core,sv-schedulers-810-a-published-20260919,$mod_strings['LBL_OFTEN'],,project-context,382aaf5442979d92f4dceb4e,reviewed-receipt,https://github.com/yeager/translations/blob/67e6d27877c9cfd6b6dbc74bd852b10bdbe09c3c/SuiteCRM-Core/sv-schedulers-810-a-published-20260919.json,3c6c981f88e16e22e571d729a4bb12cc98db47334bbe03c18d6ed0001b81d8a8,{}
952468528bfd185b3626b172,Possible Actions,Möjliga åtgärder,SuiteCRM-Core,sv-inbound-email-810-published-20260919,$mod_strings['LBL_MAILBOX_TYPE'],,project-context,5409b46351fbb4c2a94ef605,reviewed-receipt,https://github.com/yeager/translations/blob/67e6d27877c9cfd6b6dbc74bd852b10bdbe09c3c/SuiteCRM-Core/sv-inbound-email-810-published-20260919.json,8ff080143649204a50f3a20eee408535d517ed526e8c4bad972910fef8c046e2,{}
952baf5c776d1a843ddf941f,Show Full Names,Visa fullständiga namn,SuiteCRM-Core,sv-published-20260918,$mod_strings['LBL_USE_REAL_NAMES'],,project-context,15dae9398907a250f2aae1cd,reviewed-receipt,https://github.com/yeager/translations/blob/67e6d27877c9cfd6b6dbc74bd852b10bdbe09c3c/SuiteCRM-Core/sv-published-20260918.json,e4f7faaa5625d277e7a537f5b555c2fd753d326636e98deb288463e96d6356f7,{}
9560d5819f7b2d407ff1aa5f,All,Alla,SuiteCRM-Core,sv-acl-810-published-20260919,$mod_strings['LBL_ALL'],,project-context,c68e77436ccaa5b35908aabf,reviewed-receipt,https://github.com/yeager/translations/blob/67e6d27877c9cfd6b6dbc74bd852b10bdbe09c3c/SuiteCRM-Core/sv-acl-810-published-20260919.json,c3d79cc04f48d5a83982b3c13a5bf197dcb035625008d4cec3b1a07c4d7311de,{}
95920c9f914a6b9b402521c5,Create Case from Email,Skapa ärende från e-post,SuiteCRM-Core,sv-inbound-email-810-b-published-20260919,$mod_strings['LBL_CREATE_CASE'],,project-context,eff907825bba17f03f8abba4,reviewed-receipt,https://github.com/yeager/translations/blob/67e6d27877c9cfd6b6dbc74bd852b10bdbe09c3c/SuiteCRM-Core/sv-inbound-email-810-b-published-20260919.json,50c081232ca5f44c5a35c5973a58367c6d6b8e57fb93b0bf46982142cf2626a9,{}
95c231f0e74279343a0dce6a,Active,Aktiv,SuiteCRM-Core,sv-inbound-email-810-c-published-20260919,$mod_strings['LBL_STATUS_ACTIVE'],,project-context,851c94e4afe296df358fb770,reviewed-receipt,https://github.com/yeager/translations/blob/67e6d27877c9cfd6b6dbc74bd852b10bdbe09c3c/SuiteCRM-Core/sv-inbound-email-810-c-published-20260919.json,efc326506d8e54d83cdc6cf68ddf8af5b427dbb93c869334100bc3d2383e119a,{}
95d8ae250df1a6ac816dafe0,Users,Användare,SuiteCRM-Core,sv-emailmarketing-security-810-published-20260919,$mod_strings['LBL_USERS'],,project-context,66a690098eb9070f3680fa10,reviewed-receipt,https://github.com/yeager/translations/blob/67e6d27877c9cfd6b6dbc74bd852b10bdbe09c3c/SuiteCRM-Core/sv-emailmarketing-security-810-published-20260919.json,3204b94182121e6c1d8e5d51e878c17a5e85cc78187db29beb922e12fae48b78,{}
95dc5f5a388cbe1b04186b19,Example,Exempel,SuiteCRM-Core,sv-import-810-reviewed-20260919,$mod_strings['LBL_LOCALE_EXAMPLE_NAME_FORMAT'],,project-context,19e76d8af824939ca1bd4298,reviewed-receipt,https://github.com/yeager/translations/blob/67e6d27877c9cfd6b6dbc74bd852b10bdbe09c3c/SuiteCRM-Core/sv-import-810-reviewed-20260919.json,9ad9f80f27abc071d9102bbd8cefb9bc43256bdad442051d55760286d830c3b0,{}
95f14d84685c03b77a21f9c0,Alt Address Street 3,Alternativ adressrad 3,SuiteCRM-Core,sv-leads-a-810-published-20260919,$mod_strings['LBL_ALT_ADDRESS_STREET_3'],,project-context,c19f841fd742cf25822ae32b,reviewed-receipt,https://github.com/yeager/translations/blob/67e6d27877c9cfd6b6dbc74bd852b10bdbe09c3c/SuiteCRM-Core/sv-leads-a-810-published-20260919.json,60952907a18a1fa8bb5cc88e44ed4c1176c7ffce44a7c94450b6ef6b204e5217,"{""artifact"":""https://crowdin.com/project/suitecrm-core"",""sha256"":""33d66798289a93be411d81163327ec00ad3b2d82470de0feda4ebbea0b64ac65""}"
964844c6765a8955e6c1bc31,Confirm Layouts,Bekräfta layouter,SuiteCRM-Core,sv-upgradewizard-810-published-20260919,$mod_strings['LBL_UW_CONFIRM_LAYOUTS'],,project-context,3e3a5bd009f0119a636ea045,reviewed-receipt,https://github.com/yeager/translations/blob/67e6d27877c9cfd6b6dbc74bd852b10bdbe09c3c/SuiteCRM-Core/sv-upgradewizard-810-published-20260919.json,4c5e554ea18d559c3ec8998eb3613f5413dea4c4c95bb851b4a0695c85b6ef99,{}
9654287af7af602552a4d11d,Run Email Reminders Sending,Kör e-postpåminnelser,SuiteCRM-Core,sv-schedulers-810-published-20260919,$mod_strings['LBL_SENDEMAILREMINDERS'],,project-context,127738eda47cd15265a08be0,reviewed-receipt,https://github.com/yeager/translations/blob/67e6d27877c9cfd6b6dbc74bd852b10bdbe09c3c/SuiteCRM-Core/sv-schedulers-810-published-20260919.json,33eb7afe2f29dd74f08bd921b07d01bf183499e1985dd5f49edf5433b2ce22bb,{}
96555cd86fdc67e439d6daff,Delete message from server,Ta bort meddelandet från servern,SuiteCRM-Core,sv-published-20260918,$mod_strings['LBL_DELETE_FROM_SERVER'],,project-context,10c64acd6e382111b4c73656,reviewed-receipt,https://github.com/yeager/translations/blob/67e6d27877c9cfd6b6dbc74bd852b10bdbe09c3c/SuiteCRM-Core/sv-published-20260918.json,e4f7faaa5625d277e7a537f5b555c2fd753d326636e98deb288463e96d6356f7,{}
96754a26928607ae9d6a0b9d,Set as default,Ange som standard,SuiteCRM-Core,sv-inbound-email-810-published-20260919,$mod_strings['LBL_SET_AS_DEFAULT_BUTTON'],,project-context,f9d231072b641988d0ef239d,reviewed-receipt,https://github.com/yeager/translations/blob/67e6d27877c9cfd6b6dbc74bd852b10bdbe09c3c/SuiteCRM-Core/sv-inbound-email-810-published-20260919.json,8ff080143649204a50f3a20eee408535d517ed526e8c4bad972910fef8c046e2,{}
96b5b1ccb7182e248b6093a4,From,Från,SuiteCRM-Core,sv-published-20260918,$mod_strings['LBL_LIST_FROM_ADDR'],,project-context,90a1b437a83d81e4748d6160,reviewed-receipt,https://github.com/yeager/translations/blob/67e6d27877c9cfd6b6dbc74bd852b10bdbe09c3c/SuiteCRM-Core/sv-published-20260918.json,e4f7faaa5625d277e7a537f5b555c2fd753d326636e98deb288463e96d6356f7,{}
96e5f1d6956bcf5c2e5d9d81,Connection completed successfully.,Anslutningen upprättades.,SuiteCRM-Core,sv-inbound-email-810-c-published-20260919,$mod_strings['LBL_TEST_SUCCESSFUL'],,project-context,b060d191d7006d8ce6169542,reviewed-receipt,https://github.com/yeager/translations/blob/67e6d27877c9cfd6b6dbc74bd852b10bdbe09c3c/SuiteCRM-Core/sv-inbound-email-810-c-published-20260919.json,efc326506d8e54d83cdc6cf68ddf8af5b427dbb93c869334100bc3d2383e119a,{}
9747c9f26b968c66bfe25876,Currency:,Valuta:,SuiteCRM-Core,sv-import-b-810-published-20260919,$mod_strings['LBL_CURRENCY'],,project-context,8330e0d1cd2d7ef54d6c4d89,reviewed-receipt,https://github.com/yeager/translations/blob/67e6d27877c9cfd6b6dbc74bd852b10bdbe09c3c/SuiteCRM-Core/sv-import-b-810-published-20260919.json,5f4039ac59b7e23dcc8052f95f9ba8304e9ceaa834d2b41c8057e1f955008824,{}
976873a300e530f3ea0cb7f0,Gmail Password:,Gmail-lösenord:,SuiteCRM-Core,sv-published-20260918,$mod_strings['LBL_GMAIL_SMTPPASS'],,project-context,97c9b6933f044517954536b1,reviewed-receipt,https://github.com/yeager/translations/blob/67e6d27877c9cfd6b6dbc74bd852b10bdbe09c3c/SuiteCRM-Core/sv-published-20260918.json,e4f7faaa5625d277e7a537f5b555c2fd753d326636e98deb288463e96d6356f7,{}
9795285f4d2b0fc6b49b4060,IMAP Module,IMAP-modul,SuiteCRM-Core,sv-upgradewizard-810-published-20260919,$mod_strings['LBL_UW_COMPLIANCE_IMAP'],,project-context,891f57a5ed085af8ffbce6b7,reviewed-receipt,https://github.com/yeager/translations/blob/67e6d27877c9cfd6b6dbc74bd852b10bdbe09c3c/SuiteCRM-Core/sv-upgradewizard-810-published-20260919.json,4c5e554ea18d559c3ec8998eb3613f5413dea4c4c95bb851b4a0695c85b6ef99,{}
979ea4539f855fcbd9966525,New Address Cache,Ny adresscache,SuiteCRM-Core,sv-address-cache-followup-810-20260919,$mod_strings['LBL_NEW_FORM_TITLE'],,project-context,2935034551de65578b32b288,reviewed-receipt,https://github.com/yeager/translations/blob/67e6d27877c9cfd6b6dbc74bd852b10bdbe09c3c/SuiteCRM-Core/sv-address-cache-followup-810-20260919.json,c7e99432ec0b3f570a7b414e45f71b3660b21aa2c1e499d010ab737c90e56bef,"{""artifact"":""https://crowdin.com/project/suitecrm-core"",""sha256"":""80397f0b00e78787b13dac8618f3d3565f58a06e89687b6e77b4afa928896349""}"
97d0386b4fb3383c599acb9a,Contracts,Avtal,SuiteCRM-Core,sv-accounts-final-810-published-20260919,$mod_strings['LBL_AOS_CONTRACTS'],,project-context,0e1c340beb958a39d28ba26f,reviewed-receipt,https://github.com/yeager/translations/blob/67e6d27877c9cfd6b6dbc74bd852b10bdbe09c3c/SuiteCRM-Core/sv-accounts-final-810-published-20260919.json,f99b6b196fed5b4409a55d1296241bb29b890401afe16c0f8654ddadb9c6a43b,{}
97d722b96a674f32728ae2ca,Replied,Besvarad,SuiteCRM-Core,sv-published-20260918,$mod_strings['LBL_REPLIED'],,project-context,ea9daf03ec4869a4c114aef2,reviewed-receipt,https://github.com/yeager/translations/blob/67e6d27877c9cfd6b6dbc74bd852b10bdbe09c3c/SuiteCRM-Core/sv-published-20260918.json,e4f7faaa5625d277e7a537f5b555c2fd753d326636e98deb288463e96d6356f7,{}
9815e5fef7d9ebf0ec0fa164,Case Macro,Ärendemakro,SuiteCRM-Core,sv-inbound-email-810-published-20260919,$mod_strings['LBL_CASE_MACRO'],,project-context,64344cc86f4bbff5abaa4eb1,reviewed-receipt,https://github.com/yeager/translations/blob/67e6d27877c9cfd6b6dbc74bd852b10bdbe09c3c/SuiteCRM-Core/sv-inbound-email-810-published-20260919.json,8ff080143649204a50f3a20eee408535d517ed526e8c4bad972910fef8c046e2,{}
981f7d555b7ec6e693dd8106,Opportunity Name:,Affärsnamn:,SuiteCRM-Core,sv-contacts-b-810-published-20260919,$mod_strings['LBL_OPP_NAME'],,project-context,8075902b053000c5b259bc06,reviewed-receipt,https://github.com/yeager/translations/blob/67e6d27877c9cfd6b6dbc74bd852b10bdbe09c3c/SuiteCRM-Core/sv-contacts-b-810-published-20260919.json,d90efd721e18c4336904231d21d618d5245ef5fdaa19153e482b76ac0409f394,{}
9834f15fb6415c01929acd81,Email warning notifications,Varningsaviseringar via e-post,SuiteCRM-Core,sv-published-20260918,$mod_strings['LBL_EMAIL_WARNING_NOTIFICATIONS'],,project-context,5fcb98a2fbfc5378bb3a4ec3,reviewed-receipt,https://github.com/yeager/translations/blob/67e6d27877c9cfd6b6dbc74bd852b10bdbe09c3c/SuiteCRM-Core/sv-published-20260918.json,e4f7faaa5625d277e7a537f5b555c2fd753d326636e98deb288463e96d6356f7,{}
9845655c0da1a042a6ce48f1,Log Call,Logga samtal,SuiteCRM-Core,sv-published-20260918,$mod_strings['LNK_NEW_CALL'],,project-context,e1e6a3ad533332b926d78f34,reviewed-receipt,https://github.com/yeager/translations/blob/67e6d27877c9cfd6b6dbc74bd852b10bdbe09c3c/SuiteCRM-Core/sv-published-20260918.json,e4f7faaa5625d277e7a537f5b555c2fd753d326636e98deb288463e96d6356f7,{}
985382e026e07607e7997e69,Google Calendar Sync,Synkronisering av Google Kalender,SuiteCRM-Core,sv-schedulers-810-a-published-20260919,$mod_strings['LBL_OOTB_GOOGLE_CAL_SYNC'],,project-context,908c2f44f77c1d27ae1ff1b9,reviewed-receipt,https://github.com/yeager/translations/blob/67e6d27877c9cfd6b6dbc74bd852b10bdbe09c3c/SuiteCRM-Core/sv-schedulers-810-a-published-20260919.json,3c6c981f88e16e22e571d729a4bb12cc98db47334bbe03c18d6ed0001b81d8a8,{}
98bd6051318cbf88175e8c4c,Job Status,Jobbstatus,SuiteCRM-Core,sv-schedulerjobs-810-published-20260919,$mod_strings['LBL_STATUS'],,project-context,51511b648616ce64e4aed63a,reviewed-receipt,https://github.com/yeager/translations/blob/67e6d27877c9cfd6b6dbc74bd852b10bdbe09c3c/SuiteCRM-Core/sv-schedulerjobs-810-published-20260919.json,39ece1dd6abbe7117cd3f0433632a40e1beb4e595e8ab66ce266caf7d0c35321,{}
98c0698f88e660d290264d41,Invalid currency value,Ogiltigt valuta-värde,SuiteCRM-Core,sv-import-810-reviewed-20260919,$mod_strings['LBL_ERROR_INVALID_CURRENCY'],,project-context,692ddd1a39fb05057d8ab8f2,reviewed-receipt,https://github.com/yeager/translations/blob/67e6d27877c9cfd6b6dbc74bd852b10bdbe09c3c/SuiteCRM-Core/sv-import-810-reviewed-20260919.json,9ad9f80f27abc071d9102bbd8cefb9bc43256bdad442051d55760286d830c3b0,{}
98c617aa335201664306a9b7,Currency Significant Digits,Valutadecimaler,SuiteCRM-Core,sv-import-810-reviewed-20260919,$mod_strings['LBL_CURRENCY_SIG_DIGITS'],,project-context,3ed677683bbbf4aac30873f0,reviewed-receipt,https://github.com/yeager/translations/blob/67e6d27877c9cfd6b6dbc74bd852b10bdbe09c3c/SuiteCRM-Core/sv-import-810-reviewed-20260919.json,9ad9f80f27abc071d9102bbd8cefb9bc43256bdad442051d55760286d830c3b0,{}
98e67c2e1190176805e7490c,Close Window,Stäng fönster,SuiteCRM-Core,sv-inbound-email-810-a-published-20260919,$mod_strings['LBL_CLOSE_POPUP'],,project-context,23da5d29806b92746e82259f,reviewed-receipt,https://github.com/yeager/translations/blob/67e6d27877c9cfd6b6dbc74bd852b10bdbe09c3c/SuiteCRM-Core/sv-inbound-email-810-a-published-20260919.json,67b8a04fd03d3b56d9f5e2549ac38263fc2b653e270ecd0097cbd7e2a30e424a,{}
992752a13961d1618f5af6c6,Invalid floating point number,Ogiltigt floating point-nummer,SuiteCRM-Core,sv-import-810-reviewed-20260919,$mod_strings['LBL_ERROR_INVALID_FLOAT'],,project-context,d43b2d5099af4025601cda30,reviewed-receipt,https://github.com/yeager/translations/blob/67e6d27877c9cfd6b6dbc74bd852b10bdbe09c3c/SuiteCRM-Core/sv-import-810-reviewed-20260919.json,9ad9f80f27abc071d9102bbd8cefb9bc43256bdad442051d55760286d830c3b0,{}
994e344cf482aaacd7302b53,Other Phone:,Annan telefon:,SuiteCRM-Core,sv-contacts-b-810-published-20260919,$mod_strings['LBL_OTHER_PHONE'],,project-context,18096eabd6f0308302d27984,reviewed-receipt,https://github.com/yeager/translations/blob/67e6d27877c9cfd6b6dbc74bd852b10bdbe09c3c/SuiteCRM-Core/sv-contacts-b-810-published-20260919.json,d90efd721e18c4336904231d21d618d5245ef5fdaa19153e482b76ac0409f394,{}
996ffb8af8621b0f6eb66368,Installing SuiteCRM Dashlet ,Installerar SuiteCRM-informationspanel ,SuiteCRM-Core,sv-published-20260918,$mod_strings['LBL_MI_IN_DASHLETS'],,project-context,c8e58c1a994de338bca1d456,reviewed-receipt,https://github.com/yeager/translations/blob/67e6d27877c9cfd6b6dbc74bd852b10bdbe09c3c/SuiteCRM-Core/sv-published-20260918.json,e4f7faaa5625d277e7a537f5b555c2fd753d326636e98deb288463e96d6356f7,{}
9a101a5a8a8797ffb6d82239,Contact:,Kontakt:,SuiteCRM-Core,sv-contacts-a-810-published-20260919,$mod_strings['LBL_CONTACT'],,project-context,ebb19af0f1d61df561c581f3,reviewed-receipt,https://github.com/yeager/translations/blob/67e6d27877c9cfd6b6dbc74bd852b10bdbe09c3c/SuiteCRM-Core/sv-contacts-a-810-published-20260919.json,10584b485e200c6f1c96340054304bbf1333d0f5bdb89bae8947c2df5c4c0947,{}
9a14b6660058c825bfc19a19,Module,Modul,SuiteCRM-Core,sv-maps-geocode-810-20260919,$mod_strings['LBL_MODULE_HEADING'],,project-context,781eab34f0e953a7b4fb9813,reviewed-receipt,https://github.com/yeager/translations/blob/67e6d27877c9cfd6b6dbc74bd852b10bdbe09c3c/SuiteCRM-Core/sv-maps-geocode-810-20260919.json,a27f551be0603f52120c99f621aa946997242b691775dbae54e75a0f4911762b,"{""artifact"":""https://crowdin.com/project/suitecrm-core"",""sha256"":""78290f1381e8146b1321472cd76f745b545706161233b8f396179885b627f5e9""}"
9a165f9567d288f546c1701a,Trackers Enabled,Spårning aktiverad,SuiteCRM-Core,sv-emailmarketing-security-810-published-20260919,$mod_strings['LBL_TRACKERS_ENABLED'],,project-context,3e716b3fffeb204f9b99d611,reviewed-receipt,https://github.com/yeager/translations/blob/67e6d27877c9cfd6b6dbc74bd852b10bdbe09c3c/SuiteCRM-Core/sv-emailmarketing-security-810-published-20260919.json,3204b94182121e6c1d8e5d51e878c17a5e85cc78187db29beb922e12fae48b78,{}
9a29102a539a913a1ed5cffc,Import Notes,Importera anteckningar,SuiteCRM-Core,sv-published-20260918,$mod_strings['LNK_IMPORT_NOTES'],,project-context,fd70271a1457023cbc189ac2,reviewed-receipt,https://github.com/yeager/translations/blob/67e6d27877c9cfd6b6dbc74bd852b10bdbe09c3c/SuiteCRM-Core/sv-published-20260918.json,e4f7faaa5625d277e7a537f5b555c2fd753d326636e98deb288463e96d6356f7,{}
9a522a4783f72ca80593f237,Primary Address City:,Primär adressort:,SuiteCRM-Core,sv-contacts-b-810-published-20260919,$mod_strings['LBL_PRIMARY_ADDRESS_CITY'],,project-context,424e334a5969abb2609ee646,reviewed-receipt,https://github.com/yeager/translations/blob/67e6d27877c9cfd6b6dbc74bd852b10bdbe09c3c/SuiteCRM-Core/sv-contacts-b-810-published-20260919.json,d90efd721e18c4336904231d21d618d5245ef5fdaa19153e482b76ac0409f394,{}
9abe474c2d01b1eec2627c8e,Prospect List,Prospektlista,SuiteCRM-Core,sv-accounts-final-810-published-20260919,$mod_strings['LBL_PROSPECT_LIST'],,project-context,5a213775b0e418525f03c467,reviewed-receipt,https://github.com/yeager/translations/blob/67e6d27877c9cfd6b6dbc74bd852b10bdbe09c3c/SuiteCRM-Core/sv-accounts-final-810-published-20260919.json,f99b6b196fed5b4409a55d1296241bb29b890401afe16c0f8654ddadb9c6a43b,{}
9af7765c6d58c3375f56d55e,Proxy Host,Proxyvärd,SuiteCRM-Core,sv-configurator-ui-810-published-20260919,$mod_strings['LBL_PROXY_HOST'],,project-context,4a7583bbeaab89ea0c44973a,reviewed-receipt,https://github.com/yeager/translations/blob/67e6d27877c9cfd6b6dbc74bd852b10bdbe09c3c/SuiteCRM-Core/sv-configurator-ui-810-published-20260919.json,c2c1f7f6e07523183e318bd1273893e066f03c7dc66af3e9f80e12e615c6d038,{}
9b0dfa4a83f17083a05c8047,Help,Hjälp,SuiteCRM-Core,sv-published-20260918,$mod_strings['LBL_HELP'],,project-context,08ba56f2c0907fcdc3bf988a,reviewed-receipt,https://github.com/yeager/translations/blob/67e6d27877c9cfd6b6dbc74bd852b10bdbe09c3c/SuiteCRM-Core/sv-published-20260918.json,e4f7faaa5625d277e7a537f5b555c2fd753d326636e98deb288463e96d6356f7,{}
9b33eac29b0b09c53ef26c87,Email Settings,E-postinställningar,SuiteCRM-Core,sv-emailmarketing-810-reviewed-20260919,$mod_strings['LBL_EMAIL_CONFIG'],,project-context,454e65d8b9f4399052c5243a,reviewed-receipt,https://github.com/yeager/translations/blob/67e6d27877c9cfd6b6dbc74bd852b10bdbe09c3c/SuiteCRM-Core/sv-emailmarketing-810-reviewed-20260919.json,5ec4491f9b64a0da78ac62fa97360cc4e284f94d49fc10bc6c878b997b7ea8af,{}
9b8c774bb8916bed1b64a6de,Default,Standard,SuiteCRM-Core,sv-inbound-email-810-published-20260919,$mod_strings['LBL_IS_DEFAULT'],,project-context,cfa6898cadf6bde3fce03a61,reviewed-receipt,https://github.com/yeager/translations/blob/67e6d27877c9cfd6b6dbc74bd852b10bdbe09c3c/SuiteCRM-Core/sv-inbound-email-810-published-20260919.json,8ff080143649204a50f3a20eee408535d517ed526e8c4bad972910fef8c046e2,{}
9b96360c9cb21e086d69942b,Recent Change + Title Match Required,Senaste ändring + titeln måste stämma,SuiteCRM-Core,sv-published-20260918,$mod_strings['LBL_CALENDAR_SYNC_CONFLICT_TIMESTAMP_TITLE_MATCH'],,project-context,b1707a68a5aea19f70455a4c,reviewed-receipt,https://github.com/yeager/translations/blob/67e6d27877c9cfd6b6dbc74bd852b10bdbe09c3c/SuiteCRM-Core/sv-published-20260918.json,e4f7faaa5625d277e7a537f5b555c2fd753d326636e98deb288463e96d6356f7,{}
9b97ecdd25de4509043db243,and,och,SuiteCRM-Core,sv-schedulers-810-a-published-20260919,$mod_strings['LBL_AND'],,project-context,786d0213b087dc374eeb64dd,reviewed-receipt,https://github.com/yeager/translations/blob/67e6d27877c9cfd6b6dbc74bd852b10bdbe09c3c/SuiteCRM-Core/sv-schedulers-810-a-published-20260919.json,3c6c981f88e16e22e571d729a4bb12cc98db47334bbe03c18d6ed0001b81d8a8,{}
9bac0b5ae2c6c760d64805aa,Setup Schedulers,Konfigurera schemaläggare,SuiteCRM-Core,sv-schedulers-810-published-20260919,$mod_strings['LBL_CRON_SETUP'],,project-context,0e30255dc32087c777d643ad,reviewed-receipt,https://github.com/yeager/translations/blob/67e6d27877c9cfd6b6dbc74bd852b10bdbe09c3c/SuiteCRM-Core/sv-schedulers-810-published-20260919.json,33eb7afe2f29dd74f08bd921b07d01bf183499e1985dd5f49edf5433b2ce22bb,{}
9bfd26f53a3201036b0c9b8f,Mail Server Port,E-postserverport,SuiteCRM-Core,sv-inbound-email-810-b-published-20260919,$mod_strings['LBL_SERVER_PORT'],,project-context,75285c7bf7f19b658bbcdf31,reviewed-receipt,https://github.com/yeager/translations/blob/67e6d27877c9cfd6b6dbc74bd852b10bdbe09c3c/SuiteCRM-Core/sv-inbound-email-810-b-published-20260919.json,50c081232ca5f44c5a35c5973a58367c6d6b8e57fb93b0bf46982142cf2626a9,{}
9c095fbfbc25f230825d2cc6,"""From"" Address:",Avsändaradress:,SuiteCRM-Core,sv-published-20260918,$mod_strings['LBL_NOTIFY_FROMADDRESS'],,project-context,7a466b5c445332c7b3aa674b,reviewed-receipt,https://github.com/yeager/translations/blob/67e6d27877c9cfd6b6dbc74bd852b10bdbe09c3c/SuiteCRM-Core/sv-published-20260918.json,e4f7faaa5625d277e7a537f5b555c2fd753d326636e98deb288463e96d6356f7,{}
9c107b610ed8731cc8b060cd,New Bounce Handling Account,Nytt konto för hantering av studsade e-postmeddelanden,SuiteCRM-Core,sv-inbound-email-810-published-20260919,$mod_strings['LNK_LIST_CREATE_NEW_BOUNCE'],,project-context,1f892a35b81a02477445d74f,reviewed-receipt,https://github.com/yeager/translations/blob/67e6d27877c9cfd6b6dbc74bd852b10bdbe09c3c/SuiteCRM-Core/sv-inbound-email-810-published-20260919.json,8ff080143649204a50f3a20eee408535d517ed526e8c4bad972910fef8c046e2,{}
9c16a12a7daffdd5dd0baf43,History,Historik,SuiteCRM-Core,sv-accounts-a-810-published-20260919,$mod_strings['LBL_HISTORY_SUBPANEL_TITLE'],,project-context,73de66ad6e599f230e5f0061,reviewed-receipt,https://github.com/yeager/translations/blob/67e6d27877c9cfd6b6dbc74bd852b10bdbe09c3c/SuiteCRM-Core/sv-accounts-a-810-published-20260919.json,ea12294a7550adccf7f3bd2ee5ba9c0f994224671cce0ee6ffbeaf4e4d1eedb2,{}
9c249279a4b3786b13218ef5,Contact Name,Kontaktens namn,SuiteCRM-Core,sv-contacts-b-810-published-20260919,$mod_strings['LBL_LIST_CONTACT_NAME'],,project-context,e43d3e612419843ccb1e89bf,reviewed-receipt,https://github.com/yeager/translations/blob/67e6d27877c9cfd6b6dbc74bd852b10bdbe09c3c/SuiteCRM-Core/sv-contacts-b-810-published-20260919.json,d90efd721e18c4336904231d21d618d5245ef5fdaa19153e482b76ac0409f394,{}
9c4a7b588bf7bc1700308312,Run scheduled reports,Kör schemalagda rapporter,SuiteCRM-Core,sv-schedulers-810-published-20260919,$mod_strings['LBL_AORRUNSCHEDULEDREPORTS'],,project-context,e5bc72197cf31a588d25441b,reviewed-receipt,https://github.com/yeager/translations/blob/67e6d27877c9cfd6b6dbc74bd852b10bdbe09c3c/SuiteCRM-Core/sv-schedulers-810-published-20260919.json,33eb7afe2f29dd74f08bd921b07d01bf183499e1985dd5f49edf5433b2ce22bb,{}
9c90520d1a16be987e9acb31,Valid Geocode Tables:,Giltiga geokodningstabeller:,SuiteCRM-Core,sv-geocode-address-types-810-20260919,$mod_strings['LBL_CONFIG_VALID_GEOCODE_TABLES'],,project-context,d4463b654e22e8cd3b54d998,reviewed-receipt,https://github.com/yeager/translations/blob/67e6d27877c9cfd6b6dbc74bd852b10bdbe09c3c/SuiteCRM-Core/sv-geocode-address-types-810-20260919.json,b0f2b836b6936f9ae4a0e7d46ca8d274f8a89cb457dd8f3d507d0ef26f6a3a00,"{""artifact"":""https://crowdin.com/project/suitecrm-core"",""sha256"":""85965811578c1cedeb709c0c6e4f318f7bb09bcdc5a4f0f7884eac54536e6d45""}"
9c92505b14155c47bcabd0ea,Events,Evenemang,SuiteCRM-Core,sv-contacts-final-810-published-20260919,$mod_strings['LBL_FP_EVENTS_CONTACTS_FROM_FP_EVENTS_TITLE'],,project-context,c4372cbedcdb7c0a5c93b26f,reviewed-receipt,https://github.com/yeager/translations/blob/67e6d27877c9cfd6b6dbc74bd852b10bdbe09c3c/SuiteCRM-Core/sv-contacts-final-810-published-20260919.json,d978283a12dfb9b326a3d05a7e751d434c6e3ced5ebb9cf860d351c2ecd7f04d,{}
9cbcfb3afc49bd293c3967e0,The above uses standard crontab notation.,Ovanstående använder standardnotationen för crontab.,SuiteCRM-Core,sv-schedulers-810-published-20260919,$mod_strings['LBL_CRONTAB_EXAMPLES'],,project-context,fb39cfb06d9b65898628dce0,reviewed-receipt,https://github.com/yeager/translations/blob/67e6d27877c9cfd6b6dbc74bd852b10bdbe09c3c/SuiteCRM-Core/sv-schedulers-810-published-20260919.json,33eb7afe2f29dd74f08bd921b07d01bf183499e1985dd5f49edf5433b2ce22bb,{}
9cee29d2ff5b2bd7ec37382b,Advanced Setup,Avancerad konfiguration,SuiteCRM-Core,sv-inbound-email-810-published-20260919,$mod_strings['LBL_SERVER_OPTIONS'],,project-context,25042d3c499e3785c50ba06e,reviewed-receipt,https://github.com/yeager/translations/blob/67e6d27877c9cfd6b6dbc74bd852b10bdbe09c3c/SuiteCRM-Core/sv-inbound-email-810-published-20260919.json,8ff080143649204a50f3a20eee408535d517ed526e8c4bad972910fef8c046e2,{}
9d38858c9360c06f0478ee90,Description,Beskrivning,SuiteCRM-Core,sv-address-cache-810-20260919,$mod_strings['LBL_DESCRIPTION'],,project-context,67d7beef01f9b4681e5df968,reviewed-receipt,https://github.com/yeager/translations/blob/67e6d27877c9cfd6b6dbc74bd852b10bdbe09c3c/SuiteCRM-Core/sv-address-cache-810-20260919.json,1fd1946e1ba4fb72767e4b4c568ae221f815b022d8feef0b10e93649be89a03b,"{""artifact"":""https://crowdin.com/project/suitecrm-core"",""sha256"":""d56d3194bb3351f7b733d3745cce0ea484c9c1acd9d9ca97f8bdf407ad0b0e17""}"
9d5bc2ede2b9ba2be6186b7c,Failed to enable portal user,Det gick inte att aktivera portalanvändaren,SuiteCRM-Core,sv-contacts-final-810-published-20260919,$mod_strings['LBL_ENABLE_PORTAL_USER_FAILED'],,project-context,790b9b347ab58f9b2a438f51,reviewed-receipt,https://github.com/yeager/translations/blob/67e6d27877c9cfd6b6dbc74bd852b10bdbe09c3c/SuiteCRM-Core/sv-contacts-final-810-published-20260919.json,d978283a12dfb9b326a3d05a7e751d434c6e3ced5ebb9cf860d351c2ecd7f04d,{}
9db0626b98c2b54352561260,Draft,Utkast,SuiteCRM-Core,sv-published-20260918,$mod_strings['LBL_LIST_FORM_DRAFTS_TITLE'],,project-context,0a5e8e844e634c760672ffc1,reviewed-receipt,https://github.com/yeager/translations/blob/67e6d27877c9cfd6b6dbc74bd852b10bdbe09c3c/SuiteCRM-Core/sv-published-20260918.json,e4f7faaa5625d277e7a537f5b555c2fd753d326636e98deb288463e96d6356f7,{}
9db9088da21dcdd448b8de05,Accounts,Företag,SuiteCRM-Core,sv-accounts-a-810-published-20260919,$mod_strings['LBL_DEFAULT_SUBPANEL_TITLE'],,project-context,a1b7ac78519b617643f86e28,reviewed-receipt,https://github.com/yeager/translations/blob/67e6d27877c9cfd6b6dbc74bd852b10bdbe09c3c/SuiteCRM-Core/sv-accounts-a-810-published-20260919.json,ea12294a7550adccf7f3bd2ee5ba9c0f994224671cce0ee6ffbeaf4e4d1eedb2,{}
9ddb0d7e7a79e1feaf17983f,Merge List,Slå ihop Lister,SuiteCRM-Core,sv-mergerecords-810-reviewed-20260919,$mod_strings['LBL_LIST_FORM_TITLE'],,project-context,9be10a869fe69bb5f7c4712a,reviewed-receipt,https://github.com/yeager/translations/blob/67e6d27877c9cfd6b6dbc74bd852b10bdbe09c3c/SuiteCRM-Core/sv-mergerecords-810-reviewed-20260919.json,91986f9f225ab70510f1d592ec7ab13d102e66d6e808c70be1487daa66289884,{}
9de0502ff87399fc026af04a,Created by: ,Skapad av: ,SuiteCRM-Core,sv-emailmarketing-a-810-published-20260919,$mod_strings['LBL_CREATED_BY'],,project-context,cd81958da3f549b75f1172d3,reviewed-receipt,https://github.com/yeager/translations/blob/67e6d27877c9cfd6b6dbc74bd852b10bdbe09c3c/SuiteCRM-Core/sv-emailmarketing-a-810-published-20260919.json,84957449ddc9118eddc2b572b035053c0b63aa8200c37a30f6619f66e15777e4,{}
9e2cfe4901fc01f6fb94b471,Log Call,Logga samtal,SuiteCRM-Core,sv-published-20260918,$mod_strings['LBL_QUICK_CALL'],,project-context,6924fa3479ae22d38ccc2a84,reviewed-receipt,https://github.com/yeager/translations/blob/67e6d27877c9cfd6b6dbc74bd852b10bdbe09c3c/SuiteCRM-Core/sv-published-20260918.json,e4f7faaa5625d277e7a537f5b555c2fd753d326636e98deb288463e96d6356f7,{}
9e3b8647f76004876990ac93,Contact Search,Sök kontakter,SuiteCRM-Core,sv-contacts-final-810-published-20260919,$mod_strings['LBL_SEARCH_FORM_TITLE'],,project-context,6ca69e9f22c9553e2045e4ce,reviewed-receipt,https://github.com/yeager/translations/blob/67e6d27877c9cfd6b6dbc74bd852b10bdbe09c3c/SuiteCRM-Core/sv-contacts-final-810-published-20260919.json,d978283a12dfb9b326a3d05a7e751d434c6e3ced5ebb9cf860d351c2ecd7f04d,{}
9e63b5a708e729aa8726bb90,Group Field for Projects:,Gruppfält för projekt:,SuiteCRM-Core,suitecrm-geocode-groups-810-20260920,$mod_strings['LBL_CONFIG_GROUP_FIELD_FOR_PROJECTS'],,project-context,1f363e666d0c243fcfe98375,reviewed-receipt,https://github.com/yeager/translations/blob/67e6d27877c9cfd6b6dbc74bd852b10bdbe09c3c/SuiteCRM-Core/suitecrm-geocode-groups-810-20260920.json,ad654ac15e6a6e162ab89a8427d96f4c1df338dd8c27abb43552493328c05b1a,"{""artifact"":""https://crowdin.com/project/suitecrm-core"",""sha256"":""9d02856ed96e3a760a722be8c05fe70afebb20218bf8ea21fae747564ef9284f""}"
9ecfc336c349d833eeb253bc,Prospect Lists,Mottagarlistor,SuiteCRM-Core,sv-emailmarketing-security-810-published-20260919,$mod_strings['LBL_PROSPECT_LISTS'],,project-context,3fc9910b7257a7eca660419c,reviewed-receipt,https://github.com/yeager/translations/blob/67e6d27877c9cfd6b6dbc74bd852b10bdbe09c3c/SuiteCRM-Core/sv-emailmarketing-security-810-published-20260919.json,3204b94182121e6c1d8e5d51e878c17a5e85cc78187db29beb922e12fae48b78,{}
9f38affeb240e189351b2b9a,Invalid team name or ID,Ogiltigt teamnamn eller ID,SuiteCRM-Core,sv-import-810-reviewed-20260919,$mod_strings['LBL_ERROR_INVALID_TEAM'],,project-context,22a2a661908e0dadbc1a91d1,reviewed-receipt,https://github.com/yeager/translations/blob/67e6d27877c9cfd6b6dbc74bd852b10bdbe09c3c/SuiteCRM-Core/sv-import-810-reviewed-20260919.json,9ad9f80f27abc071d9102bbd8cefb9bc43256bdad442051d55760286d830c3b0,{}
9f44442530c0c6f407a3c6d9,Message Queue,Meddelandekö,SuiteCRM-Core,sv-emailmarketing-810-reviewed-20260919,$mod_strings['LBL_MESSAGE_QUEUE_TITLE'],,project-context,c82c51e36efb90a21cedf1e7,reviewed-receipt,https://github.com/yeager/translations/blob/67e6d27877c9cfd6b6dbc74bd852b10bdbe09c3c/SuiteCRM-Core/sv-emailmarketing-810-reviewed-20260919.json,5ec4491f9b64a0da78ac62fa97360cc4e284f94d49fc10bc6c878b997b7ea8af,{}
9f656ec0476aabe73c5adf36,No Emails to display,Inga e-postmeddelanden att visa,SuiteCRM-Core,sv-published-20260918,$mod_strings['LBL_EMPTY_FOLDER'],,project-context,9253927df43614d1d09fade9,reviewed-receipt,https://github.com/yeager/translations/blob/67e6d27877c9cfd6b6dbc74bd852b10bdbe09c3c/SuiteCRM-Core/sv-published-20260918.json,e4f7faaa5625d277e7a537f5b555c2fd753d326636e98deb288463e96d6356f7,{}
9f99dfdaf3b9b11b9ea566f0,Add,Lägg till,SuiteCRM-Core,sv-published-20260918,$mod_strings['LBL_ADD_OUTBOUND_ACCOUNT'],,project-context,abc161c9925e2d9a3e990a90,reviewed-receipt,https://github.com/yeager/translations/blob/67e6d27877c9cfd6b6dbc74bd852b10bdbe09c3c/SuiteCRM-Core/sv-published-20260918.json,e4f7faaa5625d277e7a537f5b555c2fd753d326636e98deb288463e96d6356f7,{}
9fb6bcc0243edc125278ad76,Desktop Notifications,Skrivbordsaviseringar,SuiteCRM-Core,sv-published-20260918,$mod_strings['LBL_DESKTOP_NOTIFICATIONS'],,project-context,758a62bd01177724156ab5e3,reviewed-receipt,https://github.com/yeager/translations/blob/67e6d27877c9cfd6b6dbc74bd852b10bdbe09c3c/SuiteCRM-Core/sv-published-20260918.json,e4f7faaa5625d277e7a537f5b555c2fd753d326636e98deb288463e96d6356f7,{}
9fe179b825ff948e9ba8bede,Invalid phone number,Ogiltigt telefonnummer,SuiteCRM-Core,sv-import-810-reviewed-20260919,$mod_strings['LBL_ERROR_INVALID_PHONE'],,project-context,42c17a94e340687092c9f039,reviewed-receipt,https://github.com/yeager/translations/blob/67e6d27877c9cfd6b6dbc74bd852b10bdbe09c3c/SuiteCRM-Core/sv-import-810-reviewed-20260919.json,9ad9f80f27abc071d9102bbd8cefb9bc43256bdad442051d55760286d830c3b0,{}
9fe39532d9b283525eef1742,PHP Setting: Stream,PHP-inställning: Stream,SuiteCRM-Core,sv-upgradewizard-810-published-20260919,$mod_strings['LBL_UW_COMPLIANCE_STREAM'],,project-context,cd3e39505b14566ee8e3c588,reviewed-receipt,https://github.com/yeager/translations/blob/67e6d27877c9cfd6b6dbc74bd852b10bdbe09c3c/SuiteCRM-Core/sv-upgradewizard-810-published-20260919.json,4c5e554ea18d559c3ec8998eb3613f5413dea4c4c95bb851b4a0695c85b6ef99,{}
9ff4b24b7911931722afe126,Clear,Rensa,SuiteCRM-Core,sv-published-20260918,$mod_strings['LBL_EMAIL_SELECTOR_CLEAR'],,project-context,1e8a8377044d2adfe47f8925,reviewed-receipt,https://github.com/yeager/translations/blob/67e6d27877c9cfd6b6dbc74bd852b10bdbe09c3c/SuiteCRM-Core/sv-published-20260918.json,e4f7faaa5625d277e7a537f5b555c2fd753d326636e98deb288463e96d6356f7,{}
a010f465b589737ee24675ea,The above uses standard crontab notation.,Ovanstående använder standardnotationen för crontab.,SuiteCRM-Core,sv-schedulers-810-b-published-20260919,$mod_strings['LBL_CRONTAB_EXAMPLES'],,project-context,2722cd266b9382bfa27cc9f5,reviewed-receipt,https://github.com/yeager/translations/blob/67e6d27877c9cfd6b6dbc74bd852b10bdbe09c3c/SuiteCRM-Core/sv-schedulers-810-b-published-20260919.json,548c9bc56c99a3a7538a1074815c96920bc4435741e6d93f91e406bcee6a6c47,{}
a02aea16be6db461a61735fa,Confirm Opt In Email Template,E-postmall för bekräftelse av samtycke,SuiteCRM-Core,sv-published-20260918,$mod_strings['LBL_EMAIL_CONFIRM_OPT_IN_TEMPLATE_ID'],,project-context,796c8317d3768074f6b28815,reviewed-receipt,https://github.com/yeager/translations/blob/67e6d27877c9cfd6b6dbc74bd852b10bdbe09c3c/SuiteCRM-Core/sv-published-20260918.json,e4f7faaa5625d277e7a537f5b555c2fd753d326636e98deb288463e96d6356f7,{}
a07b78d7fa20890f905d24c1,Subpanel Pagination Type,Pagineringstyp för delpaneler,SuiteCRM-Core,sv-configurator-ui-810-published-20260919,$mod_strings['LBL_SET_SUBPANEL_PAGINATION_TYPE'],,project-context,71c75fa5d15a74f868f9fd8a,reviewed-receipt,https://github.com/yeager/translations/blob/67e6d27877c9cfd6b6dbc74bd852b10bdbe09c3c/SuiteCRM-Core/sv-configurator-ui-810-published-20260919.json,c2c1f7f6e07523183e318bd1273893e066f03c7dc66af3e9f80e12e615c6d038,{}
a0927d76ca4809e0355b040b,Yahoo! Mail ID:,Yahoo! Mail-ID:,SuiteCRM-Core,sv-outbound-email-810-published-20260919,$mod_strings['LBL_YAHOOMAIL_SMTPUSER'],,project-context,b310c41cf2932c6c0640f2a2,reviewed-receipt,https://github.com/yeager/translations/blob/67e6d27877c9cfd6b6dbc74bd852b10bdbe09c3c/SuiteCRM-Core/sv-outbound-email-810-published-20260919.json,971cdcc19e79f693c13cb15c9aee0f659a84a6c378a69f16b9dae9f6b2d70244,{}
a0cc72686a444547dbac3b93,Create Contact,Skapa kontakt,SuiteCRM-Core,sv-published-20260918,$mod_strings['LBL_CREATE_CONTACT'],,project-context,66ee8e969addb630cf2506b9,reviewed-receipt,https://github.com/yeager/translations/blob/67e6d27877c9cfd6b6dbc74bd852b10bdbe09c3c/SuiteCRM-Core/sv-published-20260918.json,e4f7faaa5625d277e7a537f5b555c2fd753d326636e98deb288463e96d6356f7,{}
a0d510e3295b0d34e2649b82,Send This Message To:,Skicka detta meddelande till:,SuiteCRM-Core,sv-emailmarketing-a-810-published-20260919,$mod_strings['LBL_MESSAGE_FOR'],,project-context,a33674b9b54f3fc19d657bcd,reviewed-receipt,https://github.com/yeager/translations/blob/67e6d27877c9cfd6b6dbc74bd852b10bdbe09c3c/SuiteCRM-Core/sv-emailmarketing-a-810-published-20260919.json,84957449ddc9118eddc2b572b035053c0b63aa8200c37a30f6619f66e15777e4,{}
a12164ac7792df0503019370,Shipping Street:,Leveransgatuadress:,SuiteCRM-Core,sv-accounts-final-810-published-20260919,$mod_strings['LBL_SHIPPING_ADDRESS_STREET'],,project-context,387549d134d7d3918b71f1e6,reviewed-receipt,https://github.com/yeager/translations/blob/67e6d27877c9cfd6b6dbc74bd852b10bdbe09c3c/SuiteCRM-Core/sv-accounts-final-810-published-20260919.json,f99b6b196fed5b4409a55d1296241bb29b890401afe16c0f8654ddadb9c6a43b,{}
a1680b2e14c7aae953a71ff9,Basic Setup,Grundläggande konfiguration,SuiteCRM-Core,sv-schedulers-810-published-20260919,$mod_strings['LBL_BASIC_OPTIONS'],,project-context,1ac5102fb762eea7ff4c1f74,reviewed-receipt,https://github.com/yeager/translations/blob/67e6d27877c9cfd6b6dbc74bd852b10bdbe09c3c/SuiteCRM-Core/sv-schedulers-810-published-20260919.json,33eb7afe2f29dd74f08bd921b07d01bf183499e1985dd5f49edf5433b2ce22bb,{}
a1725427ec86df138af749c8,Please Select Records with Emails,Välj poster med e-postadresser,SuiteCRM-Core,sv-emailmarketing-security-810-published-20260919,$mod_strings['LBL_SELECT_RECORDS_WITH_EMAILS'],,project-context,0f2dc86e809cbf25b2df5290,reviewed-receipt,https://github.com/yeager/translations/blob/67e6d27877c9cfd6b6dbc74bd852b10bdbe09c3c/SuiteCRM-Core/sv-emailmarketing-security-810-published-20260919.json,3204b94182121e6c1d8e5d51e878c17a5e85cc78187db29beb922e12fae48b78,{}
a17791d98bf63bcee094656b,Adding for ,Lägger till för ,SuiteCRM-Core,sv-acl-810-published-20260919,$mod_strings['LBL_ADDING'],,project-context,806c639ae3aac1fd49c25765,reviewed-receipt,https://github.com/yeager/translations/blob/67e6d27877c9cfd6b6dbc74bd852b10bdbe09c3c/SuiteCRM-Core/sv-acl-810-published-20260919.json,c3d79cc04f48d5a83982b3c13a5bf197dcb035625008d4cec3b1a07c4d7311de,{}
a1a9120e02be562c9a02777b,Longitude,Longitud,SuiteCRM-Core,sv-address-cache-followup-810-20260919,$mod_strings['LBL_LNG'],,project-context,4d93602e65e0563981e155e3,reviewed-receipt,https://github.com/yeager/translations/blob/67e6d27877c9cfd6b6dbc74bd852b10bdbe09c3c/SuiteCRM-Core/sv-address-cache-followup-810-20260919.json,c7e99432ec0b3f570a7b414e45f71b3660b21aa2c1e499d010ab737c90e56bef,"{""artifact"":""https://crowdin.com/project/suitecrm-core"",""sha256"":""dc80f7912d42db4caf9eba34bd347a4b8b6323ee6e12bc5f7aff0291bfcf68a2""}"
a1f2cc0c1456b1d6fb80373f,Emails:Notes,E-post:Anteckningar,SuiteCRM-Core,sv-published-20260918,$mod_strings['LBL_EMAILS_NOTES_REL'],,project-context,07b45231a53ba0559e131bfe,reviewed-receipt,https://github.com/yeager/translations/blob/67e6d27877c9cfd6b6dbc74bd852b10bdbe09c3c/SuiteCRM-Core/sv-published-20260918.json,e4f7faaa5625d277e7a537f5b555c2fd753d326636e98deb288463e96d6356f7,{}
a203903f1517e385cee438eb,Contacts: Home,Kontakter: startsida,SuiteCRM-Core,sv-contacts-b-810-published-20260919,$mod_strings['LBL_MODULE_TITLE'],,project-context,3b5a2cac51272d95cb4a28af,reviewed-receipt,https://github.com/yeager/translations/blob/67e6d27877c9cfd6b6dbc74bd852b10bdbe09c3c/SuiteCRM-Core/sv-contacts-b-810-published-20260919.json,d90efd721e18c4336904231d21d618d5245ef5fdaa19153e482b76ac0409f394,{}
a204ec26791d121c3a6d5c2d,Inbound Email Disabled,Inkommande e-post är inaktiverad,SuiteCRM-Core,sv-inbound-email-810-c-published-20260919,$mod_strings['LBL_WARN_IMAP_TITLE'],,project-context,e2966e4de965793d2186bb70,reviewed-receipt,https://github.com/yeager/translations/blob/67e6d27877c9cfd6b6dbc74bd852b10bdbe09c3c/SuiteCRM-Core/sv-inbound-email-810-c-published-20260919.json,efc326506d8e54d83cdc6cf68ddf8af5b427dbb93c869334100bc3d2383e119a,{}
a23081e9cc525a104f2139ef,Email Address:,E-postadress:,SuiteCRM-Core,suitecrm-bugs-contacts-810-20260920,$mod_strings['LBL_EMAIL_ADDRESS'],,project-context,aa214a3180e4100fee452307,reviewed-receipt,https://github.com/yeager/translations/blob/67e6d27877c9cfd6b6dbc74bd852b10bdbe09c3c/SuiteCRM-Core/suitecrm-bugs-contacts-810-20260920.json,42c05e1367216f8f71e344e69ae1eb0b65b66aa6c2c17cbead68f71a82c1daff,"{""artifact"":""https://crowdin.com/project/suitecrm-core"",""sha256"":""de6cd9af9e30c846b6fba141a8e353bb97127b459039162c4da3f3798d114514""}"
a233f52f97436fe5cee0187c,Unschedule,Ta bort schemaläggning,SuiteCRM-Core,sv-emailmarketing-security-810-published-20260919,$mod_strings['LBL_UNSCHEDULE'],,project-context,ca284d90a1130f5926dfa74a,reviewed-receipt,https://github.com/yeager/translations/blob/67e6d27877c9cfd6b6dbc74bd852b10bdbe09c3c/SuiteCRM-Core/sv-emailmarketing-security-810-published-20260919.json,3204b94182121e6c1d8e5d51e878c17a5e85cc78187db29beb922e12fae48b78,{}
a247ae8f2b58b09f79e49617,Type,Typ,SuiteCRM-Core,sv-maps-followup-810-20260919,$mod_strings['LBL_MAP_TYPE'],,project-context,cd81f9c44226d53e6fdc0612,reviewed-receipt,https://github.com/yeager/translations/blob/67e6d27877c9cfd6b6dbc74bd852b10bdbe09c3c/SuiteCRM-Core/sv-maps-followup-810-20260919.json,5f224d0033386fe0f4085e2f790fcb5ab4a38846211ed394367db6ad25f4197e,"{""artifact"":""https://crowdin.com/project/suitecrm-core"",""sha256"":""9906cc9ef6edfbc477cc08750744088e9a73ff4c40c1f120f3b3637b6e566d55""}"
a260a861084a5f8c8c2bf9ef,Create,Skapa,SuiteCRM-Core,sv-emailmarketing-810-reviewed-20260919,$mod_strings['LBL_CREATE_EMAIL_TEMPLATE'],,project-context,b83379ff271742dac2e97b00,reviewed-receipt,https://github.com/yeager/translations/blob/67e6d27877c9cfd6b6dbc74bd852b10bdbe09c3c/SuiteCRM-Core/sv-emailmarketing-810-reviewed-20260919.json,5ec4491f9b64a0da78ac62fa97360cc4e284f94d49fc10bc6c878b997b7ea8af,{}
a2742cb6c0ad573f0b99784f,Run Email Reminder Notifications,Kör e-postpåminnelseaviseringar,SuiteCRM-Core,sv-schedulers-810-published-20260919,$mod_strings['LBL_OOTB_SEND_EMAIL_REMINDERS'],,project-context,d94801d993b93c79695110e0,reviewed-receipt,https://github.com/yeager/translations/blob/67e6d27877c9cfd6b6dbc74bd852b10bdbe09c3c/SuiteCRM-Core/sv-schedulers-810-published-20260919.json,33eb7afe2f29dd74f08bd921b07d01bf183499e1985dd5f49edf5433b2ce22bb,{}
a2b4a98890bd98fdc816a7de,Date Installed,Installationsdatum,SuiteCRM-Core,sv-published-20260918,$mod_strings['LBL_ML_INSTALLED'],,project-context,5fd74a0df9aff1e4cb0c0f4d,reviewed-receipt,https://github.com/yeager/translations/blob/67e6d27877c9cfd6b6dbc74bd852b10bdbe09c3c/SuiteCRM-Core/sv-published-20260918.json,e4f7faaa5625d277e7a537f5b555c2fd753d326636e98deb288463e96d6356f7,{}
a2b7d9004d3013aa8b7ee711,(no subject),(inget ämne),SuiteCRM-Core,sv-published-20260918,$mod_strings['LBL_NO_SUBJECT'],,project-context,62cd7ded798346b84936166d,reviewed-receipt,https://github.com/yeager/translations/blob/67e6d27877c9cfd6b6dbc74bd852b10bdbe09c3c/SuiteCRM-Core/sv-published-20260918.json,e4f7faaa5625d277e7a537f5b555c2fd753d326636e98deb288463e96d6356f7,{}
a2f553ec16311a5b8b93d745,Scheduler Search,Sök schemaläggare,SuiteCRM-Core,sv-schedulers-810-b-published-20260919,$mod_strings['LBL_SEARCH_FORM_TITLE'],,project-context,b494406e80b072ae875620c2,reviewed-receipt,https://github.com/yeager/translations/blob/67e6d27877c9cfd6b6dbc74bd852b10bdbe09c3c/SuiteCRM-Core/sv-schedulers-810-b-published-20260919.json,548c9bc56c99a3a7538a1074815c96920bc4435741e6d93f91e406bcee6a6c47,{}
a3233e9b50b1871d24b97aa2,Reset Password,Återställ lösenord,SuiteCRM-Core,sv-published-20260918,$mod_strings['LBL_GENERATE_PASSWORD_BUTTON_LABEL'],,project-context,09206012652c7e6559e74845,reviewed-receipt,https://github.com/yeager/translations/blob/67e6d27877c9cfd6b6dbc74bd852b10bdbe09c3c/SuiteCRM-Core/sv-published-20260918.json,e4f7faaa5625d277e7a537f5b555c2fd753d326636e98deb288463e96d6356f7,{}
a33d79a4f861b6091b8a6fc9,Assigned,Tilldelad,SuiteCRM-Core,sv-published-20260918,$mod_strings['LBL_LIST_ASSIGNED'],,project-context,5edd04232dd5249bb17a8942,reviewed-receipt,https://github.com/yeager/translations/blob/67e6d27877c9cfd6b6dbc74bd852b10bdbe09c3c/SuiteCRM-Core/sv-published-20260918.json,e4f7faaa5625d277e7a537f5b555c2fd753d326636e98deb288463e96d6356f7,{}
a33f4de8f48dfe67a3a111f1,Exchange Server:,Exchange-server:,SuiteCRM-Core,sv-published-20260918,$mod_strings['LBL_EXCHANGE_SMTPSERVER'],,project-context,764943f347fd87f6a20bbab4,reviewed-receipt,https://github.com/yeager/translations/blob/67e6d27877c9cfd6b6dbc74bd852b10bdbe09c3c/SuiteCRM-Core/sv-published-20260918.json,e4f7faaa5625d277e7a537f5b555c2fd753d326636e98deb288463e96d6356f7,{}
a387b3c3764f2302d67aa479,Contacts,Kontakter,SuiteCRM-Core,sv-published-20260918,$mod_strings['LBL_LIST_CONTACT'],,project-context,61e5f38a3b81d54faf7be23e,reviewed-receipt,https://github.com/yeager/translations/blob/67e6d27877c9cfd6b6dbc74bd852b10bdbe09c3c/SuiteCRM-Core/sv-published-20260918.json,e4f7faaa5625d277e7a537f5b555c2fd753d326636e98deb288463e96d6356f7,{}
a3b2f2e55f132b4dcffbab08,Create Address Cache,Skapa adresscache,SuiteCRM-Core,sv-address-cache-810-20260919,$mod_strings['LNK_NEW_RECORD'],,project-context,2506d7d6ca40472fc45bf0e0,reviewed-receipt,https://github.com/yeager/translations/blob/67e6d27877c9cfd6b6dbc74bd852b10bdbe09c3c/SuiteCRM-Core/sv-address-cache-810-20260919.json,1fd1946e1ba4fb72767e4b4c568ae221f815b022d8feef0b10e93649be89a03b,"{""artifact"":""https://crowdin.com/project/suitecrm-core"",""sha256"":""e36ad533157ff80e857b09b693680ab5820243fa05c15563e8a7a212afabc983""}"
a3de43dca44aa81ac0a78353,Assign To Group,Tilldela till grupp,SuiteCRM-Core,sv-inbound-email-810-published-20260919,$mod_strings['LBL_GROUP_QUEUE'],,project-context,c6810404d48ffbded7b7c4c4,reviewed-receipt,https://github.com/yeager/translations/blob/67e6d27877c9cfd6b6dbc74bd852b10bdbe09c3c/SuiteCRM-Core/sv-inbound-email-810-published-20260919.json,8ff080143649204a50f3a20eee408535d517ed526e8c4bad972910fef8c046e2,{}
a3e51576092b78adb931f8d2,Email left on server after import,E-postmeddelandet lämnas kvar på servern efter import,SuiteCRM-Core,sv-inbound-email-810-published-20260919,$mod_strings['LBL_MARK_READ_YES'],,project-context,ca16a0e84fd215fc5ad35f28,reviewed-receipt,https://github.com/yeager/translations/blob/67e6d27877c9cfd6b6dbc74bd852b10bdbe09c3c/SuiteCRM-Core/sv-inbound-email-810-published-20260919.json,8ff080143649204a50f3a20eee408535d517ed526e8c4bad972910fef8c046e2,{}
a3efaf55d49496cd4abbbfed,Products,Produkter,SuiteCRM-Core,sv-contacts-final-810-published-20260919,$mod_strings['LBL_PRODUCTS_TITLE'],,project-context,1439b8912335f0ec0a46e2e7,reviewed-receipt,https://github.com/yeager/translations/blob/67e6d27877c9cfd6b6dbc74bd852b10bdbe09c3c/SuiteCRM-Core/sv-contacts-final-810-published-20260919.json,d978283a12dfb9b326a3d05a7e751d434c6e3ced5ebb9cf860d351c2ecd7f04d,{}
a419792cd47dad83e31285e3,Owner,Ägare,SuiteCRM-Core,sv-outbound-email-810-published-20260919,$mod_strings['LBL_OWNER_NAME'],,project-context,2ae90ea48f56f3a917a153bf,reviewed-receipt,https://github.com/yeager/translations/blob/67e6d27877c9cfd6b6dbc74bd852b10bdbe09c3c/SuiteCRM-Core/sv-outbound-email-810-published-20260919.json,971cdcc19e79f693c13cb15c9aee0f659a84a6c378a69f16b9dae9f6b2d70244,{}
a42d6092c7938eecc7336036,"""Reply-to"" address",Adress i fältet ”Svara till”,SuiteCRM-Core,sv-outbound-email-810-published-20260919,$mod_strings['LBL_REPLY_TO_ADDR'],,project-context,4a3084c01d817a00d1cc59e2,reviewed-receipt,https://github.com/yeager/translations/blob/67e6d27877c9cfd6b6dbc74bd852b10bdbe09c3c/SuiteCRM-Core/sv-outbound-email-810-published-20260919.json,971cdcc19e79f693c13cb15c9aee0f659a84a6c378a69f16b9dae9f6b2d70244,{}
a433c57f52a0556c9cdaeb34,No portal URL specified,Ingen portal-URL har angetts,SuiteCRM-Core,sv-contacts-final-810-published-20260919,$mod_strings['LBL_NO_JOOMLA_URL'],,project-context,19d71ec4637e8dcca0d607b4,reviewed-receipt,https://github.com/yeager/translations/blob/67e6d27877c9cfd6b6dbc74bd852b10bdbe09c3c/SuiteCRM-Core/sv-contacts-final-810-published-20260919.json,d978283a12dfb9b326a3d05a7e751d434c6e3ced5ebb9cf860d351c2ecd7f04d,{}
a4958d6323dfe0d5f63668de,Date Installed,Installationsdatum,SuiteCRM-Core,sv-upgradewizard-810-published-20260919,$mod_strings['LBL_ML_INSTALLED'],,project-context,9e0756e45ae67d251f57a097,reviewed-receipt,https://github.com/yeager/translations/blob/67e6d27877c9cfd6b6dbc74bd852b10bdbe09c3c/SuiteCRM-Core/sv-upgradewizard-810-published-20260919.json,4c5e554ea18d559c3ec8998eb3613f5413dea4c4c95bb851b4a0695c85b6ef99,{}
a4a3165ea7e7378cf4b7eaa7,To Setup Crontab,Så här konfigurerar du crontab,SuiteCRM-Core,sv-schedulers-810-published-20260919,$mod_strings['LBL_CRON_INSTRUCTIONS_LINUX'],,project-context,3b37bed11aedb7196a358c3d,reviewed-receipt,https://github.com/yeager/translations/blob/67e6d27877c9cfd6b6dbc74bd852b10bdbe09c3c/SuiteCRM-Core/sv-schedulers-810-published-20260919.json,33eb7afe2f29dd74f08bd921b07d01bf183499e1985dd5f49edf5433b2ce22bb,{}
a4b2adc6c3f6f9df450c6f5e,User Name:,Användarnamn:,SuiteCRM-Core,sv-employees-security-810-published-20260919,$mod_strings['LBL_USER_NAME'],,project-context,27c7b4400f8892b4fa5d911b,reviewed-receipt,https://github.com/yeager/translations/blob/67e6d27877c9cfd6b6dbc74bd852b10bdbe09c3c/SuiteCRM-Core/sv-employees-security-810-published-20260919.json,0af5647a410b8b948d2b7498e41e35be9fc19bfac0e70ffc12f65b2f3384a1b2,{}
a4c4365b9705a279d0e2e8d9,Alt Address Street 2,Alternativ adressrad 2,SuiteCRM-Core,sv-leads-a-810-published-20260919,$mod_strings['LBL_ALT_ADDRESS_STREET_2'],,project-context,82264a911948cdb2e5a7355e,reviewed-receipt,https://github.com/yeager/translations/blob/67e6d27877c9cfd6b6dbc74bd852b10bdbe09c3c/SuiteCRM-Core/sv-leads-a-810-published-20260919.json,60952907a18a1fa8bb5cc88e44ed4c1176c7ffce44a7c94450b6ef6b204e5217,"{""artifact"":""https://crowdin.com/project/suitecrm-core"",""sha256"":""90c6eb48dbeb77572eb6fa111856246f0561fe9615927a468d495189578071b2""}"
a50211721a05ceadd01bd94f,Log In,Logga in,SuiteCRM-Core,sv-published-20260918,$mod_strings['LBL_LOGIN_BUTTON_TITLE'],,project-context,b0e87f5d82cc77e5dd5457e8,reviewed-receipt,https://github.com/yeager/translations/blob/67e6d27877c9cfd6b6dbc74bd852b10bdbe09c3c/SuiteCRM-Core/sv-published-20260918.json,e4f7faaa5625d277e7a537f5b555c2fd753d326636e98deb288463e96d6356f7,{}
a50cf583fedfb1dc6eac8cfa,Edit Layout,Redigera layout,SuiteCRM-Core,sv-inbound-email-810-published-20260919,$mod_strings['LBL_EDIT_LAYOUT'],,project-context,1ac936cb9353b0717f58f532,reviewed-receipt,https://github.com/yeager/translations/blob/67e6d27877c9cfd6b6dbc74bd852b10bdbe09c3c/SuiteCRM-Core/sv-inbound-email-810-published-20260919.json,8ff080143649204a50f3a20eee408535d517ed526e8c4bad972910fef8c046e2,{}
a560a426efc6899420e93c88,Module,Modul,SuiteCRM-Core,sv-dynamicfields-810-published-20260919,$mod_strings['LBL_MODULE'],,project-context,9bbcee955d1ccce2a4a2f8bd,reviewed-receipt,https://github.com/yeager/translations/blob/67e6d27877c9cfd6b6dbc74bd852b10bdbe09c3c/SuiteCRM-Core/sv-dynamicfields-810-published-20260919.json,d82b264795c3f57e63f446503845cb601f29790142b6abaaf61ca77271bb3c3f,{}
a5d12124404d2d229bfdaece,View Accounts,Visa företag,SuiteCRM-Core,sv-accounts-final-810-published-20260919,$mod_strings['LNK_ACCOUNT_LIST'],,project-context,88467cf82ef46bc06431ef26,reviewed-receipt,https://github.com/yeager/translations/blob/67e6d27877c9cfd6b6dbc74bd852b10bdbe09c3c/SuiteCRM-Core/sv-accounts-final-810-published-20260919.json,f99b6b196fed5b4409a55d1296241bb29b890401afe16c0f8654ddadb9c6a43b,{}
a5de0b42307b47caca779a6b,Accept Database,Acceptera databasens version,SuiteCRM-Core,sv-optimisticlock-810-reviewed-20260919,$mod_strings['LBL_ACCEPT_DATABASE'],,project-context,f287de6ea8e28872cef92092,reviewed-receipt,https://github.com/yeager/translations/blob/67e6d27877c9cfd6b6dbc74bd852b10bdbe09c3c/SuiteCRM-Core/sv-optimisticlock-810-reviewed-20260919.json,1c0c97b42d5fab34de99c68b6e8270606d9e97b472fdcd76eb0ee7edb1369868,{}
a60d3068da2b2520e9800cd3,Teams,Team,SuiteCRM-Core,sv-security-templates-810-published-20260919,$mod_strings['LBL_TEAMS'],,project-context,264653527f81e5bef931364e,reviewed-receipt,https://github.com/yeager/translations/blob/67e6d27877c9cfd6b6dbc74bd852b10bdbe09c3c/SuiteCRM-Core/sv-security-templates-810-published-20260919.json,42cfd7de0f7c9957fcaa3ebff6eab3c81aa0658852c0c7be4b0c362a2fa541ab,{}
a611cfc28f699a9fea4e81b2,Inbound Email Accounts,Konton för inkommande e-post,SuiteCRM-Core,sv-inbound-email-810-published-20260919,$mod_strings['LBL_MODULE_NAME'],,project-context,66756ca60d31aec5b68aa691,reviewed-receipt,https://github.com/yeager/translations/blob/67e6d27877c9cfd6b6dbc74bd852b10bdbe09c3c/SuiteCRM-Core/sv-inbound-email-810-published-20260919.json,8ff080143649204a50f3a20eee408535d517ed526e8c4bad972910fef8c046e2,{}
a63435188d5ede5943902497,Search For,Sök efter,SuiteCRM-Core,sv-published-20260918,$mod_strings['LBL_SEARCH_FOR'],,project-context,fd94e742d752f0c143c88094,reviewed-receipt,https://github.com/yeager/translations/blob/67e6d27877c9cfd6b6dbc74bd852b10bdbe09c3c/SuiteCRM-Core/sv-published-20260918.json,e4f7faaa5625d277e7a537f5b555c2fd753d326636e98deb288463e96d6356f7,{}
a636ab6ab3efc0d494850850,Assign,Tilldela,SuiteCRM-Core,sv-published-20260918,$mod_strings['LBL_BUTTON_DISTRIBUTE'],,project-context,3a688a68ec759a4ea361f586,reviewed-receipt,https://github.com/yeager/translations/blob/67e6d27877c9cfd6b6dbc74bd852b10bdbe09c3c/SuiteCRM-Core/sv-published-20260918.json,e4f7faaa5625d277e7a537f5b555c2fd753d326636e98deb288463e96d6356f7,{}
a65bda8edd688dcd2101d72f,Scheduled Run Date,Schemalagt kördatum,SuiteCRM-Core,sv-emailmarketing-a-810-published-20260919,$mod_strings['LBL_SCHEDULED_START_DATE'],,project-context,3cb04e6916d89b4585f804a1,reviewed-receipt,https://github.com/yeager/translations/blob/67e6d27877c9cfd6b6dbc74bd852b10bdbe09c3c/SuiteCRM-Core/sv-emailmarketing-a-810-published-20260919.json,84957449ddc9118eddc2b572b035053c0b63aa8200c37a30f6619f66e15777e4,{}
a688db088025d09d30953a81,Use SSL,Använd SSL,SuiteCRM-Core,sv-published-20260918,$mod_strings['LBL_SSL'],,project-context,d36357db8ffe61ade3b44150,reviewed-receipt,https://github.com/yeager/translations/blob/67e6d27877c9cfd6b6dbc74bd852b10bdbe09c3c/SuiteCRM-Core/sv-published-20260918.json,e4f7faaa5625d277e7a537f5b555c2fd753d326636e98deb288463e96d6356f7,{}
a692921241a16f86de73c969,Keep copies of campaign messages:,Behåll kopior av kampanjmeddelanden:,SuiteCRM-Core,sv-published-20260918,$mod_strings['LBL_CAMP_MESSAGE_COPY'],,project-context,0e9b34aedcdb0947d5075dc2,reviewed-receipt,https://github.com/yeager/translations/blob/67e6d27877c9cfd6b6dbc74bd852b10bdbe09c3c/SuiteCRM-Core/sv-published-20260918.json,e4f7faaa5625d277e7a537f5b555c2fd753d326636e98deb288463e96d6356f7,{}
a695b0fcabd85fa5c245c112,Confirm Password,Bekräfta lösenord,SuiteCRM-Core,sv-published-20260918,$mod_strings['LBL_NEW_PASSWORD2'],,project-context,27126f9852d4f12b9563aecb,reviewed-receipt,https://github.com/yeager/translations/blob/67e6d27877c9cfd6b6dbc74bd852b10bdbe09c3c/SuiteCRM-Core/sv-published-20260918.json,e4f7faaa5625d277e7a537f5b555c2fd753d326636e98deb288463e96d6356f7,{}
a6ccfa53953758a14515977f,Queue Campaign Emails,Lägg kampanjmeddelanden i kö,SuiteCRM-Core,sv-emailmarketing-810-reviewed-20260919,$mod_strings['LBL_OOTB_SEND_EMAIL_TO_QUEUE'],,project-context,aadbce4a6298247f86ae6598,reviewed-receipt,https://github.com/yeager/translations/blob/67e6d27877c9cfd6b6dbc74bd852b10bdbe09c3c/SuiteCRM-Core/sv-emailmarketing-810-reviewed-20260919.json,5ec4491f9b64a0da78ac62fa97360cc4e284f94d49fc10bc6c878b997b7ea8af,{}
a6d2297605c2c7aeebb67751,Account Search,Sök företag,SuiteCRM-Core,sv-accounts-final-810-published-20260919,$mod_strings['LBL_SEARCH_FORM_TITLE'],,project-context,8ec02e8ae40d33838981add4,reviewed-receipt,https://github.com/yeager/translations/blob/67e6d27877c9cfd6b6dbc74bd852b10bdbe09c3c/SuiteCRM-Core/sv-accounts-final-810-published-20260919.json,f99b6b196fed5b4409a55d1296241bb29b890401afe16c0f8654ddadb9c6a43b,{}
a6e9b580807591bf7722047c,Less,Mindre,SuiteCRM-Core,sv-published-20260918,$mod_strings['LBL_LESS_OPTIONS'],,project-context,823cd3182cf88bd2472990c5,reviewed-receipt,https://github.com/yeager/translations/blob/67e6d27877c9cfd6b6dbc74bd852b10bdbe09c3c/SuiteCRM-Core/sv-published-20260918.json,e4f7faaa5625d277e7a537f5b555c2fd753d326636e98deb288463e96d6356f7,{}
a70564a6d3d636daa22d56e4,Tasks,Uppgifter,SuiteCRM-Core,sv-published-20260918,$mod_strings['LBL_LIST_TASK'],,project-context,6c80f11471505612858b12a7,reviewed-receipt,https://github.com/yeager/translations/blob/67e6d27877c9cfd6b6dbc74bd852b10bdbe09c3c/SuiteCRM-Core/sv-published-20260918.json,e4f7faaa5625d277e7a537f5b555c2fd753d326636e98deb288463e96d6356f7,{}
a7056e05ec68c434b2ababc2,Related Id,Relaterat ID,SuiteCRM-Core,sv-published-20260918,$mod_strings['LBL_RELATED_ID'],,project-context,6e24a5637a5abba546c00656,reviewed-receipt,https://github.com/yeager/translations/blob/67e6d27877c9cfd6b6dbc74bd852b10bdbe09c3c/SuiteCRM-Core/sv-published-20260918.json,e4f7faaa5625d277e7a537f5b555c2fd753d326636e98deb288463e96d6356f7,{}
a753eda65426c4de68e6f6b5,Emails:Cases,E-post:Ärenden,SuiteCRM-Core,sv-published-20260918,$mod_strings['LBL_EMAILS_CASES_REL'],,project-context,087e073e97096625ab1d359b,reviewed-receipt,https://github.com/yeager/translations/blob/67e6d27877c9cfd6b6dbc74bd852b10bdbe09c3c/SuiteCRM-Core/sv-published-20260918.json,e4f7faaa5625d277e7a537f5b555c2fd753d326636e98deb288463e96d6356f7,{}
a795e109fe20b53b8018adfd,Test Settings,Testa inställningar,SuiteCRM-Core,sv-inbound-email-810-c-published-20260919,$mod_strings['LBL_TEST_SETTINGS'],,project-context,a7ade52e16e6ed572b6b1462,reviewed-receipt,https://github.com/yeager/translations/blob/67e6d27877c9cfd6b6dbc74bd852b10bdbe09c3c/SuiteCRM-Core/sv-inbound-email-810-c-published-20260919.json,efc326506d8e54d83cdc6cf68ddf8af5b427dbb93c869334100bc3d2383e119a,{}
a7a959445a6c823533fa6c02,Department:,Avdelning:,SuiteCRM-Core,sv-contacts-a-810-published-20260919,$mod_strings['LBL_DEPARTMENT'],,project-context,9d19c33afccbdbbcb35b5970,reviewed-receipt,https://github.com/yeager/translations/blob/67e6d27877c9cfd6b6dbc74bd852b10bdbe09c3c/SuiteCRM-Core/sv-contacts-a-810-published-20260919.json,10584b485e200c6f1c96340054304bbf1333d0f5bdb89bae8947c2df5c4c0947,{}
a7af8f9bd3e0bfde41ce9ef2,Enabled portal user,Portalanvändaren har aktiverats,SuiteCRM-Core,sv-contacts-final-810-published-20260919,$mod_strings['LBL_ENABLE_PORTAL_USER_SUCCESS'],,project-context,638ecbbdfb0c12c3a7de991d,reviewed-receipt,https://github.com/yeager/translations/blob/67e6d27877c9cfd6b6dbc74bd852b10bdbe09c3c/SuiteCRM-Core/sv-contacts-final-810-published-20260919.json,d978283a12dfb9b326a3d05a7e751d434c6e3ced5ebb9cf860d351c2ecd7f04d,{}
a7d22c2d917d3670236b1fd7,Max Size (in Bytes),Maximal storlek (i byte),SuiteCRM-Core,sv-dynamicfields-810-published-20260919,$mod_strings['LBL_UPLOAD_MAXSIZE'],,project-context,110537a4834adb8b9ff4fe70,reviewed-receipt,https://github.com/yeager/translations/blob/67e6d27877c9cfd6b6dbc74bd852b10bdbe09c3c/SuiteCRM-Core/sv-dynamicfields-810-published-20260919.json,d82b264795c3f57e63f446503845cb601f29790142b6abaaf61ca77271bb3c3f,{}
a84b961787c2f01438ad02a4,Select Trash Folder,Välj papperskorgsmapp,SuiteCRM-Core,sv-inbound-email-810-b-published-20260919,$mod_strings['LBL_SELECT_TRASH_FOLDERS'],,project-context,92fb7949eb3ff0d137395f5f,reviewed-receipt,https://github.com/yeager/translations/blob/67e6d27877c9cfd6b6dbc74bd852b10bdbe09c3c/SuiteCRM-Core/sv-inbound-email-810-b-published-20260919.json,50c081232ca5f44c5a35c5973a58367c6d6b8e57fb93b0bf46982142cf2626a9,{}
a84e4a355557d5201cf2c7f3,mo,mån,SuiteCRM-Core,sv-schedulers-810-b-published-20260919,$mod_strings['LBL_MONTHS'],,project-context,d0a3a65b532ce0d8209fc2e2,reviewed-receipt,https://github.com/yeager/translations/blob/67e6d27877c9cfd6b6dbc74bd852b10bdbe09c3c/SuiteCRM-Core/sv-schedulers-810-b-published-20260919.json,548c9bc56c99a3a7538a1074815c96920bc4435741e6d93f91e406bcee6a6c47,{}
a8779733a0e82f384c028f43,Email Opt Out:,Avregistrerad från e-post:,SuiteCRM-Core,suitecrm-bugs-contacts-810-20260920,$mod_strings['LBL_EMAIL_OPT_OUT'],,project-context,fcbd291ffe498bf64cb2bf3f,reviewed-receipt,https://github.com/yeager/translations/blob/67e6d27877c9cfd6b6dbc74bd852b10bdbe09c3c/SuiteCRM-Core/suitecrm-bugs-contacts-810-20260920.json,42c05e1367216f8f71e344e69ae1eb0b65b66aa6c2c17cbead68f71a82c1daff,"{""artifact"":""https://crowdin.com/project/suitecrm-core"",""sha256"":""58798dee8ca75ef0a35a616c29f67b2b57cce05b10f11026c6361118af381596""}"
a8b3d465469a36580e443126,Postal Code:,Postnummer:,SuiteCRM-Core,sv-contacts-b-810-published-20260919,$mod_strings['LBL_POSTAL_CODE'],,project-context,dd38a30c15d64878619c913d,reviewed-receipt,https://github.com/yeager/translations/blob/67e6d27877c9cfd6b6dbc74bd852b10bdbe09c3c/SuiteCRM-Core/sv-contacts-b-810-published-20260919.json,d90efd721e18c4336904231d21d618d5245ef5fdaa19153e482b76ac0409f394,{}
a8d34cbf0c9e258d2be91b12,User Sync,Användarsynkronisering,SuiteCRM-Core,sv-contacts-final-810-published-20260919,$mod_strings['LBL_USER_SYNC'],,project-context,be545536587a788bbffe8ab8,reviewed-receipt,https://github.com/yeager/translations/blob/67e6d27877c9cfd6b6dbc74bd852b10bdbe09c3c/SuiteCRM-Core/sv-contacts-final-810-published-20260919.json,d978283a12dfb9b326a3d05a7e751d434c6e3ced5ebb9cf860d351c2ecd7f04d,{}
a8eb5f4a2465cb1bca9cf47c,Assignment Notifications,Tilldelningsaviseringar,SuiteCRM-Core,sv-emailman-810-reviewed-20260919,$mod_strings['LBL_NOTIFY_ON'],,project-context,3cbe819a1fc378a1e06206f7,reviewed-receipt,https://github.com/yeager/translations/blob/67e6d27877c9cfd6b6dbc74bd852b10bdbe09c3c/SuiteCRM-Core/sv-emailman-810-reviewed-20260919.json,357602d848ba6ff265cee4846ea9cdda5d3d12fa32b652b32fb009ae15bc3e35,{}
a91b46489424eeb6884e458b,Clean Up Temporary Files,Rensa tillfälliga filer,SuiteCRM-Core,sv-schedulers-810-published-20260919,$mod_strings['LBL_OOTB_CLEAN_UP_TEMP_FILES'],,project-context,c88c49bea1f8ffd3fa88e48c,reviewed-receipt,https://github.com/yeager/translations/blob/67e6d27877c9cfd6b6dbc74bd852b10bdbe09c3c/SuiteCRM-Core/sv-schedulers-810-published-20260919.json,33eb7afe2f29dd74f08bd921b07d01bf183499e1985dd5f49edf5433b2ce22bb,{}
a92d023eee0f3ba843097f62,Advanced Setup,Avancerad konfiguration,SuiteCRM-Core,sv-published-20260918,$mod_strings['LBL_SERVER_OPTIONS'],,project-context,fc241d6fcb37a768d79c3b1e,reviewed-receipt,https://github.com/yeager/translations/blob/67e6d27877c9cfd6b6dbc74bd852b10bdbe09c3c/SuiteCRM-Core/sv-published-20260918.json,e4f7faaa5625d277e7a537f5b555c2fd753d326636e98deb288463e96d6356f7,{}
a939d83c54d30fba49ac870b,Target Lists,Mottagarlistor,SuiteCRM-Core,sv-emailmarketing-a-810-published-20260919,$mod_strings['LNK_PROSPECT_LIST_LIST'],,project-context,6f0fe8ed27808dc0e6be4f29,reviewed-receipt,https://github.com/yeager/translations/blob/67e6d27877c9cfd6b6dbc74bd852b10bdbe09c3c/SuiteCRM-Core/sv-emailmarketing-a-810-published-20260919.json,84957449ddc9118eddc2b572b035053c0b63aa8200c37a30f6619f66e15777e4,{}
a93c94f885d4b58b911dc3e3,Error,Fel,SuiteCRM-Core,sv-import-810-reviewed-20260919,$mod_strings['LBL_ERROR'],,project-context,cc69326ea3710fef776eea6c,reviewed-receipt,https://github.com/yeager/translations/blob/67e6d27877c9cfd6b6dbc74bd852b10bdbe09c3c/SuiteCRM-Core/sv-import-810-reviewed-20260919.json,9ad9f80f27abc071d9102bbd8cefb9bc43256bdad442051d55760286d830c3b0,{}
a93ccff5b58afc41cf288870,Module Field,Databasfält,SuiteCRM-Core,sv-import-810-reviewed-20260919,$mod_strings['LBL_DATABASE_FIELD'],,project-context,375183bd59fb9df5297e7a90,reviewed-receipt,https://github.com/yeager/translations/blob/67e6d27877c9cfd6b6dbc74bd852b10bdbe09c3c/SuiteCRM-Core/sv-import-810-reviewed-20260919.json,9ad9f80f27abc071d9102bbd8cefb9bc43256bdad442051d55760286d830c3b0,{}
a9571a17e04e983a4e29ea5d,Two Factor Authentication,Tvåfaktorsautentisering,SuiteCRM-Core,sv-published-20260918,$mod_strings['LBL_FACTOR_AUTH'],,project-context,4314157c91f25d0f18966f48,reviewed-receipt,https://github.com/yeager/translations/blob/67e6d27877c9cfd6b6dbc74bd852b10bdbe09c3c/SuiteCRM-Core/sv-published-20260918.json,e4f7faaa5625d277e7a537f5b555c2fd753d326636e98deb288463e96d6356f7,{}
a9734c2e1e1f924bc8c25285,Activities,Aktiviteter,SuiteCRM-Core,sv-accounts-a-810-published-20260919,$mod_strings['LBL_ACTIVITIES_SUBPANEL_TITLE'],,project-context,a340f3ccf4b77e967c850651,reviewed-receipt,https://github.com/yeager/translations/blob/67e6d27877c9cfd6b6dbc74bd852b10bdbe09c3c/SuiteCRM-Core/sv-accounts-a-810-published-20260919.json,ea12294a7550adccf7f3bd2ee5ba9c0f994224671cce0ee6ffbeaf4e4d1eedb2,{}
a97af97e08810adbc425f605,Enable inline editing on detail view,Aktivera redigering direkt i detaljvyn,SuiteCRM-Core,sv-configurator-ui-810-published-20260919,$mod_strings['LBL_ENABLE_INLINE_EDITING_DETAIL'],,project-context,6156f6ba9b27a79c4200baf7,reviewed-receipt,https://github.com/yeager/translations/blob/67e6d27877c9cfd6b6dbc74bd852b10bdbe09c3c/SuiteCRM-Core/sv-configurator-ui-810-published-20260919.json,c2c1f7f6e07523183e318bd1273893e066f03c7dc66af3e9f80e12e615c6d038,{}
a9984490f65b8cd477dce996,Reply,Svara,SuiteCRM-Core,sv-inbound-email-810-published-20260919,$mod_strings['LNK_QUICK_REPLY'],,project-context,39af45c4cb54469dfbd254db,reviewed-receipt,https://github.com/yeager/translations/blob/67e6d27877c9cfd6b6dbc74bd852b10bdbe09c3c/SuiteCRM-Core/sv-inbound-email-810-published-20260919.json,8ff080143649204a50f3a20eee408535d517ed526e8c4bad972910fef8c046e2,{}
a9b445437e452de26e49e478,Setup Schedulers,Konfigurera schemaläggare,SuiteCRM-Core,sv-schedulers-810-b-published-20260919,$mod_strings['LBL_CRON_SETUP'],,project-context,20a6da8b03511cc42108554b,reviewed-receipt,https://github.com/yeager/translations/blob/67e6d27877c9cfd6b6dbc74bd852b10bdbe09c3c/SuiteCRM-Core/sv-schedulers-810-b-published-20260919.json,548c9bc56c99a3a7538a1074815c96920bc4435741e6d93f91e406bcee6a6c47,{}
a9b46ceb8c5a56523280a237,New System Override Outbound Email Account,Nytt systemkonto för utgående e-post med åsidosättning,SuiteCRM-Core,sv-outbound-email-810-published-20260919,$mod_strings['LNK_LIST_CREATE_SYSTEM_OVERRIDE_GROUP'],,project-context,7a3a2b497a833192492c70b2,reviewed-receipt,https://github.com/yeager/translations/blob/67e6d27877c9cfd6b6dbc74bd852b10bdbe09c3c/SuiteCRM-Core/sv-outbound-email-810-published-20260919.json,971cdcc19e79f693c13cb15c9aee0f659a84a6c378a69f16b9dae9f6b2d70244,{}
a9b7ca2cab0978ff322213f5,Parent ID,Överordnat ID,SuiteCRM-Core,sv-accounts-final-810-published-20260919,$mod_strings['LBL_PARENT_ID'],,project-context,cbf8789cf6f164068aa2f670,reviewed-receipt,https://github.com/yeager/translations/blob/67e6d27877c9cfd6b6dbc74bd852b10bdbe09c3c/SuiteCRM-Core/sv-accounts-final-810-published-20260919.json,f99b6b196fed5b4409a55d1296241bb29b890401afe16c0f8654ddadb9c6a43b,{}
a9de3f43b88daba82dbf92dd,Resume,Återuppta,SuiteCRM-Core,sv-emailmarketing-security-810-published-20260919,$mod_strings['LBL_RESUME'],,project-context,36344040ff484400aebd79b5,reviewed-receipt,https://github.com/yeager/translations/blob/67e6d27877c9cfd6b6dbc74bd852b10bdbe09c3c/SuiteCRM-Core/sv-emailmarketing-security-810-published-20260919.json,3204b94182121e6c1d8e5d51e878c17a5e85cc78187db29beb922e12fae48b78,{}
a9e1d8f3b66e2b3147e36ba4,Group,Grupp,SuiteCRM-Core,sv-published-20260918,$mod_strings['LBL_LIST_GROUP'],,project-context,902205592d18b2202397a90e,reviewed-receipt,https://github.com/yeager/translations/blob/67e6d27877c9cfd6b6dbc74bd852b10bdbe09c3c/SuiteCRM-Core/sv-published-20260918.json,e4f7faaa5625d277e7a537f5b555c2fd753d326636e98deb288463e96d6356f7,{}
a9f823a12d3e0da670de0418,Prune Database on 1st of Month,Rensa databasen den första varje månad,SuiteCRM-Core,sv-schedulers-810-published-20260919,$mod_strings['LBL_OOTB_PRUNE'],,project-context,fa1cc7e780140c7db463e690,reviewed-receipt,https://github.com/yeager/translations/blob/67e6d27877c9cfd6b6dbc74bd852b10bdbe09c3c/SuiteCRM-Core/sv-schedulers-810-published-20260919.json,33eb7afe2f29dd74f08bd921b07d01bf183499e1985dd5f49edf5433b2ce22bb,{}
aa061216aa282e267e507464,System Generated Password,Systemgenererat lösenord,SuiteCRM-Core,sv-published-20260918,$mod_strings['LBL_SYSTEM_GENERATED_PASSWORD'],,project-context,0c9c75025b5e067e9b036c98,reviewed-receipt,https://github.com/yeager/translations/blob/67e6d27877c9cfd6b6dbc74bd852b10bdbe09c3c/SuiteCRM-Core/sv-published-20260918.json,e4f7faaa5625d277e7a537f5b555c2fd753d326636e98deb288463e96d6356f7,{}
aa25a2e6e4d401b488b12a21,New Case Account,Nytt ärendekonto,SuiteCRM-Core,sv-inbound-email-810-published-20260919,$mod_strings['LNK_LIST_CREATE_NEW_CASES_TYPE'],,project-context,3edcc9d248ccc1e22b19174a,reviewed-receipt,https://github.com/yeager/translations/blob/67e6d27877c9cfd6b6dbc74bd852b10bdbe09c3c/SuiteCRM-Core/sv-inbound-email-810-published-20260919.json,8ff080143649204a50f3a20eee408535d517ed526e8c4bad972910fef8c046e2,{}
aaa4f1e6693f48bf7efda5dc,Invalid relational field,Ogiltigt relationsfält,SuiteCRM-Core,sv-import-810-reviewed-20260919,$mod_strings['LBL_ERROR_INVALID_RELATE'],,project-context,796f7c8669a5da9aa202edc7,reviewed-receipt,https://github.com/yeager/translations/blob/67e6d27877c9cfd6b6dbc74bd852b10bdbe09c3c/SuiteCRM-Core/sv-import-810-reviewed-20260919.json,9ad9f80f27abc071d9102bbd8cefb9bc43256bdad442051d55760286d830c3b0,{}
aab82e2835978062527588a9,External OAuth Connection,Extern OAuth-anslutning,SuiteCRM-Core,sv-outbound-email-810-published-20260919,$mod_strings['LBL_EXTERNAL_OAUTH_CONNECTION_NAME'],,project-context,ccd51f9bb768fa87cc9e3ce8,reviewed-receipt,https://github.com/yeager/translations/blob/67e6d27877c9cfd6b6dbc74bd852b10bdbe09c3c/SuiteCRM-Core/sv-outbound-email-810-published-20260919.json,971cdcc19e79f693c13cb15c9aee0f659a84a6c378a69f16b9dae9f6b2d70244,{}
aac4885147f60470b0160903,Seed Queues From Teams,Skapa köer från team,SuiteCRM-Core,sv-inbound-email-810-published-20260919,$mod_strings['LNK_SEED_QUEUES'],,project-context,509f2c76267f70dd66e26108,reviewed-receipt,https://github.com/yeager/translations/blob/67e6d27877c9cfd6b6dbc74bd852b10bdbe09c3c/SuiteCRM-Core/sv-inbound-email-810-published-20260919.json,8ff080143649204a50f3a20eee408535d517ed526e8c4bad972910fef8c046e2,{}
ab0dd254270752291e683717,Tracker Links Enabled,Spårningslänkar aktiverade,SuiteCRM-Core,sv-published-20260918,$mod_strings['LBL_TRACKER_LINKS_ENABLED'],,project-context,41746ea36c44c09cfafe21f0,reviewed-receipt,https://github.com/yeager/translations/blob/67e6d27877c9cfd6b6dbc74bd852b10bdbe09c3c/SuiteCRM-Core/sv-published-20260918.json,e4f7faaa5625d277e7a537f5b555c2fd753d326636e98deb288463e96d6356f7,{}
ab467eddb355191a2d28b78a,Auto Reply Email Template,E-postmall för autosvar,SuiteCRM-Core,sv-inbound-email-810-published-20260919,$mod_strings['LBL_AUTOREPLY_EMAIL_TEMPLATE_NAME'],,project-context,979f9c287bd6bbedb5411331,reviewed-receipt,https://github.com/yeager/translations/blob/67e6d27877c9cfd6b6dbc74bd852b10bdbe09c3c/SuiteCRM-Core/sv-inbound-email-810-published-20260919.json,8ff080143649204a50f3a20eee408535d517ed526e8c4bad972910fef8c046e2,{}
ab7ec18e561f4a9ea0b41db6,Name,Namn,SuiteCRM-Core,sv-contacts-b-810-published-20260919,$mod_strings['LBL_LIST_NAME'],,project-context,09c5bac0b7640337e38a67f3,reviewed-receipt,https://github.com/yeager/translations/blob/67e6d27877c9cfd6b6dbc74bd852b10bdbe09c3c/SuiteCRM-Core/sv-contacts-b-810-published-20260919.json,d90efd721e18c4336904231d21d618d5245ef5fdaa19153e482b76ac0409f394,{}
ab927f98c4e5e11714594e81,Connection completed successfully.,Anslutningen upprättades.,SuiteCRM-Core,sv-inbound-email-810-published-20260919,$mod_strings['LBL_TEST_SUCCESSFUL'],,project-context,5a1170a354ddde0fedc9f2d1,reviewed-receipt,https://github.com/yeager/translations/blob/67e6d27877c9cfd6b6dbc74bd852b10bdbe09c3c/SuiteCRM-Core/sv-inbound-email-810-published-20260919.json,8ff080143649204a50f3a20eee408535d517ed526e8c4bad972910fef8c046e2,{}
abbd1f9e6ad3386a7ae20a2f,Connection String,Anslutningssträng,SuiteCRM-Core,sv-inbound-email-810-published-20260919,$mod_strings['LBL_CONNECTION_STRING'],,project-context,a393d0c9da05c3148a1e272f,reviewed-receipt,https://github.com/yeager/translations/blob/67e6d27877c9cfd6b6dbc74bd852b10bdbe09c3c/SuiteCRM-Core/sv-inbound-email-810-published-20260919.json,8ff080143649204a50f3a20eee408535d517ed526e8c4bad972910fef8c046e2,{}
ac3ee121bad3eaa3fd177d04,On the,Den,SuiteCRM-Core,sv-schedulers-810-published-20260919,$mod_strings['LBL_ON_THE'],,project-context,e9705030e242960af0303d0a,reviewed-receipt,https://github.com/yeager/translations/blob/67e6d27877c9cfd6b6dbc74bd852b10bdbe09c3c/SuiteCRM-Core/sv-schedulers-810-published-20260919.json,33eb7afe2f29dd74f08bd921b07d01bf183499e1985dd5f49edf5433b2ce22bb,{}
ac5ad5b5f6f8ceab7f3cd236,Help,Hjälp,SuiteCRM-Core,sv-dynamicfields-810-published-20260919,$mod_strings['LBL_HELP'],,project-context,6db6bb7a496a83dc61251352,reviewed-receipt,https://github.com/yeager/translations/blob/67e6d27877c9cfd6b6dbc74bd852b10bdbe09c3c/SuiteCRM-Core/sv-dynamicfields-810-published-20260919.json,d82b264795c3f57e63f446503845cb601f29790142b6abaaf61ca77271bb3c3f,{}
ac65afedabfd6feccb9f1eac,Assigned to:,Tilldelad till:,SuiteCRM-Core,sv-contacts-a-810-published-20260919,$mod_strings['LBL_ASSIGNED_TO_NAME'],,project-context,cebfdd0ae69519561c2a857a,reviewed-receipt,https://github.com/yeager/translations/blob/67e6d27877c9cfd6b6dbc74bd852b10bdbe09c3c/SuiteCRM-Core/sv-contacts-a-810-published-20260919.json,10584b485e200c6f1c96340054304bbf1333d0f5bdb89bae8947c2df5c4c0947,{}
acb3ff2d8ca15835adaeee30,Address Cache List,Adresscachelista,SuiteCRM-Core,sv-address-cache-810-20260919,$mod_strings['LBL_LIST_FORM_TITLE'],,project-context,20dab21ff142fb19403c8dc1,reviewed-receipt,https://github.com/yeager/translations/blob/67e6d27877c9cfd6b6dbc74bd852b10bdbe09c3c/SuiteCRM-Core/sv-address-cache-810-20260919.json,1fd1946e1ba4fb72767e4b4c568ae221f815b022d8feef0b10e93649be89a03b,"{""artifact"":""https://crowdin.com/project/suitecrm-core"",""sha256"":""638688ccb1d394056101346d4920618cef532276c23d63ed5a2f597310fd4bfd""}"
acfb453836f33af70452f083,Contact List,Kontaktlista,SuiteCRM-Core,sv-contacts-b-810-published-20260919,$mod_strings['LBL_LIST_FORM_TITLE'],,project-context,1fb85ac8fbc3f067410016b4,reviewed-receipt,https://github.com/yeager/translations/blob/67e6d27877c9cfd6b6dbc74bd852b10bdbe09c3c/SuiteCRM-Core/sv-contacts-b-810-published-20260919.json,d90efd721e18c4336904231d21d618d5245ef5fdaa19153e482b76ac0409f394,{}
ad17a0dfb713148581bb4b4f,Password,Lösenord,SuiteCRM-Core,sv-configurator-ui-810-published-20260919,$mod_strings['LBL_PROXY_PASSWORD'],,project-context,3982ad42130f3e6613a09675,reviewed-receipt,https://github.com/yeager/translations/blob/67e6d27877c9cfd6b6dbc74bd852b10bdbe09c3c/SuiteCRM-Core/sv-configurator-ui-810-published-20260919.json,c2c1f7f6e07523183e318bd1273893e066f03c7dc66af3e9f80e12e615c6d038,{}
ad1c5208b09796fbc629855f,Decimal symbol:,Decimalsymbol:,SuiteCRM-Core,sv-import-810-reviewed-20260919,$mod_strings['LBL_DECIMAL_SEP'],,project-context,80f320113bbee120619bfffc,reviewed-receipt,https://github.com/yeager/translations/blob/67e6d27877c9cfd6b6dbc74bd852b10bdbe09c3c/SuiteCRM-Core/sv-import-810-reviewed-20260919.json,9ad9f80f27abc071d9102bbd8cefb9bc43256bdad442051d55760286d830c3b0,{}
ad213ab6df8cf7e58c9f8e0a,Delete Test Entries,Ta bort testposter,SuiteCRM-Core,sv-emailmarketing-810-reviewed-20260919,$mod_strings['LBL_DELETE_TEST_ENTRIES'],,project-context,0363c51745b3e9aa480d8290,reviewed-receipt,https://github.com/yeager/translations/blob/67e6d27877c9cfd6b6dbc74bd852b10bdbe09c3c/SuiteCRM-Core/sv-emailmarketing-810-reviewed-20260919.json,5ec4491f9b64a0da78ac62fa97360cc4e284f94d49fc10bc6c878b997b7ea8af,{}
ad40698221ac8b1557a6a7f1,Test Settings,Testa inställningar,SuiteCRM-Core,sv-inbound-email-810-published-20260919,$mod_strings['LBL_POPUP_TITLE'],,project-context,1025334246fa8d3f2fbdd206,reviewed-receipt,https://github.com/yeager/translations/blob/67e6d27877c9cfd6b6dbc74bd852b10bdbe09c3c/SuiteCRM-Core/sv-inbound-email-810-published-20260919.json,8ff080143649204a50f3a20eee408535d517ed526e8c4bad972910fef8c046e2,{}
ad71f44405abebaab3b7c421,1000s separator:,Tusentalsavgränsare:,SuiteCRM-Core,sv-import-810-reviewed-20260919,$mod_strings['LBL_NUMBER_GROUPING_SEP'],,project-context,37dd694135f3ffcf028012d8,reviewed-receipt,https://github.com/yeager/translations/blob/67e6d27877c9cfd6b6dbc74bd852b10bdbe09c3c/SuiteCRM-Core/sv-import-810-reviewed-20260919.json,9ad9f80f27abc071d9102bbd8cefb9bc43256bdad442051d55760286d830c3b0,{}
ade3c4e1f804ae38c512ad65,Compose Email,Skriv e-post,SuiteCRM-Core,sv-published-20260918,$mod_strings['LNK_NEW_SEND_EMAIL'],,project-context,53b62f332e7b4a1221e356eb,reviewed-receipt,https://github.com/yeager/translations/blob/67e6d27877c9cfd6b6dbc74bd852b10bdbe09c3c/SuiteCRM-Core/sv-published-20260918.json,e4f7faaa5625d277e7a537f5b555c2fd753d326636e98deb288463e96d6356f7,{}
adf1b736c1d70c3fe1fed2d5,Sync Google Calendars,Synkronisera Google-kalendrar,SuiteCRM-Core,sv-schedulers-810-published-20260919,$mod_strings['LBL_SYNCGOOGLECALENDAR'],,project-context,fef4b22146d1471429c85346,reviewed-receipt,https://github.com/yeager/translations/blob/67e6d27877c9cfd6b6dbc74bd852b10bdbe09c3c/SuiteCRM-Core/sv-schedulers-810-published-20260919.json,33eb7afe2f29dd74f08bd921b07d01bf183499e1985dd5f49edf5433b2ce22bb,{}
adf9f99620d0a852a96cae88,Maps,Kartor,SuiteCRM-Core,sv-maps-810-20260919,$mod_strings['LBL_MODULE_NAME'],,project-context,920d158199ebe5c1714e5e27,reviewed-receipt,https://github.com/yeager/translations/blob/67e6d27877c9cfd6b6dbc74bd852b10bdbe09c3c/SuiteCRM-Core/sv-maps-810-20260919.json,babb99544bc99a7d3dd3311ec921677cbf9ba177a2772b3a197170fe77e2a1f4,"{""artifact"":""https://crowdin.com/project/suitecrm-core"",""sha256"":""64279da7b1d799d18cc5796501b987137a0c407eecea92fe89b0666960d26e62""}"
adfa5cc6af2493b71a5b3d7b,Email Settings,E-postinställningar,SuiteCRM-Core,sv-emailmarketing-security-810-published-20260919,$mod_strings['LBL_EMAIL_CONFIG'],,project-context,6e85746e5d2c7696fe2e82dd,reviewed-receipt,https://github.com/yeager/translations/blob/67e6d27877c9cfd6b6dbc74bd852b10bdbe09c3c/SuiteCRM-Core/sv-emailmarketing-security-810-published-20260919.json,3204b94182121e6c1d8e5d51e878c17a5e85cc78187db29beb922e12fae48b78,{}
ae0d8b4881a13105d9056742,Storage Type,Lagringstyp,SuiteCRM-Core,sv-dynamicfields-810-published-20260919,$mod_strings['LBL_STORAGE_TYPE'],,project-context,15322c7416f842525d8a4747,reviewed-receipt,https://github.com/yeager/translations/blob/67e6d27877c9cfd6b6dbc74bd852b10bdbe09c3c/SuiteCRM-Core/sv-dynamicfields-810-published-20260919.json,d82b264795c3f57e63f446503845cb601f29790142b6abaaf61ca77271bb3c3f,{}
ae0f8cc2cd2869d9965c96d5,Shipping State:,Leveransregion:,SuiteCRM-Core,sv-accounts-final-810-published-20260919,$mod_strings['LBL_SHIPPING_ADDRESS_STATE'],,project-context,643ff77532519d421ddf848c,reviewed-receipt,https://github.com/yeager/translations/blob/67e6d27877c9cfd6b6dbc74bd852b10bdbe09c3c/SuiteCRM-Core/sv-accounts-final-810-published-20260919.json,f99b6b196fed5b4409a55d1296241bb29b890401afe16c0f8654ddadb9c6a43b,{}
ae287e66ef325fed4c1054b1,Disabled,Inaktiverad,SuiteCRM-Core,sv-maps-addresses-810-20260919,$mod_strings['LBL_DISABLED'],,project-context,8fd0dd1a6a38cc63b6af6cdd,reviewed-receipt,https://github.com/yeager/translations/blob/67e6d27877c9cfd6b6dbc74bd852b10bdbe09c3c/SuiteCRM-Core/sv-maps-addresses-810-20260919.json,44576ef9f8dc305321c28b8abe1953a600343546e72a71706a55a867fcfcb0f0,"{""artifact"":""https://crowdin.com/project/suitecrm-core"",""sha256"":""94befcb51f97c48a8ed595ac4879e4f1ef3e6b7bdff7782e4eb003cb61cafb66""}"
ae3812bee43959d85146a9d6,Date Entered,Skapat datum,SuiteCRM-Core,sv-emailmarketing-a-810-published-20260919,$mod_strings['LBL_DATE_ENTERED'],,project-context,cde85f7c546d1a7448ddce77,reviewed-receipt,https://github.com/yeager/translations/blob/67e6d27877c9cfd6b6dbc74bd852b10bdbe09c3c/SuiteCRM-Core/sv-emailmarketing-a-810-published-20260919.json,84957449ddc9118eddc2b572b035053c0b63aa8200c37a30f6619f66e15777e4,{}
ae9bf785ceeff568e189819f,Schedule List:,Lista över scheman:,SuiteCRM-Core,sv-schedulers-810-a-published-20260919,$mod_strings['LBL_LIST_TITLE'],,project-context,637c42864f535e4c46776d03,reviewed-receipt,https://github.com/yeager/translations/blob/67e6d27877c9cfd6b6dbc74bd852b10bdbe09c3c/SuiteCRM-Core/sv-schedulers-810-a-published-20260919.json,3c6c981f88e16e22e571d729a4bb12cc98db47334bbe03c18d6ed0001b81d8a8,{}
aea08000417df80f9d40eec3,Import cache directory is not writable.,Cachekatalogen för import är inte skrivbar.,SuiteCRM-Core,sv-import-810-reviewed-20260919,$mod_strings['LBL_ERROR_IMPORT_CACHE_NOT_WRITABLE'],,project-context,b0732ec33fc7ae82c4c31a27,reviewed-receipt,https://github.com/yeager/translations/blob/67e6d27877c9cfd6b6dbc74bd852b10bdbe09c3c/SuiteCRM-Core/sv-import-810-reviewed-20260919.json,9ad9f80f27abc071d9102bbd8cefb9bc43256bdad442051d55760286d830c3b0,{}
aea3d6bcaa7b39a872233971,Execute Time,Körtid,SuiteCRM-Core,sv-schedulerjobs-810-published-20260919,$mod_strings['LBL_EXECUTE_TIME'],,project-context,ec4bee4a0c00cba77a710c0b,reviewed-receipt,https://github.com/yeager/translations/blob/67e6d27877c9cfd6b6dbc74bd852b10bdbe09c3c/SuiteCRM-Core/sv-schedulerjobs-810-published-20260919.json,39ece1dd6abbe7117cd3f0433632a40e1beb4e595e8ab66ce266caf7d0c35321,{}
af0056389f5f114482e34236,Address Information,Adressuppgifter,SuiteCRM-Core,sv-accounts-a-810-published-20260919,$mod_strings['LBL_ADDRESS_INFORMATION'],,project-context,a5d542c4a5e0f0d069fbb910,reviewed-receipt,https://github.com/yeager/translations/blob/67e6d27877c9cfd6b6dbc74bd852b10bdbe09c3c/SuiteCRM-Core/sv-accounts-a-810-published-20260919.json,ea12294a7550adccf7f3bd2ee5ba9c0f994224671cce0ee6ffbeaf4e4d1eedb2,{}
af38494715f1c700acbe87af,Auto-Delete SuiteCRM Events:,Ta bort SuiteCRM-händelser automatiskt:,SuiteCRM-Core,sv-published-20260918,$mod_strings['LBL_CALENDAR_SYNC_ALLOW_INTERNAL_DELETION'],,project-context,ec452aa687e51710a8de3d3f,reviewed-receipt,https://github.com/yeager/translations/blob/67e6d27877c9cfd6b6dbc74bd852b10bdbe09c3c/SuiteCRM-Core/sv-published-20260918.json,e4f7faaa5625d277e7a537f5b555c2fd753d326636e98deb288463e96d6356f7,{}
af4bd3836b33228b4930438e,Date Modified,Ändringsdatum,SuiteCRM-Core,sv-emailmarketing-a-810-published-20260919,$mod_strings['LBL_DATE_MODIFIED'],,project-context,6e420c7967bcadd79366f217,reviewed-receipt,https://github.com/yeager/translations/blob/67e6d27877c9cfd6b6dbc74bd852b10bdbe09c3c/SuiteCRM-Core/sv-emailmarketing-a-810-published-20260919.json,84957449ddc9118eddc2b572b035053c0b63aa8200c37a30f6619f66e15777e4,{}
af4cdf966b21518b4e26fdd4,Two Factor Authentication Interface:,Gränssnitt för tvåfaktorsautentisering:,SuiteCRM-Core,sv-published-20260918,$mod_strings['LBL_FACTOR_AUTH_INTERFACE'],,project-context,bd095fdfa5362b5a98ab25aa,reviewed-receipt,https://github.com/yeager/translations/blob/67e6d27877c9cfd6b6dbc74bd852b10bdbe09c3c/SuiteCRM-Core/sv-published-20260918.json,e4f7faaa5625d277e7a537f5b555c2fd753d326636e98deb288463e96d6356f7,{}
afceb1bf0966f4b16af71e42,Not Inheritable,Kan inte ärvas,SuiteCRM-Core,sv-published-20260918,$mod_strings['LBL_LIST_NONINHERITABLE'],,project-context,8ce2348dd464b01a5db5259a,reviewed-receipt,https://github.com/yeager/translations/blob/67e6d27877c9cfd6b6dbc74bd852b10bdbe09c3c/SuiteCRM-Core/sv-published-20260918.json,e4f7faaa5625d277e7a537f5b555c2fd753d326636e98deb288463e96d6356f7,{}
afdcf7130e5441efdf96de37,Password,Lösenord,SuiteCRM-Core,sv-published-20260918,$mod_strings['LBL_USER_HASH'],,project-context,2e126157fed5ee803e379b3f,reviewed-receipt,https://github.com/yeager/translations/blob/67e6d27877c9cfd6b6dbc74bd852b10bdbe09c3c/SuiteCRM-Core/sv-published-20260918.json,e4f7faaa5625d277e7a537f5b555c2fd753d326636e98deb288463e96d6356f7,{}
afeea2fee7a9c29d7855bcc6,Related Object thru Flex Relate Field,Relaterat objekt via Flex Relate-fält,SuiteCRM-Core,sv-maps-markers-810-20260920,$mod_strings['LBL_CONFIG_RELATED_OBJECT_THRU_FLEX_RELATE'],,project-context,ceef7466c78f8ee0e5cea7a0,reviewed-receipt,https://github.com/yeager/translations/blob/67e6d27877c9cfd6b6dbc74bd852b10bdbe09c3c/SuiteCRM-Core/sv-maps-markers-810-20260920.json,4e277667258a5b1b54188926f84d9bad2c08f094847d5ea01a96605739bbda85,"{""artifact"":""https://crowdin.com/project/suitecrm-core"",""sha256"":""5815af411247bd0d40c0b353d2e71a6075050ab9c228114a44a7b5e04a276479""}"
aff51a35290f53d20dd5b7bf,Shipping Street 2,Leveransadressrad 2,SuiteCRM-Core,sv-accounts-final-810-published-20260919,$mod_strings['LBL_SHIPPING_ADDRESS_STREET_2'],,project-context,09a2d3cc85bc0bef5cb51f98,reviewed-receipt,https://github.com/yeager/translations/blob/67e6d27877c9cfd6b6dbc74bd852b10bdbe09c3c/SuiteCRM-Core/sv-accounts-final-810-published-20260919.json,f99b6b196fed5b4409a55d1296241bb29b890401afe16c0f8654ddadb9c6a43b,{}
aff8998d634cad62135f410e,Mail Merge,Kopplad utskrift,SuiteCRM-Core,sv-configurator-ui-810-published-20260919,$mod_strings['LBL_MAILMERGE'],,project-context,dadaf927faac81f82751b48a,reviewed-receipt,https://github.com/yeager/translations/blob/67e6d27877c9cfd6b6dbc74bd852b10bdbe09c3c/SuiteCRM-Core/sv-configurator-ui-810-published-20260919.json,c2c1f7f6e07523183e318bd1273893e066f03c7dc66af3e9f80e12e615c6d038,{}
b014887a541486ce17994158,Last Successful Run,Senaste lyckade körning,SuiteCRM-Core,sv-schedulers-810-published-20260919,$mod_strings['LBL_LAST_RUN'],,project-context,749db256ab2dfae5e089ce40,reviewed-receipt,https://github.com/yeager/translations/blob/67e6d27877c9cfd6b6dbc74bd852b10bdbe09c3c/SuiteCRM-Core/sv-schedulers-810-published-20260919.json,33eb7afe2f29dd74f08bd921b07d01bf183499e1985dd5f49edf5433b2ce22bb,{}
b051e27de0ff82cd74f54f98,Category,Kategori,SuiteCRM-Core,sv-published-20260918,$mod_strings['LBL_CATEGORY'],,project-context,93ea44c116c3aeb5afdf522e,reviewed-receipt,https://github.com/yeager/translations/blob/67e6d27877c9cfd6b6dbc74bd852b10bdbe09c3c/SuiteCRM-Core/sv-published-20260918.json,e4f7faaa5625d277e7a537f5b555c2fd753d326636e98deb288463e96d6356f7,{}
b0658f6afb32e76db8b89ef9,Mail SMTP/SSL,E-post: SMTP/SSL,SuiteCRM-Core,sv-outbound-email-810-published-20260919,$mod_strings['LBL_MAIL_SMTPSSL'],,project-context,42529dfa0b98155960abe417,reviewed-receipt,https://github.com/yeager/translations/blob/67e6d27877c9cfd6b6dbc74bd852b10bdbe09c3c/SuiteCRM-Core/sv-outbound-email-810-published-20260919.json,971cdcc19e79f693c13cb15c9aee0f659a84a6c378a69f16b9dae9f6b2d70244,{}
b0e8c14c511b0866def714e7,Address Information,Adressuppgifter,SuiteCRM-Core,sv-leads-a-810-published-20260919,$mod_strings['LBL_ADDRESS_INFORMATION'],,project-context,c964fa90b8580ecf85147a6f,reviewed-receipt,https://github.com/yeager/translations/blob/67e6d27877c9cfd6b6dbc74bd852b10bdbe09c3c/SuiteCRM-Core/sv-leads-a-810-published-20260919.json,60952907a18a1fa8bb5cc88e44ed4c1176c7ffce44a7c94450b6ef6b204e5217,"{""artifact"":""https://crowdin.com/project/suitecrm-core"",""sha256"":""68c09159fa8b1cffef4298fc161ce32509e0ccd372b4a94d5d3d2450e02fc5c6""}"
b0fc49f9e3f4f64a7aac6447,Created a new call,Skapade ett nytt samtal,SuiteCRM-Core,sv-contacts-a-810-published-20260919,$mod_strings['LBL_CREATED_CALL'],,project-context,a90a79f27f3caf596081f6ca,reviewed-receipt,https://github.com/yeager/translations/blob/67e6d27877c9cfd6b6dbc74bd852b10bdbe09c3c/SuiteCRM-Core/sv-contacts-a-810-published-20260919.json,10584b485e200c6f1c96340054304bbf1333d0f5bdb89bae8947c2df5c4c0947,{}
b133e454250d261fcdfed23b,Date Modified,Ändringsdatum,SuiteCRM-Core,sv-address-cache-followup-810-20260919,$mod_strings['LBL_DATE_MODIFIED'],,project-context,98bfb1178195d40e700e9fa0,reviewed-receipt,https://github.com/yeager/translations/blob/67e6d27877c9cfd6b6dbc74bd852b10bdbe09c3c/SuiteCRM-Core/sv-address-cache-followup-810-20260919.json,c7e99432ec0b3f570a7b414e45f71b3660b21aa2c1e499d010ab737c90e56bef,"{""artifact"":""https://crowdin.com/project/suitecrm-core"",""sha256"":""b80a3c265a58b9310fafc2380138b36502f7bdb790b258f7a367da9301a53169""}"
b1445d64412068cdd55f68ff,Job Name,Jobbnamn,SuiteCRM-Core,sv-schedulerjobs-810-published-20260919,$mod_strings['LBL_NAME'],,project-context,96e60f4a804050377bae657f,reviewed-receipt,https://github.com/yeager/translations/blob/67e6d27877c9cfd6b6dbc74bd852b10bdbe09c3c/SuiteCRM-Core/sv-schedulerjobs-810-published-20260919.json,39ece1dd6abbe7117cd3f0433632a40e1beb4e595e8ab66ce266caf7d0c35321,{}
b14660495f36e5f19a48add3,Email Opt Out:,Avstå från e-post:,SuiteCRM-Core,sv-accounts-a-810-published-20260919,$mod_strings['LBL_EMAIL_OPT_OUT'],,project-context,926181bd295e2f02e9f04f00,reviewed-receipt,https://github.com/yeager/translations/blob/67e6d27877c9cfd6b6dbc74bd852b10bdbe09c3c/SuiteCRM-Core/sv-accounts-a-810-published-20260919.json,ea12294a7550adccf7f3bd2ee5ba9c0f994224671cce0ee6ffbeaf4e4d1eedb2,{}
b16424e607aa70cf248717db,"View Setup Guide (Supervisor, systemd, Cron)","Visa installationsguide (Supervisor, systemd, Cron)",SuiteCRM-Core,sv-manual-migration-tasks-810-published-20260919,$mod_strings['LBL_MESSENGER_SETUP_DOC_LINK'],,project-context,64357b4af65bbfcc93bc160e,reviewed-receipt,https://github.com/yeager/translations/blob/67e6d27877c9cfd6b6dbc74bd852b10bdbe09c3c/SuiteCRM-Core/sv-manual-migration-tasks-810-published-20260919.json,a57c55236a2b943e110d1e9093259e3e4c7c7d8364f4be24f498eb3953ea51d0,{}
b18b158a6e2437f75b5ae740,Name:,Namn:,SuiteCRM-Core,sv-inbound-email-810-published-20260919,$mod_strings['LBL_LIST_NAME'],,project-context,641667b2b3bf1c082d2596fe,reviewed-receipt,https://github.com/yeager/translations/blob/67e6d27877c9cfd6b6dbc74bd852b10bdbe09c3c/SuiteCRM-Core/sv-inbound-email-810-published-20260919.json,8ff080143649204a50f3a20eee408535d517ed526e8c4bad972910fef8c046e2,{}
b1cff61c478c9e3577acc33f,Create Note,Skapa anteckning,SuiteCRM-Core,sv-contacts-final-810-published-20260919,$mod_strings['LNK_NEW_NOTE'],,project-context,8b0bf21c9882e263b37d59ba,reviewed-receipt,https://github.com/yeager/translations/blob/67e6d27877c9cfd6b6dbc74bd852b10bdbe09c3c/SuiteCRM-Core/sv-contacts-final-810-published-20260919.json,d978283a12dfb9b326a3d05a7e751d434c6e3ced5ebb9cf860d351c2ecd7f04d,{}
b1e17440506b5753d87007e4,Clean Jobs Queue,Rensa jobbkö,SuiteCRM-Core,sv-schedulers-810-a-published-20260919,$mod_strings['LBL_OOTB_CLEANUP_QUEUE'],,project-context,3b3d00bcd1c404a940f29de8,reviewed-receipt,https://github.com/yeager/translations/blob/67e6d27877c9cfd6b6dbc74bd852b10bdbe09c3c/SuiteCRM-Core/sv-schedulers-810-a-published-20260919.json,3c6c981f88e16e22e571d729a4bb12cc98db47334bbe03c18d6ed0001b81d8a8,{}
b1e6a39906b4b54053cc4a1c,Yahoo! Mail Password:,Lösenord för Yahoo! Mail:,SuiteCRM-Core,sv-configurator-security-810-published-20260919,$mod_strings['LBL_YAHOOMAIL_SMTPPASS'],,project-context,a5e0b8762395b302b95ed5d8,reviewed-receipt,https://github.com/yeager/translations/blob/67e6d27877c9cfd6b6dbc74bd852b10bdbe09c3c/SuiteCRM-Core/sv-configurator-security-810-published-20260919.json,b9cffb7627e0e033ecf619b158ee05a9837fda3137dd33e9dd9cc36d32c5600c,{}
b255796d39a2f71f5688a6dc,Users may send as themselves:,Användare får skicka som sig själva:,SuiteCRM-Core,sv-published-20260918,$mod_strings['LBL_ALLOW_SEND_AS_USER'],,project-context,e25fb62b53ea441c1a56fa34,reviewed-receipt,https://github.com/yeager/translations/blob/67e6d27877c9cfd6b6dbc74bd852b10bdbe09c3c/SuiteCRM-Core/sv-published-20260918.json,e4f7faaa5625d277e7a537f5b555c2fd753d326636e98deb288463e96d6356f7,{}
b26dbb6beccf372eee20e4dc,Deleted,Borttagen,SuiteCRM-Core,sv-outbound-email-810-published-20260919,$mod_strings['LBL_DELETED'],,project-context,86b75f7309e2812e7e30f0c7,reviewed-receipt,https://github.com/yeager/translations/blob/67e6d27877c9cfd6b6dbc74bd852b10bdbe09c3c/SuiteCRM-Core/sv-outbound-email-810-published-20260919.json,971cdcc19e79f693c13cb15c9aee0f659a84a6c378a69f16b9dae9f6b2d70244,{}
b29df7cfa9e688a06c57fa4c,Group Membership:,Gruppmedlemskap:,SuiteCRM-Core,sv-configurator-security-810-published-20260919,$mod_strings['LBL_LDAP_GROUP_MEMBERSHIP'],,project-context,ae0ea85668c626fcbb55ffd2,reviewed-receipt,https://github.com/yeager/translations/blob/67e6d27877c9cfd6b6dbc74bd852b10bdbe09c3c/SuiteCRM-Core/sv-configurator-security-810-published-20260919.json,b9cffb7627e0e033ecf619b158ee05a9837fda3137dd33e9dd9cc36d32c5600c,{}
b2ba6a834bb2c52c0ddc017e,Email Address:,E-postadress:,SuiteCRM-Core,suitecrm-security-email-labels-810-20260920,$mod_strings['LBL_EMAIL_ADDRESS'],,project-context,40fd4c82679b6e4f51250e65,reviewed-receipt,https://github.com/yeager/translations/blob/67e6d27877c9cfd6b6dbc74bd852b10bdbe09c3c/SuiteCRM-Core/suitecrm-security-email-labels-810-20260920.json,b6dda48c77c629338067f9e3ff8cd855928026b49182f47c495910dbb4b55f00,"{""artifact"":""https://crowdin.com/project/suitecrm-core"",""sha256"":""b95a54db58b2895a4542171dcfa906727878edcad1eef4591b8a45e59bc55b50""}"
b2ced2d44546554a1c90c58a,Field Name,Fältnamn,SuiteCRM-Core,sv-import-810-reviewed-20260919,$mod_strings['LBL_FIELD_NAME'],,project-context,1a550d37e01744e0693a24aa,reviewed-receipt,https://github.com/yeager/translations/blob/67e6d27877c9cfd6b6dbc74bd852b10bdbe09c3c/SuiteCRM-Core/sv-import-810-reviewed-20260919.json,9ad9f80f27abc071d9102bbd8cefb9bc43256bdad442051d55760286d830c3b0,{}
b3090e6bbeb84c4c2db0827e,perpetual,permanent,SuiteCRM-Core,sv-schedulers-810-published-20260919,$mod_strings['LBL_PERENNIAL'],,project-context,28c39a192e21966b14d2a90f,reviewed-receipt,https://github.com/yeager/translations/blob/67e6d27877c9cfd6b6dbc74bd852b10bdbe09c3c/SuiteCRM-Core/sv-schedulers-810-published-20260919.json,33eb7afe2f29dd74f08bd921b07d01bf183499e1985dd5f49edf5433b2ce22bb,{}
b31be29c1d3947ec75b99500,Welcome,Välkommen,SuiteCRM-Core,sv-configurator-ui-810-published-20260919,$mod_strings['LBL_WIZARD_WELCOME_TAB'],,project-context,97fc0d67bee829bc7d65b693,reviewed-receipt,https://github.com/yeager/translations/blob/67e6d27877c9cfd6b6dbc74bd852b10bdbe09c3c/SuiteCRM-Core/sv-configurator-ui-810-published-20260919.json,c2c1f7f6e07523183e318bd1273893e066f03c7dc66af3e9f80e12e615c6d038,{}
b32aa1797fc0c9ca91e3a15d,seconds,sekunder,SuiteCRM-Core,sv-acl-810-published-20260919,$mod_strings['LBL_SECONDS'],,project-context,ce87853ea271031db6674292,reviewed-receipt,https://github.com/yeager/translations/blob/67e6d27877c9cfd6b6dbc74bd852b10bdbe09c3c/SuiteCRM-Core/sv-acl-810-published-20260919.json,c3d79cc04f48d5a83982b3c13a5bf197dcb035625008d4cec3b1a07c4d7311de,{}
b334c040253d047bdcaa3c98,Merge value over,Slå ihop värden över,SuiteCRM-Core,sv-mergerecords-810-reviewed-20260919,$mod_strings['LBL_MERGE_VALUE_OVER'],,project-context,0f829299037d3b17ad7b2df2,reviewed-receipt,https://github.com/yeager/translations/blob/67e6d27877c9cfd6b6dbc74bd852b10bdbe09c3c/SuiteCRM-Core/sv-mergerecords-810-reviewed-20260919.json,91986f9f225ab70510f1d592ec7ab13d102e66d6e808c70be1487daa66289884,{}
b33f0028f009dcb82185af65,Schedulers,Schemaläggare,SuiteCRM-Core,sv-inbound-email-810-published-20260919,$mod_strings['LNK_LIST_SCHEDULER'],,project-context,31cd575b3f6d6a75a1e0c612,reviewed-receipt,https://github.com/yeager/translations/blob/67e6d27877c9cfd6b6dbc74bd852b10bdbe09c3c/SuiteCRM-Core/sv-inbound-email-810-published-20260919.json,8ff080143649204a50f3a20eee408535d517ed526e8c4bad972910fef8c046e2,{}
b369e5e613c55da0fc811a99,Welcome to SuiteCRM!,Välkommen till SuiteCRM!,SuiteCRM-Core,sv-published-20260918,$mod_strings['LBL_WIZARD_WELCOME_TITLE'],,project-context,cca067055eba383f2affc53d,reviewed-receipt,https://github.com/yeager/translations/blob/67e6d27877c9cfd6b6dbc74bd852b10bdbe09c3c/SuiteCRM-Core/sv-published-20260918.json,e4f7faaa5625d277e7a537f5b555c2fd753d326636e98deb288463e96d6356f7,{}
b36c75cdd809cd2aeb5881b5,Address Type for Prospects/Targets:,Adresstyp för prospekt/mål:,SuiteCRM-Core,sv-maps-markers-810-20260920,$mod_strings['LBL_CONFIG_ADDRESS_TYPE_FOR_PROSPECTS'],,project-context,4b3a30a22e4f60a46123402b,reviewed-receipt,https://github.com/yeager/translations/blob/67e6d27877c9cfd6b6dbc74bd852b10bdbe09c3c/SuiteCRM-Core/sv-maps-markers-810-20260920.json,4e277667258a5b1b54188926f84d9bad2c08f094847d5ea01a96605739bbda85,"{""artifact"":""https://crowdin.com/project/suitecrm-core"",""sha256"":""88ee7be047cf93575bf4c72b4d0316b43980de7a1acc172d93cab1f460e97970""}"
b37d7df4ec4794ae88b7c932,Queue Campaign Emails,Lägg kampanjmeddelanden i kö,SuiteCRM-Core,sv-emailmarketing-security-810-published-20260919,$mod_strings['LBL_OOTB_SEND_EMAIL_TO_QUEUE'],,project-context,1de1a9676d97d27c2c07e213,reviewed-receipt,https://github.com/yeager/translations/blob/67e6d27877c9cfd6b6dbc74bd852b10bdbe09c3c/SuiteCRM-Core/sv-emailmarketing-security-810-published-20260919.json,3204b94182121e6c1d8e5d51e878c17a5e85cc78187db29beb922e12fae48b78,{}
b38a2a0ee83575bb0e739666,Password,Lösenord,SuiteCRM-Core,sv-outbound-email-810-published-20260919,$mod_strings['LBL_MAIL_SMTPPASS'],,project-context,d7546bb924d93e42c50c1a15,reviewed-receipt,https://github.com/yeager/translations/blob/67e6d27877c9cfd6b6dbc74bd852b10bdbe09c3c/SuiteCRM-Core/sv-outbound-email-810-published-20260919.json,971cdcc19e79f693c13cb15c9aee0f659a84a6c378a69f16b9dae9f6b2d70244,{}
b3bf3f56cfb8dea05ea78c90,Add Entries,Lägg till poster,SuiteCRM-Core,sv-published-20260918,$mod_strings['LBL_ADD_ENTRIES'],,project-context,8ae5e7c05e86b175668841c3,reviewed-receipt,https://github.com/yeager/translations/blob/67e6d27877c9cfd6b6dbc74bd852b10bdbe09c3c/SuiteCRM-Core/sv-published-20260918.json,e4f7faaa5625d277e7a537f5b555c2fd753d326636e98deb288463e96d6356f7,{}
b3ef94f8d7a3e35bbe665943,Inbound Email,Inkommande e-post,SuiteCRM-Core,sv-emailmarketing-810-reviewed-20260919,$mod_strings['LBL_INBOUND_EMAIL'],,project-context,74a47229c49acf80c33e7f29,reviewed-receipt,https://github.com/yeager/translations/blob/67e6d27877c9cfd6b6dbc74bd852b10bdbe09c3c/SuiteCRM-Core/sv-emailmarketing-810-reviewed-20260919.json,5ec4491f9b64a0da78ac62fa97360cc4e284f94d49fc10bc6c878b997b7ea8af,{}
b40ff32034912e64535f2e3a,Phone,Telefon,SuiteCRM-Core,sv-published-20260918,$mod_strings['LBL_PHONE'],,project-context,aeab89023fd80b9e89abed5b,reviewed-receipt,https://github.com/yeager/translations/blob/67e6d27877c9cfd6b6dbc74bd852b10bdbe09c3c/SuiteCRM-Core/sv-published-20260918.json,e4f7faaa5625d277e7a537f5b555c2fd753d326636e98deb288463e96d6356f7,{}
b420bb9c15337a3ad424e375,Description,Beskrivning,SuiteCRM-Core,sv-acl-810-published-20260919,$mod_strings['LBL_DESCRIPTION'],,project-context,18b57f5f68c4ff7e9f5b66fe,reviewed-receipt,https://github.com/yeager/translations/blob/67e6d27877c9cfd6b6dbc74bd852b10bdbe09c3c/SuiteCRM-Core/sv-acl-810-published-20260919.json,c3d79cc04f48d5a83982b3c13a5bf197dcb035625008d4cec3b1a07c4d7311de,{}
b429d1db920507c85ee38ccd,Invalid Email:,Ogiltig e-postadress:,SuiteCRM-Core,suitecrm-bugs-contacts-810-20260920,$mod_strings['LBL_INVALID_EMAIL'],,project-context,5023f6d69a34749cfb8d7042,reviewed-receipt,https://github.com/yeager/translations/blob/67e6d27877c9cfd6b6dbc74bd852b10bdbe09c3c/SuiteCRM-Core/suitecrm-bugs-contacts-810-20260920.json,42c05e1367216f8f71e344e69ae1eb0b65b66aa6c2c17cbead68f71a82c1daff,"{""artifact"":""https://crowdin.com/project/suitecrm-core"",""sha256"":""f285a87c9c54fa373008c570de827b0f6e7c4fb6b877e24af746944544a3e61e""}"
b4352e9a5ba47276c55570e9,Case Updates,Ärendeuppdateringar,SuiteCRM-Core,sv-contacts-final-810-published-20260919,$mod_strings['LBL_AOP_CASE_UPDATES'],,project-context,a0ff8ec50ff4726e69345ee9,reviewed-receipt,https://github.com/yeager/translations/blob/67e6d27877c9cfd6b6dbc74bd852b10bdbe09c3c/SuiteCRM-Core/sv-contacts-final-810-published-20260919.json,d978283a12dfb9b326a3d05a7e751d434c6e3ced5ebb9cf860d351c2ecd7f04d,{}
b4377cf9a807d2a95d710ff9,Email,E-post,SuiteCRM-Core,sv-contacts-b-810-published-20260919,$mod_strings['LBL_LIST_EMAIL_ADDRESS'],,project-context,e7f3318688c1ea3d57e0f0b6,reviewed-receipt,https://github.com/yeager/translations/blob/67e6d27877c9cfd6b6dbc74bd852b10bdbe09c3c/SuiteCRM-Core/sv-contacts-b-810-published-20260919.json,d90efd721e18c4336904231d21d618d5245ef5fdaa19153e482b76ac0409f394,{}
b4405664c71966a8b55502f4,Reply,Svara,SuiteCRM-Core,sv-published-20260918,$mod_strings['LNK_QUICK_REPLY'],,project-context,96ce2dfd0bb4778c97d1e105,reviewed-receipt,https://github.com/yeager/translations/blob/67e6d27877c9cfd6b6dbc74bd852b10bdbe09c3c/SuiteCRM-Core/sv-published-20260918.json,e4f7faaa5625d277e7a537f5b555c2fd753d326636e98deb288463e96d6356f7,{}
b44866ab66383da17a09f286,Create Opportunity,Skapa affär,SuiteCRM-Core,sv-contacts-final-810-published-20260919,$mod_strings['LNK_NEW_OPPORTUNITY'],,project-context,8f3669e2456cf92d23e2aef8,reviewed-receipt,https://github.com/yeager/translations/blob/67e6d27877c9cfd6b6dbc74bd852b10bdbe09c3c/SuiteCRM-Core/sv-contacts-final-810-published-20260919.json,d978283a12dfb9b326a3d05a7e751d434c6e3ced5ebb9cf860d351c2ecd7f04d,{}
b487a80b6b4fc26285e862f9,System Settings,Systeminställningar,SuiteCRM-Core,sv-configurator-ui-810-published-20260919,$mod_strings['LBL_MODULE_NAME'],,project-context,4629ce95d8ad188e089f026e,reviewed-receipt,https://github.com/yeager/translations/blob/67e6d27877c9cfd6b6dbc74bd852b10bdbe09c3c/SuiteCRM-Core/sv-configurator-ui-810-published-20260919.json,c2c1f7f6e07523183e318bd1273893e066f03c7dc66af3e9f80e12e615c6d038,{}
b4ca9e5118113ad19476bbec,Numeric (Decimal Allowed),Numerisk (decimaler tillåtna),SuiteCRM-Core,sv-import-a-810-published-20260919,$mod_strings['LBL_IMPORT_FIELDDEF_FLOAT'],,project-context,484d1d0da9a4301b22dd5257,reviewed-receipt,https://github.com/yeager/translations/blob/67e6d27877c9cfd6b6dbc74bd852b10bdbe09c3c/SuiteCRM-Core/sv-import-a-810-published-20260919.json,d30b91d43a7d7312345f4e9c032488a7f4fa9f3ca1774983d75ab8967114711b,{}
b51e87d5b18cc475c66331ef,Date Modified,Ändringsdatum,SuiteCRM-Core,sv-published-20260918,$mod_strings['LBL_DATE_MODIFIED'],,project-context,7052ae0f8e2a718f2d77e322,reviewed-receipt,https://github.com/yeager/translations/blob/67e6d27877c9cfd6b6dbc74bd852b10bdbe09c3c/SuiteCRM-Core/sv-published-20260918.json,e4f7faaa5625d277e7a537f5b555c2fd753d326636e98deb288463e96d6356f7,{}
b577fdfb06ff0ab1587f1dfa,Possible Duplicate Contacts,Möjliga dubblettkontakter,SuiteCRM-Core,sv-contacts-a-810-published-20260919,$mod_strings['LBL_DUPLICATE'],,project-context,235c837dc4c49a1821bb7e69,reviewed-receipt,https://github.com/yeager/translations/blob/67e6d27877c9cfd6b6dbc74bd852b10bdbe09c3c/SuiteCRM-Core/sv-contacts-a-810-published-20260919.json,10584b485e200c6f1c96340054304bbf1333d0f5bdb89bae8947c2df5c4c0947,{}
b59d738bf3e4842b45f96495,SMTP Server Name,SMTP-servernamn,SuiteCRM-Core,sv-outbound-email-810-published-20260919,$mod_strings['LBL_SMTP_SERVERNAME'],,project-context,b5ef0756be31fdc029a98d95,reviewed-receipt,https://github.com/yeager/translations/blob/67e6d27877c9cfd6b6dbc74bd852b10bdbe09c3c/SuiteCRM-Core/sv-outbound-email-810-published-20260919.json,971cdcc19e79f693c13cb15c9aee0f659a84a6c378a69f16b9dae9f6b2d70244,{}
b59f50c5c2f287a924b539af,Contact-Opportunity:,Kontakt–affär:,SuiteCRM-Core,sv-contacts-a-810-published-20260919,$mod_strings['LBL_CONTACT_OPP_FORM_TITLE'],,project-context,a4f3fb954aa91218e9e491d4,reviewed-receipt,https://github.com/yeager/translations/blob/67e6d27877c9cfd6b6dbc74bd852b10bdbe09c3c/SuiteCRM-Core/sv-contacts-a-810-published-20260919.json,10584b485e200c6f1c96340054304bbf1333d0f5bdb89bae8947c2df5c4c0947,{}
b5a0f3dadf53f56de80c9b8d,Flex Relate,Flexibel relation,SuiteCRM-Core,sv-maps-addresses-810-20260919,$mod_strings['LBL_ADDRESS_FLEX_RELATE'],,project-context,398a142a1ae90f6db737f91c,reviewed-receipt,https://github.com/yeager/translations/blob/67e6d27877c9cfd6b6dbc74bd852b10bdbe09c3c/SuiteCRM-Core/sv-maps-addresses-810-20260919.json,44576ef9f8dc305321c28b8abe1953a600343546e72a71706a55a867fcfcb0f0,"{""artifact"":""https://crowdin.com/project/suitecrm-core"",""sha256"":""4f555597c0bc1737c2bdf0a9965ee358956c75824d7cbcb0eea22c7d75881442""}"
b5a7b48b5f0801ef50790688,Email marked deleted after import,E-postmeddelandet markeras som borttaget efter import,SuiteCRM-Core,sv-inbound-email-810-b-published-20260919,$mod_strings['LBL_MARK_READ_NO'],,project-context,a936dd867925ab8ee4d14230,reviewed-receipt,https://github.com/yeager/translations/blob/67e6d27877c9cfd6b6dbc74bd852b10bdbe09c3c/SuiteCRM-Core/sv-inbound-email-810-b-published-20260919.json,50c081232ca5f44c5a35c5973a58367c6d6b8e57fb93b0bf46982142cf2626a9,{}
b6093ce0edab215b8e2fec08,System Outbound Email Account,Systemkonto för utgående e-post,SuiteCRM-Core,sv-published-20260918,$mod_strings['LBL_SYSTEM_OUTBOUND_EMAIL_ACCOUNT'],,project-context,e9d58a815c77cf927418fd01,reviewed-receipt,https://github.com/yeager/translations/blob/67e6d27877c9cfd6b6dbc74bd852b10bdbe09c3c/SuiteCRM-Core/sv-published-20260918.json,e4f7faaa5625d277e7a537f5b555c2fd753d326636e98deb288463e96d6356f7,{}
b60e72e03ab07898d4757d07,Bugs,Felrapporter,SuiteCRM-Core,sv-published-20260918,$mod_strings['LBL_LIST_BUG'],,project-context,7e477c08917ef4b31b6ef8d9,reviewed-receipt,https://github.com/yeager/translations/blob/67e6d27877c9cfd6b6dbc74bd852b10bdbe09c3c/SuiteCRM-Core/sv-published-20260918.json,e4f7faaa5625d277e7a537f5b555c2fd753d326636e98deb288463e96d6356f7,{}
b616e5a289c6c379254a4715,Maps,Kartor,SuiteCRM-Core,sv-maps-810-20260919,$mod_strings['LBL_JJWG_MAPS_JJWG_AREAS_FROM_JJWG_MAPS_TITLE'],,project-context,a84c6e8e94cf09e8f8181f3c,reviewed-receipt,https://github.com/yeager/translations/blob/67e6d27877c9cfd6b6dbc74bd852b10bdbe09c3c/SuiteCRM-Core/sv-maps-810-20260919.json,babb99544bc99a7d3dd3311ec921677cbf9ba177a2772b3a197170fe77e2a1f4,"{""artifact"":""https://crowdin.com/project/suitecrm-core"",""sha256"":""233b7ba9906ca9630733be622bbe612e73015e98f7a45e3317706d255aa5a13d""}"
b6233eba2bcc4d166ac9cc39,Group Field for Accounts:,Gruppfält för konton:,SuiteCRM-Core,suitecrm-geocode-groups-810-20260920,$mod_strings['LBL_CONFIG_GROUP_FIELD_FOR_ACCOUNTS'],,project-context,14d140f422a532a13ea535cb,reviewed-receipt,https://github.com/yeager/translations/blob/67e6d27877c9cfd6b6dbc74bd852b10bdbe09c3c/SuiteCRM-Core/suitecrm-geocode-groups-810-20260920.json,ad654ac15e6a6e162ab89a8427d96f4c1df338dd8c27abb43552493328c05b1a,"{""artifact"":""https://crowdin.com/project/suitecrm-core"",""sha256"":""250ac6fa6083d60c78913a42d6da859e80677152d4bab25446ef2c10e2e87199""}"
b623f12b1ee60755bb91b522,Category,Kategori,SuiteCRM-Core,sv-published-20260918,$mod_strings['LBL_LIST_CATEGORY'],,project-context,19ffdbfb9474eb5c88c8445b,reviewed-receipt,https://github.com/yeager/translations/blob/67e6d27877c9cfd6b6dbc74bd852b10bdbe09c3c/SuiteCRM-Core/sv-published-20260918.json,e4f7faaa5625d277e7a537f5b555c2fd753d326636e98deb288463e96d6356f7,{}
b630b154f04a00bc44852bee,User Filter:,Användarfilter:,SuiteCRM-Core,sv-configurator-security-810-published-20260919,$mod_strings['LBL_LDAP_USER_FILTER'],,project-context,62a0c30f5ff5a38197b35441,reviewed-receipt,https://github.com/yeager/translations/blob/67e6d27877c9cfd6b6dbc74bd852b10bdbe09c3c/SuiteCRM-Core/sv-configurator-security-810-published-20260919.json,b9cffb7627e0e033ecf619b158ee05a9837fda3137dd33e9dd9cc36d32c5600c,{}
b63faee3bacc487ee425a79c,My Migrations,Mina migreringar,SuiteCRM-Core,sv-manual-migration-tasks-810-published-20260919,$mod_strings['LBL_HOMEPAGE_TITLE'],,project-context,f372302a3462078b22064e97,reviewed-receipt,https://github.com/yeager/translations/blob/67e6d27877c9cfd6b6dbc74bd852b10bdbe09c3c/SuiteCRM-Core/sv-manual-migration-tasks-810-published-20260919.json,a57c55236a2b943e110d1e9093259e3e4c7c7d8364f4be24f498eb3953ea51d0,{}
b66bfc9020f18512dfe5f465,Prune SuiteCRM Feed Tables,Rensa SuiteCRM:s flödestabeller,SuiteCRM-Core,sv-schedulers-810-published-20260919,$mod_strings['LBL_OOTB_SUITEFEEDS'],,project-context,333acdf7be60556ab885a212,reviewed-receipt,https://github.com/yeager/translations/blob/67e6d27877c9cfd6b6dbc74bd852b10bdbe09c3c/SuiteCRM-Core/sv-schedulers-810-published-20260919.json,33eb7afe2f29dd74f08bd921b07d01bf183499e1985dd5f49edf5433b2ce22bb,{}
b6839f8372f6dcb36a1483c9,1000s separator:,Tusentalsavgränsare:,SuiteCRM-Core,sv-import-b-810-published-20260919,$mod_strings['LBL_NUMBER_GROUPING_SEP'],,project-context,a2debec0c99a59258f8485fb,reviewed-receipt,https://github.com/yeager/translations/blob/67e6d27877c9cfd6b6dbc74bd852b10bdbe09c3c/SuiteCRM-Core/sv-import-b-810-published-20260919.json,5f4039ac59b7e23dcc8052f95f9ba8304e9ceaa834d2b41c8057e1f955008824,{}
b69a5fa6106de4958f55e3a8,Email Marketing Diagnostics,Diagnostik för e-postmarknadsföring,SuiteCRM-Core,sv-emailmarketing-security-810-published-20260919,$mod_strings['LBL_SCHEDULER_WIDGET'],,project-context,482f8ed9de37dba772a62f8c,reviewed-receipt,https://github.com/yeager/translations/blob/67e6d27877c9cfd6b6dbc74bd852b10bdbe09c3c/SuiteCRM-Core/sv-emailmarketing-security-810-published-20260919.json,3204b94182121e6c1d8e5d51e878c17a5e85cc78187db29beb922e12fae48b78,{}
b6a862133b84c8fe7d0b0bfc,Email Body Filter Type,Filtertyp för e-postmeddelandets brödtext,SuiteCRM-Core,sv-inbound-email-810-b-published-20260919,$mod_strings['LBL_EMAIL_BODY_FILTERING'],,project-context,c724f9cdbbb461fdff9f980d,reviewed-receipt,https://github.com/yeager/translations/blob/67e6d27877c9cfd6b6dbc74bd852b10bdbe09c3c/SuiteCRM-Core/sv-inbound-email-810-b-published-20260919.json,50c081232ca5f44c5a35c5973a58367c6d6b8e57fb93b0bf46982142cf2626a9,{}
b6ab00676e4ffdaf36d049d2,Import errors:,Import-error förekom,SuiteCRM-Core,sv-import-810-reviewed-20260919,$mod_strings['LBL_IMPORT_ERROR'],,project-context,097f5469f3e0ac809029aa2a,reviewed-receipt,https://github.com/yeager/translations/blob/67e6d27877c9cfd6b6dbc74bd852b10bdbe09c3c/SuiteCRM-Core/sv-import-810-reviewed-20260919.json,9ad9f80f27abc071d9102bbd8cefb9bc43256bdad442051d55760286d830c3b0,{}
b6e94c2caa2f9b8889a6f62c,Type,Typ,SuiteCRM-Core,sv-published-20260918,$mod_strings['LBL_ML_TYPE'],,project-context,d2e1fb6faecb7ab367b840cc,reviewed-receipt,https://github.com/yeager/translations/blob/67e6d27877c9cfd6b6dbc74bd852b10bdbe09c3c/SuiteCRM-Core/sv-published-20260918.json,e4f7faaa5625d277e7a537f5b555c2fd753d326636e98deb288463e96d6356f7,{}
b6fdfa809eec8ef5b6752d78,Related Type,Relaterad typ,SuiteCRM-Core,sv-published-20260918,$mod_strings['LBL_RELATED_TYPE'],,project-context,70e9bbcad4cc206cc2cfc6ab,reviewed-receipt,https://github.com/yeager/translations/blob/67e6d27877c9cfd6b6dbc74bd852b10bdbe09c3c/SuiteCRM-Core/sv-published-20260918.json,e4f7faaa5625d277e7a537f5b555c2fd753d326636e98deb288463e96d6356f7,{}
b712c100aee036c65d9874b7,Scheduler,Schemaläggare,SuiteCRM-Core,sv-schedulerjobs-810-published-20260919,$mod_strings['LBL_SCHEDULER_ID'],,project-context,a969f9558ccc26b7eecc1246,reviewed-receipt,https://github.com/yeager/translations/blob/67e6d27877c9cfd6b6dbc74bd852b10bdbe09c3c/SuiteCRM-Core/sv-schedulerjobs-810-published-20260919.json,39ece1dd6abbe7117cd3f0433632a40e1beb4e595e8ab66ce266caf7d0c35321,{}
b754fadb0638701809326ebe,Clear,Rensa,SuiteCRM-Core,sv-published-20260918,$mod_strings['LBL_CLEAR_BUTTON_TITLE'],,project-context,7e1c6c0bab557d365b8ddbb9,reviewed-receipt,https://github.com/yeager/translations/blob/67e6d27877c9cfd6b6dbc74bd852b10bdbe09c3c/SuiteCRM-Core/sv-published-20260918.json,e4f7faaa5625d277e7a537f5b555c2fd753d326636e98deb288463e96d6356f7,{}
b76ada210f72fe845437079c,API Access Tokens,API-åtkomsttoken,SuiteCRM-Core,sv-published-20260918,$mod_strings['LNK_ACCESS_TOKENS'],,project-context,cedfabf96f775de2e4b9f5cc,reviewed-receipt,https://github.com/yeager/translations/blob/67e6d27877c9cfd6b6dbc74bd852b10bdbe09c3c/SuiteCRM-Core/sv-published-20260918.json,e4f7faaa5625d277e7a537f5b555c2fd753d326636e98deb288463e96d6356f7,{}
b845adc09f3e2031f6e04beb,Template,Mall,SuiteCRM-Core,sv-emailmarketing-810-reviewed-20260919,$mod_strings['LBL_TEMPLATE_SELECTED'],,project-context,4657183557b0e24820d8e6d0,reviewed-receipt,https://github.com/yeager/translations/blob/67e6d27877c9cfd6b6dbc74bd852b10bdbe09c3c/SuiteCRM-Core/sv-emailmarketing-810-reviewed-20260919.json,5ec4491f9b64a0da78ac62fa97360cc4e284f94d49fc10bc6c878b997b7ea8af,{}
b8a97d5386a11a3d6d03c423,Assigned to:,Tilldelad till:,SuiteCRM-Core,sv-accounts-a-810-published-20260919,$mod_strings['LBL_ASSIGNED_TO_NAME'],,project-context,3b1157f308de8604e23ec7dd,reviewed-receipt,https://github.com/yeager/translations/blob/67e6d27877c9cfd6b6dbc74bd852b10bdbe09c3c/SuiteCRM-Core/sv-accounts-a-810-published-20260919.json,ea12294a7550adccf7f3bd2ee5ba9c0f994224671cce0ee6ffbeaf4e4d1eedb2,{}
b8d346579fb20c5a775b93c0,Warnings:,Varningar:,SuiteCRM-Core,sv-inbound-email-810-c-published-20260919,$mod_strings['LBL_WARN_IMAP'],,project-context,3ea1eb044ad74f025af9d19c,reviewed-receipt,https://github.com/yeager/translations/blob/67e6d27877c9cfd6b6dbc74bd852b10bdbe09c3c/SuiteCRM-Core/sv-inbound-email-810-c-published-20260919.json,efc326506d8e54d83cdc6cf68ddf8af5b427dbb93c869334100bc3d2383e119a,{}
b8fc98b9cfa90e6d07970351,External OAuth Connections,Externa OAuth-anslutningar,SuiteCRM-Core,sv-inbound-email-810-published-20260919,$mod_strings['LNK_EXTERNAL_OAUTH_CONNECTIONS'],,project-context,8ae030666cc66ecd90b3d3cd,reviewed-receipt,https://github.com/yeager/translations/blob/67e6d27877c9cfd6b6dbc74bd852b10bdbe09c3c/SuiteCRM-Core/sv-inbound-email-810-published-20260919.json,8ff080143649204a50f3a20eee408535d517ed526e8c4bad972910fef8c046e2,{}
b90416915cfb58dca66a878c,Logic Hooks Control,Styrning av logikhakar,SuiteCRM-Core,sv-published-20260918,$mod_strings['LBL_CALENDAR_SYNC_LOGIC_HOOKS_CONTROL'],,project-context,ab9c054789132a67babfd464,reviewed-receipt,https://github.com/yeager/translations/blob/67e6d27877c9cfd6b6dbc74bd852b10bdbe09c3c/SuiteCRM-Core/sv-published-20260918.json,e4f7faaa5625d277e7a537f5b555c2fd753d326636e98deb288463e96d6356f7,{}
b91d0361ca4f7ea3bdc90603,Module Menu Filters,Filter för modulmeny,SuiteCRM-Core,sv-published-20260918,$mod_strings['LBL_USE_GROUP_TABS'],,project-context,93e9f2dbdc01b98b6d37159d,reviewed-receipt,https://github.com/yeager/translations/blob/67e6d27877c9cfd6b6dbc74bd852b10bdbe09c3c/SuiteCRM-Core/sv-published-20260918.json,e4f7faaa5625d277e7a537f5b555c2fd753d326636e98deb288463e96d6356f7,{}
b9211b7f022a058d785b3126,Bugs,Fel,SuiteCRM-Core,sv-accounts-a-810-published-20260919,$mod_strings['LBL_BUGS_SUBPANEL_TITLE'],,project-context,e51d8ecf5b0279459f5381c7,reviewed-receipt,https://github.com/yeager/translations/blob/67e6d27877c9cfd6b6dbc74bd852b10bdbe09c3c/SuiteCRM-Core/sv-accounts-a-810-published-20260919.json,ea12294a7550adccf7f3bd2ee5ba9c0f994224671cce0ee6ffbeaf4e4d1eedb2,{}
b92743481121d6b6b38a1563,Reports to,Rapporterar till,SuiteCRM-Core,sv-published-20260918,$mod_strings['LBL_REPORTS_TO_NAME'],,project-context,390ee86d4717bf25e22f5a20,reviewed-receipt,https://github.com/yeager/translations/blob/67e6d27877c9cfd6b6dbc74bd852b10bdbe09c3c/SuiteCRM-Core/sv-published-20260918.json,e4f7faaa5625d277e7a537f5b555c2fd753d326636e98deb288463e96d6356f7,{}
b92da9cef9a95cba9727a821,Create Lead,Skapa prospekt,SuiteCRM-Core,sv-published-20260918,$mod_strings['LBL_QUICK_LEAD'],,project-context,55d64e853675cc0f8c76e3a4,reviewed-receipt,https://github.com/yeager/translations/blob/67e6d27877c9cfd6b6dbc74bd852b10bdbe09c3c/SuiteCRM-Core/sv-published-20260918.json,e4f7faaa5625d277e7a537f5b555c2fd753d326636e98deb288463e96d6356f7,{}
b9350e454b86ecba6d421fc8,Advanced Options,Avancerade alternativ,SuiteCRM-Core,sv-schedulers-810-published-20260919,$mod_strings['LBL_ADV_OPTIONS'],,project-context,f85dc2153ce336eef5e79458,reviewed-receipt,https://github.com/yeager/translations/blob/67e6d27877c9cfd6b6dbc74bd852b10bdbe09c3c/SuiteCRM-Core/sv-schedulers-810-published-20260919.json,33eb7afe2f29dd74f08bd921b07d01bf183499e1985dd5f49edf5433b2ce22bb,{}
b94549119f28cdfe6eac6405,Service,Tjänst,SuiteCRM-Core,sv-inbound-email-810-c-published-20260919,$mod_strings['LBL_SERVICE'],,project-context,2457ad3f6123e83102c98672,reviewed-receipt,https://github.com/yeager/translations/blob/67e6d27877c9cfd6b6dbc74bd852b10bdbe09c3c/SuiteCRM-Core/sv-inbound-email-810-c-published-20260919.json,efc326506d8e54d83cdc6cf68ddf8af5b427dbb93c869334100bc3d2383e119a,{}
b95a56c8a7689763aa35ed13,Monitored Folder,Övervakad mapp,SuiteCRM-Core,sv-published-20260918,$mod_strings['LBL_MAILBOX'],,project-context,f91a1f88de768da3740b9906,reviewed-receipt,https://github.com/yeager/translations/blob/67e6d27877c9cfd6b6dbc74bd852b10bdbe09c3c/SuiteCRM-Core/sv-published-20260918.json,e4f7faaa5625d277e7a537f5b555c2fd753d326636e98deb288463e96d6356f7,{}
b9a6169b2921f0af267ba87d,Scheduler Times,Schemaläggartider,SuiteCRM-Core,sv-schedulers-810-published-20260919,$mod_strings['LBL_SCHEDULER_TIMES'],,project-context,75fd876d2e89bf6c258b0855,reviewed-receipt,https://github.com/yeager/translations/blob/67e6d27877c9cfd6b6dbc74bd852b10bdbe09c3c/SuiteCRM-Core/sv-schedulers-810-published-20260919.json,33eb7afe2f29dd74f08bd921b07d01bf183499e1985dd5f49edf5433b2ce22bb,{}
b9c07eff1c833b43ac9930ab,Reply-to Address,Svarsadress,SuiteCRM-Core,sv-published-20260918,$mod_strings['LBL_REPLY_TO_ADDRESS'],,project-context,4e416cdacc178151b45554cf,reviewed-receipt,https://github.com/yeager/translations/blob/67e6d27877c9cfd6b6dbc74bd852b10bdbe09c3c/SuiteCRM-Core/sv-published-20260918.json,e4f7faaa5625d277e7a537f5b555c2fd753d326636e98deb288463e96d6356f7,{}
b9dcb919cf82e1e623652b3c,Group,Grupp,SuiteCRM-Core,sv-upgradewizard-810-published-20260919,$mod_strings['LBL_UW_FILE_GROUP'],,project-context,b5d81b8c8ee3ff504441b42b,reviewed-receipt,https://github.com/yeager/translations/blob/67e6d27877c9cfd6b6dbc74bd852b10bdbe09c3c/SuiteCRM-Core/sv-upgradewizard-810-published-20260919.json,4c5e554ea18d559c3ec8998eb3613f5413dea4c4c95bb851b4a0695c85b6ef99,{}
b9fb28fb807e8521e307b929,Mail Account Usage,Användning av e-postkonto,SuiteCRM-Core,sv-inbound-email-810-a-published-20260919,$mod_strings['LBL_LIST_MAILBOX_TYPE'],,project-context,2804e64adf89a8ea381c8441,reviewed-receipt,https://github.com/yeager/translations/blob/67e6d27877c9cfd6b6dbc74bd852b10bdbe09c3c/SuiteCRM-Core/sv-inbound-email-810-a-published-20260919.json,67b8a04fd03d3b56d9f5e2549ac38263fc2b653e270ecd0097cbd7e2a30e424a,{}
b9fd1dc86350b605169e5304,Products and Services Purchased,Köpta produkter och tjänster,SuiteCRM-Core,sv-accounts-final-810-published-20260919,$mod_strings['LBL_PRODUCTS_SERVICES_PURCHASED_SUBPANEL_TITLE'],,project-context,d5ee33c4337b6f7dddedee68,reviewed-receipt,https://github.com/yeager/translations/blob/67e6d27877c9cfd6b6dbc74bd852b10bdbe09c3c/SuiteCRM-Core/sv-accounts-final-810-published-20260919.json,f99b6b196fed5b4409a55d1296241bb29b890401afe16c0f8654ddadb9c6a43b,{}
ba1a41929a8482507c61ce64,Team Name or ID,Teamnamn eller ID,SuiteCRM-Core,sv-import-810-reviewed-20260919,$mod_strings['LBL_IMPORT_FIELDDEF_TEAM_LIST'],,project-context,87a1c2ffdefad7780e153d2c,reviewed-receipt,https://github.com/yeager/translations/blob/67e6d27877c9cfd6b6dbc74bd852b10bdbe09c3c/SuiteCRM-Core/sv-import-810-reviewed-20260919.json,9ad9f80f27abc071d9102bbd8cefb9bc43256bdad442051d55760286d830c3b0,{}
ba982ef9f8709e802d10886e,User Interface,Användargränssnitt,SuiteCRM-Core,sv-configurator-ui-810-published-20260919,$mod_strings['DEFAULT_SYSTEM_SETTINGS'],,project-context,0a1c2e6e7c065497cf603413,reviewed-receipt,https://github.com/yeager/translations/blob/67e6d27877c9cfd6b6dbc74bd852b10bdbe09c3c/SuiteCRM-Core/sv-configurator-ui-810-published-20260919.json,c2c1f7f6e07523183e318bd1273893e066f03c7dc66af3e9f80e12e615c6d038,{}
ba9b0f3077f77f3bde652f57,None,Inga,SuiteCRM-Core,sv-inbound-email-810-published-20260919,$mod_strings['LBL_NONE'],,project-context,bbca9a8e6a788689b1edd2c4,reviewed-receipt,https://github.com/yeager/translations/blob/67e6d27877c9cfd6b6dbc74bd852b10bdbe09c3c/SuiteCRM-Core/sv-inbound-email-810-published-20260919.json,8ff080143649204a50f3a20eee408535d517ed526e8c4bad972910fef8c046e2,{}
baa76aeec4e233c73cfb185c,Yahoo! Mail ID:,Yahoo! Mail-ID:,SuiteCRM-Core,sv-configurator-security-810-published-20260919,$mod_strings['LBL_YAHOOMAIL_SMTPUSER'],,project-context,cd5c5ac6d9294dbd91ceb92f,reviewed-receipt,https://github.com/yeager/translations/blob/67e6d27877c9cfd6b6dbc74bd852b10bdbe09c3c/SuiteCRM-Core/sv-configurator-security-810-published-20260919.json,b9cffb7627e0e033ecf619b158ee05a9837fda3137dd33e9dd9cc36d32c5600c,{}
bab0462c8b993608c7ff28bf,Assigned to,Tilldelad till,SuiteCRM-Core,sv-address-cache-810-20260919,$mod_strings['LBL_ASSIGNED_TO_NAME'],,project-context,c73e7229001381370b43844c,reviewed-receipt,https://github.com/yeager/translations/blob/67e6d27877c9cfd6b6dbc74bd852b10bdbe09c3c/SuiteCRM-Core/sv-address-cache-810-20260919.json,1fd1946e1ba4fb72767e4b4c568ae221f815b022d8feef0b10e93649be89a03b,"{""artifact"":""https://crowdin.com/project/suitecrm-core"",""sha256"":""7e189c52a097adb42015b42d2267d5ebb59d185f2468b8ae6a57639c30c9c37a""}"
bb0be463a0e4204f210690b8,First Name,Förnamn,SuiteCRM-Core,sv-contacts-b-810-published-20260919,$mod_strings['LBL_LIST_FIRST_NAME'],,project-context,5de0089506aaf8ab51675e5d,reviewed-receipt,https://github.com/yeager/translations/blob/67e6d27877c9cfd6b6dbc74bd852b10bdbe09c3c/SuiteCRM-Core/sv-contacts-b-810-published-20260919.json,d90efd721e18c4336904231d21d618d5245ef5fdaa19153e482b76ac0409f394,{}
bb0c0d88d94c2eb42b888298,Home:,Hem:,SuiteCRM-Core,sv-contacts-b-810-published-20260919,$mod_strings['LBL_HOME_PHONE'],,project-context,0e6e078897145c99d0cbe534,reviewed-receipt,https://github.com/yeager/translations/blob/67e6d27877c9cfd6b6dbc74bd852b10bdbe09c3c/SuiteCRM-Core/sv-contacts-b-810-published-20260919.json,d90efd721e18c4336904231d21d618d5245ef5fdaa19153e482b76ac0409f394,{}
bb0ebb5e53a953c7b78f5ea7,No scenarios have been configured,Inga scenarier har konfigurerats,SuiteCRM-Core,sv-configurator-ui-810-published-20260919,$mod_strings['LBL_WIZARD_SCENARIOS_EMPTY_LIST'],,project-context,f0dad27cdc78ea3061a1c90b,reviewed-receipt,https://github.com/yeager/translations/blob/67e6d27877c9cfd6b6dbc74bd852b10bdbe09c3c/SuiteCRM-Core/sv-configurator-ui-810-published-20260919.json,c2c1f7f6e07523183e318bd1273893e066f03c7dc66af3e9f80e12e615c6d038,{}
bb195d2160dcb963d6701dad,Uninstallable,Kan avinstalleras,SuiteCRM-Core,sv-upgradewizard-810-published-20260919,$mod_strings['LBL_ML_UNINSTALLABLE'],,project-context,811608169b07e75a66e77a3a,reviewed-receipt,https://github.com/yeager/translations/blob/67e6d27877c9cfd6b6dbc74bd852b10bdbe09c3c/SuiteCRM-Core/sv-upgradewizard-810-published-20260919.json,4c5e554ea18d559c3ec8998eb3613f5413dea4c4c95bb851b4a0695c85b6ef99,{}
bb280d6d81c048370794a6cf,and,och,SuiteCRM-Core,sv-schedulers-810-published-20260919,$mod_strings['LBL_AND'],,project-context,6a724bed2a442c9f6d3edd9d,reviewed-receipt,https://github.com/yeager/translations/blob/67e6d27877c9cfd6b6dbc74bd852b10bdbe09c3c/SuiteCRM-Core/sv-schedulers-810-published-20260919.json,33eb7afe2f29dd74f08bd921b07d01bf183499e1985dd5f49edf5433b2ce22bb,{}
bb2c9c05dd95023e46411218,Import Emails Automatically,Importera e-postmeddelanden automatiskt,SuiteCRM-Core,sv-inbound-email-810-published-20260919,$mod_strings['LBL_ENABLE_AUTO_IMPORT'],,project-context,f4bb61e2e02d6558ec2ef750,reviewed-receipt,https://github.com/yeager/translations/blob/67e6d27877c9cfd6b6dbc74bd852b10bdbe09c3c/SuiteCRM-Core/sv-inbound-email-810-published-20260919.json,8ff080143649204a50f3a20eee408535d517ed526e8c4bad972910fef8c046e2,{}
bb51230839ad03580aa70f1a,Invalid Port,Ogiltig port,SuiteCRM-Core,sv-inbound-email-810-published-20260919,$mod_strings['ERR_INVALID_PORT'],,project-context,2ecd610a42769ca77520310c,reviewed-receipt,https://github.com/yeager/translations/blob/67e6d27877c9cfd6b6dbc74bd852b10bdbe09c3c/SuiteCRM-Core/sv-inbound-email-810-published-20260919.json,8ff080143649204a50f3a20eee408535d517ed526e8c4bad972910fef8c046e2,{}
bb7a23cb06491c3334e837d6,Immediate Synchronization,Omedelbar synkronisering,SuiteCRM-Core,sv-published-20260918,$mod_strings['LBL_CALENDAR_SYNC_MANUAL_TRIGGER_TITLE'],,project-context,b55afdb357590162462a2e61,reviewed-receipt,https://github.com/yeager/translations/blob/67e6d27877c9cfd6b6dbc74bd852b10bdbe09c3c/SuiteCRM-Core/sv-published-20260918.json,e4f7faaa5625d277e7a537f5b555c2fd753d326636e98deb288463e96d6356f7,{}
bb93882e1acbafa1ece4bb18,Group,Grupp,SuiteCRM-Core,sv-acl-810-published-20260919,$mod_strings['LBL_ACCESS_GROUP'],,project-context,3df5c93bb618420c6f611815,reviewed-receipt,https://github.com/yeager/translations/blob/67e6d27877c9cfd6b6dbc74bd852b10bdbe09c3c/SuiteCRM-Core/sv-acl-810-published-20260919.json,c3d79cc04f48d5a83982b3c13a5bf197dcb035625008d4cec3b1a07c4d7311de,{}
bb955012aa41d22122a12580,State,Region,SuiteCRM-Core,sv-contacts-final-810-published-20260919,$mod_strings['LBL_LIST_STATE'],,project-context,4cc7065f9fe41e9088d4030c,reviewed-receipt,https://github.com/yeager/translations/blob/67e6d27877c9cfd6b6dbc74bd852b10bdbe09c3c/SuiteCRM-Core/sv-contacts-final-810-published-20260919.json,d978283a12dfb9b326a3d05a7e751d434c6e3ced5ebb9cf860d351c2ecd7f04d,{}
bb98bb4ece33e390cfab38f0,Send Campaign Emails,Skicka kampanjmeddelanden,SuiteCRM-Core,sv-emailmarketing-810-reviewed-20260919,$mod_strings['LBL_OOTB_SEND_EMAIL_FROM_QUEUE'],,project-context,4d6f4613fd9836f86c3e8bf4,reviewed-receipt,https://github.com/yeager/translations/blob/67e6d27877c9cfd6b6dbc74bd852b10bdbe09c3c/SuiteCRM-Core/sv-emailmarketing-810-reviewed-20260919.json,5ec4491f9b64a0da78ac62fa97360cc4e284f94d49fc10bc6c878b997b7ea8af,{}
bbb0d4cfb83b4308a467b39a,OVERVIEW,ÖVERSIKT,SuiteCRM-Core,sv-accounts-a-810-published-20260919,$mod_strings['LBL_ACCOUNT_INFORMATION'],,project-context,dda1d9eb1d61a2a142074f1c,reviewed-receipt,https://github.com/yeager/translations/blob/67e6d27877c9cfd6b6dbc74bd852b10bdbe09c3c/SuiteCRM-Core/sv-accounts-a-810-published-20260919.json,ea12294a7550adccf7f3bd2ee5ba9c0f994224671cce0ee6ffbeaf4e4d1eedb2,{}
bc273e3fe41139c72a6d12bb,Owner,Ägare,SuiteCRM-Core,sv-inbound-email-810-published-20260919,$mod_strings['LBL_OWNER_NAME'],,project-context,650d640a02a942abb48ea5f3,reviewed-receipt,https://github.com/yeager/translations/blob/67e6d27877c9cfd6b6dbc74bd852b10bdbe09c3c/SuiteCRM-Core/sv-inbound-email-810-published-20260919.json,8ff080143649204a50f3a20eee408535d517ed526e8c4bad972910fef8c046e2,{}
bc2864f0e75974d7a23879aa,Description:,Beskrivning:,SuiteCRM-Core,sv-published-20260918,$mod_strings['LBL_DESCRIPTION'],,project-context,2b2ae3d85b51b7516c9c58fe,reviewed-receipt,https://github.com/yeager/translations/blob/67e6d27877c9cfd6b6dbc74bd852b10bdbe09c3c/SuiteCRM-Core/sv-published-20260918.json,e4f7faaa5625d277e7a537f5b555c2fd753d326636e98deb288463e96d6356f7,{}
bc2bf572ee6adecc40b81504,Pause Reason,Orsak till paus,SuiteCRM-Core,sv-emailmarketing-security-810-published-20260919,$mod_strings['LBL_PAUSE_REASON'],,project-context,99dab9645c85271989e11681,reviewed-receipt,https://github.com/yeager/translations/blob/67e6d27877c9cfd6b6dbc74bd852b10bdbe09c3c/SuiteCRM-Core/sv-emailmarketing-security-810-published-20260919.json,3204b94182121e6c1d8e5d51e878c17a5e85cc78187db29beb922e12fae48b78,{}
bc34531d90291584c24cadc1,Email Handling Options,Alternativ för e-posthantering,SuiteCRM-Core,sv-inbound-email-810-a-published-20260919,$mod_strings['LBL_EMAIL_OPTIONS'],,project-context,369d903e1179e12a7efe9d05,reviewed-receipt,https://github.com/yeager/translations/blob/67e6d27877c9cfd6b6dbc74bd852b10bdbe09c3c/SuiteCRM-Core/sv-inbound-email-810-a-published-20260919.json,67b8a04fd03d3b56d9f5e2549ac38263fc2b653e270ecd0097cbd7e2a30e424a,{}
bc88e53f5bb15d3071a13c14,Assigned User,Tilldelad användare,SuiteCRM-Core,sv-contacts-a-810-published-20260919,$mod_strings['LBL_ASSIGNED_TO_ID'],,project-context,3de29fd8c233e557b7011dcf,reviewed-receipt,https://github.com/yeager/translations/blob/67e6d27877c9cfd6b6dbc74bd852b10bdbe09c3c/SuiteCRM-Core/sv-contacts-a-810-published-20260919.json,10584b485e200c6f1c96340054304bbf1333d0f5bdb89bae8947c2df5c4c0947,{}
bc8fc452505a5adce3bb3a29,Data Type,Datatyp,SuiteCRM-Core,sv-dynamicfields-810-published-20260919,$mod_strings['LBL_DATA_TYPE'],,project-context,a817804af5dfd5aa305faed1,reviewed-receipt,https://github.com/yeager/translations/blob/67e6d27877c9cfd6b6dbc74bd852b10bdbe09c3c/SuiteCRM-Core/sv-dynamicfields-810-published-20260919.json,d82b264795c3f57e63f446503845cb601f29790142b6abaaf61ca77271bb3c3f,{}
bcabf1e788e86eb7c2858421,Disable Portal User,Inaktivera portalanvändare,SuiteCRM-Core,sv-contacts-final-810-published-20260919,$mod_strings['LBL_DISABLE_PORTAL_USER'],,project-context,c279e587390c0dc40d967031,reviewed-receipt,https://github.com/yeager/translations/blob/67e6d27877c9cfd6b6dbc74bd852b10bdbe09c3c/SuiteCRM-Core/sv-contacts-final-810-published-20260919.json,d978283a12dfb9b326a3d05a7e751d434c6e3ced5ebb9cf860d351c2ecd7f04d,{}
bd72bd5c806c560b6a2247d7,Duplicate Of ,Dubblett av ,SuiteCRM-Core,sv-acl-810-published-20260919,$mod_strings['LBL_DUPLICATE_OF'],,project-context,391ecde99d72407405f119d5,reviewed-receipt,https://github.com/yeager/translations/blob/67e6d27877c9cfd6b6dbc74bd852b10bdbe09c3c/SuiteCRM-Core/sv-acl-810-published-20260919.json,c3d79cc04f48d5a83982b3c13a5bf197dcb035625008d4cec3b1a07c4d7311de,{}
bd83827a1878f5dfcf266cca,Phone Number,Telefonnummer,SuiteCRM-Core,sv-import-810-reviewed-20260919,$mod_strings['LBL_IMPORT_FIELDDEF_PHONE'],,project-context,7c928810d1d40f1bb4f0571c,reviewed-receipt,https://github.com/yeager/translations/blob/67e6d27877c9cfd6b6dbc74bd852b10bdbe09c3c/SuiteCRM-Core/sv-import-810-reviewed-20260919.json,9ad9f80f27abc071d9102bbd8cefb9bc43256bdad442051d55760286d830c3b0,{}
bd855d2b1d3779cbf6943db4,date,datum,SuiteCRM-Core,sv-schedulers-810-b-published-20260919,$mod_strings['LBL_DAY_OF_MONTH'],,project-context,5785d44de3d270709dce98e4,reviewed-receipt,https://github.com/yeager/translations/blob/67e6d27877c9cfd6b6dbc74bd852b10bdbe09c3c/SuiteCRM-Core/sv-schedulers-810-b-published-20260919.json,548c9bc56c99a3a7538a1074815c96920bc4435741e6d93f91e406bcee6a6c47,{}
bd895c7ee5763d746b3ad506,Display Employee Record,Visa anställdpost,SuiteCRM-Core,sv-published-20260918,$mod_strings['LBL_SHOW_ON_EMPLOYEES'],,project-context,61f0632c9aaba568e2cd415c,reviewed-receipt,https://github.com/yeager/translations/blob/67e6d27877c9cfd6b6dbc74bd852b10bdbe09c3c/SuiteCRM-Core/sv-published-20260918.json,e4f7faaa5625d277e7a537f5b555c2fd753d326636e98deb288463e96d6356f7,{}
bdb2d4ff4c4fbdfd5ade5301,Name,Namn,SuiteCRM-Core,sv-inbound-email-810-b-published-20260919,$mod_strings['LBL_NAME'],,project-context,b2aed87b389ef15239b430b3,reviewed-receipt,https://github.com/yeager/translations/blob/67e6d27877c9cfd6b6dbc74bd852b10bdbe09c3c/SuiteCRM-Core/sv-inbound-email-810-b-published-20260919.json,50c081232ca5f44c5a35c5973a58367c6d6b8e57fb93b0bf46982142cf2626a9,{}
bdbfa0c3779477d945dad3ea,Password:,Lösenord:,SuiteCRM-Core,sv-configurator-security-810-published-20260919,$mod_strings['LBL_LDAP_ADMIN_PASSWORD'],,project-context,8a9abc99f08105c0190ec1c9,reviewed-receipt,https://github.com/yeager/translations/blob/67e6d27877c9cfd6b6dbc74bd852b10bdbe09c3c/SuiteCRM-Core/sv-configurator-security-810-published-20260919.json,b9cffb7627e0e033ecf619b158ee05a9837fda3137dd33e9dd9cc36d32c5600c,{}
bdee6943d0d3b51f162795f0,Run Nightly Process Bounced Campaign Emails,Kör nattlig hantering av studsade kampanjmeddelanden,SuiteCRM-Core,sv-emailmarketing-security-810-published-20260919,$mod_strings['LBL_OOTB_BOUNCE'],,project-context,be4521b6c57a8487103af345,reviewed-receipt,https://github.com/yeager/translations/blob/67e6d27877c9cfd6b6dbc74bd852b10bdbe09c3c/SuiteCRM-Core/sv-emailmarketing-security-810-published-20260919.json,3204b94182121e6c1d8e5d51e878c17a5e85cc78187db29beb922e12fae48b78,{}
be5440ea0e40ece0b69023e7,Select,Välj,SuiteCRM-Core,sv-inbound-email-810-b-published-20260919,$mod_strings['LBL_SELECT'],,project-context,8058bbbab63462b38c5b557b,reviewed-receipt,https://github.com/yeager/translations/blob/67e6d27877c9cfd6b6dbc74bd852b10bdbe09c3c/SuiteCRM-Core/sv-inbound-email-810-b-published-20260919.json,50c081232ca5f44c5a35c5973a58367c6d6b8e57fb93b0bf46982142cf2626a9,{}
be7d529a9cd9c6abdfed35de,Cancel,Avbryt,SuiteCRM-Core,sv-import-b-810-published-20260919,$mod_strings['LBL_CANCEL'],,project-context,fa9f7afd14887aa804c3ebed,reviewed-receipt,https://github.com/yeager/translations/blob/67e6d27877c9cfd6b6dbc74bd852b10bdbe09c3c/SuiteCRM-Core/sv-import-b-810-published-20260919.json,5f4039ac59b7e23dcc8052f95f9ba8304e9ceaa834d2b41c8057e1f955008824,{}
be7d7ddffcc5c46e1c2d3e50,Import Again,Importera mera,SuiteCRM-Core,sv-import-810-reviewed-20260919,$mod_strings['LBL_IMPORT_MORE'],,project-context,6f7b01b9b5730bf3d1aca76d,reviewed-receipt,https://github.com/yeager/translations/blob/67e6d27877c9cfd6b6dbc74bd852b10bdbe09c3c/SuiteCRM-Core/sv-import-810-reviewed-20260919.json,9ad9f80f27abc071d9102bbd8cefb9bc43256bdad442051d55760286d830c3b0,{}
be97e6826347b64bbfb371f3,Thumbnail Height,Miniatyrbildshöjd,SuiteCRM-Core,sv-dynamicfields-810-published-20260919,$mod_strings['LBL_THUMBNAIL_HEIGHT'],,project-context,9087c76d0ee42fbc4a805601,reviewed-receipt,https://github.com/yeager/translations/blob/67e6d27877c9cfd6b6dbc74bd852b10bdbe09c3c/SuiteCRM-Core/sv-dynamicfields-810-published-20260919.json,d82b264795c3f57e63f446503845cb601f29790142b6abaaf61ca77271bb3c3f,{}
be9872f84b13828976adebfe,HTML Body,HTML-brödtext,SuiteCRM-Core,sv-published-20260918,$mod_strings['LBL_HTML_BODY'],,project-context,93a860121b5f45a32135c54f,reviewed-receipt,https://github.com/yeager/translations/blob/67e6d27877c9cfd6b6dbc74bd852b10bdbe09c3c/SuiteCRM-Core/sv-published-20260918.json,e4f7faaa5625d277e7a537f5b555c2fd753d326636e98deb288463e96d6356f7,{}
bebd7846016a7d86bab5b468,EMAIL,E-POST,SuiteCRM-Core,sv-published-20260918,$mod_strings['LBL_EMAIL_INFORMATION'],,project-context,3bd21972d9fd020297e29039,reviewed-receipt,https://github.com/yeager/translations/blob/67e6d27877c9cfd6b6dbc74bd852b10bdbe09c3c/SuiteCRM-Core/sv-published-20260918.json,e4f7faaa5625d277e7a537f5b555c2fd753d326636e98deb288463e96d6356f7,{}
beceb5f7dcaba3abf9c8c2c8,Address Type for Cases:,Adresstyp för ärenden:,SuiteCRM-Core,sv-maps-markers-810-20260920,$mod_strings['LBL_CONFIG_ADDRESS_TYPE_FOR_CASES'],,project-context,e8f8da7521e430f437662a43,reviewed-receipt,https://github.com/yeager/translations/blob/67e6d27877c9cfd6b6dbc74bd852b10bdbe09c3c/SuiteCRM-Core/sv-maps-markers-810-20260920.json,4e277667258a5b1b54188926f84d9bad2c08f094847d5ea01a96605739bbda85,"{""artifact"":""https://crowdin.com/project/suitecrm-core"",""sha256"":""9819ed25103566cda933f18a06dacb9249dbab58f80d7e2f72a171aff272ca73""}"
bed3a2701af2f9ff7e7e4926,Create Task,Skapa uppgift,SuiteCRM-Core,sv-published-20260918,$mod_strings['LBL_QUICK_TASK'],,project-context,8e98d8d5fdf793396fe62faa,reviewed-receipt,https://github.com/yeager/translations/blob/67e6d27877c9cfd6b6dbc74bd852b10bdbe09c3c/SuiteCRM-Core/sv-published-20260918.json,e4f7faaa5625d277e7a537f5b555c2fd753d326636e98deb288463e96d6356f7,{}
bef2197e03482e7080281296,Modified By,Ändrad av,SuiteCRM-Core,sv-address-cache-810-20260919,$mod_strings['LBL_MODIFIED'],,project-context,360a949b5f07311683ee0dcb,reviewed-receipt,https://github.com/yeager/translations/blob/67e6d27877c9cfd6b6dbc74bd852b10bdbe09c3c/SuiteCRM-Core/sv-address-cache-810-20260919.json,1fd1946e1ba4fb72767e4b4c568ae221f815b022d8feef0b10e93649be89a03b,"{""artifact"":""https://crowdin.com/project/suitecrm-core"",""sha256"":""5f19cefcf60e1601077eea82c9b6000617366150207c9fa480b5983c900e9a1a""}"
bf101e6c16c88fb3226b08de,Group Folder Id,ID för gruppmapp,SuiteCRM-Core,sv-inbound-email-810-published-20260919,$mod_strings['LBL_GROUPFOLDER_ID'],,project-context,ec2f07a652fc082a6b431dcd,reviewed-receipt,https://github.com/yeager/translations/blob/67e6d27877c9cfd6b6dbc74bd852b10bdbe09c3c/SuiteCRM-Core/sv-inbound-email-810-published-20260919.json,8ff080143649204a50f3a20eee408535d517ed526e8c4bad972910fef8c046e2,{}
bf42fc7008befd29f15f35be,Enable 2FA,Aktivera 2FA,SuiteCRM-Core,sv-published-20260918,$mod_strings['LBL_ENABLE_2FA'],,project-context,aa3ef03e3a9312a17e35b4fa,reviewed-receipt,https://github.com/yeager/translations/blob/67e6d27877c9cfd6b6dbc74bd852b10bdbe09c3c/SuiteCRM-Core/sv-published-20260918.json,e4f7faaa5625d277e7a537f5b555c2fd753d326636e98deb288463e96d6356f7,{}
bf461ee3e32f566d89f1a62b,Un-Publish,Ångra publicering,SuiteCRM-Core,sv-import-810-reviewed-20260919,$mod_strings['LBL_UNPUBLISH'],,project-context,68290ac4b2dc42692a097584,reviewed-receipt,https://github.com/yeager/translations/blob/67e6d27877c9cfd6b6dbc74bd852b10bdbe09c3c/SuiteCRM-Core/sv-import-810-reviewed-20260919.json,9ad9f80f27abc071d9102bbd8cefb9bc43256bdad442051d55760286d830c3b0,{}
bf64fe1113bd83faa3d080f7,Username,Användarnamn,SuiteCRM-Core,sv-published-20260918,$mod_strings['LBL_USER_NAME'],,project-context,0fa3c00918ee407bc9200420,reviewed-receipt,https://github.com/yeager/translations/blob/67e6d27877c9cfd6b6dbc74bd852b10bdbe09c3c/SuiteCRM-Core/sv-published-20260918.json,e4f7faaa5625d277e7a537f5b555c2fd753d326636e98deb288463e96d6356f7,{}
bf9e8cd4dcfebe59889783f1,Reply To Status:,Svarstatus:,SuiteCRM-Core,sv-published-20260918,$mod_strings['LBL_EMAIL_REPLY_TO_STATUS'],,project-context,330374c7bfc74ff8687aee4d,reviewed-receipt,https://github.com/yeager/translations/blob/67e6d27877c9cfd6b6dbc74bd852b10bdbe09c3c/SuiteCRM-Core/sv-published-20260918.json,e4f7faaa5625d277e7a537f5b555c2fd753d326636e98deb288463e96d6356f7,{}
c01ad00f29cbd4b1bf8591d2,Target List Name,Namn på mottagarlista,SuiteCRM-Core,sv-emailmarketing-a-810-published-20260919,$mod_strings['LBL_PROSPECT_LIST_NAME'],,project-context,0e240b9b1ae401a2fa258a21,reviewed-receipt,https://github.com/yeager/translations/blob/67e6d27877c9cfd6b6dbc74bd852b10bdbe09c3c/SuiteCRM-Core/sv-emailmarketing-a-810-published-20260919.json,84957449ddc9118eddc2b572b035053c0b63aa8200c37a30f6619f66e15777e4,{}
c031a13626b8610c9a3bd55b,Lead Source:,Leadkälla:,SuiteCRM-Core,sv-contacts-b-810-published-20260919,$mod_strings['LBL_LEAD_SOURCE'],,project-context,493e308d6d81976ef7981e2d,reviewed-receipt,https://github.com/yeager/translations/blob/67e6d27877c9cfd6b6dbc74bd852b10bdbe09c3c/SuiteCRM-Core/sv-contacts-b-810-published-20260919.json,d90efd721e18c4336904231d21d618d5245ef5fdaa19153e482b76ac0409f394,{}
c032f5bb31e1a2ad67883b2d,Reply,Svara,SuiteCRM-Core,sv-inbound-email-810-c-published-20260919,$mod_strings['LNK_QUICK_REPLY'],,project-context,7bf446471f216e787ee98d16,reviewed-receipt,https://github.com/yeager/translations/blob/67e6d27877c9cfd6b6dbc74bd852b10bdbe09c3c/SuiteCRM-Core/sv-inbound-email-810-c-published-20260919.json,efc326506d8e54d83cdc6cf68ddf8af5b427dbb93c869334100bc3d2383e119a,{}
c0945624b221b5c9f929e760,View Contacts,Visa kontakter,SuiteCRM-Core,sv-contacts-final-810-published-20260919,$mod_strings['LNK_CONTACT_LIST'],,project-context,4230daea1c157e2e64886192,reviewed-receipt,https://github.com/yeager/translations/blob/67e6d27877c9cfd6b6dbc74bd852b10bdbe09c3c/SuiteCRM-Core/sv-contacts-final-810-published-20260919.json,d978283a12dfb9b326a3d05a7e751d434c6e3ced5ebb9cf860d351c2ecd7f04d,{}
c0a84f66d158c5faec973f68,Alternate Address Street 2:,Alternativ adressrad 2:,SuiteCRM-Core,sv-contacts-a-810-published-20260919,$mod_strings['LBL_ALT_ADDRESS_STREET_2'],,project-context,5d81fe0ef780a08abb2457e1,reviewed-receipt,https://github.com/yeager/translations/blob/67e6d27877c9cfd6b6dbc74bd852b10bdbe09c3c/SuiteCRM-Core/sv-contacts-a-810-published-20260919.json,10584b485e200c6f1c96340054304bbf1333d0f5bdb89bae8947c2df5c4c0947,{}
c0a9107467f9b610c3adc97c,Mail Accounts,E-postkonton,SuiteCRM-Core,sv-published-20260918,$mod_strings['LBL_EMAIL_SETTINGS_INBOUND_ACCOUNTS'],,project-context,bb6bb46f5f35dbdc28a3fd81,reviewed-receipt,https://github.com/yeager/translations/blob/67e6d27877c9cfd6b6dbc74bd852b10bdbe09c3c/SuiteCRM-Core/sv-published-20260918.json,e4f7faaa5625d277e7a537f5b555c2fd753d326636e98deb288463e96d6356f7,{}
c0c447edae8a7573c9540791,Alternate Address City:,Alternativ adressort:,SuiteCRM-Core,sv-contacts-a-810-published-20260919,$mod_strings['LBL_ALT_ADDRESS_CITY'],,project-context,493f653ec5aaf2e31e6040a5,reviewed-receipt,https://github.com/yeager/translations/blob/67e6d27877c9cfd6b6dbc74bd852b10bdbe09c3c/SuiteCRM-Core/sv-contacts-a-810-published-20260919.json,10584b485e200c6f1c96340054304bbf1333d0f5bdb89bae8947c2df5c4c0947,{}
c0fbf78f44ac3bcb4f55fc33,In Process,Behandlas,SuiteCRM-Core,sv-published-20260918,$mod_strings['LBL_IN_QUEUE'],,project-context,bbfcf5b7397cb3dd192d50c1,reviewed-receipt,https://github.com/yeager/translations/blob/67e6d27877c9cfd6b6dbc74bd852b10bdbe09c3c/SuiteCRM-Core/sv-published-20260918.json,e4f7faaa5625d277e7a537f5b555c2fd753d326636e98deb288463e96d6356f7,{}
c11d3c0b2f8452044d210e0f,Publish,publicera,SuiteCRM-Core,sv-import-810-reviewed-20260919,$mod_strings['LBL_PUBLISH'],,project-context,771563cd799d3c215b14670e,reviewed-receipt,https://github.com/yeager/translations/blob/67e6d27877c9cfd6b6dbc74bd852b10bdbe09c3c/SuiteCRM-Core/sv-import-810-reviewed-20260919.json,9ad9f80f27abc071d9102bbd8cefb9bc43256bdad442051d55760286d830c3b0,{}
c13bb9a158aa95ffa2ec4514,Style,Stil,SuiteCRM-Core,sv-published-20260918,$mod_strings['LBL_SUBTHEME'],,project-context,05f7778ce144723c881b006c,reviewed-receipt,https://github.com/yeager/translations/blob/67e6d27877c9cfd6b6dbc74bd852b10bdbe09c3c/SuiteCRM-Core/sv-published-20260918.json,e4f7faaa5625d277e7a537f5b555c2fd753d326636e98deb288463e96d6356f7,{}
c160bf48d44a645b8cf64ec6,Created by User,Skapad av användare,SuiteCRM-Core,sv-address-cache-810-20260919,$mod_strings['LBL_CREATED_USER'],,project-context,278fc6a364f2b9ef772f1561,reviewed-receipt,https://github.com/yeager/translations/blob/67e6d27877c9cfd6b6dbc74bd852b10bdbe09c3c/SuiteCRM-Core/sv-address-cache-810-20260919.json,1fd1946e1ba4fb72767e4b4c568ae221f815b022d8feef0b10e93649be89a03b,"{""artifact"":""https://crowdin.com/project/suitecrm-core"",""sha256"":""c9ab7dc4d8e7d4342f46079b12b57bea9158a62562cb84c1c2ffb05e9483d767""}"
c166ac25c9e01cf7bf9f5fdb,Actions:,Åtgärder:,SuiteCRM-Core,sv-published-20260918,$mod_strings['LBL_REMINDERS_ACTIONS'],,project-context,2a53b07ce45b740bfe65fff4,reviewed-receipt,https://github.com/yeager/translations/blob/67e6d27877c9cfd6b6dbc74bd852b10bdbe09c3c/SuiteCRM-Core/sv-published-20260918.json,e4f7faaa5625d277e7a537f5b555c2fd753d326636e98deb288463e96d6356f7,{}
c19ca5799804b4b7d2d002ae,Bugs,Felrapporter,SuiteCRM-Core,suitecrm-bugs-contacts-810-20260920,$mod_strings['LBL_BUGS_SUBPANEL_TITLE'],,project-context,27c216d8f5c3d3918aa756ea,reviewed-receipt,https://github.com/yeager/translations/blob/67e6d27877c9cfd6b6dbc74bd852b10bdbe09c3c/SuiteCRM-Core/suitecrm-bugs-contacts-810-20260920.json,42c05e1367216f8f71e344e69ae1eb0b65b66aa6c2c17cbead68f71a82c1daff,"{""artifact"":""https://crowdin.com/project/suitecrm-core"",""sha256"":""50a98c67161a0464253811b1b49272264015ab28f4c71ba6d7adacc96e659911""}"
c1afeb1843bd02b1612bf28b,Account Disabled,Kontot är inaktiverat,SuiteCRM-Core,sv-contacts-final-810-published-20260919,$mod_strings['LBL_PORTAL_ACCOUNT_DISABLED'],,project-context,3b49a1b5bd3398d453ff9a6c,reviewed-receipt,https://github.com/yeager/translations/blob/67e6d27877c9cfd6b6dbc74bd852b10bdbe09c3c/SuiteCRM-Core/sv-contacts-final-810-published-20260919.json,d978283a12dfb9b326a3d05a7e751d434c6e3ced5ebb9cf860d351c2ecd7f04d,{}
c1b1945b3df21dee26277804,Date Format:,Datumformat:,SuiteCRM-Core,sv-import-810-reviewed-20260919,$mod_strings['LBL_DATE_FORMAT'],,project-context,b5cdc7397b02497a5d3fe1a5,reviewed-receipt,https://github.com/yeager/translations/blob/67e6d27877c9cfd6b6dbc74bd852b10bdbe09c3c/SuiteCRM-Core/sv-import-810-reviewed-20260919.json,9ad9f80f27abc071d9102bbd8cefb9bc43256bdad442051d55760286d830c3b0,{}
c1b5c89014bf3f5d10a5a587,Any Address:,Valfri adress:,SuiteCRM-Core,sv-accounts-a-810-published-20260919,$mod_strings['LBL_ANY_ADDRESS'],,project-context,9735e3a3f49538f243bb312c,reviewed-receipt,https://github.com/yeager/translations/blob/67e6d27877c9cfd6b6dbc74bd852b10bdbe09c3c/SuiteCRM-Core/sv-accounts-a-810-published-20260919.json,ea12294a7550adccf7f3bd2ee5ba9c0f994224671cce0ee6ffbeaf4e4d1eedb2,{}
c1cca22d6118fd5159b7477c,Used an existing opportunity,Använde en befintlig affär,SuiteCRM-Core,sv-contacts-b-810-published-20260919,$mod_strings['LBL_EXISTING_OPPORTUNITY'],,project-context,36259fa6cfd7379917258730,reviewed-receipt,https://github.com/yeager/translations/blob/67e6d27877c9cfd6b6dbc74bd852b10bdbe09c3c/SuiteCRM-Core/sv-contacts-b-810-published-20260919.json,d90efd721e18c4336904231d21d618d5245ef5fdaa19153e482b76ac0409f394,{}
c1f40f080c8982016e331603,New Personal Account,Nytt personligt konto,SuiteCRM-Core,sv-inbound-email-810-published-20260919,$mod_strings['LNK_LIST_CREATE_NEW_PERSONAL'],,project-context,67bcc17b364c40d6d032b74a,reviewed-receipt,https://github.com/yeager/translations/blob/67e6d27877c9cfd6b6dbc74bd852b10bdbe09c3c/SuiteCRM-Core/sv-inbound-email-810-published-20260919.json,8ff080143649204a50f3a20eee408535d517ed526e8c4bad972910fef8c046e2,{}
c20255215a7900c847e17298,Modified By,Ändrad av,SuiteCRM-Core,sv-published-20260918,$mod_strings['LBL_MODIFIED_BY'],,project-context,7193e0680bf59c3c3253e48b,reviewed-receipt,https://github.com/yeager/translations/blob/67e6d27877c9cfd6b6dbc74bd852b10bdbe09c3c/SuiteCRM-Core/sv-published-20260918.json,e4f7faaa5625d277e7a537f5b555c2fd753d326636e98deb288463e96d6356f7,{}
c20d5cdd6c9420c45f290e26,Mail Server Protocol,E-postserverprotokoll,SuiteCRM-Core,sv-inbound-email-810-published-20260919,$mod_strings['LBL_SERVER_TYPE'],,project-context,4aab6cc02b2b0ed1d80b4cfc,reviewed-receipt,https://github.com/yeager/translations/blob/67e6d27877c9cfd6b6dbc74bd852b10bdbe09c3c/SuiteCRM-Core/sv-inbound-email-810-published-20260919.json,8ff080143649204a50f3a20eee408535d517ed526e8c4bad972910fef8c046e2,{}
c244eddd076755b8c357edb5,Enable Drafts Popup,Aktivera popup för utkast,SuiteCRM-Core,sv-published-20260918,$mod_strings['LBL_DRAFTS_POPUP'],,project-context,f1f15d95db00e34d48b1c369,reviewed-receipt,https://github.com/yeager/translations/blob/67e6d27877c9cfd6b6dbc74bd852b10bdbe09c3c/SuiteCRM-Core/sv-published-20260918.json,e4f7faaa5625d277e7a537f5b555c2fd753d326636e98deb288463e96d6356f7,{}
c246ca8773d9363dca010393,an external application or service,ett externt program eller en extern tjänst,SuiteCRM-Core,sv-import-810-reviewed-20260919,$mod_strings['LBL_EXTERNAL_SOURCE'],,project-context,fdc011bbf4e1e8703079e974,reviewed-receipt,https://github.com/yeager/translations/blob/67e6d27877c9cfd6b6dbc74bd852b10bdbe09c3c/SuiteCRM-Core/sv-import-810-reviewed-20260919.json,9ad9f80f27abc071d9102bbd8cefb9bc43256bdad442051d55760286d830c3b0,{}
c25f59e716a25b21889ca922,Thumbnail Config,Konfiguration av miniatyrbild,SuiteCRM-Core,sv-dynamicfields-810-published-20260919,$mod_strings['LBL_THUMBNAIL_CONFIG'],,project-context,2b6aaa5ffef7fc0a28f73f8b,reviewed-receipt,https://github.com/yeager/translations/blob/67e6d27877c9cfd6b6dbc74bd852b10bdbe09c3c/SuiteCRM-Core/sv-dynamicfields-810-published-20260919.json,d82b264795c3f57e63f446503845cb601f29790142b6abaaf61ca77271bb3c3f,{}
c26ee896815d796987f23bae,Decimal Symbol,Decimaltecken,SuiteCRM-Core,sv-published-20260918,$mod_strings['LBL_DECIMAL_SEP'],,project-context,35a314e4e4f4d968f7c6b142,reviewed-receipt,https://github.com/yeager/translations/blob/67e6d27877c9cfd6b6dbc74bd852b10bdbe09c3c/SuiteCRM-Core/sv-published-20260918.json,e4f7faaa5625d277e7a537f5b555c2fd753d326636e98deb288463e96d6356f7,{}
c2977c7d94e00da9920be4d3,Disabled portal user,Portalanvändaren har inaktiverats,SuiteCRM-Core,sv-contacts-final-810-published-20260919,$mod_strings['LBL_DISABLE_PORTAL_USER_SUCCESS'],,project-context,f61528f9b2bd30249fa9aad4,reviewed-receipt,https://github.com/yeager/translations/blob/67e6d27877c9cfd6b6dbc74bd852b10bdbe09c3c/SuiteCRM-Core/sv-contacts-final-810-published-20260919.json,d978283a12dfb9b326a3d05a7e751d434c6e3ced5ebb9cf860d351c2ecd7f04d,{}
c2c0e65cb4f9330652a3d5f3,Edit,Redigera,SuiteCRM-Core,sv-emailmarketing-810-reviewed-20260919,$mod_strings['LBL_EDIT_EMAIL_TEMPLATE'],,project-context,7dd72c8406988640a6460036,reviewed-receipt,https://github.com/yeager/translations/blob/67e6d27877c9cfd6b6dbc74bd852b10bdbe09c3c/SuiteCRM-Core/sv-emailmarketing-810-reviewed-20260919.json,5ec4491f9b64a0da78ac62fa97360cc4e284f94d49fc10bc6c878b997b7ea8af,{}
c2e3f8ee664ef298da335569,No Header Row Found,Ingen rubrikrad hittades,SuiteCRM-Core,sv-import-b-810-published-20260919,$mod_strings['LBL_MISSING_HEADER_ROW'],,project-context,3cd79fcbc8f306da28ce193b,reviewed-receipt,https://github.com/yeager/translations/blob/67e6d27877c9cfd6b6dbc74bd852b10bdbe09c3c/SuiteCRM-Core/sv-import-b-810-published-20260919.json,5f4039ac59b7e23dcc8052f95f9ba8304e9ceaa834d2b41c8057e1f955008824,{}
c2e55d637b0ae4445c1dc67f,Add New Map,Lägg till ny karta,SuiteCRM-Core,sv-maps-final-810-20260919,$mod_strings['LNK_NEW_RECORD'],,project-context,f1456a09cd44f489d09e2794,reviewed-receipt,https://github.com/yeager/translations/blob/67e6d27877c9cfd6b6dbc74bd852b10bdbe09c3c/SuiteCRM-Core/sv-maps-final-810-20260919.json,62b7fa0ef75304342cacadf4560f32b68f3769cdb968877512aed703fd5e0d78,"{""artifact"":""https://crowdin.com/project/suitecrm-core"",""sha256"":""b4f603faf4c2944b8af9dff97959f861899705dc41189342031ad4719f1badcc""}"
c2ee07718c73cb4dc5edadd0,Security Groups,Säkerhetsgrupper,SuiteCRM-Core,suitecrm-security-group-labels-810-20260920,$mod_strings['LBL_SECURITYGROUPS_SUBPANEL_TITLE'],,project-context,025209be3e87cea378dc7cf6,reviewed-receipt,https://github.com/yeager/translations/blob/67e6d27877c9cfd6b6dbc74bd852b10bdbe09c3c/SuiteCRM-Core/suitecrm-security-group-labels-810-20260920.json,1f236841035bcee19d44ee27d73a9e4e2c28972773639d8b192a68f74cc547c2,"{""artifact"":""https://crowdin.com/project/suitecrm-core"",""sha256"":""56cc0bbad61578ef7779bd8d85af06917a567a497a8b845747d39396a089620a""}"
c315713cddeef9184f456e4f,The chosen item is unavailable currently.,Det valda objektet är för närvarande inte tillgängligt.,SuiteCRM-Core,sv-published-20260918,$mod_strings['LBL_LOCK_FAIL_DESC'],,project-context,849bec90196602c64ed24f70,reviewed-receipt,https://github.com/yeager/translations/blob/67e6d27877c9cfd6b6dbc74bd852b10bdbe09c3c/SuiteCRM-Core/sv-published-20260918.json,e4f7faaa5625d277e7a537f5b555c2fd753d326636e98deb288463e96d6356f7,{}
c357b9113c123b45c2d34457,Users,Användare,SuiteCRM-Core,sv-acl-810-published-20260919,$mod_strings['LBL_USERS_SUBPANEL_TITLE'],,project-context,64806a005d75e825d2a0d3f2,reviewed-receipt,https://github.com/yeager/translations/blob/67e6d27877c9cfd6b6dbc74bd852b10bdbe09c3c/SuiteCRM-Core/sv-acl-810-published-20260919.json,c3d79cc04f48d5a83982b3c13a5bf197dcb035625008d4cec3b1a07c4d7311de,{}
c3812cb54706b57b0cb77deb,User Language,Användarspråk,SuiteCRM-Core,sv-published-20260918,$mod_strings['LBL_USER_LANGUAGE'],,project-context,00b88b078c9ac191b8698100,reviewed-receipt,https://github.com/yeager/translations/blob/67e6d27877c9cfd6b6dbc74bd852b10bdbe09c3c/SuiteCRM-Core/sv-published-20260918.json,e4f7faaa5625d277e7a537f5b555c2fd753d326636e98deb288463e96d6356f7,{}
c382d3051cf54e91b63dd7af,Use SMTP Authentication?,Använd SMTP-autentisering?,SuiteCRM-Core,sv-outbound-email-810-published-20260919,$mod_strings['LBL_MAIL_SMTPAUTH_REQ'],,project-context,afcc5dbbf72023d677cef66f,reviewed-receipt,https://github.com/yeager/translations/blob/67e6d27877c9cfd6b6dbc74bd852b10bdbe09c3c/SuiteCRM-Core/sv-outbound-email-810-published-20260919.json,971cdcc19e79f693c13cb15c9aee0f659a84a6c378a69f16b9dae9f6b2d70244,{}
c390488fc935412f39072887,Select Subscribed Folder(s),Välj prenumererade mappar,SuiteCRM-Core,sv-inbound-email-810-published-20260919,$mod_strings['LBL_SELECT_SUBSCRIBED_FOLDERS'],,project-context,9fadaedd94d4aef01839c5d7,reviewed-receipt,https://github.com/yeager/translations/blob/67e6d27877c9cfd6b6dbc74bd852b10bdbe09c3c/SuiteCRM-Core/sv-inbound-email-810-published-20260919.json,8ff080143649204a50f3a20eee408535d517ed526e8c4bad972910fef8c046e2,{}
c394fc336ec47eefb417e7d6,View Email,Visa e-post,SuiteCRM-Core,sv-inbound-email-810-c-published-20260919,$mod_strings['LNK_VIEW_MY_INBOX'],,project-context,e9de0d7ccc8c7623e032a52a,reviewed-receipt,https://github.com/yeager/translations/blob/67e6d27877c9cfd6b6dbc74bd852b10bdbe09c3c/SuiteCRM-Core/sv-inbound-email-810-c-published-20260919.json,efc326506d8e54d83cdc6cf68ddf8af5b427dbb93c869334100bc3d2383e119a,{}
c3ad7c79e976f8066b34eeb4,Schedulers:,Schemaläggare:,SuiteCRM-Core,sv-schedulers-810-published-20260919,$mod_strings['LBL_LIST_LIST_ORDER'],,project-context,0099c40f08200f2efb47376b,reviewed-receipt,https://github.com/yeager/translations/blob/67e6d27877c9cfd6b6dbc74bd852b10bdbe09c3c/SuiteCRM-Core/sv-schedulers-810-published-20260919.json,33eb7afe2f29dd74f08bd921b07d01bf183499e1985dd5f49edf5433b2ce22bb,{}
c3b9549b61a81f6420016fd3,Tasks,Uppgifter,SuiteCRM-Core,sv-published-20260918,$mod_strings['LNK_TASK_LIST'],,project-context,5687d9cba8ee165d8657b3eb,reviewed-receipt,https://github.com/yeager/translations/blob/67e6d27877c9cfd6b6dbc74bd852b10bdbe09c3c/SuiteCRM-Core/sv-published-20260918.json,e4f7faaa5625d277e7a537f5b555c2fd753d326636e98deb288463e96d6356f7,{}
c3c9e35e7427d202c94cf87e,Email invitees,E-postinbjudna,SuiteCRM-Core,suitecrm-leads-calendar-810-20260920,$mod_strings['LBL_REMINDERS_EMAIL'],,project-context,8ff0ffe64adf37b895c34241,reviewed-receipt,https://github.com/yeager/translations/blob/67e6d27877c9cfd6b6dbc74bd852b10bdbe09c3c/SuiteCRM-Core/suitecrm-leads-calendar-810-20260920.json,f09234053654d39f928ce756f89b6a85cab7f923ea276bb4ee04cf838546a4a8,"{""artifact"":""https://crowdin.com/project/suitecrm-core"",""sha256"":""8426a92d4021ad96edf74cd042c595938857f868df2321e74d1a5ee5c308f099""}"
c3e00b234b326083b3873d53,Date & Time Start,Datum och tid för start,SuiteCRM-Core,sv-schedulers-810-b-published-20260919,$mod_strings['LBL_DATE_TIME_START'],,project-context,e016f80759a2026ecf471d10,reviewed-receipt,https://github.com/yeager/translations/blob/67e6d27877c9cfd6b6dbc74bd852b10bdbe09c3c/SuiteCRM-Core/sv-schedulers-810-b-published-20260919.json,548c9bc56c99a3a7538a1074815c96920bc4435741e6d93f91e406bcee6a6c47,{}
c41eeb03f4c11fc9fb76c4cd,Sent Emails,Skickade e-postmeddelanden,SuiteCRM-Core,sv-published-20260918,$mod_strings['LBL_SENT_MODULE_NAME'],,project-context,25451350d0ef52512f734956,reviewed-receipt,https://github.com/yeager/translations/blob/67e6d27877c9cfd6b6dbc74bd852b10bdbe09c3c/SuiteCRM-Core/sv-published-20260918.json,e4f7faaa5625d277e7a537f5b555c2fd753d326636e98deb288463e96d6356f7,{}
c420066254d3143853134574,Check Inbound Mailboxes,Kontrollera inkorgar för inkommande e-post,SuiteCRM-Core,sv-schedulers-810-a-published-20260919,$mod_strings['LBL_OOTB_IE'],,project-context,181f9f8baddb224767033ea6,reviewed-receipt,https://github.com/yeager/translations/blob/67e6d27877c9cfd6b6dbc74bd852b10bdbe09c3c/SuiteCRM-Core/sv-schedulers-810-a-published-20260919.json,3c6c981f88e16e22e571d729a4bb12cc98db47334bbe03c18d6ed0001b81d8a8,{}
c42816496f67fa27fbcbe277,Create,Skapa,SuiteCRM-Core,sv-published-20260918,$mod_strings['LBL_BUTTON_CREATE'],,project-context,43bd51b20001d6fdaad3166e,reviewed-receipt,https://github.com/yeager/translations/blob/67e6d27877c9cfd6b6dbc74bd852b10bdbe09c3c/SuiteCRM-Core/sv-published-20260918.json,e4f7faaa5625d277e7a537f5b555c2fd753d326636e98deb288463e96d6356f7,{}
c429c7f0926ec5b4d6a3b06c,Description,Beskrivning,SuiteCRM-Core,sv-address-cache-followup-810-20260919,$mod_strings['LBL_DESCRIPTION'],,project-context,ade91d25e83cdbe41314aeb3,reviewed-receipt,https://github.com/yeager/translations/blob/67e6d27877c9cfd6b6dbc74bd852b10bdbe09c3c/SuiteCRM-Core/sv-address-cache-followup-810-20260919.json,c7e99432ec0b3f570a7b414e45f71b3660b21aa2c1e499d010ab737c90e56bef,"{""artifact"":""https://crowdin.com/project/suitecrm-core"",""sha256"":""623dbea14ed9797d52852c168386db8dc62986a839235bccaf9c9c8c89f72667""}"
c43ce1e6ad96627e8183e113,Auto Reply Email Template id,ID för e-postmall för autosvar,SuiteCRM-Core,sv-inbound-email-810-published-20260919,$mod_strings['LBL_AUTOREPLY_EMAIL_TEMPLATE_ID'],,project-context,1c6a37b21d1c78fb4abb46bb,reviewed-receipt,https://github.com/yeager/translations/blob/67e6d27877c9cfd6b6dbc74bd852b10bdbe09c3c/SuiteCRM-Core/sv-inbound-email-810-published-20260919.json,8ff080143649204a50f3a20eee408535d517ed526e8c4bad972910fef8c046e2,{}
c46279ac2515f8f0b6c1c163,Raw Email,Rå e-post,SuiteCRM-Core,sv-published-20260918,$mod_strings['LBL_RAW'],,project-context,af978bb018b83ea94032df0e,reviewed-receipt,https://github.com/yeager/translations/blob/67e6d27877c9cfd6b6dbc74bd852b10bdbe09c3c/SuiteCRM-Core/sv-published-20260918.json,e4f7faaa5625d277e7a537f5b555c2fd753d326636e98deb288463e96d6356f7,{}
c474fe9d2741e6e0dfa0c3db,Processing,Bearbetar,SuiteCRM-Core,sv-published-20260918,$mod_strings['LBL_PROCESSING'],,project-context,c593ed6743af390a18f3ec61,reviewed-receipt,https://github.com/yeager/translations/blob/67e6d27877c9cfd6b6dbc74bd852b10bdbe09c3c/SuiteCRM-Core/sv-published-20260918.json,e4f7faaa5625d277e7a537f5b555c2fd753d326636e98deb288463e96d6356f7,{}
c47fa3e7581bf5e83a7110c9,Mail Server Address,E-postserveradress,SuiteCRM-Core,sv-inbound-email-810-published-20260919,$mod_strings['LBL_SERVER_URL'],,project-context,25e3dca9ff78af55ce931dbf,reviewed-receipt,https://github.com/yeager/translations/blob/67e6d27877c9cfd6b6dbc74bd852b10bdbe09c3c/SuiteCRM-Core/sv-inbound-email-810-published-20260919.json,8ff080143649204a50f3a20eee408535d517ed526e8c4bad972910fef8c046e2,{}
c48c1b76b401995fed625961,Any Email:,Valfri e-postadress:,SuiteCRM-Core,suitecrm-bugs-contacts-810-20260920,$mod_strings['LBL_ANY_EMAIL'],,project-context,81ada074aa4c3f65bd42ed7e,reviewed-receipt,https://github.com/yeager/translations/blob/67e6d27877c9cfd6b6dbc74bd852b10bdbe09c3c/SuiteCRM-Core/suitecrm-bugs-contacts-810-20260920.json,42c05e1367216f8f71e344e69ae1eb0b65b66aa6c2c17cbead68f71a82c1daff,"{""artifact"":""https://crowdin.com/project/suitecrm-core"",""sha256"":""7d47b04898cb0dbe111af1abfce4e584aebd0726ef0ead2119759480f1e01eda""}"
c49b4b05b622a28a3a4588f7,Time Zone:,Tidszon:,SuiteCRM-Core,sv-import-a-810-published-20260919,$mod_strings['LBL_TIMEZONE'],,project-context,1631ab29f14f666022682e95,reviewed-receipt,https://github.com/yeager/translations/blob/67e6d27877c9cfd6b6dbc74bd852b10bdbe09c3c/SuiteCRM-Core/sv-import-a-810-published-20260919.json,d30b91d43a7d7312345f4e9c032488a7f4fa9f3ca1774983d75ab8967114711b,{}
c4bf51f386c14fa59fa1b1ef,Default,Standard,SuiteCRM-Core,sv-published-20260918,$mod_strings['LBL_DEFAULT_LOCATION'],,project-context,aa782338cd8384babec1e3e0,reviewed-receipt,https://github.com/yeager/translations/blob/67e6d27877c9cfd6b6dbc74bd852b10bdbe09c3c/SuiteCRM-Core/sv-published-20260918.json,e4f7faaa5625d277e7a537f5b555c2fd753d326636e98deb288463e96d6356f7,{}
c4ccf3997905689b70408894,Calls,Samtal,SuiteCRM-Core,sv-published-20260918,$mod_strings['LNK_CALL_LIST'],,project-context,a7078dff6570b3e61143ba04,reviewed-receipt,https://github.com/yeager/translations/blob/67e6d27877c9cfd6b6dbc74bd852b10bdbe09c3c/SuiteCRM-Core/sv-published-20260918.json,e4f7faaa5625d277e7a537f5b555c2fd753d326636e98deb288463e96d6356f7,{}
c52b29136a72f4e8e436d3bd,Basic Setup,Grundläggande konfiguration,SuiteCRM-Core,sv-schedulers-810-b-published-20260919,$mod_strings['LBL_BASIC_OPTIONS'],,project-context,0c052a551a25f786ff0fc55a,reviewed-receipt,https://github.com/yeager/translations/blob/67e6d27877c9cfd6b6dbc74bd852b10bdbe09c3c/SuiteCRM-Core/sv-schedulers-810-b-published-20260919.json,548c9bc56c99a3a7538a1074815c96920bc4435741e6d93f91e406bcee6a6c47,{}
c54ebf9710e990d7f71b65a2,Schedulers,Schemaläggare,SuiteCRM-Core,sv-schedulers-810-published-20260919,$mod_strings['LNK_LIST_SCHEDULER'],,project-context,2e014cca5fa2ccbaf0085e63,reviewed-receipt,https://github.com/yeager/translations/blob/67e6d27877c9cfd6b6dbc74bd852b10bdbe09c3c/SuiteCRM-Core/sv-schedulers-810-published-20260919.json,33eb7afe2f29dd74f08bd921b07d01bf183499e1985dd5f49edf5433b2ce22bb,{}
c5b3ba45e71c8a20ef1ed1d9,Assignment,Tilldelning,SuiteCRM-Core,sv-published-20260918,$mod_strings['LBL_DIST_TITLE'],,project-context,34190c11b1d36ba488ffe2a7,reviewed-receipt,https://github.com/yeager/translations/blob/67e6d27877c9cfd6b6dbc74bd852b10bdbe09c3c/SuiteCRM-Core/sv-published-20260918.json,e4f7faaa5625d277e7a537f5b555c2fd753d326636e98deb288463e96d6356f7,{}
c5cc6f1763ccf276ec4bb914,Website:,Webbplats:,SuiteCRM-Core,sv-accounts-final-810-published-20260919,$mod_strings['LBL_WEBSITE'],,project-context,103b4454e7bd24cabe41d6ae,reviewed-receipt,https://github.com/yeager/translations/blob/67e6d27877c9cfd6b6dbc74bd852b10bdbe09c3c/SuiteCRM-Core/sv-accounts-final-810-published-20260919.json,f99b6b196fed5b4409a55d1296241bb29b890401afe16c0f8654ddadb9c6a43b,{}
c5e0cb2ff4b8685c3c842b9c,Send Campaign Emails,Skicka kampanjmeddelanden,SuiteCRM-Core,sv-schedulers-810-a-published-20260919,$mod_strings['LBL_OOTB_SEND_EMAIL_FROM_QUEUE'],,project-context,c7b9993e83853042d5945229,reviewed-receipt,https://github.com/yeager/translations/blob/67e6d27877c9cfd6b6dbc74bd852b10bdbe09c3c/SuiteCRM-Core/sv-schedulers-810-a-published-20260919.json,3c6c981f88e16e22e571d729a4bb12cc98db47334bbe03c18d6ed0001b81d8a8,{}
c67396d1429c2f444acae6fd,minutes,minuter,SuiteCRM-Core,sv-schedulers-810-published-20260919,$mod_strings['LBL_MINUTES'],,project-context,d9935e4ff287259c37ee1c7e,reviewed-receipt,https://github.com/yeager/translations/blob/67e6d27877c9cfd6b6dbc74bd852b10bdbe09c3c/SuiteCRM-Core/sv-schedulers-810-published-20260919.json,33eb7afe2f29dd74f08bd921b07d01bf183499e1985dd5f49edf5433b2ce22bb,{}
c683f17ec745cd84220b57f7,Delete Read Emails After Import,Ta bort lästa e-postmeddelanden efter import,SuiteCRM-Core,sv-inbound-email-810-a-published-20260919,$mod_strings['LBL_DELETE_SEEN'],,project-context,f754a0234ef9d16f9066b279,reviewed-receipt,https://github.com/yeager/translations/blob/67e6d27877c9cfd6b6dbc74bd852b10bdbe09c3c/SuiteCRM-Core/sv-inbound-email-810-a-published-20260919.json,67b8a04fd03d3b56d9f5e2549ac38263fc2b653e270ecd0097cbd7e2a30e424a,{}
c6e07b24fb93c96dfba65f0e,Invalid Cron syntax,Ogiltig Cron-syntax,SuiteCRM-Core,sv-schedulers-810-b-published-20260919,$mod_strings['ERR_CRON_SYNTAX'],,project-context,cf6905bcea4ee0b6e8fdac3a,reviewed-receipt,https://github.com/yeager/translations/blob/67e6d27877c9cfd6b6dbc74bd852b10bdbe09c3c/SuiteCRM-Core/sv-schedulers-810-b-published-20260919.json,548c9bc56c99a3a7538a1074815c96920bc4435741e6d93f91e406bcee6a6c47,{}
c70d1e22114925f8aad7b149,Perform Elasticsearch Index,Kör Elasticsearch-indexering,SuiteCRM-Core,sv-schedulers-810-published-20260919,$mod_strings['LBL_OOTB_ELASTIC_INDEX'],,project-context,cf92009f071a4b52bf919ee1,reviewed-receipt,https://github.com/yeager/translations/blob/67e6d27877c9cfd6b6dbc74bd852b10bdbe09c3c/SuiteCRM-Core/sv-schedulers-810-published-20260919.json,33eb7afe2f29dd74f08bd921b07d01bf183499e1985dd5f49edf5433b2ce22bb,{}
c711a32f7c5687dcea668c6e,Sent Folder,Skickat-mapp,SuiteCRM-Core,sv-inbound-email-810-b-published-20260919,$mod_strings['LBL_SENT_FOLDER'],,project-context,e544f2df15f90ab152fd64cc,reviewed-receipt,https://github.com/yeager/translations/blob/67e6d27877c9cfd6b6dbc74bd852b10bdbe09c3c/SuiteCRM-Core/sv-inbound-email-810-b-published-20260919.json,50c081232ca5f44c5a35c5973a58367c6d6b8e57fb93b0bf46982142cf2626a9,{}
c75462d30fa14fd07d44370f,Email Settings,E-postinställningar,SuiteCRM-Core,sv-published-20260918,$mod_strings['LBL_MODULE_NAME'],,project-context,1fb49d553d2ae4535a13e836,reviewed-receipt,https://github.com/yeager/translations/blob/67e6d27877c9cfd6b6dbc74bd852b10bdbe09c3c/SuiteCRM-Core/sv-published-20260918.json,e4f7faaa5625d277e7a537f5b555c2fd753d326636e98deb288463e96d6356f7,{}
c78deaf1066d1e668079f172,Create Scheduler,Skapa schemaläggare,SuiteCRM-Core,sv-schedulers-810-b-published-20260919,$mod_strings['LNK_NEW_SCHEDULER'],,project-context,7fd03eec00679fe45360c871,reviewed-receipt,https://github.com/yeager/translations/blob/67e6d27877c9cfd6b6dbc74bd852b10bdbe09c3c/SuiteCRM-Core/sv-schedulers-810-b-published-20260919.json,548c9bc56c99a3a7538a1074815c96920bc4435741e6d93f91e406bcee6a6c47,{}
c799e61c97a40571a216e13c,Required value missing,Nödvändigt värde saknas,SuiteCRM-Core,sv-import-810-reviewed-20260919,$mod_strings['LBL_REQUIRED_VALUE'],,project-context,a2620fd427d3bf37a56d7c1a,reviewed-receipt,https://github.com/yeager/translations/blob/67e6d27877c9cfd6b6dbc74bd852b10bdbe09c3c/SuiteCRM-Core/sv-import-810-reviewed-20260919.json,9ad9f80f27abc071d9102bbd8cefb9bc43256bdad442051d55760286d830c3b0,{}
c7cd92341e0382cb601fc69b,Other Address:,Annan adress:,SuiteCRM-Core,sv-contacts-a-810-published-20260919,$mod_strings['LBL_ALT_ADDRESS'],,project-context,43c7783d577fa62b3b48cd87,reviewed-receipt,https://github.com/yeager/translations/blob/67e6d27877c9cfd6b6dbc74bd852b10bdbe09c3c/SuiteCRM-Core/sv-contacts-a-810-published-20260919.json,10584b485e200c6f1c96340054304bbf1333d0f5bdb89bae8947c2df5c4c0947,{}
c7d24021d1673667d8549767,Campaign ID,Kampanj-ID,SuiteCRM-Core,sv-emailmarketing-security-810-published-20260919,$mod_strings['LBL_CAMPAIGN_ID'],,project-context,af6047e1c82027574944c3b9,reviewed-receipt,https://github.com/yeager/translations/blob/67e6d27877c9cfd6b6dbc74bd852b10bdbe09c3c/SuiteCRM-Core/sv-emailmarketing-security-810-published-20260919.json,3204b94182121e6c1d8e5d51e878c17a5e85cc78187db29beb922e12fae48b78,{}
c7dade85f24f910d4a235c0d,Group Field for ,Gruppfält för ,SuiteCRM-Core,sv-maps-markers-810-20260920,$mod_strings['LBL_CONFIG_GROUP_FIELD_FOR'],,project-context,e026b551baeab506344411a7,reviewed-receipt,https://github.com/yeager/translations/blob/67e6d27877c9cfd6b6dbc74bd852b10bdbe09c3c/SuiteCRM-Core/sv-maps-markers-810-20260920.json,4e277667258a5b1b54188926f84d9bad2c08f094847d5ea01a96605739bbda85,"{""artifact"":""https://crowdin.com/project/suitecrm-core"",""sha256"":""9afa6273bcab04cf41efea1b63a13c7135e2267e26f764e0fe367702921bdc86""}"
c7df76cc99c9fd05c105fcf4,Schedulers have never been run.,Schemaläggare har aldrig körts.,SuiteCRM-Core,sv-schedulers-810-published-20260919,$mod_strings['LBL_SCHEDULERS_NEVER_RUN'],,project-context,d14dff69f143dba7fc8068ea,reviewed-receipt,https://github.com/yeager/translations/blob/67e6d27877c9cfd6b6dbc74bd852b10bdbe09c3c/SuiteCRM-Core/sv-schedulers-810-published-20260919.json,33eb7afe2f29dd74f08bd921b07d01bf183499e1985dd5f49edf5433b2ce22bb,{}
c7ea7d63d6c9e9f654e8a840,There was no import to undo.,Det fanns ingen import att göra ogjord,SuiteCRM-Core,sv-import-810-reviewed-20260919,$mod_strings['LBL_NO_IMPORT_TO_UNDO'],,project-context,0cd22c1e717660fef8db37ce,reviewed-receipt,https://github.com/yeager/translations/blob/67e6d27877c9cfd6b6dbc74bd852b10bdbe09c3c/SuiteCRM-Core/sv-import-810-reviewed-20260919.json,9ad9f80f27abc071d9102bbd8cefb9bc43256bdad442051d55760286d830c3b0,{}
c81733680f5c1aac20a69b49,Show Options,Visa alternativ,SuiteCRM-Core,sv-published-20260918,$mod_strings['LBL_SHOWOPTIONS'],,project-context,7c0f9bedf57ea862f26dbded,reviewed-receipt,https://github.com/yeager/translations/blob/67e6d27877c9cfd6b6dbc74bd852b10bdbe09c3c/SuiteCRM-Core/sv-published-20260918.json,e4f7faaa5625d277e7a537f5b555c2fd753d326636e98deb288463e96d6356f7,{}
c86c43b82be5d7a5c56f0a0b,User Attribute:,Användarattribut:,SuiteCRM-Core,sv-configurator-security-810-published-20260919,$mod_strings['LBL_LDAP_GROUP_USER_ATTR'],,project-context,f286e7cf3d8455fda07be9fe,reviewed-receipt,https://github.com/yeager/translations/blob/67e6d27877c9cfd6b6dbc74bd852b10bdbe09c3c/SuiteCRM-Core/sv-configurator-security-810-published-20260919.json,b9cffb7627e0e033ecf619b158ee05a9837fda3137dd33e9dd9cc36d32c5600c,{}
c8d9991910ab11cf00c66210,Server Address,Serveradress,SuiteCRM-Core,sv-inbound-email-810-published-20260919,$mod_strings['LBL_SERVER_ADDRESS'],,project-context,29bf63cc9844c565d5f8ca9d,reviewed-receipt,https://github.com/yeager/translations/blob/67e6d27877c9cfd6b6dbc74bd852b10bdbe09c3c/SuiteCRM-Core/sv-inbound-email-810-published-20260919.json,8ff080143649204a50f3a20eee408535d517ed526e8c4bad972910fef8c046e2,{}
c8edafafeed6d91e2c69e85f,Show Basic Options,Visa grundläggande alternativ,SuiteCRM-Core,sv-schedulers-810-b-published-20260919,$mod_strings['LBL_TOGGLE_BASIC'],,project-context,ff8846feb0aed914c7f4d3f5,reviewed-receipt,https://github.com/yeager/translations/blob/67e6d27877c9cfd6b6dbc74bd852b10bdbe09c3c/SuiteCRM-Core/sv-schedulers-810-b-published-20260919.json,548c9bc56c99a3a7538a1074815c96920bc4435741e6d93f91e406bcee6a6c47,{}
c93533cb3848c3984d68d392,One moment please...,Ett ögonblick …,SuiteCRM-Core,sv-inbound-email-810-c-published-20260919,$mod_strings['LBL_TEST_WAIT_MESSAGE'],,project-context,41c1b5ceec828f4729e9343e,reviewed-receipt,https://github.com/yeager/translations/blob/67e6d27877c9cfd6b6dbc74bd852b10bdbe09c3c/SuiteCRM-Core/sv-inbound-email-810-c-published-20260919.json,efc326506d8e54d83cdc6cf68ddf8af5b427dbb93c869334100bc3d2383e119a,{}
c98398e37f6ecc6922408017,Name:,Namn:,SuiteCRM-Core,sv-accounts-final-810-published-20260919,$mod_strings['LBL_NAME'],,project-context,c12b05e220713e7b4c31513a,reviewed-receipt,https://github.com/yeager/translations/blob/67e6d27877c9cfd6b6dbc74bd852b10bdbe09c3c/SuiteCRM-Core/sv-accounts-final-810-published-20260919.json,f99b6b196fed5b4409a55d1296241bb29b890401afe16c0f8654ddadb9c6a43b,{}
c9907a20c048664f47ab400f,Invalid user name or ID,Ogiltigt användarnamn eller ID,SuiteCRM-Core,sv-import-810-reviewed-20260919,$mod_strings['LBL_ERROR_INVALID_USER'],,project-context,068f99ffeae260c5faf50caa,reviewed-receipt,https://github.com/yeager/translations/blob/67e6d27877c9cfd6b6dbc74bd852b10bdbe09c3c/SuiteCRM-Core/sv-import-810-reviewed-20260919.json,9ad9f80f27abc071d9102bbd8cefb9bc43256bdad442051d55760286d830c3b0,{}
c9a765bbff7cf4e3b3036a16,Type,Typ,SuiteCRM-Core,sv-inbound-email-810-a-published-20260919,$mod_strings['LBL_LIST_GLOBAL_PERSONAL'],,project-context,582c5d7327d428edd595f4f8,reviewed-receipt,https://github.com/yeager/translations/blob/67e6d27877c9cfd6b6dbc74bd852b10bdbe09c3c/SuiteCRM-Core/sv-inbound-email-810-a-published-20260919.json,67b8a04fd03d3b56d9f5e2549ac38263fc2b653e270ecd0097cbd7e2a30e424a,{}
c9e55d9d5d0b04fe677c160b,Date,Datum,SuiteCRM-Core,sv-import-810-reviewed-20260919,$mod_strings['LBL_IMPORT_FIELDDEF_DATE'],,project-context,badae027212294984e92d96a,reviewed-receipt,https://github.com/yeager/translations/blob/67e6d27877c9cfd6b6dbc74bd852b10bdbe09c3c/SuiteCRM-Core/sv-import-810-reviewed-20260919.json,9ad9f80f27abc071d9102bbd8cefb9bc43256bdad442051d55760286d830c3b0,{}
ca0fa09b1c45640a63a29ac3,Group Field for Cases:,Gruppfält för ärenden:,SuiteCRM-Core,suitecrm-geocode-groups-810-20260920,$mod_strings['LBL_CONFIG_GROUP_FIELD_FOR_CASES'],,project-context,e4944897e73acbe8b2b94675,reviewed-receipt,https://github.com/yeager/translations/blob/67e6d27877c9cfd6b6dbc74bd852b10bdbe09c3c/SuiteCRM-Core/suitecrm-geocode-groups-810-20260920.json,ad654ac15e6a6e162ab89a8427d96f4c1df338dd8c27abb43552493328c05b1a,"{""artifact"":""https://crowdin.com/project/suitecrm-core"",""sha256"":""b36d5d0fe0699a5a19db1e7949de491a6ac2e8746e1428a7c25d2e40c2f5fcba""}"
ca313123067952ee077f77d4,Start Time,Starttid,SuiteCRM-Core,sv-emailmarketing-810-reviewed-20260919,$mod_strings['LBL_TIME_START'],,project-context,741ef0cf432b34c52e3fcf1b,reviewed-receipt,https://github.com/yeager/translations/blob/67e6d27877c9cfd6b6dbc74bd852b10bdbe09c3c/SuiteCRM-Core/sv-emailmarketing-810-reviewed-20260919.json,5ec4491f9b64a0da78ac62fa97360cc4e284f94d49fc10bc6c878b997b7ea8af,{}
ca3e8077f492c1b98f8de004,Warnings:,Varningar:,SuiteCRM-Core,sv-inbound-email-810-published-20260919,$mod_strings['LBL_WARN_IMAP'],,project-context,715c22a67dd42e5fda3f1a38,reviewed-receipt,https://github.com/yeager/translations/blob/67e6d27877c9cfd6b6dbc74bd852b10bdbe09c3c/SuiteCRM-Core/sv-inbound-email-810-published-20260919.json,8ff080143649204a50f3a20eee408535d517ed526e8c4bad972910fef8c046e2,{}
ca72ad09a7ce5dec04bfdbef,Hide Notes,Dölj anteckningar,SuiteCRM-Core,sv-import-810-reviewed-20260919,$mod_strings['LBL_HIDE_NOTES'],,project-context,8ede1fcabc12d6a126655899,reviewed-receipt,https://github.com/yeager/translations/blob/67e6d27877c9cfd6b6dbc74bd852b10bdbe09c3c/SuiteCRM-Core/sv-import-810-reviewed-20260919.json,9ad9f80f27abc071d9102bbd8cefb9bc43256bdad442051d55760286d830c3b0,{}
ca8327de48b847692fe97ece,Label,Etikett,SuiteCRM-Core,sv-dynamicfields-810-published-20260919,$mod_strings['LBL_LABEL'],,project-context,9042f07125a6a719b46dc95a,reviewed-receipt,https://github.com/yeager/translations/blob/67e6d27877c9cfd6b6dbc74bd852b10bdbe09c3c/SuiteCRM-Core/sv-dynamicfields-810-published-20260919.json,d82b264795c3f57e63f446503845cb601f29790142b6abaaf61ca77271bb3c3f,{}
ca9cd8ae1c9c3bba4002a8e1,Create,Skapa,SuiteCRM-Core,sv-inbound-email-810-a-published-20260919,$mod_strings['LBL_CREATE_TEMPLATE'],,project-context,a9726e68261ebbf5daf58970,reviewed-receipt,https://github.com/yeager/translations/blob/67e6d27877c9cfd6b6dbc74bd852b10bdbe09c3c/SuiteCRM-Core/sv-inbound-email-810-a-published-20260919.json,67b8a04fd03d3b56d9f5e2549ac38263fc2b653e270ecd0097cbd7e2a30e424a,{}
cacb305dc668425cac1e6acf,Execute If Missed,Kör om den missades,SuiteCRM-Core,sv-schedulers-810-b-published-20260919,$mod_strings['LBL_CATCH_UP'],,project-context,0498e266f7f49479b148d0a9,reviewed-receipt,https://github.com/yeager/translations/blob/67e6d27877c9cfd6b6dbc74bd852b10bdbe09c3c/SuiteCRM-Core/sv-schedulers-810-b-published-20260919.json,548c9bc56c99a3a7538a1074815c96920bc4435741e6d93f91e406bcee6a6c47,{}
cae55cc21c93acefc993a446,Job Data,Jobbdata,SuiteCRM-Core,sv-schedulerjobs-810-published-20260919,$mod_strings['LBL_DATA'],,project-context,19463d98b0d7dec357f176ad,reviewed-receipt,https://github.com/yeager/translations/blob/67e6d27877c9cfd6b6dbc74bd852b10bdbe09c3c/SuiteCRM-Core/sv-schedulerjobs-810-published-20260919.json,39ece1dd6abbe7117cd3f0433632a40e1beb4e595e8ab66ce266caf7d0c35321,{}
cb2ca83b72c5a78b6ccded6d,Scheduler:,Schemaläggare:,SuiteCRM-Core,sv-schedulers-810-published-20260919,$mod_strings['LBL_LIST_NAME'],,project-context,b95806ff5ffb49291a00f52f,reviewed-receipt,https://github.com/yeager/translations/blob/67e6d27877c9cfd6b6dbc74bd852b10bdbe09c3c/SuiteCRM-Core/sv-schedulers-810-published-20260919.json,33eb7afe2f29dd74f08bd921b07d01bf183499e1985dd5f49edf5433b2ce22bb,{}
cb68d785781dbec81b225eb3,Active,Aktiv,SuiteCRM-Core,sv-inbound-email-810-published-20260919,$mod_strings['LBL_STATUS_ACTIVE'],,project-context,5b71d1df1dabb91ab4f2a4d4,reviewed-receipt,https://github.com/yeager/translations/blob/67e6d27877c9cfd6b6dbc74bd852b10bdbe09c3c/SuiteCRM-Core/sv-inbound-email-810-published-20260919.json,8ff080143649204a50f3a20eee408535d517ed526e8c4bad972910fef8c046e2,{}
cb6c5778e546d53449b1bb0b,Campaign: Send Test,Kampanj: Skicka test,SuiteCRM-Core,sv-emailmarketing-810-reviewed-20260919,$mod_strings['LBL_MODULE_SEND_TEST'],,project-context,3ebfbb1debd8ab26c4b02e41,reviewed-receipt,https://github.com/yeager/translations/blob/67e6d27877c9cfd6b6dbc74bd852b10bdbe09c3c/SuiteCRM-Core/sv-emailmarketing-810-reviewed-20260919.json,5ec4491f9b64a0da78ac62fa97360cc4e284f94d49fc10bc6c878b997b7ea8af,{}
cb70f2102f1295fa14d4de44,Modified By,Ändrad av,SuiteCRM-Core,sv-inbound-email-810-published-20260919,$mod_strings['LBL_MODIFIED_BY'],,project-context,17d2b355aa53e8abcf8a4621,reviewed-receipt,https://github.com/yeager/translations/blob/67e6d27877c9cfd6b6dbc74bd852b10bdbe09c3c/SuiteCRM-Core/sv-inbound-email-810-published-20260919.json,8ff080143649204a50f3a20eee408535d517ed526e8c4bad972910fef8c046e2,{}
cba0c4eddbbbec1216c4c7c7,FW:,SV:,SuiteCRM-Core,sv-published-20260918,$mod_strings['LBL_FW'],,project-context,b0277fc2be6ffafd2020f614,reviewed-receipt,https://github.com/yeager/translations/blob/67e6d27877c9cfd6b6dbc74bd852b10bdbe09c3c/SuiteCRM-Core/sv-published-20260918.json,e4f7faaa5625d277e7a537f5b555c2fd753d326636e98deb288463e96d6356f7,{}
cbe0e5e087af749c7f4f43be,Thursday,Torsdag,SuiteCRM-Core,sv-schedulers-810-published-20260919,$mod_strings['LBL_THU'],,project-context,8484fa53086c9df1b3404e9c,reviewed-receipt,https://github.com/yeager/translations/blob/67e6d27877c9cfd6b6dbc74bd852b10bdbe09c3c/SuiteCRM-Core/sv-schedulers-810-published-20260919.json,33eb7afe2f29dd74f08bd921b07d01bf183499e1985dd5f49edf5433b2ce22bb,{}
cbf78a9ce837c1f19964a2b7,Email Marketing,E-postmarknadsföring,SuiteCRM-Core,sv-emailmarketing-a-810-published-20260919,$mod_strings['LBL_MODULE_NAME'],,project-context,7b80800b1984bf738580fceb,reviewed-receipt,https://github.com/yeager/translations/blob/67e6d27877c9cfd6b6dbc74bd852b10bdbe09c3c/SuiteCRM-Core/sv-emailmarketing-a-810-published-20260919.json,84957449ddc9118eddc2b572b035053c0b63aa8200c37a30f6619f66e15777e4,{}
cc12fed2558a8a68fd3d3451,List,Lista,SuiteCRM-Core,sv-acl-810-published-20260919,$mod_strings['LBL_ACTION_LIST'],,project-context,d945afe4189d0559c3133045,reviewed-receipt,https://github.com/yeager/translations/blob/67e6d27877c9cfd6b6dbc74bd852b10bdbe09c3c/SuiteCRM-Core/sv-acl-810-published-20260919.json,c3d79cc04f48d5a83982b3c13a5bf197dcb035625008d4cec3b1a07c4d7311de,{}
cc1bded3ce857184acb0e292,Created By,Skapad av,SuiteCRM-Core,sv-published-20260918,$mod_strings['LBL_CREATED_BY_NAME'],,project-context,c21ec8a9361bfea0f161cadd,reviewed-receipt,https://github.com/yeager/translations/blob/67e6d27877c9cfd6b6dbc74bd852b10bdbe09c3c/SuiteCRM-Core/sv-published-20260918.json,e4f7faaa5625d277e7a537f5b555c2fd753d326636e98deb288463e96d6356f7,{}
cc81a8ea96502e31e8381798,Exchange Server Port:,Exchange-serverport:,SuiteCRM-Core,sv-configurator-security-810-published-20260919,$mod_strings['LBL_EXCHANGE_SMTPPORT'],,project-context,f61c09fda2d8fd3791f442c0,reviewed-receipt,https://github.com/yeager/translations/blob/67e6d27877c9cfd6b6dbc74bd852b10bdbe09c3c/SuiteCRM-Core/sv-configurator-security-810-published-20260919.json,b9cffb7627e0e033ecf619b158ee05a9837fda3137dd33e9dd9cc36d32c5600c,{}
ccc528e4f17b1d2e985693b7,Send Campaign Emails,Skicka kampanjmeddelanden,SuiteCRM-Core,sv-emailmarketing-security-810-published-20260919,$mod_strings['LBL_OOTB_SEND_EMAIL_FROM_QUEUE'],,project-context,4ebf0bc458f3f9b92ba9ace4,reviewed-receipt,https://github.com/yeager/translations/blob/67e6d27877c9cfd6b6dbc74bd852b10bdbe09c3c/SuiteCRM-Core/sv-emailmarketing-security-810-published-20260919.json,3204b94182121e6c1d8e5d51e878c17a5e85cc78187db29beb922e12fae48b78,{}
ccf6b422cbdcf04109d1517f,Monday,Måndag,SuiteCRM-Core,sv-schedulers-810-published-20260919,$mod_strings['LBL_MON'],,project-context,29b872c18527951c97bc1617,reviewed-receipt,https://github.com/yeager/translations/blob/67e6d27877c9cfd6b6dbc74bd852b10bdbe09c3c/SuiteCRM-Core/sv-schedulers-810-published-20260919.json,33eb7afe2f29dd74f08bd921b07d01bf183499e1985dd5f49edf5433b2ce22bb,{}
cd45c538d292f163d75ebedb,Send Email,Skicka e-post,SuiteCRM-Core,sv-published-20260918,$mod_strings['LNK_NEW_EMAIL'],,project-context,70884e3f7a5579071d9aa26b,reviewed-receipt,https://github.com/yeager/translations/blob/67e6d27877c9cfd6b6dbc74bd852b10bdbe09c3c/SuiteCRM-Core/sv-published-20260918.json,e4f7faaa5625d277e7a537f5b555c2fd753d326636e98deb288463e96d6356f7,{}
cd6f8e096248f5dcfad4c597,"Address (Simple, Users)","Adress (enkel, användare)",SuiteCRM-Core,sv-maps-addresses-810-20260919,$mod_strings['LBL_ADDRESS_ADDRESS'],,project-context,941549d915f3356b1f46bf35,reviewed-receipt,https://github.com/yeager/translations/blob/67e6d27877c9cfd6b6dbc74bd852b10bdbe09c3c/SuiteCRM-Core/sv-maps-addresses-810-20260919.json,44576ef9f8dc305321c28b8abe1953a600343546e72a71706a55a867fcfcb0f0,"{""artifact"":""https://crowdin.com/project/suitecrm-core"",""sha256"":""344603f13a4c5647f2ae84d4a5b8b22152dd00b03eed27f93b179fb8237e5e67""}"
cd941a30d3cd88dde2bd062a,Member Organizations,Medlemsorganisationer,SuiteCRM-Core,sv-accounts-final-810-published-20260919,$mod_strings['LBL_MEMBER_ORG_SUBPANEL_TITLE'],,project-context,ddc82c37a85bd707781f798a,reviewed-receipt,https://github.com/yeager/translations/blob/67e6d27877c9cfd6b6dbc74bd852b10bdbe09c3c/SuiteCRM-Core/sv-accounts-final-810-published-20260919.json,f99b6b196fed5b4409a55d1296241bb29b890401afe16c0f8654ddadb9c6a43b,{}
cde734918137a4478eb5ca71,Skip,Hoppa över,SuiteCRM-Core,sv-published-20260918,$mod_strings['LBL_WIZARD_SKIP_BUTTON'],,project-context,71c9d74ba70a4a9e816b8c75,reviewed-receipt,https://github.com/yeager/translations/blob/67e6d27877c9cfd6b6dbc74bd852b10bdbe09c3c/SuiteCRM-Core/sv-published-20260918.json,e4f7faaa5625d277e7a537f5b555c2fd753d326636e98deb288463e96d6356f7,{}
cdf0d7082b1b90840345dd64,Annual Revenue:,Årsomsättning:,SuiteCRM-Core,sv-accounts-a-810-published-20260919,$mod_strings['LBL_ANNUAL_REVENUE'],,project-context,bb9d4e2ad3bb7c55bf1ace0e,reviewed-receipt,https://github.com/yeager/translations/blob/67e6d27877c9cfd6b6dbc74bd852b10bdbe09c3c/SuiteCRM-Core/sv-accounts-a-810-published-20260919.json,ea12294a7550adccf7f3bd2ee5ba9c0f994224671cce0ee6ffbeaf4e4d1eedb2,{}
ce00fb72c8dd634abd255dab,Invalid Email,Ogiltig e-postadress,SuiteCRM-Core,sv-email-addresses-810-reviewed-20260919,$mod_strings['LBL_INVALID_EMAIL'],,project-context,035acf17a3413148b1058d6f,reviewed-receipt,https://github.com/yeager/translations/blob/67e6d27877c9cfd6b6dbc74bd852b10bdbe09c3c/SuiteCRM-Core/sv-email-addresses-810-reviewed-20260919.json,274a0a2e48242ef462753efa7838ce99aa59440b092671b4eab3273704c2386d,{}
ce10d1c0c3a0861bfc4f9cc8,Created Records,Skapade poster,SuiteCRM-Core,sv-import-810-reviewed-20260919,$mod_strings['LBL_CREATED_TAB'],,project-context,c08057d02e3c1c1833aa25b4,reviewed-receipt,https://github.com/yeager/translations/blob/67e6d27877c9cfd6b6dbc74bd852b10bdbe09c3c/SuiteCRM-Core/sv-import-810-reviewed-20260919.json,9ad9f80f27abc071d9102bbd8cefb9bc43256bdad442051d55760286d830c3b0,{}
ce4ad481aaf22f4e1ea60e58,Import,Importera,SuiteCRM-Core,sv-acl-810-published-20260919,$mod_strings['LBL_ACTION_IMPORT'],,project-context,3e4acde8ff85f52c1d35d578,reviewed-receipt,https://github.com/yeager/translations/blob/67e6d27877c9cfd6b6dbc74bd852b10bdbe09c3c/SuiteCRM-Core/sv-acl-810-published-20260919.json,c3d79cc04f48d5a83982b3c13a5bf197dcb035625008d4cec3b1a07c4d7311de,{}
ce546af14893a9d3f3efba95,Modified by User,Ändrad av användare,SuiteCRM-Core,sv-areas-810-20260919,$mod_strings['LBL_MODIFIED_USER'],,project-context,a9215dc01c4a71afecdddb80,reviewed-receipt,https://github.com/yeager/translations/blob/67e6d27877c9cfd6b6dbc74bd852b10bdbe09c3c/SuiteCRM-Core/sv-areas-810-20260919.json,7ed0e2199c7c518e01ad3019b5b0410afd7542c9f4cfaf1a811dfc11a6c82011,"{""artifact"":""https://crowdin.com/project/suitecrm-core"",""sha256"":""d0678208a42a3f7120a7063c522a7ab740217c3b36c7d659e10ab3a604b245c3""}"
ce8a4219008c1d813f66fc11,SMTP Port,SMTP-port,SuiteCRM-Core,sv-published-20260918,$mod_strings['LBL_MAIL_SMTPPORT'],,project-context,29145cbe7743b10450c2ee57,reviewed-receipt,https://github.com/yeager/translations/blob/67e6d27877c9cfd6b6dbc74bd852b10bdbe09c3c/SuiteCRM-Core/sv-published-20260918.json,e4f7faaa5625d277e7a537f5b555c2fd753d326636e98deb288463e96d6356f7,{}
ceb2452eccf9b89174df0eae,View History,Visa historik,SuiteCRM-Core,sv-areas-810-20260919,$mod_strings['LBL_HISTORY_SUBPANEL_TITLE'],,project-context,44dad6aa790d5400d4b0aa61,reviewed-receipt,https://github.com/yeager/translations/blob/67e6d27877c9cfd6b6dbc74bd852b10bdbe09c3c/SuiteCRM-Core/sv-areas-810-20260919.json,7ed0e2199c7c518e01ad3019b5b0410afd7542c9f4cfaf1a811dfc11a6c82011,"{""artifact"":""https://crowdin.com/project/suitecrm-core"",""sha256"":""4f4a07ba8a55e2d08d699de0ff5b8da5f86149295ecb4db500ff19736e23a401""}"
ced4128636b9efc48968cf37,Trackers Enabled,Spårning aktiverad,SuiteCRM-Core,sv-emailmarketing-810-reviewed-20260919,$mod_strings['LBL_TRACKERS_ENABLED'],,project-context,4a1ecfc47a2ad58514578b09,reviewed-receipt,https://github.com/yeager/translations/blob/67e6d27877c9cfd6b6dbc74bd852b10bdbe09c3c/SuiteCRM-Core/sv-emailmarketing-810-reviewed-20260919.json,5ec4491f9b64a0da78ac62fa97360cc4e284f94d49fc10bc6c878b997b7ea8af,{}
ced93299485c04308b4e18f2,Role,Roll,SuiteCRM-Core,sv-acl-810-published-20260919,$mod_strings['LBL_ROLE'],,project-context,2d5bfd758ec3580193c472d2,reviewed-receipt,https://github.com/yeager/translations/blob/67e6d27877c9cfd6b6dbc74bd852b10bdbe09c3c/SuiteCRM-Core/sv-acl-810-published-20260919.json,c3d79cc04f48d5a83982b3c13a5bf197dcb035625008d4cec3b1a07c4d7311de,{}
cf211627dc92115ae4c79f93,to,till,SuiteCRM-Core,sv-schedulers-810-published-20260919,$mod_strings['LBL_RANGE'],,project-context,b1dcc24f8578b11e0ff1a131,reviewed-receipt,https://github.com/yeager/translations/blob/67e6d27877c9cfd6b6dbc74bd852b10bdbe09c3c/SuiteCRM-Core/sv-schedulers-810-published-20260919.json,33eb7afe2f29dd74f08bd921b07d01bf183499e1985dd5f49edf5433b2ce22bb,{}
cf4210829020614ae20d4d64,Security Groups,Säkerhetsgrupper,SuiteCRM-Core,sv-published-20260918,$mod_strings['LBL_SECURITYGROUPS'],,project-context,e6b490113f237a2c9c48472f,reviewed-receipt,https://github.com/yeager/translations/blob/67e6d27877c9cfd6b6dbc74bd852b10bdbe09c3c/SuiteCRM-Core/sv-published-20260918.json,e4f7faaa5625d277e7a537f5b555c2fd753d326636e98deb288463e96d6356f7,{}
cf4f0a900cb3551715d2b90c,Please check!,Kontrollera detta!,SuiteCRM-Core,sv-published-20260918,$mod_strings['LBL_EMAILTEMPLATE_MESSAGE_SHOW_TITLE'],,project-context,ec069c0cc639d7c7b55214ed,reviewed-receipt,https://github.com/yeager/translations/blob/67e6d27877c9cfd6b6dbc74bd852b10bdbe09c3c/SuiteCRM-Core/sv-published-20260918.json,e4f7faaa5625d277e7a537f5b555c2fd753d326636e98deb288463e96d6356f7,{}
cf84869a429c30c4bc42ca28,Contacts,Kontakter,SuiteCRM-Core,sv-accounts-a-810-published-20260919,$mod_strings['LBL_CONTACTS_SUBPANEL_TITLE'],,project-context,177e1888750c5b177c90916f,reviewed-receipt,https://github.com/yeager/translations/blob/67e6d27877c9cfd6b6dbc74bd852b10bdbe09c3c/SuiteCRM-Core/sv-accounts-a-810-published-20260919.json,ea12294a7550adccf7f3bd2ee5ba9c0f994224671cce0ee6ffbeaf4e4d1eedb2,{}
cf8e81cd0d7dcd75bc4520b0,Failed to create portal user,Det gick inte att skapa portalanvändaren,SuiteCRM-Core,sv-contacts-final-810-published-20260919,$mod_strings['LBL_CREATE_PORTAL_USER_FAILED'],,project-context,e2802280b90e945eb73a27e4,reviewed-receipt,https://github.com/yeager/translations/blob/67e6d27877c9cfd6b6dbc74bd852b10bdbe09c3c/SuiteCRM-Core/sv-contacts-final-810-published-20260919.json,d978283a12dfb9b326a3d05a7e751d434c6e3ced5ebb9cf860d351c2ecd7f04d,{}
d033b944d7fd3d23f2e2add1,Date Sent:,Skickat datum:,SuiteCRM-Core,sv-published-20260918,$mod_strings['LBL_DATE'],,project-context,1d592301b3a38c745a827afe,reviewed-receipt,https://github.com/yeager/translations/blob/67e6d27877c9cfd6b6dbc74bd852b10bdbe09c3c/SuiteCRM-Core/sv-published-20260918.json,e4f7faaa5625d277e7a537f5b555c2fd753d326636e98deb288463e96d6356f7,{}
d06b31b5283d6990e54dd482,Add Field,Lägg till fält,SuiteCRM-Core,sv-import-a-810-published-20260919,$mod_strings['LBL_ADD_ROW'],,project-context,672dae5ec39a23d2495156e1,reviewed-receipt,https://github.com/yeager/translations/blob/67e6d27877c9cfd6b6dbc74bd852b10bdbe09c3c/SuiteCRM-Core/sv-import-a-810-published-20260919.json,d30b91d43a7d7312345f4e9c032488a7f4fa9f3ca1774983d75ab8967114711b,{}
d0b1df13f57e6e7d74d30a7c,Run Nightly Mass Email Campaigns,Kör nattliga massutskickskampanjer,SuiteCRM-Core,sv-schedulers-810-published-20260919,$mod_strings['LBL_OOTB_CAMPAIGN'],,project-context,08a14e1123bbccfa1977824b,reviewed-receipt,https://github.com/yeager/translations/blob/67e6d27877c9cfd6b6dbc74bd852b10bdbe09c3c/SuiteCRM-Core/sv-schedulers-810-published-20260919.json,33eb7afe2f29dd74f08bd921b07d01bf183499e1985dd5f49edf5433b2ce22bb,{}
d0d41f04fcf6b3b8f8040c29,Activities,Aktiviteter,SuiteCRM-Core,sv-address-cache-followup-810-20260919,$mod_strings['LBL_ACTIVITIES_SUBPANEL_TITLE'],,project-context,ace6ca7f623d7a17bb9dc4c2,reviewed-receipt,https://github.com/yeager/translations/blob/67e6d27877c9cfd6b6dbc74bd852b10bdbe09c3c/SuiteCRM-Core/sv-address-cache-followup-810-20260919.json,c7e99432ec0b3f570a7b414e45f71b3660b21aa2c1e499d010ab737c90e56bef,"{""artifact"":""https://crowdin.com/project/suitecrm-core"",""sha256"":""55b896307e6593c046cf929875339834ef56ea9c18fdfe57e2f64f3568d0e789""}"
d0dcf2458772e00578d22a77,My Email,Min e-post,SuiteCRM-Core,sv-published-20260918,$mod_strings['LNK_MY_INBOX'],,project-context,277965cefdfd601ade866e6c,reviewed-receipt,https://github.com/yeager/translations/blob/67e6d27877c9cfd6b6dbc74bd852b10bdbe09c3c/SuiteCRM-Core/sv-published-20260918.json,e4f7faaa5625d277e7a537f5b555c2fd753d326636e98deb288463e96d6356f7,{}
d0e30d5f3bac0aaaad7c993b,SMTP Server Specification,SMTP-serverinställningar,SuiteCRM-Core,sv-published-20260918,$mod_strings['LBL_MAIL_SMTP_SETTINGS'],,project-context,fbfd506e7f5399b113361a11,reviewed-receipt,https://github.com/yeager/translations/blob/67e6d27877c9cfd6b6dbc74bd852b10bdbe09c3c/SuiteCRM-Core/sv-published-20260918.json,e4f7faaa5625d277e7a537f5b555c2fd753d326636e98deb288463e96d6356f7,{}
d118b57cc2bab126b80d9fe6,Background Task Configuration,Konfiguration av bakgrundsuppgift,SuiteCRM-Core,sv-manual-migration-tasks-810-published-20260919,$mod_strings['LBL_MESSENGER_SETUP'],,project-context,d648cc749ea91386ea08c8d7,reviewed-receipt,https://github.com/yeager/translations/blob/67e6d27877c9cfd6b6dbc74bd852b10bdbe09c3c/SuiteCRM-Core/sv-manual-migration-tasks-810-published-20260919.json,a57c55236a2b943e110d1e9093259e3e4c7c7d8364f4be24f498eb3953ea51d0,{}
d13492503bc637222834f2fa,Job URL,Jobb-URL,SuiteCRM-Core,sv-schedulers-810-b-published-20260919,$mod_strings['LBL_JOB_URL'],,project-context,c2af27f06eb8ffdf070a3051,reviewed-receipt,https://github.com/yeager/translations/blob/67e6d27877c9cfd6b6dbc74bd852b10bdbe09c3c/SuiteCRM-Core/sv-schedulers-810-b-published-20260919.json,548c9bc56c99a3a7538a1074815c96920bc4435741e6d93f91e406bcee6a6c47,{}
d18ca296c53a96a93f698a44,Add Documents,Lägg till dokument,SuiteCRM-Core,sv-published-20260918,$mod_strings['LBL_ADD_DOCUMENT'],,project-context,459dfecff955384a2bf4190e,reviewed-receipt,https://github.com/yeager/translations/blob/67e6d27877c9cfd6b6dbc74bd852b10bdbe09c3c/SuiteCRM-Core/sv-published-20260918.json,e4f7faaa5625d277e7a537f5b555c2fd753d326636e98deb288463e96d6356f7,{}
d1a694d8d49c28d83d0109ad,Create new records only,Skapa poster,SuiteCRM-Core,sv-import-810-reviewed-20260919,$mod_strings['LBL_IMPORT_BUTTON'],,project-context,d886f18b581912a79cabe133,reviewed-receipt,https://github.com/yeager/translations/blob/67e6d27877c9cfd6b6dbc74bd852b10bdbe09c3c/SuiteCRM-Core/sv-import-810-reviewed-20260919.json,9ad9f80f27abc071d9102bbd8cefb9bc43256bdad442051d55760286d830c3b0,{}
d1a7fedd84a2db92cc97b6a6,Outgoing Email,Utgående e-post,SuiteCRM-Core,sv-published-20260918,$mod_strings['LBL_EMAIL_SETTINGS_OUTBOUND'],,project-context,2845ac3b587d58f517423e43,reviewed-receipt,https://github.com/yeager/translations/blob/67e6d27877c9cfd6b6dbc74bd852b10bdbe09c3c/SuiteCRM-Core/sv-published-20260918.json,e4f7faaa5625d277e7a537f5b555c2fd753d326636e98deb288463e96d6356f7,{}
d1ae55fb8562843905f12d57,Trash Folder,Papperskorgsmapp,SuiteCRM-Core,sv-inbound-email-810-b-published-20260919,$mod_strings['LBL_TRASH_FOLDER'],,project-context,cc7e16e21d9cab6245867f1a,reviewed-receipt,https://github.com/yeager/translations/blob/67e6d27877c9cfd6b6dbc74bd852b10bdbe09c3c/SuiteCRM-Core/sv-inbound-email-810-b-published-20260919.json,50c081232ca5f44c5a35c5973a58367c6d6b8e57fb93b0bf46982142cf2626a9,{}
d1da04e564d05f68de20fa93,Last Name:,Efternamn:,SuiteCRM-Core,sv-contacts-b-810-published-20260919,$mod_strings['LBL_LAST_NAME'],,project-context,18cc2f805c42c1b89a8a640c,reviewed-receipt,https://github.com/yeager/translations/blob/67e6d27877c9cfd6b6dbc74bd852b10bdbe09c3c/SuiteCRM-Core/sv-contacts-b-810-published-20260919.json,d90efd721e18c4336904231d21d618d5245ef5fdaa19153e482b76ac0409f394,{}
d1ea37006d1b041158821419,Projects,Projekt,SuiteCRM-Core,sv-accounts-final-810-published-20260919,$mod_strings['LBL_PROJECTS_SUBPANEL_TITLE'],,project-context,ddf62cab123feb443d80fb7e,reviewed-receipt,https://github.com/yeager/translations/blob/67e6d27877c9cfd6b6dbc74bd852b10bdbe09c3c/SuiteCRM-Core/sv-accounts-final-810-published-20260919.json,f99b6b196fed5b4409a55d1296241bb29b890401afe16c0f8654ddadb9c6a43b,{}
d208bc3162899fca33461f79,Connectors,Anslutningar,SuiteCRM-Core,sv-published-20260918,$mod_strings['LBL_CONNECTOR_SETTINGS'],,project-context,2c36546a638851971e356bf9,reviewed-receipt,https://github.com/yeager/translations/blob/67e6d27877c9cfd6b6dbc74bd852b10bdbe09c3c/SuiteCRM-Core/sv-published-20260918.json,e4f7faaa5625d277e7a537f5b555c2fd753d326636e98deb288463e96d6356f7,{}
d20d52c2d9d047e0ce1ad2a1,Auto-Reply Template,Mall för autosvar,SuiteCRM-Core,sv-inbound-email-810-a-published-20260919,$mod_strings['LBL_AUTOREPLY'],,project-context,9f8ab736496f647927038574,reviewed-receipt,https://github.com/yeager/translations/blob/67e6d27877c9cfd6b6dbc74bd852b10bdbe09c3c/SuiteCRM-Core/sv-inbound-email-810-a-published-20260919.json,67b8a04fd03d3b56d9f5e2549ac38263fc2b653e270ecd0097cbd7e2a30e424a,{}
d2c6e973f3a78c30099de718,Checkmark,Bockmarkering,SuiteCRM-Core,sv-published-20260918,$mod_strings['LBL_CHECKMARK'],,project-context,f10c71eb139bad8b9f0fe56a,reviewed-receipt,https://github.com/yeager/translations/blob/67e6d27877c9cfd6b6dbc74bd852b10bdbe09c3c/SuiteCRM-Core/sv-published-20260918.json,e4f7faaa5625d277e7a537f5b555c2fd753d326636e98deb288463e96d6356f7,{}
d2f92831116cc00db31f21df,Emails:Opportunities,E-post:Affärsmöjligheter,SuiteCRM-Core,sv-published-20260918,$mod_strings['LBL_EMAILS_OPPORTUNITIES_REL'],,project-context,67f02f786e029111041c774c,reviewed-receipt,https://github.com/yeager/translations/blob/67e6d27877c9cfd6b6dbc74bd852b10bdbe09c3c/SuiteCRM-Core/sv-published-20260918.json,e4f7faaa5625d277e7a537f5b555c2fd753d326636e98deb288463e96d6356f7,{}
d342472dfc6ff65a2349b873,Assigned to,Tilldelad till,SuiteCRM-Core,sv-outbound-email-810-published-20260919,$mod_strings['LBL_ASSIGNED_TO_NAME'],,project-context,22fd2c4bb40e457a66891a62,reviewed-receipt,https://github.com/yeager/translations/blob/67e6d27877c9cfd6b6dbc74bd852b10bdbe09c3c/SuiteCRM-Core/sv-outbound-email-810-published-20260919.json,971cdcc19e79f693c13cb15c9aee0f659a84a6c378a69f16b9dae9f6b2d70244,{}
d369b43e31bbe60a1f60ae61,View,Visa,SuiteCRM-Core,sv-acl-810-published-20260919,$mod_strings['LBL_ACTION_VIEW'],,project-context,dc89a76f5d5957b74cb5442c,reviewed-receipt,https://github.com/yeager/translations/blob/67e6d27877c9cfd6b6dbc74bd852b10bdbe09c3c/SuiteCRM-Core/sv-acl-810-published-20260919.json,c3d79cc04f48d5a83982b3c13a5bf197dcb035625008d4cec3b1a07c4d7311de,{}
d380686d2080b913594261bf,Employee Status,Anställningsstatus,SuiteCRM-Core,sv-published-20260918,$mod_strings['LBL_EMPLOYEE_STATUS'],,project-context,1abc7f70042fad4d2b7d588c,reviewed-receipt,https://github.com/yeager/translations/blob/67e6d27877c9cfd6b6dbc74bd852b10bdbe09c3c/SuiteCRM-Core/sv-published-20260918.json,e4f7faaa5625d277e7a537f5b555c2fd753d326636e98deb288463e96d6356f7,{}
d3a77763914aecdf22f915a5,Exchange Server:,Exchange-server:,SuiteCRM-Core,sv-outbound-email-810-published-20260919,$mod_strings['LBL_EXCHANGE_SMTPSERVER'],,project-context,336b1024c18d0e21a46beca6,reviewed-receipt,https://github.com/yeager/translations/blob/67e6d27877c9cfd6b6dbc74bd852b10bdbe09c3c/SuiteCRM-Core/sv-outbound-email-810-published-20260919.json,971cdcc19e79f693c13cb15c9aee0f659a84a6c378a69f16b9dae9f6b2d70244,{}
d3aad6f9599f717e161bdad8,Refresh Jobs,Uppdatera jobb,SuiteCRM-Core,sv-schedulers-810-published-20260919,$mod_strings['LBL_REFRESHJOBS'],,project-context,ad22fd36d10449a028ed1e31,reviewed-receipt,https://github.com/yeager/translations/blob/67e6d27877c9cfd6b6dbc74bd852b10bdbe09c3c/SuiteCRM-Core/sv-schedulers-810-published-20260919.json,33eb7afe2f29dd74f08bd921b07d01bf183499e1985dd5f49edf5433b2ce22bb,{}
d3b2ef76486730fe48907d03,User Name,Användarnamn,SuiteCRM-Core,sv-inbound-email-810-published-20260919,$mod_strings['LBL_LOGIN'],,project-context,f5e13de98a7e4f98da68a164,reviewed-receipt,https://github.com/yeager/translations/blob/67e6d27877c9cfd6b6dbc74bd852b10bdbe09c3c/SuiteCRM-Core/sv-inbound-email-810-published-20260919.json,8ff080143649204a50f3a20eee408535d517ed526e8c4bad972910fef8c046e2,{}
d3c898223a3d70769aed207f,Example: ldap.example.com or ldaps://ldap.example.com for SSL,Exempel: ldap.example.com eller ldaps://ldap.example.com för SSL,SuiteCRM-Core,sv-configurator-security-810-published-20260919,$mod_strings['LBL_LDAP_SERVER_HOSTNAME_DESC'],,project-context,703ed0ceaa5e122028896130,reviewed-receipt,https://github.com/yeager/translations/blob/67e6d27877c9cfd6b6dbc74bd852b10bdbe09c3c/SuiteCRM-Core/sv-configurator-security-810-published-20260919.json,b9cffb7627e0e033ecf619b158ee05a9837fda3137dd33e9dd9cc36d32c5600c,{}
d3fadeb21f7875d87bb1154c,Is Administrator,Är administratör,SuiteCRM-Core,sv-published-20260918,$mod_strings['LBL_IS_ADMIN'],,project-context,2238257f95bb828475c76b50,reviewed-receipt,https://github.com/yeager/translations/blob/67e6d27877c9cfd6b6dbc74bd852b10bdbe09c3c/SuiteCRM-Core/sv-published-20260918.json,e4f7faaa5625d277e7a537f5b555c2fd753d326636e98deb288463e96d6356f7,{}
d401c3e9580499772467e26e,Direct Reports,Underordnade,SuiteCRM-Core,sv-contacts-b-810-published-20260919,$mod_strings['LBL_INVITEE'],,project-context,94fe71c60e91e8bcc1f425d0,reviewed-receipt,https://github.com/yeager/translations/blob/67e6d27877c9cfd6b6dbc74bd852b10bdbe09c3c/SuiteCRM-Core/sv-contacts-b-810-published-20260919.json,d90efd721e18c4336904231d21d618d5245ef5fdaa19153e482b76ac0409f394,{}
d408441c63ebcdc1a22cb404, more, mer,SuiteCRM-Core,sv-published-20260918,$mod_strings['LBL_EMAIL_DETAIL_VIEW_MORE'],,project-context,9e3ba522f7c02ae0ed55be28,reviewed-receipt,https://github.com/yeager/translations/blob/67e6d27877c9cfd6b6dbc74bd852b10bdbe09c3c/SuiteCRM-Core/sv-published-20260918.json,e4f7faaa5625d277e7a537f5b555c2fd753d326636e98deb288463e96d6356f7,{}
d4542ae9e0fc17d9ff39ff98, has taken ownership., har tagit över ägarskapet.,SuiteCRM-Core,sv-published-20260918,$mod_strings['LBL_LOCK_FAIL_USER'],,project-context,59381f50ed12f66ad4743b01,reviewed-receipt,https://github.com/yeager/translations/blob/67e6d27877c9cfd6b6dbc74bd852b10bdbe09c3c/SuiteCRM-Core/sv-published-20260918.json,e4f7faaa5625d277e7a537f5b555c2fd753d326636e98deb288463e96d6356f7,{}
d4ac94ff727e55bfbd9c7a6e,Date Format:,Datumformat:,SuiteCRM-Core,sv-import-a-810-published-20260919,$mod_strings['LBL_DATE_FORMAT'],,project-context,5961a3a8c319ccb57408aa98,reviewed-receipt,https://github.com/yeager/translations/blob/67e6d27877c9cfd6b6dbc74bd852b10bdbe09c3c/SuiteCRM-Core/sv-import-a-810-published-20260919.json,d30b91d43a7d7312345f4e9c032488a7f4fa9f3ca1774983d75ab8967114711b,{}
d4ea2439c1ed31419fdc8bbf,Show Advanced Options,Visa avancerade alternativ,SuiteCRM-Core,sv-schedulers-810-published-20260919,$mod_strings['LBL_TOGGLE_ADV'],,project-context,8651d283a54912357ec0b983,reviewed-receipt,https://github.com/yeager/translations/blob/67e6d27877c9cfd6b6dbc74bd852b10bdbe09c3c/SuiteCRM-Core/sv-schedulers-810-published-20260919.json,33eb7afe2f29dd74f08bd921b07d01bf183499e1985dd5f49edf5433b2ce22bb,{}
d4ec032bf859e1a539379468,Create Note or Attachment,Skapa anteckning eller bilaga,SuiteCRM-Core,sv-published-20260918,$mod_strings['LNK_NEW_NOTE'],,project-context,3c612b8ed5e84adcd55527fd,reviewed-receipt,https://github.com/yeager/translations/blob/67e6d27877c9cfd6b6dbc74bd852b10bdbe09c3c/SuiteCRM-Core/sv-published-20260918.json,e4f7faaa5625d277e7a537f5b555c2fd753d326636e98deb288463e96d6356f7,{}
d51e213824a783e8b264585e,Latitude,Latitud,SuiteCRM-Core,sv-address-cache-followup-810-20260919,$mod_strings['LBL_LAT'],,project-context,6ddb539bc48ac58d35ca2f3b,reviewed-receipt,https://github.com/yeager/translations/blob/67e6d27877c9cfd6b6dbc74bd852b10bdbe09c3c/SuiteCRM-Core/sv-address-cache-followup-810-20260919.json,c7e99432ec0b3f570a7b414e45f71b3660b21aa2c1e499d010ab737c90e56bef,"{""artifact"":""https://crowdin.com/project/suitecrm-core"",""sha256"":""43ba9a3474f11385fb3056130ab011f079c1836f6f18efee8033c1c89a1a69c5""}"
d586bd32eb6f0fb4ddeecdaa,Unschedule,Ta bort schemaläggning,SuiteCRM-Core,sv-emailmarketing-810-reviewed-20260919,$mod_strings['LBL_UNSCHEDULE'],,project-context,e0e282d0776409b16e10c789,reviewed-receipt,https://github.com/yeager/translations/blob/67e6d27877c9cfd6b6dbc74bd852b10bdbe09c3c/SuiteCRM-Core/sv-emailmarketing-810-reviewed-20260919.json,5ec4491f9b64a0da78ac62fa97360cc4e284f94d49fc10bc6c878b997b7ea8af,{}
d594222d59a5241352b75ede,Gmail Password:,Gmail-lösenord:,SuiteCRM-Core,sv-outbound-email-810-published-20260919,$mod_strings['LBL_GMAIL_SMTPPASS'],,project-context,5251e1b0633f4a33c6ee25ac,reviewed-receipt,https://github.com/yeager/translations/blob/67e6d27877c9cfd6b6dbc74bd852b10bdbe09c3c/SuiteCRM-Core/sv-outbound-email-810-published-20260919.json,971cdcc19e79f693c13cb15c9aee0f659a84a6c378a69f16b9dae9f6b2d70244,{}
d5973ebfec6772d4a27dca14,Missing required field,Obligatoriskt fält saknas,SuiteCRM-Core,sv-published-20260918,$mod_strings['ERR_MISSING_REQUIRED_FIELDS'],,project-context,c6b412e88978849c93287d52,reviewed-receipt,https://github.com/yeager/translations/blob/67e6d27877c9cfd6b6dbc74bd852b10bdbe09c3c/SuiteCRM-Core/sv-published-20260918.json,e4f7faaa5625d277e7a537f5b555c2fd753d326636e98deb288463e96d6356f7,{}
d59a3c0a2cb78f4b907967ee,Ok,OK,SuiteCRM-Core,sv-maps-geocode-810-20260919,$mod_strings['LBL_OK'],,project-context,89950ace4f90f7c961368da5,reviewed-receipt,https://github.com/yeager/translations/blob/67e6d27877c9cfd6b6dbc74bd852b10bdbe09c3c/SuiteCRM-Core/sv-maps-geocode-810-20260919.json,a27f551be0603f52120c99f621aa946997242b691775dbae54e75a0f4911762b,"{""artifact"":""https://crowdin.com/project/suitecrm-core"",""sha256"":""595069385b2e90640c2f91ac1a1b94917f3ac0c3d17b48ce2f9b1a5054cb1121""}"
d5d1cf5951f649d42da9ba62,Exchange Server Port:,Exchange-serverport:,SuiteCRM-Core,sv-published-20260918,$mod_strings['LBL_EXCHANGE_SMTPPORT'],,project-context,7f24066377bc7346d3428886,reviewed-receipt,https://github.com/yeager/translations/blob/67e6d27877c9cfd6b6dbc74bd852b10bdbe09c3c/SuiteCRM-Core/sv-published-20260918.json,e4f7faaa5625d277e7a537f5b555c2fd753d326636e98deb288463e96d6356f7,{}
d5fe99ad1e171492b9c75140,perpetual,permanent,SuiteCRM-Core,sv-schedulers-810-b-published-20260919,$mod_strings['LBL_PERENNIAL'],,project-context,320e27efda3f07b0a6b61b0a,reviewed-receipt,https://github.com/yeager/translations/blob/67e6d27877c9cfd6b6dbc74bd852b10bdbe09c3c/SuiteCRM-Core/sv-schedulers-810-b-published-20260919.json,548c9bc56c99a3a7538a1074815c96920bc4435741e6d93f91e406bcee6a6c47,{}
d6050e6c2b90347aa6d126bc,Outbound Email Account:,Utgående e-postkonto:,SuiteCRM-Core,sv-emailmarketing-810-reviewed-20260919,$mod_strings['LBL_OUTBOUND_EMAIL_ACCOUNT_NAME'],,project-context,704d59e3b8009b6aaa6114af,reviewed-receipt,https://github.com/yeager/translations/blob/67e6d27877c9cfd6b6dbc74bd852b10bdbe09c3c/SuiteCRM-Core/sv-emailmarketing-810-reviewed-20260919.json,5ec4491f9b64a0da78ac62fa97360cc4e284f94d49fc10bc6c878b997b7ea8af,{}
d60f71020022e950c5166f02,Queueing Status,Köstatus,SuiteCRM-Core,sv-emailmarketing-810-reviewed-20260919,$mod_strings['LBL_QUEUEING_STATUS'],,project-context,f67156eed482d3da6d515f96,reviewed-receipt,https://github.com/yeager/translations/blob/67e6d27877c9cfd6b6dbc74bd852b10bdbe09c3c/SuiteCRM-Core/sv-emailmarketing-810-reviewed-20260919.json,5ec4491f9b64a0da78ac62fa97360cc4e284f94d49fc10bc6c878b997b7ea8af,{}
d62849f5ac99e6854c673f38,Select Checked Contacts,Välj markerade kontakter,SuiteCRM-Core,sv-contacts-final-810-published-20260919,$mod_strings['LBL_SELECT_CHECKED_BUTTON_LABEL'],,project-context,51d54ad199310d823b1e3e2a,reviewed-receipt,https://github.com/yeager/translations/blob/67e6d27877c9cfd6b6dbc74bd852b10bdbe09c3c/SuiteCRM-Core/sv-contacts-final-810-published-20260919.json,d978283a12dfb9b326a3d05a7e751d434c6e3ced5ebb9cf860d351c2ecd7f04d,{}
d638365c675233833ad470fb,New Case Auto-Reply Template,Ny mall för automatiskt ärendesvar,SuiteCRM-Core,sv-inbound-email-810-a-published-20260919,$mod_strings['LBL_CREATE_CASE_REPLY_TEMPLATE'],,project-context,6839aafa4af222800345cc43,reviewed-receipt,https://github.com/yeager/translations/blob/67e6d27877c9cfd6b6dbc74bd852b10bdbe09c3c/SuiteCRM-Core/sv-inbound-email-810-a-published-20260919.json,67b8a04fd03d3b56d9f5e2549ac38263fc2b653e270ecd0097cbd7e2a30e424a,{}
d66e4269dfd12505ed547420,Job URL,Jobb-URL,SuiteCRM-Core,sv-schedulers-810-published-20260919,$mod_strings['LBL_JOB_URL'],,project-context,cdf56a8ad77e4e0315b7cf87,reviewed-receipt,https://github.com/yeager/translations/blob/67e6d27877c9cfd6b6dbc74bd852b10bdbe09c3c/SuiteCRM-Core/sv-schedulers-810-published-20260919.json,33eb7afe2f29dd74f08bd921b07d01bf183499e1985dd5f49edf5433b2ce22bb,{}
d6779c385973e9c3a465c7d2,Address Information,Adressuppgifter,SuiteCRM-Core,sv-contacts-a-810-published-20260919,$mod_strings['LBL_ADDRESS_INFORMATION'],,project-context,033a6ccf3044d4a13be3e4b2,reviewed-receipt,https://github.com/yeager/translations/blob/67e6d27877c9cfd6b6dbc74bd852b10bdbe09c3c/SuiteCRM-Core/sv-contacts-a-810-published-20260919.json,10584b485e200c6f1c96340054304bbf1333d0f5bdb89bae8947c2df5c4c0947,{}
d68843013d0d6815163b9736,Commit,Genomför,SuiteCRM-Core,sv-upgradewizard-810-published-20260919,$mod_strings['LBL_ML_COMMIT'],,project-context,736a07f0563e0032d42a9d01,reviewed-receipt,https://github.com/yeager/translations/blob/67e6d27877c9cfd6b6dbc74bd852b10bdbe09c3c/SuiteCRM-Core/sv-upgradewizard-810-published-20260919.json,4c5e554ea18d559c3ec8998eb3613f5413dea4c4c95bb851b4a0695c85b6ef99,{}
d6b6e0687a2bed3cb214a3f5,Create Task,Skapa uppgift,SuiteCRM-Core,sv-published-20260918,$mod_strings['LBL_CREATE_TASK'],,project-context,619147c8f0624ecd67da2570,reviewed-receipt,https://github.com/yeager/translations/blob/67e6d27877c9cfd6b6dbc74bd852b10bdbe09c3c/SuiteCRM-Core/sv-published-20260918.json,e4f7faaa5625d277e7a537f5b555c2fd753d326636e98deb288463e96d6356f7,{}
d6bcb020422c337066d61e08,Email Marketing Campaigns,"Marknadsföring via E-post, kampanjer",SuiteCRM-Core,sv-emailmarketing-810-reviewed-20260919,$mod_strings['LBL_LIST_FORM_TITLE'],,project-context,1320074b16a9a68fa9a8a0a9,reviewed-receipt,https://github.com/yeager/translations/blob/67e6d27877c9cfd6b6dbc74bd852b10bdbe09c3c/SuiteCRM-Core/sv-emailmarketing-810-reviewed-20260919.json,5ec4491f9b64a0da78ac62fa97360cc4e284f94d49fc10bc6c878b997b7ea8af,{}
d6e887430666d3d88d0f946e,Sunday,Söndag,SuiteCRM-Core,sv-schedulers-810-a-published-20260919,$mod_strings['LBL_SUN'],,project-context,d2c1b19b8a78f6dc5f82eb5e,reviewed-receipt,https://github.com/yeager/translations/blob/67e6d27877c9cfd6b6dbc74bd852b10bdbe09c3c/SuiteCRM-Core/sv-schedulers-810-a-published-20260919.json,3c6c981f88e16e22e571d729a4bb12cc98db47334bbe03c18d6ed0001b81d8a8,{}
d72c4207cada016432834515,Description,Beskrivning,SuiteCRM-Core,sv-published-20260918,$mod_strings['LBL_LIST_DESCRIPTION'],,project-context,78cc20aeb45b4cbf21c7d074,reviewed-receipt,https://github.com/yeager/translations/blob/67e6d27877c9cfd6b6dbc74bd852b10bdbe09c3c/SuiteCRM-Core/sv-published-20260918.json,e4f7faaa5625d277e7a537f5b555c2fd753d326636e98deb288463e96d6356f7,{}
d72d8a3cbeeedbb82da7eeca,Active From,Aktiv från,SuiteCRM-Core,sv-schedulers-810-published-20260919,$mod_strings['LBL_TIME_FROM'],,project-context,7a0f2952b0253e9b5893a668,reviewed-receipt,https://github.com/yeager/translations/blob/67e6d27877c9cfd6b6dbc74bd852b10bdbe09c3c/SuiteCRM-Core/sv-schedulers-810-published-20260919.json,33eb7afe2f29dd74f08bd921b07d01bf183499e1985dd5f49edf5433b2ce22bb,{}
d74506609ff384445e0b2748,hour,timme,SuiteCRM-Core,sv-schedulers-810-a-published-20260919,$mod_strings['LBL_HOUR_SING'],,project-context,7e96540f4406a566dd62de8c,reviewed-receipt,https://github.com/yeager/translations/blob/67e6d27877c9cfd6b6dbc74bd852b10bdbe09c3c/SuiteCRM-Core/sv-schedulers-810-a-published-20260919.json,3c6c981f88e16e22e571d729a4bb12cc98db47334bbe03c18d6ed0001b81d8a8,{}
d74625d5bf6c3b93c556147c,RE:,Ang:,SuiteCRM-Core,sv-published-20260918,$mod_strings['LBL_RE'],,project-context,4a28c7663f899d35a99a2646,reviewed-receipt,https://github.com/yeager/translations/blob/67e6d27877c9cfd6b6dbc74bd852b10bdbe09c3c/SuiteCRM-Core/sv-published-20260918.json,e4f7faaa5625d277e7a537f5b555c2fd753d326636e98deb288463e96d6356f7,{}
d798a5b650c72cba58bc68d2,None,Ingen,SuiteCRM-Core,sv-maps-final-810-20260919,$mod_strings['LBL_MAP_NULL_GROUP_NAME'],,project-context,33fc3c472757ba15e847041c,reviewed-receipt,https://github.com/yeager/translations/blob/67e6d27877c9cfd6b6dbc74bd852b10bdbe09c3c/SuiteCRM-Core/sv-maps-final-810-20260919.json,62b7fa0ef75304342cacadf4560f32b68f3769cdb968877512aed703fd5e0d78,"{""artifact"":""https://crowdin.com/project/suitecrm-core"",""sha256"":""5c10f452e5815537830fde0470530c420ce23e9777e4044ccece7a36c24b6bf6""}"
d7fd7c5f69f7627e8dc40fb0,No Locked Objects,Inga låsta objekt,SuiteCRM-Core,sv-optimisticlock-810-reviewed-20260919,$mod_strings['LBL_NO_LOCKED_OBJECTS'],,project-context,8cc5de3e8caa7debdc15ed67,reviewed-receipt,https://github.com/yeager/translations/blob/67e6d27877c9cfd6b6dbc74bd852b10bdbe09c3c/SuiteCRM-Core/sv-optimisticlock-810-reviewed-20260919.json,1c0c97b42d5fab34de99c68b6e8270606d9e97b472fdcd76eb0ee7edb1369868,{}
d830faed04d068d149e13d92,Campaigns,Kampanjer,SuiteCRM-Core,sv-contacts-final-810-published-20260919,$mod_strings['LBL_CAMPAIGN_LIST_SUBPANEL_TITLE'],,project-context,7b3eb8e014b3a22da33575ef,reviewed-receipt,https://github.com/yeager/translations/blob/67e6d27877c9cfd6b6dbc74bd852b10bdbe09c3c/SuiteCRM-Core/sv-contacts-final-810-published-20260919.json,d978283a12dfb9b326a3d05a7e751d434c6e3ced5ebb9cf860d351c2ecd7f04d,{}
d83591f047882dd9fe751b4a,Edit,Redigera,SuiteCRM-Core,sv-inbound-email-810-a-published-20260919,$mod_strings['LBL_EDIT_TEMPLATE'],,project-context,930fef9ca1d103fd9cd845b5,reviewed-receipt,https://github.com/yeager/translations/blob/67e6d27877c9cfd6b6dbc74bd852b10bdbe09c3c/SuiteCRM-Core/sv-inbound-email-810-a-published-20260919.json,67b8a04fd03d3b56d9f5e2549ac38263fc2b653e270ecd0097cbd7e2a30e424a,{}
d8398a88ec38f1ead252c13c,Exit,Avsluta,SuiteCRM-Core,sv-upgradewizard-810-published-20260919,$mod_strings['LBL_BUTTON_EXIT'],,project-context,3f8018ecebb60330435bdbc0,reviewed-receipt,https://github.com/yeager/translations/blob/67e6d27877c9cfd6b6dbc74bd852b10bdbe09c3c/SuiteCRM-Core/sv-upgradewizard-810-published-20260919.json,4c5e554ea18d559c3ec8998eb3613f5413dea4c4c95bb851b4a0695c85b6ef99,{}
d873dee6f1775abe486b7c3b,Password,Lösenord,SuiteCRM-Core,sv-employees-security-810-published-20260919,$mod_strings['LBL_USER_HASH'],,project-context,f301a4d2d86076e24ded0931,reviewed-receipt,https://github.com/yeager/translations/blob/67e6d27877c9cfd6b6dbc74bd852b10bdbe09c3c/SuiteCRM-Core/sv-employees-security-810-published-20260919.json,0af5647a410b8b948d2b7498e41e35be9fc19bfac0e70ffc12f65b2f3384a1b2,{}
d8b248de6a9553617a0ebfe1,hrs,tim,SuiteCRM-Core,sv-schedulers-810-published-20260919,$mod_strings['LBL_HOURS'],,project-context,394be61a2aa255329bfd97a0,reviewed-receipt,https://github.com/yeager/translations/blob/67e6d27877c9cfd6b6dbc74bd852b10bdbe09c3c/SuiteCRM-Core/sv-schedulers-810-published-20260919.json,33eb7afe2f29dd74f08bd921b07d01bf183499e1985dd5f49edf5433b2ce22bb,{}
d8e0bbc4143b92034196065d,Create Outbound Email Accounts,Skapa konton för utgående e-post,SuiteCRM-Core,sv-outbound-email-810-published-20260919,$mod_strings['LNK_NEW_RECORD'],,project-context,e15d045c72cc2ef3af28832d,reviewed-receipt,https://github.com/yeager/translations/blob/67e6d27877c9cfd6b6dbc74bd852b10bdbe09c3c/SuiteCRM-Core/sv-outbound-email-810-published-20260919.json,971cdcc19e79f693c13cb15c9aee0f659a84a6c378a69f16b9dae9f6b2d70244,{}
d8e1586b0643219180ac1447,hour,timme,SuiteCRM-Core,sv-schedulers-810-published-20260919,$mod_strings['LBL_HOUR_SING'],,project-context,22d630b062cbc0f36edc1778,reviewed-receipt,https://github.com/yeager/translations/blob/67e6d27877c9cfd6b6dbc74bd852b10bdbe09c3c/SuiteCRM-Core/sv-schedulers-810-published-20260919.json,33eb7afe2f29dd74f08bd921b07d01bf183499e1985dd5f49edf5433b2ce22bb,{}
d8ea68be783b5b8dfbd16875,Select Trash Folder,Välj papperskorgsmapp,SuiteCRM-Core,sv-inbound-email-810-published-20260919,$mod_strings['LBL_SELECT_TRASH_FOLDERS'],,project-context,4bcbad86114de3c3be0060af,reviewed-receipt,https://github.com/yeager/translations/blob/67e6d27877c9cfd6b6dbc74bd852b10bdbe09c3c/SuiteCRM-Core/sv-inbound-email-810-published-20260919.json,8ff080143649204a50f3a20eee408535d517ed526e8c4bad972910fef8c046e2,{}
d915304df7d73d0f504288e4,Email Address,E-postadress,SuiteCRM-Core,sv-email-addresses-810-reviewed-20260919,$mod_strings['LBL_EMAIL_ADDRESS'],,project-context,0f5687dcb6bdba959e21acf7,reviewed-receipt,https://github.com/yeager/translations/blob/67e6d27877c9cfd6b6dbc74bd852b10bdbe09c3c/SuiteCRM-Core/sv-email-addresses-810-reviewed-20260919.json,274a0a2e48242ef462753efa7838ce99aa59440b092671b4eab3273704c2386d,{}
d923fdfcc769294caddee481,List,Lista,SuiteCRM-Core,sv-import-810-reviewed-20260919,$mod_strings['LBL_IMPORT_FIELDDEF_ENUM'],,project-context,947860f7f4922ec3f6bdd875,reviewed-receipt,https://github.com/yeager/translations/blob/67e6d27877c9cfd6b6dbc74bd852b10bdbe09c3c/SuiteCRM-Core/sv-import-810-reviewed-20260919.json,9ad9f80f27abc071d9102bbd8cefb9bc43256bdad442051d55760286d830c3b0,{}
d9243f4858e0f0024d646f34,Event Matching Sensitivity:,Känslighet för matchning av händelser:,SuiteCRM-Core,sv-published-20260918,$mod_strings['LBL_CALENDAR_SYNC_MATCHING_CONFIDENCE'],,project-context,0503a526437c972afc43ebdd,reviewed-receipt,https://github.com/yeager/translations/blob/67e6d27877c9cfd6b6dbc74bd852b10bdbe09c3c/SuiteCRM-Core/sv-published-20260918.json,e4f7faaa5625d277e7a537f5b555c2fd753d326636e98deb288463e96d6356f7,{}
d924c6d21c1b98c9f09310eb,View Outbound Email Accounts,Visa konton för utgående e-post,SuiteCRM-Core,sv-published-20260918,$mod_strings['LBL_OUTBOUND_EMAIL_ACCOUNT_VIEW'],,project-context,46ee77c234e8d23d38469583,reviewed-receipt,https://github.com/yeager/translations/blob/67e6d27877c9cfd6b6dbc74bd852b10bdbe09c3c/SuiteCRM-Core/sv-published-20260918.json,e4f7faaa5625d277e7a537f5b555c2fd753d326636e98deb288463e96d6356f7,{}
d9267cc934fbaaf688b90a1a,Stored Options,Sparade alternativ,SuiteCRM-Core,sv-inbound-email-810-published-20260919,$mod_strings['LBL_STORED_OPTIONS'],,project-context,69bd665f9128a9d5e5b53974,reviewed-receipt,https://github.com/yeager/translations/blob/67e6d27877c9cfd6b6dbc74bd852b10bdbe09c3c/SuiteCRM-Core/sv-inbound-email-810-published-20260919.json,8ff080143649204a50f3a20eee408535d517ed526e8c4bad972910fef8c046e2,{}
d93ffd7b58af47003f683df2,Invalid numeric value,Ogiltig numeriskt värde,SuiteCRM-Core,sv-import-810-reviewed-20260919,$mod_strings['LBL_ERROR_INVALID_NUM'],,project-context,a17bd0db0c8722a35a636680,reviewed-receipt,https://github.com/yeager/translations/blob/67e6d27877c9cfd6b6dbc74bd852b10bdbe09c3c/SuiteCRM-Core/sv-import-810-reviewed-20260919.json,9ad9f80f27abc071d9102bbd8cefb9bc43256bdad442051d55760286d830c3b0,{}
d9622419392b600478853f25,Attachments,Bilagor,SuiteCRM-Core,sv-published-20260918,$mod_strings['LBL_NOTES_SUBPANEL_TITLE'],,project-context,e8c4245970cbb8656d6cddba,reviewed-receipt,https://github.com/yeager/translations/blob/67e6d27877c9cfd6b6dbc74bd852b10bdbe09c3c/SuiteCRM-Core/sv-published-20260918.json,e4f7faaa5625d277e7a537f5b555c2fd753d326636e98deb288463e96d6356f7,{}
d96b4bf60ef953444f76e7f2,Access Type,Åtkomsttyp,SuiteCRM-Core,sv-acl-810-published-20260919,$mod_strings['LBL_ACTION_ADMIN'],,project-context,1cd98fc1e1b5c7133f5ac135,reviewed-receipt,https://github.com/yeager/translations/blob/67e6d27877c9cfd6b6dbc74bd852b10bdbe09c3c/SuiteCRM-Core/sv-acl-810-published-20260919.json,c3d79cc04f48d5a83982b3c13a5bf197dcb035625008d4cec3b1a07c4d7311de,{}
d9772b57bcd368b307c21529,Leave Messages On Server,Lämna meddelanden på servern,SuiteCRM-Core,sv-inbound-email-810-b-published-20260919,$mod_strings['LBL_MARK_READ'],,project-context,d8eb6c30d35b296a36865fb5,reviewed-receipt,https://github.com/yeager/translations/blob/67e6d27877c9cfd6b6dbc74bd852b10bdbe09c3c/SuiteCRM-Core/sv-inbound-email-810-b-published-20260919.json,50c081232ca5f44c5a35c5973a58367c6d6b8e57fb93b0bf46982142cf2626a9,{}
d9853d7f2e6decef7e9b2190,Hide Details,Dölj detaljer,SuiteCRM-Core,sv-upgradewizard-810-published-20260919,$mod_strings['LBL_UW_HIDE_DETAILS'],,project-context,59b207093f3a1fb03570ff19,reviewed-receipt,https://github.com/yeager/translations/blob/67e6d27877c9cfd6b6dbc74bd852b10bdbe09c3c/SuiteCRM-Core/sv-upgradewizard-810-published-20260919.json,4c5e554ea18d559c3ec8998eb3613f5413dea4c4c95bb851b4a0695c85b6ef99,{}
d98aec1ad43249444563eef2,Auto Reply Configuration,Konfiguration av autosvar,SuiteCRM-Core,sv-inbound-email-810-published-20260919,$mod_strings['LBL_AUTO_REPLY_CONFIGURATION'],,project-context,8a9c879f0bdbbe6eabf88947,reviewed-receipt,https://github.com/yeager/translations/blob/67e6d27877c9cfd6b6dbc74bd852b10bdbe09c3c/SuiteCRM-Core/sv-inbound-email-810-published-20260919.json,8ff080143649204a50f3a20eee408535d517ed526e8c4bad972910fef8c046e2,{}
d992078f9b416df1c061ddb8,Send Error,Skickfel,SuiteCRM-Core,sv-published-20260918,$mod_strings['LBL_NOT_SENT'],,project-context,aa44079e255bcdbc0040c4d1,reviewed-receipt,https://github.com/yeager/translations/blob/67e6d27877c9cfd6b6dbc74bd852b10bdbe09c3c/SuiteCRM-Core/sv-published-20260918.json,e4f7faaa5625d277e7a537f5b555c2fd753d326636e98deb288463e96d6356f7,{}
d9de69bdc37fbc7c960f045b,Every Day,Varje dag,SuiteCRM-Core,sv-schedulers-810-a-published-20260919,$mod_strings['LBL_ALL'],,project-context,7e06e329adf413708fd2af9c,reviewed-receipt,https://github.com/yeager/translations/blob/67e6d27877c9cfd6b6dbc74bd852b10bdbe09c3c/SuiteCRM-Core/sv-schedulers-810-a-published-20260919.json,3c6c981f88e16e22e571d729a4bb12cc98db47334bbe03c18d6ed0001b81d8a8,{}
d9fc6a19426f8769ab555a2c,Process Workflow Tasks,Bearbeta arbetsflödesuppgifter,SuiteCRM-Core,sv-schedulers-810-a-published-20260919,$mod_strings['LBL_OOTB_WORKFLOW'],,project-context,bfb98a1efef0b97e6f0d3293,reviewed-receipt,https://github.com/yeager/translations/blob/67e6d27877c9cfd6b6dbc74bd852b10bdbe09c3c/SuiteCRM-Core/sv-schedulers-810-a-published-20260919.json,3c6c981f88e16e22e571d729a4bb12cc98db47334bbe03c18d6ed0001b81d8a8,{}
da0539f7b66840b5ef00cdad,Selected,Vald,SuiteCRM-Core,sv-published-20260918,$mod_strings['LBL_SELECTED_ADDR'],,project-context,0aac42096d0f00aecb5e537f,reviewed-receipt,https://github.com/yeager/translations/blob/67e6d27877c9cfd6b6dbc74bd852b10bdbe09c3c/SuiteCRM-Core/sv-published-20260918.json,e4f7faaa5625d277e7a537f5b555c2fd753d326636e98deb288463e96d6356f7,{}
da0b06fa7c3adfe5017f4ea2,User Name or ID,Användarnamn eller ID,SuiteCRM-Core,sv-import-810-reviewed-20260919,$mod_strings['LBL_IMPORT_FIELDDEF_ASSIGNED_USER_NAME'],,project-context,8b8d5170ae805f93303e2ce0,reviewed-receipt,https://github.com/yeager/translations/blob/67e6d27877c9cfd6b6dbc74bd852b10bdbe09c3c/SuiteCRM-Core/sv-import-810-reviewed-20260919.json,9ad9f80f27abc071d9102bbd8cefb9bc43256bdad442051d55760286d830c3b0,{}
da1399a35ef939378f96f4c6,User Name,Användarnamn,SuiteCRM-Core,sv-published-20260918,$mod_strings['LBL_LOGIN'],,project-context,c329e4aadaac400cc92e47f3,reviewed-receipt,https://github.com/yeager/translations/blob/67e6d27877c9cfd6b6dbc74bd852b10bdbe09c3c/SuiteCRM-Core/sv-published-20260918.json,e4f7faaa5625d277e7a537f5b555c2fd753d326636e98deb288463e96d6356f7,{}
da1c0efb690e172462fd8f48,Deleted,Borttagen,SuiteCRM-Core,sv-published-20260918,$mod_strings['LBL_DELETED'],,project-context,80d563a6e264389419c142f8,reviewed-receipt,https://github.com/yeager/translations/blob/67e6d27877c9cfd6b6dbc74bd852b10bdbe09c3c/SuiteCRM-Core/sv-published-20260918.json,e4f7faaa5625d277e7a537f5b555c2fd753d326636e98deb288463e96d6356f7,{}
da27180c1c1adaf065061fd5,Accounts,Företag,SuiteCRM-Core,sv-accounts-final-810-published-20260919,$mod_strings['LBL_MODULE_NAME'],,project-context,5668e680d48546cb00fb2978,reviewed-receipt,https://github.com/yeager/translations/blob/67e6d27877c9cfd6b6dbc74bd852b10bdbe09c3c/SuiteCRM-Core/sv-accounts-final-810-published-20260919.json,f99b6b196fed5b4409a55d1296241bb29b890401afe16c0f8654ddadb9c6a43b,{}
da2a1b4b727a3d87f29377c6,Download Import File Template,Hämta mall för importfil,SuiteCRM-Core,sv-import-b-810-published-20260919,$mod_strings['LBL_EXAMPLE_FILE'],,project-context,1d1762d1f10452d5d2c07d91,reviewed-receipt,https://github.com/yeager/translations/blob/67e6d27877c9cfd6b6dbc74bd852b10bdbe09c3c/SuiteCRM-Core/sv-import-b-810-published-20260919.json,5f4039ac59b7e23dcc8052f95f9ba8304e9ceaa834d2b41c8057e1f955008824,{}
da9b5f2d0ab6135c35e96ba0,Delete Test Entries,Ta bort testposter,SuiteCRM-Core,sv-emailmarketing-security-810-published-20260919,$mod_strings['LBL_DELETE_TEST_ENTRIES'],,project-context,7c2d230ba2c854855970dff1,reviewed-receipt,https://github.com/yeager/translations/blob/67e6d27877c9cfd6b6dbc74bd852b10bdbe09c3c/SuiteCRM-Core/sv-emailmarketing-security-810-published-20260919.json,3204b94182121e6c1d8e5d51e878c17a5e85cc78187db29beb922e12fae48b78,{}
daa69e074321f58ce8d81f91,day,dag,SuiteCRM-Core,sv-schedulers-810-b-published-20260919,$mod_strings['LBL_DAY_OF_WEEK'],,project-context,8b8afa74478eb91a1aad2e88,reviewed-receipt,https://github.com/yeager/translations/blob/67e6d27877c9cfd6b6dbc74bd852b10bdbe09c3c/SuiteCRM-Core/sv-schedulers-810-b-published-20260919.json,548c9bc56c99a3a7538a1074815c96920bc4435741e6d93f91e406bcee6a6c47,{}
dab58067b35a446633eb016e,Row,Rad,SuiteCRM-Core,sv-import-810-reviewed-20260919,$mod_strings['LBL_ROW'],,project-context,22115845da6f47055943706e,reviewed-receipt,https://github.com/yeager/translations/blob/67e6d27877c9cfd6b6dbc74bd852b10bdbe09c3c/SuiteCRM-Core/sv-import-810-reviewed-20260919.json,9ad9f80f27abc071d9102bbd8cefb9bc43256bdad442051d55760286d830c3b0,{}
dab8dbaeb4a93a06c0855222,Hide Plain Text,Dölj oformaterad text,SuiteCRM-Core,sv-published-20260918,$mod_strings['LBL_HIDE_ALT_TEXT'],,project-context,a9efca2aede434808098b0cc,reviewed-receipt,https://github.com/yeager/translations/blob/67e6d27877c9cfd6b6dbc74bd852b10bdbe09c3c/SuiteCRM-Core/sv-published-20260918.json,e4f7faaa5625d277e7a537f5b555c2fd753d326636e98deb288463e96d6356f7,{}
dabef2f1f43797af132bf942,Teams,Team,SuiteCRM-Core,sv-security-templates-810-published-20260919,$mod_strings['LBL_TEAM'],,project-context,391e1506b2933e3f6b3a1325,reviewed-receipt,https://github.com/yeager/translations/blob/67e6d27877c9cfd6b6dbc74bd852b10bdbe09c3c/SuiteCRM-Core/sv-security-templates-810-published-20260919.json,42cfd7de0f7c9957fcaa3ebff6eab3c81aa0658852c0c7be4b0c362a2fa541ab,{}
dac26288db5d0801e8931dd0,From,Från,SuiteCRM-Core,sv-emailmarketing-a-810-published-20260919,$mod_strings['LBL_FROM'],,project-context,ec9ee72ffd8fa7052cee8379,reviewed-receipt,https://github.com/yeager/translations/blob/67e6d27877c9cfd6b6dbc74bd852b10bdbe09c3c/SuiteCRM-Core/sv-emailmarketing-a-810-published-20260919.json,84957449ddc9118eddc2b572b035053c0b63aa8200c37a30f6619f66e15777e4,{}
dac4b381a753ea955ebdf9df,Name,Namn,SuiteCRM-Core,sv-outbound-email-810-published-20260919,$mod_strings['LBL_LIST_NAME'],,project-context,66ebe2ac2c56f9237ebd027a,reviewed-receipt,https://github.com/yeager/translations/blob/67e6d27877c9cfd6b6dbc74bd852b10bdbe09c3c/SuiteCRM-Core/sv-outbound-email-810-published-20260919.json,971cdcc19e79f693c13cb15c9aee0f659a84a6c378a69f16b9dae9f6b2d70244,{}
dad1b49fd650e888a7d6f017,Number of emails processed/sent per batch:,Antal e-postmeddelanden som behandlas eller skickas per batch:,SuiteCRM-Core,sv-published-20260918,$mod_strings['LBL_EMAILS_PER_RUN'],,project-context,147190bae8131afa4ec9e96b,reviewed-receipt,https://github.com/yeager/translations/blob/67e6d27877c9cfd6b6dbc74bd852b10bdbe09c3c/SuiteCRM-Core/sv-published-20260918.json,e4f7faaa5625d277e7a537f5b555c2fd753d326636e98deb288463e96d6356f7,{}
daf4f9db5c3798b3eed9d780,Related To,Relaterat till,SuiteCRM-Core,sv-published-20260918,$mod_strings['LBL_EMAIL_RELATE'],,project-context,ef0207467f903993a5d2ce93,reviewed-receipt,https://github.com/yeager/translations/blob/67e6d27877c9cfd6b6dbc74bd852b10bdbe09c3c/SuiteCRM-Core/sv-published-20260918.json,e4f7faaa5625d277e7a537f5b555c2fd753d326636e98deb288463e96d6356f7,{}
db09e1120ee94003bef38f4d,Auth Type,Autentiseringstyp,SuiteCRM-Core,sv-inbound-email-810-published-20260919,$mod_strings['LBL_AUTH_TYPE'],,project-context,2e2124c2ae95e39e6bd1e2bc,reviewed-receipt,https://github.com/yeager/translations/blob/67e6d27877c9cfd6b6dbc74bd852b10bdbe09c3c/SuiteCRM-Core/sv-inbound-email-810-published-20260919.json,8ff080143649204a50f3a20eee408535d517ed526e8c4bad972910fef8c046e2,{}
db135906a036b1bb079f5629,Send,Skicka,SuiteCRM-Core,sv-published-20260918,$mod_strings['LBL_SEND_BUTTON_LABEL'],,project-context,8b5729277f19cc9d171b9fd1,reviewed-receipt,https://github.com/yeager/translations/blob/67e6d27877c9cfd6b6dbc74bd852b10bdbe09c3c/SuiteCRM-Core/sv-published-20260918.json,e4f7faaa5625d277e7a537f5b555c2fd753d326636e98deb288463e96d6356f7,{}
db5c40bb1ff78a7329c4b438,Billing Postal Code:,Faktureringspostnummer:,SuiteCRM-Core,sv-accounts-a-810-published-20260919,$mod_strings['LBL_BILLING_ADDRESS_POSTALCODE'],,project-context,0c35700400eda495df70db3a,reviewed-receipt,https://github.com/yeager/translations/blob/67e6d27877c9cfd6b6dbc74bd852b10bdbe09c3c/SuiteCRM-Core/sv-accounts-a-810-published-20260919.json,ea12294a7550adccf7f3bd2ee5ba9c0f994224671cce0ee6ffbeaf4e4d1eedb2,{}
db74fa7ae0518e02ece48ab3,Date & Time Start,Datum och tid för start,SuiteCRM-Core,sv-schedulers-810-published-20260919,$mod_strings['LBL_DATE_TIME_START'],,project-context,1309acc2bf0ac450ca27aaeb,reviewed-receipt,https://github.com/yeager/translations/blob/67e6d27877c9cfd6b6dbc74bd852b10bdbe09c3c/SuiteCRM-Core/sv-schedulers-810-published-20260919.json,33eb7afe2f29dd74f08bd921b07d01bf183499e1985dd5f49edf5433b2ce22bb,{}
dc00cfc428912f38ae3a2e40,Choose your Email provider:,Välj din e-postleverantör:,SuiteCRM-Core,sv-configurator-security-810-published-20260919,$mod_strings['LBL_CHOOSE_EMAIL_PROVIDER'],,project-context,7c53742086e820b0dee83937,reviewed-receipt,https://github.com/yeager/translations/blob/67e6d27877c9cfd6b6dbc74bd852b10bdbe09c3c/SuiteCRM-Core/sv-configurator-security-810-published-20260919.json,b9cffb7627e0e033ecf619b158ee05a9837fda3137dd33e9dd9cc36d32c5600c,{}
dc235a62e9d8e0548fb098e8,Gmail Email Address:,Gmail-e-postadress:,SuiteCRM-Core,sv-outbound-email-810-published-20260919,$mod_strings['LBL_GMAIL_SMTPUSER'],,project-context,186fb4ed2e35087d824b531a,reviewed-receipt,https://github.com/yeager/translations/blob/67e6d27877c9cfd6b6dbc74bd852b10bdbe09c3c/SuiteCRM-Core/sv-outbound-email-810-published-20260919.json,971cdcc19e79f693c13cb15c9aee0f659a84a6c378a69f16b9dae9f6b2d70244,{}
dc52a850bcf5460f7b74e4ff,Assigned User:,Tilldelad användare:,SuiteCRM-Core,sv-leads-a-810-published-20260919,$mod_strings['LBL_ASSIGNED_TO_ID'],,project-context,0ced32d356ba716fcfa625a7,reviewed-receipt,https://github.com/yeager/translations/blob/67e6d27877c9cfd6b6dbc74bd852b10bdbe09c3c/SuiteCRM-Core/sv-leads-a-810-published-20260919.json,60952907a18a1fa8bb5cc88e44ed4c1176c7ffce44a7c94450b6ef6b204e5217,"{""artifact"":""https://crowdin.com/project/suitecrm-core"",""sha256"":""e7c3483148be3fe229c0f56fd1c02edd1f572b1c61aa20f91dfade089eb50f0c""}"
dc63c818c4ebfda413be8c3d,Field Name,Fältnamn,SuiteCRM-Core,sv-import-a-810-published-20260919,$mod_strings['LBL_FIELD_NAME'],,project-context,cedf956cd1bd2255c64cb267,reviewed-receipt,https://github.com/yeager/translations/blob/67e6d27877c9cfd6b6dbc74bd852b10bdbe09c3c/SuiteCRM-Core/sv-import-a-810-published-20260919.json,d30b91d43a7d7312345f4e9c032488a7f4fa9f3ca1774983d75ab8967114711b,{}
dc73288c1ec151dc507fdbda,SMTP Protocol,SMTP-protokoll,SuiteCRM-Core,sv-outbound-email-810-published-20260919,$mod_strings['LBL_SMTP_PROTOCOL'],,project-context,31f15f82b85ed52ff2f9078e,reviewed-receipt,https://github.com/yeager/translations/blob/67e6d27877c9cfd6b6dbc74bd852b10bdbe09c3c/SuiteCRM-Core/sv-outbound-email-810-published-20260919.json,971cdcc19e79f693c13cb15c9aee0f659a84a6c378a69f16b9dae9f6b2d70244,{}
dcb016311d23e78bb9a71ece,Intent,Avsikt,SuiteCRM-Core,sv-published-20260918,$mod_strings['LBL_INTENT'],,project-context,f08c2df4e508392a7a0ebc04,reviewed-receipt,https://github.com/yeager/translations/blob/67e6d27877c9cfd6b6dbc74bd852b10bdbe09c3c/SuiteCRM-Core/sv-published-20260918.json,e4f7faaa5625d277e7a537f5b555c2fd753d326636e98deb288463e96d6356f7,{}
dcb8747066b45b15acfb9d43,Mail Server,E-postserver,SuiteCRM-Core,sv-inbound-email-810-a-published-20260919,$mod_strings['LBL_LIST_SERVER_URL'],,project-context,72a3014352198325f6b952b1,reviewed-receipt,https://github.com/yeager/translations/blob/67e6d27877c9cfd6b6dbc74bd852b10bdbe09c3c/SuiteCRM-Core/sv-inbound-email-810-a-published-20260919.json,67b8a04fd03d3b56d9f5e2549ac38263fc2b653e270ecd0097cbd7e2a30e424a,{}
dcc0d4b3e58ff99dc187e4c2,Direct Reports,Underordnade,SuiteCRM-Core,sv-contacts-a-810-published-20260919,$mod_strings['LBL_DIRECT_REPORTS_SUBPANEL_TITLE'],,project-context,9ab079b64a97fc051cfd7a68,reviewed-receipt,https://github.com/yeager/translations/blob/67e6d27877c9cfd6b6dbc74bd852b10bdbe09c3c/SuiteCRM-Core/sv-contacts-a-810-published-20260919.json,10584b485e200c6f1c96340054304bbf1333d0f5bdb89bae8947c2df5c4c0947,{}
dcc1cc63ab320580e87e389b,Roles,Roller,SuiteCRM-Core,sv-published-20260918,$mod_strings['LBL_ROLES'],,project-context,c04fcc750949c3127d7b7cb9,reviewed-receipt,https://github.com/yeager/translations/blob/67e6d27877c9cfd6b6dbc74bd852b10bdbe09c3c/SuiteCRM-Core/sv-published-20260918.json,e4f7faaa5625d277e7a537f5b555c2fd753d326636e98deb288463e96d6356f7,{}
dcce90322dfa85de9ccf08d7,Role:,Roll:,SuiteCRM-Core,sv-contacts-a-810-published-20260919,$mod_strings['LBL_CONTACT_ROLE'],,project-context,8f4ab36122502b9458234f3d,reviewed-receipt,https://github.com/yeager/translations/blob/67e6d27877c9cfd6b6dbc74bd852b10bdbe09c3c/SuiteCRM-Core/sv-contacts-a-810-published-20260919.json,10584b485e200c6f1c96340054304bbf1333d0f5bdb89bae8947c2df5c4c0947,{}
dce649f864ba60fb2f88456b,Targets,Mottagare,SuiteCRM-Core,sv-emailmarketing-a-810-published-20260919,$mod_strings['LNK_PROSPECT_LIST'],,project-context,9e960cc75da8e68262c74592,reviewed-receipt,https://github.com/yeager/translations/blob/67e6d27877c9cfd6b6dbc74bd852b10bdbe09c3c/SuiteCRM-Core/sv-emailmarketing-a-810-published-20260919.json,84957449ddc9118eddc2b572b035053c0b63aa8200c37a30f6619f66e15777e4,{}
dd1bd663bbeb59b7462d2374,Email Attachment,E-postbilaga,SuiteCRM-Core,suitecrm-studio-email-810-20260920,$mod_strings['LBL_EMAIL_ATTACHMENT'],,project-context,cf070cd0055f6f852719d651,reviewed-receipt,https://github.com/yeager/translations/blob/67e6d27877c9cfd6b6dbc74bd852b10bdbe09c3c/SuiteCRM-Core/suitecrm-studio-email-810-20260920.json,4ba3d4df00cc4b121cee06701e11d21dd91089b50b1451f7f0beeb6c480cb869,"{""artifact"":""https://crowdin.com/project/suitecrm-core"",""sha256"":""d85168bd9ec929f6554fc2e8f66fc4ac670d322619cfa7380a3147d4f2483fd3""}"
dd29e2f4b9aa6d7aa4a72506,Create Campaign,Skapa kampanj,SuiteCRM-Core,sv-emailmarketing-a-810-published-20260919,$mod_strings['LNK_NEW_CAMPAIGN'],,project-context,a86c4757112d51ec4fc48e2c,reviewed-receipt,https://github.com/yeager/translations/blob/67e6d27877c9cfd6b6dbc74bd852b10bdbe09c3c/SuiteCRM-Core/sv-emailmarketing-a-810-published-20260919.json,84957449ddc9118eddc2b572b035053c0b63aa8200c37a30f6619f66e15777e4,{}
dd34e626b464116e654b3d40,Missing required fields:,Saknar obligatoriska fälten:,SuiteCRM-Core,sv-import-810-reviewed-20260919,$mod_strings['ERR_MISSING_REQUIRED_FIELDS'],,project-context,320f27ae31c9b593bd8637b7,reviewed-receipt,https://github.com/yeager/translations/blob/67e6d27877c9cfd6b6dbc74bd852b10bdbe09c3c/SuiteCRM-Core/sv-import-810-reviewed-20260919.json,9ad9f80f27abc071d9102bbd8cefb9bc43256bdad442051d55760286d830c3b0,{}
dd674860300e20d6b4220050,Download list of errors,Ladda ner en lista över error,SuiteCRM-Core,sv-import-810-reviewed-20260919,$mod_strings['LNK_ERROR_LIST'],,project-context,c577b7dab48f2450af76d637,reviewed-receipt,https://github.com/yeager/translations/blob/67e6d27877c9cfd6b6dbc74bd852b10bdbe09c3c/SuiteCRM-Core/sv-import-810-reviewed-20260919.json,9ad9f80f27abc071d9102bbd8cefb9bc43256bdad442051d55760286d830c3b0,{}
dd77519c93db9b193f3781d5,Mass Update,Massuppdatering,SuiteCRM-Core,sv-dynamicfields-810-published-20260919,$mod_strings['COLUMN_TITLE_MASS_UPDATE'],,project-context,de94c6a97a065f9382b79555,reviewed-receipt,https://github.com/yeager/translations/blob/67e6d27877c9cfd6b6dbc74bd852b10bdbe09c3c/SuiteCRM-Core/sv-dynamicfields-810-published-20260919.json,d82b264795c3f57e63f446503845cb601f29790142b6abaaf61ca77271bb3c3f,{}
dd84571ff2b0c8b914eaecd6,Using From Name/Address,Använd namnet/adressen i fältet Från,SuiteCRM-Core,sv-inbound-email-810-b-published-20260919,$mod_strings['LBL_SAME_AS_ABOVE'],,project-context,56fba97a4cb136f5304e6074,reviewed-receipt,https://github.com/yeager/translations/blob/67e6d27877c9cfd6b6dbc74bd852b10bdbe09c3c/SuiteCRM-Core/sv-inbound-email-810-b-published-20260919.json,50c081232ca5f44c5a35c5973a58367c6d6b8e57fb93b0bf46982142cf2626a9,{}
dd91eb9155fc92a40d5fa78e,Cases,Ärenden,SuiteCRM-Core,sv-contacts-final-810-published-20260919,$mod_strings['LBL_CASES_SUBPANEL_TITLE'],,project-context,26edde0cc842b25d3b615661,reviewed-receipt,https://github.com/yeager/translations/blob/67e6d27877c9cfd6b6dbc74bd852b10bdbe09c3c/SuiteCRM-Core/sv-contacts-final-810-published-20260919.json,d978283a12dfb9b326a3d05a7e751d434c6e3ced5ebb9cf860d351c2ecd7f04d,{}
dda03b44b33e1ef48154609a,Choose your Email provider:,Välj e-postleverantör:,SuiteCRM-Core,sv-outbound-email-810-published-20260919,$mod_strings['LBL_CHOOSE_EMAIL_PROVIDER'],,project-context,e20850d4f23cffa0839a6670,reviewed-receipt,https://github.com/yeager/translations/blob/67e6d27877c9cfd6b6dbc74bd852b10bdbe09c3c/SuiteCRM-Core/sv-outbound-email-810-published-20260919.json,971cdcc19e79f693c13cb15c9aee0f659a84a6c378a69f16b9dae9f6b2d70244,{}
dda736ebddabba68d0a87a3c,Execute If Missed,Kör om den missades,SuiteCRM-Core,sv-schedulers-810-published-20260919,$mod_strings['LBL_CATCH_UP'],,project-context,76ead2b4b273ec5b8132d3f5,reviewed-receipt,https://github.com/yeager/translations/blob/67e6d27877c9cfd6b6dbc74bd852b10bdbe09c3c/SuiteCRM-Core/sv-schedulers-810-published-20260919.json,33eb7afe2f29dd74f08bd921b07d01bf183499e1985dd5f49edf5433b2ce22bb,{}
ddd15319e0fe236aaf5c801f,Add Bcc,Lägg till hemlig kopia,SuiteCRM-Core,sv-published-20260918,$mod_strings['LBL_ADD_BCC'],,project-context,33540a2e54cb4afd5e027fba,reviewed-receipt,https://github.com/yeager/translations/blob/67e6d27877c9cfd6b6dbc74bd852b10bdbe09c3c/SuiteCRM-Core/sv-published-20260918.json,e4f7faaa5625d277e7a537f5b555c2fd753d326636e98deb288463e96d6356f7,{}
dde1646ebf6588143ef5bba7,Numeric (Decimal Allowed),Numeriskt (Decimaler tillåtna),SuiteCRM-Core,sv-import-810-reviewed-20260919,$mod_strings['LBL_IMPORT_FIELDDEF_CURRENCY'],,project-context,19872e422d3ec161eca6ea67,reviewed-receipt,https://github.com/yeager/translations/blob/67e6d27877c9cfd6b6dbc74bd852b10bdbe09c3c/SuiteCRM-Core/sv-import-810-reviewed-20260919.json,9ad9f80f27abc071d9102bbd8cefb9bc43256bdad442051d55760286d830c3b0,{}
de4e8ab7224191dcccb97bf0,Change Log,Ändringslogg,SuiteCRM-Core,sv-audit-810-published-20260919,$mod_strings['LBL_CHANGE_LOG'],,project-context,d9bf7e40bd6377bae2e5fca6,reviewed-receipt,https://github.com/yeager/translations/blob/67e6d27877c9cfd6b6dbc74bd852b10bdbe09c3c/SuiteCRM-Core/sv-audit-810-published-20260919.json,10634041ed5fb365304e7bd8110fd391ac03583013236ac071064d72738aecb1,{}
de67f98daa626ec4e5729489,Email Addresses,E-postadresser,SuiteCRM-Core,sv-accounts-a-810-published-20260919,$mod_strings['LBL_EMAIL_ADDRESSES'],,project-context,2cac3ff8aa0df8320e27d11b,reviewed-receipt,https://github.com/yeager/translations/blob/67e6d27877c9cfd6b6dbc74bd852b10bdbe09c3c/SuiteCRM-Core/sv-accounts-a-810-published-20260919.json,ea12294a7550adccf7f3bd2ee5ba9c0f994224671cce0ee6ffbeaf4e4d1eedb2,{}
de716fd23db68ee3c0ee588a,View My Email,Visa min e-post,SuiteCRM-Core,sv-published-20260918,$mod_strings['LNK_VIEW_MY_INBOX'],,project-context,a6be836f78aec2af554dc294,reviewed-receipt,https://github.com/yeager/translations/blob/67e6d27877c9cfd6b6dbc74bd852b10bdbe09c3c/SuiteCRM-Core/sv-published-20260918.json,e4f7faaa5625d277e7a537f5b555c2fd753d326636e98deb288463e96d6356f7,{}
de858c1d0c5796378094a759,wrote:,skrev:,SuiteCRM-Core,sv-published-20260918,$mod_strings['LBL_REPLY_HEADER_2'],,project-context,1ea5c6ca318d507828c4fef4,reviewed-receipt,https://github.com/yeager/translations/blob/67e6d27877c9cfd6b6dbc74bd852b10bdbe09c3c/SuiteCRM-Core/sv-published-20260918.json,e4f7faaa5625d277e7a537f5b555c2fd753d326636e98deb288463e96d6356f7,{}
dead9d9e3ee224573e15adf3,Campaign: Send Test,Kampanj: Skicka test,SuiteCRM-Core,sv-emailmarketing-security-810-published-20260919,$mod_strings['LBL_MODULE_SEND_TEST'],,project-context,5a9415adf3948fa7506262e2,reviewed-receipt,https://github.com/yeager/translations/blob/67e6d27877c9cfd6b6dbc74bd852b10bdbe09c3c/SuiteCRM-Core/sv-emailmarketing-security-810-published-20260919.json,3204b94182121e6c1d8e5d51e878c17a5e85cc78187db29beb922e12fae48b78,{}
deb2f907f5749a224615e259,View Import File Properties,Visa avancerade inställningar,SuiteCRM-Core,sv-import-810-reviewed-20260919,$mod_strings['LBL_SHOW_ADVANCED_OPTIONS'],,project-context,8a8698fa8095b2234585f160,reviewed-receipt,https://github.com/yeager/translations/blob/67e6d27877c9cfd6b6dbc74bd852b10bdbe09c3c/SuiteCRM-Core/sv-import-810-reviewed-20260919.json,9ad9f80f27abc071d9102bbd8cefb9bc43256bdad442051d55760286d830c3b0,{}
dee81a8a87d7540cd180910e,Advanced Setup,Avancerad konfiguration,SuiteCRM-Core,sv-inbound-email-810-b-published-20260919,$mod_strings['LBL_SERVER_OPTIONS'],,project-context,25e183932cb80fb15282f9df,reviewed-receipt,https://github.com/yeager/translations/blob/67e6d27877c9cfd6b6dbc74bd852b10bdbe09c3c/SuiteCRM-Core/sv-inbound-email-810-b-published-20260919.json,50c081232ca5f44c5a35c5973a58367c6d6b8e57fb93b0bf46982142cf2626a9,{}
df01e43ca27dc421ee1f1890,Yes.,Ja.,SuiteCRM-Core,sv-inbound-email-810-b-published-20260919,$mod_strings['LBL_ONLY_SINCE_YES'],,project-context,aba281cc8dc6ebb20189470c,reviewed-receipt,https://github.com/yeager/translations/blob/67e6d27877c9cfd6b6dbc74bd852b10bdbe09c3c/SuiteCRM-Core/sv-inbound-email-810-b-published-20260919.json,50c081232ca5f44c5a35c5973a58367c6d6b8e57fb93b0bf46982142cf2626a9,{}
df0db9705904db1ae6259769,Edit,Redigera,SuiteCRM-Core,sv-acl-810-published-20260919,$mod_strings['LBL_ACTION_EDIT'],,project-context,c315fdcff4775bdbe8b2d3a3,reviewed-receipt,https://github.com/yeager/translations/blob/67e6d27877c9cfd6b6dbc74bd852b10bdbe09c3c/SuiteCRM-Core/sv-acl-810-published-20260919.json,c3d79cc04f48d5a83982b3c13a5bf197dcb035625008d4cec3b1a07c4d7311de,{}
df2db942c90c051daff922fe,Schedule,Schema,SuiteCRM-Core,sv-emailmarketing-810-reviewed-20260919,$mod_strings['LBL_SCHEDULE'],,project-context,f7788b33dcacc1564060712f,reviewed-receipt,https://github.com/yeager/translations/blob/67e6d27877c9cfd6b6dbc74bd852b10bdbe09c3c/SuiteCRM-Core/sv-emailmarketing-810-reviewed-20260919.json,5ec4491f9b64a0da78ac62fa97360cc4e284f94d49fc10bc6c878b997b7ea8af,{}
df6298ae2705050c7afd330f,Alternate Address Street:,Alternativ gatuadress:,SuiteCRM-Core,sv-contacts-a-810-published-20260919,$mod_strings['LBL_ALT_ADDRESS_STREET'],,project-context,c662642690a359f19df617c5,reviewed-receipt,https://github.com/yeager/translations/blob/67e6d27877c9cfd6b6dbc74bd852b10bdbe09c3c/SuiteCRM-Core/sv-contacts-a-810-published-20260919.json,10584b485e200c6f1c96340054304bbf1333d0f5bdb89bae8947c2df5c4c0947,{}
df65c5fa974e61378acbedb0,Target Lists,Mottagarlistor,SuiteCRM-Core,sv-emailmarketing-810-reviewed-20260919,$mod_strings['LNK_PROSPECT_LIST_LIST'],,project-context,31d6504b31bbaeb09be87e7c,reviewed-receipt,https://github.com/yeager/translations/blob/67e6d27877c9cfd6b6dbc74bd852b10bdbe09c3c/SuiteCRM-Core/sv-emailmarketing-810-reviewed-20260919.json,5ec4491f9b64a0da78ac62fa97360cc4e284f94d49fc10bc6c878b997b7ea8af,{}
df7c64e26b158038cd6ca052,System Default,Systemstandard,SuiteCRM-Core,sv-inbound-email-810-published-20260919,$mod_strings['LBL_SYSTEM_DEFAULT'],,project-context,6640f1535af0536636aef6db,reviewed-receipt,https://github.com/yeager/translations/blob/67e6d27877c9cfd6b6dbc74bd852b10bdbe09c3c/SuiteCRM-Core/sv-inbound-email-810-published-20260919.json,8ff080143649204a50f3a20eee408535d517ed526e8c4bad972910fef8c046e2,{}
df8022b4603f3c74b6782c0e,New Group Account,Nytt gruppkonto,SuiteCRM-Core,sv-outbound-email-810-published-20260919,$mod_strings['LNK_LIST_CREATE_NEW_GROUP'],,project-context,959123ad5364626cbd9d3a20,reviewed-receipt,https://github.com/yeager/translations/blob/67e6d27877c9cfd6b6dbc74bd852b10bdbe09c3c/SuiteCRM-Core/sv-outbound-email-810-published-20260919.json,971cdcc19e79f693c13cb15c9aee0f659a84a6c378a69f16b9dae9f6b2d70244,{}
dfa9d63d0790bd681b0b968f,Step 1: Select Data Source,Steg 1: Välj källan,SuiteCRM-Core,sv-import-810-reviewed-20260919,$mod_strings['LBL_STEP_1_TITLE'],,project-context,03631bdec709c1c6337bdd1d,reviewed-receipt,https://github.com/yeager/translations/blob/67e6d27877c9cfd6b6dbc74bd852b10bdbe09c3c/SuiteCRM-Core/sv-import-810-reviewed-20260919.json,9ad9f80f27abc071d9102bbd8cefb9bc43256bdad442051d55760286d830c3b0,{}
dfee44af41147cf34a5921c4,Create Case,Skapa ärende,SuiteCRM-Core,sv-contacts-final-810-published-20260919,$mod_strings['LNK_NEW_CASE'],,project-context,e0ad9f44e04597f86b59c24f,reviewed-receipt,https://github.com/yeager/translations/blob/67e6d27877c9cfd6b6dbc74bd852b10bdbe09c3c/SuiteCRM-Core/sv-contacts-final-810-published-20260919.json,d978283a12dfb9b326a3d05a7e751d434c6e3ced5ebb9cf860d351c2ecd7f04d,{}
e0084608b1cd2fcba0436e7a,SMTP Port:,SMTP-port:,SuiteCRM-Core,sv-configurator-security-810-published-20260919,$mod_strings['LBL_MAIL_SMTPPORT'],,project-context,ecd9a8a070221a98e3cd0ad6,reviewed-receipt,https://github.com/yeager/translations/blob/67e6d27877c9cfd6b6dbc74bd852b10bdbe09c3c/SuiteCRM-Core/sv-configurator-security-810-published-20260919.json,b9cffb7627e0e033ecf619b158ee05a9837fda3137dd33e9dd9cc36d32c5600c,{}
e0430213dac5be4ec8f3892a,Message Queue,Meddelandekö,SuiteCRM-Core,sv-emailmarketing-security-810-published-20260919,$mod_strings['LBL_MESSAGE_QUEUE_TITLE'],,project-context,9df48388745056a58ffd1c12,reviewed-receipt,https://github.com/yeager/translations/blob/67e6d27877c9cfd6b6dbc74bd852b10bdbe09c3c/SuiteCRM-Core/sv-emailmarketing-security-810-published-20260919.json,3204b94182121e6c1d8e5d51e878c17a5e85cc78187db29beb922e12fae48b78,{}
e048d337260a0a8a1be9ac96,Create Email Template,Skapa e-postmall,SuiteCRM-Core,sv-published-20260918,$mod_strings['LNK_NEW_EMAIL_TEMPLATE'],,project-context,43a62e54f0421d31d2a26f95,reviewed-receipt,https://github.com/yeager/translations/blob/67e6d27877c9cfd6b6dbc74bd852b10bdbe09c3c/SuiteCRM-Core/sv-published-20260918.json,e4f7faaa5625d277e7a537f5b555c2fd753d326636e98deb288463e96d6356f7,{}
e05e33e1ba99331c14ad4e43,None,Ingen,SuiteCRM-Core,sv-published-20260918,$mod_strings['LBL_NONE'],,project-context,25995187fdfea8b4d2badc89,reviewed-receipt,https://github.com/yeager/translations/blob/67e6d27877c9cfd6b6dbc74bd852b10bdbe09c3c/SuiteCRM-Core/sv-published-20260918.json,e4f7faaa5625d277e7a537f5b555c2fd753d326636e98deb288463e96d6356f7,{}
e05fc03258628d15eff341d4,Primary Address Street:,Primär gatuadress:,SuiteCRM-Core,sv-contacts-final-810-published-20260919,$mod_strings['LBL_PRIMARY_ADDRESS_STREET'],,project-context,f87ec37fd8458f789c9c1307,reviewed-receipt,https://github.com/yeager/translations/blob/67e6d27877c9cfd6b6dbc74bd852b10bdbe09c3c/SuiteCRM-Core/sv-contacts-final-810-published-20260919.json,d978283a12dfb9b326a3d05a7e751d434c6e3ced5ebb9cf860d351c2ecd7f04d,{}
e080c8a6fdb6cc1d1fe125ab,Default date format,Standardformat för datum,SuiteCRM-Core,sv-configurator-ui-810-published-20260919,$mod_strings['LBL_LOGGER_DEFAULT_DATE_FORMAT'],,project-context,097a07a8400cec6161c49615,reviewed-receipt,https://github.com/yeager/translations/blob/67e6d27877c9cfd6b6dbc74bd852b10bdbe09c3c/SuiteCRM-Core/sv-configurator-ui-810-published-20260919.json,c2c1f7f6e07523183e318bd1273893e066f03c7dc66af3e9f80e12e615c6d038,{}
e0cbecbd8a488b5314b2209a,Number of Auto-responses,Antal autosvar,SuiteCRM-Core,sv-inbound-email-810-published-20260919,$mod_strings['LBL_MAX_AUTO_REPLIES'],,project-context,770726b2cf4682f06632042c,reviewed-receipt,https://github.com/yeager/translations/blob/67e6d27877c9cfd6b6dbc74bd852b10bdbe09c3c/SuiteCRM-Core/sv-inbound-email-810-published-20260919.json,8ff080143649204a50f3a20eee408535d517ed526e8c4bad972910fef8c046e2,{}
e16e1a08376d840ee2dc11c7,Failed to write file to disk.,Det gick inte att skriva filen till disken.,SuiteCRM-Core,sv-upgradewizard-810-published-20260919,$mod_strings['ERR_UW_PHP_FILE_ERRORS'][7],,project-context,098491c33d62c9d8f2b9eb5f,reviewed-receipt,https://github.com/yeager/translations/blob/67e6d27877c9cfd6b6dbc74bd852b10bdbe09c3c/SuiteCRM-Core/sv-upgradewizard-810-published-20260919.json,4c5e554ea18d559c3ec8998eb3613f5413dea4c4c95bb851b4a0695c85b6ef99,{}
e1fba95b8d8b4133b4ec1d25,Auto-Delete External Events:,Ta bort externa händelser automatiskt:,SuiteCRM-Core,sv-published-20260918,$mod_strings['LBL_CALENDAR_SYNC_ALLOW_EXTERNAL_DELETION'],,project-context,fb6b4d544cd9c41a83034deb,reviewed-receipt,https://github.com/yeager/translations/blob/67e6d27877c9cfd6b6dbc74bd852b10bdbe09c3c/SuiteCRM-Core/sv-published-20260918.json,e4f7faaa5625d277e7a537f5b555c2fd753d326636e98deb288463e96d6356f7,{}
e20b60e44ab628bc3c7c22ee,Signature,Signatur,SuiteCRM-Core,sv-inbound-email-810-published-20260919,$mod_strings['LBL_SIGNATURE'],,project-context,e3fd412272d3ab3459dacdf2,reviewed-receipt,https://github.com/yeager/translations/blob/67e6d27877c9cfd6b6dbc74bd852b10bdbe09c3c/SuiteCRM-Core/sv-inbound-email-810-published-20260919.json,8ff080143649204a50f3a20eee408535d517ed526e8c4bad972910fef8c046e2,{}
e2511a4a9817e4ba2ef4bd86,Set as primary,Sätt som första val,SuiteCRM-Core,sv-mergerecords-810-reviewed-20260919,$mod_strings['LBL_CHANGE_PARENT'],,project-context,94c53b1bf375b79c9759ee89,reviewed-receipt,https://github.com/yeager/translations/blob/67e6d27877c9cfd6b6dbc74bd852b10bdbe09c3c/SuiteCRM-Core/sv-mergerecords-810-reviewed-20260919.json,91986f9f225ab70510f1d592ec7ab13d102e66d6e808c70be1487daa66289884,{}
e255dbcc68a13851510a756e,Header Row:,Har rubriker:,SuiteCRM-Core,sv-import-810-reviewed-20260919,$mod_strings['LBL_HAS_HEADER'],,project-context,3c1011a905c7bf2878fc16f3,reviewed-receipt,https://github.com/yeager/translations/blob/67e6d27877c9cfd6b6dbc74bd852b10bdbe09c3c/SuiteCRM-Core/sv-import-810-reviewed-20260919.json,9ad9f80f27abc071d9102bbd8cefb9bc43256bdad442051d55760286d830c3b0,{}
e27966e2f988232371b2127d,Related Campaign,Relaterad kampanj,SuiteCRM-Core,sv-emailmarketing-810-reviewed-20260919,$mod_strings['LBL_RELATED_CAMPAIGN'],,project-context,e8e82f3cd101818131662dd5,reviewed-receipt,https://github.com/yeager/translations/blob/67e6d27877c9cfd6b6dbc74bd852b10bdbe09c3c/SuiteCRM-Core/sv-emailmarketing-810-reviewed-20260919.json,5ec4491f9b64a0da78ac62fa97360cc4e284f94d49fc10bc6c878b997b7ea8af,{}
e288a6680ba4b25767313f48,Check For New Email,Sök efter ny e-post,SuiteCRM-Core,sv-published-20260918,$mod_strings['LBL_BUTTON_CHECK_TITLE'],,project-context,58802d0bd65a53279bd25ad0,reviewed-receipt,https://github.com/yeager/translations/blob/67e6d27877c9cfd6b6dbc74bd852b10bdbe09c3c/SuiteCRM-Core/sv-published-20260918.json,e4f7faaa5625d277e7a537f5b555c2fd753d326636e98deb288463e96d6356f7,{}
e29ae792885207b759080a23,Name,Namn,SuiteCRM-Core,sv-acl-810-published-20260919,$mod_strings['LBL_NAME'],,project-context,cb5bc26e3875abdce8813a20,reviewed-receipt,https://github.com/yeager/translations/blob/67e6d27877c9cfd6b6dbc74bd852b10bdbe09c3c/SuiteCRM-Core/sv-acl-810-published-20260919.json,c3d79cc04f48d5a83982b3c13a5bf197dcb035625008d4cec3b1a07c4d7311de,{}
e2fd7f8944b25c04721683a1,Service,Tjänst,SuiteCRM-Core,sv-inbound-email-810-published-20260919,$mod_strings['LBL_SERVICE'],,project-context,0f5779c5146055adb062f067,reviewed-receipt,https://github.com/yeager/translations/blob/67e6d27877c9cfd6b6dbc74bd852b10bdbe09c3c/SuiteCRM-Core/sv-inbound-email-810-published-20260919.json,8ff080143649204a50f3a20eee408535d517ed526e8c4bad972910fef8c046e2,{}
e302daadcf6c7b7d12659815,show,visa,SuiteCRM-Core,sv-published-20260918,$mod_strings['LBL_EMAIL_DETAIL_VIEW_SHOW'],,project-context,121f3e66b1d45a904e9a03f4,reviewed-receipt,https://github.com/yeager/translations/blob/67e6d27877c9cfd6b6dbc74bd852b10bdbe09c3c/SuiteCRM-Core/sv-published-20260918.json,e4f7faaa5625d277e7a537f5b555c2fd753d326636e98deb288463e96d6356f7,{}
e3136085d2d1a683bd029cdc,Scheduled Run Date,Schemalagt kördatum,SuiteCRM-Core,sv-emailmarketing-810-reviewed-20260919,$mod_strings['LBL_SCHEDULED_START_DATE'],,project-context,eb90419dd01be6c9d05c0058,reviewed-receipt,https://github.com/yeager/translations/blob/67e6d27877c9cfd6b6dbc74bd852b10bdbe09c3c/SuiteCRM-Core/sv-emailmarketing-810-reviewed-20260919.json,5ec4491f9b64a0da78ac62fa97360cc4e284f94d49fc10bc6c878b997b7ea8af,{}
e356490074065062aa016d04,Alternate Phone:,Alternativ telefon:,SuiteCRM-Core,sv-accounts-final-810-published-20260919,$mod_strings['LBL_PHONE_ALT'],,project-context,02b7313997fcdaa84987f9f8,reviewed-receipt,https://github.com/yeager/translations/blob/67e6d27877c9cfd6b6dbc74bd852b10bdbe09c3c/SuiteCRM-Core/sv-accounts-final-810-published-20260919.json,f99b6b196fed5b4409a55d1296241bb29b890401afe16c0f8654ddadb9c6a43b,{}
e371b3f2d093c8cc348f8f34,Employee Information,Anställningsinformation,SuiteCRM-Core,sv-published-20260918,$mod_strings['LBL_EMPLOYEE_INFORMATION'],,project-context,0b3071a8a9759203446df4ef,reviewed-receipt,https://github.com/yeager/translations/blob/67e6d27877c9cfd6b6dbc74bd852b10bdbe09c3c/SuiteCRM-Core/sv-published-20260918.json,e4f7faaa5625d277e7a537f5b555c2fd753d326636e98deb288463e96d6356f7,{}
e428041fda7938dc516dd4fb,Description,Beskrivning,SuiteCRM-Core,sv-published-20260918,$mod_strings['LBL_DESCRIPTION'],,project-context,40185d112c0898775e34d442,reviewed-receipt,https://github.com/yeager/translations/blob/67e6d27877c9cfd6b6dbc74bd852b10bdbe09c3c/SuiteCRM-Core/sv-published-20260918.json,e4f7faaa5625d277e7a537f5b555c2fd753d326636e98deb288463e96d6356f7,{}
e45be2dd7b56958c7c97cb19,Delete,Ta bort,SuiteCRM-Core,sv-import-a-810-published-20260919,$mod_strings['LBL_DELETE'],,project-context,d5cfb5125cf0283b7d5664e5,reviewed-receipt,https://github.com/yeager/translations/blob/67e6d27877c9cfd6b6dbc74bd852b10bdbe09c3c/SuiteCRM-Core/sv-import-a-810-published-20260919.json,d30b91d43a7d7312345f4e9c032488a7f4fa9f3ca1774983d75ab8967114711b,{}
e4a7dfb352cce43b99374790,Take from Group,Ta från grupp,SuiteCRM-Core,sv-published-20260918,$mod_strings['LBL_BUTTON_GRAB'],,project-context,58daf8de2abf51b07bb61423,reviewed-receipt,https://github.com/yeager/translations/blob/67e6d27877c9cfd6b6dbc74bd852b10bdbe09c3c/SuiteCRM-Core/sv-published-20260918.json,e4f7faaa5625d277e7a537f5b555c2fd753d326636e98deb288463e96d6356f7,{}
e4b3316a923d8ff8138b49f6,Delete,Ta bort,SuiteCRM-Core,sv-configurator-ui-810-published-20260919,$mod_strings['LBL_DELETE'],,project-context,ec83540016bbcd1ad25dd892,reviewed-receipt,https://github.com/yeager/translations/blob/67e6d27877c9cfd6b6dbc74bd852b10bdbe09c3c/SuiteCRM-Core/sv-configurator-ui-810-published-20260919.json,c2c1f7f6e07523183e318bd1273893e066f03c7dc66af3e9f80e12e615c6d038,{}
e519ffd86bea3d20945cb893,Select Sent Folder,Välj Skickat-mapp,SuiteCRM-Core,sv-inbound-email-810-b-published-20260919,$mod_strings['LBL_SELECT_SENT_FOLDERS'],,project-context,29a07c8802b3a69a5ecab9ce,reviewed-receipt,https://github.com/yeager/translations/blob/67e6d27877c9cfd6b6dbc74bd852b10bdbe09c3c/SuiteCRM-Core/sv-inbound-email-810-b-published-20260919.json,50c081232ca5f44c5a35c5973a58367c6d6b8e57fb93b0bf46982142cf2626a9,{}
e56989f6abbb5de04d4ddd22,Email Address:,E-postadress:,SuiteCRM-Core,sv-accounts-a-810-published-20260919,$mod_strings['LBL_EMAIL'],,project-context,2ae38fd95f7f339c616e8ecd,reviewed-receipt,https://github.com/yeager/translations/blob/67e6d27877c9cfd6b6dbc74bd852b10bdbe09c3c/SuiteCRM-Core/sv-accounts-a-810-published-20260919.json,ea12294a7550adccf7f3bd2ee5ba9c0f994224671cce0ee6ffbeaf4e4d1eedb2,{}
e56e25aacb1b1f2f40669475,No Auto-Reply to this Domain,Inga autosvar till denna domän,SuiteCRM-Core,sv-inbound-email-810-a-published-20260919,$mod_strings['LBL_FILTER_DOMAIN'],,project-context,c2a0ca73675a92d86c9d41c0,reviewed-receipt,https://github.com/yeager/translations/blob/67e6d27877c9cfd6b6dbc74bd852b10bdbe09c3c/SuiteCRM-Core/sv-inbound-email-810-a-published-20260919.json,67b8a04fd03d3b56d9f5e2549ac38263fc2b653e270ecd0097cbd7e2a30e424a,{}
e56f360437db3d51ad18d176,Search,Sök,SuiteCRM-Core,sv-acl-810-published-20260919,$mod_strings['LBL_SEARCH_FORM_TITLE'],,project-context,89f0b4a67f7f92c818fbb049,reviewed-receipt,https://github.com/yeager/translations/blob/67e6d27877c9cfd6b6dbc74bd852b10bdbe09c3c/SuiteCRM-Core/sv-acl-810-published-20260919.json,c3d79cc04f48d5a83982b3c13a5bf197dcb035625008d4cec3b1a07c4d7311de,{}
e595af50441d93164d7d8f3c,Accept Status,Svarsstatus,SuiteCRM-Core,sv-contacts-b-810-published-20260919,$mod_strings['LBL_LIST_ACCEPT_STATUS'],,project-context,d9496556077bb0772878874c,reviewed-receipt,https://github.com/yeager/translations/blob/67e6d27877c9cfd6b6dbc74bd852b10bdbe09c3c/SuiteCRM-Core/sv-contacts-b-810-published-20260919.json,d90efd721e18c4336904231d21d618d5245ef5fdaa19153e482b76ac0409f394,{}
e5ad8b10cf3f8d4be8d23622,Account Name:,Företagsnamn:,SuiteCRM-Core,sv-leads-a-810-published-20260919,$mod_strings['LBL_ACCOUNT_NAME'],,project-context,f959247e1b0b66cd567bff02,reviewed-receipt,https://github.com/yeager/translations/blob/67e6d27877c9cfd6b6dbc74bd852b10bdbe09c3c/SuiteCRM-Core/sv-leads-a-810-published-20260919.json,60952907a18a1fa8bb5cc88e44ed4c1176c7ffce44a7c94450b6ef6b204e5217,"{""artifact"":""https://crowdin.com/project/suitecrm-core"",""sha256"":""dc62aa4b4d7b8ccc3fe7bd618b1163f33fa86c74a27db4e9c4f925ba700f85bc""}"
e5bcd74d2a36d72f15963baa,Secret Phrase for Proxy:,Hemlig fras för proxy:,SuiteCRM-Core,suitecrm-geocode-groups-810-20260920,$mod_strings['LBL_CONFIG_GEOCODING_API_SECRET_TITLE'],,project-context,ecd7bff571ae0bec675d57b8,reviewed-receipt,https://github.com/yeager/translations/blob/67e6d27877c9cfd6b6dbc74bd852b10bdbe09c3c/SuiteCRM-Core/suitecrm-geocode-groups-810-20260920.json,ad654ac15e6a6e162ab89a8427d96f4c1df338dd8c27abb43552493328c05b1a,"{""artifact"":""https://crowdin.com/project/suitecrm-core"",""sha256"":""dfadbb71933fb9f711e1930b4e279e1829ad9889f82805c66a5b01101de23e65""}"
e5bd5b7bee1392a932f5e66d,(of Related Account/Opportunity),(för relaterat konto/affärsmöjlighet),SuiteCRM-Core,sv-maps-markers-810-20260920,$mod_strings['LBL_CONFIG_OF_RELATED_ACCOUNT_OPPORTUNITY'],,project-context,55672a8e79b15c5947979455,reviewed-receipt,https://github.com/yeager/translations/blob/67e6d27877c9cfd6b6dbc74bd852b10bdbe09c3c/SuiteCRM-Core/sv-maps-markers-810-20260920.json,4e277667258a5b1b54188926f84d9bad2c08f094847d5ea01a96605739bbda85,"{""artifact"":""https://crowdin.com/project/suitecrm-core"",""sha256"":""921d960915953487c2b9e6ce8c465bf660dfd07f4cb439076c669cfbdd167c20""}"
e5d73098c56957ea942d6759,Other Email:,Annan e-postadress:,SuiteCRM-Core,sv-contacts-b-810-published-20260919,$mod_strings['LBL_OTHER_EMAIL_ADDRESS'],,project-context,80445081e8b52d6e21183ef5,reviewed-receipt,https://github.com/yeager/translations/blob/67e6d27877c9cfd6b6dbc74bd852b10bdbe09c3c/SuiteCRM-Core/sv-contacts-b-810-published-20260919.json,d90efd721e18c4336904231d21d618d5245ef5fdaa19153e482b76ac0409f394,{}
e61e261e408f2af227f3f8f1,Opted Out,Avregistrerad,SuiteCRM-Core,sv-published-20260918,$mod_strings['LBL_OPT_OUT'],,project-context,9a4fac76b4581de6086cc39e,reviewed-receipt,https://github.com/yeager/translations/blob/67e6d27877c9cfd6b6dbc74bd852b10bdbe09c3c/SuiteCRM-Core/sv-published-20260918.json,e4f7faaa5625d277e7a537f5b555c2fd753d326636e98deb288463e96d6356f7,{}
e68545875281763ca06413a7,Default Value,Standardvärde,SuiteCRM-Core,sv-dynamicfields-810-published-20260919,$mod_strings['LBL_DEFAULT_VALUE'],,project-context,a7df06c649349fcb416ce19d,reviewed-receipt,https://github.com/yeager/translations/blob/67e6d27877c9cfd6b6dbc74bd852b10bdbe09c3c/SuiteCRM-Core/sv-dynamicfields-810-published-20260919.json,d82b264795c3f57e63f446503845cb601f29790142b6abaaf61ca77271bb3c3f,{}
e6a63dfdfbcff32175875dce,Create Campaign,Skapa kampanj,SuiteCRM-Core,sv-emailmarketing-810-reviewed-20260919,$mod_strings['LNK_NEW_CAMPAIGN'],,project-context,e2c7c322ec86c2b1dd867347,reviewed-receipt,https://github.com/yeager/translations/blob/67e6d27877c9cfd6b6dbc74bd852b10bdbe09c3c/SuiteCRM-Core/sv-emailmarketing-810-reviewed-20260919.json,5ec4491f9b64a0da78ac62fa97360cc4e284f94d49fc10bc6c878b997b7ea8af,{}
e6b4bb6b1eba6eae686ae412,"""Reply-to"" Name: ","""Svara-till"" Namn: ",SuiteCRM-Core,sv-emailmarketing-810-reviewed-20260919,$mod_strings['LBL_REPLY_NAME'],,project-context,57e866abb442d1546b2cd2b4,reviewed-receipt,https://github.com/yeager/translations/blob/67e6d27877c9cfd6b6dbc74bd852b10bdbe09c3c/SuiteCRM-Core/sv-emailmarketing-810-reviewed-20260919.json,5ec4491f9b64a0da78ac62fa97360cc4e284f94d49fc10bc6c878b997b7ea8af,{}
e73a8ad00bfc18ca61dc606c,SuiteCRM Priority (SuiteCRM always wins),SuiteCRM har prioritet (SuiteCRM gäller alltid),SuiteCRM-Core,sv-published-20260918,$mod_strings['LBL_CALENDAR_SYNC_CONFLICT_INTERNAL_BASED'],,project-context,ac6d23838859d808658c4db5,reviewed-receipt,https://github.com/yeager/translations/blob/67e6d27877c9cfd6b6dbc74bd852b10bdbe09c3c/SuiteCRM-Core/sv-published-20260918.json,e4f7faaa5625d277e7a537f5b555c2fd753d326636e98deb288463e96d6356f7,{}
e7415f156128740ac0225105,Edit Layout,Redigera layout,SuiteCRM-Core,sv-inbound-email-810-c-published-20260919,$mod_strings['LBL_EDIT_LAYOUT'],,project-context,f9dc5fc35d333a5a8d0363ac,reviewed-receipt,https://github.com/yeager/translations/blob/67e6d27877c9cfd6b6dbc74bd852b10bdbe09c3c/SuiteCRM-Core/sv-inbound-email-810-c-published-20260919.json,efc326506d8e54d83cdc6cf68ddf8af5b427dbb93c869334100bc3d2383e119a,{}
e75af0d5a2a9dba301d11aca,Close,Stäng,SuiteCRM-Core,sv-published-20260918,$mod_strings['LBL_CLOSE'],,project-context,3c7f412ba66b607427e74688,reviewed-receipt,https://github.com/yeager/translations/blob/67e6d27877c9cfd6b6dbc74bd852b10bdbe09c3c/SuiteCRM-Core/sv-published-20260918.json,e4f7faaa5625d277e7a537f5b555c2fd753d326636e98deb288463e96d6356f7,{}
e7984ac7805aafe2663539e3,Monitored Folders,Övervakade mappar,SuiteCRM-Core,sv-inbound-email-810-a-published-20260919,$mod_strings['LBL_MAILBOX'],,project-context,4a5780d5fa9f986b66453e5b,reviewed-receipt,https://github.com/yeager/translations/blob/67e6d27877c9cfd6b6dbc74bd852b10bdbe09c3c/SuiteCRM-Core/sv-inbound-email-810-a-published-20260919.json,67b8a04fd03d3b56d9f5e2549ac38263fc2b653e270ecd0097cbd7e2a30e424a,{}
e7c5a913473042c79ee3ae56,Show Details,Visa detaljer,SuiteCRM-Core,sv-upgradewizard-810-published-20260919,$mod_strings['LBL_UW_SHOW_DETAILS'],,project-context,10d9a0172300e76e351beaf1,reviewed-receipt,https://github.com/yeager/translations/blob/67e6d27877c9cfd6b6dbc74bd852b10bdbe09c3c/SuiteCRM-Core/sv-upgradewizard-810-published-20260919.json,4c5e554ea18d559c3ec8998eb3613f5413dea4c4c95bb851b4a0695c85b6ef99,{}
e7c6cfa2020aa9bd7e0da5cf,Billing Country:,Faktureringsland:,SuiteCRM-Core,sv-accounts-a-810-published-20260919,$mod_strings['LBL_BILLING_ADDRESS_COUNTRY'],,project-context,cafb1d50984ed15ffb3ff6b5,reviewed-receipt,https://github.com/yeager/translations/blob/67e6d27877c9cfd6b6dbc74bd852b10bdbe09c3c/SuiteCRM-Core/sv-accounts-a-810-published-20260919.json,ea12294a7550adccf7f3bd2ee5ba9c0f994224671cce0ee6ffbeaf4e4d1eedb2,{}
e7c71619a4de39e2f9ec9111,Send,Skicka,SuiteCRM-Core,sv-emailmarketing-810-reviewed-20260919,$mod_strings['LBL_SCHEDULE_BUTTON_TITLE'],,project-context,c73e4769aae0128eec45f0e1,reviewed-receipt,https://github.com/yeager/translations/blob/67e6d27877c9cfd6b6dbc74bd852b10bdbe09c3c/SuiteCRM-Core/sv-emailmarketing-810-reviewed-20260919.json,5ec4491f9b64a0da78ac62fa97360cc4e284f94d49fc10bc6c878b997b7ea8af,{}
e8384782dce527e0ac3d39a9,Clean Up Temporary Files,Rensa tillfälliga filer,SuiteCRM-Core,sv-schedulers-810-a-published-20260919,$mod_strings['LBL_OOTB_CLEAN_UP_TEMP_FILES'],,project-context,373fed85b4161b736844a40f,reviewed-receipt,https://github.com/yeager/translations/blob/67e6d27877c9cfd6b6dbc74bd852b10bdbe09c3c/SuiteCRM-Core/sv-schedulers-810-a-published-20260919.json,3c6c981f88e16e22e571d729a4bb12cc98db47334bbe03c18d6ed0001b81d8a8,{}
e8461beb85e21218a639f44c,On the,Den,SuiteCRM-Core,sv-schedulers-810-a-published-20260919,$mod_strings['LBL_ON_THE'],,project-context,314b997ffbf78fb06c718910,reviewed-receipt,https://github.com/yeager/translations/blob/67e6d27877c9cfd6b6dbc74bd852b10bdbe09c3c/SuiteCRM-Core/sv-schedulers-810-a-published-20260919.json,3c6c981f88e16e22e571d729a4bb12cc98db47334bbe03c18d6ed0001b81d8a8,{}
e84765fbec2ec05ead561c90,Select Sent Folder,Välj Skickat-mapp,SuiteCRM-Core,sv-inbound-email-810-published-20260919,$mod_strings['LBL_SELECT_SENT_FOLDERS'],,project-context,3e11384a3f3e51ddd62c20f1,reviewed-receipt,https://github.com/yeager/translations/blob/67e6d27877c9cfd6b6dbc74bd852b10bdbe09c3c/SuiteCRM-Core/sv-inbound-email-810-published-20260919.json,8ff080143649204a50f3a20eee408535d517ed526e8c4bad972910fef8c046e2,{}
e87c3e90b3e031be99468649,Name,Namn,SuiteCRM-Core,sv-emailmarketing-810-reviewed-20260919,$mod_strings['LBL_NAME'],,project-context,209e669ca060b6705ca31743,reviewed-receipt,https://github.com/yeager/translations/blob/67e6d27877c9cfd6b6dbc74bd852b10bdbe09c3c/SuiteCRM-Core/sv-emailmarketing-810-reviewed-20260919.json,5ec4491f9b64a0da78ac62fa97360cc4e284f94d49fc10bc6c878b997b7ea8af,{}
e895fbea6623f748eaeb1941,Show,Visa,SuiteCRM-Core,sv-upgradewizard-810-published-20260919,$mod_strings['LBL_UW_SHOW'],,project-context,7ee37544a3fdb5a63ded9983,reviewed-receipt,https://github.com/yeager/translations/blob/67e6d27877c9cfd6b6dbc74bd852b10bdbe09c3c/SuiteCRM-Core/sv-upgradewizard-810-published-20260919.json,4c5e554ea18d559c3ec8998eb3613f5413dea4c4c95bb851b4a0695c85b6ef99,{}
e8d6952b91bdcf462bf61985,Mail Server,E-postserver,SuiteCRM-Core,sv-inbound-email-810-published-20260919,$mod_strings['LBL_LIST_SERVER_URL'],,project-context,dd5fa5181be97e8a719188b1,reviewed-receipt,https://github.com/yeager/translations/blob/67e6d27877c9cfd6b6dbc74bd852b10bdbe09c3c/SuiteCRM-Core/sv-inbound-email-810-published-20260919.json,8ff080143649204a50f3a20eee408535d517ed526e8c4bad972910fef8c046e2,{}
e8e838f8dbd830454ffb3385,Send Test Email,Skicka testmeddelande,SuiteCRM-Core,sv-outbound-email-810-published-20260919,$mod_strings['LBL_SEND_TEST_EMAIL'],,project-context,3d962e6f689013991d463465,reviewed-receipt,https://github.com/yeager/translations/blob/67e6d27877c9cfd6b6dbc74bd852b10bdbe09c3c/SuiteCRM-Core/sv-outbound-email-810-published-20260919.json,971cdcc19e79f693c13cb15c9aee0f659a84a6c378a69f16b9dae9f6b2d70244,{}
e8f8350b3e427a5f223725fe,Inbound Email Accounts,Konton för inkommande e-post,SuiteCRM-Core,sv-inbound-email-810-b-published-20260919,$mod_strings['LBL_MODULE_NAME'],,project-context,c8636769839cd59f6f3e31cb,reviewed-receipt,https://github.com/yeager/translations/blob/67e6d27877c9cfd6b6dbc74bd852b10bdbe09c3c/SuiteCRM-Core/sv-inbound-email-810-b-published-20260919.json,50c081232ca5f44c5a35c5973a58367c6d6b8e57fb93b0bf46982142cf2626a9,{}
e8f8d63686c29250491c5c5d,SuiteCRM Scheduler,SuiteCRM-schemaläggare,SuiteCRM-Core,sv-schedulers-810-published-20260919,$mod_strings['LBL_MODULE_NAME'],,project-context,cb307a3b6eb4816892061a11,reviewed-receipt,https://github.com/yeager/translations/blob/67e6d27877c9cfd6b6dbc74bd852b10bdbe09c3c/SuiteCRM-Core/sv-schedulers-810-published-20260919.json,33eb7afe2f29dd74f08bd921b07d01bf183499e1985dd5f49edf5433b2ce22bb,{}
e96106256a25ac74976c9bd3,Select Users,Välj användare,SuiteCRM-Core,sv-published-20260918,$mod_strings['LBL_USER_SELECT'],,project-context,2d6d8bccc5b2e003c34ab348,reviewed-receipt,https://github.com/yeager/translations/blob/67e6d27877c9cfd6b6dbc74bd852b10bdbe09c3c/SuiteCRM-Core/sv-published-20260918.json,e4f7faaa5625d277e7a537f5b555c2fd753d326636e98deb288463e96d6356f7,{}
e96544aa3e1e42d9a2e83226,Full-text Search Index System,System för fulltextsökningsindex,SuiteCRM-Core,sv-schedulers-810-published-20260919,$mod_strings['LBL_PERFORMFULLFTSINDEX'],,project-context,39a3a4bf833b2b486d661a27,reviewed-receipt,https://github.com/yeager/translations/blob/67e6d27877c9cfd6b6dbc74bd852b10bdbe09c3c/SuiteCRM-Core/sv-schedulers-810-published-20260919.json,33eb7afe2f29dd74f08bd921b07d01bf183499e1985dd5f49edf5433b2ce22bb,{}
e9672856cd4676f910dde423,Invalid integer value,Ogiltigt integer-värde,SuiteCRM-Core,sv-import-810-reviewed-20260919,$mod_strings['LBL_ERROR_INVALID_INT'],,project-context,c3603ce0d8f2186b23105d22,reviewed-receipt,https://github.com/yeager/translations/blob/67e6d27877c9cfd6b6dbc74bd852b10bdbe09c3c/SuiteCRM-Core/sv-import-810-reviewed-20260919.json,9ad9f80f27abc071d9102bbd8cefb9bc43256bdad442051d55760286d830c3b0,{}
e99756013eb3c0768549f0d9,Releases,Utgåvor,SuiteCRM-Core,sv-published-20260918,$mod_strings['LBL_MANAGE_RELEASES'],,project-context,62874ceb4f18f1c198900b60,reviewed-receipt,https://github.com/yeager/translations/blob/67e6d27877c9cfd6b6dbc74bd852b10bdbe09c3c/SuiteCRM-Core/sv-published-20260918.json,e4f7faaa5625d277e7a537f5b555c2fd753d326636e98deb288463e96d6356f7,{}
e9ad4d367b8e22604c735230,Accept Status,Svarsstatus,SuiteCRM-Core,sv-employees-security-810-published-20260919,$mod_strings['LBL_LIST_ACCEPT_STATUS'],,project-context,a85a55ceb6b48eb9bb171abe,reviewed-receipt,https://github.com/yeager/translations/blob/67e6d27877c9cfd6b6dbc74bd852b10bdbe09c3c/SuiteCRM-Core/sv-employees-security-810-published-20260919.json,0af5647a410b8b948d2b7498e41e35be9fc19bfac0e70ffc12f65b2f3384a1b2,{}
e9d82e6fc380bfd1f500e04e,Active To,Aktiv till,SuiteCRM-Core,sv-schedulers-810-published-20260919,$mod_strings['LBL_TIME_TO'],,project-context,de1e6b558ede1605502f2208,reviewed-receipt,https://github.com/yeager/translations/blob/67e6d27877c9cfd6b6dbc74bd852b10bdbe09c3c/SuiteCRM-Core/sv-schedulers-810-published-20260919.json,33eb7afe2f29dd74f08bd921b07d01bf183499e1985dd5f49edf5433b2ce22bb,{}
e9e85dc33e132d39d826cc6a,Protocol,Protokoll,SuiteCRM-Core,sv-inbound-email-810-published-20260919,$mod_strings['LBL_PROTOCOL'],,project-context,46a0b63d94290c83c223e567,reviewed-receipt,https://github.com/yeager/translations/blob/67e6d27877c9cfd6b6dbc74bd852b10bdbe09c3c/SuiteCRM-Core/sv-inbound-email-810-published-20260919.json,8ff080143649204a50f3a20eee408535d517ed526e8c4bad972910fef8c046e2,{}
ea594b144b763cacbd40e510,Maps,Kartor,SuiteCRM-Core,sv-maps-810-20260919,$mod_strings['LBL_MODULE_ID'],,project-context,ca64ab65b66b9b9bf3b27f54,reviewed-receipt,https://github.com/yeager/translations/blob/67e6d27877c9cfd6b6dbc74bd852b10bdbe09c3c/SuiteCRM-Core/sv-maps-810-20260919.json,babb99544bc99a7d3dd3311ec921677cbf9ba177a2772b3a197170fe77e2a1f4,"{""artifact"":""https://crowdin.com/project/suitecrm-core"",""sha256"":""6a7d74cd792478d1e47728db02137694c5bc0c08a8f0fa76e7816af6e6e8a8fe""}"
ea66087f357890bf62100532,Schedule List:,Lista över scheman:,SuiteCRM-Core,sv-schedulers-810-published-20260919,$mod_strings['LBL_LIST_TITLE'],,project-context,e59d72bf71e884f2acc592f5,reviewed-receipt,https://github.com/yeager/translations/blob/67e6d27877c9cfd6b6dbc74bd852b10bdbe09c3c/SuiteCRM-Core/sv-schedulers-810-published-20260919.json,33eb7afe2f29dd74f08bd921b07d01bf183499e1985dd5f49edf5433b2ce22bb,{}
ea79beabbab3410b1cbe8d04,Security Groups,Säkerhetsgrupper,SuiteCRM-Core,sv-employees-security-810-published-20260919,$mod_strings['LBL_SECURITYGROUPS'],,project-context,8355949e459e740ae9c610bc,reviewed-receipt,https://github.com/yeager/translations/blob/67e6d27877c9cfd6b6dbc74bd852b10bdbe09c3c/SuiteCRM-Core/sv-employees-security-810-published-20260919.json,0af5647a410b8b948d2b7498e41e35be9fc19bfac0e70ffc12f65b2f3384a1b2,{}
ea7e44fb758fe3096d189465,EMAIL,E-POST,SuiteCRM-Core,sv-emailmarketing-security-810-published-20260919,$mod_strings['LBL_EMAIL'],,project-context,93d0c3b4ad76be8d56de34e1,reviewed-receipt,https://github.com/yeager/translations/blob/67e6d27877c9cfd6b6dbc74bd852b10bdbe09c3c/SuiteCRM-Core/sv-emailmarketing-security-810-published-20260919.json,3204b94182121e6c1d8e5d51e878c17a5e85cc78187db29beb922e12fae48b78,{}
ea99833174b5c728bf6ee337,SMTP Username:,SMTP-användarnamn:,SuiteCRM-Core,sv-published-20260918,$mod_strings['LBL_MAIL_SMTPUSER'],,project-context,af943d4d03b83643c58272a5,reviewed-receipt,https://github.com/yeager/translations/blob/67e6d27877c9cfd6b6dbc74bd852b10bdbe09c3c/SuiteCRM-Core/sv-published-20260918.json,e4f7faaa5625d277e7a537f5b555c2fd753d326636e98deb288463e96d6356f7,{}
eb199b1943b370f8ff4db0cb,Not valid upload.,Ogiltig uppladdning.,SuiteCRM-Core,sv-upgradewizard-810-published-20260919,$mod_strings['ERR_UW_NOT_VALID_UPLOAD'],,project-context,b09795533046d8390ccb3be4,reviewed-receipt,https://github.com/yeager/translations/blob/67e6d27877c9cfd6b6dbc74bd852b10bdbe09c3c/SuiteCRM-Core/sv-upgradewizard-810-published-20260919.json,4c5e554ea18d559c3ec8998eb3613f5413dea4c4c95bb851b4a0695c85b6ef99,{}
eb294bb4118ef2ea6753a62d,Abort,Avbryt,SuiteCRM-Core,sv-emailmarketing-security-810-published-20260919,$mod_strings['LBL_ABORT'],,project-context,6726537d89f1a42bf39ce39f,reviewed-receipt,https://github.com/yeager/translations/blob/67e6d27877c9cfd6b6dbc74bd852b10bdbe09c3c/SuiteCRM-Core/sv-emailmarketing-security-810-published-20260919.json,3204b94182121e6c1d8e5d51e878c17a5e85cc78187db29beb922e12fae48b78,{}
eb8ead29efcf7cef765ba235,Recipients are subject to opt-out validation.,Mottagarna kontrolleras mot avregistrering.,SuiteCRM-Core,sv-emailmarketing-security-810-published-20260919,$mod_strings['LBL_TYPE_MARKETING_HELP'],,project-context,d525de89f803065a7ea6c4a2,reviewed-receipt,https://github.com/yeager/translations/blob/67e6d27877c9cfd6b6dbc74bd852b10bdbe09c3c/SuiteCRM-Core/sv-emailmarketing-security-810-published-20260919.json,3204b94182121e6c1d8e5d51e878c17a5e85cc78187db29beb922e12fae48b78,{}
eb991e403c4cca24f0b629e8,Group ID,Grupp-ID,SuiteCRM-Core,sv-inbound-email-810-published-20260919,$mod_strings['LBL_GROUP_ID'],,project-context,e82e8a9ecd822e86c22af965,reviewed-receipt,https://github.com/yeager/translations/blob/67e6d27877c9cfd6b6dbc74bd852b10bdbe09c3c/SuiteCRM-Core/sv-inbound-email-810-published-20260919.json,8ff080143649204a50f3a20eee408535d517ed526e8c4bad972910fef8c046e2,{}
ebe6622961bfbe8ca471b6fd,Created By,Skapad av,SuiteCRM-Core,sv-outbound-email-810-published-20260919,$mod_strings['LBL_CREATED'],,project-context,87a07e1b9d8170f3648654cb,reviewed-receipt,https://github.com/yeager/translations/blob/67e6d27877c9cfd6b6dbc74bd852b10bdbe09c3c/SuiteCRM-Core/sv-outbound-email-810-published-20260919.json,971cdcc19e79f693c13cb15c9aee0f659a84a6c378a69f16b9dae9f6b2d70244,{}
ec00f4401dc7439e184662a4,Create Account,Skapa företag,SuiteCRM-Core,sv-accounts-final-810-published-20260919,$mod_strings['LNK_NEW_ACCOUNT'],,project-context,35fffcf691962220272b07c9,reviewed-receipt,https://github.com/yeager/translations/blob/67e6d27877c9cfd6b6dbc74bd852b10bdbe09c3c/SuiteCRM-Core/sv-accounts-final-810-published-20260919.json,f99b6b196fed5b4409a55d1296241bb29b890401afe16c0f8654ddadb9c6a43b,{}
ec122fe99a7ed23cad0b15aa,Date Created,Skapad den,SuiteCRM-Core,sv-outbound-email-810-published-20260919,$mod_strings['LBL_DATE_ENTERED'],,project-context,d77072d9e78531d622bbe7cd,reviewed-receipt,https://github.com/yeager/translations/blob/67e6d27877c9cfd6b6dbc74bd852b10bdbe09c3c/SuiteCRM-Core/sv-outbound-email-810-published-20260919.json,971cdcc19e79f693c13cb15c9aee0f659a84a6c378a69f16b9dae9f6b2d70244,{}
ec317bfdf043b827b352f371,Created Records,Skapade poster,SuiteCRM-Core,sv-import-a-810-published-20260919,$mod_strings['LBL_CREATED_TAB'],,project-context,e2d0a32d9421647c8aa7aaa7,reviewed-receipt,https://github.com/yeager/translations/blob/67e6d27877c9cfd6b6dbc74bd852b10bdbe09c3c/SuiteCRM-Core/sv-import-a-810-published-20260919.json,d30b91d43a7d7312345f4e9c032488a7f4fa9f3ca1774983d75ab8967114711b,{}
ec3342ddce365b8ea0c216d7,Authentication?,Autentisering?,SuiteCRM-Core,sv-configurator-ui-810-published-20260919,$mod_strings['LBL_PROXY_AUTH'],,project-context,93da35e68e1ac97f9ba98f45,reviewed-receipt,https://github.com/yeager/translations/blob/67e6d27877c9cfd6b6dbc74bd852b10bdbe09c3c/SuiteCRM-Core/sv-configurator-ui-810-published-20260919.json,c2c1f7f6e07523183e318bd1273893e066f03c7dc66af3e9f80e12e615c6d038,{}
ec3e680220606b3d96392e03,New Personal Account,Nytt personligt konto,SuiteCRM-Core,sv-outbound-email-810-published-20260919,$mod_strings['LNK_LIST_CREATE_NEW_PERSONAL'],,project-context,04bf9e7984575624d583f256,reviewed-receipt,https://github.com/yeager/translations/blob/67e6d27877c9cfd6b6dbc74bd852b10bdbe09c3c/SuiteCRM-Core/sv-outbound-email-810-published-20260919.json,971cdcc19e79f693c13cb15c9aee0f659a84a6c378a69f16b9dae9f6b2d70244,{}
ec463242b66725bf4bb743db,Migrations List,Lista över migreringar,SuiteCRM-Core,sv-manual-migration-tasks-810-published-20260919,$mod_strings['LBL_LIST_FORM_TITLE'],,project-context,a226a1191166ae251cdb64eb,reviewed-receipt,https://github.com/yeager/translations/blob/67e6d27877c9cfd6b6dbc74bd852b10bdbe09c3c/SuiteCRM-Core/sv-manual-migration-tasks-810-published-20260919.json,a57c55236a2b943e110d1e9093259e3e4c7c7d8364f4be24f498eb3953ea51d0,{}
ec6d12af9389f8962571be02,Start Date,Startdatum,SuiteCRM-Core,sv-emailmarketing-a-810-published-20260919,$mod_strings['LBL_DATE_START'],,project-context,12045f207cb3000aa3cb4dc3,reviewed-receipt,https://github.com/yeager/translations/blob/67e6d27877c9cfd6b6dbc74bd852b10bdbe09c3c/SuiteCRM-Core/sv-emailmarketing-a-810-published-20260919.json,84957449ddc9118eddc2b572b035053c0b63aa8200c37a30f6619f66e15777e4,{}
ecc03ddf9c46fe2841d8bb74,Ticker Symbol:,Börssymbol:,SuiteCRM-Core,sv-accounts-final-810-published-20260919,$mod_strings['LBL_TICKER_SYMBOL'],,project-context,134860fb54c332f73ed3ba74,reviewed-receipt,https://github.com/yeager/translations/blob/67e6d27877c9cfd6b6dbc74bd852b10bdbe09c3c/SuiteCRM-Core/sv-accounts-final-810-published-20260919.json,f99b6b196fed5b4409a55d1296241bb29b890401afe16c0f8654ddadb9c6a43b,{}
ece1538eb00c10da9453cf85,Opportunities,Affärer,SuiteCRM-Core,sv-contacts-final-810-published-20260919,$mod_strings['LBL_OPPORTUNITIES'],,project-context,7e14e0ac236777ddec911a66,reviewed-receipt,https://github.com/yeager/translations/blob/67e6d27877c9cfd6b6dbc74bd852b10bdbe09c3c/SuiteCRM-Core/sv-contacts-final-810-published-20260919.json,d978283a12dfb9b326a3d05a7e751d434c6e3ced5ebb9cf860d351c2ecd7f04d,{}
ece6d29971b298c74ee6ceb6,Portal API User,Portal-API-användare,SuiteCRM-Core,sv-published-20260918,$mod_strings['LBL_PORTAL_ONLY_USER'],,project-context,6d8f2bf70ad0f1e25e900208,reviewed-receipt,https://github.com/yeager/translations/blob/67e6d27877c9cfd6b6dbc74bd852b10bdbe09c3c/SuiteCRM-Core/sv-published-20260918.json,e4f7faaa5625d277e7a537f5b555c2fd753d326636e98deb288463e96d6356f7,{}
ecfa465a09c1d128c89446b4,Last Import Run Date/Time,Datum/tid för senaste importkörning,SuiteCRM-Core,sv-inbound-email-810-published-20260919,$mod_strings['LBL_LAST_IMPORT_RUN_DATETIME'],,project-context,cd33c1eb71cfce8393a7b236,reviewed-receipt,https://github.com/yeager/translations/blob/67e6d27877c9cfd6b6dbc74bd852b10bdbe09c3c/SuiteCRM-Core/sv-inbound-email-810-published-20260919.json,8ff080143649204a50f3a20eee408535d517ed526e8c4bad972910fef8c046e2,{}
ecfe1e5232c80706a03830c7,New Bounce Handling Account,Nytt konto för hantering av studsade e-postmeddelanden,SuiteCRM-Core,sv-inbound-email-810-c-published-20260919,$mod_strings['LNK_LIST_CREATE_NEW_BOUNCE'],,project-context,c58fbe883bed2c9246664f7b,reviewed-receipt,https://github.com/yeager/translations/blob/67e6d27877c9cfd6b6dbc74bd852b10bdbe09c3c/SuiteCRM-Core/sv-inbound-email-810-c-published-20260919.json,efc326506d8e54d83cdc6cf68ddf8af5b427dbb93c869334100bc3d2383e119a,{}
ed64b32ae4fa95f1d092244a,Send Test Email,Skicka testmeddelande,SuiteCRM-Core,sv-emailmarketing-security-810-published-20260919,$mod_strings['LBL_SEND_TEST_EMAIL'],,project-context,be0a0d27b8e22ab59ef52d51,reviewed-receipt,https://github.com/yeager/translations/blob/67e6d27877c9cfd6b6dbc74bd852b10bdbe09c3c/SuiteCRM-Core/sv-emailmarketing-security-810-published-20260919.json,3204b94182121e6c1d8e5d51e878c17a5e85cc78187db29beb922e12fae48b78,{}
ed7d6accce757e3dab12bd93,Group Field for Contacts:,Gruppfält för kontakter:,SuiteCRM-Core,suitecrm-geocode-groups-810-20260920,$mod_strings['LBL_CONFIG_GROUP_FIELD_FOR_CONTACTS'],,project-context,170b227352faf3d80d5a7874,reviewed-receipt,https://github.com/yeager/translations/blob/67e6d27877c9cfd6b6dbc74bd852b10bdbe09c3c/SuiteCRM-Core/suitecrm-geocode-groups-810-20260920.json,ad654ac15e6a6e162ab89a8427d96f4c1df338dd8c27abb43552493328c05b1a,"{""artifact"":""https://crowdin.com/project/suitecrm-core"",""sha256"":""77573dc317594b08f923aad3aa9af32dffaa60d08570766027854bfbd0220091""}"
ed897440c23fd14ea4086879,Download Import File Template,Hämta mall för importfil,SuiteCRM-Core,sv-import-810-reviewed-20260919,$mod_strings['LBL_EXAMPLE_FILE'],,project-context,792bf72d11f7ee10269ab614,reviewed-receipt,https://github.com/yeager/translations/blob/67e6d27877c9cfd6b6dbc74bd852b10bdbe09c3c/SuiteCRM-Core/sv-import-810-reviewed-20260919.json,9ad9f80f27abc071d9102bbd8cefb9bc43256bdad442051d55760286d830c3b0,{}
edae13055c7ea5a7399d205c,Run Migration,Kör migrering,SuiteCRM-Core,sv-manual-migration-tasks-810-published-20260919,$mod_strings['LBL_RUN_MIGRATION'],,project-context,593916e11f4ac7fb6fb387f9,reviewed-receipt,https://github.com/yeager/translations/blob/67e6d27877c9cfd6b6dbc74bd852b10bdbe09c3c/SuiteCRM-Core/sv-manual-migration-tasks-810-published-20260919.json,a57c55236a2b943e110d1e9093259e3e4c7c7d8364f4be24f498eb3953ea51d0,{}
edbcea8f07c7331fa663f2fc,Please Check Attachments!,Kontrollera bilagorna!,SuiteCRM-Core,sv-published-20260918,$mod_strings['LBL_CHECK_ATTACHMENTS'],,project-context,7bbecbc753c0e701b6aabf48,reviewed-receipt,https://github.com/yeager/translations/blob/67e6d27877c9cfd6b6dbc74bd852b10bdbe09c3c/SuiteCRM-Core/sv-published-20260918.json,e4f7faaa5625d277e7a537f5b555c2fd753d326636e98deb288463e96d6356f7,{}
edc1292671e980c3cec955bf,Duplicates,Dubbletter,SuiteCRM-Core,sv-import-810-reviewed-20260919,$mod_strings['LBL_DUPLICATE_TAB'],,project-context,84dba041e76b4df4a5378ec3,reviewed-receipt,https://github.com/yeager/translations/blob/67e6d27877c9cfd6b6dbc74bd852b10bdbe09c3c/SuiteCRM-Core/sv-import-810-reviewed-20260919.json,9ad9f80f27abc071d9102bbd8cefb9bc43256bdad442051d55760286d830c3b0,{}
edeb986c824ba5d1087b38b2,Resource Name,Resursnamn,SuiteCRM-Core,sv-contacts-final-810-published-20260919,$mod_strings['LBL_RESOURCE_NAME'],,project-context,83d9c158a17e21ac78af6329,reviewed-receipt,https://github.com/yeager/translations/blob/67e6d27877c9cfd6b6dbc74bd852b10bdbe09c3c/SuiteCRM-Core/sv-contacts-final-810-published-20260919.json,d978283a12dfb9b326a3d05a7e751d434c6e3ced5ebb9cf860d351c2ecd7f04d,{}
ee1446317c0fdd8a098c5822,Move to Next Step,Gå vidare till nästa steg,SuiteCRM-Core,sv-mergerecords-810-reviewed-20260919,$mod_strings['LBL_NEXT_STEP_TITLE'],,project-context,d0a10cfa50b0fe2a981d42fd,reviewed-receipt,https://github.com/yeager/translations/blob/67e6d27877c9cfd6b6dbc74bd852b10bdbe09c3c/SuiteCRM-Core/sv-mergerecords-810-reviewed-20260919.json,91986f9f225ab70510f1d592ec7ab13d102e66d6e808c70be1487daa66289884,{}
ee1a540319aa1c7c6dcff953,My Archived Emails,Mina arkiverade e-postmeddelanden,SuiteCRM-Core,sv-published-20260918,$mod_strings['LBL_LIST_TITLE_MY_ARCHIVES'],,project-context,79c5b496f84f7dec96aa49a1,reviewed-receipt,https://github.com/yeager/translations/blob/67e6d27877c9cfd6b6dbc74bd852b10bdbe09c3c/SuiteCRM-Core/sv-published-20260918.json,e4f7faaa5625d277e7a537f5b555c2fd753d326636e98deb288463e96d6356f7,{}
ee377b05f5122152852e0f74,Send,Skicka,SuiteCRM-Core,sv-emailmarketing-security-810-published-20260919,$mod_strings['LBL_SEND_BUTTON_LABEL'],,project-context,24715e49cbf261f3156989fe,reviewed-receipt,https://github.com/yeager/translations/blob/67e6d27877c9cfd6b6dbc74bd852b10bdbe09c3c/SuiteCRM-Core/sv-emailmarketing-security-810-published-20260919.json,3204b94182121e6c1d8e5d51e878c17a5e85cc78187db29beb922e12fae48b78,{}
ee561a8ee4a9adba4a90c955,Queue Campaign Emails,Köa kampanjmeddelanden,SuiteCRM-Core,sv-schedulers-810-a-published-20260919,$mod_strings['LBL_OOTB_SEND_EMAIL_TO_QUEUE'],,project-context,6d3dd7d9dcbd586c4608af11,reviewed-receipt,https://github.com/yeager/translations/blob/67e6d27877c9cfd6b6dbc74bd852b10bdbe09c3c/SuiteCRM-Core/sv-schedulers-810-a-published-20260919.json,3c6c981f88e16e22e571d729a4bb12cc98db47334bbe03c18d6ed0001b81d8a8,{}
ee574551a4127b47cfcfc804,Name,Namn,SuiteCRM-Core,sv-inbound-email-810-published-20260919,$mod_strings['LBL_NAME'],,project-context,b587fd94e17c3648b7e0c43a,reviewed-receipt,https://github.com/yeager/translations/blob/67e6d27877c9cfd6b6dbc74bd852b10bdbe09c3c/SuiteCRM-Core/sv-inbound-email-810-published-20260919.json,8ff080143649204a50f3a20eee408535d517ed526e8c4bad972910fef8c046e2,{}
ee72d1419fda2684f6e107ba,Action,Åtgärd,SuiteCRM-Core,sv-upgradewizard-810-published-20260919,$mod_strings['LBL_ML_ACTION'],,project-context,3b3bb85c3854ec9489c6710c,reviewed-receipt,https://github.com/yeager/translations/blob/67e6d27877c9cfd6b6dbc74bd852b10bdbe09c3c/SuiteCRM-Core/sv-upgradewizard-810-published-20260919.json,4c5e554ea18d559c3ec8998eb3613f5413dea4c4c95bb851b4a0695c85b6ef99,{}
ee798caa7433273555e9fb95,Quotes,Offerter,SuiteCRM-Core,sv-contacts-final-810-published-20260919,$mod_strings['LBL_AOS_QUOTES'],,project-context,7bac312d88c5605af752f670,reviewed-receipt,https://github.com/yeager/translations/blob/67e6d27877c9cfd6b6dbc74bd852b10bdbe09c3c/SuiteCRM-Core/sv-contacts-final-810-published-20260919.json,d978283a12dfb9b326a3d05a7e751d434c6e3ced5ebb9cf860d351c2ecd7f04d,{}
ef21dcac7dc3945f10108082,Mail Account Information,Information om e-postkonto,SuiteCRM-Core,sv-inbound-email-810-a-published-20260919,$mod_strings['LBL_BASIC'],,project-context,94e10454c798e2070ec8f4c0,reviewed-receipt,https://github.com/yeager/translations/blob/67e6d27877c9cfd6b6dbc74bd852b10bdbe09c3c/SuiteCRM-Core/sv-inbound-email-810-a-published-20260919.json,67b8a04fd03d3b56d9f5e2549ac38263fc2b653e270ecd0097cbd7e2a30e424a,{}
ef6e5f96d17c5d827529ff61,Contacts,Kontakter,SuiteCRM-Core,sv-accounts-a-810-published-20260919,$mod_strings['LBL_INVITEE'],,project-context,4abf85983973bc0868e3f4cc,reviewed-receipt,https://github.com/yeager/translations/blob/67e6d27877c9cfd6b6dbc74bd852b10bdbe09c3c/SuiteCRM-Core/sv-accounts-a-810-published-20260919.json,ea12294a7550adccf7f3bd2ee5ba9c0f994224671cce0ee6ffbeaf4e4d1eedb2,{}
ef903e38eba6d80336125ab4,Group Field for Opportunities:,Gruppfält för affärsmöjligheter:,SuiteCRM-Core,suitecrm-geocode-groups-810-20260920,$mod_strings['LBL_CONFIG_GROUP_FIELD_FOR_OPPORTUNITIES'],,project-context,942da59eb4bb9322e4ced4c6,reviewed-receipt,https://github.com/yeager/translations/blob/67e6d27877c9cfd6b6dbc74bd852b10bdbe09c3c/SuiteCRM-Core/suitecrm-geocode-groups-810-20260920.json,ad654ac15e6a6e162ab89a8427d96f4c1df338dd8c27abb43552493328c05b1a,"{""artifact"":""https://crowdin.com/project/suitecrm-core"",""sha256"":""dd3a8138efe71f1fa9d54bc63e47fde927d9fce2db532335909e2c56a469f7e4""}"
ef9886e77e189a042fcdebb3,Billing Street 4,Faktureringsadressrad 4,SuiteCRM-Core,sv-accounts-a-810-published-20260919,$mod_strings['LBL_BILLING_ADDRESS_STREET_4'],,project-context,36e5bf3f4cc0a31d52987107,reviewed-receipt,https://github.com/yeager/translations/blob/67e6d27877c9cfd6b6dbc74bd852b10bdbe09c3c/SuiteCRM-Core/sv-accounts-a-810-published-20260919.json,ea12294a7550adccf7f3bd2ee5ba9c0f994224671cce0ee6ffbeaf4e4d1eedb2,{}
ef9b0a98fc3a35f1a772f45b,Template,Mall,SuiteCRM-Core,sv-emailmarketing-a-810-published-20260919,$mod_strings['LBL_TEMPLATE_SELECTED'],,project-context,7e560a9e69ecf413e5f17ada,reviewed-receipt,https://github.com/yeager/translations/blob/67e6d27877c9cfd6b6dbc74bd852b10bdbe09c3c/SuiteCRM-Core/sv-emailmarketing-a-810-published-20260919.json,84957449ddc9118eddc2b572b035053c0b63aa8200c37a30f6619f66e15777e4,{}
eff116808d7b31a82a78438a,Office Phone:,Telefon på arbetsplatsen:,SuiteCRM-Core,sv-accounts-final-810-published-20260919,$mod_strings['LBL_PHONE_OFFICE'],,project-context,0b8fb7f1447511e872e54d00,reviewed-receipt,https://github.com/yeager/translations/blob/67e6d27877c9cfd6b6dbc74bd852b10bdbe09c3c/SuiteCRM-Core/sv-accounts-final-810-published-20260919.json,f99b6b196fed5b4409a55d1296241bb29b890401afe16c0f8654ddadb9c6a43b,{}
f01b5aad41e6bd38432585c4,Security Groups,Säkerhetsgrupper,SuiteCRM-Core,sv-acl-810-published-20260919,$mod_strings['LBL_SECURITYGROUPS'],,project-context,b2ae0368a2be70237c33c386,reviewed-receipt,https://github.com/yeager/translations/blob/67e6d27877c9cfd6b6dbc74bd852b10bdbe09c3c/SuiteCRM-Core/sv-acl-810-published-20260919.json,c3d79cc04f48d5a83982b3c13a5bf197dcb035625008d4cec3b1a07c4d7311de,{}
f03c9abdcf6ef07c55a27c61,Last Successful Run,Senaste lyckade körning,SuiteCRM-Core,sv-schedulers-810-b-published-20260919,$mod_strings['LBL_LAST_RUN'],,project-context,8c5925caf5dee802fa346425,reviewed-receipt,https://github.com/yeager/translations/blob/67e6d27877c9cfd6b6dbc74bd852b10bdbe09c3c/SuiteCRM-Core/sv-schedulers-810-b-published-20260919.json,548c9bc56c99a3a7538a1074815c96920bc4435741e6d93f91e406bcee6a6c47,{}
f052092548126a88b6e2b795,Only fetch unread emails when importing,Hämta bara olästa e-postmeddelanden vid import,SuiteCRM-Core,sv-published-20260918,$mod_strings['LBL_EMAIL_IMPORT_FETCH_UNREAD_ONLY'],,project-context,75649bab0b0ac499266fb55c,reviewed-receipt,https://github.com/yeager/translations/blob/67e6d27877c9cfd6b6dbc74bd852b10bdbe09c3c/SuiteCRM-Core/sv-published-20260918.json,e4f7faaa5625d277e7a537f5b555c2fd753d326636e98deb288463e96d6356f7,{}
f0aadf4608767fd02aa6128f,Email reminder sent,E-postpåminnelse skickad,SuiteCRM-Core,suitecrm-leads-calendar-810-20260920,$mod_strings['LBL_EMAIL_REMINDER_SENT'],,project-context,28e7e581cddcc40b83571e7f,reviewed-receipt,https://github.com/yeager/translations/blob/67e6d27877c9cfd6b6dbc74bd852b10bdbe09c3c/SuiteCRM-Core/suitecrm-leads-calendar-810-20260920.json,f09234053654d39f928ce756f89b6a85cab7f923ea276bb4ee04cf838546a4a8,"{""artifact"":""https://crowdin.com/project/suitecrm-core"",""sha256"":""62dafa398e0b270ce31695e734f35624b276bc729db5b5c4dfb2d3c57669f626""}"
f0b63818bcc2e723cbba0a58,Assigned to:,Tilldelad till:,SuiteCRM-Core,sv-maps-followup-810-20260919,$mod_strings['LBL_MAP_ASSIGNED_TO'],,project-context,0024ce10113f3d40b67cae5d,reviewed-receipt,https://github.com/yeager/translations/blob/67e6d27877c9cfd6b6dbc74bd852b10bdbe09c3c/SuiteCRM-Core/sv-maps-followup-810-20260919.json,5f224d0033386fe0f4085e2f790fcb5ab4a38846211ed394367db6ad25f4197e,"{""artifact"":""https://crowdin.com/project/suitecrm-core"",""sha256"":""04cf538195873f85fa3f65e664b7336f8d5f74801ba4ec1987e638331bc786ed""}"
f0b6d569fdf705c2cb1152cc,Email Settings,E-postinställningar,SuiteCRM-Core,sv-published-20260918,$mod_strings['LBL_MAIL_OPTIONS_TITLE'],,project-context,297fef2ae4b89ac3ea557d7c,reviewed-receipt,https://github.com/yeager/translations/blob/67e6d27877c9cfd6b6dbc74bd852b10bdbe09c3c/SuiteCRM-Core/sv-published-20260918.json,e4f7faaa5625d277e7a537f5b555c2fd753d326636e98deb288463e96d6356f7,{}
f0d84f9c21c7d92598c75848,Owner,Ägare,SuiteCRM-Core,sv-acl-810-published-20260919,$mod_strings['LBL_ACCESS_OWNER'],,project-context,a942cfb1a5d0e952975f326c,reviewed-receipt,https://github.com/yeager/translations/blob/67e6d27877c9cfd6b6dbc74bd852b10bdbe09c3c/SuiteCRM-Core/sv-acl-810-published-20260919.json,c3d79cc04f48d5a83982b3c13a5bf197dcb035625008d4cec3b1a07c4d7311de,{}
f13a326fbaf61a3f73d25ae9,Insert,Infoga,SuiteCRM-Core,sv-published-20260918,$mod_strings['LBL_INSERT'],,project-context,d110795d1c3900ce0b5aceb3,reviewed-receipt,https://github.com/yeager/translations/blob/67e6d27877c9cfd6b6dbc74bd852b10bdbe09c3c/SuiteCRM-Core/sv-published-20260918.json,e4f7faaa5625d277e7a537f5b555c2fd753d326636e98deb288463e96d6356f7,{}
f143287bf4b538a8a437cca1,Run Nightly Mass Email Campaigns,Kör nattliga massutskickskampanjer,SuiteCRM-Core,sv-schedulers-810-published-20260919,$mod_strings['LBL_RUNMASSEMAILCAMPAIGN'],,project-context,2257331722d69b8a3b0a0c5b,reviewed-receipt,https://github.com/yeager/translations/blob/67e6d27877c9cfd6b6dbc74bd852b10bdbe09c3c/SuiteCRM-Core/sv-schedulers-810-published-20260919.json,33eb7afe2f29dd74f08bd921b07d01bf183499e1985dd5f49edf5433b2ce22bb,{}
f19ee155a8d23e57f50bdb8b,Range:,Intervall:,SuiteCRM-Core,sv-schedulers-810-published-20260919,$mod_strings['LBL_LIST_RANGE'],,project-context,ce9829f915a0af5f03639ff0,reviewed-receipt,https://github.com/yeager/translations/blob/67e6d27877c9cfd6b6dbc74bd852b10bdbe09c3c/SuiteCRM-Core/sv-schedulers-810-published-20260919.json,33eb7afe2f29dd74f08bd921b07d01bf183499e1985dd5f49edf5433b2ce22bb,{}
f1b59effe63f3e77128a7e33,Add To,Lägg till mottagare,SuiteCRM-Core,sv-published-20260918,$mod_strings['LBL_ADD_TO_ADDR'],,project-context,f1644f5184ae87f4b96e86e0,reviewed-receipt,https://github.com/yeager/translations/blob/67e6d27877c9cfd6b6dbc74bd852b10bdbe09c3c/SuiteCRM-Core/sv-published-20260918.json,e4f7faaa5625d277e7a537f5b555c2fd753d326636e98deb288463e96d6356f7,{}
f1b952ad376340829cde004b,From Mailbox,Från postlåda,SuiteCRM-Core,sv-emailmarketing-810-reviewed-20260919,$mod_strings['LBL_FROM_MAILBOX'],,project-context,b0d4850703ab60a1039b1751,reviewed-receipt,https://github.com/yeager/translations/blob/67e6d27877c9cfd6b6dbc74bd852b10bdbe09c3c/SuiteCRM-Core/sv-emailmarketing-810-reviewed-20260919.json,5ec4491f9b64a0da78ac62fa97360cc4e284f94d49fc10bc6c878b997b7ea8af,{}
f1c924d15c3a8f9499827a78,Delete Read Emails After Import,Ta bort lästa e-postmeddelanden efter import,SuiteCRM-Core,sv-inbound-email-810-published-20260919,$mod_strings['LBL_DELETE_SEEN'],,project-context,1272057923b107e4fbfbf04b,reviewed-receipt,https://github.com/yeager/translations/blob/67e6d27877c9cfd6b6dbc74bd852b10bdbe09c3c/SuiteCRM-Core/sv-inbound-email-810-published-20260919.json,8ff080143649204a50f3a20eee408535d517ed526e8c4bad972910fef8c046e2,{}
f1ced132da0a50c18f8426e3,Projects,Projekt,SuiteCRM-Core,sv-contacts-final-810-published-20260919,$mod_strings['LBL_PROJECT_SUBPANEL_TITLE'],,project-context,85c1712b89f05c4c6e38ea6a,reviewed-receipt,https://github.com/yeager/translations/blob/67e6d27877c9cfd6b6dbc74bd852b10bdbe09c3c/SuiteCRM-Core/sv-contacts-final-810-published-20260919.json,d978283a12dfb9b326a3d05a7e751d434c6e3ced5ebb9cf860d351c2ecd7f04d,{}
f1ddd51e80e67b22e7c7ed0c,City:,Ort:,SuiteCRM-Core,sv-contacts-a-810-published-20260919,$mod_strings['LBL_CITY'],,project-context,8bd86a2170ff8ddda56729f5,reviewed-receipt,https://github.com/yeager/translations/blob/67e6d27877c9cfd6b6dbc74bd852b10bdbe09c3c/SuiteCRM-Core/sv-contacts-a-810-published-20260919.json,10584b485e200c6f1c96340054304bbf1333d0f5bdb89bae8947c2df5c4c0947,{}
f2052883982dbf2c9c3ffc76,Add Files,Lägg till filer,SuiteCRM-Core,sv-published-20260918,$mod_strings['LBL_ADD_FILE'],,project-context,690ffac8434fda7b906d7a58,reviewed-receipt,https://github.com/yeager/translations/blob/67e6d27877c9cfd6b6dbc74bd852b10bdbe09c3c/SuiteCRM-Core/sv-published-20260918.json,e4f7faaa5625d277e7a537f5b555c2fd753d326636e98deb288463e96d6356f7,{}
f21bb271513b743507b3ac9c,Import Emails Automatically,Importera e-postmeddelanden automatiskt,SuiteCRM-Core,sv-inbound-email-810-c-published-20260919,$mod_strings['LBL_ENABLE_AUTO_IMPORT'],,project-context,779bc7023b64727e97c435d4,reviewed-receipt,https://github.com/yeager/translations/blob/67e6d27877c9cfd6b6dbc74bd852b10bdbe09c3c/SuiteCRM-Core/sv-inbound-email-810-c-published-20260919.json,efc326506d8e54d83cdc6cf68ddf8af5b427dbb93c869334100bc3d2383e119a,{}
f22063c8cf52732013d65a75,Create Bugs,Skapa felrapporter,SuiteCRM-Core,sv-published-20260918,$mod_strings['LBL_CREATE_BUGS'],,project-context,af5767bbbe4ccecba22b0f33,reviewed-receipt,https://github.com/yeager/translations/blob/67e6d27877c9cfd6b6dbc74bd852b10bdbe09c3c/SuiteCRM-Core/sv-published-20260918.json,e4f7faaa5625d277e7a537f5b555c2fd753d326636e98deb288463e96d6356f7,{}
f26b55e9b9fa59f2645aa10e,Document,Dokument,SuiteCRM-Core,sv-published-20260918,$mod_strings['LBL_SUITE_DOCUMENT'],,project-context,f3ecffd98cda9b961ceb57c2,reviewed-receipt,https://github.com/yeager/translations/blob/67e6d27877c9cfd6b6dbc74bd852b10bdbe09c3c/SuiteCRM-Core/sv-published-20260918.json,e4f7faaa5625d277e7a537f5b555c2fd753d326636e98deb288463e96d6356f7,{}
f2acd5fd7d091c0cc9e25fe4,Modified by: ,Modifierat av: ,SuiteCRM-Core,sv-emailmarketing-810-reviewed-20260919,$mod_strings['LBL_MODIFIED'],,project-context,e4f1ea187e78ea5890b1d211,reviewed-receipt,https://github.com/yeager/translations/blob/67e6d27877c9cfd6b6dbc74bd852b10bdbe09c3c/SuiteCRM-Core/sv-emailmarketing-810-reviewed-20260919.json,5ec4491f9b64a0da78ac62fa97360cc4e284f94d49fc10bc6c878b997b7ea8af,{}
f2b40cfc3d24fe0d8344f1c9,All,Alla,SuiteCRM-Core,sv-acl-810-published-20260919,$mod_strings['LBL_ACCESS_ALL'],,project-context,5a5cddfd1b6e3a60ee9ff9f1,reviewed-receipt,https://github.com/yeager/translations/blob/67e6d27877c9cfd6b6dbc74bd852b10bdbe09c3c/SuiteCRM-Core/sv-acl-810-published-20260919.json,c3d79cc04f48d5a83982b3c13a5bf197dcb035625008d4cec3b1a07c4d7311de,{}
f2c9b0907739da6f94691d0f,City,Ort,SuiteCRM-Core,sv-contacts-final-810-published-20260919,$mod_strings['LBL_LIST_CITY'],,project-context,1858956b2e466810531c5d18,reviewed-receipt,https://github.com/yeager/translations/blob/67e6d27877c9cfd6b6dbc74bd852b10bdbe09c3c/SuiteCRM-Core/sv-contacts-final-810-published-20260919.json,d978283a12dfb9b326a3d05a7e751d434c6e3ced5ebb9cf860d351c2ecd7f04d,{}
f2cab2e5e09275a9643b5772,Create,Skapa,SuiteCRM-Core,sv-emailmarketing-a-810-published-20260919,$mod_strings['LBL_CREATE_EMAIL_TEMPLATE'],,project-context,8c40713f92aeed29315e9bed,reviewed-receipt,https://github.com/yeager/translations/blob/67e6d27877c9cfd6b6dbc74bd852b10bdbe09c3c/SuiteCRM-Core/sv-emailmarketing-a-810-published-20260919.json,84957449ddc9118eddc2b572b035053c0b63aa8200c37a30f6619f66e15777e4,{}
f2db7e8817116fcae6424d32,Email,E-post,SuiteCRM-Core,suitecrm-leads-calendar-810-20260920,$mod_strings['LBL_EMAIL'],,project-context,089e5b468480261aa38b35db,reviewed-receipt,https://github.com/yeager/translations/blob/67e6d27877c9cfd6b6dbc74bd852b10bdbe09c3c/SuiteCRM-Core/suitecrm-leads-calendar-810-20260920.json,f09234053654d39f928ce756f89b6a85cab7f923ea276bb4ee04cf838546a4a8,"{""artifact"":""https://crowdin.com/project/suitecrm-core"",""sha256"":""79ea20a2645f5e191eccf744b420947817f6ef1fe3f531ac074c07d0fec3ce10""}"
f2e8b1506fd8b86a6d42e4dc,Users,Användare,SuiteCRM-Core,sv-published-20260918,$mod_strings['LBL_LIST_FORM_TITLE'],,project-context,6af7ddcea733308a7c4f4c6b,reviewed-receipt,https://github.com/yeager/translations/blob/67e6d27877c9cfd6b6dbc74bd852b10bdbe09c3c/SuiteCRM-Core/sv-published-20260918.json,e4f7faaa5625d277e7a537f5b555c2fd753d326636e98deb288463e96d6356f7,{}
f306c2190142fa5b560650f4,Complete,Slutförd,SuiteCRM-Core,sv-upgradewizard-810-published-20260919,$mod_strings['LBL_UW_COMPLETE'],,project-context,8948db6537dfdb1855beed70,reviewed-receipt,https://github.com/yeager/translations/blob/67e6d27877c9cfd6b6dbc74bd852b10bdbe09c3c/SuiteCRM-Core/sv-upgradewizard-810-published-20260919.json,4c5e554ea18d559c3ec8998eb3613f5413dea4c4c95bb851b4a0695c85b6ef99,{}
f31b82c961b8c6d0aef08b7a,Contracts,Avtal,SuiteCRM-Core,sv-contacts-final-810-published-20260919,$mod_strings['LBL_AOS_CONTRACTS'],,project-context,a8816c31f09f239d05fe45b1,reviewed-receipt,https://github.com/yeager/translations/blob/67e6d27877c9cfd6b6dbc74bd852b10bdbe09c3c/SuiteCRM-Core/sv-contacts-final-810-published-20260919.json,d978283a12dfb9b326a3d05a7e751d434c6e3ced5ebb9cf860d351c2ecd7f04d,{}
f31ba885fa9f3ff320c72908,Try Again,Försök igen,SuiteCRM-Core,sv-import-810-reviewed-20260919,$mod_strings['LBL_TRY_AGAIN'],,project-context,58f74b7ac346eaa57ba700f6,reviewed-receipt,https://github.com/yeager/translations/blob/67e6d27877c9cfd6b6dbc74bd852b10bdbe09c3c/SuiteCRM-Core/sv-import-810-reviewed-20260919.json,9ad9f80f27abc071d9102bbd8cefb9bc43256bdad442051d55760286d830c3b0,{}
f35dbb58af75c5490acb847a,group,grupp,SuiteCRM-Core,sv-inbound-email-810-c-published-20260919,$mod_strings['LBL_IS_GROUP'],,project-context,b6eaa7d7d5fd4754a9d68abb,reviewed-receipt,https://github.com/yeager/translations/blob/67e6d27877c9cfd6b6dbc74bd852b10bdbe09c3c/SuiteCRM-Core/sv-inbound-email-810-c-published-20260919.json,efc326506d8e54d83cdc6cf68ddf8af5b427dbb93c869334100bc3d2383e119a,{}
f36a821aeee3ed151f483679,Save Merge,Spara sammanslagen post,SuiteCRM-Core,sv-mergerecords-810-reviewed-20260919,$mod_strings['LBL_SAVE_MERGED_RECORD_BUTTON_LABEL'],,project-context,8bc0abd5e3fd098e1e6c415f,reviewed-receipt,https://github.com/yeager/translations/blob/67e6d27877c9cfd6b6dbc74bd852b10bdbe09c3c/SuiteCRM-Core/sv-mergerecords-810-reviewed-20260919.json,91986f9f225ab70510f1d592ec7ab13d102e66d6e808c70be1487daa66289884,{}
f3ce16a2681cfd0a07f50e91,Body:,Brödtext:,SuiteCRM-Core,sv-published-20260918,$mod_strings['LBL_BODY'],,project-context,f6440e2e831742a0eecd6d0b,reviewed-receipt,https://github.com/yeager/translations/blob/67e6d27877c9cfd6b6dbc74bd852b10bdbe09c3c/SuiteCRM-Core/sv-published-20260918.json,e4f7faaa5625d277e7a537f5b555c2fd753d326636e98deb288463e96d6356f7,{}
f3cf8e3c602a2706520548b2,Name,Namn,SuiteCRM-Core,sv-accounts-final-810-published-20260919,$mod_strings['LBL_LIST_ACCOUNT_NAME'],,project-context,3cc71aa27a4460d6767db546,reviewed-receipt,https://github.com/yeager/translations/blob/67e6d27877c9cfd6b6dbc74bd852b10bdbe09c3c/SuiteCRM-Core/sv-accounts-final-810-published-20260919.json,f99b6b196fed5b4409a55d1296241bb29b890401afe16c0f8654ddadb9c6a43b,{}
f3e92888f884f2a030735696,Invalid Cron syntax,Ogiltig Cron-syntax,SuiteCRM-Core,sv-schedulers-810-published-20260919,$mod_strings['ERR_CRON_SYNTAX'],,project-context,79820d0a2b9d9c506b4212aa,reviewed-receipt,https://github.com/yeager/translations/blob/67e6d27877c9cfd6b6dbc74bd852b10bdbe09c3c/SuiteCRM-Core/sv-schedulers-810-published-20260919.json,33eb7afe2f29dd74f08bd921b07d01bf183499e1985dd5f49edf5433b2ce22bb,{}
f43194c97f1773d5dc3f1225,Shipping Street 3,Leveransadressrad 3,SuiteCRM-Core,sv-accounts-final-810-published-20260919,$mod_strings['LBL_SHIPPING_ADDRESS_STREET_3'],,project-context,5ffa791ca150f75f8fc10350,reviewed-receipt,https://github.com/yeager/translations/blob/67e6d27877c9cfd6b6dbc74bd852b10bdbe09c3c/SuiteCRM-Core/sv-accounts-final-810-published-20260919.json,f99b6b196fed5b4409a55d1296241bb29b890401afe16c0f8654ddadb9c6a43b,{}
f4362f360c9af1a63730e800,Exchange Username:,Exchange-användarnamn:,SuiteCRM-Core,sv-published-20260918,$mod_strings['LBL_EXCHANGE_SMTPUSER'],,project-context,718e05868942b4c677569cb4,reviewed-receipt,https://github.com/yeager/translations/blob/67e6d27877c9cfd6b6dbc74bd852b10bdbe09c3c/SuiteCRM-Core/sv-published-20260918.json,e4f7faaa5625d277e7a537f5b555c2fd753d326636e98deb288463e96d6356f7,{}
f44d9004c1d8d51cfb728a91,Fields Qualified By:,Fält förtydligade av:,SuiteCRM-Core,sv-import-810-reviewed-20260919,$mod_strings['LBL_CUSTOM_ENCLOSURE'],,project-context,ed5be8d068d7384b54df3ad3,reviewed-receipt,https://github.com/yeager/translations/blob/67e6d27877c9cfd6b6dbc74bd852b10bdbe09c3c/SuiteCRM-Core/sv-import-810-reviewed-20260919.json,9ad9f80f27abc071d9102bbd8cefb9bc43256bdad442051d55760286d830c3b0,{}
f457f2792f049e7c9f3d2e25,Contacts Sync,Kontaktsynkronisering,SuiteCRM-Core,sv-published-20260918,$mod_strings['LBL_CONTACTS_SYNC'],,project-context,43873fc1413916415bed10f1,reviewed-receipt,https://github.com/yeager/translations/blob/67e6d27877c9cfd6b6dbc74bd852b10bdbe09c3c/SuiteCRM-Core/sv-published-20260918.json,e4f7faaa5625d277e7a537f5b555c2fd753d326636e98deb288463e96d6356f7,{}
f46621e8c18009c310006a26,Email Address caps,E-postadress med versaler,SuiteCRM-Core,sv-email-addresses-810-reviewed-20260919,$mod_strings['LBL_EMAIL_ADDRESS_CAPS'],,project-context,6e5e9a2f2609eb17b6dd30de,reviewed-receipt,https://github.com/yeager/translations/blob/67e6d27877c9cfd6b6dbc74bd852b10bdbe09c3c/SuiteCRM-Core/sv-email-addresses-810-reviewed-20260919.json,274a0a2e48242ef462753efa7838ce99aa59440b092671b4eab3273704c2386d,{}
f466bf4443b264c54db66f9f,Cancel,Avbryt,SuiteCRM-Core,sv-import-810-reviewed-20260919,$mod_strings['LBL_CANCEL'],,project-context,2bcd2b67a84a916e8c1909c0,reviewed-receipt,https://github.com/yeager/translations/blob/67e6d27877c9cfd6b6dbc74bd852b10bdbe09c3c/SuiteCRM-Core/sv-import-810-reviewed-20260919.json,9ad9f80f27abc071d9102bbd8cefb9bc43256bdad442051d55760286d830c3b0,{}
f49f678d469c8794cff0ab9c,Account ID:,Företags-ID:,SuiteCRM-Core,sv-contacts-a-810-published-20260919,$mod_strings['LBL_ACCOUNT_ID'],,project-context,796d0dddde6c8661e89aa349,reviewed-receipt,https://github.com/yeager/translations/blob/67e6d27877c9cfd6b6dbc74bd852b10bdbe09c3c/SuiteCRM-Core/sv-contacts-a-810-published-20260919.json,10584b485e200c6f1c96340054304bbf1333d0f5bdb89bae8947c2df5c4c0947,{}
f5244ff9d8eeb8c7a0731830,Recipients,Mottagare,SuiteCRM-Core,sv-published-20260918,$mod_strings['LBL_INVITEE'],,project-context,1f912650d074cfa2c351320c,reviewed-receipt,https://github.com/yeager/translations/blob/67e6d27877c9cfd6b6dbc74bd852b10bdbe09c3c/SuiteCRM-Core/sv-published-20260918.json,e4f7faaa5625d277e7a537f5b555c2fd753d326636e98deb288463e96d6356f7,{}
f534a970da7364ffe3b26fb3,From Name: ,Från Namn: ,SuiteCRM-Core,sv-emailmarketing-810-reviewed-20260919,$mod_strings['LBL_FROM_NAME'],,project-context,eba2c5c061608953f22c12b3,reviewed-receipt,https://github.com/yeager/translations/blob/67e6d27877c9cfd6b6dbc74bd852b10bdbe09c3c/SuiteCRM-Core/sv-emailmarketing-810-reviewed-20260919.json,5ec4491f9b64a0da78ac62fa97360cc4e284f94d49fc10bc6c878b997b7ea8af,{}
f5948a48725ec2edaf340bc3,Password:,Lösenord:,SuiteCRM-Core,sv-employees-security-810-published-20260919,$mod_strings['LBL_PASSWORD'],,project-context,07054044e051f93216025711,reviewed-receipt,https://github.com/yeager/translations/blob/67e6d27877c9cfd6b6dbc74bd852b10bdbe09c3c/SuiteCRM-Core/sv-employees-security-810-published-20260919.json,0af5647a410b8b948d2b7498e41e35be9fc19bfac0e70ffc12f65b2f3384a1b2,{}
f5a0f5f52b91995ec9e4b96d,Office Phone,Telefon på arbetsplatsen,SuiteCRM-Core,sv-contacts-b-810-published-20260919,$mod_strings['LBL_LIST_PHONE'],,project-context,d34b57d0d9e3f716c732f267,reviewed-receipt,https://github.com/yeager/translations/blob/67e6d27877c9cfd6b6dbc74bd852b10bdbe09c3c/SuiteCRM-Core/sv-contacts-b-810-published-20260919.json,d90efd721e18c4336904231d21d618d5245ef5fdaa19153e482b76ac0409f394,{}
f5b9fa63b8d4c407d5171470,Ownership:,Ägarform:,SuiteCRM-Core,sv-accounts-final-810-published-20260919,$mod_strings['LBL_OWNERSHIP'],,project-context,2695f44011ddc18e54c78b91,reviewed-receipt,https://github.com/yeager/translations/blob/67e6d27877c9cfd6b6dbc74bd852b10bdbe09c3c/SuiteCRM-Core/sv-accounts-final-810-published-20260919.json,f99b6b196fed5b4409a55d1296241bb29b890401afe16c0f8654ddadb9c6a43b,{}
f5cfd68c4a2d49ef16057b94,Show Plain Text,Visa oformaterad text,SuiteCRM-Core,sv-published-20260918,$mod_strings['LBL_SHOW_ALT_TEXT'],,project-context,c87aa42ff1ec4261e323241d,reviewed-receipt,https://github.com/yeager/translations/blob/67e6d27877c9cfd6b6dbc74bd852b10bdbe09c3c/SuiteCRM-Core/sv-published-20260918.json,e4f7faaa5625d277e7a537f5b555c2fd753d326636e98deb288463e96d6356f7,{}
f5e11a94ad6d76d86e8c3963,Date & Time End,Datum och tid för slut,SuiteCRM-Core,sv-schedulers-810-published-20260919,$mod_strings['LBL_DATE_TIME_END'],,project-context,0a70b37f9fa1330152f03a53,reviewed-receipt,https://github.com/yeager/translations/blob/67e6d27877c9cfd6b6dbc74bd852b10bdbe09c3c/SuiteCRM-Core/sv-schedulers-810-published-20260919.json,33eb7afe2f29dd74f08bd921b07d01bf183499e1985dd5f49edf5433b2ce22bb,{}
f5f958a247b96229682acdba,Move Messages To Trash After Import?,Flytta meddelanden till papperskorgen efter import?,SuiteCRM-Core,sv-inbound-email-810-published-20260919,$mod_strings['LBL_MOVE_MESSAGES_TO_TRASH_AFTER_IMPORT'],,project-context,a1a44a1fb23f6afcec0fe372,reviewed-receipt,https://github.com/yeager/translations/blob/67e6d27877c9cfd6b6dbc74bd852b10bdbe09c3c/SuiteCRM-Core/sv-inbound-email-810-published-20260919.json,8ff080143649204a50f3a20eee408535d517ed526e8c4bad972910fef8c046e2,{}
f68466ae69e4265e7f5c3bac,Invalid datetime,Ogiltigt datum och klockslag,SuiteCRM-Core,sv-import-a-810-published-20260919,$mod_strings['LBL_ERROR_INVALID_DATETIMECOMBO'],,project-context,4bce8b8b8357d22ee104731a,reviewed-receipt,https://github.com/yeager/translations/blob/67e6d27877c9cfd6b6dbc74bd852b10bdbe09c3c/SuiteCRM-Core/sv-import-a-810-published-20260919.json,d30b91d43a7d7312345f4e9c032488a7f4fa9f3ca1774983d75ab8967114711b,{}
f696a6d2e4d5398125104c0f,Fields to Check:,Använda index,SuiteCRM-Core,sv-import-810-reviewed-20260919,$mod_strings['LBL_INDEX_USED'],,project-context,62486aab1b78b26b674354bf,reviewed-receipt,https://github.com/yeager/translations/blob/67e6d27877c9cfd6b6dbc74bd852b10bdbe09c3c/SuiteCRM-Core/sv-import-810-reviewed-20260919.json,9ad9f80f27abc071d9102bbd8cefb9bc43256bdad442051d55760286d830c3b0,{}
f698d7dc213cce3471077934,SMTP Username:,SMTP-användarnamn:,SuiteCRM-Core,sv-configurator-security-810-published-20260919,$mod_strings['LBL_MAIL_SMTPUSER'],,project-context,b515df9a0d1f558f79e2b6d0,reviewed-receipt,https://github.com/yeager/translations/blob/67e6d27877c9cfd6b6dbc74bd852b10bdbe09c3c/SuiteCRM-Core/sv-configurator-security-810-published-20260919.json,b9cffb7627e0e033ecf619b158ee05a9837fda3137dd33e9dd9cc36d32c5600c,{}
f7673b9c0d0bc4250592e71f,Date Modified,Ändringsdatum,SuiteCRM-Core,sv-emailmarketing-810-reviewed-20260919,$mod_strings['LBL_DATE_MODIFIED'],,project-context,a8ad4a87acc82ea352626b07,reviewed-receipt,https://github.com/yeager/translations/blob/67e6d27877c9cfd6b6dbc74bd852b10bdbe09c3c/SuiteCRM-Core/sv-emailmarketing-810-reviewed-20260919.json,5ec4491f9b64a0da78ac62fa97360cc4e284f94d49fc10bc6c878b997b7ea8af,{}
f77c0a4db9a222796fa0ac17,Reports to ID:,Rapporterar till-ID:,SuiteCRM-Core,sv-contacts-final-810-published-20260919,$mod_strings['LBL_REPORTS_TO_ID'],,project-context,d69ae331cd7bda57935453ee,reviewed-receipt,https://github.com/yeager/translations/blob/67e6d27877c9cfd6b6dbc74bd852b10bdbe09c3c/SuiteCRM-Core/sv-contacts-final-810-published-20260919.json,d978283a12dfb9b326a3d05a7e751d434c6e3ced5ebb9cf860d351c2ecd7f04d,{}
f7834a055844a1b90a6324f2,List Roles By User,Lista roller per användare,SuiteCRM-Core,sv-acl-810-published-20260919,$mod_strings['LIST_ROLES_BY_USER'],,project-context,8e3a420d9e752f834dc881f7,reviewed-receipt,https://github.com/yeager/translations/blob/67e6d27877c9cfd6b6dbc74bd852b10bdbe09c3c/SuiteCRM-Core/sv-acl-810-published-20260919.json,c3d79cc04f48d5a83982b3c13a5bf197dcb035625008d4cec3b1a07c4d7311de,{}
f78468fbf9853bc16f56462e,Users,Användare,SuiteCRM-Core,sv-published-20260918,$mod_strings['LBL_DEFAULT_SUBPANEL_TITLE'],,project-context,9245b5b54c32c764fa54c074,reviewed-receipt,https://github.com/yeager/translations/blob/67e6d27877c9cfd6b6dbc74bd852b10bdbe09c3c/SuiteCRM-Core/sv-published-20260918.json,e4f7faaa5625d277e7a537f5b555c2fd753d326636e98deb288463e96d6356f7,{}
f7bfa86ffb6d86cc3aeada0b,On,Den,SuiteCRM-Core,sv-published-20260918,$mod_strings['LBL_REPLY_HEADER_1'],,project-context,8ebefccb54383fca32d5d5de,reviewed-receipt,https://github.com/yeager/translations/blob/67e6d27877c9cfd6b6dbc74bd852b10bdbe09c3c/SuiteCRM-Core/sv-published-20260918.json,e4f7faaa5625d277e7a537f5b555c2fd753d326636e98deb288463e96d6356f7,{}
f7db4611700eca402ce3eaf5,My Drafts,Mina utkast,SuiteCRM-Core,sv-published-20260918,$mod_strings['LBL_LIST_TITLE_MY_DRAFTS'],,project-context,a88b6059909ac4625d696d2d,reviewed-receipt,https://github.com/yeager/translations/blob/67e6d27877c9cfd6b6dbc74bd852b10bdbe09c3c/SuiteCRM-Core/sv-published-20260918.json,e4f7faaa5625d277e7a537f5b555c2fd753d326636e98deb288463e96d6356f7,{}
f7e90edc42b0f6023c9e6d71,Description,Beskrivning,SuiteCRM-Core,sv-published-20260918,$mod_strings['LBL_ML_DESCRIPTION'],,project-context,76bf287a1beeb073795d5f3b,reviewed-receipt,https://github.com/yeager/translations/blob/67e6d27877c9cfd6b6dbc74bd852b10bdbe09c3c/SuiteCRM-Core/sv-published-20260918.json,e4f7faaa5625d277e7a537f5b555c2fd753d326636e98deb288463e96d6356f7,{}
f7fafb4e290b61b04cadce30,Run Report Generation Scheduled Tasks,Kör schemalagda uppgifter för rapportgenerering,SuiteCRM-Core,sv-schedulers-810-published-20260919,$mod_strings['LBL_OOTB_REPORTS'],,project-context,c457fc34536fc9b025bee81d,reviewed-receipt,https://github.com/yeager/translations/blob/67e6d27877c9cfd6b6dbc74bd852b10bdbe09c3c/SuiteCRM-Core/sv-schedulers-810-published-20260919.json,33eb7afe2f29dd74f08bd921b07d01bf183499e1985dd5f49edf5433b2ce22bb,{}
f804d6e9346404a9e2245c28,Merge Search,Slå ihop Sökning,SuiteCRM-Core,sv-mergerecords-810-reviewed-20260919,$mod_strings['LBL_SEARCH_FORM_TITLE'],,project-context,38aa8627683f660222f4f744,reviewed-receipt,https://github.com/yeager/translations/blob/67e6d27877c9cfd6b6dbc74bd852b10bdbe09c3c/SuiteCRM-Core/sv-mergerecords-810-reviewed-20260919.json,91986f9f225ab70510f1d592ec7ab13d102e66d6e808c70be1487daa66289884,{}
f836cfffde55d5c55544910f,Postal Code:,Postnummer:,SuiteCRM-Core,sv-accounts-final-810-published-20260919,$mod_strings['LBL_POSTAL_CODE'],,project-context,a429cfb3459f0e6a26ffd201,reviewed-receipt,https://github.com/yeager/translations/blob/67e6d27877c9cfd6b6dbc74bd852b10bdbe09c3c/SuiteCRM-Core/sv-accounts-final-810-published-20260919.json,f99b6b196fed5b4409a55d1296241bb29b890401afe16c0f8654ddadb9c6a43b,{}
f83dadc19059081c4916ffb5,Enable Range Search,Aktivera intervallsökning,SuiteCRM-Core,sv-dynamicfields-810-published-20260919,$mod_strings['COLUMN_TITLE_ENABLE_RANGE_SEARCH'],,project-context,6d168996421a03a8a097e240,reviewed-receipt,https://github.com/yeager/translations/blob/67e6d27877c9cfd6b6dbc74bd852b10bdbe09c3c/SuiteCRM-Core/sv-dynamicfields-810-published-20260919.json,d82b264795c3f57e63f446503845cb601f29790142b6abaaf61ca77271bb3c3f,{}
f84a5e3a33d5d8408fd9e039,Drafts,Utkast,SuiteCRM-Core,sv-inbound-email-810-published-20260919,$mod_strings['LNK_MY_DRAFTS'],,project-context,2060cc22d50963cbd8233f10,reviewed-receipt,https://github.com/yeager/translations/blob/67e6d27877c9cfd6b6dbc74bd852b10bdbe09c3c/SuiteCRM-Core/sv-inbound-email-810-published-20260919.json,8ff080143649204a50f3a20eee408535d517ed526e8c4bad972910fef8c046e2,{}
f85f1c57e7238ffc3f35a491,Name Display Format,Namnvisningsformat,SuiteCRM-Core,sv-import-810-reviewed-20260919,$mod_strings['LBL_LOCALE_DEFAULT_NAME_FORMAT'],,project-context,b95d7f34705e1eafb983afa2,reviewed-receipt,https://github.com/yeager/translations/blob/67e6d27877c9cfd6b6dbc74bd852b10bdbe09c3c/SuiteCRM-Core/sv-import-810-reviewed-20260919.json,9ad9f80f27abc071d9102bbd8cefb9bc43256bdad442051d55760286d830c3b0,{}
f8dc38e1d35134d0fa0548bc,Target Lists,Mottagarlistor,SuiteCRM-Core,sv-emailmarketing-810-reviewed-20260919,$mod_strings['LBL_PROSPECT_LIST_SUBPANEL_TITLE'],,project-context,d4158d3d3fabd9e32be79355,reviewed-receipt,https://github.com/yeager/translations/blob/67e6d27877c9cfd6b6dbc74bd852b10bdbe09c3c/SuiteCRM-Core/sv-emailmarketing-810-reviewed-20260919.json,5ec4491f9b64a0da78ac62fa97360cc4e284f94d49fc10bc6c878b997b7ea8af,{}
f8f38ee442b7d4a794de928a,Roles,Roller,SuiteCRM-Core,sv-published-20260918,$mod_strings['LBL_ROLES_SUBPANEL_TITLE'],,project-context,63d66427c21a9e0c99468d2d,reviewed-receipt,https://github.com/yeager/translations/blob/67e6d27877c9cfd6b6dbc74bd852b10bdbe09c3c/SuiteCRM-Core/sv-published-20260918.json,e4f7faaa5625d277e7a537f5b555c2fd753d326636e98deb288463e96d6356f7,{}
f92c3e6668697adf78225f6e,Success:,Genomfört:,SuiteCRM-Core,sv-import-810-reviewed-20260919,$mod_strings['LBL_SUCCESS'],,project-context,0b6e9343cbeeaed55f8ace3a,reviewed-receipt,https://github.com/yeager/translations/blob/67e6d27877c9cfd6b6dbc74bd852b10bdbe09c3c/SuiteCRM-Core/sv-import-810-reviewed-20260919.json,9ad9f80f27abc071d9102bbd8cefb9bc43256bdad442051d55760286d830c3b0,{}
f92dfa138203c69d7656d8cf,EMAIL,E-POST,SuiteCRM-Core,sv-emailmarketing-810-reviewed-20260919,$mod_strings['LBL_EMAIL'],,project-context,e5739ff4d917405204222526,reviewed-receipt,https://github.com/yeager/translations/blob/67e6d27877c9cfd6b6dbc74bd852b10bdbe09c3c/SuiteCRM-Core/sv-emailmarketing-810-reviewed-20260919.json,5ec4491f9b64a0da78ac62fa97360cc4e284f94d49fc10bc6c878b997b7ea8af,{}
f940b097e10be722ca22b306,Prune Database on 1st of Month,Rensa databasen den första varje månad,SuiteCRM-Core,sv-schedulers-810-a-published-20260919,$mod_strings['LBL_OOTB_PRUNE'],,project-context,37091d19fb4ca8cc7aba606b,reviewed-receipt,https://github.com/yeager/translations/blob/67e6d27877c9cfd6b6dbc74bd852b10bdbe09c3c/SuiteCRM-Core/sv-schedulers-810-a-published-20260919.json,3c6c981f88e16e22e571d729a4bb12cc98db47334bbe03c18d6ed0001b81d8a8,{}
f94336492c24f257dadeb700,Result,Resultat,SuiteCRM-Core,sv-schedulerjobs-810-published-20260919,$mod_strings['LBL_RESOLUTION'],,project-context,494e9b80835d006cdafdc0e3,reviewed-receipt,https://github.com/yeager/translations/blob/67e6d27877c9cfd6b6dbc74bd852b10bdbe09c3c/SuiteCRM-Core/sv-schedulerjobs-810-published-20260919.json,39ece1dd6abbe7117cd3f0433632a40e1beb4e595e8ab66ce266caf7d0c35321,{}
f94b32dd3294b788a432ac1e,Schedulers,Schemaläggare,SuiteCRM-Core,sv-schedulers-810-b-published-20260919,$mod_strings['LNK_LIST_SCHEDULER'],,project-context,0693516c8d553cd4a7e618c3,reviewed-receipt,https://github.com/yeager/translations/blob/67e6d27877c9cfd6b6dbc74bd852b10bdbe09c3c/SuiteCRM-Core/sv-schedulers-810-b-published-20260919.json,548c9bc56c99a3a7538a1074815c96920bc4435741e6d93f91e406bcee6a6c47,{}
f97531a2e362422acb093e3e,Emails:Accounts,E-post:Konton,SuiteCRM-Core,sv-published-20260918,$mod_strings['LBL_EMAILS_ACCOUNTS_REL'],,project-context,eee4303fa8e835a4f000475c,reviewed-receipt,https://github.com/yeager/translations/blob/67e6d27877c9cfd6b6dbc74bd852b10bdbe09c3c/SuiteCRM-Core/sv-published-20260918.json,e4f7faaa5625d277e7a537f5b555c2fd753d326636e98deb288463e96d6356f7,{}
f9774e5a5ac70f00d162aabb,Password,Lösenord,SuiteCRM-Core,sv-inbound-email-810-b-published-20260919,$mod_strings['LBL_PASSWORD'],,project-context,9833339ef243e9ce79156b84,reviewed-receipt,https://github.com/yeager/translations/blob/67e6d27877c9cfd6b6dbc74bd852b10bdbe09c3c/SuiteCRM-Core/sv-inbound-email-810-b-published-20260919.json,50c081232ca5f44c5a35c5973a58367c6d6b8e57fb93b0bf46982142cf2626a9,{}
f97f83442cad8109847f27ba,Bugs,Fel,SuiteCRM-Core,sv-contacts-final-810-published-20260919,$mod_strings['LBL_BUGS_SUBPANEL_TITLE'],,project-context,dc180ac25fd4effb9b46f0c7,reviewed-receipt,https://github.com/yeager/translations/blob/67e6d27877c9cfd6b6dbc74bd852b10bdbe09c3c/SuiteCRM-Core/sv-contacts-final-810-published-20260919.json,d978283a12dfb9b326a3d05a7e751d434c6e3ced5ebb9cf860d351c2ecd7f04d,{}
f9c5c359dff7ed97ba6d3436,Migrations,Migreringar,SuiteCRM-Core,sv-manual-migration-tasks-810-published-20260919,$mod_strings['LBL_MODULE_TITLE'],,project-context,fab13b6f7127b176e72d8239,reviewed-receipt,https://github.com/yeager/translations/blob/67e6d27877c9cfd6b6dbc74bd852b10bdbe09c3c/SuiteCRM-Core/sv-manual-migration-tasks-810-published-20260919.json,a57c55236a2b943e110d1e9093259e3e4c7c7d8364f4be24f498eb3953ea51d0,{}
fa32e06be9c10f500c229bf8,Created By,Skapad av,SuiteCRM-Core,sv-published-20260918,$mod_strings['LBL_CREATED_BY'],,project-context,04f719c7733105cffedb56a0,reviewed-receipt,https://github.com/yeager/translations/blob/67e6d27877c9cfd6b6dbc74bd852b10bdbe09c3c/SuiteCRM-Core/sv-published-20260918.json,e4f7faaa5625d277e7a537f5b555c2fd753d326636e98deb288463e96d6356f7,{}
fa9f12097b7dc83eb372c5b7,AOP Poll Monitored Inboxes,Kontrollera övervakade inkorgar för AOP,SuiteCRM-Core,sv-schedulers-810-published-20260919,$mod_strings['LBL_POLLMONITOREDINBOXESAOP'],,project-context,837cf20ed1f25250b22f9d1c,reviewed-receipt,https://github.com/yeager/translations/blob/67e6d27877c9cfd6b6dbc74bd852b10bdbe09c3c/SuiteCRM-Core/sv-schedulers-810-published-20260919.json,33eb7afe2f29dd74f08bd921b07d01bf183499e1985dd5f49edf5433b2ce22bb,{}
faf8305ca250850b51027c88,Scheduler:,Schemaläggare:,SuiteCRM-Core,sv-schedulers-810-published-20260919,$mod_strings['LBL_SCHEDULER'],,project-context,bd792c662eab72a4050a5554,reviewed-receipt,https://github.com/yeager/translations/blob/67e6d27877c9cfd6b6dbc74bd852b10bdbe09c3c/SuiteCRM-Core/sv-schedulers-810-published-20260919.json,33eb7afe2f29dd74f08bd921b07d01bf183499e1985dd5f49edf5433b2ce22bb,{}
fb3ea840cdfec61030133715,Job Title,Befattning,SuiteCRM-Core,sv-contacts-b-810-published-20260919,$mod_strings['LBL_LIST_TITLE'],,project-context,f474a81a47cccf1a1ec91c05,reviewed-receipt,https://github.com/yeager/translations/blob/67e6d27877c9cfd6b6dbc74bd852b10bdbe09c3c/SuiteCRM-Core/sv-contacts-b-810-published-20260919.json,d90efd721e18c4336904231d21d618d5245ef5fdaa19153e482b76ac0409f394,{}
fb44e9e5832ee8b8c1379007,Has test data,Har testdata,SuiteCRM-Core,sv-emailmarketing-810-reviewed-20260919,$mod_strings['LBL_HAS_TEST_DATA'],,project-context,994ef88a053dab0aed8bd2b0,reviewed-receipt,https://github.com/yeager/translations/blob/67e6d27877c9cfd6b6dbc74bd852b10bdbe09c3c/SuiteCRM-Core/sv-emailmarketing-810-reviewed-20260919.json,5ec4491f9b64a0da78ac62fa97360cc4e284f94d49fc10bc6c878b997b7ea8af,{}
fb4f4556022e6fb6d44048b3,Display Downloads Tab,Visa fliken Hämtningar,SuiteCRM-Core,sv-configurator-ui-810-published-20260919,$mod_strings['SHOW_DOWNLOADS_TAB'],,project-context,218ed686506f4938441dbade,reviewed-receipt,https://github.com/yeager/translations/blob/67e6d27877c9cfd6b6dbc74bd852b10bdbe09c3c/SuiteCRM-Core/sv-configurator-ui-810-published-20260919.json,c2c1f7f6e07523183e318bd1273893e066f03c7dc66af3e9f80e12e615c6d038,{}
fb51be51606d93c7492af79a,Any Text,Valfri text,SuiteCRM-Core,sv-import-810-reviewed-20260919,$mod_strings['LBL_IMPORT_FIELDDEF_TEXT'],,project-context,4486b42ff84f02866a5fe699,reviewed-receipt,https://github.com/yeager/translations/blob/67e6d27877c9cfd6b6dbc74bd852b10bdbe09c3c/SuiteCRM-Core/sv-import-810-reviewed-20260919.json,9ad9f80f27abc071d9102bbd8cefb9bc43256bdad442051d55760286d830c3b0,{}
fb527ef1878ea34f0398be96,Recipient Email,Mottagarens e-postadress,SuiteCRM-Core,sv-published-20260918,$mod_strings['LBL_LIST_RECIPIENT_EMAIL'],,project-context,0216a7ad6668b5d8a08e02f9,reviewed-receipt,https://github.com/yeager/translations/blob/67e6d27877c9cfd6b6dbc74bd852b10bdbe09c3c/SuiteCRM-Core/sv-published-20260918.json,e4f7faaa5625d277e7a537f5b555c2fd753d326636e98deb288463e96d6356f7,{}
fbafee42ff5419863da3dd12,Failed to disable portal user,Det gick inte att inaktivera portalanvändaren,SuiteCRM-Core,sv-contacts-final-810-published-20260919,$mod_strings['LBL_DISABLE_PORTAL_USER_FAILED'],,project-context,6a6b7125487230796258fc19,reviewed-receipt,https://github.com/yeager/translations/blob/67e6d27877c9cfd6b6dbc74bd852b10bdbe09c3c/SuiteCRM-Core/sv-contacts-final-810-published-20260919.json,d978283a12dfb9b326a3d05a7e751d434c6e3ced5ebb9cf860d351c2ecd7f04d,{}
fbc6de96770c57407ee9222d,Template Name,Mallnamn,SuiteCRM-Core,sv-emailmarketing-a-810-published-20260919,$mod_strings['LBL_TEMPLATE_NAME'],,project-context,1cf31678646f8fcc5e478956,reviewed-receipt,https://github.com/yeager/translations/blob/67e6d27877c9cfd6b6dbc74bd852b10bdbe09c3c/SuiteCRM-Core/sv-emailmarketing-a-810-published-20260919.json,84957449ddc9118eddc2b572b035053c0b63aa8200c37a30f6619f66e15777e4,{}
fbc76e479f1e5ab1dfee8094,Salutation:,Tilltal:,SuiteCRM-Core,sv-contacts-final-810-published-20260919,$mod_strings['LBL_SALUTATION'],,project-context,d976252718b4fa1b04748caa,reviewed-receipt,https://github.com/yeager/translations/blob/67e6d27877c9cfd6b6dbc74bd852b10bdbe09c3c/SuiteCRM-Core/sv-contacts-final-810-published-20260919.json,d978283a12dfb9b326a3d05a7e751d434c6e3ced5ebb9cf860d351c2ecd7f04d,{}
fbcade45f44b8a0df81690e1,Emails:Contract,E-post:Avtal,SuiteCRM-Core,sv-published-20260918,$mod_strings['LBL_EMAILS_CONTRACTS_REL'],,project-context,ffabc0f3491a8f3df65b2f85,reviewed-receipt,https://github.com/yeager/translations/blob/67e6d27877c9cfd6b6dbc74bd852b10bdbe09c3c/SuiteCRM-Core/sv-published-20260918.json,e4f7faaa5625d277e7a537f5b555c2fd753d326636e98deb288463e96d6356f7,{}
fc240ae0a9e833771b224e13,New Schedule,Nytt schema,SuiteCRM-Core,sv-schedulers-810-b-published-20260919,$mod_strings['LBL_NEW_FORM_TITLE'],,project-context,fe3f8ff3e31ace0fe78de706,reviewed-receipt,https://github.com/yeager/translations/blob/67e6d27877c9cfd6b6dbc74bd852b10bdbe09c3c/SuiteCRM-Core/sv-schedulers-810-b-published-20260919.json,548c9bc56c99a3a7538a1074815c96920bc4435741e6d93f91e406bcee6a6c47,{}
fc681346a1112bc544c26779,Distribution Method,Fördelningsmetod,SuiteCRM-Core,sv-inbound-email-810-published-20260919,$mod_strings['LBL_DISTRIB_METHOD'],,project-context,890b87855572e98c58323f44,reviewed-receipt,https://github.com/yeager/translations/blob/67e6d27877c9cfd6b6dbc74bd852b10bdbe09c3c/SuiteCRM-Core/sv-inbound-email-810-published-20260919.json,8ff080143649204a50f3a20eee408535d517ed526e8c4bad972910fef8c046e2,{}
fc9c1df8ecec579e4808eda1,Primary Address Street 2:,Primär adressrad 2:,SuiteCRM-Core,sv-contacts-final-810-published-20260919,$mod_strings['LBL_PRIMARY_ADDRESS_STREET_2'],,project-context,39809c9312087d867530992b,reviewed-receipt,https://github.com/yeager/translations/blob/67e6d27877c9cfd6b6dbc74bd852b10bdbe09c3c/SuiteCRM-Core/sv-contacts-final-810-published-20260919.json,d978283a12dfb9b326a3d05a7e751d434c6e3ced5ebb9cf860d351c2ecd7f04d,{}
fccf64effaff5667f0409e31,'0' or '1','0' eller '1',SuiteCRM-Core,sv-import-810-reviewed-20260919,$mod_strings['LBL_IMPORT_FIELDDEF_BOOL'],,project-context,4a0b2504a8cabdb8ac4f7a2b,reviewed-receipt,https://github.com/yeager/translations/blob/67e6d27877c9cfd6b6dbc74bd852b10bdbe09c3c/SuiteCRM-Core/sv-import-810-reviewed-20260919.json,9ad9f80f27abc071d9102bbd8cefb9bc43256bdad442051d55760286d830c3b0,{}
fd1b27c62713be6b9ad74a27,New Account,Nytt företag,SuiteCRM-Core,sv-accounts-final-810-published-20260919,$mod_strings['LBL_NEW_FORM_TITLE'],,project-context,6c93ebb37ce20ba695fb7ae0,reviewed-receipt,https://github.com/yeager/translations/blob/67e6d27877c9cfd6b6dbc74bd852b10bdbe09c3c/SuiteCRM-Core/sv-accounts-final-810-published-20260919.json,f99b6b196fed5b4409a55d1296241bb29b890401afe16c0f8654ddadb9c6a43b,{}
fd2876f2ccdc8b73df82a89b,Modified By Name,Ändrad av (namn),SuiteCRM-Core,sv-address-cache-followup-810-20260919,$mod_strings['LBL_MODIFIED_NAME'],,project-context,9d580f4028a9c5493edb6771,reviewed-receipt,https://github.com/yeager/translations/blob/67e6d27877c9cfd6b6dbc74bd852b10bdbe09c3c/SuiteCRM-Core/sv-address-cache-followup-810-20260919.json,c7e99432ec0b3f570a7b414e45f71b3660b21aa2c1e499d010ab737c90e56bef,"{""artifact"":""https://crowdin.com/project/suitecrm-core"",""sha256"":""3eeb0d741f157e3343a508782901ef32a7d4f5a304e7650dc316e8f5d26acb2c""}"
fd3514eeaa40c62be53f8e0b,Accounts,Företag,SuiteCRM-Core,sv-accounts-final-810-published-20260919,$mod_strings['LBL_MODULE_ID'],,project-context,6455acbd695f580c99b60891,reviewed-receipt,https://github.com/yeager/translations/blob/67e6d27877c9cfd6b6dbc74bd852b10bdbe09c3c/SuiteCRM-Core/sv-accounts-final-810-published-20260919.json,f99b6b196fed5b4409a55d1296241bb29b890401afe16c0f8654ddadb9c6a43b,{}
fd3ce2da020af32a0f721faa,"""From"" Address:",Avsändaradress:,SuiteCRM-Core,sv-configurator-ui-810-published-20260919,$mod_strings['LBL_NOTIFY_FROMADDRESS'],,project-context,edf252902c3b2219803ff89d,reviewed-receipt,https://github.com/yeager/translations/blob/67e6d27877c9cfd6b6dbc74bd852b10bdbe09c3c/SuiteCRM-Core/sv-configurator-ui-810-published-20260919.json,c2c1f7f6e07523183e318bd1273893e066f03c7dc66af3e9f80e12e615c6d038,{}
fd44aa90cafcd07b51971f35,Assign,Tilldela,SuiteCRM-Core,sv-published-20260918,$mod_strings['LBL_BUTTON_DISTRIBUTE_TITLE'],,project-context,c557d34da94b0d386a4c5f50,reviewed-receipt,https://github.com/yeager/translations/blob/67e6d27877c9cfd6b6dbc74bd852b10bdbe09c3c/SuiteCRM-Core/sv-published-20260918.json,e4f7faaa5625d277e7a537f5b555c2fd753d326636e98deb288463e96d6356f7,{}
fd77ec1c2fcc642ff6eb56b6,Scheduler Name,Namn på schemaläggare,SuiteCRM-Core,sv-schedulers-810-b-published-20260919,$mod_strings['LBL_NAME'],,project-context,430f894637296215fe9e7273,reviewed-receipt,https://github.com/yeager/translations/blob/67e6d27877c9cfd6b6dbc74bd852b10bdbe09c3c/SuiteCRM-Core/sv-schedulers-810-b-published-20260919.json,548c9bc56c99a3a7538a1074815c96920bc4435741e6d93f91e406bcee6a6c47,{}
fdce2ad25c570cd8e818ccbb,"""Reply-to"" Name",Namn i fältet ”Svara till”,SuiteCRM-Core,sv-inbound-email-810-published-20260919,$mod_strings['LBL_REPLY_TO_NAME'],,project-context,81d75095621d92ff37ac3622,reviewed-receipt,https://github.com/yeager/translations/blob/67e6d27877c9cfd6b6dbc74bd852b10bdbe09c3c/SuiteCRM-Core/sv-inbound-email-810-published-20260919.json,8ff080143649204a50f3a20eee408535d517ed526e8c4bad972910fef8c046e2,{}
fe4f6175d3c1dc126a1e34cc,Assigned User,Tilldelad användare,SuiteCRM-Core,sv-published-20260918,$mod_strings['LBL_LIST_ASSIGNED_TO_NAME'],,project-context,bf61595921d9055ae26594a8,reviewed-receipt,https://github.com/yeager/translations/blob/67e6d27877c9cfd6b6dbc74bd852b10bdbe09c3c/SuiteCRM-Core/sv-published-20260918.json,e4f7faaa5625d277e7a537f5b555c2fd753d326636e98deb288463e96d6356f7,{}
fe68e1a6b6d5da16b7e65c0f,Activities,Aktiviteter,SuiteCRM-Core,sv-leads-a-810-published-20260919,$mod_strings['LBL_ACTIVITIES_SUBPANEL_TITLE'],,project-context,57122aeb196a1fe2009a8013,reviewed-receipt,https://github.com/yeager/translations/blob/67e6d27877c9cfd6b6dbc74bd852b10bdbe09c3c/SuiteCRM-Core/sv-leads-a-810-published-20260919.json,60952907a18a1fa8bb5cc88e44ed4c1176c7ffce44a7c94450b6ef6b204e5217,"{""artifact"":""https://crowdin.com/project/suitecrm-core"",""sha256"":""6e7314df5b43e4a760a84f9d988d433106c419949369e4d4278b661c0f908a81""}"
fe77f566f158a06aec9e045b,Reports to,Rapporterar till,SuiteCRM-Core,sv-published-20260918,$mod_strings['LBL_REPORTS_TO'],,project-context,66132c4f3e4543654d15da09,reviewed-receipt,https://github.com/yeager/translations/blob/67e6d27877c9cfd6b6dbc74bd852b10bdbe09c3c/SuiteCRM-Core/sv-published-20260918.json,e4f7faaa5625d277e7a537f5b555c2fd753d326636e98deb288463e96d6356f7,{}
fec5cdc803ad0b27053b41c0,Saturday,Lördag,SuiteCRM-Core,sv-schedulers-810-a-published-20260919,$mod_strings['LBL_SAT'],,project-context,59ba7b91915d0d9f22cedbc1,reviewed-receipt,https://github.com/yeager/translations/blob/67e6d27877c9cfd6b6dbc74bd852b10bdbe09c3c/SuiteCRM-Core/sv-schedulers-810-a-published-20260919.json,3c6c981f88e16e22e571d729a4bb12cc98db47334bbe03c18d6ed0001b81d8a8,{}
fee91f8791afbd76e198f968,"""From"" Name",Namn i fältet ”Från”,SuiteCRM-Core,sv-inbound-email-810-a-published-20260919,$mod_strings['LBL_FROM_NAME'],,project-context,e67124a7effef0193df32aaf,reviewed-receipt,https://github.com/yeager/translations/blob/67e6d27877c9cfd6b6dbc74bd852b10bdbe09c3c/SuiteCRM-Core/sv-inbound-email-810-a-published-20260919.json,67b8a04fd03d3b56d9f5e2549ac38263fc2b653e270ecd0097cbd7e2a30e424a,{}
ff1156b8d8888b9d3630ae6c,New Case Account,Nytt ärendekonto,SuiteCRM-Core,sv-inbound-email-810-c-published-20260919,$mod_strings['LNK_LIST_CREATE_NEW_CASES_TYPE'],,project-context,a023875a660c6fd4136e6636,reviewed-receipt,https://github.com/yeager/translations/blob/67e6d27877c9cfd6b6dbc74bd852b10bdbe09c3c/SuiteCRM-Core/sv-inbound-email-810-c-published-20260919.json,efc326506d8e54d83cdc6cf68ddf8af5b427dbb93c869334100bc3d2383e119a,{}
ff3f1f036a3e22628259160f,Disable 2FA,Inaktivera 2FA,SuiteCRM-Core,sv-published-20260918,$mod_strings['LBL_DISABLE_2FA'],,project-context,256f6ad3f3656b705b01dd95,reviewed-receipt,https://github.com/yeager/translations/blob/67e6d27877c9cfd6b6dbc74bd852b10bdbe09c3c/SuiteCRM-Core/sv-published-20260918.json,e4f7faaa5625d277e7a537f5b555c2fd753d326636e98deb288463e96d6356f7,{}
ff51614e0a82b1f4175f72b8,Project Contacts from Project Title,Projektkontakter från projektets titel,SuiteCRM-Core,sv-contacts-final-810-published-20260919,$mod_strings['LBL_PROJECT_CONTACTS_1_FROM_PROJECT_TITLE'],,project-context,5df066b1496c6f3470aab480,reviewed-receipt,https://github.com/yeager/translations/blob/67e6d27877c9cfd6b6dbc74bd852b10bdbe09c3c/SuiteCRM-Core/sv-contacts-final-810-published-20260919.json,d978283a12dfb9b326a3d05a7e751d434c6e3ced5ebb9cf860d351c2ecd7f04d,{}
ff8b06bf63f4538200877449,Role:,Roll:,SuiteCRM-Core,sv-leads-a-810-published-20260919,$mod_strings['LBL_CONTACT_ROLE'],,project-context,762381dd10b5fea51797eeda,reviewed-receipt,https://github.com/yeager/translations/blob/67e6d27877c9cfd6b6dbc74bd852b10bdbe09c3c/SuiteCRM-Core/sv-leads-a-810-published-20260919.json,60952907a18a1fa8bb5cc88e44ed4c1176c7ffce44a7c94450b6ef6b204e5217,"{""artifact"":""https://crowdin.com/project/suitecrm-core"",""sha256"":""f46e7fd4c4a62431100978e644483ea757abb0dfde035ccdb76441cb07b22503""}"
fffa80a03bdaf0f0c367c1f4,Created by User,Skapad av användaren,SuiteCRM-Core,sv-outbound-email-810-published-20260919,$mod_strings['LBL_CREATED_USER'],,project-context,9c20a3de44763ba8958d559e,reviewed-receipt,https://github.com/yeager/translations/blob/67e6d27877c9cfd6b6dbc74bd852b10bdbe09c3c/SuiteCRM-Core/sv-outbound-email-810-published-20260919.json,971cdcc19e79f693c13cb15c9aee0f659a84a6c378a69f16b9dae9f6b2d70244,{}
