id,source,canonical,project,component,context,note,scope,review_id,publication_status,reference,evidence_sha256,source_evidence
00145c9d3d6444820b43ddcc,Found existing pre-restore snapshot,Hittade en befintlig avbild före återställning,Timeshift,timeshift_sv.po,,Bilingual translation changed in reviewed commit: archive reviewed Swedish Timeshift translation,project-context,c05e93187f67d06f9112d98f,review-commit,https://github.com/yeager/translations/blob/c015913c3390d5eac47ac14504c5cf7eafc7d63f/Timeshift/timeshift_sv.po,bb0a39ffea487fd9074626c733b56be8af52fba95bd1f50c2eb48391b7d4dc7a,{}
00c0654d48447a3ba7f424dd,Restore completed,Återställning slutförd,Timeshift,timeshift_sv.po,,Bilingual translation changed in reviewed commit: archive reviewed Swedish Timeshift translation,project-context,02d5ec30e645ecd2a96b5312,review-commit,https://github.com/yeager/translations/blob/c015913c3390d5eac47ac14504c5cf7eafc7d63f/Timeshift/timeshift_sv.po,bb0a39ffea487fd9074626c733b56be8af52fba95bd1f50c2eb48391b7d4dc7a,{}
0121a08feefab91935ba9b75,Creating pre-restore snapshot from system subvolumes...,Skapar en avbild före återställning från systemvolymer…,Timeshift,timeshift_sv.po,,Bilingual translation changed in reviewed commit: archive reviewed Swedish Timeshift translation,project-context,69e76792a8f8c65b56ed2088,review-commit,https://github.com/yeager/translations/blob/c015913c3390d5eac47ac14504c5cf7eafc7d63f/Timeshift/timeshift_sv.po,bb0a39ffea487fd9074626c733b56be8af52fba95bd1f50c2eb48391b7d4dc7a,{}
027163e82b1a92a534ef5281,Include Only Hidden Files,Inkludera endast dolda filer,Timeshift,timeshift_sv.po,,Bilingual translation changed in reviewed commit: archive reviewed Swedish Timeshift translation,project-context,f606dfd4d8faac7213b178cf,review-commit,https://github.com/yeager/translations/blob/c015913c3390d5eac47ac14504c5cf7eafc7d63f/Timeshift/timeshift_sv.po,bb0a39ffea487fd9074626c733b56be8af52fba95bd1f50c2eb48391b7d4dc7a,{}
02929bfd44a9500ad9fe95c9,Skip GRUB2 reinstall,Hoppa över ominstallation av GRUB2,Timeshift,timeshift_sv.po,,Bilingual translation changed in reviewed commit: archive reviewed Swedish Timeshift translation,project-context,b961d8aac08cbbf6d7547805,review-commit,https://github.com/yeager/translations/blob/c015913c3390d5eac47ac14504c5cf7eafc7d63f/Timeshift/timeshift_sv.po,bb0a39ffea487fd9074626c733b56be8af52fba95bd1f50c2eb48391b7d4dc7a,{}
042e9e7ff54fc3ed8d2a64e4,Stop cron emails for scheduled tasks,Stoppa e-post från cron angående schemalagda åtgärder,Timeshift,timeshift_sv.po,,Bilingual translation changed in reviewed commit: archive reviewed Swedish Timeshift translation,project-context,9c22f255586984137ac8fe32,review-commit,https://github.com/yeager/translations/blob/c015913c3390d5eac47ac14504c5cf7eafc7d63f/Timeshift/timeshift_sv.po,bb0a39ffea487fd9074626c733b56be8af52fba95bd1f50c2eb48391b7d4dc7a,{}
04b985173fd71d417eae0e1b,Cannot Delete Live Snapshot,Kan inte ta bort Live-avbild,Timeshift,timeshift_sv.po,,Bilingual translation changed in reviewed commit: archive reviewed Swedish Timeshift translation,project-context,841da8bc3d78aa015ba0a5a0,review-commit,https://github.com/yeager/translations/blob/c015913c3390d5eac47ac14504c5cf7eafc7d63f/Timeshift/timeshift_sv.po,bb0a39ffea487fd9074626c733b56be8af52fba95bd1f50c2eb48391b7d4dc7a,{}
055956d5fb8f4d642ff56a21,Hide,Dölj,Timeshift,timeshift_sv.po,,Bilingual translation changed in reviewed commit: archive reviewed Swedish Timeshift translation,project-context,d092622aa158d2cb9deb34c1,review-commit,https://github.com/yeager/translations/blob/c015913c3390d5eac47ac14504c5cf7eafc7d63f/Timeshift/timeshift_sv.po,bb0a39ffea487fd9074626c733b56be8af52fba95bd1f50c2eb48391b7d4dc7a,{}
05af6c77b7c4de7fd515c820,Include @home subvolume in backups,Ta med @home undervolym i säkerhetskopior,Timeshift,timeshift_sv.po,,Bilingual translation changed in reviewed commit: archive reviewed Swedish Timeshift translation,project-context,54f24dacf3f6d1e5914b043e,review-commit,https://github.com/yeager/translations/blob/c015913c3390d5eac47ac14504c5cf7eafc7d63f/Timeshift/timeshift_sv.po,bb0a39ffea487fd9074626c733b56be8af52fba95bd1f50c2eb48391b7d4dc7a,{}
05e4e1509637e6ab64fb5ac8,Select the snapshots to be deleted,Välj avbilder för borttagning,Timeshift,timeshift_sv.po,,Bilingual translation changed in reviewed commit: archive reviewed Swedish Timeshift translation,project-context,00f2067a81e5dff545f85c07,review-commit,https://github.com/yeager/translations/blob/c015913c3390d5eac47ac14504c5cf7eafc7d63f/Timeshift/timeshift_sv.po,bb0a39ffea487fd9074626c733b56be8af52fba95bd1f50c2eb48391b7d4dc7a,{}
05f872a1e8f34edabdd360b0,Select Snapshot Type,Välj avbildstyp,Timeshift,timeshift_sv.po,,Bilingual translation changed in reviewed commit: archive reviewed Swedish Timeshift translation,project-context,821f28d198f6d59717f85d3f,review-commit,https://github.com/yeager/translations/blob/c015913c3390d5eac47ac14504c5cf7eafc7d63f/Timeshift/timeshift_sv.po,bb0a39ffea487fd9074626c733b56be8af52fba95bd1f50c2eb48391b7d4dc7a,{}
060aa024c26ee1310f43a5a4,Snapshot saved successfully,Avbilden sparades,Timeshift,timeshift_sv.po,,Bilingual translation changed in reviewed commit: archive reviewed Swedish Timeshift translation,project-context,cf0f6db462caa7e509f8cb07,review-commit,https://github.com/yeager/translations/blob/c015913c3390d5eac47ac14504c5cf7eafc7d63f/Timeshift/timeshift_sv.po,bb0a39ffea487fd9074626c733b56be8af52fba95bd1f50c2eb48391b7d4dc7a,{}
061c39281ee64406b2d079af,Restoring snapshot...,Återställer avbild…,Timeshift,timeshift_sv.po,,Bilingual translation changed in reviewed commit: archive reviewed Swedish Timeshift translation,project-context,cd2619c6c52479022d8db70c,review-commit,https://github.com/yeager/translations/blob/c015913c3390d5eac47ac14504c5cf7eafc7d63f/Timeshift/timeshift_sv.po,bb0a39ffea487fd9074626c733b56be8af52fba95bd1f50c2eb48391b7d4dc7a,{}
063e4979207c9e700eff4a89,No Change,Ingen ändring,Timeshift,timeshift_sv.po,,Bilingual translation changed in reviewed commit: archive reviewed Swedish Timeshift translation,project-context,2bdf140f69c70211bf28b06e,review-commit,https://github.com/yeager/translations/blob/c015913c3390d5eac47ac14504c5cf7eafc7d63f/Timeshift/timeshift_sv.po,bb0a39ffea487fd9074626c733b56be8af52fba95bd1f50c2eb48391b7d4dc7a,{}
06b6a333cfc0cf1ec69ef5c7,Filter by name or path,Filtrera på namn eller sökväg,Timeshift,timeshift_sv.po,,Bilingual translation changed in reviewed commit: archive reviewed Swedish Timeshift translation,project-context,831abb20861fb78342672834,review-commit,https://github.com/yeager/translations/blob/c015913c3390d5eac47ac14504c5cf7eafc7d63f/Timeshift/timeshift_sv.po,bb0a39ffea487fd9074626c733b56be8af52fba95bd1f50c2eb48391b7d4dc7a,{}
08e45459539e75d2fb37e019,Created control file,Skapade kontrollfil,Timeshift,timeshift_sv.po,,Bilingual translation changed in reviewed commit: archive reviewed Swedish Timeshift translation,project-context,f421b30f99df9b7a0bbd4a54,review-commit,https://github.com/yeager/translations/blob/c015913c3390d5eac47ac14504c5cf7eafc7d63f/Timeshift/timeshift_sv.po,bb0a39ffea487fd9074626c733b56be8af52fba95bd1f50c2eb48391b7d4dc7a,{}
08e8596816ce6287fcc69338,Include / Exclude Patterns,Inkluderings-/undantagsmönster,Timeshift,timeshift_sv.po,,Bilingual translation changed in reviewed commit: archive reviewed Swedish Timeshift translation,project-context,77619a15bb44f373eb1be1b9,review-commit,https://github.com/yeager/translations/blob/c015913c3390d5eac47ac14504c5cf7eafc7d63f/Timeshift/timeshift_sv.po,bb0a39ffea487fd9074626c733b56be8af52fba95bd1f50c2eb48391b7d4dc7a,{}
09608c52d51dd9615d74b85d,Destroying qgroup,Tar bort qgrupp,Timeshift,timeshift_sv.po,,Bilingual translation changed in reviewed commit: archive reviewed Swedish Timeshift translation,project-context,271561bf8cdaaf1a0d88d90e,review-commit,https://github.com/yeager/translations/blob/c015913c3390d5eac47ac14504c5cf7eafc7d63f/Timeshift/timeshift_sv.po,bb0a39ffea487fd9074626c733b56be8af52fba95bd1f50c2eb48391b7d4dc7a,{}
098a871c3beff3c304bc53fb,Failed to delete snapshot nested subvolume,Kunde inte ta bort kapslad undervolym för avbilden,Timeshift,timeshift_sv.po,,Bilingual translation changed in reviewed commit: archive reviewed Swedish Timeshift translation,project-context,21cd2c3cda428ddac18b38f7,review-commit,https://github.com/yeager/translations/blob/c015913c3390d5eac47ac14504c5cf7eafc7d63f/Timeshift/timeshift_sv.po,bb0a39ffea487fd9074626c733b56be8af52fba95bd1f50c2eb48391b7d4dc7a,{}
0a2e11d8858e550d04ace329,Clone System,Klona systemet,Timeshift,timeshift_sv.po,,Bilingual translation changed in reviewed commit: archive reviewed Swedish Timeshift translation,project-context,4f1ef8a837f82246f93a4977,review-commit,https://github.com/yeager/translations/blob/c015913c3390d5eac47ac14504c5cf7eafc7d63f/Timeshift/timeshift_sv.po,bb0a39ffea487fd9074626c733b56be8af52fba95bd1f50c2eb48391b7d4dc7a,{}
0a4bad91a161410a35be1a3c,No Snapshots Selected,Inga avbilder valda,Timeshift,timeshift_sv.po,,Bilingual translation changed in reviewed commit: archive reviewed Swedish Timeshift translation,project-context,150448ff2f8eafa8dc926835,review-commit,https://github.com/yeager/translations/blob/c015913c3390d5eac47ac14504c5cf7eafc7d63f/Timeshift/timeshift_sv.po,bb0a39ffea487fd9074626c733b56be8af52fba95bd1f50c2eb48391b7d4dc7a,{}
0a65ad2b4409f942e02f6c2f,Failed to create directory,Kunde inte skapa mapp,Timeshift,timeshift_sv.po,,Bilingual translation changed in reviewed commit: archive reviewed Swedish Timeshift translation,project-context,a86cb2434e2f358b04925dc4,review-commit,https://github.com/yeager/translations/blob/c015913c3390d5eac47ac14504c5cf7eafc7d63f/Timeshift/timeshift_sv.po,bb0a39ffea487fd9074626c733b56be8af52fba95bd1f50c2eb48391b7d4dc7a,{}
0ad53078960d39e69deb1cb5,Wizard,Guide,Timeshift,timeshift_sv.po,,Bilingual translation changed in reviewed commit: archive reviewed Swedish Timeshift translation,project-context,819e0d731c21c4491e9f8c3d,review-commit,https://github.com/yeager/translations/blob/c015913c3390d5eac47ac14504c5cf7eafc7d63f/Timeshift/timeshift_sv.po,bb0a39ffea487fd9074626c733b56be8af52fba95bd1f50c2eb48391b7d4dc7a,{}
0b27308215d4bb04278c44ca,Vendor,Leverantör,Timeshift,timeshift_sv.po,,Bilingual translation changed in reviewed commit: archive reviewed Swedish Timeshift translation,project-context,18655addf1dd8fd162e5b11a,review-commit,https://github.com/yeager/translations/blob/c015913c3390d5eac47ac14504c5cf7eafc7d63f/Timeshift/timeshift_sv.po,bb0a39ffea487fd9074626c733b56be8af52fba95bd1f50c2eb48391b7d4dc7a,{}
0b2b48ecb159a550b0a2c19e,remaining,återstår,Timeshift,timeshift_sv.po,,Bilingual translation changed in reviewed commit: archive reviewed Swedish Timeshift translation,project-context,303dab901c89f612a0c11a24,review-commit,https://github.com/yeager/translations/blob/c015913c3390d5eac47ac14504c5cf7eafc7d63f/Timeshift/timeshift_sv.po,bb0a39ffea487fd9074626c733b56be8af52fba95bd1f50c2eb48391b7d4dc7a,{}
0c4e0e0e4a0ed47735b378c5,Devices with Linux file systems,Enheter med filsystem avsedda för Linux,Timeshift,timeshift_sv.po,,Bilingual translation changed in reviewed commit: archive reviewed Swedish Timeshift translation,project-context,048e71d336ded89ab04381a2,review-commit,https://github.com/yeager/translations/blob/c015913c3390d5eac47ac14504c5cf7eafc7d63f/Timeshift/timeshift_sv.po,bb0a39ffea487fd9074626c733b56be8af52fba95bd1f50c2eb48391b7d4dc7a,{}
0d321e59d2c5813e9826f3fb,Create snapshots using BTRFS,Skapa avbilder med BTRFS,Timeshift,timeshift_sv.po,,Bilingual translation changed in reviewed commit: archive reviewed Swedish Timeshift translation,project-context,0d6702027a02d4f5350dd0b4,review-commit,https://github.com/yeager/translations/blob/c015913c3390d5eac47ac14504c5cf7eafc7d63f/Timeshift/timeshift_sv.po,bb0a39ffea487fd9074626c733b56be8af52fba95bd1f50c2eb48391b7d4dc7a,{}
0d754090c130bdbce5bae800,View Rsync Log for Create,Visa Rsync-logg för skapande,Timeshift,timeshift_sv.po,,Bilingual translation changed in reviewed commit: archive reviewed Swedish Timeshift translation,project-context,951fd1a1404a8ac35677b8e3,review-commit,https://github.com/yeager/translations/blob/c015913c3390d5eac47ac14504c5cf7eafc7d63f/Timeshift/timeshift_sv.po,bb0a39ffea487fd9074626c733b56be8af52fba95bd1f50c2eb48391b7d4dc7a,{}
0dc93cbe469df56d2f839c72,Cancel restore?,Vill du avbryta återställningen?,Timeshift,timeshift_sv.po,,Bilingual translation changed in reviewed commit: archive reviewed Swedish Timeshift translation,project-context,efb1f983b5d6687ffb9a0814,review-commit,https://github.com/yeager/translations/blob/c015913c3390d5eac47ac14504c5cf7eafc7d63f/Timeshift/timeshift_sv.po,bb0a39ffea487fd9074626c733b56be8af52fba95bd1f50c2eb48391b7d4dc7a,{}
0fe26cd4fcf307b6c04b811c,GRUB Device,GRUB-enhet,Timeshift,timeshift_sv.po,,Bilingual translation changed in reviewed commit: archive reviewed Swedish Timeshift translation,project-context,aa1ab8e78ed1b44fc998013a,review-commit,https://github.com/yeager/translations/blob/c015913c3390d5eac47ac14504c5cf7eafc7d63f/Timeshift/timeshift_sv.po,bb0a39ffea487fd9074626c733b56be8af52fba95bd1f50c2eb48391b7d4dc7a,{}
11576b53504defa9f2d9fd66,No snapshots on this device,Inga avbilder på denna enhet,Timeshift,timeshift_sv.po,,Bilingual translation changed in reviewed commit: archive reviewed Swedish Timeshift translation,project-context,6bba18824c43a5c2c774115d,review-commit,https://github.com/yeager/translations/blob/c015913c3390d5eac47ac14504c5cf7eafc7d63f/Timeshift/timeshift_sv.po,bb0a39ffea487fd9074626c733b56be8af52fba95bd1f50c2eb48391b7d4dc7a,{}
134a7a78809f9b993a332350,Users Home,Mappen Hem,Timeshift,timeshift_sv.po,,Bilingual translation changed in reviewed commit: archive reviewed Swedish Timeshift translation,project-context,7a97cd50b737fa03b66a408e,review-commit,https://github.com/yeager/translations/blob/c015913c3390d5eac47ac14504c5cf7eafc7d63f/Timeshift/timeshift_sv.po,bb0a39ffea487fd9074626c733b56be8af52fba95bd1f50c2eb48391b7d4dc7a,{}
134e403655c756adb03a4c1b,Create snapshot of current system,Skapa en avbild av det aktuella systemet,Timeshift,timeshift_sv.po,,Bilingual translation changed in reviewed commit: archive reviewed Swedish Timeshift translation,project-context,8600f08cd4f3edc6787bc5b0,review-commit,https://github.com/yeager/translations/blob/c015913c3390d5eac47ac14504c5cf7eafc7d63f/Timeshift/timeshift_sv.po,bb0a39ffea487fd9074626c733b56be8af52fba95bd1f50c2eb48391b7d4dc7a,{}
138ad7a9d9286c1ae83d08b0,Deleting Snapshots...,Tar bort avbilder…,Timeshift,timeshift_sv.po,,Bilingual translation changed in reviewed commit: archive reviewed Swedish Timeshift translation,project-context,ecd5e056c65e0b648f001bce,review-commit,https://github.com/yeager/translations/blob/c015913c3390d5eac47ac14504c5cf7eafc7d63f/Timeshift/timeshift_sv.po,bb0a39ffea487fd9074626c733b56be8af52fba95bd1f50c2eb48391b7d4dc7a,{}
1399e53cdf19731526702c02,Filesystem,Filsystem,Timeshift,timeshift_sv.po,,Bilingual translation changed in reviewed commit: archive reviewed Swedish Timeshift translation,project-context,c90ec7d633b4dff7b9604d1b,review-commit,https://github.com/yeager/translations/blob/c015913c3390d5eac47ac14504c5cf7eafc7d63f/Timeshift/timeshift_sv.po,bb0a39ffea487fd9074626c733b56be8af52fba95bd1f50c2eb48391b7d4dc7a,{}
142ae438a079320f7688c62e,Selected snapshot device,Vald avbildsenhet,Timeshift,timeshift_sv.po,,Bilingual translation changed in reviewed commit: archive reviewed Swedish Timeshift translation,project-context,d620dc319dc0568b8a02d34d,review-commit,https://github.com/yeager/translations/blob/c015913c3390d5eac47ac14504c5cf7eafc7d63f/Timeshift/timeshift_sv.po,bb0a39ffea487fd9074626c733b56be8af52fba95bd1f50c2eb48391b7d4dc7a,{}
14abc23da49808ffe2d6c58e,Failed to install crontab file,Kunde inte installera crontab-fil,Timeshift,timeshift_sv.po,,Bilingual translation changed in reviewed commit: archive reviewed Swedish Timeshift translation,project-context,c540bb11dc1442f32733a073,review-commit,https://github.com/yeager/translations/blob/c015913c3390d5eac47ac14504c5cf7eafc7d63f/Timeshift/timeshift_sv.po,bb0a39ffea487fd9074626c733b56be8af52fba95bd1f50c2eb48391b7d4dc7a,{}
1597ffe18d3bb3b7506b59a6,Run Timeshift as Administrator,Kör Timeshift som administratör,Timeshift,timeshift_sv.po,,Bilingual translation changed in reviewed commit: archive reviewed Swedish Timeshift translation,project-context,5901bf02ffc960e981b9d163,review-commit,https://github.com/yeager/translations/blob/c015913c3390d5eac47ac14504c5cf7eafc7d63f/Timeshift/timeshift_sv.po,bb0a39ffea487fd9074626c733b56be8af52fba95bd1f50c2eb48391b7d4dc7a,{}
1685944680c5a59688780e3f,Comparing Files (Dry Run)...,Jämför filer (simulering)...,Timeshift,timeshift_sv.po,,Bilingual translation changed in reviewed commit: archive reviewed Swedish Timeshift translation,project-context,bd7f0e66d9b18c0438cf8f17,review-commit,https://github.com/yeager/translations/blob/c015913c3390d5eac47ac14504c5cf7eafc7d63f/Timeshift/timeshift_sv.po,bb0a39ffea487fd9074626c733b56be8af52fba95bd1f50c2eb48391b7d4dc7a,{}
16ffb9628e160bf05d2fdf47,File and directory counts:,Antal filer och mappar:,Timeshift,timeshift_sv.po,,Bilingual translation changed in reviewed commit: archive reviewed Swedish Timeshift translation,project-context,9586f33974e2bd736fb38381,review-commit,https://github.com/yeager/translations/blob/c015913c3390d5eac47ac14504c5cf7eafc7d63f/Timeshift/timeshift_sv.po,bb0a39ffea487fd9074626c733b56be8af52fba95bd1f50c2eb48391b7d4dc7a,{}
172cdb8ab007940d7b43d72b,Snapshot device,Avbildsenhet,Timeshift,timeshift_sv.po,,Bilingual translation changed in reviewed commit: archive reviewed Swedish Timeshift translation,project-context,b2c251ed3b987f54b47bf804,review-commit,https://github.com/yeager/translations/blob/c015913c3390d5eac47ac14504c5cf7eafc7d63f/Timeshift/timeshift_sv.po,bb0a39ffea487fd9074626c733b56be8af52fba95bd1f50c2eb48391b7d4dc7a,{}
175abdd167227bb9b4283754,Failed to move file,Kunde inte flytta fil,Timeshift,timeshift_sv.po,,Bilingual translation changed in reviewed commit: archive reviewed Swedish Timeshift translation,project-context,40d9a3437c2f7635822d6a0f,review-commit,https://github.com/yeager/translations/blob/c015913c3390d5eac47ac14504c5cf7eafc7d63f/Timeshift/timeshift_sv.po,bb0a39ffea487fd9074626c733b56be8af52fba95bd1f50c2eb48391b7d4dc7a,{}
1774ffbec6a06c8e17ea1774,Open Menu,Öppna menyn,Timeshift,timeshift_sv.po,,Bilingual translation changed in reviewed commit: archive reviewed Swedish Timeshift translation,project-context,c15e8b1f8576a67c23f8c5c2,review-commit,https://github.com/yeager/translations/blob/c015913c3390d5eac47ac14504c5cf7eafc7d63f/Timeshift/timeshift_sv.po,bb0a39ffea487fd9074626c733b56be8af52fba95bd1f50c2eb48391b7d4dc7a,{}
185bbbe9266ec8e27a6562ef,Select a partition on this disk,Välj en partition på disken,Timeshift,timeshift_sv.po,,Bilingual translation changed in reviewed commit: archive reviewed Swedish Timeshift translation,project-context,8cd3d72eda913f01d06fb9e5,review-commit,https://github.com/yeager/translations/blob/c015913c3390d5eac47ac14504c5cf7eafc7d63f/Timeshift/timeshift_sv.po,bb0a39ffea487fd9074626c733b56be8af52fba95bd1f50c2eb48391b7d4dc7a,{}
185e39a3032665a7747fb2c2,No snapshots selected,Inga avbilder valda,Timeshift,timeshift_sv.po,,Bilingual translation changed in reviewed commit: archive reviewed Swedish Timeshift translation,project-context,20b3c38d865654b54d479d63,review-commit,https://github.com/yeager/translations/blob/c015913c3390d5eac47ac14504c5cf7eafc7d63f/Timeshift/timeshift_sv.po,bb0a39ffea487fd9074626c733b56be8af52fba95bd1f50c2eb48391b7d4dc7a,{}
18776551eaf66130d409110c,Home,Hem,Timeshift,timeshift_sv.po,,Bilingual translation changed in reviewed commit: archive reviewed Swedish Timeshift translation,project-context,39814f490f8dd8327d0862f5,review-commit,https://github.com/yeager/translations/blob/c015913c3390d5eac47ac14504c5cf7eafc7d63f/Timeshift/timeshift_sv.po,bb0a39ffea487fd9074626c733b56be8af52fba95bd1f50c2eb48391b7d4dc7a,{}
187d3be9cc730ec0ae72b3a0,Show rsync output (default),Visa rsync-utdata (standard),Timeshift,timeshift_sv.po,,Bilingual translation changed in reviewed commit: archive reviewed Swedish Timeshift translation,project-context,f2a2460b0db1fdbc5b4e23c4,review-commit,https://github.com/yeager/translations/blob/c015913c3390d5eac47ac14504c5cf7eafc7d63f/Timeshift/timeshift_sv.po,bb0a39ffea487fd9074626c733b56be8af52fba95bd1f50c2eb48391b7d4dc7a,{}
1968386634486cd9687fe6ed,Settings,Inställningar,Timeshift,timeshift_sv.po,,Bilingual translation changed in reviewed commit: archive reviewed Swedish Timeshift translation,project-context,461ec996873caae5bd720d49,review-commit,https://github.com/yeager/translations/blob/c015913c3390d5eac47ac14504c5cf7eafc7d63f/Timeshift/timeshift_sv.po,bb0a39ffea487fd9074626c733b56be8af52fba95bd1f50c2eb48391b7d4dc7a,{}
19b4296fa6a19e67e06ce7ca,Failed to unlock device,Kunde inte låsa upp enhet,Timeshift,timeshift_sv.po,,Bilingual translation changed in reviewed commit: archive reviewed Swedish Timeshift translation,project-context,d78f99f06ddb7d958d394999,review-commit,https://github.com/yeager/translations/blob/c015913c3390d5eac47ac14504c5cf7eafc7d63f/Timeshift/timeshift_sv.po,bb0a39ffea487fd9074626c733b56be8af52fba95bd1f50c2eb48391b7d4dc7a,{}
19e46d2d402d88ac979b121f,Could not find snapshot,Kunde inte hitta avbilden,Timeshift,timeshift_sv.po,,Bilingual translation changed in reviewed commit: archive reviewed Swedish Timeshift translation,project-context,6266be153bbc1d33bdd4f56e,review-commit,https://github.com/yeager/translations/blob/c015913c3390d5eac47ac14504c5cf7eafc7d63f/Timeshift/timeshift_sv.po,bb0a39ffea487fd9074626c733b56be8af52fba95bd1f50c2eb48391b7d4dc7a,{}
1a9304d6b836dad33956a667,Snapshots available for restore,Avbilder tillgängliga för återställning,Timeshift,timeshift_sv.po,,Bilingual translation changed in reviewed commit: archive reviewed Swedish Timeshift translation,project-context,e1a7f9be4b4d7dabded3cf34,review-commit,https://github.com/yeager/translations/blob/c015913c3390d5eac47ac14504c5cf7eafc7d63f/Timeshift/timeshift_sv.po,bb0a39ffea487fd9074626c733b56be8af52fba95bd1f50c2eb48391b7d4dc7a,{}
1a998f7d667bf3e5bafcf0d3,Pattern,Mönster,Timeshift,timeshift_sv.po,,Bilingual translation changed in reviewed commit: archive reviewed Swedish Timeshift translation,project-context,a7e4ed20075717d2cbfbe647,review-commit,https://github.com/yeager/translations/blob/c015913c3390d5eac47ac14504c5cf7eafc7d63f/Timeshift/timeshift_sv.po,bb0a39ffea487fd9074626c733b56be8af52fba95bd1f50c2eb48391b7d4dc7a,{}
1ae2719539f0c662d81c2bfa,Restore Snapshot,Återställ avbild,Timeshift,timeshift_sv.po,,Bilingual translation changed in reviewed commit: archive reviewed Swedish Timeshift translation,project-context,16b3ae7642b66679a6a48e01,review-commit,https://github.com/yeager/translations/blob/c015913c3390d5eac47ac14504c5cf7eafc7d63f/Timeshift/timeshift_sv.po,bb0a39ffea487fd9074626c733b56be8af52fba95bd1f50c2eb48391b7d4dc7a,{}
1bcb327feed07ed79fa4b1e4,Building file list...,Bygger fillista…,Timeshift,timeshift_sv.po,,Bilingual translation changed in reviewed commit: archive reviewed Swedish Timeshift translation,project-context,d4ce5dea7f174b5a88728d10,review-commit,https://github.com/yeager/translations/blob/c015913c3390d5eac47ac14504c5cf7eafc7d63f/Timeshift/timeshift_sv.po,bb0a39ffea487fd9074626c733b56be8af52fba95bd1f50c2eb48391b7d4dc7a,{}
1c45bea1ffcdf449a8992664,Failed to delete snapshot subvolume,Kunde inte ta bort avbildsundervolym,Timeshift,timeshift_sv.po,,Bilingual translation changed in reviewed commit: archive reviewed Swedish Timeshift translation,project-context,6b0cbe54f7284c87d73e9d6f,review-commit,https://github.com/yeager/translations/blob/c015913c3390d5eac47ac14504c5cf7eafc7d63f/Timeshift/timeshift_sv.po,bb0a39ffea487fd9074626c733b56be8af52fba95bd1f50c2eb48391b7d4dc7a,{}
1dc29b12d7dfb0cd04afcc87,Exclude List Summary,Sammandrag för undantagslista,Timeshift,timeshift_sv.po,,Bilingual translation changed in reviewed commit: archive reviewed Swedish Timeshift translation,project-context,7411ba6c5db5bb3b4d5983a3,review-commit,https://github.com/yeager/translations/blob/c015913c3390d5eac47ac14504c5cf7eafc7d63f/Timeshift/timeshift_sv.po,bb0a39ffea487fd9074626c733b56be8af52fba95bd1f50c2eb48391b7d4dc7a,{}
1e8e6e5883c8f45fe7298f20,Boot,Start,Timeshift,timeshift_sv.po,,Bilingual translation changed in reviewed commit: archive reviewed Swedish Timeshift translation,project-context,2c523df93179e6f6749954d7,review-commit,https://github.com/yeager/translations/blob/c015913c3390d5eac47ac14504c5cf7eafc7d63f/Timeshift/timeshift_sv.po,bb0a39ffea487fd9074626c733b56be8af52fba95bd1f50c2eb48391b7d4dc7a,{}
1ebb99e8b77cbf2b8e4fd88d,Select the intervals for creating snapshots,Välj intervall för att skapa avbilder,Timeshift,timeshift_sv.po,,Bilingual translation changed in reviewed commit: archive reviewed Swedish Timeshift translation,project-context,996799e0e640a8d1b647005c,review-commit,https://github.com/yeager/translations/blob/c015913c3390d5eac47ac14504c5cf7eafc7d63f/Timeshift/timeshift_sv.po,bb0a39ffea487fd9074626c733b56be8af52fba95bd1f50c2eb48391b7d4dc7a,{}
1fe1a99f23fe9485de392318,Admin Access Required,Administratörsbehörighet krävs,Timeshift,timeshift_sv.po,,Bilingual translation changed in reviewed commit: archive reviewed Swedish Timeshift translation,project-context,a298914fbf0c37bd16b3866e,review-commit,https://github.com/yeager/translations/blob/c015913c3390d5eac47ac14504c5cf7eafc7d63f/Timeshift/timeshift_sv.po,bb0a39ffea487fd9074626c733b56be8af52fba95bd1f50c2eb48391b7d4dc7a,{}
20c037545c45f6032e940e96,Browse,Bläddra,Timeshift,timeshift_sv.po,,Bilingual translation changed in reviewed commit: archive reviewed Swedish Timeshift translation,project-context,e55371fe3c02ff73d8d9bf6a,review-commit,https://github.com/yeager/translations/blob/c015913c3390d5eac47ac14504c5cf7eafc7d63f/Timeshift/timeshift_sv.po,bb0a39ffea487fd9074626c733b56be8af52fba95bd1f50c2eb48391b7d4dc7a,{}
2140933040d254698334dbb4,File (system),Fil (system),Timeshift,timeshift_sv.po,,Bilingual translation changed in reviewed commit: archive reviewed Swedish Timeshift translation,project-context,54f6412d84dbcfe05e3eea23,review-commit,https://github.com/yeager/translations/blob/c015913c3390d5eac47ac14504c5cf7eafc7d63f/Timeshift/timeshift_sv.po,bb0a39ffea487fd9074626c733b56be8af52fba95bd1f50c2eb48391b7d4dc7a,{}
225945c55e6b299dce342651,Rsync Log Viewer,Visning av Rsync-logg,Timeshift,timeshift_sv.po,,Bilingual translation changed in reviewed commit: archive reviewed Swedish Timeshift translation,project-context,1f9e7e9d27add4a5b06c026f,review-commit,https://github.com/yeager/translations/blob/c015913c3390d5eac47ac14504c5cf7eafc7d63f/Timeshift/timeshift_sv.po,bb0a39ffea487fd9074626c733b56be8af52fba95bd1f50c2eb48391b7d4dc7a,{}
230c4ef829e18eb172d99478,Snapshot Created,Avbild skapad,Timeshift,timeshift_sv.po,,Bilingual translation changed in reviewed commit: archive reviewed Swedish Timeshift translation,project-context,72a454392bc7c905ac42c445,review-commit,https://github.com/yeager/translations/blob/c015913c3390d5eac47ac14504c5cf7eafc7d63f/Timeshift/timeshift_sv.po,bb0a39ffea487fd9074626c733b56be8af52fba95bd1f50c2eb48391b7d4dc7a,{}
23348bb06c00155f87ff178b,Restore Exclude,Återställningsundantag,Timeshift,timeshift_sv.po,,Bilingual translation changed in reviewed commit: archive reviewed Swedish Timeshift translation,project-context,d782a2d0cddaa6049342a85d,review-commit,https://github.com/yeager/translations/blob/c015913c3390d5eac47ac14504c5cf7eafc7d63f/Timeshift/timeshift_sv.po,bb0a39ffea487fd9074626c733b56be8af52fba95bd1f50c2eb48391b7d4dc7a,{}
23afeb59c40d7e962c14f6bf,Create one per day,Skapa en per dag,Timeshift,timeshift_sv.po,,Bilingual translation changed in reviewed commit: archive reviewed Swedish Timeshift translation,project-context,03052e794726b490d9e15b5d,review-commit,https://github.com/yeager/translations/blob/c015913c3390d5eac47ac14504c5cf7eafc7d63f/Timeshift/timeshift_sv.po,bb0a39ffea487fd9074626c733b56be8af52fba95bd1f50c2eb48391b7d4dc7a,{}
23e5cc0b3f35300878da0281,Moved system subvolume to snapshot directory,Flyttade systemvolym till avbildsmappen,Timeshift,timeshift_sv.po,,Bilingual translation changed in reviewed commit: archive reviewed Swedish Timeshift translation,project-context,d62b1f7806725e378473c69f,review-commit,https://github.com/yeager/translations/blob/c015913c3390d5eac47ac14504c5cf7eafc7d63f/Timeshift/timeshift_sv.po,bb0a39ffea487fd9074626c733b56be8af52fba95bd1f50c2eb48391b7d4dc7a,{}
24885623d8811c2b4706ca54,System Restore Utility,Systemåterställningsverktyg,Timeshift,timeshift_sv.po,,Bilingual translation changed in reviewed commit: archive reviewed Swedish Timeshift translation,project-context,00039c00b0d014f41e6d0c38,review-commit,https://github.com/yeager/translations/blob/c015913c3390d5eac47ac14504c5cf7eafc7d63f/Timeshift/timeshift_sv.po,bb0a39ffea487fd9074626c733b56be8af52fba95bd1f50c2eb48391b7d4dc7a,{}
249fb57fa42ef6d601721fb8,Exclude Application Settings,Undanta programinställningar,Timeshift,timeshift_sv.po,,Bilingual translation changed in reviewed commit: archive reviewed Swedish Timeshift translation,project-context,95c0287bd172ce82e27ffb8b,review-commit,https://github.com/yeager/translations/blob/c015913c3390d5eac47ac14504c5cf7eafc7d63f/Timeshift/timeshift_sv.po,bb0a39ffea487fd9074626c733b56be8af52fba95bd1f50c2eb48391b7d4dc7a,{}
250b394952df9ba1d37d8410,User,Användare,Timeshift,timeshift_sv.po,,Bilingual translation changed in reviewed commit: archive reviewed Swedish Timeshift translation,project-context,934d25d20afd358c88bb0327,review-commit,https://github.com/yeager/translations/blob/c015913c3390d5eac47ac14504c5cf7eafc7d63f/Timeshift/timeshift_sv.po,bb0a39ffea487fd9074626c733b56be8af52fba95bd1f50c2eb48391b7d4dc7a,{}
2629b3f67b0736c79a2e5dd3,Answer YES to all confirmation prompts,Svara JA i alla bekräftelsedialoger,Timeshift,timeshift_sv.po,,Bilingual translation changed in reviewed commit: archive reviewed Swedish Timeshift translation,project-context,3e475b7d2ce3e66edd2be4cc,review-commit,https://github.com/yeager/translations/blob/c015913c3390d5eac47ac14504c5cf7eafc7d63f/Timeshift/timeshift_sv.po,bb0a39ffea487fd9074626c733b56be8af52fba95bd1f50c2eb48391b7d4dc7a,{}
264f21c72b65840da5c7064b,Bootloader Options,Alternativ för starthanterare,Timeshift,timeshift_sv.po,,Bilingual translation changed in reviewed commit: archive reviewed Swedish Timeshift translation,project-context,b8c76f15853249b571dddf54,review-commit,https://github.com/yeager/translations/blob/c015913c3390d5eac47ac14504c5cf7eafc7d63f/Timeshift/timeshift_sv.po,bb0a39ffea487fd9074626c733b56be8af52fba95bd1f50c2eb48391b7d4dc7a,{}
26521109a3e287ea0e6494e9,Syncing file systems...,Synkroniserar filsystemen…,Timeshift,timeshift_sv.po,,Bilingual translation changed in reviewed commit: archive reviewed Swedish Timeshift translation,project-context,99b10284915c03057428ff7d,review-commit,https://github.com/yeager/translations/blob/c015913c3390d5eac47ac14504c5cf7eafc7d63f/Timeshift/timeshift_sv.po,bb0a39ffea487fd9074626c733b56be8af52fba95bd1f50c2eb48391b7d4dc7a,{}
26a6d77316dbba89974e1e25,Unmounting from,Avmonterar från,Timeshift,timeshift_sv.po,,Bilingual translation changed in reviewed commit: archive reviewed Swedish Timeshift translation,project-context,82b4d3073fffa39ba436fccf,review-commit,https://github.com/yeager/translations/blob/c015913c3390d5eac47ac14504c5cf7eafc7d63f/Timeshift/timeshift_sv.po,bb0a39ffea487fd9074626c733b56be8af52fba95bd1f50c2eb48391b7d4dc7a,{}
276c89014706dab7daae3dba,Daily,Varje dag,Timeshift,timeshift_sv.po,,Bilingual translation changed in reviewed commit: archive reviewed Swedish Timeshift translation,project-context,c2784db2c3bf0fd01ec98ea5,review-commit,https://github.com/yeager/translations/blob/c015913c3390d5eac47ac14504c5cf7eafc7d63f/Timeshift/timeshift_sv.po,bb0a39ffea487fd9074626c733b56be8af52fba95bd1f50c2eb48391b7d4dc7a,{}
27dd583fcd4c4a65822a2a3d,Parent Device,Överordnad enhet,Timeshift,timeshift_sv.po,,Bilingual translation changed in reviewed commit: archive reviewed Swedish Timeshift translation,project-context,72c0098b3fcd8ac98573e171,review-commit,https://github.com/yeager/translations/blob/c015913c3390d5eac47ac14504c5cf7eafc7d63f/Timeshift/timeshift_sv.po,bb0a39ffea487fd9074626c733b56be8af52fba95bd1f50c2eb48391b7d4dc7a,{}
28394ebc71bf02701e5238d8,Cloning,Klonar,Timeshift,timeshift_sv.po,,Bilingual translation changed in reviewed commit: archive reviewed Swedish Timeshift translation,project-context,ad12da8082a295bab133a8eb,review-commit,https://github.com/yeager/translations/blob/c015913c3390d5eac47ac14504c5cf7eafc7d63f/Timeshift/timeshift_sv.po,bb0a39ffea487fd9074626c733b56be8af52fba95bd1f50c2eb48391b7d4dc7a,{}
28c4201eb14cb156007f2d91,Error,Fel,Timeshift,timeshift_sv.po,,Bilingual translation changed in reviewed commit: archive reviewed Swedish Timeshift translation,project-context,bd11f3bb12d789f62d302e56,review-commit,https://github.com/yeager/translations/blob/c015913c3390d5eac47ac14504c5cf7eafc7d63f/Timeshift/timeshift_sv.po,bb0a39ffea487fd9074626c733b56be8af52fba95bd1f50c2eb48391b7d4dc7a,{}
2968bb6fc422247759a9e0aa,Latest snapshot,Senaste avbild,Timeshift,timeshift_sv.po,,Bilingual translation changed in reviewed commit: archive reviewed Swedish Timeshift translation,project-context,3214879ccc17c5e23a3b4030,review-commit,https://github.com/yeager/translations/blob/c015913c3390d5eac47ac14504c5cf7eafc7d63f/Timeshift/timeshift_sv.po,bb0a39ffea487fd9074626c733b56be8af52fba95bd1f50c2eb48391b7d4dc7a,{}
29a2df15f09b966ef946dfe5,Deleted,Borttagen,Timeshift,timeshift_sv.po,,Bilingual translation changed in reviewed commit: archive reviewed Swedish Timeshift translation,project-context,32937ef95b22144ba2c4a4e3,review-commit,https://github.com/yeager/translations/blob/c015913c3390d5eac47ac14504c5cf7eafc7d63f/Timeshift/timeshift_sv.po,bb0a39ffea487fd9074626c733b56be8af52fba95bd1f50c2eb48391b7d4dc7a,{}
29fb01f26e1b7e9c5e7c0ceb,Previous,Föregående,Timeshift,timeshift_sv.po,,Bilingual translation changed in reviewed commit: archive reviewed Swedish Timeshift translation,project-context,aa668af99be888a6dc2abc77,review-commit,https://github.com/yeager/translations/blob/c015913c3390d5eac47ac14504c5cf7eafc7d63f/Timeshift/timeshift_sv.po,bb0a39ffea487fd9074626c733b56be8af52fba95bd1f50c2eb48391b7d4dc7a,{}
2a376f5fa07dec911a235950,Removed snapshot,Tog bort avbild,Timeshift,timeshift_sv.po,,Bilingual translation changed in reviewed commit: archive reviewed Swedish Timeshift translation,project-context,8129c830a168b85383d03ba0,review-commit,https://github.com/yeager/translations/blob/c015913c3390d5eac47ac14504c5cf7eafc7d63f/Timeshift/timeshift_sv.po,bb0a39ffea487fd9074626c733b56be8af52fba95bd1f50c2eb48391b7d4dc7a,{}
2b68a7b27f598958b77ef529,Set snapshot description,Ange avbildsbeskrivning,Timeshift,timeshift_sv.po,,Bilingual translation changed in reviewed commit: archive reviewed Swedish Timeshift translation,project-context,34e5571e4d073b8bebb1597a,review-commit,https://github.com/yeager/translations/blob/c015913c3390d5eac47ac14504c5cf7eafc7d63f/Timeshift/timeshift_sv.po,bb0a39ffea487fd9074626c733b56be8af52fba95bd1f50c2eb48391b7d4dc7a,{}
2bc037de2c1469fbdbfeed4c,Select Snapshot Levels,Välj avbildsnivåer,Timeshift,timeshift_sv.po,,Bilingual translation changed in reviewed commit: archive reviewed Swedish Timeshift translation,project-context,ac69c4918b519e71825253a4,review-commit,https://github.com/yeager/translations/blob/c015913c3390d5eac47ac14504c5cf7eafc7d63f/Timeshift/timeshift_sv.po,bb0a39ffea487fd9074626c733b56be8af52fba95bd1f50c2eb48391b7d4dc7a,{}
2c9b4aa1e402f61736b86cec,Type,Typ,Timeshift,timeshift_sv.po,,Bilingual translation changed in reviewed commit: archive reviewed Swedish Timeshift translation,project-context,41e393ae800038af1b3b3eb1,review-commit,https://github.com/yeager/translations/blob/c015913c3390d5eac47ac14504c5cf7eafc7d63f/Timeshift/timeshift_sv.po,bb0a39ffea487fd9074626c733b56be8af52fba95bd1f50c2eb48391b7d4dc7a,{}
2d345237e3d814de5970c3a3,Tagged snapshot,Taggad avbild,Timeshift,timeshift_sv.po,,Bilingual translation changed in reviewed commit: archive reviewed Swedish Timeshift translation,project-context,a237c8a23c38a6bfebf348d9,review-commit,https://github.com/yeager/translations/blob/c015913c3390d5eac47ac14504c5cf7eafc7d63f/Timeshift/timeshift_sv.po,bb0a39ffea487fd9074626c733b56be8af52fba95bd1f50c2eb48391b7d4dc7a,{}
2d5a616132889f68da33bd95,BTRFS Snapshots,BTRFS-avbilder,Timeshift,timeshift_sv.po,,Bilingual translation changed in reviewed commit: archive reviewed Swedish Timeshift translation,project-context,9dccaa2855dcf680c85d5821,review-commit,https://github.com/yeager/translations/blob/c015913c3390d5eac47ac14504c5cf7eafc7d63f/Timeshift/timeshift_sv.po,bb0a39ffea487fd9074626c733b56be8af52fba95bd1f50c2eb48391b7d4dc7a,{}
2de7c92ede8191b7eea08a76,Rebooting system...,Startar om systemet…,Timeshift,timeshift_sv.po,,Bilingual translation changed in reviewed commit: archive reviewed Swedish Timeshift translation,project-context,be84087f0f1d298b450f6d06,review-commit,https://github.com/yeager/translations/blob/c015913c3390d5eac47ac14504c5cf7eafc7d63f/Timeshift/timeshift_sv.po,bb0a39ffea487fd9074626c733b56be8af52fba95bd1f50c2eb48391b7d4dc7a,{}
2de9334ff6e48291053fe05d,Recommended,Rekommenderat,Timeshift,timeshift_sv.po,,Bilingual translation changed in reviewed commit: archive reviewed Swedish Timeshift translation,project-context,c432dcdaea77a24c85272a0c,review-commit,https://github.com/yeager/translations/blob/c015913c3390d5eac47ac14504c5cf7eafc7d63f/Timeshift/timeshift_sv.po,bb0a39ffea487fd9074626c733b56be8af52fba95bd1f50c2eb48391b7d4dc7a,{}
2e7b90467d685827c5989f01,Custom,Anpassad,Timeshift,timeshift_sv.po,,Bilingual translation changed in reviewed commit: archive reviewed Swedish Timeshift translation,project-context,dda6799fc82f03e82cf429d7,review-commit,https://github.com/yeager/translations/blob/c015913c3390d5eac47ac14504c5cf7eafc7d63f/Timeshift/timeshift_sv.po,bb0a39ffea487fd9074626c733b56be8af52fba95bd1f50c2eb48391b7d4dc7a,{}
2e9e157c8eada695542cd805,Exclude All Files,Hoppa över alla filer,Timeshift,timeshift_sv.po,,Bilingual translation changed in reviewed commit: archive reviewed Swedish Timeshift translation,project-context,dbcb8f440781fffea53deb88,review-commit,https://github.com/yeager/translations/blob/c015913c3390d5eac47ac14504c5cf7eafc7d63f/Timeshift/timeshift_sv.po,bb0a39ffea487fd9074626c733b56be8af52fba95bd1f50c2eb48391b7d4dc7a,{}
2f4a21256166a6c0a6f5df2d,Date Format,Datumformat,Timeshift,timeshift_sv.po,,Bilingual translation changed in reviewed commit: archive reviewed Swedish Timeshift translation,project-context,68939f9663a25139156b3cdb,review-commit,https://github.com/yeager/translations/blob/c015913c3390d5eac47ac14504c5cf7eafc7d63f/Timeshift/timeshift_sv.po,bb0a39ffea487fd9074626c733b56be8af52fba95bd1f50c2eb48391b7d4dc7a,{}
305bae7ccf68648beaef5c72,Select file(s),Välj fil(er),Timeshift,timeshift_sv.po,,Bilingual translation changed in reviewed commit: archive reviewed Swedish Timeshift translation,project-context,335746dd786a239f4d9c8a23,review-commit,https://github.com/yeager/translations/blob/c015913c3390d5eac47ac14504c5cf7eafc7d63f/Timeshift/timeshift_sv.po,bb0a39ffea487fd9074626c733b56be8af52fba95bd1f50c2eb48391b7d4dc7a,{}
30aa86b23cf52741c07e5c8d,rsync returned an error,rsync returnerade ett fel,Timeshift,timeshift_sv.po,,Bilingual translation changed in reviewed commit: archive reviewed Swedish Timeshift translation,project-context,1865b681c4939664030af39c,review-commit,https://github.com/yeager/translations/blob/c015913c3390d5eac47ac14504c5cf7eafc7d63f/Timeshift/timeshift_sv.po,bb0a39ffea487fd9074626c733b56be8af52fba95bd1f50c2eb48391b7d4dc7a,{}
339f2a444f31a66e7fe30cf6,Restore selected snapshot,Återställ markerad avbild,Timeshift,timeshift_sv.po,,Bilingual translation changed in reviewed commit: archive reviewed Swedish Timeshift translation,project-context,39561768d2a461f4870d5798,review-commit,https://github.com/yeager/translations/blob/c015913c3390d5eac47ac14504c5cf7eafc7d63f/Timeshift/timeshift_sv.po,bb0a39ffea487fd9074626c733b56be8af52fba95bd1f50c2eb48391b7d4dc7a,{}
33cb00d0f5f0d83abda67c3e,Monthly snapshot failed!,Månadsavbild misslyckades!,Timeshift,timeshift_sv.po,,Bilingual translation changed in reviewed commit: archive reviewed Swedish Timeshift translation,project-context,c29c03b70412e3d8b7fbac8b,review-commit,https://github.com/yeager/translations/blob/c015913c3390d5eac47ac14504c5cf7eafc7d63f/Timeshift/timeshift_sv.po,bb0a39ffea487fd9074626c733b56be8af52fba95bd1f50c2eb48391b7d4dc7a,{}
3462167d2beae34bba8e4c0d,Available,Tillgänglig,Timeshift,timeshift_sv.po,,Bilingual translation changed in reviewed commit: archive reviewed Swedish Timeshift translation,project-context,e410e6506f0a780d5abd9752,review-commit,https://github.com/yeager/translations/blob/c015913c3390d5eac47ac14504c5cf7eafc7d63f/Timeshift/timeshift_sv.po,bb0a39ffea487fd9074626c733b56be8af52fba95bd1f50c2eb48391b7d4dc7a,{}
3467a13d70c58c7d2891e8a1,Deleted directory,Tog bort mapp,Timeshift,timeshift_sv.po,,Bilingual translation changed in reviewed commit: archive reviewed Swedish Timeshift translation,project-context,2879c1644ddd8f17bfdd344f,review-commit,https://github.com/yeager/translations/blob/c015913c3390d5eac47ac14504c5cf7eafc7d63f/Timeshift/timeshift_sv.po,bb0a39ffea487fd9074626c733b56be8af52fba95bd1f50c2eb48391b7d4dc7a,{}
34cb3f44ef7700ca8813f17b,Subvolumes,Undervolymer,Timeshift,timeshift_sv.po,,Bilingual translation changed in reviewed commit: archive reviewed Swedish Timeshift translation,project-context,032e4e7d4e19b2b1a7beeb8b,review-commit,https://github.com/yeager/translations/blob/c015913c3390d5eac47ac14504c5cf7eafc7d63f/Timeshift/timeshift_sv.po,bb0a39ffea487fd9074626c733b56be8af52fba95bd1f50c2eb48391b7d4dc7a,{}
37fc3928efedc555108ca430,Hourly snapshot failed!,Timavbild misslyckades!,Timeshift,timeshift_sv.po,,Bilingual translation changed in reviewed commit: archive reviewed Swedish Timeshift translation,project-context,b5c0642e55d317e937939457,review-commit,https://github.com/yeager/translations/blob/c015913c3390d5eac47ac14504c5cf7eafc7d63f/Timeshift/timeshift_sv.po,bb0a39ffea487fd9074626c733b56be8af52fba95bd1f50c2eb48391b7d4dc7a,{}
380a7107d7def191c9a0dac9,Failed to copy file,Kunde inte kopiera fil,Timeshift,timeshift_sv.po,,Bilingual translation changed in reviewed commit: archive reviewed Swedish Timeshift translation,project-context,96f88aef94e80195897b4fb6,review-commit,https://github.com/yeager/translations/blob/c015913c3390d5eac47ac14504c5cf7eafc7d63f/Timeshift/timeshift_sv.po,bb0a39ffea487fd9074626c733b56be8af52fba95bd1f50c2eb48391b7d4dc7a,{}
387f7164c0f7b0fcf7bd9b67,Used,Använd,Timeshift,timeshift_sv.po,,Bilingual translation changed in reviewed commit: archive reviewed Swedish Timeshift translation,project-context,8934c5dda248087da604c67c,review-commit,https://github.com/yeager/translations/blob/c015913c3390d5eac47ac14504c5cf7eafc7d63f/Timeshift/timeshift_sv.po,bb0a39ffea487fd9074626c733b56be8af52fba95bd1f50c2eb48391b7d4dc7a,{}
38a4bede3e16f8b712b6e572,Delete,Ta bort,Timeshift,timeshift_sv.po,,Bilingual translation changed in reviewed commit: archive reviewed Swedish Timeshift translation,project-context,cef2b6b77345759b32befc88,review-commit,https://github.com/yeager/translations/blob/c015913c3390d5eac47ac14504c5cf7eafc7d63f/Timeshift/timeshift_sv.po,bb0a39ffea487fd9074626c733b56be8af52fba95bd1f50c2eb48391b7d4dc7a,{}
38d2c64cc24c324021b6b318,Timestamp,Tidsstämpel,Timeshift,timeshift_sv.po,,Bilingual translation changed in reviewed commit: archive reviewed Swedish Timeshift translation,project-context,f0099a2c1176b2838488f260,review-commit,https://github.com/yeager/translations/blob/c015913c3390d5eac47ac14504c5cf7eafc7d63f/Timeshift/timeshift_sv.po,bb0a39ffea487fd9074626c733b56be8af52fba95bd1f50c2eb48391b7d4dc7a,{}
38ddc2a99fbdb7a2de4fccbb,(Re)install GRUB2 on:,(Åter)installera GRUB2 på:,Timeshift,timeshift_sv.po,,Bilingual translation changed in reviewed commit: archive reviewed Swedish Timeshift translation,project-context,97b7a2cac94cb8b9f4a48a2f,review-commit,https://github.com/yeager/translations/blob/c015913c3390d5eac47ac14504c5cf7eafc7d63f/Timeshift/timeshift_sv.po,bb0a39ffea487fd9074626c733b56be8af52fba95bd1f50c2eb48391b7d4dc7a,{}
3955fea95f34414a6d3f876c,Missing Dependencies,Saknade beroenden,Timeshift,timeshift_sv.po,,Bilingual translation changed in reviewed commit: archive reviewed Swedish Timeshift translation,project-context,8953cbbb47cd7d281fc5de02,review-commit,https://github.com/yeager/translations/blob/c015913c3390d5eac47ac14504c5cf7eafc7d63f/Timeshift/timeshift_sv.po,bb0a39ffea487fd9074626c733b56be8af52fba95bd1f50c2eb48391b7d4dc7a,{}
3b89fb7c29d86504732ef5d4,Add Files,Lägg till filer,Timeshift,timeshift_sv.po,,Bilingual translation changed in reviewed commit: archive reviewed Swedish Timeshift translation,project-context,ca919442ec173db72f4a224c,review-commit,https://github.com/yeager/translations/blob/c015913c3390d5eac47ac14504c5cf7eafc7d63f/Timeshift/timeshift_sv.po,bb0a39ffea487fd9074626c733b56be8af52fba95bd1f50c2eb48391b7d4dc7a,{}
3b96ccba72b8019e5f282ed8,Hide rsync output,Dölj rsync-utdata,Timeshift,timeshift_sv.po,,Bilingual translation changed in reviewed commit: archive reviewed Swedish Timeshift translation,project-context,cf6d7b38a74c4fe6ddcc882c,review-commit,https://github.com/yeager/translations/blob/c015913c3390d5eac47ac14504c5cf7eafc7d63f/Timeshift/timeshift_sv.po,bb0a39ffea487fd9074626c733b56be8af52fba95bd1f50c2eb48391b7d4dc7a,{}
3bfee068d3cc87e789a2d335,Failed to mount devices,Kunde inte montera enheter,Timeshift,timeshift_sv.po,,Bilingual translation changed in reviewed commit: archive reviewed Swedish Timeshift translation,project-context,2fd62716b83c0bc33d90aa6a,review-commit,https://github.com/yeager/translations/blob/c015913c3390d5eac47ac14504c5cf7eafc7d63f/Timeshift/timeshift_sv.po,bb0a39ffea487fd9074626c733b56be8af52fba95bd1f50c2eb48391b7d4dc7a,{}
3c091d02606d8dfc430f6ef0,Last hourly snapshot not found,Senaste timavbilden kunde inte hittas,Timeshift,timeshift_sv.po,,Bilingual translation changed in reviewed commit: archive reviewed Swedish Timeshift translation,project-context,afd8ae6dfdd3ba5a1a642d7c,review-commit,https://github.com/yeager/translations/blob/c015913c3390d5eac47ac14504c5cf7eafc7d63f/Timeshift/timeshift_sv.po,bb0a39ffea487fd9074626c733b56be8af52fba95bd1f50c2eb48391b7d4dc7a,{}
3c2eaa7e42733ccf5880a3e9,On demand (manual),Vid behov (manuellt),Timeshift,timeshift_sv.po,,Bilingual translation changed in reviewed commit: archive reviewed Swedish Timeshift translation,project-context,edc622aea2d5f0bf6113b4a7,review-commit,https://github.com/yeager/translations/blob/c015913c3390d5eac47ac14504c5cf7eafc7d63f/Timeshift/timeshift_sv.po,bb0a39ffea487fd9074626c733b56be8af52fba95bd1f50c2eb48391b7d4dc7a,{}
3c34e6aae278d78973bc2aed,Snapshot(s) Deleted,Avbild(er) borttagna,Timeshift,timeshift_sv.po,,Bilingual translation changed in reviewed commit: archive reviewed Swedish Timeshift translation,project-context,0696ccbfd0a0704f7fafd645,review-commit,https://github.com/yeager/translations/blob/c015913c3390d5eac47ac14504c5cf7eafc7d63f/Timeshift/timeshift_sv.po,bb0a39ffea487fd9074626c733b56be8af52fba95bd1f50c2eb48391b7d4dc7a,{}
3c563ac297ebd441779c14cd,Remove,Ta bort,Timeshift,timeshift_sv.po,,Bilingual translation changed in reviewed commit: archive reviewed Swedish Timeshift translation,project-context,ee06b9b0c640eebece5ba958,review-commit,https://github.com/yeager/translations/blob/c015913c3390d5eac47ac14504c5cf7eafc7d63f/Timeshift/timeshift_sv.po,bb0a39ffea487fd9074626c733b56be8af52fba95bd1f50c2eb48391b7d4dc7a,{}
3d1f01212a69bf60608b5c78,Switch to BTRFS mode (default: config),Växla till BTRFS-läge (standard: config),Timeshift,timeshift_sv.po,,Bilingual translation changed in reviewed commit: archive reviewed Swedish Timeshift translation,project-context,c7cd04d9e7d909d36b0a7abd,review-commit,https://github.com/yeager/translations/blob/c015913c3390d5eac47ac14504c5cf7eafc7d63f/Timeshift/timeshift_sv.po,bb0a39ffea487fd9074626c733b56be8af52fba95bd1f50c2eb48391b7d4dc7a,{}
3f1c5ba8dcd2f9a1c78c84fd,Syncing files with rsync...,Synkroniserar filer med rsync…,Timeshift,timeshift_sv.po,,Bilingual translation changed in reviewed commit: archive reviewed Swedish Timeshift translation,project-context,990c5e2c38495ac925e2eb9f,review-commit,https://github.com/yeager/translations/blob/c015913c3390d5eac47ac14504c5cf7eafc7d63f/Timeshift/timeshift_sv.po,bb0a39ffea487fd9074626c733b56be8af52fba95bd1f50c2eb48391b7d4dc7a,{}
41412d1af71b812c349695cb,Creating Snapshot...,Skapar avbild ...,Timeshift,timeshift_sv.po,,Bilingual translation changed in reviewed commit: archive reviewed Swedish Timeshift translation,project-context,b2d15a6980c90b686b5770c7,review-commit,https://github.com/yeager/translations/blob/c015913c3390d5eac47ac14504c5cf7eafc7d63f/Timeshift/timeshift_sv.po,bb0a39ffea487fd9074626c733b56be8af52fba95bd1f50c2eb48391b7d4dc7a,{}
4221d1728e072405b9f8fd2b,First snapshot requires:,Första avbilden kräver:,Timeshift,timeshift_sv.po,,Bilingual translation changed in reviewed commit: archive reviewed Swedish Timeshift translation,project-context,9a15dc2090bdbbc96043374f,review-commit,https://github.com/yeager/translations/blob/c015913c3390d5eac47ac14504c5cf7eafc7d63f/Timeshift/timeshift_sv.po,bb0a39ffea487fd9074626c733b56be8af52fba95bd1f50c2eb48391b7d4dc7a,{}
4273a1d17cf372783dbb0c76,Specify snapshot to restore,Ange avbild för återställning,Timeshift,timeshift_sv.po,,Bilingual translation changed in reviewed commit: archive reviewed Swedish Timeshift translation,project-context,a0e8fe73e2eceecb0e37cdc0,review-commit,https://github.com/yeager/translations/blob/c015913c3390d5eac47ac14504c5cf7eafc7d63f/Timeshift/timeshift_sv.po,bb0a39ffea487fd9074626c733b56be8af52fba95bd1f50c2eb48391b7d4dc7a,{}
43059660759d506707700e9b,Created pre-restore snapshot,Skapade en avbild före återställning,Timeshift,timeshift_sv.po,,Bilingual translation changed in reviewed commit: archive reviewed Swedish Timeshift translation,project-context,ef620fd6a0aa293b03852eb8,review-commit,https://github.com/yeager/translations/blob/c015913c3390d5eac47ac14504c5cf7eafc7d63f/Timeshift/timeshift_sv.po,bb0a39ffea487fd9074626c733b56be8af52fba95bd1f50c2eb48391b7d4dc7a,{}
4337361c65d29b912c02677b,Could not find file,Kunde inte hitta filen,Timeshift,timeshift_sv.po,,Bilingual translation changed in reviewed commit: archive reviewed Swedish Timeshift translation,project-context,5a8d3bc49271d5845a633376,review-commit,https://github.com/yeager/translations/blob/c015913c3390d5eac47ac14504c5cf7eafc7d63f/Timeshift/timeshift_sv.po,bb0a39ffea487fd9074626c733b56be8af52fba95bd1f50c2eb48391b7d4dc7a,{}
43e88374d6bd8257f35c09f1,Removed cron task,Tog bort cron-åtgärd,Timeshift,timeshift_sv.po,,Bilingual translation changed in reviewed commit: archive reviewed Swedish Timeshift translation,project-context,df34e72962ef6c576027518f,review-commit,https://github.com/yeager/translations/blob/c015913c3390d5eac47ac14504c5cf7eafc7d63f/Timeshift/timeshift_sv.po,bb0a39ffea487fd9074626c733b56be8af52fba95bd1f50c2eb48391b7d4dc7a,{}
456e270fd3ccba1c3f4953cc,Encrypted Home Directory,Krypterad hemkatalog,Timeshift,timeshift_sv.po,,Bilingual translation changed in reviewed commit: archive reviewed Swedish Timeshift translation,project-context,3b5b3d6dfe3399ecb798c6c7,review-commit,https://github.com/yeager/translations/blob/c015913c3390d5eac47ac14504c5cf7eafc7d63f/Timeshift/timeshift_sv.po,bb0a39ffea487fd9074626c733b56be8af52fba95bd1f50c2eb48391b7d4dc7a,{}
46cf108c6beaa82038284b23,Exclude Pattern,Undantagsmönster,Timeshift,timeshift_sv.po,,Bilingual translation changed in reviewed commit: archive reviewed Swedish Timeshift translation,project-context,7350b51d4b1f4fd0c8d377fd,review-commit,https://github.com/yeager/translations/blob/c015913c3390d5eac47ac14504c5cf7eafc7d63f/Timeshift/timeshift_sv.po,bb0a39ffea487fd9074626c733b56be8af52fba95bd1f50c2eb48391b7d4dc7a,{}
474ef56ca0524ef2d534c917,Please wait...,Vänta...,Timeshift,timeshift_sv.po,,Bilingual translation changed in reviewed commit: archive reviewed Swedish Timeshift translation,project-context,deabe578863647405ab329d9,review-commit,https://github.com/yeager/translations/blob/c015913c3390d5eac47ac14504c5cf7eafc7d63f/Timeshift/timeshift_sv.po,bb0a39ffea487fd9074626c733b56be8af52fba95bd1f50c2eb48391b7d4dc7a,{}
47a3b156cfdbf6ec89519a30,Application needs admin access.,Programmet behöver administratörsåtkomst.,Timeshift,timeshift_sv.po,,Bilingual translation changed in reviewed commit: archive reviewed Swedish Timeshift translation,project-context,5fd70841578055508d9f8611,review-commit,https://github.com/yeager/translations/blob/c015913c3390d5eac47ac14504c5cf7eafc7d63f/Timeshift/timeshift_sv.po,bb0a39ffea487fd9074626c733b56be8af52fba95bd1f50c2eb48391b7d4dc7a,{}
4862c9d050626c9e21b9cfdf,Estimate,Beräkna,Timeshift,timeshift_sv.po,,Bilingual translation changed in reviewed commit: archive reviewed Swedish Timeshift translation,project-context,a89492e75a3c2ad73e8dda1d,review-commit,https://github.com/yeager/translations/blob/c015913c3390d5eac47ac14504c5cf7eafc7d63f/Timeshift/timeshift_sv.po,bb0a39ffea487fd9074626c733b56be8af52fba95bd1f50c2eb48391b7d4dc7a,{}
4a4f975b20d90530bf53d159,Tags,Taggar,Timeshift,timeshift_sv.po,,Bilingual translation changed in reviewed commit: archive reviewed Swedish Timeshift translation,project-context,82180c6b7d514539ec2d6bbc,review-commit,https://github.com/yeager/translations/blob/c015913c3390d5eac47ac14504c5cf7eafc7d63f/Timeshift/timeshift_sv.po,bb0a39ffea487fd9074626c733b56be8af52fba95bd1f50c2eb48391b7d4dc7a,{}
4beab5264a602075a5e28a16,Device name is empty!,Enhetsnamnet saknas!,Timeshift,timeshift_sv.po,,Bilingual translation changed in reviewed commit: archive reviewed Swedish Timeshift translation,project-context,d6b218052de489c7672cda5c,review-commit,https://github.com/yeager/translations/blob/c015913c3390d5eac47ac14504c5cf7eafc7d63f/Timeshift/timeshift_sv.po,bb0a39ffea487fd9074626c733b56be8af52fba95bd1f50c2eb48391b7d4dc7a,{}
4c45f0ab218d6d2acddbb43e,Select Snapshot,Välj avbild,Timeshift,timeshift_sv.po,,Bilingual translation changed in reviewed commit: archive reviewed Swedish Timeshift translation,project-context,753f766b9aecb754775ab3ad,review-commit,https://github.com/yeager/translations/blob/c015913c3390d5eac47ac14504c5cf7eafc7d63f/Timeshift/timeshift_sv.po,bb0a39ffea487fd9074626c733b56be8af52fba95bd1f50c2eb48391b7d4dc7a,{}
4c51f07e4edffba58d0456f7,List snapshots,Lista avbilder,Timeshift,timeshift_sv.po,,Bilingual translation changed in reviewed commit: archive reviewed Swedish Timeshift translation,project-context,4f27c5b5ceaf1cd31d777f15,review-commit,https://github.com/yeager/translations/blob/c015913c3390d5eac47ac14504c5cf7eafc7d63f/Timeshift/timeshift_sv.po,bb0a39ffea487fd9074626c733b56be8af52fba95bd1f50c2eb48391b7d4dc7a,{}
4c810266a518403a08b6ef5e,Select another device to delete snasphots,Välj en annan enhet för att ta bort avbilder,Timeshift,timeshift_sv.po,,Bilingual translation changed in reviewed commit: archive reviewed Swedish Timeshift translation,project-context,1980212f56025f37cd2d45ad,review-commit,https://github.com/yeager/translations/blob/c015913c3390d5eac47ac14504c5cf7eafc7d63f/Timeshift/timeshift_sv.po,bb0a39ffea487fd9074626c733b56be8af52fba95bd1f50c2eb48391b7d4dc7a,{}
4ce6c2720877f6f6b80ef3e3,Free,Ledigt,Timeshift,timeshift_sv.po,,Bilingual translation changed in reviewed commit: archive reviewed Swedish Timeshift translation,project-context,36edd7523ee2cdf7b1178a85,review-commit,https://github.com/yeager/translations/blob/c015913c3390d5eac47ac14504c5cf7eafc7d63f/Timeshift/timeshift_sv.po,bb0a39ffea487fd9074626c733b56be8af52fba95bd1f50c2eb48391b7d4dc7a,{}
4cf9abf6bfdde2bc886f3823,Size,Storlek,Timeshift,timeshift_sv.po,,Bilingual translation changed in reviewed commit: archive reviewed Swedish Timeshift translation,project-context,e12359ede30e5c975a94c6b0,review-commit,https://github.com/yeager/translations/blob/c015913c3390d5eac47ac14504c5cf7eafc7d63f/Timeshift/timeshift_sv.po,bb0a39ffea487fd9074626c733b56be8af52fba95bd1f50c2eb48391b7d4dc7a,{}
4d819d1a57b2dab66d0da624,/boot/efi is mapped to device,/boot/efi är mappad på enhet,Timeshift,timeshift_sv.po,,Bilingual translation changed in reviewed commit: archive reviewed Swedish Timeshift translation,project-context,f8e5425f7c50c9fca68f8e73,review-commit,https://github.com/yeager/translations/blob/c015913c3390d5eac47ac14504c5cf7eafc7d63f/Timeshift/timeshift_sv.po,bb0a39ffea487fd9074626c733b56be8af52fba95bd1f50c2eb48391b7d4dc7a,{}
4e05c088c800bcc6423ecfa8,Bootloader Options (Advanced),Alternativ för starthanterare (Avancerat),Timeshift,timeshift_sv.po,,Bilingual translation changed in reviewed commit: archive reviewed Swedish Timeshift translation,project-context,d7c9221d5e9ed1aa452252c3,review-commit,https://github.com/yeager/translations/blob/c015913c3390d5eac47ac14504c5cf7eafc7d63f/Timeshift/timeshift_sv.po,bb0a39ffea487fd9074626c733b56be8af52fba95bd1f50c2eb48391b7d4dc7a,{}
4e374cfca5e078e1f5c0af53,Action,Åtgärd,Timeshift,timeshift_sv.po,,Bilingual translation changed in reviewed commit: archive reviewed Swedish Timeshift translation,project-context,b3c132d14008180bcd268c00,review-commit,https://github.com/yeager/translations/blob/c015913c3390d5eac47ac14504c5cf7eafc7d63f/Timeshift/timeshift_sv.po,bb0a39ffea487fd9074626c733b56be8af52fba95bd1f50c2eb48391b7d4dc7a,{}
4e50b3f5106d3fb1b34be7fd,Scheduled snapshots are enabled,Schemalagda avbilder är aktiverade,Timeshift,timeshift_sv.po,,Bilingual translation changed in reviewed commit: archive reviewed Swedish Timeshift translation,project-context,a5b4a47aaaf06608b415c70f,review-commit,https://github.com/yeager/translations/blob/c015913c3390d5eac47ac14504c5cf7eafc7d63f/Timeshift/timeshift_sv.po,bb0a39ffea487fd9074626c733b56be8af52fba95bd1f50c2eb48391b7d4dc7a,{}
4f3922a199cfae1abf2fd99f,[Warning] Deleted invalid lock,[Varning] Tog bort ogiltigt lås,Timeshift,timeshift_sv.po,,Bilingual translation changed in reviewed commit: archive reviewed Swedish Timeshift translation,project-context,8b07138e261f2912c186e043,review-commit,https://github.com/yeager/translations/blob/c015913c3390d5eac47ac14504c5cf7eafc7d63f/Timeshift/timeshift_sv.po,bb0a39ffea487fd9074626c733b56be8af52fba95bd1f50c2eb48391b7d4dc7a,{}
4fe0277a4d23f31f41f8d6de,Select snapshot,Välj avbild,Timeshift,timeshift_sv.po,,Bilingual translation changed in reviewed commit: archive reviewed Swedish Timeshift translation,project-context,afa818dc13f3375285990110,review-commit,https://github.com/yeager/translations/blob/c015913c3390d5eac47ac14504c5cf7eafc7d63f/Timeshift/timeshift_sv.po,bb0a39ffea487fd9074626c733b56be8af52fba95bd1f50c2eb48391b7d4dc7a,{}
51516238dffccbb1b0f0b203,Updating bootloader configuration...,Uppdaterar starthanteringskonfigurationen ...,Timeshift,timeshift_sv.po,,Bilingual translation changed in reviewed commit: archive reviewed Swedish Timeshift translation,project-context,12f84a91cdcd64c67f4eb5c3,review-commit,https://github.com/yeager/translations/blob/c015913c3390d5eac47ac14504c5cf7eafc7d63f/Timeshift/timeshift_sv.po,bb0a39ffea487fd9074626c733b56be8af52fba95bd1f50c2eb48391b7d4dc7a,{}
5156424af45b1d469e3d8ce2,Wrong password,Fel lösenord,Timeshift,timeshift_sv.po,,Bilingual translation changed in reviewed commit: archive reviewed Swedish Timeshift translation,project-context,1a03c87891b0f15846478b46,review-commit,https://github.com/yeager/translations/blob/c015913c3390d5eac47ac14504c5cf7eafc7d63f/Timeshift/timeshift_sv.po,bb0a39ffea487fd9074626c733b56be8af52fba95bd1f50c2eb48391b7d4dc7a,{}
51f3cfccd18dd55c064f047e,Failed to export crontab file,Kunde inte exportera crontab-fil,Timeshift,timeshift_sv.po,,Bilingual translation changed in reviewed commit: archive reviewed Swedish Timeshift translation,project-context,71a3e7d7da59fad4fa72a190,review-commit,https://github.com/yeager/translations/blob/c015913c3390d5eac47ac14504c5cf7eafc7d63f/Timeshift/timeshift_sv.po,bb0a39ffea487fd9074626c733b56be8af52fba95bd1f50c2eb48391b7d4dc7a,{}
5241cc366a4cbba8c6c360a3,Create snapshot (even if not scheduled),Skapa avbild (även om ej schemalagd),Timeshift,timeshift_sv.po,,Bilingual translation changed in reviewed commit: archive reviewed Swedish Timeshift translation,project-context,44d9f69227b1338d9f87335e,review-commit,https://github.com/yeager/translations/blob/c015913c3390d5eac47ac14504c5cf7eafc7d63f/Timeshift/timeshift_sv.po,bb0a39ffea487fd9074626c733b56be8af52fba95bd1f50c2eb48391b7d4dc7a,{}
53dda736249c52d0967fc280,List,Lista,Timeshift,timeshift_sv.po,,Bilingual translation changed in reviewed commit: archive reviewed Swedish Timeshift translation,project-context,29c0cc9850678019e65e5747,review-commit,https://github.com/yeager/translations/blob/c015913c3390d5eac47ac14504c5cf7eafc7d63f/Timeshift/timeshift_sv.po,bb0a39ffea487fd9074626c733b56be8af52fba95bd1f50c2eb48391b7d4dc7a,{}
53f9db604f20026f171ed4b4,Weekly snapshots are enabled,Veckoavbilder är aktiverade,Timeshift,timeshift_sv.po,,Bilingual translation changed in reviewed commit: archive reviewed Swedish Timeshift translation,project-context,dce33e05c547c4da2cfc250f,review-commit,https://github.com/yeager/translations/blob/c015913c3390d5eac47ac14504c5cf7eafc7d63f/Timeshift/timeshift_sv.po,bb0a39ffea487fd9074626c733b56be8af52fba95bd1f50c2eb48391b7d4dc7a,{}
54254ed4ab8c27db3bfe30af,Select Snapshots,Välj avbilder,Timeshift,timeshift_sv.po,,Bilingual translation changed in reviewed commit: archive reviewed Swedish Timeshift translation,project-context,b2fb00fc248bd67da16294cc,review-commit,https://github.com/yeager/translations/blob/c015913c3390d5eac47ac14504c5cf7eafc7d63f/Timeshift/timeshift_sv.po,bb0a39ffea487fd9074626c733b56be8af52fba95bd1f50c2eb48391b7d4dc7a,{}
545e79809368a6a677fc6dd4,Cron task exists,Cron-åtgärden finns redan,Timeshift,timeshift_sv.po,,Bilingual translation changed in reviewed commit: archive reviewed Swedish Timeshift translation,project-context,ba9a34d7ca55867d1e7ca498,review-commit,https://github.com/yeager/translations/blob/c015913c3390d5eac47ac14504c5cf7eafc7d63f/Timeshift/timeshift_sv.po,bb0a39ffea487fd9074626c733b56be8af52fba95bd1f50c2eb48391b7d4dc7a,{}
55cbd266d262c428dcf0f51a,Summary,Sammandrag,Timeshift,timeshift_sv.po,,Bilingual translation changed in reviewed commit: archive reviewed Swedish Timeshift translation,project-context,494d1baf2cc4145d6cae9d3f,review-commit,https://github.com/yeager/translations/blob/c015913c3390d5eac47ac14504c5cf7eafc7d63f/Timeshift/timeshift_sv.po,bb0a39ffea487fd9074626c733b56be8af52fba95bd1f50c2eb48391b7d4dc7a,{}
57265816d119047219e79bd4,crontab file installed,crontab-fil installerad,Timeshift,timeshift_sv.po,,Bilingual translation changed in reviewed commit: archive reviewed Swedish Timeshift translation,project-context,4bd4ea4f404b63b22c969418,review-commit,https://github.com/yeager/translations/blob/c015913c3390d5eac47ac14504c5cf7eafc7d63f/Timeshift/timeshift_sv.po,bb0a39ffea487fd9074626c733b56be8af52fba95bd1f50c2eb48391b7d4dc7a,{}
57a4b89b2ad310367f6691ba,This device is not encrypted,Denna enhet är inte krypterad,Timeshift,timeshift_sv.po,,Bilingual translation changed in reviewed commit: archive reviewed Swedish Timeshift translation,project-context,37565dc213ce3707ac238f68,review-commit,https://github.com/yeager/translations/blob/c015913c3390d5eac47ac14504c5cf7eafc7d63f/Timeshift/timeshift_sv.po,bb0a39ffea487fd9074626c733b56be8af52fba95bd1f50c2eb48391b7d4dc7a,{}
57ad3b91f393629cc8ce7aab,Cron job added,Cron-åtgärd tillagd,Timeshift,timeshift_sv.po,,Bilingual translation changed in reviewed commit: archive reviewed Swedish Timeshift translation,project-context,dce227eb83adf3d14abb5d89,review-commit,https://github.com/yeager/translations/blob/c015913c3390d5eac47ac14504c5cf7eafc7d63f/Timeshift/timeshift_sv.po,bb0a39ffea487fd9074626c733b56be8af52fba95bd1f50c2eb48391b7d4dc7a,{}
57b070403d3b29828a26a6c6,Label,Etikett,Timeshift,timeshift_sv.po,,Bilingual translation changed in reviewed commit: archive reviewed Swedish Timeshift translation,project-context,3b296855a42a54df6245b9e4,review-commit,https://github.com/yeager/translations/blob/c015913c3390d5eac47ac14504c5cf7eafc7d63f/Timeshift/timeshift_sv.po,bb0a39ffea487fd9074626c733b56be8af52fba95bd1f50c2eb48391b7d4dc7a,{}
57d2d9652c0814d0a50dfc05,Checking Restore Actions (Dry Run),Kontrollerar åtgärder för återställning (simulering),Timeshift,timeshift_sv.po,,Bilingual translation changed in reviewed commit: archive reviewed Swedish Timeshift translation,project-context,038fbaafb215df06f042c122,review-commit,https://github.com/yeager/translations/blob/c015913c3390d5eac47ac14504c5cf7eafc7d63f/Timeshift/timeshift_sv.po,bb0a39ffea487fd9074626c733b56be8af52fba95bd1f50c2eb48391b7d4dc7a,{}
5811ffb4ad8c118059056953,Confirm Actions,Bekräfta åtgärder,Timeshift,timeshift_sv.po,,Bilingual translation changed in reviewed commit: archive reviewed Swedish Timeshift translation,project-context,4556a13b572b1a9b2df01f2f,review-commit,https://github.com/yeager/translations/blob/c015913c3390d5eac47ac14504c5cf7eafc7d63f/Timeshift/timeshift_sv.po,bb0a39ffea487fd9074626c733b56be8af52fba95bd1f50c2eb48391b7d4dc7a,{}
58e013b5f094465e7e42a8d4,Unknown option,Okänt alternativ,Timeshift,timeshift_sv.po,,Bilingual translation changed in reviewed commit: archive reviewed Swedish Timeshift translation,project-context,7252af3247f8a2ca4f3c85e9,review-commit,https://github.com/yeager/translations/blob/c015913c3390d5eac47ac14504c5cf7eafc7d63f/Timeshift/timeshift_sv.po,bb0a39ffea487fd9074626c733b56be8af52fba95bd1f50c2eb48391b7d4dc7a,{}
5945fd994bdafba110bec0b5,Device,Enhet,Timeshift,timeshift_sv.po,,Bilingual translation changed in reviewed commit: archive reviewed Swedish Timeshift translation,project-context,d46dcea5ed8f789b4bd08da9,review-commit,https://github.com/yeager/translations/blob/c015913c3390d5eac47ac14504c5cf7eafc7d63f/Timeshift/timeshift_sv.po,bb0a39ffea487fd9074626c733b56be8af52fba95bd1f50c2eb48391b7d4dc7a,{}
594cbf49386cb2496d1115f8,Backup Device,Enhet för säkerhetskopior,Timeshift,timeshift_sv.po,,Bilingual translation changed in reviewed commit: archive reviewed Swedish Timeshift translation,project-context,5eb4c5905630f9624768642b,review-commit,https://github.com/yeager/translations/blob/c015913c3390d5eac47ac14504c5cf7eafc7d63f/Timeshift/timeshift_sv.po,bb0a39ffea487fd9074626c733b56be8af52fba95bd1f50c2eb48391b7d4dc7a,{}
59647056b9c3a7865daefda2,GRUB device not selected,GRUB-enhet inte vald,Timeshift,timeshift_sv.po,,Bilingual translation changed in reviewed commit: archive reviewed Swedish Timeshift translation,project-context,a1f6788d9e6352a6077f0e92,review-commit,https://github.com/yeager/translations/blob/c015913c3390d5eac47ac14504c5cf7eafc7d63f/Timeshift/timeshift_sv.po,bb0a39ffea487fd9074626c733b56be8af52fba95bd1f50c2eb48391b7d4dc7a,{}
59e3d451b46bfcfbd2534884,Failed to remove snapshot,Kunde inte ta bort avbild,Timeshift,timeshift_sv.po,,Bilingual translation changed in reviewed commit: archive reviewed Swedish Timeshift translation,project-context,94d8a514f4c86b9f88ecbbac,review-commit,https://github.com/yeager/translations/blob/c015913c3390d5eac47ac14504c5cf7eafc7d63f/Timeshift/timeshift_sv.po,bb0a39ffea487fd9074626c733b56be8af52fba95bd1f50c2eb48391b7d4dc7a,{}
5a088e11350ecfae09c556be,Notes,Anteckningar,Timeshift,timeshift_sv.po,,Bilingual translation changed in reviewed commit: archive reviewed Swedish Timeshift translation,project-context,0ae9e5b60e4c628b5fdd2464,review-commit,https://github.com/yeager/translations/blob/c015913c3390d5eac47ac14504c5cf7eafc7d63f/Timeshift/timeshift_sv.po,bb0a39ffea487fd9074626c733b56be8af52fba95bd1f50c2eb48391b7d4dc7a,{}
5a5fc0607d14d7e2be855d46,View Rsync Log for Restore,Visa Rsync-logg för återställning,Timeshift,timeshift_sv.po,,Bilingual translation changed in reviewed commit: archive reviewed Swedish Timeshift translation,project-context,3262d7c8da2e4fe44c4297d5,review-commit,https://github.com/yeager/translations/blob/c015913c3390d5eac47ac14504c5cf7eafc7d63f/Timeshift/timeshift_sv.po,bb0a39ffea487fd9074626c733b56be8af52fba95bd1f50c2eb48391b7d4dc7a,{}
5a779e0fbbc49a1d83e94052,Removed,Borttaget,Timeshift,timeshift_sv.po,,Bilingual translation changed in reviewed commit: archive reviewed Swedish Timeshift translation,project-context,4b393a50783c0a8f32902497,review-commit,https://github.com/yeager/translations/blob/c015913c3390d5eac47ac14504c5cf7eafc7d63f/Timeshift/timeshift_sv.po,bb0a39ffea487fd9074626c733b56be8af52fba95bd1f50c2eb48391b7d4dc7a,{}
5a8881490910040b36b841aa,Snapshot to restore not specified!,Avbild för återställning har inte specificerats!,Timeshift,timeshift_sv.po,,Bilingual translation changed in reviewed commit: archive reviewed Swedish Timeshift translation,project-context,3f4e358aec44b48a51205939,review-commit,https://github.com/yeager/translations/blob/c015913c3390d5eac47ac14504c5cf7eafc7d63f/Timeshift/timeshift_sv.po,bb0a39ffea487fd9074626c733b56be8af52fba95bd1f50c2eb48391b7d4dc7a,{}
5abfbb9ba673b86c0f1cd4fb,App config loaded,Programinställningar inlästa,Timeshift,timeshift_sv.po,,Bilingual translation changed in reviewed commit: archive reviewed Swedish Timeshift translation,project-context,1cb731b169e288153d6d8e01,review-commit,https://github.com/yeager/translations/blob/c015913c3390d5eac47ac14504c5cf7eafc7d63f/Timeshift/timeshift_sv.po,bb0a39ffea487fd9074626c733b56be8af52fba95bd1f50c2eb48391b7d4dc7a,{}
5c1ff101d1fa3a77fb027b09,Keep,Behåll,Timeshift,timeshift_sv.po,,Bilingual translation changed in reviewed commit: archive reviewed Swedish Timeshift translation,project-context,7fbe32784342cd90d42a0230,review-commit,https://github.com/yeager/translations/blob/c015913c3390d5eac47ac14504c5cf7eafc7d63f/Timeshift/timeshift_sv.po,bb0a39ffea487fd9074626c733b56be8af52fba95bd1f50c2eb48391b7d4dc7a,{}
5c98ce61179d6ee9e8c084a7,Show all options,Visa alla alternativ,Timeshift,timeshift_sv.po,,Bilingual translation changed in reviewed commit: archive reviewed Swedish Timeshift translation,project-context,076696af267227874a5c2d62,review-commit,https://github.com/yeager/translations/blob/c015913c3390d5eac47ac14504c5cf7eafc7d63f/Timeshift/timeshift_sv.po,bb0a39ffea487fd9074626c733b56be8af52fba95bd1f50c2eb48391b7d4dc7a,{}
5ce2f04c003706cd415dc250,Updated /etc/fstab on target device,Uppdaterade /etc/fstab på målenheten,Timeshift,timeshift_sv.po,,Bilingual translation changed in reviewed commit: archive reviewed Swedish Timeshift translation,project-context,c1f5f70c8f0218e57722edf6,review-commit,https://github.com/yeager/translations/blob/c015913c3390d5eac47ac14504c5cf7eafc7d63f/Timeshift/timeshift_sv.po,bb0a39ffea487fd9074626c733b56be8af52fba95bd1f50c2eb48391b7d4dc7a,{}
5e840713edc7286834eb58cf,File (snapshot),Fil (avbild),Timeshift,timeshift_sv.po,,Bilingual translation changed in reviewed commit: archive reviewed Swedish Timeshift translation,project-context,0e2941e5f593ae060c86b49f,review-commit,https://github.com/yeager/translations/blob/c015913c3390d5eac47ac14504c5cf7eafc7d63f/Timeshift/timeshift_sv.po,bb0a39ffea487fd9074626c733b56be8af52fba95bd1f50c2eb48391b7d4dc7a,{}
5ee24fb282a0e1d9c7de8e82,mounted at path,monterad på sökväg,Timeshift,timeshift_sv.po,,Bilingual translation changed in reviewed commit: archive reviewed Swedish Timeshift translation,project-context,a5d1699e72f717d784dd09f0,review-commit,https://github.com/yeager/translations/blob/c015913c3390d5eac47ac14504c5cf7eafc7d63f/Timeshift/timeshift_sv.po,bb0a39ffea487fd9074626c733b56be8af52fba95bd1f50c2eb48391b7d4dc7a,{}
5f3df801a262013932f8328d,** Uninstalled Timeshift BTRFS **,** Avinstallerade Timeshift BTRFS **,Timeshift,timeshift_sv.po,,Bilingual translation changed in reviewed commit: archive reviewed Swedish Timeshift translation,project-context,d6c13a9bfac9a36bbd4e3d5d,review-commit,https://github.com/yeager/translations/blob/c015913c3390d5eac47ac14504c5cf7eafc7d63f/Timeshift/timeshift_sv.po,bb0a39ffea487fd9074626c733b56be8af52fba95bd1f50c2eb48391b7d4dc7a,{}
5f964bfe71cc76c3fa3151d5,Show additional debug messages,Visa extra felsökningsmeddelanden,Timeshift,timeshift_sv.po,,Bilingual translation changed in reviewed commit: archive reviewed Swedish Timeshift translation,project-context,58a4339019c4fdd6396441a7,review-commit,https://github.com/yeager/translations/blob/c015913c3390d5eac47ac14504c5cf7eafc7d63f/Timeshift/timeshift_sv.po,bb0a39ffea487fd9074626c733b56be8af52fba95bd1f50c2eb48391b7d4dc7a,{}
5feabe20bfc07e786a0d49e4,Files and directory counts:,Antal filer och mappar:,Timeshift,timeshift_sv.po,,Bilingual translation changed in reviewed commit: archive reviewed Swedish Timeshift translation,project-context,d3bb416406b5bba21b31ef82,review-commit,https://github.com/yeager/translations/blob/c015913c3390d5eac47ac14504c5cf7eafc7d63f/Timeshift/timeshift_sv.po,bb0a39ffea487fd9074626c733b56be8af52fba95bd1f50c2eb48391b7d4dc7a,{}
62336a3e9275c8257d72a3f9,Serial,Serienummer,Timeshift,timeshift_sv.po,,Bilingual translation changed in reviewed commit: archive reviewed Swedish Timeshift translation,project-context,66d90289a57e8fd5c858e1f8,review-commit,https://github.com/yeager/translations/blob/c015913c3390d5eac47ac14504c5cf7eafc7d63f/Timeshift/timeshift_sv.po,bb0a39ffea487fd9074626c733b56be8af52fba95bd1f50c2eb48391b7d4dc7a,{}
623cf6c95f13524644cc2972,/ is mapped to device,/ är mappad på enhet,Timeshift,timeshift_sv.po,,Bilingual translation changed in reviewed commit: archive reviewed Swedish Timeshift translation,project-context,a3dc95a626636adc8adb85c6,review-commit,https://github.com/yeager/translations/blob/c015913c3390d5eac47ac14504c5cf7eafc7d63f/Timeshift/timeshift_sv.po,bb0a39ffea487fd9074626c733b56be8af52fba95bd1f50c2eb48391b7d4dc7a,{}
626680ef9aad215889228189,Estimating System Size...,Beräknar systemets storlek…,Timeshift,timeshift_sv.po,,Bilingual translation changed in reviewed commit: archive reviewed Swedish Timeshift translation,project-context,c47d7dfd1cf6dd507ee70961,review-commit,https://github.com/yeager/translations/blob/c015913c3390d5eac47ac14504c5cf7eafc7d63f/Timeshift/timeshift_sv.po,bb0a39ffea487fd9074626c733b56be8af52fba95bd1f50c2eb48391b7d4dc7a,{}
62e1c08f0b2ae15175940caf,Failed to save exclude list,Kunde inte spara undantagslista,Timeshift,timeshift_sv.po,,Bilingual translation changed in reviewed commit: archive reviewed Swedish Timeshift translation,project-context,66a7c1d7c52d2e12aed13078,review-commit,https://github.com/yeager/translations/blob/c015913c3390d5eac47ac14504c5cf7eafc7d63f/Timeshift/timeshift_sv.po,bb0a39ffea487fd9074626c733b56be8af52fba95bd1f50c2eb48391b7d4dc7a,{}
62f2f313098c8e9e87bf84a3,un-tagged,utan tagg,Timeshift,timeshift_sv.po,,Bilingual translation changed in reviewed commit: archive reviewed Swedish Timeshift translation,project-context,0a8360644ae92a2de80d7a01,review-commit,https://github.com/yeager/translations/blob/c015913c3390d5eac47ac14504c5cf7eafc7d63f/Timeshift/timeshift_sv.po,bb0a39ffea487fd9074626c733b56be8af52fba95bd1f50c2eb48391b7d4dc7a,{}
62f888e8ceb52c9c9dd76d5a,Backup,Säkerhetskopia,Timeshift,timeshift_sv.po,,Bilingual translation changed in reviewed commit: archive reviewed Swedish Timeshift translation,project-context,34f2c17d0779b0453736dade,review-commit,https://github.com/yeager/translations/blob/c015913c3390d5eac47ac14504c5cf7eafc7d63f/Timeshift/timeshift_sv.po,bb0a39ffea487fd9074626c733b56be8af52fba95bd1f50c2eb48391b7d4dc7a,{}
6324024a82f5ea5287bcefc4,/boot is mapped to device,/boot är mappad på enhet,Timeshift,timeshift_sv.po,,Bilingual translation changed in reviewed commit: archive reviewed Swedish Timeshift translation,project-context,b9c3cdac74c1c78e194c4c9e,review-commit,https://github.com/yeager/translations/blob/c015913c3390d5eac47ac14504c5cf7eafc7d63f/Timeshift/timeshift_sv.po,bb0a39ffea487fd9074626c733b56be8af52fba95bd1f50c2eb48391b7d4dc7a,{}
6455f10ae1504216a0c0bf35,Created directory,Skapade mapp,Timeshift,timeshift_sv.po,,Bilingual translation changed in reviewed commit: archive reviewed Swedish Timeshift translation,project-context,47ffa5be9faa27fbe4dbe7f0,review-commit,https://github.com/yeager/translations/blob/c015913c3390d5eac47ac14504c5cf7eafc7d63f/Timeshift/timeshift_sv.po,bb0a39ffea487fd9074626c733b56be8af52fba95bd1f50c2eb48391b7d4dc7a,{}
6494e197ef7c4a342ec2768b,Create one per hour,Skapa en per timme,Timeshift,timeshift_sv.po,,Bilingual translation changed in reviewed commit: archive reviewed Swedish Timeshift translation,project-context,baa8b6d31c323876ca4b4367,review-commit,https://github.com/yeager/translations/blob/c015913c3390d5eac47ac14504c5cf7eafc7d63f/Timeshift/timeshift_sv.po,bb0a39ffea487fd9074626c733b56be8af52fba95bd1f50c2eb48391b7d4dc7a,{}
658d6c67f0f677086ee90789,Select a single snapshot to restore,Välj en enskild avbild för återställning,Timeshift,timeshift_sv.po,,Bilingual translation changed in reviewed commit: archive reviewed Swedish Timeshift translation,project-context,c0dd4fcd1203b5adafc009d6,review-commit,https://github.com/yeager/translations/blob/c015913c3390d5eac47ac14504c5cf7eafc7d63f/Timeshift/timeshift_sv.po,bb0a39ffea487fd9074626c733b56be8af52fba95bd1f50c2eb48391b7d4dc7a,{}
65ae7e5f4099209c6fc6461d,Items Not Selected,Inga objekt valda,Timeshift,timeshift_sv.po,,Bilingual translation changed in reviewed commit: archive reviewed Swedish Timeshift translation,project-context,37d5ee13eee5ed5942a10f89,review-commit,https://github.com/yeager/translations/blob/c015913c3390d5eac47ac14504c5cf7eafc7d63f/Timeshift/timeshift_sv.po,bb0a39ffea487fd9074626c733b56be8af52fba95bd1f50c2eb48391b7d4dc7a,{}
66131c530104b8d0ffaa90c8,Subvolume exists at destination,En undervolym finns redan på målet,Timeshift,timeshift_sv.po,,Bilingual translation changed in reviewed commit: archive reviewed Swedish Timeshift translation,project-context,a8d7854d8263789354cdd00b,review-commit,https://github.com/yeager/translations/blob/c015913c3390d5eac47ac14504c5cf7eafc7d63f/Timeshift/timeshift_sv.po,bb0a39ffea487fd9074626c733b56be8af52fba95bd1f50c2eb48391b7d4dc7a,{}
66fd6a581fe09ed1b3d7a121,Next,Nästa,Timeshift,timeshift_sv.po,,Bilingual translation changed in reviewed commit: archive reviewed Swedish Timeshift translation,project-context,b2ca8ed62e20cc3c811aca70,review-commit,https://github.com/yeager/translations/blob/c015913c3390d5eac47ac14504c5cf7eafc7d63f/Timeshift/timeshift_sv.po,bb0a39ffea487fd9074626c733b56be8af52fba95bd1f50c2eb48391b7d4dc7a,{}
6802c22b5bfa1b708db6e29c,/home is mapped to device,/home är mappad på enhet,Timeshift,timeshift_sv.po,,Bilingual translation changed in reviewed commit: archive reviewed Swedish Timeshift translation,project-context,47bccf4059a3914a0fa0ce22,review-commit,https://github.com/yeager/translations/blob/c015913c3390d5eac47ac14504c5cf7eafc7d63f/Timeshift/timeshift_sv.po,bb0a39ffea487fd9074626c733b56be8af52fba95bd1f50c2eb48391b7d4dc7a,{}
695d09d6cf335211b81eac0e,Create one per boot,Skapa en per systemstart,Timeshift,timeshift_sv.po,,Bilingual translation changed in reviewed commit: archive reviewed Swedish Timeshift translation,project-context,aa31254d086a110ae337792a,review-commit,https://github.com/yeager/translations/blob/c015913c3390d5eac47ac14504c5cf7eafc7d63f/Timeshift/timeshift_sv.po,bb0a39ffea487fd9074626c733b56be8af52fba95bd1f50c2eb48391b7d4dc7a,{}
6961fbe4554bb198b5524c96,Backup device not specified!,Enhet för säkerhetskopior ej specificerad!,Timeshift,timeshift_sv.po,,Bilingual translation changed in reviewed commit: archive reviewed Swedish Timeshift translation,project-context,8d4ac7b10a843930a901fa78,review-commit,https://github.com/yeager/translations/blob/c015913c3390d5eac47ac14504c5cf7eafc7d63f/Timeshift/timeshift_sv.po,bb0a39ffea487fd9074626c733b56be8af52fba95bd1f50c2eb48391b7d4dc7a,{}
69e27645f336bdf3817a4623,Finish,Slutför,Timeshift,timeshift_sv.po,,Bilingual translation changed in reviewed commit: archive reviewed Swedish Timeshift translation,project-context,0bd40c8ca7d5d357936e8564,review-commit,https://github.com/yeager/translations/blob/c015913c3390d5eac47ac14504c5cf7eafc7d63f/Timeshift/timeshift_sv.po,bb0a39ffea487fd9074626c733b56be8af52fba95bd1f50c2eb48391b7d4dc7a,{}
69e2f08c9f5452e57531d40a,Last boot snapshot not found,Senaste startavbilden kunde inte hittas,Timeshift,timeshift_sv.po,,Bilingual translation changed in reviewed commit: archive reviewed Swedish Timeshift translation,project-context,bcc050703768633c1c8057a0,review-commit,https://github.com/yeager/translations/blob/c015913c3390d5eac47ac14504c5cf7eafc7d63f/Timeshift/timeshift_sv.po,bb0a39ffea487fd9074626c733b56be8af52fba95bd1f50c2eb48391b7d4dc7a,{}
6a05cb94bc2d5c610fb4c866,btrfs returned an error,btrfs returnerade ett fel,Timeshift,timeshift_sv.po,,Bilingual translation changed in reviewed commit: archive reviewed Swedish Timeshift translation,project-context,02a621487dc67e28553859fa,review-commit,https://github.com/yeager/translations/blob/c015913c3390d5eac47ac14504c5cf7eafc7d63f/Timeshift/timeshift_sv.po,bb0a39ffea487fd9074626c733b56be8af52fba95bd1f50c2eb48391b7d4dc7a,{}
6a9be9a44918e374c24522fc,Bittorrent Clients,BitTorrent-klienter,Timeshift,timeshift_sv.po,,Bilingual translation changed in reviewed commit: archive reviewed Swedish Timeshift translation,project-context,7ae6fd58057bd7103f4dc6a1,review-commit,https://github.com/yeager/translations/blob/c015913c3390d5eac47ac14504c5cf7eafc7d63f/Timeshift/timeshift_sv.po,bb0a39ffea487fd9074626c733b56be8af52fba95bd1f50c2eb48391b7d4dc7a,{}
6b9008ff30c2bb9bcee458fe,Update GRUB menu,Uppdatera GRUB-menyn,Timeshift,timeshift_sv.po,,Bilingual translation changed in reviewed commit: archive reviewed Swedish Timeshift translation,project-context,ebf58a5622b805da205f5a11,review-commit,https://github.com/yeager/translations/blob/c015913c3390d5eac47ac14504c5cf7eafc7d63f/Timeshift/timeshift_sv.po,bb0a39ffea487fd9074626c733b56be8af52fba95bd1f50c2eb48391b7d4dc7a,{}
6b98299a0f883bce3011aadf,Application will exit,Programmet kommer att avslutas,Timeshift,timeshift_sv.po,,Bilingual translation changed in reviewed commit: archive reviewed Swedish Timeshift translation,project-context,72620a38db7f9ad0d212f2ea,review-commit,https://github.com/yeager/translations/blob/c015913c3390d5eac47ac14504c5cf7eafc7d63f/Timeshift/timeshift_sv.po,bb0a39ffea487fd9074626c733b56be8af52fba95bd1f50c2eb48391b7d4dc7a,{}
6c50a96850718a85a83e3c8b,Failed to unmount,Kunde inte avmontera,Timeshift,timeshift_sv.po,,Bilingual translation changed in reviewed commit: archive reviewed Swedish Timeshift translation,project-context,61608948f41c20c8fa855f58,review-commit,https://github.com/yeager/translations/blob/c015913c3390d5eac47ac14504c5cf7eafc7d63f/Timeshift/timeshift_sv.po,bb0a39ffea487fd9074626c733b56be8af52fba95bd1f50c2eb48391b7d4dc7a,{}
6ce3788acfc6f0fbf623c34e,Updating GRUB menu...,Uppdaterar GRUB-menyn ...,Timeshift,timeshift_sv.po,,Bilingual translation changed in reviewed commit: archive reviewed Swedish Timeshift translation,project-context,dbcdc859af194c00b9064223,review-commit,https://github.com/yeager/translations/blob/c015913c3390d5eac47ac14504c5cf7eafc7d63f/Timeshift/timeshift_sv.po,bb0a39ffea487fd9074626c733b56be8af52fba95bd1f50c2eb48391b7d4dc7a,{}
6d7923a5d5ff5e63c8bb122d,crontab file exported,crontab-fil exporterad,Timeshift,timeshift_sv.po,,Bilingual translation changed in reviewed commit: archive reviewed Swedish Timeshift translation,project-context,b09aa1252a56127695e85192,review-commit,https://github.com/yeager/translations/blob/c015913c3390d5eac47ac14504c5cf7eafc7d63f/Timeshift/timeshift_sv.po,bb0a39ffea487fd9074626c733b56be8af52fba95bd1f50c2eb48391b7d4dc7a,{}
6e2d5e4f15d9c1e43aac07ef,Add,Lägg till,Timeshift,timeshift_sv.po,,Bilingual translation changed in reviewed commit: archive reviewed Swedish Timeshift translation,project-context,67792648c82075a0b83dcede,review-commit,https://github.com/yeager/translations/blob/c015913c3390d5eac47ac14504c5cf7eafc7d63f/Timeshift/timeshift_sv.po,bb0a39ffea487fd9074626c733b56be8af52fba95bd1f50c2eb48391b7d4dc7a,{}
6e47b111d5176a0bd8ca2940,About,Om,Timeshift,timeshift_sv.po,,Bilingual translation changed in reviewed commit: archive reviewed Swedish Timeshift translation,project-context,23b7b9ab5989797592ef170d,review-commit,https://github.com/yeager/translations/blob/c015913c3390d5eac47ac14504c5cf7eafc7d63f/Timeshift/timeshift_sv.po,bb0a39ffea487fd9074626c733b56be8af52fba95bd1f50c2eb48391b7d4dc7a,{}
6f1cbc2a71dc1dec8fff4bde,Create,Skapa,Timeshift,timeshift_sv.po,,Bilingual translation changed in reviewed commit: archive reviewed Swedish Timeshift translation,project-context,3e9617d89ed9174593fb7289,review-commit,https://github.com/yeager/translations/blob/c015913c3390d5eac47ac14504c5cf7eafc7d63f/Timeshift/timeshift_sv.po,bb0a39ffea487fd9074626c733b56be8af52fba95bd1f50c2eb48391b7d4dc7a,{}
6facc79f35b1bcbf01c98f35,Pause,Pausa,Timeshift,timeshift_sv.po,,Bilingual translation changed in reviewed commit: archive reviewed Swedish Timeshift translation,project-context,02bf6d300c2c5b7d06ece562,review-commit,https://github.com/yeager/translations/blob/c015913c3390d5eac47ac14504c5cf7eafc7d63f/Timeshift/timeshift_sv.po,bb0a39ffea487fd9074626c733b56be8af52fba95bd1f50c2eb48391b7d4dc7a,{}
6fd039ddc73b3e2706d9d3ca,Session log file,Sessionsloggfil,Timeshift,timeshift_sv.po,,Bilingual translation changed in reviewed commit: archive reviewed Swedish Timeshift translation,project-context,b4c946951707ceca61ffd81a,review-commit,https://github.com/yeager/translations/blob/c015913c3390d5eac47ac14504c5cf7eafc7d63f/Timeshift/timeshift_sv.po,bb0a39ffea487fd9074626c733b56be8af52fba95bd1f50c2eb48391b7d4dc7a,{}
6fd0e0d9301a34e5f422f515,Re-installing GRUB2 bootloader...,Installerar om starthanteraren GRUB2…,Timeshift,timeshift_sv.po,,Bilingual translation changed in reviewed commit: archive reviewed Swedish Timeshift translation,project-context,45d21293f2daf6be32ce4eb9,review-commit,https://github.com/yeager/translations/blob/c015913c3390d5eac47ac14504c5cf7eafc7d63f/Timeshift/timeshift_sv.po,bb0a39ffea487fd9074626c733b56be8af52fba95bd1f50c2eb48391b7d4dc7a,{}
70619ef68c578be2d497b9c0,Restore snapshot,Återställ avbild,Timeshift,timeshift_sv.po,,Bilingual translation changed in reviewed commit: archive reviewed Swedish Timeshift translation,project-context,d55db0663f74b778efc196ea,review-commit,https://github.com/yeager/translations/blob/c015913c3390d5eac47ac14504c5cf7eafc7d63f/Timeshift/timeshift_sv.po,bb0a39ffea487fd9074626c733b56be8af52fba95bd1f50c2eb48391b7d4dc7a,{}
73285a21611208128e9bf485,Failed to query subvolume quota,Kunde inte få fram kvot för undervolym,Timeshift,timeshift_sv.po,,Bilingual translation changed in reviewed commit: archive reviewed Swedish Timeshift translation,project-context,e0d276656a96a29844db5028,review-commit,https://github.com/yeager/translations/blob/c015913c3390d5eac47ac14504c5cf7eafc7d63f/Timeshift/timeshift_sv.po,bb0a39ffea487fd9074626c733b56be8af52fba95bd1f50c2eb48391b7d4dc7a,{}
7329e7108c3bd152b58e3edc,Failed to create subvolume snapshot,Kunde inte skapa undervolymsavbild,Timeshift,timeshift_sv.po,,Bilingual translation changed in reviewed commit: archive reviewed Swedish Timeshift translation,project-context,2bde3ced75d4a8e68c638fc3,review-commit,https://github.com/yeager/translations/blob/c015913c3390d5eac47ac14504c5cf7eafc7d63f/Timeshift/timeshift_sv.po,bb0a39ffea487fd9074626c733b56be8af52fba95bd1f50c2eb48391b7d4dc7a,{}
73f3e6175f8fb6c8a5292b6a,Failed to delete directory,Kunde inte ta bort mapp,Timeshift,timeshift_sv.po,,Bilingual translation changed in reviewed commit: archive reviewed Swedish Timeshift translation,project-context,be931983b843a132639aa705,review-commit,https://github.com/yeager/translations/blob/c015913c3390d5eac47ac14504c5cf7eafc7d63f/Timeshift/timeshift_sv.po,bb0a39ffea487fd9074626c733b56be8af52fba95bd1f50c2eb48391b7d4dc7a,{}
7404de53107363934e3f13b9,Created,Skapad,Timeshift,timeshift_sv.po,,Bilingual translation changed in reviewed commit: archive reviewed Swedish Timeshift translation,project-context,c7a4b1d8616317c55c6548fe,review-commit,https://github.com/yeager/translations/blob/c015913c3390d5eac47ac14504c5cf7eafc7d63f/Timeshift/timeshift_sv.po,bb0a39ffea487fd9074626c733b56be8af52fba95bd1f50c2eb48391b7d4dc7a,{}
7426bc68eceb34f892e7b038,Unlocked successfully,Upplåsning lyckades,Timeshift,timeshift_sv.po,,Bilingual translation changed in reviewed commit: archive reviewed Swedish Timeshift translation,project-context,bc369732d63e416224b23e9a,review-commit,https://github.com/yeager/translations/blob/c015913c3390d5eac47ac14504c5cf7eafc7d63f/Timeshift/timeshift_sv.po,bb0a39ffea487fd9074626c733b56be8af52fba95bd1f50c2eb48391b7d4dc7a,{}
74ffc9ed23c8eb2540832a47,Updated /etc/crypttab on target device,Uppdaterade /etc/crypttab på målenheten,Timeshift,timeshift_sv.po,,Bilingual translation changed in reviewed commit: archive reviewed Swedish Timeshift translation,project-context,dbf8ff3f862a76208380bc43,review-commit,https://github.com/yeager/translations/blob/c015913c3390d5eac47ac14504c5cf7eafc7d63f/Timeshift/timeshift_sv.po,bb0a39ffea487fd9074626c733b56be8af52fba95bd1f50c2eb48391b7d4dc7a,{}
75b09ac7f12528da19ba9a06,Live USB Mode (Restore Only),Live-USB-läge (endast återställning),Timeshift,timeshift_sv.po,,Bilingual translation changed in reviewed commit: archive reviewed Swedish Timeshift translation,project-context,bdeee08701667d5df02c5f31,review-commit,https://github.com/yeager/translations/blob/c015913c3390d5eac47ac14504c5cf7eafc7d63f/Timeshift/timeshift_sv.po,bb0a39ffea487fd9074626c733b56be8af52fba95bd1f50c2eb48391b7d4dc7a,{}
75b3f206f59e80ebbc1272b4,Switch to RSYNC mode (default: config),Växla till RSYNC-läge (standard: config),Timeshift,timeshift_sv.po,,Bilingual translation changed in reviewed commit: archive reviewed Swedish Timeshift translation,project-context,9c39a61a5be23fa8a6392673,review-commit,https://github.com/yeager/translations/blob/c015913c3390d5eac47ac14504c5cf7eafc7d63f/Timeshift/timeshift_sv.po,bb0a39ffea487fd9074626c733b56be8af52fba95bd1f50c2eb48391b7d4dc7a,{}
768c53bd241e66ffcc0c7a04,Enter device name or number,Ange enhetsnamn eller nummer,Timeshift,timeshift_sv.po,,Bilingual translation changed in reviewed commit: archive reviewed Swedish Timeshift translation,project-context,b5add8bb2c83c71c4da08a03,review-commit,https://github.com/yeager/translations/blob/c015913c3390d5eac47ac14504c5cf7eafc7d63f/Timeshift/timeshift_sv.po,bb0a39ffea487fd9074626c733b56be8af52fba95bd1f50c2eb48391b7d4dc7a,{}
769d30e0e7c1ba4bf0940ef3,marked for deletion,markerad för borttagning,Timeshift,timeshift_sv.po,,Bilingual translation changed in reviewed commit: archive reviewed Swedish Timeshift translation,project-context,38b988c1a1ebc65d9ed509bc,review-commit,https://github.com/yeager/translations/blob/c015913c3390d5eac47ac14504c5cf7eafc7d63f/Timeshift/timeshift_sv.po,bb0a39ffea487fd9074626c733b56be8af52fba95bd1f50c2eb48391b7d4dc7a,{}
76bb2dc73672d1dcbb25ce97,Please select the GRUB device,Välj GRUB-enhet,Timeshift,timeshift_sv.po,,Bilingual translation changed in reviewed commit: archive reviewed Swedish Timeshift translation,project-context,d81cf0fb11818a2a5bf831d0,review-commit,https://github.com/yeager/translations/blob/c015913c3390d5eac47ac14504c5cf7eafc7d63f/Timeshift/timeshift_sv.po,bb0a39ffea487fd9074626c733b56be8af52fba95bd1f50c2eb48391b7d4dc7a,{}
779cb5da5d6230010c7d610e,Description,Beskrivning,Timeshift,timeshift_sv.po,,Bilingual translation changed in reviewed commit: archive reviewed Swedish Timeshift translation,project-context,ea7e88925f490a0af15202ba,review-commit,https://github.com/yeager/translations/blob/c015913c3390d5eac47ac14504c5cf7eafc7d63f/Timeshift/timeshift_sv.po,bb0a39ffea487fd9074626c733b56be8af52fba95bd1f50c2eb48391b7d4dc7a,{}
77e1299050e2bf3e6aad9485,Weekly,Varje vecka,Timeshift,timeshift_sv.po,,Bilingual translation changed in reviewed commit: archive reviewed Swedish Timeshift translation,project-context,8cec31d2309b96f57c73fc73,review-commit,https://github.com/yeager/translations/blob/c015913c3390d5eac47ac14504c5cf7eafc7d63f/Timeshift/timeshift_sv.po,bb0a39ffea487fd9074626c733b56be8af52fba95bd1f50c2eb48391b7d4dc7a,{}
7848f53b93f00b83e7ccd826,Free space,Ledigt utrymme,Timeshift,timeshift_sv.po,,Bilingual translation changed in reviewed commit: archive reviewed Swedish Timeshift translation,project-context,628ba78a007f917a745b090c,review-commit,https://github.com/yeager/translations/blob/c015913c3390d5eac47ac14504c5cf7eafc7d63f/Timeshift/timeshift_sv.po,bb0a39ffea487fd9074626c733b56be8af52fba95bd1f50c2eb48391b7d4dc7a,{}
786f4f909518afe55d4e5bb4,Failed to write file,Kunde inte skriva fil,Timeshift,timeshift_sv.po,,Bilingual translation changed in reviewed commit: archive reviewed Swedish Timeshift translation,project-context,bb441cd5a104172abef22ccc,review-commit,https://github.com/yeager/translations/blob/c015913c3390d5eac47ac14504c5cf7eafc7d63f/Timeshift/timeshift_sv.po,bb0a39ffea487fd9074626c733b56be8af52fba95bd1f50c2eb48391b7d4dc7a,{}
7871195666f85b8bd0c89d4c,Failed to get partition list,Kunde inte hämta partitionslista,Timeshift,timeshift_sv.po,,Bilingual translation changed in reviewed commit: archive reviewed Swedish Timeshift translation,project-context,48735b894947e5f4a820810d,review-commit,https://github.com/yeager/translations/blob/c015913c3390d5eac47ac14504c5cf7eafc7d63f/Timeshift/timeshift_sv.po,bb0a39ffea487fd9074626c733b56be8af52fba95bd1f50c2eb48391b7d4dc7a,{}
79caecc26e1e22d7d3e8ce79,Parsing log file...,Tolkar loggfil…,Timeshift,timeshift_sv.po,,Bilingual translation changed in reviewed commit: archive reviewed Swedish Timeshift translation,project-context,0e3f9317b582c04fa6b63aa3,review-commit,https://github.com/yeager/translations/blob/c015913c3390d5eac47ac14504c5cf7eafc7d63f/Timeshift/timeshift_sv.po,bb0a39ffea487fd9074626c733b56be8af52fba95bd1f50c2eb48391b7d4dc7a,{}
7acb6086ee93c5747ef94756,Failed to restore system subvolume,Kunde inte återställa systemvolym,Timeshift,timeshift_sv.po,,Bilingual translation changed in reviewed commit: archive reviewed Swedish Timeshift translation,project-context,f0a7441806ad03662ca1f92b,review-commit,https://github.com/yeager/translations/blob/c015913c3390d5eac47ac14504c5cf7eafc7d63f/Timeshift/timeshift_sv.po,bb0a39ffea487fd9074626c733b56be8af52fba95bd1f50c2eb48391b7d4dc7a,{}
7b4b7ba18ed2d914054d7f8c,Cleaning up...,Rensar upp…,Timeshift,timeshift_sv.po,,Bilingual translation changed in reviewed commit: archive reviewed Swedish Timeshift translation,project-context,fe86a8ddb69d30633fd57d0e,review-commit,https://github.com/yeager/translations/blob/c015913c3390d5eac47ac14504c5cf7eafc7d63f/Timeshift/timeshift_sv.po,bb0a39ffea487fd9074626c733b56be8af52fba95bd1f50c2eb48391b7d4dc7a,{}
7cc3f21b1b4d6c5a6e428ad8,Create Snapshot,Skapa avbild,Timeshift,timeshift_sv.po,,Bilingual translation changed in reviewed commit: archive reviewed Swedish Timeshift translation,project-context,d73dcec541cdb8bcd1e11117,review-commit,https://github.com/yeager/translations/blob/c015913c3390d5eac47ac14504c5cf7eafc7d63f/Timeshift/timeshift_sv.po,bb0a39ffea487fd9074626c733b56be8af52fba95bd1f50c2eb48391b7d4dc7a,{}
7d9798d78c45ac2905cf7398,Mount,Montera,Timeshift,timeshift_sv.po,,Bilingual translation changed in reviewed commit: archive reviewed Swedish Timeshift translation,project-context,d982e2f47124a3f877ec1bfc,review-commit,https://github.com/yeager/translations/blob/c015913c3390d5eac47ac14504c5cf7eafc7d63f/Timeshift/timeshift_sv.po,bb0a39ffea487fd9074626c733b56be8af52fba95bd1f50c2eb48391b7d4dc7a,{}
7e6ecfeb6113b4b91bd10f5f,Owner,Ägare,Timeshift,timeshift_sv.po,,Bilingual translation changed in reviewed commit: archive reviewed Swedish Timeshift translation,project-context,70c6bcbafa5d41cd53fb0cc5,review-commit,https://github.com/yeager/translations/blob/c015913c3390d5eac47ac14504c5cf7eafc7d63f/Timeshift/timeshift_sv.po,bb0a39ffea487fd9074626c733b56be8af52fba95bd1f50c2eb48391b7d4dc7a,{}
7e8755d1482c9cb27a249aac,Could not find device,Kunde inte hitta enheten,Timeshift,timeshift_sv.po,,Bilingual translation changed in reviewed commit: archive reviewed Swedish Timeshift translation,project-context,8b9f65b9bf68a9b33b2c175d,review-commit,https://github.com/yeager/translations/blob/c015913c3390d5eac47ac14504c5cf7eafc7d63f/Timeshift/timeshift_sv.po,bb0a39ffea487fd9074626c733b56be8af52fba95bd1f50c2eb48391b7d4dc7a,{}
7f26e93f9412ab3e482ac95b,Close window to exit,Stäng fönstret för att avsluta,Timeshift,timeshift_sv.po,,Bilingual translation changed in reviewed commit: archive reviewed Swedish Timeshift translation,project-context,59288ff7d8b6a84050b2a5af,review-commit,https://github.com/yeager/translations/blob/c015913c3390d5eac47ac14504c5cf7eafc7d63f/Timeshift/timeshift_sv.po,bb0a39ffea487fd9074626c733b56be8af52fba95bd1f50c2eb48391b7d4dc7a,{}
81a2bbc83efe6ca29ac821f8,Permissions,Rättigheter,Timeshift,timeshift_sv.po,,Bilingual translation changed in reviewed commit: archive reviewed Swedish Timeshift translation,project-context,5bbaaf4890c6ce4b82bd62d7,review-commit,https://github.com/yeager/translations/blob/c015913c3390d5eac47ac14504c5cf7eafc7d63f/Timeshift/timeshift_sv.po,bb0a39ffea487fd9074626c733b56be8af52fba95bd1f50c2eb48391b7d4dc7a,{}
81c9920c1bd4ebd266f1c934,Preparing...,Förbereder…,Timeshift,timeshift_sv.po,,Bilingual translation changed in reviewed commit: archive reviewed Swedish Timeshift translation,project-context,1c17162d059666328b95cef1,review-commit,https://github.com/yeager/translations/blob/c015913c3390d5eac47ac14504c5cf7eafc7d63f/Timeshift/timeshift_sv.po,bb0a39ffea487fd9074626c733b56be8af52fba95bd1f50c2eb48391b7d4dc7a,{}
8328ef4b9f6b8f8676c13f95,View TimeShift Logs,Visa Timeshift-loggar,Timeshift,timeshift_sv.po,,Bilingual translation changed in reviewed commit: archive reviewed Swedish Timeshift translation,project-context,1ecc676a1292806e49a745f3,review-commit,https://github.com/yeager/translations/blob/c015913c3390d5eac47ac14504c5cf7eafc7d63f/Timeshift/timeshift_sv.po,bb0a39ffea487fd9074626c733b56be8af52fba95bd1f50c2eb48391b7d4dc7a,{}
8407f919802afac98ea7f944,Snapshot Levels,Avbildsnivåer,Timeshift,timeshift_sv.po,,Bilingual translation changed in reviewed commit: archive reviewed Swedish Timeshift translation,project-context,367608004718e7bbeba18bc8,review-commit,https://github.com/yeager/translations/blob/c015913c3390d5eac47ac14504c5cf7eafc7d63f/Timeshift/timeshift_sv.po,bb0a39ffea487fd9074626c733b56be8af52fba95bd1f50c2eb48391b7d4dc7a,{}
840f79818c16897541a5f190,No snapshots found on device,Inga avbilder hittades på enheten,Timeshift,timeshift_sv.po,,Bilingual translation changed in reviewed commit: archive reviewed Swedish Timeshift translation,project-context,896649d54a695e86ee9c54d2,review-commit,https://github.com/yeager/translations/blob/c015913c3390d5eac47ac14504c5cf7eafc7d63f/Timeshift/timeshift_sv.po,bb0a39ffea487fd9074626c733b56be8af52fba95bd1f50c2eb48391b7d4dc7a,{}
8513d315a778004a8b2122e1,Yes,Ja,Timeshift,timeshift_sv.po,,Bilingual translation changed in reviewed commit: archive reviewed Swedish Timeshift translation,project-context,f566112efb43ee6442712891,review-commit,https://github.com/yeager/translations/blob/c015913c3390d5eac47ac14504c5cf7eafc7d63f/Timeshift/timeshift_sv.po,bb0a39ffea487fd9074626c733b56be8af52fba95bd1f50c2eb48391b7d4dc7a,{}
85a614b159745fc2aa0844ae,Maximum backups exceeded for backup level,Maximalt antal säkerhetskopior för säkerhetskopieringsnivån har uppnåtts,Timeshift,timeshift_sv.po,,Bilingual translation changed in reviewed commit: archive reviewed Swedish Timeshift translation,project-context,95a5755edec6b9464f074f6b,review-commit,https://github.com/yeager/translations/blob/c015913c3390d5eac47ac14504c5cf7eafc7d63f/Timeshift/timeshift_sv.po,bb0a39ffea487fd9074626c733b56be8af52fba95bd1f50c2eb48391b7d4dc7a,{}
862211646eaac64448aed52f,Boot device not selected,Startenhet inte vald,Timeshift,timeshift_sv.po,,Bilingual translation changed in reviewed commit: archive reviewed Swedish Timeshift translation,project-context,ea050740d98dd3491e3d9fbd,review-commit,https://github.com/yeager/translations/blob/c015913c3390d5eac47ac14504c5cf7eafc7d63f/Timeshift/timeshift_sv.po,bb0a39ffea487fd9074626c733b56be8af52fba95bd1f50c2eb48391b7d4dc7a,{}
8814fbd58e4ceec1dc61076f,Browse Files,Bläddra bland filerna,Timeshift,timeshift_sv.po,,Bilingual translation changed in reviewed commit: archive reviewed Swedish Timeshift translation,project-context,646f4ca16b52e542276c188b,review-commit,https://github.com/yeager/translations/blob/c015913c3390d5eac47ac14504c5cf7eafc7d63f/Timeshift/timeshift_sv.po,bb0a39ffea487fd9074626c733b56be8af52fba95bd1f50c2eb48391b7d4dc7a,{}
88cdd167b8512108c87dfa64,Include All Files,Inkludera alla filer,Timeshift,timeshift_sv.po,,Bilingual translation changed in reviewed commit: archive reviewed Swedish Timeshift translation,project-context,9c2f6a62dd4a717373db5895,review-commit,https://github.com/yeager/translations/blob/c015913c3390d5eac47ac14504c5cf7eafc7d63f/Timeshift/timeshift_sv.po,bb0a39ffea487fd9074626c733b56be8af52fba95bd1f50c2eb48391b7d4dc7a,{}
8903834bc8cf362e1a49bf36,Aborted.,Avbruten.,Timeshift,timeshift_sv.po,,Bilingual translation changed in reviewed commit: archive reviewed Swedish Timeshift translation,project-context,037cee1daf502ddfe7ec2e10,review-commit,https://github.com/yeager/translations/blob/c015913c3390d5eac47ac14504c5cf7eafc7d63f/Timeshift/timeshift_sv.po,bb0a39ffea487fd9074626c733b56be8af52fba95bd1f50c2eb48391b7d4dc7a,{}
8917677e7ea1ff697a49664e,No snapshots available,Inga avbilder tillgängliga,Timeshift,timeshift_sv.po,,Bilingual translation changed in reviewed commit: archive reviewed Swedish Timeshift translation,project-context,939c57c87d00471bcf9621f2,review-commit,https://github.com/yeager/translations/blob/c015913c3390d5eac47ac14504c5cf7eafc7d63f/Timeshift/timeshift_sv.po,bb0a39ffea487fd9074626c733b56be8af52fba95bd1f50c2eb48391b7d4dc7a,{}
8933083cc062c7f0e2e069a3,Creating new snapshot...,Skapar ny avbild...,Timeshift,timeshift_sv.po,,Bilingual translation changed in reviewed commit: archive reviewed Swedish Timeshift translation,project-context,53c22927b9233a9894e40719,review-commit,https://github.com/yeager/translations/blob/c015913c3390d5eac47ac14504c5cf7eafc7d63f/Timeshift/timeshift_sv.po,bb0a39ffea487fd9074626c733b56be8af52fba95bd1f50c2eb48391b7d4dc7a,{}
89a04bc0d12db5a95dee9f03,No,Nej,Timeshift,timeshift_sv.po,,Bilingual translation changed in reviewed commit: archive reviewed Swedish Timeshift translation,project-context,590789b2bce7141c6dd29181,review-commit,https://github.com/yeager/translations/blob/c015913c3390d5eac47ac14504c5cf7eafc7d63f/Timeshift/timeshift_sv.po,bb0a39ffea487fd9074626c733b56be8af52fba95bd1f50c2eb48391b7d4dc7a,{}
8a799061c57706e78858a396,Exclude List,Undantagslista,Timeshift,timeshift_sv.po,,Bilingual translation changed in reviewed commit: archive reviewed Swedish Timeshift translation,project-context,977a49a9594daf1db6eec001,review-commit,https://github.com/yeager/translations/blob/c015913c3390d5eac47ac14504c5cf7eafc7d63f/Timeshift/timeshift_sv.po,bb0a39ffea487fd9074626c733b56be8af52fba95bd1f50c2eb48391b7d4dc7a,{}
8a7fcab25dfbe4a6121adf03,Failed to create new snapshot,Kunde inte skapa ny avbild,Timeshift,timeshift_sv.po,,Bilingual translation changed in reviewed commit: archive reviewed Swedish Timeshift translation,project-context,9c14b8dfe7b0907a2efe5a16,review-commit,https://github.com/yeager/translations/blob/c015913c3390d5eac47ac14504c5cf7eafc7d63f/Timeshift/timeshift_sv.po,bb0a39ffea487fd9074626c733b56be8af52fba95bd1f50c2eb48391b7d4dc7a,{}
8aa4c2496ce96a0599809b59,Error running Rsync,Fel vid körning av Rsync,Timeshift,timeshift_sv.po,,Bilingual translation changed in reviewed commit: archive reviewed Swedish Timeshift translation,project-context,1111d57bd9142f05e2989ca1,review-commit,https://github.com/yeager/translations/blob/c015913c3390d5eac47ac14504c5cf7eafc7d63f/Timeshift/timeshift_sv.po,bb0a39ffea487fd9074626c733b56be8af52fba95bd1f50c2eb48391b7d4dc7a,{}
8aee3d618bdc162e402dbbe7,Delete snapshot,Ta bort avbild,Timeshift,timeshift_sv.po,,Bilingual translation changed in reviewed commit: archive reviewed Swedish Timeshift translation,project-context,e0921d0976e86609958ab775,review-commit,https://github.com/yeager/translations/blob/c015913c3390d5eac47ac14504c5cf7eafc7d63f/Timeshift/timeshift_sv.po,bb0a39ffea487fd9074626c733b56be8af52fba95bd1f50c2eb48391b7d4dc7a,{}
8b8ee95c4f8a28c8b8201540,Create snapshot if scheduled,Skapa avbild om schemalagd,Timeshift,timeshift_sv.po,,Bilingual translation changed in reviewed commit: archive reviewed Swedish Timeshift translation,project-context,330d43f570f60d3e46e687ee,review-commit,https://github.com/yeager/translations/blob/c015913c3390d5eac47ac14504c5cf7eafc7d63f/Timeshift/timeshift_sv.po,bb0a39ffea487fd9074626c733b56be8af52fba95bd1f50c2eb48391b7d4dc7a,{}
8c1aa72eeac66940e1603208,Web Browsers,Webbläsare,Timeshift,timeshift_sv.po,,Bilingual translation changed in reviewed commit: archive reviewed Swedish Timeshift translation,project-context,498fe43ce87a107130518eea,review-commit,https://github.com/yeager/translations/blob/c015913c3390d5eac47ac14504c5cf7eafc7d63f/Timeshift/timeshift_sv.po,bb0a39ffea487fd9074626c733b56be8af52fba95bd1f50c2eb48391b7d4dc7a,{}
8c22b1c550f7d4cb0400313f,Selected default snapshot device,Valde standardenhet för avbildslagring,Timeshift,timeshift_sv.po,,Bilingual translation changed in reviewed commit: archive reviewed Swedish Timeshift translation,project-context,1592d8e83ce834ae498b0cae,review-commit,https://github.com/yeager/translations/blob/c015913c3390d5eac47ac14504c5cf7eafc7d63f/Timeshift/timeshift_sv.po,bb0a39ffea487fd9074626c733b56be8af52fba95bd1f50c2eb48391b7d4dc7a,{}
8c3fc0ca19eafa417b66b8d9,Last weekly snapshot not found,Senaste veckoavbilden kunde inte hittas,Timeshift,timeshift_sv.po,,Bilingual translation changed in reviewed commit: archive reviewed Swedish Timeshift translation,project-context,8e28f2b8346236cb55ae1b7e,review-commit,https://github.com/yeager/translations/blob/c015913c3390d5eac47ac14504c5cf7eafc7d63f/Timeshift/timeshift_sv.po,bb0a39ffea487fd9074626c733b56be8af52fba95bd1f50c2eb48391b7d4dc7a,{}
8d42f91b55f528a58c24e226,Select the snapshot device,Välj avbildsenhet,Timeshift,timeshift_sv.po,,Bilingual translation changed in reviewed commit: archive reviewed Swedish Timeshift translation,project-context,99918dc739a31ed1a1ab301e,review-commit,https://github.com/yeager/translations/blob/c015913c3390d5eac47ac14504c5cf7eafc7d63f/Timeshift/timeshift_sv.po,bb0a39ffea487fd9074626c733b56be8af52fba95bd1f50c2eb48391b7d4dc7a,{}
8d92b32bcc029d50f71e24fc,Excluded Directories,Undantagna mappar,Timeshift,timeshift_sv.po,,Bilingual translation changed in reviewed commit: archive reviewed Swedish Timeshift translation,project-context,6817062995d09235284e6d0e,review-commit,https://github.com/yeager/translations/blob/c015913c3390d5eac47ac14504c5cf7eafc7d63f/Timeshift/timeshift_sv.po,bb0a39ffea487fd9074626c733b56be8af52fba95bd1f50c2eb48391b7d4dc7a,{}
8dc821dbf2fe4118ea815d7c,Selected default snapshot type,Valde standardtyp för avbilder,Timeshift,timeshift_sv.po,,Bilingual translation changed in reviewed commit: archive reviewed Swedish Timeshift translation,project-context,c4adf98e55ef0ce4f235c289,review-commit,https://github.com/yeager/translations/blob/c015913c3390d5eac47ac14504c5cf7eafc7d63f/Timeshift/timeshift_sv.po,bb0a39ffea487fd9074626c733b56be8af52fba95bd1f50c2eb48391b7d4dc7a,{}
8df0056bdff3917d3919c9fe,Failed to remove cron job,Kunde inte ta bort cron-jobb,Timeshift,timeshift_sv.po,,Bilingual translation changed in reviewed commit: archive reviewed Swedish Timeshift translation,project-context,5928edd870d8556daa19f274,review-commit,https://github.com/yeager/translations/blob/c015913c3390d5eac47ac14504c5cf7eafc7d63f/Timeshift/timeshift_sv.po,bb0a39ffea487fd9074626c733b56be8af52fba95bd1f50c2eb48391b7d4dc7a,{}
8f2b8f40a49ff89adc1c7e72,Populating list...,Fyller listan…,Timeshift,timeshift_sv.po,,Bilingual translation changed in reviewed commit: archive reviewed Swedish Timeshift translation,project-context,ce91051a312be6a279761a57,review-commit,https://github.com/yeager/translations/blob/c015913c3390d5eac47ac14504c5cf7eafc7d63f/Timeshift/timeshift_sv.po,bb0a39ffea487fd9074626c733b56be8af52fba95bd1f50c2eb48391b7d4dc7a,{}
8f7360777eca47fa0d3c2b0c,Examples,Exempel,Timeshift,timeshift_sv.po,,Bilingual translation changed in reviewed commit: archive reviewed Swedish Timeshift translation,project-context,425cd3e2979b2b21b510ea04,review-commit,https://github.com/yeager/translations/blob/c015913c3390d5eac47ac14504c5cf7eafc7d63f/Timeshift/timeshift_sv.po,bb0a39ffea487fd9074626c733b56be8af52fba95bd1f50c2eb48391b7d4dc7a,{}
8fd87b3aef338ec4f7319dd1,Failed to get partition list.,Kunde inte hämta partitionslista,Timeshift,timeshift_sv.po,,Bilingual translation changed in reviewed commit: archive reviewed Swedish Timeshift translation,project-context,f4aa0a4dddd9d4cdb1778491,review-commit,https://github.com/yeager/translations/blob/c015913c3390d5eac47ac14504c5cf7eafc7d63f/Timeshift/timeshift_sv.po,bb0a39ffea487fd9074626c733b56be8af52fba95bd1f50c2eb48391b7d4dc7a,{}
8fe52ac8d4005852849c3b40,Snapshots,Avbilder,Timeshift,timeshift_sv.po,,Bilingual translation changed in reviewed commit: archive reviewed Swedish Timeshift translation,project-context,59e9792cd41c2774730ed626,review-commit,https://github.com/yeager/translations/blob/c015913c3390d5eac47ac14504c5cf7eafc7d63f/Timeshift/timeshift_sv.po,bb0a39ffea487fd9074626c733b56be8af52fba95bd1f50c2eb48391b7d4dc7a,{}
9047164675011e29ee25be2d,Nothing to do!,Inget att göra!,Timeshift,timeshift_sv.po,,Bilingual translation changed in reviewed commit: archive reviewed Swedish Timeshift translation,project-context,9f2816182615aa0adfecd346,review-commit,https://github.com/yeager/translations/blob/c015913c3390d5eac47ac14504c5cf7eafc7d63f/Timeshift/timeshift_sv.po,bb0a39ffea487fd9074626c733b56be8af52fba95bd1f50c2eb48391b7d4dc7a,{}
90cd2bf9757770b41a7a6735,Name,Namn,Timeshift,timeshift_sv.po,,Bilingual translation changed in reviewed commit: archive reviewed Swedish Timeshift translation,project-context,4bd740957715d6f14c66e2d3,review-commit,https://github.com/yeager/translations/blob/c015913c3390d5eac47ac14504c5cf7eafc7d63f/Timeshift/timeshift_sv.po,bb0a39ffea487fd9074626c733b56be8af52fba95bd1f50c2eb48391b7d4dc7a,{}
90efdf628d5814875e067f02,File Pattern,Filmönster,Timeshift,timeshift_sv.po,,Bilingual translation changed in reviewed commit: archive reviewed Swedish Timeshift translation,project-context,d1e1a31fa6e8b9070fe2679e,review-commit,https://github.com/yeager/translations/blob/c015913c3390d5eac47ac14504c5cf7eafc7d63f/Timeshift/timeshift_sv.po,bb0a39ffea487fd9074626c733b56be8af52fba95bd1f50c2eb48391b7d4dc7a,{}
9212711a8eb7f8989721cacd,File not found,Filen hittades inte,Timeshift,timeshift_sv.po,,Bilingual translation changed in reviewed commit: archive reviewed Swedish Timeshift translation,project-context,40f3101209133ada89e4ddd4,review-commit,https://github.com/yeager/translations/blob/c015913c3390d5eac47ac14504c5cf7eafc7d63f/Timeshift/timeshift_sv.po,bb0a39ffea487fd9074626c733b56be8af52fba95bd1f50c2eb48391b7d4dc7a,{}
92fe8d7f84e94249035e4a67,Cron job removed,Cron-åtgärd borttagen,Timeshift,timeshift_sv.po,,Bilingual translation changed in reviewed commit: archive reviewed Swedish Timeshift translation,project-context,63798a8e5eb0bbeeccdbb25b,review-commit,https://github.com/yeager/translations/blob/c015913c3390d5eac47ac14504c5cf7eafc7d63f/Timeshift/timeshift_sv.po,bb0a39ffea487fd9074626c733b56be8af52fba95bd1f50c2eb48391b7d4dc7a,{}
93451e21dcf8afefc683b1ac,Device not found,Enheten kunde inte hittas,Timeshift,timeshift_sv.po,,Bilingual translation changed in reviewed commit: archive reviewed Swedish Timeshift translation,project-context,73dfd64c7ee0cdfdf4f1d6ad,review-commit,https://github.com/yeager/translations/blob/c015913c3390d5eac47ac14504c5cf7eafc7d63f/Timeshift/timeshift_sv.po,bb0a39ffea487fd9074626c733b56be8af52fba95bd1f50c2eb48391b7d4dc7a,{}
9412b099570703d77753d74f,Select the snapshot to restore,Välj avbild för återställning,Timeshift,timeshift_sv.po,,Bilingual translation changed in reviewed commit: archive reviewed Swedish Timeshift translation,project-context,1b76d7dbdb5c12d44155083f,review-commit,https://github.com/yeager/translations/blob/c015913c3390d5eac47ac14504c5cf7eafc7d63f/Timeshift/timeshift_sv.po,bb0a39ffea487fd9074626c733b56be8af52fba95bd1f50c2eb48391b7d4dc7a,{}
9448cf67d569a29c84d4e023,Application will exit.,Programmet kommer att avslutas.,Timeshift,timeshift_sv.po,,Bilingual translation changed in reviewed commit: archive reviewed Swedish Timeshift translation,project-context,54277ae84d2fb5febf4ecf0d,review-commit,https://github.com/yeager/translations/blob/c015913c3390d5eac47ac14504c5cf7eafc7d63f/Timeshift/timeshift_sv.po,bb0a39ffea487fd9074626c733b56be8af52fba95bd1f50c2eb48391b7d4dc7a,{}
9470e5876e3fcec59bae6427,Mode,Läge,Timeshift,timeshift_sv.po,,Bilingual translation changed in reviewed commit: archive reviewed Swedish Timeshift translation,project-context,f0e65bdb92d9b21af0de147c,review-commit,https://github.com/yeager/translations/blob/c015913c3390d5eac47ac14504c5cf7eafc7d63f/Timeshift/timeshift_sv.po,bb0a39ffea487fd9074626c733b56be8af52fba95bd1f50c2eb48391b7d4dc7a,{}
94a1ee67853879d8ac326221,Checksum,Kontrollsumma,Timeshift,timeshift_sv.po,,Bilingual translation changed in reviewed commit: archive reviewed Swedish Timeshift translation,project-context,b7ec6b05befa6e05384fc573,review-commit,https://github.com/yeager/translations/blob/c015913c3390d5eac47ac14504c5cf7eafc7d63f/Timeshift/timeshift_sv.po,bb0a39ffea487fd9074626c733b56be8af52fba95bd1f50c2eb48391b7d4dc7a,{}
972fe8df523e079f97016990,Comparing files with rsync...,Jämför filer med rsync...,Timeshift,timeshift_sv.po,,Bilingual translation changed in reviewed commit: archive reviewed Swedish Timeshift translation,project-context,d6eb2c3cdc14c0bf335cca12,review-commit,https://github.com/yeager/translations/blob/c015913c3390d5eac47ac14504c5cf7eafc7d63f/Timeshift/timeshift_sv.po,bb0a39ffea487fd9074626c733b56be8af52fba95bd1f50c2eb48391b7d4dc7a,{}
979a4bbf516640dd746b3452,Root device not selected,Rotenhet inte vald,Timeshift,timeshift_sv.po,,Bilingual translation changed in reviewed commit: archive reviewed Swedish Timeshift translation,project-context,d9e3298451e0f971f8771265,review-commit,https://github.com/yeager/translations/blob/c015913c3390d5eac47ac14504c5cf7eafc7d63f/Timeshift/timeshift_sv.po,bb0a39ffea487fd9074626c733b56be8af52fba95bd1f50c2eb48391b7d4dc7a,{}
9846cb0a62ef53db6b086b68,Older log files removed,Äldre loggfiler borttagna,Timeshift,timeshift_sv.po,,Bilingual translation changed in reviewed commit: archive reviewed Swedish Timeshift translation,project-context,03c9af54e26c6b47c19fdcc7,review-commit,https://github.com/yeager/translations/blob/c015913c3390d5eac47ac14504c5cf7eafc7d63f/Timeshift/timeshift_sv.po,bb0a39ffea487fd9074626c733b56be8af52fba95bd1f50c2eb48391b7d4dc7a,{}
99eb3a4a78c9d492ca87550a,Failed to read cron tab,Kunde inte läsa crontab,Timeshift,timeshift_sv.po,,Bilingual translation changed in reviewed commit: archive reviewed Swedish Timeshift translation,project-context,5d73e62083e623e12e3365d3,review-commit,https://github.com/yeager/translations/blob/c015913c3390d5eac47ac14504c5cf7eafc7d63f/Timeshift/timeshift_sv.po,bb0a39ffea487fd9074626c733b56be8af52fba95bd1f50c2eb48391b7d4dc7a,{}
9a3549e4777b3366e39a8ab3,All Files,Alla filer,Timeshift,timeshift_sv.po,,Bilingual translation changed in reviewed commit: archive reviewed Swedish Timeshift translation,project-context,9fa7ce3f0d60598b104f9b30,review-commit,https://github.com/yeager/translations/blob/c015913c3390d5eac47ac14504c5cf7eafc7d63f/Timeshift/timeshift_sv.po,bb0a39ffea487fd9074626c733b56be8af52fba95bd1f50c2eb48391b7d4dc7a,{}
9aa397737384b30495b7f18c,Delete Snapshots,Ta bort avbilder,Timeshift,timeshift_sv.po,,Bilingual translation changed in reviewed commit: archive reviewed Swedish Timeshift translation,project-context,ad9925df69f7eafd59c237c3,review-commit,https://github.com/yeager/translations/blob/c015913c3390d5eac47ac14504c5cf7eafc7d63f/Timeshift/timeshift_sv.po,bb0a39ffea487fd9074626c733b56be8af52fba95bd1f50c2eb48391b7d4dc7a,{}
9acdce0601e26080c63d560b,Schedule,Schema,Timeshift,timeshift_sv.po,,Bilingual translation changed in reviewed commit: archive reviewed Swedish Timeshift translation,project-context,53a8ac9ab00642cd5d48c2ed,review-commit,https://github.com/yeager/translations/blob/c015913c3390d5eac47ac14504c5cf7eafc7d63f/Timeshift/timeshift_sv.po,bb0a39ffea487fd9074626c733b56be8af52fba95bd1f50c2eb48391b7d4dc7a,{}
9b92898658aaf82f665d5e87,Target device not specified!,Målenheten har inte specificerats!,Timeshift,timeshift_sv.po,,Bilingual translation changed in reviewed commit: archive reviewed Swedish Timeshift translation,project-context,caf8b9b0c369a601d6a2847e,review-commit,https://github.com/yeager/translations/blob/c015913c3390d5eac47ac14504c5cf7eafc7d63f/Timeshift/timeshift_sv.po,bb0a39ffea487fd9074626c733b56be8af52fba95bd1f50c2eb48391b7d4dc7a,{}
9c45fe670916d3517f76f457,Completed With Errors,Slutfört med fel,Timeshift,timeshift_sv.po,,Bilingual translation changed in reviewed commit: archive reviewed Swedish Timeshift translation,project-context,573bac6900009db73924305f,review-commit,https://github.com/yeager/translations/blob/c015913c3390d5eac47ac14504c5cf7eafc7d63f/Timeshift/timeshift_sv.po,bb0a39ffea487fd9074626c733b56be8af52fba95bd1f50c2eb48391b7d4dc7a,{}
9ca2e0296191a6bc7039f580,Unknown snapshot type,Okänd avbildstyp,Timeshift,timeshift_sv.po,,Bilingual translation changed in reviewed commit: archive reviewed Swedish Timeshift translation,project-context,68d44f1c7b717b69a1f1829b,review-commit,https://github.com/yeager/translations/blob/c015913c3390d5eac47ac14504c5cf7eafc7d63f/Timeshift/timeshift_sv.po,bb0a39ffea487fd9074626c733b56be8af52fba95bd1f50c2eb48391b7d4dc7a,{}
9ca88ebe3211388bb27cdd92,Model,Modell,Timeshift,timeshift_sv.po,,Bilingual translation changed in reviewed commit: archive reviewed Swedish Timeshift translation,project-context,a8d50523fced75fbac3e996d,review-commit,https://github.com/yeager/translations/blob/c015913c3390d5eac47ac14504c5cf7eafc7d63f/Timeshift/timeshift_sv.po,bb0a39ffea487fd9074626c733b56be8af52fba95bd1f50c2eb48391b7d4dc7a,{}
9db2122352298cdf1258d99a,RSYNC Snapshots,RSYNC-avbilder,Timeshift,timeshift_sv.po,,Bilingual translation changed in reviewed commit: archive reviewed Swedish Timeshift translation,project-context,e216a515fcd0ed6d2717bd97,review-commit,https://github.com/yeager/translations/blob/c015913c3390d5eac47ac14504c5cf7eafc7d63f/Timeshift/timeshift_sv.po,bb0a39ffea487fd9074626c733b56be8af52fba95bd1f50c2eb48391b7d4dc7a,{}
9f2672ed70ed07b0f2630d7b,Comments (click to edit),Kommentarer (klicka för att redigera),Timeshift,timeshift_sv.po,,Bilingual translation changed in reviewed commit: archive reviewed Swedish Timeshift translation,project-context,b76bfa88a76dab5aaa7d26fa,review-commit,https://github.com/yeager/translations/blob/c015913c3390d5eac47ac14504c5cf7eafc7d63f/Timeshift/timeshift_sv.po,bb0a39ffea487fd9074626c733b56be8af52fba95bd1f50c2eb48391b7d4dc7a,{}
a01d45d51916bf2eed88ffd7,Add tags to snapshot (default: O),Lägg till taggar till avbild (standard: O),Timeshift,timeshift_sv.po,,Bilingual translation changed in reviewed commit: archive reviewed Swedish Timeshift translation,project-context,bddd26d706940d7f072f32b5,review-commit,https://github.com/yeager/translations/blob/c015913c3390d5eac47ac14504c5cf7eafc7d63f/Timeshift/timeshift_sv.po,bb0a39ffea487fd9074626c733b56be8af52fba95bd1f50c2eb48391b7d4dc7a,{}
a02ed6f6b31a4fc54910ad2e,Running,Körs,Timeshift,timeshift_sv.po,,Bilingual translation changed in reviewed commit: archive reviewed Swedish Timeshift translation,project-context,ac2869a2224996e8598c5388,review-commit,https://github.com/yeager/translations/blob/c015913c3390d5eac47ac14504c5cf7eafc7d63f/Timeshift/timeshift_sv.po,bb0a39ffea487fd9074626c733b56be8af52fba95bd1f50c2eb48391b7d4dc7a,{}
a0d74f5460778a93987c7f68,Not Selected,Inte vald,Timeshift,timeshift_sv.po,,Bilingual translation changed in reviewed commit: archive reviewed Swedish Timeshift translation,project-context,2a65558c1da2c7f8275e0db3,review-commit,https://github.com/yeager/translations/blob/c015913c3390d5eac47ac14504c5cf7eafc7d63f/Timeshift/timeshift_sv.po,bb0a39ffea487fd9074626c733b56be8af52fba95bd1f50c2eb48391b7d4dc7a,{}
a19e00b31bf0e76d5d52d0f1,User cancelled the password prompt,Användaren avbröt lösenordsdialogen,Timeshift,timeshift_sv.po,,Bilingual translation changed in reviewed commit: archive reviewed Swedish Timeshift translation,project-context,ba121ce659fd60163a1eb116,review-commit,https://github.com/yeager/translations/blob/c015913c3390d5eac47ac14504c5cf7eafc7d63f/Timeshift/timeshift_sv.po,bb0a39ffea487fd9074626c733b56be8af52fba95bd1f50c2eb48391b7d4dc7a,{}
a1ce7178627f7eb3792870ae,Daily snapshot failed!,Daglig avbild misslyckades!,Timeshift,timeshift_sv.po,,Bilingual translation changed in reviewed commit: archive reviewed Swedish Timeshift translation,project-context,224e48109abf5fb484a4e324,review-commit,https://github.com/yeager/translations/blob/c015913c3390d5eac47ac14504c5cf7eafc7d63f/Timeshift/timeshift_sv.po,bb0a39ffea487fd9074626c733b56be8af52fba95bd1f50c2eb48391b7d4dc7a,{}
a23b058491f183e2cfe601ee,Snapshot deletion in progress...,Avbildsborttagning pågår…,Timeshift,timeshift_sv.po,,Bilingual translation changed in reviewed commit: archive reviewed Swedish Timeshift translation,project-context,a5c13cc671bf5cf92245d0b5,review-commit,https://github.com/yeager/translations/blob/c015913c3390d5eac47ac14504c5cf7eafc7d63f/Timeshift/timeshift_sv.po,bb0a39ffea487fd9074626c733b56be8af52fba95bd1f50c2eb48391b7d4dc7a,{}
a23d6572c6121221c09af874,Location,Plats,Timeshift,timeshift_sv.po,,Bilingual translation changed in reviewed commit: archive reviewed Swedish Timeshift translation,project-context,0993f8f8cd24a5ee8b675174,review-commit,https://github.com/yeager/translations/blob/c015913c3390d5eac47ac14504c5cf7eafc7d63f/Timeshift/timeshift_sv.po,bb0a39ffea487fd9074626c733b56be8af52fba95bd1f50c2eb48391b7d4dc7a,{}
a4fecc8948470d73a735a7c3,No snapshots on device,Inga avbilder på enheten,Timeshift,timeshift_sv.po,,Bilingual translation changed in reviewed commit: archive reviewed Swedish Timeshift translation,project-context,7733b5a26c83110a44308761,review-commit,https://github.com/yeager/translations/blob/c015913c3390d5eac47ac14504c5cf7eafc7d63f/Timeshift/timeshift_sv.po,bb0a39ffea487fd9074626c733b56be8af52fba95bd1f50c2eb48391b7d4dc7a,{}
a62a6acde2d4733af19bc2f6,Not Supported,Stöds inte,Timeshift,timeshift_sv.po,,Bilingual translation changed in reviewed commit: archive reviewed Swedish Timeshift translation,project-context,1b93af49455cae80192d8569,review-commit,https://github.com/yeager/translations/blob/c015913c3390d5eac47ac14504c5cf7eafc7d63f/Timeshift/timeshift_sv.po,bb0a39ffea487fd9074626c733b56be8af52fba95bd1f50c2eb48391b7d4dc7a,{}
a63203317c4263431b105315,Failed to read file,Kunde inte läsa fil,Timeshift,timeshift_sv.po,,Bilingual translation changed in reviewed commit: archive reviewed Swedish Timeshift translation,project-context,6a08ad16328e72dae5dd3ad5,review-commit,https://github.com/yeager/translations/blob/c015913c3390d5eac47ac14504c5cf7eafc7d63f/Timeshift/timeshift_sv.po,bb0a39ffea487fd9074626c733b56be8af52fba95bd1f50c2eb48391b7d4dc7a,{}
a64dd7a679f2a783ac70cbd9,Hourly snapshots are enabled,Timavbilder är aktiverade,Timeshift,timeshift_sv.po,,Bilingual translation changed in reviewed commit: archive reviewed Swedish Timeshift translation,project-context,25dccd3530b2332f7dd19b82,review-commit,https://github.com/yeager/translations/blob/c015913c3390d5eac47ac14504c5cf7eafc7d63f/Timeshift/timeshift_sv.po,bb0a39ffea487fd9074626c733b56be8af52fba95bd1f50c2eb48391b7d4dc7a,{}
a6ff789cff76165562841ad9,Removing snapshot,Tar bort avbild,Timeshift,timeshift_sv.po,,Bilingual translation changed in reviewed commit: archive reviewed Swedish Timeshift translation,project-context,1f48fc239241897f82aecdbd,review-commit,https://github.com/yeager/translations/blob/c015913c3390d5eac47ac14504c5cf7eafc7d63f/Timeshift/timeshift_sv.po,bb0a39ffea487fd9074626c733b56be8af52fba95bd1f50c2eb48391b7d4dc7a,{}
a716e7eba0403d4628c808d2,Multiple snapshots selected,Flera avbilder markerade,Timeshift,timeshift_sv.po,,Bilingual translation changed in reviewed commit: archive reviewed Swedish Timeshift translation,project-context,4e5458987e1f7d8cc5cfee8d,review-commit,https://github.com/yeager/translations/blob/c015913c3390d5eac47ac14504c5cf7eafc7d63f/Timeshift/timeshift_sv.po,bb0a39ffea487fd9074626c733b56be8af52fba95bd1f50c2eb48391b7d4dc7a,{}
a79decb581592bf48371f369,Path,Sökväg,Timeshift,timeshift_sv.po,,Bilingual translation changed in reviewed commit: archive reviewed Swedish Timeshift translation,project-context,2602097fb11c460ef66e717f,review-commit,https://github.com/yeager/translations/blob/c015913c3390d5eac47ac14504c5cf7eafc7d63f/Timeshift/timeshift_sv.po,bb0a39ffea487fd9074626c733b56be8af52fba95bd1f50c2eb48391b7d4dc7a,{}
a7c9fbe001072c7564da8faf,Help,Hjälp,Timeshift,timeshift_sv.po,,Bilingual translation changed in reviewed commit: archive reviewed Swedish Timeshift translation,project-context,3d596649f77a6b25af2374cc,review-commit,https://github.com/yeager/translations/blob/c015913c3390d5eac47ac14504c5cf7eafc7d63f/Timeshift/timeshift_sv.po,bb0a39ffea487fd9074626c733b56be8af52fba95bd1f50c2eb48391b7d4dc7a,{}
a85f39ca35935c14b52c250b,User Home Directories,Användarnas hemkataloger,Timeshift,timeshift_sv.po,,Bilingual translation changed in reviewed commit: archive reviewed Swedish Timeshift translation,project-context,6b367c1144ee2b9bcbfaf535,review-commit,https://github.com/yeager/translations/blob/c015913c3390d5eac47ac14504c5cf7eafc7d63f/Timeshift/timeshift_sv.po,bb0a39ffea487fd9074626c733b56be8af52fba95bd1f50c2eb48391b7d4dc7a,{}
a9ec7e723f7d47c9de8f8bda,Options,Alternativ,Timeshift,timeshift_sv.po,,Bilingual translation changed in reviewed commit: archive reviewed Swedish Timeshift translation,project-context,4331cb28ab54864a66f77e07,review-commit,https://github.com/yeager/translations/blob/c015913c3390d5eac47ac14504c5cf7eafc7d63f/Timeshift/timeshift_sv.po,bb0a39ffea487fd9074626c733b56be8af52fba95bd1f50c2eb48391b7d4dc7a,{}
aa232f40d7a236d7ef8e8fa6,Add Folders,Lägg till mappar,Timeshift,timeshift_sv.po,,Bilingual translation changed in reviewed commit: archive reviewed Swedish Timeshift translation,project-context,2c6c6fdf783c7bc6604128b3,review-commit,https://github.com/yeager/translations/blob/c015913c3390d5eac47ac14504c5cf7eafc7d63f/Timeshift/timeshift_sv.po,bb0a39ffea487fd9074626c733b56be8af52fba95bd1f50c2eb48391b7d4dc7a,{}
aa3d750df78cebc79ebc52d0,Keep on Root Device,Behåll på rotenheten,Timeshift,timeshift_sv.po,,Bilingual translation changed in reviewed commit: archive reviewed Swedish Timeshift translation,project-context,f0feb7a1863fa25cf6cf1053,review-commit,https://github.com/yeager/translations/blob/c015913c3390d5eac47ac14504c5cf7eafc7d63f/Timeshift/timeshift_sv.po,bb0a39ffea487fd9074626c733b56be8af52fba95bd1f50c2eb48391b7d4dc7a,{}
abbe59bef3b591aa36c325f2,Critical Error,Kritiskt fel,Timeshift,timeshift_sv.po,,Bilingual translation changed in reviewed commit: archive reviewed Swedish Timeshift translation,project-context,b837a7c2aa0ff4654499216c,review-commit,https://github.com/yeager/translations/blob/c015913c3390d5eac47ac14504c5cf7eafc7d63f/Timeshift/timeshift_sv.po,bb0a39ffea487fd9074626c733b56be8af52fba95bd1f50c2eb48391b7d4dc7a,{}
aca30a543dd2a23d0c425715,Monthly,Varje månad,Timeshift,timeshift_sv.po,,Bilingual translation changed in reviewed commit: archive reviewed Swedish Timeshift translation,project-context,11d68fb82281adf3fb9b1024,review-commit,https://github.com/yeager/translations/blob/c015913c3390d5eac47ac14504c5cf7eafc7d63f/Timeshift/timeshift_sv.po,bb0a39ffea487fd9074626c733b56be8af52fba95bd1f50c2eb48391b7d4dc7a,{}
ad3cba956f69e252ad821edd,Add files,Lägg till filer,Timeshift,timeshift_sv.po,,Bilingual translation changed in reviewed commit: archive reviewed Swedish Timeshift translation,project-context,f895ce46e1925b4a580f25bd,review-commit,https://github.com/yeager/translations/blob/c015913c3390d5eac47ac14504c5cf7eafc7d63f/Timeshift/timeshift_sv.po,bb0a39ffea487fd9074626c733b56be8af52fba95bd1f50c2eb48391b7d4dc7a,{}
ad75b7a78a981cb6da7ee816,Num,Nr,Timeshift,timeshift_sv.po,,Bilingual translation changed in reviewed commit: archive reviewed Swedish Timeshift translation,project-context,5db5b0fcb75237d88321354a,review-commit,https://github.com/yeager/translations/blob/c015913c3390d5eac47ac14504c5cf7eafc7d63f/Timeshift/timeshift_sv.po,bb0a39ffea487fd9074626c733b56be8af52fba95bd1f50c2eb48391b7d4dc7a,{}
ad9188136c2d9f17636e5185,Scheduled snapshots are disabled,Schemalagda avbilder är inaktiverade,Timeshift,timeshift_sv.po,,Bilingual translation changed in reviewed commit: archive reviewed Swedish Timeshift translation,project-context,a69461526345b98aed86f85e,review-commit,https://github.com/yeager/translations/blob/c015913c3390d5eac47ac14504c5cf7eafc7d63f/Timeshift/timeshift_sv.po,bb0a39ffea487fd9074626c733b56be8af52fba95bd1f50c2eb48391b7d4dc7a,{}
ae140e46544ca55503e7fffd,Other applications (next page),Andra program (nästa sida),Timeshift,timeshift_sv.po,,Bilingual translation changed in reviewed commit: archive reviewed Swedish Timeshift translation,project-context,005f602cbd5f772765e420cd,review-commit,https://github.com/yeager/translations/blob/c015913c3390d5eac47ac14504c5cf7eafc7d63f/Timeshift/timeshift_sv.po,bb0a39ffea487fd9074626c733b56be8af52fba95bd1f50c2eb48391b7d4dc7a,{}
aeabcf091547cc27354531f2,Failed to add cron job,Kunde inte lägga till cron-jobb,Timeshift,timeshift_sv.po,,Bilingual translation changed in reviewed commit: archive reviewed Swedish Timeshift translation,project-context,dad6d48d298cb936e9d511e7,review-commit,https://github.com/yeager/translations/blob/c015913c3390d5eac47ac14504c5cf7eafc7d63f/Timeshift/timeshift_sv.po,bb0a39ffea487fd9074626c733b56be8af52fba95bd1f50c2eb48391b7d4dc7a,{}
b0356629cb4745294f96459a,Snapshot device not available,Avbildsenheten är inte tillgänglig,Timeshift,timeshift_sv.po,,Bilingual translation changed in reviewed commit: archive reviewed Swedish Timeshift translation,project-context,bcba2186224b40b0f5c7f100,review-commit,https://github.com/yeager/translations/blob/c015913c3390d5eac47ac14504c5cf7eafc7d63f/Timeshift/timeshift_sv.po,bb0a39ffea487fd9074626c733b56be8af52fba95bd1f50c2eb48391b7d4dc7a,{}
b04f612ea3c9cac2541951d9,None,Ingen,Timeshift,timeshift_sv.po,,Bilingual translation changed in reviewed commit: archive reviewed Swedish Timeshift translation,project-context,ae4d3a5dd6a07bf971901d22,review-commit,https://github.com/yeager/translations/blob/c015913c3390d5eac47ac14504c5cf7eafc7d63f/Timeshift/timeshift_sv.po,bb0a39ffea487fd9074626c733b56be8af52fba95bd1f50c2eb48391b7d4dc7a,{}
b0719407a8d909d6b235f7af,Backend,Bakände,Timeshift,timeshift_sv.po,,Bilingual translation changed in reviewed commit: archive reviewed Swedish Timeshift translation,project-context,2219f02a7be4879a9884bc57,review-commit,https://github.com/yeager/translations/blob/c015913c3390d5eac47ac14504c5cf7eafc7d63f/Timeshift/timeshift_sv.po,bb0a39ffea487fd9074626c733b56be8af52fba95bd1f50c2eb48391b7d4dc7a,{}
b18269520f5179de70a1947c,Oldest snapshot,Äldsta avbilden,Timeshift,timeshift_sv.po,,Bilingual translation changed in reviewed commit: archive reviewed Swedish Timeshift translation,project-context,0289b679fc80e9c30db5918e,review-commit,https://github.com/yeager/translations/blob/c015913c3390d5eac47ac14504c5cf7eafc7d63f/Timeshift/timeshift_sv.po,bb0a39ffea487fd9074626c733b56be8af52fba95bd1f50c2eb48391b7d4dc7a,{}
b2709da194ea169aaa0a4510,Snapshot device not selected,Avbildsenhet inte vald,Timeshift,timeshift_sv.po,,Bilingual translation changed in reviewed commit: archive reviewed Swedish Timeshift translation,project-context,01f880a73daa85815a0e36fb,review-commit,https://github.com/yeager/translations/blob/c015913c3390d5eac47ac14504c5cf7eafc7d63f/Timeshift/timeshift_sv.po,bb0a39ffea487fd9074626c733b56be8af52fba95bd1f50c2eb48391b7d4dc7a,{}
b282933422eb5c1255bdc5b9,Select GRUB device,Välj GRUB-enhet,Timeshift,timeshift_sv.po,,Bilingual translation changed in reviewed commit: archive reviewed Swedish Timeshift translation,project-context,062662989a04b0fa15408e8e,review-commit,https://github.com/yeager/translations/blob/c015913c3390d5eac47ac14504c5cf7eafc7d63f/Timeshift/timeshift_sv.po,bb0a39ffea487fd9074626c733b56be8af52fba95bd1f50c2eb48391b7d4dc7a,{}
b31bd0970f70598b9c4cc6fd,Failed to create snapshot,Kunde inte skapa avbild,Timeshift,timeshift_sv.po,,Bilingual translation changed in reviewed commit: archive reviewed Swedish Timeshift translation,project-context,383ba67395314c1067881a87,review-commit,https://github.com/yeager/translations/blob/c015913c3390d5eac47ac14504c5cf7eafc7d63f/Timeshift/timeshift_sv.po,bb0a39ffea487fd9074626c733b56be8af52fba95bd1f50c2eb48391b7d4dc7a,{}
b3ef3e408baf8efe16fc72d8,No snapshots found,Inga avbilder hittades,Timeshift,timeshift_sv.po,,Bilingual translation changed in reviewed commit: archive reviewed Swedish Timeshift translation,project-context,40329df412391a4001b25bfd,review-commit,https://github.com/yeager/translations/blob/c015913c3390d5eac47ac14504c5cf7eafc7d63f/Timeshift/timeshift_sv.po,bb0a39ffea487fd9074626c733b56be8af52fba95bd1f50c2eb48391b7d4dc7a,{}
b3f7fd289a6e6e04df0e58fd,Not Found,Hittades inte,Timeshift,timeshift_sv.po,,Bilingual translation changed in reviewed commit: archive reviewed Swedish Timeshift translation,project-context,0db2846f06d9d212ce23786b,review-commit,https://github.com/yeager/translations/blob/c015913c3390d5eac47ac14504c5cf7eafc7d63f/Timeshift/timeshift_sv.po,bb0a39ffea487fd9074626c733b56be8af52fba95bd1f50c2eb48391b7d4dc7a,{}
b4df1d8dad54bf4a5b401d90,complete,slutförd,Timeshift,timeshift_sv.po,,Bilingual translation changed in reviewed commit: archive reviewed Swedish Timeshift translation,project-context,bfee703a5c5c17f72478f379,review-commit,https://github.com/yeager/translations/blob/c015913c3390d5eac47ac14504c5cf7eafc7d63f/Timeshift/timeshift_sv.po,bb0a39ffea487fd9074626c733b56be8af52fba95bd1f50c2eb48391b7d4dc7a,{}
b594969ea5a0f0bb0e23fcba,Querying subvolume info...,Hämtar undervolymsinformation…,Timeshift,timeshift_sv.po,,Bilingual translation changed in reviewed commit: archive reviewed Swedish Timeshift translation,project-context,a8d91b1a391a37ab343647b2,review-commit,https://github.com/yeager/translations/blob/c015913c3390d5eac47ac14504c5cf7eafc7d63f/Timeshift/timeshift_sv.po,bb0a39ffea487fd9074626c733b56be8af52fba95bd1f50c2eb48391b7d4dc7a,{}
b5a83ac38c52080f0bfaa6d7,Failed to create symlinks,Kunde inte skapa symboliska länkar,Timeshift,timeshift_sv.po,,Bilingual translation changed in reviewed commit: archive reviewed Swedish Timeshift translation,project-context,7d5a125d1ca1c8ec12207284,review-commit,https://github.com/yeager/translations/blob/c015913c3390d5eac47ac14504c5cf7eafc7d63f/Timeshift/timeshift_sv.po,bb0a39ffea487fd9074626c733b56be8af52fba95bd1f50c2eb48391b7d4dc7a,{}
b6c781a246feb452fb7dd7ca,Boot snapshots are enabled,Avbilder vid systemstart är aktiverade,Timeshift,timeshift_sv.po,,Bilingual translation changed in reviewed commit: archive reviewed Swedish Timeshift translation,project-context,4fe51b85f925c1bdd90850c5,review-commit,https://github.com/yeager/translations/blob/c015913c3390d5eac47ac14504c5cf7eafc7d63f/Timeshift/timeshift_sv.po,bb0a39ffea487fd9074626c733b56be8af52fba95bd1f50c2eb48391b7d4dc7a,{}
b7995f5b807c6af550c03ba0,Target device is not mounted,Målenheten är inte monterad,Timeshift,timeshift_sv.po,,Bilingual translation changed in reviewed commit: archive reviewed Swedish Timeshift translation,project-context,37ab68b58a6f224ceb6c556f,review-commit,https://github.com/yeager/translations/blob/c015913c3390d5eac47ac14504c5cf7eafc7d63f/Timeshift/timeshift_sv.po,bb0a39ffea487fd9074626c733b56be8af52fba95bd1f50c2eb48391b7d4dc7a,{}
b814f30c720dccefb9806f83,Paused,Pausad,Timeshift,timeshift_sv.po,,Bilingual translation changed in reviewed commit: archive reviewed Swedish Timeshift translation,project-context,8528399a112fce52add16d49,review-commit,https://github.com/yeager/translations/blob/c015913c3390d5eac47ac14504c5cf7eafc7d63f/Timeshift/timeshift_sv.po,bb0a39ffea487fd9074626c733b56be8af52fba95bd1f50c2eb48391b7d4dc7a,{}
b8ba3d1b98cce36f2d6c906b,Exclude Apps,Hoppa över program,Timeshift,timeshift_sv.po,,Bilingual translation changed in reviewed commit: archive reviewed Swedish Timeshift translation,project-context,c2f2b44809cd35de603d4881,review-commit,https://github.com/yeager/translations/blob/c015913c3390d5eac47ac14504c5cf7eafc7d63f/Timeshift/timeshift_sv.po,bb0a39ffea487fd9074626c733b56be8af52fba95bd1f50c2eb48391b7d4dc7a,{}
b8ba737fbbfd4e69e19a72bc,Creating new backup...,Skapar ny säkerhetskopia...,Timeshift,timeshift_sv.po,,Bilingual translation changed in reviewed commit: archive reviewed Swedish Timeshift translation,project-context,13f970a097311d91b0f5f7b5,review-commit,https://github.com/yeager/translations/blob/c015913c3390d5eac47ac14504c5cf7eafc7d63f/Timeshift/timeshift_sv.po,bb0a39ffea487fd9074626c733b56be8af52fba95bd1f50c2eb48391b7d4dc7a,{}
b9ae57fcdb80f3384bc97678,Last monthly snapshot not found,Senaste månadsavbilden kunde inte hittas,Timeshift,timeshift_sv.po,,Bilingual translation changed in reviewed commit: archive reviewed Swedish Timeshift translation,project-context,9f0452170c71e529da0e12c4,review-commit,https://github.com/yeager/translations/blob/c015913c3390d5eac47ac14504c5cf7eafc7d63f/Timeshift/timeshift_sv.po,bb0a39ffea487fd9074626c733b56be8af52fba95bd1f50c2eb48391b7d4dc7a,{}
b9b6d9643bd490a5aae8a04a,Resume,Fortsätt,Timeshift,timeshift_sv.po,,Bilingual translation changed in reviewed commit: archive reviewed Swedish Timeshift translation,project-context,cb0d1b24982e10c3f04db646,review-commit,https://github.com/yeager/translations/blob/c015913c3390d5eac47ac14504c5cf7eafc7d63f/Timeshift/timeshift_sv.po,bb0a39ffea487fd9074626c733b56be8af52fba95bd1f50c2eb48391b7d4dc7a,{}
baabc85092d0ae0fd96af7ec,Scheduled snapshot in progress...,Schemalagd avbild bearbetas…,Timeshift,timeshift_sv.po,,Bilingual translation changed in reviewed commit: archive reviewed Swedish Timeshift translation,project-context,596a6c05f1ed9ab151ff5bc6,review-commit,https://github.com/yeager/translations/blob/c015913c3390d5eac47ac14504c5cf7eafc7d63f/Timeshift/timeshift_sv.po,bb0a39ffea487fd9074626c733b56be8af52fba95bd1f50c2eb48391b7d4dc7a,{}
bbdee9b437c2868632a6fd14,Changed items:,Ändrade objekt:,Timeshift,timeshift_sv.po,,Bilingual translation changed in reviewed commit: archive reviewed Swedish Timeshift translation,project-context,a2cf027830067bd46efd5a7e,review-commit,https://github.com/yeager/translations/blob/c015913c3390d5eac47ac14504c5cf7eafc7d63f/Timeshift/timeshift_sv.po,bb0a39ffea487fd9074626c733b56be8af52fba95bd1f50c2eb48391b7d4dc7a,{}
bcd272381566dc6662cf7578,Filters,Filter,Timeshift,timeshift_sv.po,,Bilingual translation changed in reviewed commit: archive reviewed Swedish Timeshift translation,project-context,f77902676e4307cdde70e11d,review-commit,https://github.com/yeager/translations/blob/c015913c3390d5eac47ac14504c5cf7eafc7d63f/Timeshift/timeshift_sv.po,bb0a39ffea487fd9074626c733b56be8af52fba95bd1f50c2eb48391b7d4dc7a,{}
bd93e746426f5e190297d3be,Restoring Snapshot...,Återställer avbild…,Timeshift,timeshift_sv.po,,Bilingual translation changed in reviewed commit: archive reviewed Swedish Timeshift translation,project-context,078fb54bc3c89723039045e2,review-commit,https://github.com/yeager/translations/blob/c015913c3390d5eac47ac14504c5cf7eafc7d63f/Timeshift/timeshift_sv.po,bb0a39ffea487fd9074626c733b56be8af52fba95bd1f50c2eb48391b7d4dc7a,{}
be0393ef0477ad5292b9a265,GRUB will NOT be reinstalled,GRUB kommer INTE att installeras om,Timeshift,timeshift_sv.po,,Bilingual translation changed in reviewed commit: archive reviewed Swedish Timeshift translation,project-context,ff1bce0824f62a9b1454eb43,review-commit,https://github.com/yeager/translations/blob/c015913c3390d5eac47ac14504c5cf7eafc7d63f/Timeshift/timeshift_sv.po,bb0a39ffea487fd9074626c733b56be8af52fba95bd1f50c2eb48391b7d4dc7a,{}
bf214fc82de41c1fbe7c8d09,Subvolume,Undervolym,Timeshift,timeshift_sv.po,,Bilingual translation changed in reviewed commit: archive reviewed Swedish Timeshift translation,project-context,95756d14309d80188b1c66e2,review-commit,https://github.com/yeager/translations/blob/c015913c3390d5eac47ac14504c5cf7eafc7d63f/Timeshift/timeshift_sv.po,bb0a39ffea487fd9074626c733b56be8af52fba95bd1f50c2eb48391b7d4dc7a,{}
bff1054b510c873a92da62ba,Last daily snapshot not found,Senaste dagliga avbilden kunde inte hittas,Timeshift,timeshift_sv.po,,Bilingual translation changed in reviewed commit: archive reviewed Swedish Timeshift translation,project-context,11195cc787951f81f2cd9360,review-commit,https://github.com/yeager/translations/blob/c015913c3390d5eac47ac14504c5cf7eafc7d63f/Timeshift/timeshift_sv.po,bb0a39ffea487fd9074626c733b56be8af52fba95bd1f50c2eb48391b7d4dc7a,{}
c0b8f514fa8f115cd6e674ab,Finished,Slutfört,Timeshift,timeshift_sv.po,,Bilingual translation changed in reviewed commit: archive reviewed Swedish Timeshift translation,project-context,85e3f6f8265ff9a954690409,review-commit,https://github.com/yeager/translations/blob/c015913c3390d5eac47ac14504c5cf7eafc7d63f/Timeshift/timeshift_sv.po,bb0a39ffea487fd9074626c733b56be8af52fba95bd1f50c2eb48391b7d4dc7a,{}
c215713ade9d2c3e167da073,Changed,Ändrat,Timeshift,timeshift_sv.po,,Bilingual translation changed in reviewed commit: archive reviewed Swedish Timeshift translation,project-context,fe4133241b43a474306a58fb,review-commit,https://github.com/yeager/translations/blob/c015913c3390d5eac47ac14504c5cf7eafc7d63f/Timeshift/timeshift_sv.po,bb0a39ffea487fd9074626c733b56be8af52fba95bd1f50c2eb48391b7d4dc7a,{}
c52d8a32df62208bafd7bfba,Continue with restore? (y/n): ,Vill du fortsätta med återställningen? (y/n): ,Timeshift,timeshift_sv.po,,Bilingual translation changed in reviewed commit: archive reviewed Swedish Timeshift translation,project-context,01d17ab1e1c06b04a4be04dd,review-commit,https://github.com/yeager/translations/blob/c015913c3390d5eac47ac14504c5cf7eafc7d63f/Timeshift/timeshift_sv.po,bb0a39ffea487fd9074626c733b56be8af52fba95bd1f50c2eb48391b7d4dc7a,{}
c5b69061ef5fba803cd8be6e,Restore @home subvolume,Återställ undervolymen @home,Timeshift,timeshift_sv.po,,Bilingual translation changed in reviewed commit: archive reviewed Swedish Timeshift translation,project-context,26cba41681086805c7bff74e,review-commit,https://github.com/yeager/translations/blob/c015913c3390d5eac47ac14504c5cf7eafc7d63f/Timeshift/timeshift_sv.po,bb0a39ffea487fd9074626c733b56be8af52fba95bd1f50c2eb48391b7d4dc7a,{}
c6649d96a0f25c63b2b7948b,Created subvolume snapshot,Skapade undervolymsavbild,Timeshift,timeshift_sv.po,,Bilingual translation changed in reviewed commit: archive reviewed Swedish Timeshift translation,project-context,c256cb29a2f2a8e76d47c93d,review-commit,https://github.com/yeager/translations/blob/c015913c3390d5eac47ac14504c5cf7eafc7d63f/Timeshift/timeshift_sv.po,bb0a39ffea487fd9074626c733b56be8af52fba95bd1f50c2eb48391b7d4dc7a,{}
c66e94adec2386a17d7b53b7,Invalid Snapshot,Ogiltig avbild,Timeshift,timeshift_sv.po,,Bilingual translation changed in reviewed commit: archive reviewed Swedish Timeshift translation,project-context,d8a5934fb1d9d49124c0cc2b,review-commit,https://github.com/yeager/translations/blob/c015913c3390d5eac47ac14504c5cf7eafc7d63f/Timeshift/timeshift_sv.po,bb0a39ffea487fd9074626c733b56be8af52fba95bd1f50c2eb48391b7d4dc7a,{}
c684ef1d9c78cf0363c326c4,Device is unlocked,Enheten är olåst,Timeshift,timeshift_sv.po,,Bilingual translation changed in reviewed commit: archive reviewed Swedish Timeshift translation,project-context,96c76094f24b1c63776babf9,review-commit,https://github.com/yeager/translations/blob/c015913c3390d5eac47ac14504c5cf7eafc7d63f/Timeshift/timeshift_sv.po,bb0a39ffea487fd9074626c733b56be8af52fba95bd1f50c2eb48391b7d4dc7a,{}
c771033f65b63663b9b1319a,Setup Wizard,Inställningsguide,Timeshift,timeshift_sv.po,,Bilingual translation changed in reviewed commit: archive reviewed Swedish Timeshift translation,project-context,20069b4aefd9e37c01e0d968,review-commit,https://github.com/yeager/translations/blob/c015913c3390d5eac47ac14504c5cf7eafc7d63f/Timeshift/timeshift_sv.po,bb0a39ffea487fd9074626c733b56be8af52fba95bd1f50c2eb48391b7d4dc7a,{}
c857692dd50e4ceba30d122e,Checking file systems for errors...,Kontrollerar filsystemet efter fel...,Timeshift,timeshift_sv.po,,Bilingual translation changed in reviewed commit: archive reviewed Swedish Timeshift translation,project-context,3a1fb4e559584266bd5304d5,review-commit,https://github.com/yeager/translations/blob/c015913c3390d5eac47ac14504c5cf7eafc7d63f/Timeshift/timeshift_sv.po,bb0a39ffea487fd9074626c733b56be8af52fba95bd1f50c2eb48391b7d4dc7a,{}
c8ce8dec7f341ca2d3b5ca22,BTRFS device is not mounted,Ingen BTRFS-enhet monterad,Timeshift,timeshift_sv.po,,Bilingual translation changed in reviewed commit: archive reviewed Swedish Timeshift translation,project-context,3ea19e5dd102919300d06385,review-commit,https://github.com/yeager/translations/blob/c015913c3390d5eac47ac14504c5cf7eafc7d63f/Timeshift/timeshift_sv.po,bb0a39ffea487fd9074626c733b56be8af52fba95bd1f50c2eb48391b7d4dc7a,{}
ca61bf5795c725471106e755,Create one per month,Skapa en per månad,Timeshift,timeshift_sv.po,,Bilingual translation changed in reviewed commit: archive reviewed Swedish Timeshift translation,project-context,6d6fe81f2af292da0225613d,review-commit,https://github.com/yeager/translations/blob/c015913c3390d5eac47ac14504c5cf7eafc7d63f/Timeshift/timeshift_sv.po,bb0a39ffea487fd9074626c733b56be8af52fba95bd1f50c2eb48391b7d4dc7a,{}
caa28e1f89512d781e995cbe,Click to edit. Drag-drop to re-order.,Klicka för att redigera. Dra och släpp för att ändra ordningsföljd.,Timeshift,timeshift_sv.po,,Bilingual translation changed in reviewed commit: archive reviewed Swedish Timeshift translation,project-context,d3424fe8926769696b2be730,review-commit,https://github.com/yeager/translations/blob/c015913c3390d5eac47ac14504c5cf7eafc7d63f/Timeshift/timeshift_sv.po,bb0a39ffea487fd9074626c733b56be8af52fba95bd1f50c2eb48391b7d4dc7a,{}
cb3e564410466f3b5caf0ef0,Daily snapshots are enabled,Dagliga avbilder är aktiverade,Timeshift,timeshift_sv.po,,Bilingual translation changed in reviewed commit: archive reviewed Swedish Timeshift translation,project-context,ec990e32de1a352ff5fc46bb,review-commit,https://github.com/yeager/translations/blob/c015913c3390d5eac47ac14504c5cf7eafc7d63f/Timeshift/timeshift_sv.po,bb0a39ffea487fd9074626c733b56be8af52fba95bd1f50c2eb48391b7d4dc7a,{}
cb535f4cd3d583bac7c06948,Select backup device,Välj lagringsenhet för säkerhetskopior,Timeshift,timeshift_sv.po,,Bilingual translation changed in reviewed commit: archive reviewed Swedish Timeshift translation,project-context,7ac2d9d435bddca3eebfb4f1,review-commit,https://github.com/yeager/translations/blob/c015913c3390d5eac47ac14504c5cf7eafc7d63f/Timeshift/timeshift_sv.po,bb0a39ffea487fd9074626c733b56be8af52fba95bd1f50c2eb48391b7d4dc7a,{}
cb58dce554e83a5f06257307,Specify device for installing GRUB2 bootloader,Ange enhet för installation av starthanteraren GRUB2,Timeshift,timeshift_sv.po,,Bilingual translation changed in reviewed commit: archive reviewed Swedish Timeshift translation,project-context,94319f3067671516d98b729d,review-commit,https://github.com/yeager/translations/blob/c015913c3390d5eac47ac14504c5cf7eafc7d63f/Timeshift/timeshift_sv.po,bb0a39ffea487fd9074626c733b56be8af52fba95bd1f50c2eb48391b7d4dc7a,{}
cc0d7373af4ad0cc3da5b69b,Query completed,Begäran slutförd,Timeshift,timeshift_sv.po,,Bilingual translation changed in reviewed commit: archive reviewed Swedish Timeshift translation,project-context,8473d071e10a5d5a50cbb130,review-commit,https://github.com/yeager/translations/blob/c015913c3390d5eac47ac14504c5cf7eafc7d63f/Timeshift/timeshift_sv.po,bb0a39ffea487fd9074626c733b56be8af52fba95bd1f50c2eb48391b7d4dc7a,{}
cc53e63d558aaf2a215b012e,Update initramfs,Uppdatera initramfs,Timeshift,timeshift_sv.po,,Bilingual translation changed in reviewed commit: archive reviewed Swedish Timeshift translation,project-context,15f8973226ff5dc5969abccb,review-commit,https://github.com/yeager/translations/blob/c015913c3390d5eac47ac14504c5cf7eafc7d63f/Timeshift/timeshift_sv.po,bb0a39ffea487fd9074626c733b56be8af52fba95bd1f50c2eb48391b7d4dc7a,{}
cc61a2452426b3218c4ec1e7,App config saved,Programinställningar sparade,Timeshift,timeshift_sv.po,,Bilingual translation changed in reviewed commit: archive reviewed Swedish Timeshift translation,project-context,b4e19e3e0eae9d0e4b18893c,review-commit,https://github.com/yeager/translations/blob/c015913c3390d5eac47ac14504c5cf7eafc7d63f/Timeshift/timeshift_sv.po,bb0a39ffea487fd9074626c733b56be8af52fba95bd1f50c2eb48391b7d4dc7a,{}
cd0ffd04364272f008c0b0b5,Users,Användare,Timeshift,timeshift_sv.po,,Bilingual translation changed in reviewed commit: archive reviewed Swedish Timeshift translation,project-context,73a9ab009a52afa1b9767060,review-commit,https://github.com/yeager/translations/blob/c015913c3390d5eac47ac14504c5cf7eafc7d63f/Timeshift/timeshift_sv.po,bb0a39ffea487fd9074626c733b56be8af52fba95bd1f50c2eb48391b7d4dc7a,{}
ce47714df6bc1a146933584e,Generating initramfs...,Genererar initramfs…,Timeshift,timeshift_sv.po,,Bilingual translation changed in reviewed commit: archive reviewed Swedish Timeshift translation,project-context,36b534b052d8f54eeba0dd28,review-commit,https://github.com/yeager/translations/blob/c015913c3390d5eac47ac14504c5cf7eafc7d63f/Timeshift/timeshift_sv.po,bb0a39ffea487fd9074626c733b56be8af52fba95bd1f50c2eb48391b7d4dc7a,{}
ce5af220c67192dfd08db58a,Calculating required disk space...,Beräknar nödvändigt diskutrymme...,Timeshift,timeshift_sv.po,,Bilingual translation changed in reviewed commit: archive reviewed Swedish Timeshift translation,project-context,4577a6ef21bcd7b2dce436e5,review-commit,https://github.com/yeager/translations/blob/c015913c3390d5eac47ac14504c5cf7eafc7d63f/Timeshift/timeshift_sv.po,bb0a39ffea487fd9074626c733b56be8af52fba95bd1f50c2eb48391b7d4dc7a,{}
cfdb6ad0518af34275df8dfe,Failed to query subvolume list,Kunde inte begära undervolymslista,Timeshift,timeshift_sv.po,,Bilingual translation changed in reviewed commit: archive reviewed Swedish Timeshift translation,project-context,e475a8e6fbd8420d2612917c,review-commit,https://github.com/yeager/translations/blob/c015913c3390d5eac47ac14504c5cf7eafc7d63f/Timeshift/timeshift_sv.po,bb0a39ffea487fd9074626c733b56be8af52fba95bd1f50c2eb48391b7d4dc7a,{}
d035b964e0ada826efd6dcc7,Print version number,Skriv ut versionsnummer,Timeshift,timeshift_sv.po,,Bilingual translation changed in reviewed commit: archive reviewed Swedish Timeshift translation,project-context,f56e772494c61879e0694758,review-commit,https://github.com/yeager/translations/blob/c015913c3390d5eac47ac14504c5cf7eafc7d63f/Timeshift/timeshift_sv.po,bb0a39ffea487fd9074626c733b56be8af52fba95bd1f50c2eb48391b7d4dc7a,{}
d0af01a4918cbdb3c01e2d55,Specify backup device (default: config),Ange säkerhetskopieringsenhet (standard: config),Timeshift,timeshift_sv.po,,Bilingual translation changed in reviewed commit: archive reviewed Swedish Timeshift translation,project-context,addebc55936e0c562e83995d,review-commit,https://github.com/yeager/translations/blob/c015913c3390d5eac47ac14504c5cf7eafc7d63f/Timeshift/timeshift_sv.po,bb0a39ffea487fd9074626c733b56be8af52fba95bd1f50c2eb48391b7d4dc7a,{}
d0e94b8265b76bca5d0bc580,Re-install GRUB2 bootloader?,Vill du installera om GRUB2 starthanterare?,Timeshift,timeshift_sv.po,,Bilingual translation changed in reviewed commit: archive reviewed Swedish Timeshift translation,project-context,f9ebfd67b3d5c6f133953eca,review-commit,https://github.com/yeager/translations/blob/c015913c3390d5eac47ac14504c5cf7eafc7d63f/Timeshift/timeshift_sv.po,bb0a39ffea487fd9074626c733b56be8af52fba95bd1f50c2eb48391b7d4dc7a,{}
d1827be05700c45fcfe30c7f,Saving to device,Sparar på enhet,Timeshift,timeshift_sv.po,,Bilingual translation changed in reviewed commit: archive reviewed Swedish Timeshift translation,project-context,2e032eee5780a5369d011081,review-commit,https://github.com/yeager/translations/blob/c015913c3390d5eac47ac14504c5cf7eafc7d63f/Timeshift/timeshift_sv.po,bb0a39ffea487fd9074626c733b56be8af52fba95bd1f50c2eb48391b7d4dc7a,{}
d18331398e60ebb4a8e5a3f0,Estimating system size...,Beräknar systemstorlek...,Timeshift,timeshift_sv.po,,Bilingual translation changed in reviewed commit: archive reviewed Swedish Timeshift translation,project-context,8391d0dc48172be362d02ede,review-commit,https://github.com/yeager/translations/blob/c015913c3390d5eac47ac14504c5cf7eafc7d63f/Timeshift/timeshift_sv.po,bb0a39ffea487fd9074626c733b56be8af52fba95bd1f50c2eb48391b7d4dc7a,{}
d1d30b7d36c5dc4c93d762d0,Restored system subvolume,Återställde systemvolym,Timeshift,timeshift_sv.po,,Bilingual translation changed in reviewed commit: archive reviewed Swedish Timeshift translation,project-context,591a6e13bc45983771aaca11,review-commit,https://github.com/yeager/translations/blob/c015913c3390d5eac47ac14504c5cf7eafc7d63f/Timeshift/timeshift_sv.po,bb0a39ffea487fd9074626c733b56be8af52fba95bd1f50c2eb48391b7d4dc7a,{}
d1fa74bc6889df3cf64684ef,Misc,Diverse,Timeshift,timeshift_sv.po,,Bilingual translation changed in reviewed commit: archive reviewed Swedish Timeshift translation,project-context,088165c728fcf28f02f9870b,review-commit,https://github.com/yeager/translations/blob/c015913c3390d5eac47ac14504c5cf7eafc7d63f/Timeshift/timeshift_sv.po,bb0a39ffea487fd9074626c733b56be8af52fba95bd1f50c2eb48391b7d4dc7a,{}
d347872b48f279ac0bca6575,Home Directory,Hemkatalog,Timeshift,timeshift_sv.po,,Bilingual translation changed in reviewed commit: archive reviewed Swedish Timeshift translation,project-context,01fe18f7d78e4c62a3a5acd2,review-commit,https://github.com/yeager/translations/blob/c015913c3390d5eac47ac14504c5cf7eafc7d63f/Timeshift/timeshift_sv.po,bb0a39ffea487fd9074626c733b56be8af52fba95bd1f50c2eb48391b7d4dc7a,{}
d355f54369d7cf284ad12fa9,Monthly snapshot are enabled,Månadsavbilden är aktiverad,Timeshift,timeshift_sv.po,,Bilingual translation changed in reviewed commit: archive reviewed Swedish Timeshift translation,project-context,a10eb702f510a416dcee0c14,review-commit,https://github.com/yeager/translations/blob/c015913c3390d5eac47ac14504c5cf7eafc7d63f/Timeshift/timeshift_sv.po,bb0a39ffea487fd9074626c733b56be8af52fba95bd1f50c2eb48391b7d4dc7a,{}
d4a61df68f8f96a2a85c581e,Select Snapshot Location,Välj avbildsplats,Timeshift,timeshift_sv.po,,Bilingual translation changed in reviewed commit: archive reviewed Swedish Timeshift translation,project-context,597beb932026f1ff01c5281a,review-commit,https://github.com/yeager/translations/blob/c015913c3390d5eac47ac14504c5cf7eafc7d63f/Timeshift/timeshift_sv.po,bb0a39ffea487fd9074626c733b56be8af52fba95bd1f50c2eb48391b7d4dc7a,{}
d5ade092a7a2b2eff854a7da,Select Target Device,Välj målenhet,Timeshift,timeshift_sv.po,,Bilingual translation changed in reviewed commit: archive reviewed Swedish Timeshift translation,project-context,7d256bb1dd9298b79fd9cd6a,review-commit,https://github.com/yeager/translations/blob/c015913c3390d5eac47ac14504c5cf7eafc7d63f/Timeshift/timeshift_sv.po,bb0a39ffea487fd9074626c733b56be8af52fba95bd1f50c2eb48391b7d4dc7a,{}
d6546ae778e9b8f150f6f6b9,Snapshot location,Avbildsplats,Timeshift,timeshift_sv.po,,Bilingual translation changed in reviewed commit: archive reviewed Swedish Timeshift translation,project-context,5b606fddf87bfbe1cac3177d,review-commit,https://github.com/yeager/translations/blob/c015913c3390d5eac47ac14504c5cf7eafc7d63f/Timeshift/timeshift_sv.po,bb0a39ffea487fd9074626c733b56be8af52fba95bd1f50c2eb48391b7d4dc7a,{}
dad354c638ba0c88bf23cb87,Failed to delete symlinks,Kunde inte ta bort symboliska länkar,Timeshift,timeshift_sv.po,,Bilingual translation changed in reviewed commit: archive reviewed Swedish Timeshift translation,project-context,3aaf524e4660fa6a060b1747,review-commit,https://github.com/yeager/translations/blob/c015913c3390d5eac47ac14504c5cf7eafc7d63f/Timeshift/timeshift_sv.po,bb0a39ffea487fd9074626c733b56be8af52fba95bd1f50c2eb48391b7d4dc7a,{}
db27d3d02479165850f1c249,Symlinks updated,Symboliska länkar uppdaterade,Timeshift,timeshift_sv.po,,Bilingual translation changed in reviewed commit: archive reviewed Swedish Timeshift translation,project-context,6e7cae1366f554296bc7ecec,review-commit,https://github.com/yeager/translations/blob/c015913c3390d5eac47ac14504c5cf7eafc7d63f/Timeshift/timeshift_sv.po,bb0a39ffea487fd9074626c733b56be8af52fba95bd1f50c2eb48391b7d4dc7a,{}
dc021e017e541ebef7965dee,Added cron task,Lade till cron-åtgärd,Timeshift,timeshift_sv.po,,Bilingual translation changed in reviewed commit: archive reviewed Swedish Timeshift translation,project-context,023c9aa02814bd6dfc90d8f3,review-commit,https://github.com/yeager/translations/blob/c015913c3390d5eac47ac14504c5cf7eafc7d63f/Timeshift/timeshift_sv.po,bb0a39ffea487fd9074626c733b56be8af52fba95bd1f50c2eb48391b7d4dc7a,{}
dcb432e5845101ea99776284,Select directory,Välj mapp,Timeshift,timeshift_sv.po,,Bilingual translation changed in reviewed commit: archive reviewed Swedish Timeshift translation,project-context,25c33a072ef97fae8d9fcf27,review-commit,https://github.com/yeager/translations/blob/c015913c3390d5eac47ac14504c5cf7eafc7d63f/Timeshift/timeshift_sv.po,bb0a39ffea487fd9074626c733b56be8af52fba95bd1f50c2eb48391b7d4dc7a,{}
ddef20dd725d33941cf04089,Unknown value specified for option --tags,Okänt värde specificerat för alternativet --tags,Timeshift,timeshift_sv.po,,Bilingual translation changed in reviewed commit: archive reviewed Swedish Timeshift translation,project-context,eca918813bf2b6ed68ce8804,review-commit,https://github.com/yeager/translations/blob/c015913c3390d5eac47ac14504c5cf7eafc7d63f/Timeshift/timeshift_sv.po,bb0a39ffea487fd9074626c733b56be8af52fba95bd1f50c2eb48391b7d4dc7a,{}
de35347afecebe98e11d7d27,Removing,Tar bort,Timeshift,timeshift_sv.po,,Bilingual translation changed in reviewed commit: archive reviewed Swedish Timeshift translation,project-context,221f7c52d4c49f3a3cdd1fbd,review-commit,https://github.com/yeager/translations/blob/c015913c3390d5eac47ac14504c5cf7eafc7d63f/Timeshift/timeshift_sv.po,bb0a39ffea487fd9074626c733b56be8af52fba95bd1f50c2eb48391b7d4dc7a,{}
de3f519e0ff190579b59eb84,Snapshot,Avbild,Timeshift,timeshift_sv.po,,Bilingual translation changed in reviewed commit: archive reviewed Swedish Timeshift translation,project-context,c5aabe361b2f3548967d9960,review-commit,https://github.com/yeager/translations/blob/c015913c3390d5eac47ac14504c5cf7eafc7d63f/Timeshift/timeshift_sv.po,bb0a39ffea487fd9074626c733b56be8af52fba95bd1f50c2eb48391b7d4dc7a,{}
de733f686617515a6ebc00df,Destroyed qgroup,Borttagen qgrupp,Timeshift,timeshift_sv.po,,Bilingual translation changed in reviewed commit: archive reviewed Swedish Timeshift translation,project-context,d6488517dee2134f9cc3e4a9,review-commit,https://github.com/yeager/translations/blob/c015913c3390d5eac47ac14504c5cf7eafc7d63f/Timeshift/timeshift_sv.po,bb0a39ffea487fd9074626c733b56be8af52fba95bd1f50c2eb48391b7d4dc7a,{}
de8f7b204e9788429940ac44,Deleting subvolume,Tar bort undervolym,Timeshift,timeshift_sv.po,,Bilingual translation changed in reviewed commit: archive reviewed Swedish Timeshift translation,project-context,0ea9f00b3f1106ea3600eabb,review-commit,https://github.com/yeager/translations/blob/c015913c3390d5eac47ac14504c5cf7eafc7d63f/Timeshift/timeshift_sv.po,bb0a39ffea487fd9074626c733b56be8af52fba95bd1f50c2eb48391b7d4dc7a,{}
de98c0f41d94dba2c0ad4b79,Menu,Meny,Timeshift,timeshift_sv.po,,Bilingual translation changed in reviewed commit: archive reviewed Swedish Timeshift translation,project-context,0a4f8ef7f8053eb0fda0502a,review-commit,https://github.com/yeager/translations/blob/c015913c3390d5eac47ac14504c5cf7eafc7d63f/Timeshift/timeshift_sv.po,bb0a39ffea487fd9074626c733b56be8af52fba95bd1f50c2eb48391b7d4dc7a,{}
deda61d5cb94efd3427d2d72,Failed to remove,Kunde inte ta bort,Timeshift,timeshift_sv.po,,Bilingual translation changed in reviewed commit: archive reviewed Swedish Timeshift translation,project-context,a39988a7cd65519152d326ad,review-commit,https://github.com/yeager/translations/blob/c015913c3390d5eac47ac14504c5cf7eafc7d63f/Timeshift/timeshift_sv.po,bb0a39ffea487fd9074626c733b56be8af52fba95bd1f50c2eb48391b7d4dc7a,{}
df56039623f0ff174854df6f,Main window closed by user,Huvudfönstret stängdes av användaren,Timeshift,timeshift_sv.po,,Bilingual translation changed in reviewed commit: archive reviewed Swedish Timeshift translation,project-context,bffe952a54d4a45e4123ee4c,review-commit,https://github.com/yeager/translations/blob/c015913c3390d5eac47ac14504c5cf7eafc7d63f/Timeshift/timeshift_sv.po,bb0a39ffea487fd9074626c733b56be8af52fba95bd1f50c2eb48391b7d4dc7a,{}
e01897c8127ceb7f8571a220,Completed,Slutfört,Timeshift,timeshift_sv.po,,Bilingual translation changed in reviewed commit: archive reviewed Swedish Timeshift translation,project-context,c08d3fe802ee70e4d6dce9ed,review-commit,https://github.com/yeager/translations/blob/c015913c3390d5eac47ac14504c5cf7eafc7d63f/Timeshift/timeshift_sv.po,bb0a39ffea487fd9074626c733b56be8af52fba95bd1f50c2eb48391b7d4dc7a,{}
e0460a00c123c9ec88fb67b7,Failed to unmount device!,Kunde inte avmontera enhet!,Timeshift,timeshift_sv.po,,Bilingual translation changed in reviewed commit: archive reviewed Swedish Timeshift translation,project-context,4225854c258c1551b9e79bcb,review-commit,https://github.com/yeager/translations/blob/c015913c3390d5eac47ac14504c5cf7eafc7d63f/Timeshift/timeshift_sv.po,bb0a39ffea487fd9074626c733b56be8af52fba95bd1f50c2eb48391b7d4dc7a,{}
e0b4858bc27c3a211b521b53,Cloning system...,Klonar systemet ...,Timeshift,timeshift_sv.po,,Bilingual translation changed in reviewed commit: archive reviewed Swedish Timeshift translation,project-context,6409b366efe2b1886eea98fb,review-commit,https://github.com/yeager/translations/blob/c015913c3390d5eac47ac14504c5cf7eafc7d63f/Timeshift/timeshift_sv.po,bb0a39ffea487fd9074626c733b56be8af52fba95bd1f50c2eb48391b7d4dc7a,{}
e1a9a85cbef427ac1a681d91,Unshared,Ej delad,Timeshift,timeshift_sv.po,,Bilingual translation changed in reviewed commit: archive reviewed Swedish Timeshift translation,project-context,523887076aea644751fd7400,review-commit,https://github.com/yeager/translations/blob/c015913c3390d5eac47ac14504c5cf7eafc7d63f/Timeshift/timeshift_sv.po,bb0a39ffea487fd9074626c733b56be8af52fba95bd1f50c2eb48391b7d4dc7a,{}
e1b96edef8b16951406bb23b,Delete all snapshots,Ta bort alla avbilder,Timeshift,timeshift_sv.po,,Bilingual translation changed in reviewed commit: archive reviewed Swedish Timeshift translation,project-context,84d8c1f70967397aaf8e8b0c,review-commit,https://github.com/yeager/translations/blob/c015913c3390d5eac47ac14504c5cf7eafc7d63f/Timeshift/timeshift_sv.po,bb0a39ffea487fd9074626c733b56be8af52fba95bd1f50c2eb48391b7d4dc7a,{}
e2e2303dc755d341873e0ff5,Timeshift is active,Timeshift är aktiv,Timeshift,timeshift_sv.po,,Bilingual translation changed in reviewed commit: archive reviewed Swedish Timeshift translation,project-context,51f0b8cce9b98bbf8ffb8cd6,review-commit,https://github.com/yeager/translations/blob/c015913c3390d5eac47ac14504c5cf7eafc7d63f/Timeshift/timeshift_sv.po,bb0a39ffea487fd9074626c733b56be8af52fba95bd1f50c2eb48391b7d4dc7a,{}
e35365053986ad825205383e,Removing snapshots,Tar bort avbilder,Timeshift,timeshift_sv.po,,Bilingual translation changed in reviewed commit: archive reviewed Swedish Timeshift translation,project-context,c21e62dddce09f36129b3da7,review-commit,https://github.com/yeager/translations/blob/c015913c3390d5eac47ac14504c5cf7eafc7d63f/Timeshift/timeshift_sv.po,bb0a39ffea487fd9074626c733b56be8af52fba95bd1f50c2eb48391b7d4dc7a,{}
e43002116a219d6e304426ea,Restore,Återställ,Timeshift,timeshift_sv.po,,Bilingual translation changed in reviewed commit: archive reviewed Swedish Timeshift translation,project-context,22340995f8bd422430458fa7,review-commit,https://github.com/yeager/translations/blob/c015913c3390d5eac47ac14504c5cf7eafc7d63f/Timeshift/timeshift_sv.po,bb0a39ffea487fd9074626c733b56be8af52fba95bd1f50c2eb48391b7d4dc7a,{}
e488191fa7c068e2686833aa,Add custom pattern,Lägg till anpassat mönster,Timeshift,timeshift_sv.po,,Bilingual translation changed in reviewed commit: archive reviewed Swedish Timeshift translation,project-context,59ff4a40254b46ab498737b6,review-commit,https://github.com/yeager/translations/blob/c015913c3390d5eac47ac14504c5cf7eafc7d63f/Timeshift/timeshift_sv.po,bb0a39ffea487fd9074626c733b56be8af52fba95bd1f50c2eb48391b7d4dc7a,{}
e4965f357c45f2994ea102d4,Refresh,Uppdatera,Timeshift,timeshift_sv.po,,Bilingual translation changed in reviewed commit: archive reviewed Swedish Timeshift translation,project-context,4628e435ca847377560e8800,review-commit,https://github.com/yeager/translations/blob/c015913c3390d5eac47ac14504c5cf7eafc7d63f/Timeshift/timeshift_sv.po,bb0a39ffea487fd9074626c733b56be8af52fba95bd1f50c2eb48391b7d4dc7a,{}
e4cbbd6248d04c5a51923e39,Linking from snapshot,Länkar från avbild,Timeshift,timeshift_sv.po,,Bilingual translation changed in reviewed commit: archive reviewed Swedish Timeshift translation,project-context,a8fab8447b0933b033944488,review-commit,https://github.com/yeager/translations/blob/c015913c3390d5eac47ac14504c5cf7eafc7d63f/Timeshift/timeshift_sv.po,bb0a39ffea487fd9074626c733b56be8af52fba95bd1f50c2eb48391b7d4dc7a,{}
e4cdcb536f684c4cb9b798ff,Create one per week,Skapa en per vecka,Timeshift,timeshift_sv.po,,Bilingual translation changed in reviewed commit: archive reviewed Swedish Timeshift translation,project-context,52d4d6e22aeac7dbbc59db87,review-commit,https://github.com/yeager/translations/blob/c015913c3390d5eac47ac14504c5cf7eafc7d63f/Timeshift/timeshift_sv.po,bb0a39ffea487fd9074626c733b56be8af52fba95bd1f50c2eb48391b7d4dc7a,{}
e56683db8abdd750099a5d09,Run in non-interactive mode,Kör i icke-interaktivt läge,Timeshift,timeshift_sv.po,,Bilingual translation changed in reviewed commit: archive reviewed Swedish Timeshift translation,project-context,02c0d6a0fcbe49584dd1c2c4,review-commit,https://github.com/yeager/translations/blob/c015913c3390d5eac47ac14504c5cf7eafc7d63f/Timeshift/timeshift_sv.po,bb0a39ffea487fd9074626c733b56be8af52fba95bd1f50c2eb48391b7d4dc7a,{}
e7d54a09f4b1e1bb0f992110,Hourly,Varje timme,Timeshift,timeshift_sv.po,,Bilingual translation changed in reviewed commit: archive reviewed Swedish Timeshift translation,project-context,263f1741ea90f4676d18f210,review-commit,https://github.com/yeager/translations/blob/c015913c3390d5eac47ac14504c5cf7eafc7d63f/Timeshift/timeshift_sv.po,bb0a39ffea487fd9074626c733b56be8af52fba95bd1f50c2eb48391b7d4dc7a,{}
e88f2ed99c6f830d360914a1,Select another device?,Vill du välja en annan enhet?,Timeshift,timeshift_sv.po,,Bilingual translation changed in reviewed commit: archive reviewed Swedish Timeshift translation,project-context,2e2127acbb66b6a96e2db25a,review-commit,https://github.com/yeager/translations/blob/c015913c3390d5eac47ac14504c5cf7eafc7d63f/Timeshift/timeshift_sv.po,bb0a39ffea487fd9074626c733b56be8af52fba95bd1f50c2eb48391b7d4dc7a,{}
e97f1645174d876c6aab2295,Delete selected snapshot,Ta bort markerad avbild,Timeshift,timeshift_sv.po,,Bilingual translation changed in reviewed commit: archive reviewed Swedish Timeshift translation,project-context,fd75bf8ebf611b0d081d6e27,review-commit,https://github.com/yeager/translations/blob/c015913c3390d5eac47ac14504c5cf7eafc7d63f/Timeshift/timeshift_sv.po,bb0a39ffea487fd9074626c733b56be8af52fba95bd1f50c2eb48391b7d4dc7a,{}
ea4fed96fa6cc2afe6137e41,Weekly snapshot failed!,Veckoavbild misslyckades!,Timeshift,timeshift_sv.po,,Bilingual translation changed in reviewed commit: archive reviewed Swedish Timeshift translation,project-context,5dd8151b45322aef61f8e2b0,review-commit,https://github.com/yeager/translations/blob/c015913c3390d5eac47ac14504c5cf7eafc7d63f/Timeshift/timeshift_sv.po,bb0a39ffea487fd9074626c733b56be8af52fba95bd1f50c2eb48391b7d4dc7a,{}
eb2ab10059ec6ed7223b35ec,Encrypted Device,Krypterad enhet,Timeshift,timeshift_sv.po,,Bilingual translation changed in reviewed commit: archive reviewed Swedish Timeshift translation,project-context,78539e2e6ed024d48cba7353,review-commit,https://github.com/yeager/translations/blob/c015913c3390d5eac47ac14504c5cf7eafc7d63f/Timeshift/timeshift_sv.po,bb0a39ffea487fd9074626c733b56be8af52fba95bd1f50c2eb48391b7d4dc7a,{}
eb435d1245b4a18b07e60493,Not enough disk space,Tillräckligt diskutrymme saknas,Timeshift,timeshift_sv.po,,Bilingual translation changed in reviewed commit: archive reviewed Swedish Timeshift translation,project-context,751d6762ccf992006e64bf7b,review-commit,https://github.com/yeager/translations/blob/c015913c3390d5eac47ac14504c5cf7eafc7d63f/Timeshift/timeshift_sv.po,bb0a39ffea487fd9074626c733b56be8af52fba95bd1f50c2eb48391b7d4dc7a,{}
ebb9dff9cc88fbbccb718a3d,all,alla,Timeshift,timeshift_sv.po,,Bilingual translation changed in reviewed commit: archive reviewed Swedish Timeshift translation,project-context,eb3f980be7f3f52e57e72c16,review-commit,https://github.com/yeager/translations/blob/c015913c3390d5eac47ac14504c5cf7eafc7d63f/Timeshift/timeshift_sv.po,bb0a39ffea487fd9074626c733b56be8af52fba95bd1f50c2eb48391b7d4dc7a,{}
ebd71dc43fba880e72434867,Warning,Varning,Timeshift,timeshift_sv.po,,Bilingual translation changed in reviewed commit: archive reviewed Swedish Timeshift translation,project-context,29ad6cf6b56ebd257397d3ea,review-commit,https://github.com/yeager/translations/blob/c015913c3390d5eac47ac14504c5cf7eafc7d63f/Timeshift/timeshift_sv.po,bb0a39ffea487fd9074626c733b56be8af52fba95bd1f50c2eb48391b7d4dc7a,{}
ec3370cba2f41b18e9fd372d,Invalid command line arguments,Ogiltigt kommandoradsargument,Timeshift,timeshift_sv.po,,Bilingual translation changed in reviewed commit: archive reviewed Swedish Timeshift translation,project-context,3692977ea97d3c44b8979aa5,review-commit,https://github.com/yeager/translations/blob/c015913c3390d5eac47ac14504c5cf7eafc7d63f/Timeshift/timeshift_sv.po,bb0a39ffea487fd9074626c733b56be8af52fba95bd1f50c2eb48391b7d4dc7a,{}
ec53a4c32bb5208f46d12482,Could not find system subvolume,Kunde inte hitta systemvolym,Timeshift,timeshift_sv.po,,Bilingual translation changed in reviewed commit: archive reviewed Swedish Timeshift translation,project-context,f6b42d1c690ac0af8ce7a9ee,review-commit,https://github.com/yeager/translations/blob/c015913c3390d5eac47ac14504c5cf7eafc7d63f/Timeshift/timeshift_sv.po,bb0a39ffea487fd9074626c733b56be8af52fba95bd1f50c2eb48391b7d4dc7a,{}
ec6a82e2ffacef128970a64b,Select applications to exclude from restore,Välj program att undantas vid återställning,Timeshift,timeshift_sv.po,,Bilingual translation changed in reviewed commit: archive reviewed Swedish Timeshift translation,project-context,f4d51eba5b11d691d1e441a2,review-commit,https://github.com/yeager/translations/blob/c015913c3390d5eac47ac14504c5cf7eafc7d63f/Timeshift/timeshift_sv.po,bb0a39ffea487fd9074626c733b56be8af52fba95bd1f50c2eb48391b7d4dc7a,{}
ec8382485b440d4d08ac9e85,Cancel,Avbryt,Timeshift,timeshift_sv.po,,Bilingual translation changed in reviewed commit: archive reviewed Swedish Timeshift translation,project-context,45da64434e47240e67712c91,review-commit,https://github.com/yeager/translations/blob/c015913c3390d5eac47ac14504c5cf7eafc7d63f/Timeshift/timeshift_sv.po,bb0a39ffea487fd9074626c733b56be8af52fba95bd1f50c2eb48391b7d4dc7a,{}
eda236f61a799a9d45895fda,Setup Complete,Inställning slutförd,Timeshift,timeshift_sv.po,,Bilingual translation changed in reviewed commit: archive reviewed Swedish Timeshift translation,project-context,ea2911e8c604df8589447786,review-commit,https://github.com/yeager/translations/blob/c015913c3390d5eac47ac14504c5cf7eafc7d63f/Timeshift/timeshift_sv.po,bb0a39ffea487fd9074626c733b56be8af52fba95bd1f50c2eb48391b7d4dc7a,{}
edd0a768d2a15479d4177c95,Partition has an unsupported subvolume layout.,Partitionen har en undervolymlayout som inte stöds.,Timeshift,timeshift_sv.po,,Bilingual translation changed in reviewed commit: archive reviewed Swedish Timeshift translation,project-context,18597dc9bf1ffb2e82ed6c61,review-commit,https://github.com/yeager/translations/blob/c015913c3390d5eac47ac14504c5cf7eafc7d63f/Timeshift/timeshift_sv.po,bb0a39ffea487fd9074626c733b56be8af52fba95bd1f50c2eb48391b7d4dc7a,{}
edeb95990750d83865da56d2,Close,Stäng,Timeshift,timeshift_sv.po,,Bilingual translation changed in reviewed commit: archive reviewed Swedish Timeshift translation,project-context,8b7762edc206ad11c7dd9f06,review-commit,https://github.com/yeager/translations/blob/c015913c3390d5eac47ac14504c5cf7eafc7d63f/Timeshift/timeshift_sv.po,bb0a39ffea487fd9074626c733b56be8af52fba95bd1f50c2eb48391b7d4dc7a,{}
ee9f9548b7059ff4266c2497,Select snapshots to delete,Välj avbilder för borttagning,Timeshift,timeshift_sv.po,,Bilingual translation changed in reviewed commit: archive reviewed Swedish Timeshift translation,project-context,4fcd8b2f6ffb450f1fe28193,review-commit,https://github.com/yeager/translations/blob/c015913c3390d5eac47ac14504c5cf7eafc7d63f/Timeshift/timeshift_sv.po,bb0a39ffea487fd9074626c733b56be8af52fba95bd1f50c2eb48391b7d4dc7a,{}
f0d7beb8ef4d86d54ab065fd,List devices,Lista enheter,Timeshift,timeshift_sv.po,,Bilingual translation changed in reviewed commit: archive reviewed Swedish Timeshift translation,project-context,b983e0015d72c203796f5671,review-commit,https://github.com/yeager/translations/blob/c015913c3390d5eac47ac14504c5cf7eafc7d63f/Timeshift/timeshift_sv.po,bb0a39ffea487fd9074626c733b56be8af52fba95bd1f50c2eb48391b7d4dc7a,{}
f0dba9ca4d7255e6438891fe,Selected snapshot is marked for deletion,Den valda avbilden är markerad för borttagning,Timeshift,timeshift_sv.po,,Bilingual translation changed in reviewed commit: archive reviewed Swedish Timeshift translation,project-context,e8737553f0a59c2f7864837c,review-commit,https://github.com/yeager/translations/blob/c015913c3390d5eac47ac14504c5cf7eafc7d63f/Timeshift/timeshift_sv.po,bb0a39ffea487fd9074626c733b56be8af52fba95bd1f50c2eb48391b7d4dc7a,{}
f118ab8c139cdf13102bf051,incomplete,ej slutförd,Timeshift,timeshift_sv.po,,Bilingual translation changed in reviewed commit: archive reviewed Swedish Timeshift translation,project-context,412c98d6f8d0b9244735b032,review-commit,https://github.com/yeager/translations/blob/c015913c3390d5eac47ac14504c5cf7eafc7d63f/Timeshift/timeshift_sv.po,bb0a39ffea487fd9074626c733b56be8af52fba95bd1f50c2eb48391b7d4dc7a,{}
f14a2f423f5fb262817aa0fc,Restore Device,Återställningsenhet,Timeshift,timeshift_sv.po,,Bilingual translation changed in reviewed commit: archive reviewed Swedish Timeshift translation,project-context,c7a4b2ca83ca6aba32797e17,review-commit,https://github.com/yeager/translations/blob/c015913c3390d5eac47ac14504c5cf7eafc7d63f/Timeshift/timeshift_sv.po,bb0a39ffea487fd9074626c733b56be8af52fba95bd1f50c2eb48391b7d4dc7a,{}
f2334de4e16631dc45b762aa,Unsupported Subvolume Layout,Undervolymslayout som inte stöds,Timeshift,timeshift_sv.po,,Bilingual translation changed in reviewed commit: archive reviewed Swedish Timeshift translation,project-context,ad0df87cf6d9dae0d9888628,review-commit,https://github.com/yeager/translations/blob/c015913c3390d5eac47ac14504c5cf7eafc7d63f/Timeshift/timeshift_sv.po,bb0a39ffea487fd9074626c733b56be8af52fba95bd1f50c2eb48391b7d4dc7a,{}
f32ce7d69e984b9ec84f703c,Disclaimer,Ansvarsfriskrivning,Timeshift,timeshift_sv.po,,Bilingual translation changed in reviewed commit: archive reviewed Swedish Timeshift translation,project-context,7b0795803dc1159931e2d99b,review-commit,https://github.com/yeager/translations/blob/c015913c3390d5eac47ac14504c5cf7eafc7d63f/Timeshift/timeshift_sv.po,bb0a39ffea487fd9074626c733b56be8af52fba95bd1f50c2eb48391b7d4dc7a,{}
f3f25755c324121c5fbb240e,Specify target device,Ange målenhet,Timeshift,timeshift_sv.po,,Bilingual translation changed in reviewed commit: archive reviewed Swedish Timeshift translation,project-context,25a2a8c69cf6e18709c5315f,review-commit,https://github.com/yeager/translations/blob/c015913c3390d5eac47ac14504c5cf7eafc7d63f/Timeshift/timeshift_sv.po,bb0a39ffea487fd9074626c733b56be8af52fba95bd1f50c2eb48391b7d4dc7a,{}
f4a80519f83d0ac89b794520,With Errors,Med fel,Timeshift,timeshift_sv.po,,Bilingual translation changed in reviewed commit: archive reviewed Swedish Timeshift translation,project-context,6adaece25eb0c0d49ee4010b,review-commit,https://github.com/yeager/translations/blob/c015913c3390d5eac47ac14504c5cf7eafc7d63f/Timeshift/timeshift_sv.po,bb0a39ffea487fd9074626c733b56be8af52fba95bd1f50c2eb48391b7d4dc7a,{}
f4fa309c82e718fddd44670e,Print debug information,Skriv ut felsökningsinfo,Timeshift,timeshift_sv.po,,Bilingual translation changed in reviewed commit: archive reviewed Swedish Timeshift translation,project-context,ebbac64bd6bfcb6937b26b36,review-commit,https://github.com/yeager/translations/blob/c015913c3390d5eac47ac14504c5cf7eafc7d63f/Timeshift/timeshift_sv.po,bb0a39ffea487fd9074626c733b56be8af52fba95bd1f50c2eb48391b7d4dc7a,{}
f6c1c51f41b6e789ddbd59c8,Settings wizard,Inställningsguide,Timeshift,timeshift_sv.po,,Bilingual translation changed in reviewed commit: archive reviewed Swedish Timeshift translation,project-context,6c89fe297ffb9788ae9a5dda,review-commit,https://github.com/yeager/translations/blob/c015913c3390d5eac47ac14504c5cf7eafc7d63f/Timeshift/timeshift_sv.po,bb0a39ffea487fd9074626c733b56be8af52fba95bd1f50c2eb48391b7d4dc7a,{}
f7258064726349761c5474e6,Add directories,Lägg till mappar,Timeshift,timeshift_sv.po,,Bilingual translation changed in reviewed commit: archive reviewed Swedish Timeshift translation,project-context,31748d47d97ffa2a131ad05e,review-commit,https://github.com/yeager/translations/blob/c015913c3390d5eac47ac14504c5cf7eafc7d63f/Timeshift/timeshift_sv.po,bb0a39ffea487fd9074626c733b56be8af52fba95bd1f50c2eb48391b7d4dc7a,{}
f7323333ce2c00485c83154d,Invalid snapshot,Ogiltig avbild,Timeshift,timeshift_sv.po,,Bilingual translation changed in reviewed commit: archive reviewed Swedish Timeshift translation,project-context,25d44382c74e023a06071f25,review-commit,https://github.com/yeager/translations/blob/c015913c3390d5eac47ac14504c5cf7eafc7d63f/Timeshift/timeshift_sv.po,bb0a39ffea487fd9074626c733b56be8af52fba95bd1f50c2eb48391b7d4dc7a,{}
f7422fcf8b832b9c6bf2b7cb,Deleted subvolume,Tog bort undervolym,Timeshift,timeshift_sv.po,,Bilingual translation changed in reviewed commit: archive reviewed Swedish Timeshift translation,project-context,e3f7150a9a12f410ae784f37,review-commit,https://github.com/yeager/translations/blob/c015913c3390d5eac47ac14504c5cf7eafc7d63f/Timeshift/timeshift_sv.po,bb0a39ffea487fd9074626c733b56be8af52fba95bd1f50c2eb48391b7d4dc7a,{}
fb8a97d2484a77b1340d6d82,Boot snapshot failed!,Startavbilden misslyckades!,Timeshift,timeshift_sv.po,,Bilingual translation changed in reviewed commit: archive reviewed Swedish Timeshift translation,project-context,d59650985e349b8fd938f0e7,review-commit,https://github.com/yeager/translations/blob/c015913c3390d5eac47ac14504c5cf7eafc7d63f/Timeshift/timeshift_sv.po,bb0a39ffea487fd9074626c733b56be8af52fba95bd1f50c2eb48391b7d4dc7a,{}
fc15840b6acc87d9b0ac087a,Group,Grupp,Timeshift,timeshift_sv.po,,Bilingual translation changed in reviewed commit: archive reviewed Swedish Timeshift translation,project-context,4985b54f87a68a0e1aeb577e,review-commit,https://github.com/yeager/translations/blob/c015913c3390d5eac47ac14504c5cf7eafc7d63f/Timeshift/timeshift_sv.po,bb0a39ffea487fd9074626c733b56be8af52fba95bd1f50c2eb48391b7d4dc7a,{}
fd69b04739b94cb3bddfb5d9,Mark/Unmark for Deletion,Markera/Avmarkera för borttagning,Timeshift,timeshift_sv.po,,Bilingual translation changed in reviewed commit: archive reviewed Swedish Timeshift translation,project-context,7ce6c714f1fa05139b547d3b,review-commit,https://github.com/yeager/translations/blob/c015913c3390d5eac47ac14504c5cf7eafc7d63f/Timeshift/timeshift_sv.po,bb0a39ffea487fd9074626c733b56be8af52fba95bd1f50c2eb48391b7d4dc7a,{}
fe49ecc95437730c36ab238c,Failed to delete file,Kunde inte ta bort fil,Timeshift,timeshift_sv.po,,Bilingual translation changed in reviewed commit: archive reviewed Swedish Timeshift translation,project-context,38119475788498d39660a377,review-commit,https://github.com/yeager/translations/blob/c015913c3390d5eac47ac14504c5cf7eafc7d63f/Timeshift/timeshift_sv.po,bb0a39ffea487fd9074626c733b56be8af52fba95bd1f50c2eb48391b7d4dc7a,{}
ff89a2b86d34cee48dd76203,Browse selected snapshot,Bläddra i markerad avbild,Timeshift,timeshift_sv.po,,Bilingual translation changed in reviewed commit: archive reviewed Swedish Timeshift translation,project-context,1764d1ae869ec3f0ecd34aa4,review-commit,https://github.com/yeager/translations/blob/c015913c3390d5eac47ac14504c5cf7eafc7d63f/Timeshift/timeshift_sv.po,bb0a39ffea487fd9074626c733b56be8af52fba95bd1f50c2eb48391b7d4dc7a,{}
