id,source,canonical,project,component,context,note,scope,review_id,publication_status,reference,evidence_sha256,source_evidence
0040afa10ff16723cfd77464,interval_milliseconds,millisekunder,UrBackup,urbackup-webinterface-sv.po,,Bilingual translation changed in reviewed commit: Review Swedish UrBackup web interface translation,project-context,bf89bb3774f5f819bb23d632,review-commit,https://github.com/yeager/translations/blob/99b199024cc1bbdcb6446e82832e120cfaec8efd/UrBackup/urbackup-webinterface-sv.po,1a0e96dff28933e8e7995fae2cf07b80314883956cbb69a8ceaabc64f55f536e,{}
004ed24099e7e326d0ee40ab,tPreparing restore. Please be patient...,Förbereder återställning. Var god vänta...,UrBackup,urbackup-webinterface-sv.po,,Bilingual translation changed in reviewed commit: Review Swedish UrBackup web interface translation,project-context,f6e1a47c40c29e3b29b288fe,review-commit,https://github.com/yeager/translations/blob/99b199024cc1bbdcb6446e82832e120cfaec8efd/UrBackup/urbackup-webinterface-sv.po,1a0e96dff28933e8e7995fae2cf07b80314883956cbb69a8ceaabc64f55f536e,{}
0066d7169198260ce172fd96,tArchival setting from group,Arkiveringsinställning från grupp,UrBackup,urbackup-webinterface-sv.po,,Bilingual translation changed in reviewed commit: Review Swedish UrBackup web interface translation,project-context,2f3e8bd829f20e194d74d721,review-commit,https://github.com/yeager/translations/blob/99b199024cc1bbdcb6446e82832e120cfaec8efd/UrBackup/urbackup-webinterface-sv.po,1a0e96dff28933e8e7995fae2cf07b80314883956cbb69a8ceaabc64f55f536e,{}
01003a3188a3a4034eeed472,tAutomatically shut down server,Stäng automatiskt av servern,UrBackup,urbackup-webinterface-sv.po,,Bilingual translation changed in reviewed commit: Review Swedish UrBackup web interface translation,project-context,8cb968f73b7d233890d012ae,review-commit,https://github.com/yeager/translations/blob/99b199024cc1bbdcb6446e82832e120cfaec8efd/UrBackup/urbackup-webinterface-sv.po,1a0e96dff28933e8e7995fae2cf07b80314883956cbb69a8ceaabc64f55f536e,{}
0143cd46753fe178ec9bd256,tFile backup status,Filbackup status,UrBackup,urbackup-webinterface-sv.po,,Bilingual translation changed in reviewed commit: Review Swedish UrBackup web interface translation,project-context,1aabeb531fcf0d9e76f8db9e,review-commit,https://github.com/yeager/translations/blob/99b199024cc1bbdcb6446e82832e120cfaec8efd/UrBackup/urbackup-webinterface-sv.po,1a0e96dff28933e8e7995fae2cf07b80314883956cbb69a8ceaabc64f55f536e,{}
01d35f9b967e77c46724177c,tEnable logins via LDAP/AD,Tillåt login via LDAP/AD,UrBackup,urbackup-webinterface-sv.po,,Bilingual translation changed in reviewed commit: Review Swedish UrBackup web interface translation,project-context,aaae797911f019ebe49ceba9,review-commit,https://github.com/yeager/translations/blob/99b199024cc1bbdcb6446e82832e120cfaec8efd/UrBackup/urbackup-webinterface-sv.po,1a0e96dff28933e8e7995fae2cf07b80314883956cbb69a8ceaabc64f55f536e,{}
01d648e2023cd3e878846fc3,tLDAP/AD group key name in query,LDAP / AD-gruppnamn i förfrågan,UrBackup,urbackup-webinterface-sv.po,,Bilingual translation changed in reviewed commit: Review Swedish UrBackup web interface translation,project-context,948a11bbfc51a439684f3e81,review-commit,https://github.com/yeager/translations/blob/99b199024cc1bbdcb6446e82832e120cfaec8efd/UrBackup/urbackup-webinterface-sv.po,1a0e96dff28933e8e7995fae2cf07b80314883956cbb69a8ceaabc64f55f536e,{}
020c5b0f5324cca882075874,tError while accessing backups,Fel vid åtkomst av backuper.,UrBackup,urbackup-webinterface-sv.po,,Bilingual translation changed in reviewed commit: Review Swedish UrBackup web interface translation,project-context,8aa5f95ecaea989f1ac961bd,review-commit,https://github.com/yeager/translations/blob/99b199024cc1bbdcb6446e82832e120cfaec8efd/UrBackup/urbackup-webinterface-sv.po,1a0e96dff28933e8e7995fae2cf07b80314883956cbb69a8ceaabc64f55f536e,{}
02c0d4412239131f25eb6043,tClient name,Klient namn ,UrBackup,urbackup-webinterface-sv.po,,Bilingual translation changed in reviewed commit: Review Swedish UrBackup web interface translation,project-context,2da3c679ab7329d0eb584a5a,review-commit,https://github.com/yeager/translations/blob/99b199024cc1bbdcb6446e82832e120cfaec8efd/UrBackup/urbackup-webinterface-sv.po,1a0e96dff28933e8e7995fae2cf07b80314883956cbb69a8ceaabc64f55f536e,{}
0346e51f276339e5306e0a94,tMount image,Montera diskavbildsbackup ,UrBackup,urbackup-webinterface-sv.po,,Bilingual translation changed in reviewed commit: Review Swedish UrBackup web interface translation,project-context,8d2c75b55cfbdc0076ec3295,review-commit,https://github.com/yeager/translations/blob/99b199024cc1bbdcb6446e82832e120cfaec8efd/UrBackup/urbackup-webinterface-sv.po,1a0e96dff28933e8e7995fae2cf07b80314883956cbb69a8ceaabc64f55f536e,{}
03a83f221ea51f84baf77b1f,delete_err,Fel vid markering av säkerhetskopia för radering:,UrBackup,urbackup-webinterface-sv.po,,Bilingual translation changed in reviewed commit: Review Swedish UrBackup web interface translation,project-context,22c536deccbc65bbd943fc9b,review-commit,https://github.com/yeager/translations/blob/99b199024cc1bbdcb6446e82832e120cfaec8efd/UrBackup/urbackup-webinterface-sv.po,1a0e96dff28933e8e7995fae2cf07b80314883956cbb69a8ceaabc64f55f536e,{}
03b97f1e0500ae109e61abd7,tMessage,Meddelande,UrBackup,urbackup-webinterface-sv.po,,Bilingual translation changed in reviewed commit: Review Swedish UrBackup web interface translation,project-context,226157e3b19209298bd351e0,review-commit,https://github.com/yeager/translations/blob/99b199024cc1bbdcb6446e82832e120cfaec8efd/UrBackup/urbackup-webinterface-sv.po,1a0e96dff28933e8e7995fae2cf07b80314883956cbb69a8ceaabc64f55f536e,{}
03ef86e177b3f74e14e9733a,tServer,Server,UrBackup,urbackup-webinterface-sv.po,,Bilingual translation changed in reviewed commit: Review Swedish UrBackup web interface translation,project-context,cf602552f1954d53da8aa8bc,review-commit,https://github.com/yeager/translations/blob/99b199024cc1bbdcb6446e82832e120cfaec8efd/UrBackup/urbackup-webinterface-sv.po,1a0e96dff28933e8e7995fae2cf07b80314883956cbb69a8ceaabc64f55f536e,{}
040bb009fa20772d14a8dee7,tInteger,Integer,UrBackup,urbackup-webinterface-sv.po,,Bilingual translation changed in reviewed commit: Review Swedish UrBackup web interface translation,project-context,63a4f695b3a3c5963b25c1dd,review-commit,https://github.com/yeager/translations/blob/99b199024cc1bbdcb6446e82832e120cfaec8efd/UrBackup/urbackup-webinterface-sv.po,1a0e96dff28933e8e7995fae2cf07b80314883956cbb69a8ceaabc64f55f536e,{}
042205a424e43361041c6fe1,tStarting time,Starttid ,UrBackup,urbackup-webinterface-sv.po,,Bilingual translation changed in reviewed commit: Review Swedish UrBackup web interface translation,project-context,fe52dc1e99b81597b1787121,review-commit,https://github.com/yeager/translations/blob/99b199024cc1bbdcb6446e82832e120cfaec8efd/UrBackup/urbackup-webinterface-sv.po,1a0e96dff28933e8e7995fae2cf07b80314883956cbb69a8ceaabc64f55f536e,{}
042b0eb90aba402d66255587,tNew domain,Ny domän,UrBackup,urbackup-webinterface-sv.po,,Bilingual translation changed in reviewed commit: Review Swedish UrBackup web interface translation,project-context,17f4b090b9b5dac5ba80f0cb,review-commit,https://github.com/yeager/translations/blob/99b199024cc1bbdcb6446e82832e120cfaec8efd/UrBackup/urbackup-webinterface-sv.po,1a0e96dff28933e8e7995fae2cf07b80314883956cbb69a8ceaabc64f55f536e,{}
054cdaeedcc0337a3ee8e9d1,tAdd parameter,Lägg till parameter,UrBackup,urbackup-webinterface-sv.po,,Bilingual translation changed in reviewed commit: Review Swedish UrBackup web interface translation,project-context,9aff21ec56ccaecd9d4726ee,review-commit,https://github.com/yeager/translations/blob/99b199024cc1bbdcb6446e82832e120cfaec8efd/UrBackup/urbackup-webinterface-sv.po,1a0e96dff28933e8e7995fae2cf07b80314883956cbb69a8ceaabc64f55f536e,{}
058f065caed7c0d59cc50999,client_starting_up,Startar klienten,UrBackup,urbackup-webinterface-sv.po,,Bilingual translation changed in reviewed commit: Review Swedish UrBackup web interface translation,project-context,be3fe0faeab7efa2f1eb4c69,review-commit,https://github.com/yeager/translations/blob/99b199024cc1bbdcb6446e82832e120cfaec8efd/UrBackup/urbackup-webinterface-sv.po,1a0e96dff28933e8e7995fae2cf07b80314883956cbb69a8ceaabc64f55f536e,{}
05990ee8c89ae15059731fb8,tEncrypted Internet/active transfer,Krypterad internet-/aktiv överföring,UrBackup,urbackup-webinterface-sv.po,,Bilingual translation changed in reviewed commit: Review Swedish UrBackup web interface translation,project-context,d8725a5c7217b06fae1f0b34,review-commit,https://github.com/yeager/translations/blob/99b199024cc1bbdcb6446e82832e120cfaec8efd/UrBackup/urbackup-webinterface-sv.po,1a0e96dff28933e8e7995fae2cf07b80314883956cbb69a8ceaabc64f55f536e,{}
06342c172bc9c08677892609,tDownload client for Mac OS X,Ladda ner klient för Max OS X,UrBackup,urbackup-webinterface-sv.po,,Bilingual translation changed in reviewed commit: Review Swedish UrBackup web interface translation,project-context,0dd01cd7401763bf69c9bdb4,review-commit,https://github.com/yeager/translations/blob/99b199024cc1bbdcb6446e82832e120cfaec8efd/UrBackup/urbackup-webinterface-sv.po,1a0e96dff28933e8e7995fae2cf07b80314883956cbb69a8ceaabc64f55f536e,{}
06961dcce555cdb38088b7eb,really_del_user,Vill du verkligen ta bort denna användare?,UrBackup,urbackup-webinterface-sv.po,,Bilingual translation changed in reviewed commit: Review Swedish UrBackup web interface translation,project-context,670e23626d27eb3ec6f9033c,review-commit,https://github.com/yeager/translations/blob/99b199024cc1bbdcb6446e82832e120cfaec8efd/UrBackup/urbackup-webinterface-sv.po,1a0e96dff28933e8e7995fae2cf07b80314883956cbb69a8ceaabc64f55f536e,{}
07932a1568f7f4e4afea857c,ident_err,Servern avvisade,UrBackup,urbackup-webinterface-sv.po,,Bilingual translation changed in reviewed commit: Review Swedish UrBackup web interface translation,project-context,e2903ae520d168dc1ee5c9ef,review-commit,https://github.com/yeager/translations/blob/99b199024cc1bbdcb6446e82832e120cfaec8efd/UrBackup/urbackup-webinterface-sv.po,1a0e96dff28933e8e7995fae2cf07b80314883956cbb69a8ceaabc64f55f536e,{}
079ae5fb7b9bc8b8b45d7686,week,veckor,UrBackup,urbackup-webinterface-sv.po,,Bilingual translation changed in reviewed commit: Review Swedish UrBackup web interface translation,project-context,da59d1205f4c9438190fe8ce,review-commit,https://github.com/yeager/translations/blob/99b199024cc1bbdcb6446e82832e120cfaec8efd/UrBackup/urbackup-webinterface-sv.po,1a0e96dff28933e8e7995fae2cf07b80314883956cbb69a8ceaabc64f55f536e,{}
07d122bacbf51e9b8081c562,tInternet incremental file backup transfer mode,Internet inkrementell filbackup överföringsläge,UrBackup,urbackup-webinterface-sv.po,,Bilingual translation changed in reviewed commit: Review Swedish UrBackup web interface translation,project-context,c42252a9119605b6fe2a2724,review-commit,https://github.com/yeager/translations/blob/99b199024cc1bbdcb6446e82832e120cfaec8efd/UrBackup/urbackup-webinterface-sv.po,1a0e96dff28933e8e7995fae2cf07b80314883956cbb69a8ceaabc64f55f536e,{}
07d7a56283374e370715da8d,tBackup window,Backuptidpunkt,UrBackup,urbackup-webinterface-sv.po,,Bilingual translation changed in reviewed commit: Review Swedish UrBackup web interface translation,project-context,5705e5731a33cbf8a6640c81,review-commit,https://github.com/yeager/translations/blob/99b199024cc1bbdcb6446e82832e120cfaec8efd/UrBackup/urbackup-webinterface-sv.po,1a0e96dff28933e8e7995fae2cf07b80314883956cbb69a8ceaabc64f55f536e,{}
07f1f8019f6873bcc526f253,tBackup window for full file backups,Tidsintervall för komplett filbackup,UrBackup,urbackup-webinterface-sv.po,,Bilingual translation changed in reviewed commit: Review Swedish UrBackup web interface translation,project-context,371f07beb4bc0dab9aee7f57,review-commit,https://github.com/yeager/translations/blob/99b199024cc1bbdcb6446e82832e120cfaec8efd/UrBackup/urbackup-webinterface-sv.po,1a0e96dff28933e8e7995fae2cf07b80314883956cbb69a8ceaabc64f55f536e,{}
0933e985b372437fdfaae9e6,tServer admin mail address,Serveradmin mejladress,UrBackup,urbackup-webinterface-sv.po,,Bilingual translation changed in reviewed commit: Review Swedish UrBackup web interface translation,project-context,5eb56eb557c488d81c111205,review-commit,https://github.com/yeager/translations/blob/99b199024cc1bbdcb6446e82832e120cfaec8efd/UrBackup/urbackup-webinterface-sv.po,1a0e96dff28933e8e7995fae2cf07b80314883956cbb69a8ceaabc64f55f536e,{}
0bbe1a08aa5f6747ff8aded6,tAdd new Internet client/client behind NAT,Lägg till ny klient/ny klient bakom NAT,UrBackup,urbackup-webinterface-sv.po,,Bilingual translation changed in reviewed commit: Review Swedish UrBackup web interface translation,project-context,b49f22f17f6ea92594da6e1d,review-commit,https://github.com/yeager/translations/blob/99b199024cc1bbdcb6446e82832e120cfaec8efd/UrBackup/urbackup-webinterface-sv.po,1a0e96dff28933e8e7995fae2cf07b80314883956cbb69a8ceaabc64f55f536e,{}
0bd0cee599021c934a8c8f2c,tClient added successfully,Klient lades till.,UrBackup,urbackup-webinterface-sv.po,,Bilingual translation changed in reviewed commit: Review Swedish UrBackup web interface translation,project-context,890e85dd8a54a15d9ac63ec7,review-commit,https://github.com/yeager/translations/blob/99b199024cc1bbdcb6446e82832e120cfaec8efd/UrBackup/urbackup-webinterface-sv.po,1a0e96dff28933e8e7995fae2cf07b80314883956cbb69a8ceaabc64f55f536e,{}
0ca6bd6d7df16fe49e2316d2,tMaximal number of full image backups,Högsta antal kompletta diskbackuper,UrBackup,urbackup-webinterface-sv.po,,Bilingual translation changed in reviewed commit: Review Swedish UrBackup web interface translation,project-context,3eb6535d231a171508629d28,review-commit,https://github.com/yeager/translations/blob/99b199024cc1bbdcb6446e82832e120cfaec8efd/UrBackup/urbackup-webinterface-sv.po,1a0e96dff28933e8e7995fae2cf07b80314883956cbb69a8ceaabc64f55f536e,{}
0deddf523ec6086bc4238f49,tGroup,Grupp,UrBackup,urbackup-webinterface-sv.po,,Bilingual translation changed in reviewed commit: Review Swedish UrBackup web interface translation,project-context,33f96b53836f89257c125e74,review-commit,https://github.com/yeager/translations/blob/99b199024cc1bbdcb6446e82832e120cfaec8efd/UrBackup/urbackup-webinterface-sv.po,1a0e96dff28933e8e7995fae2cf07b80314883956cbb69a8ceaabc64f55f536e,{}
0e153f661b74bf4495025126,tStorage usage of,Lagringsanvändande för,UrBackup,urbackup-webinterface-sv.po,,Bilingual translation changed in reviewed commit: Review Swedish UrBackup web interface translation,project-context,41f7c34b6d2e9c115b2445e2,review-commit,https://github.com/yeager/translations/blob/99b199024cc1bbdcb6446e82832e120cfaec8efd/UrBackup/urbackup-webinterface-sv.po,1a0e96dff28933e8e7995fae2cf07b80314883956cbb69a8ceaabc64f55f536e,{}
0f841b35dbc83f245c7dcad6,about_urbackup,Om UrBackup,UrBackup,urbackup-webinterface-sv.po,,Bilingual translation changed in reviewed commit: Review Swedish UrBackup web interface translation,project-context,cba8ed8f449bbf8980884573,review-commit,https://github.com/yeager/translations/blob/99b199024cc1bbdcb6446e82832e120cfaec8efd/UrBackup/urbackup-webinterface-sv.po,1a0e96dff28933e8e7995fae2cf07b80314883956cbb69a8ceaabc64f55f536e,{}
0f9562634c6ac19a4649fdf3,tSynthetic full image backup,Syntetisk komplett diskavbild,UrBackup,urbackup-webinterface-sv.po,,Bilingual translation changed in reviewed commit: Review Swedish UrBackup web interface translation,project-context,6099a0a1d8ffe06dd31266ef,review-commit,https://github.com/yeager/translations/blob/99b199024cc1bbdcb6446e82832e120cfaec8efd/UrBackup/urbackup-webinterface-sv.po,1a0e96dff28933e8e7995fae2cf07b80314883956cbb69a8ceaabc64f55f536e,{}
0fd2bcefc0e4618e86fabfe7,tCompressed Internet/active transfer,Komprimerad internet-/aktiv överföring,UrBackup,urbackup-webinterface-sv.po,,Bilingual translation changed in reviewed commit: Review Swedish UrBackup web interface translation,project-context,485c93ebefc913e49b24e7f8,review-commit,https://github.com/yeager/translations/blob/99b199024cc1bbdcb6446e82832e120cfaec8efd/UrBackup/urbackup-webinterface-sv.po,1a0e96dff28933e8e7995fae2cf07b80314883956cbb69a8ceaabc64f55f536e,{}
0fe76e5e60c149a56611750f,tMaximal number of incremental image backups,Högsta antal inkrementella diskbackuper,UrBackup,urbackup-webinterface-sv.po,,Bilingual translation changed in reviewed commit: Review Swedish UrBackup web interface translation,project-context,44783f3ddfef0a72bf4fbe4d,review-commit,https://github.com/yeager/translations/blob/99b199024cc1bbdcb6446e82832e120cfaec8efd/UrBackup/urbackup-webinterface-sv.po,1a0e96dff28933e8e7995fae2cf07b80314883956cbb69a8ceaabc64f55f536e,{}
105ca0fec2b18cc144e66bdb,tNumber of file entries processed,Antal processade poster,UrBackup,urbackup-webinterface-sv.po,,Bilingual translation changed in reviewed commit: Review Swedish UrBackup web interface translation,project-context,8955bb178acc9891e1f20990,review-commit,https://github.com/yeager/translations/blob/99b199024cc1bbdcb6446e82832e120cfaec8efd/UrBackup/urbackup-webinterface-sv.po,1a0e96dff28933e8e7995fae2cf07b80314883956cbb69a8ceaabc64f55f536e,{}
11160b4cd693861319290334,tMail server username (empty for none),Mejlserver användarnamn (tomt för inget),UrBackup,urbackup-webinterface-sv.po,,Bilingual translation changed in reviewed commit: Review Swedish UrBackup web interface translation,project-context,ffd7ba8cee0c7773b788a3ad,review-commit,https://github.com/yeager/translations/blob/99b199024cc1bbdcb6446e82832e120cfaec8efd/UrBackup/urbackup-webinterface-sv.po,1a0e96dff28933e8e7995fae2cf07b80314883956cbb69a8ceaabc64f55f536e,{}
11bb5b3dede68da13870204f,tmin,minuter,UrBackup,urbackup-webinterface-sv.po,,Bilingual translation changed in reviewed commit: Review Swedish UrBackup web interface translation,project-context,2ae92c8cbedaf722885b0037,review-commit,https://github.com/yeager/translations/blob/99b199024cc1bbdcb6446e82832e120cfaec8efd/UrBackup/urbackup-webinterface-sv.po,1a0e96dff28933e8e7995fae2cf07b80314883956cbb69a8ceaabc64f55f536e,{}
122ccdb63a89cbe8dda6cc53,tTranslation,Översättning,UrBackup,urbackup-webinterface-sv.po,,Bilingual translation changed in reviewed commit: Review Swedish UrBackup web interface translation,project-context,49bf24885015f7017f77a5cb,review-commit,https://github.com/yeager/translations/blob/99b199024cc1bbdcb6446e82832e120cfaec8efd/UrBackup/urbackup-webinterface-sv.po,1a0e96dff28933e8e7995fae2cf07b80314883956cbb69a8ceaabc64f55f536e,{}
12563f211706b8d8cdab8335,tSend,Skicka,UrBackup,urbackup-webinterface-sv.po,,Bilingual translation changed in reviewed commit: Review Swedish UrBackup web interface translation,project-context,db4ee2a82e7dec32783b18b7,review-commit,https://github.com/yeager/translations/blob/99b199024cc1bbdcb6446e82832e120cfaec8efd/UrBackup/urbackup-webinterface-sv.po,1a0e96dff28933e8e7995fae2cf07b80314883956cbb69a8ceaabc64f55f536e,{}
12778c223b800740a9be2fc8,hours,timmar,UrBackup,urbackup-webinterface-sv.po,,Bilingual translation changed in reviewed commit: Review Swedish UrBackup web interface translation,project-context,b40c57ba07f0cc3849db18b9,review-commit,https://github.com/yeager/translations/blob/99b199024cc1bbdcb6446e82832e120cfaec8efd/UrBackup/urbackup-webinterface-sv.po,1a0e96dff28933e8e7995fae2cf07b80314883956cbb69a8ceaabc64f55f536e,{}
12782474e3dbb91c4f46bf5c,action_13,Räknar om statistiken,UrBackup,urbackup-webinterface-sv.po,,Bilingual translation changed in reviewed commit: Review Swedish UrBackup web interface translation,project-context,7e9b36aabb93b76e81faef4c,review-commit,https://github.com/yeager/translations/blob/99b199024cc1bbdcb6446e82832e120cfaec8efd/UrBackup/urbackup-webinterface-sv.po,1a0e96dff28933e8e7995fae2cf07b80314883956cbb69a8ceaabc64f55f536e,{}
127d04de6828f676f3ade7f3,tLDAP/AD group and class query,LDAP/AD grupp och klass förfrågan,UrBackup,urbackup-webinterface-sv.po,,Bilingual translation changed in reviewed commit: Review Swedish UrBackup web interface translation,project-context,922e18f70e50fb3a842c3e3d,review-commit,https://github.com/yeager/translations/blob/99b199024cc1bbdcb6446e82832e120cfaec8efd/UrBackup/urbackup-webinterface-sv.po,1a0e96dff28933e8e7995fae2cf07b80314883956cbb69a8ceaabc64f55f536e,{}
1280da1937c5778199a45794,tDiscover new local/passive client accross networks,Upptäck ny lokal/passiv klient över nätverk,UrBackup,urbackup-webinterface-sv.po,,Bilingual translation changed in reviewed commit: Review Swedish UrBackup web interface translation,project-context,b24334fdb069512649001725,review-commit,https://github.com/yeager/translations/blob/99b199024cc1bbdcb6446e82832e120cfaec8efd/UrBackup/urbackup-webinterface-sv.po,1a0e96dff28933e8e7995fae2cf07b80314883956cbb69a8ceaabc64f55f536e,{}
133d11e07c5d11c513dd751a,tSet the internet server port to:,Port för internetadress:,UrBackup,urbackup-webinterface-sv.po,,Bilingual translation changed in reviewed commit: Review Swedish UrBackup web interface translation,project-context,bd4cd924b54bcb9f4b4e9457,review-commit,https://github.com/yeager/translations/blob/99b199024cc1bbdcb6446e82832e120cfaec8efd/UrBackup/urbackup-webinterface-sv.po,1a0e96dff28933e8e7995fae2cf07b80314883956cbb69a8ceaabc64f55f536e,{}
13898ba6894f1d20e7aacac4,no_backup_paths,Ingen sökväg till säkerhetskopian är konfigurerad,UrBackup,urbackup-webinterface-sv.po,,Bilingual translation changed in reviewed commit: Review Swedish UrBackup web interface translation,project-context,3d38763c437a12c7eb8245f4,review-commit,https://github.com/yeager/translations/blob/99b199024cc1bbdcb6446e82832e120cfaec8efd/UrBackup/urbackup-webinterface-sv.po,1a0e96dff28933e8e7995fae2cf07b80314883956cbb69a8ceaabc64f55f536e,{}
13bbea860f988a2f792d1db5,tFull image backup #1,Komplett diskavbild #1,UrBackup,urbackup-webinterface-sv.po,,Bilingual translation changed in reviewed commit: Review Swedish UrBackup web interface translation,project-context,8f14d509b5488ff70b3ad767,review-commit,https://github.com/yeager/translations/blob/99b199024cc1bbdcb6446e82832e120cfaec8efd/UrBackup/urbackup-webinterface-sv.po,1a0e96dff28933e8e7995fae2cf07b80314883956cbb69a8ceaabc64f55f536e,{}
13eecc8cb316d3f0b17f2d10,tEdit alert scripts,Redigera varningsskript,UrBackup,urbackup-webinterface-sv.po,,Bilingual translation changed in reviewed commit: Review Swedish UrBackup web interface translation,project-context,4b5977b8098e9b013fe70a55,review-commit,https://github.com/yeager/translations/blob/99b199024cc1bbdcb6446e82832e120cfaec8efd/UrBackup/urbackup-webinterface-sv.po,1a0e96dff28933e8e7995fae2cf07b80314883956cbb69a8ceaabc64f55f536e,{}
144b298f5db75f9de36a71f6,loglevel_2,Fel,UrBackup,urbackup-webinterface-sv.po,,Bilingual translation changed in reviewed commit: Review Swedish UrBackup web interface translation,project-context,60419def2154a89a9d8ffd03,review-commit,https://github.com/yeager/translations/blob/99b199024cc1bbdcb6446e82832e120cfaec8efd/UrBackup/urbackup-webinterface-sv.po,1a0e96dff28933e8e7995fae2cf07b80314883956cbb69a8ceaabc64f55f536e,{}
1492420d9622dc33ef900098,tSum,Summa,UrBackup,urbackup-webinterface-sv.po,,Bilingual translation changed in reviewed commit: Review Swedish UrBackup web interface translation,project-context,e2e2e63d7e3b8c4bf5415be2,review-commit,https://github.com/yeager/translations/blob/99b199024cc1bbdcb6446e82832e120cfaec8efd/UrBackup/urbackup-webinterface-sv.po,1a0e96dff28933e8e7995fae2cf07b80314883956cbb69a8ceaabc64f55f536e,{}
14f03c9676e40360e670f412,tId,Id,UrBackup,urbackup-webinterface-sv.po,,Bilingual translation changed in reviewed commit: Review Swedish UrBackup web interface translation,project-context,33381b23726ac7ce3d2e76f1,review-commit,https://github.com/yeager/translations/blob/99b199024cc1bbdcb6446e82832e120cfaec8efd/UrBackup/urbackup-webinterface-sv.po,1a0e96dff28933e8e7995fae2cf07b80314883956cbb69a8ceaabc64f55f536e,{}
1517d972c37b014c87d10f10,clients,Klienter,UrBackup,urbackup-webinterface-sv.po,,Bilingual translation changed in reviewed commit: Review Swedish UrBackup web interface translation,project-context,136d3bfbbeafbb3ae9ebdcbe,review-commit,https://github.com/yeager/translations/blob/99b199024cc1bbdcb6446e82832e120cfaec8efd/UrBackup/urbackup-webinterface-sv.po,1a0e96dff28933e8e7995fae2cf07b80314883956cbb69a8ceaabc64f55f536e,{}
1589721fdba32a23967114ee,tCurrent version,Nuvarande version,UrBackup,urbackup-webinterface-sv.po,,Bilingual translation changed in reviewed commit: Review Swedish UrBackup web interface translation,project-context,8a09e73bc1f475bdc9fb8058,review-commit,https://github.com/yeager/translations/blob/99b199024cc1bbdcb6446e82832e120cfaec8efd/UrBackup/urbackup-webinterface-sv.po,1a0e96dff28933e8e7995fae2cf07b80314883956cbb69a8ceaabc64f55f536e,{}
16179c3afab357887c932eba,tChange rights for user,Ändra rättigheter för användare,UrBackup,urbackup-webinterface-sv.po,,Bilingual translation changed in reviewed commit: Review Swedish UrBackup web interface translation,project-context,35476bebd53c15e59f9c3ed3,review-commit,https://github.com/yeager/translations/blob/99b199024cc1bbdcb6446e82832e120cfaec8efd/UrBackup/urbackup-webinterface-sv.po,1a0e96dff28933e8e7995fae2cf07b80314883956cbb69a8ceaabc64f55f536e,{}
162e4bc535d67a8b4290b4f8,validate_name_min_image_full,minsta antal kompletta diskbackuper,UrBackup,urbackup-webinterface-sv.po,,Bilingual translation changed in reviewed commit: Review Swedish UrBackup web interface translation,project-context,b3e8e03b58a25d7960c8bd98,review-commit,https://github.com/yeager/translations/blob/99b199024cc1bbdcb6446e82832e120cfaec8efd/UrBackup/urbackup-webinterface-sv.po,1a0e96dff28933e8e7995fae2cf07b80314883956cbb69a8ceaabc64f55f536e,{}
16b8e958993a5dc3081ad8a7,validate_name_min_file_full,minsta antal kompletta filbackuper,UrBackup,urbackup-webinterface-sv.po,,Bilingual translation changed in reviewed commit: Review Swedish UrBackup web interface translation,project-context,94fe91ac863534cdf37b4c06,review-commit,https://github.com/yeager/translations/blob/99b199024cc1bbdcb6446e82832e120cfaec8efd/UrBackup/urbackup-webinterface-sv.po,1a0e96dff28933e8e7995fae2cf07b80314883956cbb69a8ceaabc64f55f536e,{}
17262d00c05d3258916c23ec,tBased on last image backup,Baserat på senaste diskbackupen,UrBackup,urbackup-webinterface-sv.po,,Bilingual translation changed in reviewed commit: Review Swedish UrBackup web interface translation,project-context,dc34673ba1b01df26a361803,review-commit,https://github.com/yeager/translations/blob/99b199024cc1bbdcb6446e82832e120cfaec8efd/UrBackup/urbackup-webinterface-sv.po,1a0e96dff28933e8e7995fae2cf07b80314883956cbb69a8ceaabc64f55f536e,{}
1849659ed03fe26b4411e54d,old_pw_wrong,Gamla lösenordet är fel,UrBackup,urbackup-webinterface-sv.po,,Bilingual translation changed in reviewed commit: Review Swedish UrBackup web interface translation,project-context,a8dee509a38f68dc6b0cae57,review-commit,https://github.com/yeager/translations/blob/99b199024cc1bbdcb6446e82832e120cfaec8efd/UrBackup/urbackup-webinterface-sv.po,1a0e96dff28933e8e7995fae2cf07b80314883956cbb69a8ceaabc64f55f536e,{}
186e5416dc9e8c96e7a83057,tArchive every,Arkivera varje,UrBackup,urbackup-webinterface-sv.po,,Bilingual translation changed in reviewed commit: Review Swedish UrBackup web interface translation,project-context,07e08a008ed77b1c400d1d21,review-commit,https://github.com/yeager/translations/blob/99b199024cc1bbdcb6446e82832e120cfaec8efd/UrBackup/urbackup-webinterface-sv.po,1a0e96dff28933e8e7995fae2cf07b80314883956cbb69a8ceaabc64f55f536e,{}
18873698c93a46630f67abf7,tAdvanced,Avancerad,UrBackup,urbackup-webinterface-sv.po,,Bilingual translation changed in reviewed commit: Review Swedish UrBackup web interface translation,project-context,3e9931e0d2256ffeb14f1df0,review-commit,https://github.com/yeager/translations/blob/99b199024cc1bbdcb6446e82832e120cfaec8efd/UrBackup/urbackup-webinterface-sv.po,1a0e96dff28933e8e7995fae2cf07b80314883956cbb69a8ceaabc64f55f536e,{}
190d1c2ffc9d1ec3c97bf5ca,tCreate,Skapa,UrBackup,urbackup-webinterface-sv.po,,Bilingual translation changed in reviewed commit: Review Swedish UrBackup web interface translation,project-context,0f585ed3119de08499f5a639,review-commit,https://github.com/yeager/translations/blob/99b199024cc1bbdcb6446e82832e120cfaec8efd/UrBackup/urbackup-webinterface-sv.po,1a0e96dff28933e8e7995fae2cf07b80314883956cbb69a8ceaabc64f55f536e,{}
1a159f1c351c2fa9775994e9,right_all,Fulla rättigheter,UrBackup,urbackup-webinterface-sv.po,,Bilingual translation changed in reviewed commit: Review Swedish UrBackup web interface translation,project-context,93c7b9a37e4381927abe9d39,review-commit,https://github.com/yeager/translations/blob/99b199024cc1bbdcb6446e82832e120cfaec8efd/UrBackup/urbackup-webinterface-sv.po,1a0e96dff28933e8e7995fae2cf07b80314883956cbb69a8ceaabc64f55f536e,{}
1a77299d2fda93ae2427d400,tUpdate data limit estimation database,Uppdatera databas med databasgränsen,UrBackup,urbackup-webinterface-sv.po,,Bilingual translation changed in reviewed commit: Review Swedish UrBackup web interface translation,project-context,3c07d6643548570ec1eeb1a2,review-commit,https://github.com/yeager/translations/blob/99b199024cc1bbdcb6446e82832e120cfaec8efd/UrBackup/urbackup-webinterface-sv.po,1a0e96dff28933e8e7995fae2cf07b80314883956cbb69a8ceaabc64f55f536e,{}
1a99c94b97a910839651b7d9,tAdd additional internet clients,Lägg till ytterligare internet klienter,UrBackup,urbackup-webinterface-sv.po,,Bilingual translation changed in reviewed commit: Review Swedish UrBackup web interface translation,project-context,e456ed1dea5b90fd2d86480a,review-commit,https://github.com/yeager/translations/blob/99b199024cc1bbdcb6446e82832e120cfaec8efd/UrBackup/urbackup-webinterface-sv.po,1a0e96dff28933e8e7995fae2cf07b80314883956cbb69a8ceaabc64f55f536e,{}
1ae223f0b522a826cea752ad,tSet the URL to connect to:,Ange URL att ansluta till:,UrBackup,urbackup-webinterface-sv.po,,Bilingual translation changed in reviewed commit: Review Swedish UrBackup web interface translation,project-context,0b3d0225eb0c480b1e96ed8e,review-commit,https://github.com/yeager/translations/blob/99b199024cc1bbdcb6446e82832e120cfaec8efd/UrBackup/urbackup-webinterface-sv.po,1a0e96dff28933e8e7995fae2cf07b80314883956cbb69a8ceaabc64f55f536e,{}
1b0bde2dc2c278df787079b0,tTarget version,Målversion,UrBackup,urbackup-webinterface-sv.po,,Bilingual translation changed in reviewed commit: Review Swedish UrBackup web interface translation,project-context,733b4414550d9a819956799c,review-commit,https://github.com/yeager/translations/blob/99b199024cc1bbdcb6446e82832e120cfaec8efd/UrBackup/urbackup-webinterface-sv.po,1a0e96dff28933e8e7995fae2cf07b80314883956cbb69a8ceaabc64f55f536e,{}
1b33feff57e112e27115d1b5,"tTime interval (h, min, s)","Tidsintervall (h, min, s)",UrBackup,urbackup-webinterface-sv.po,,Bilingual translation changed in reviewed commit: Review Swedish UrBackup web interface translation,project-context,c9b37ca308b8437a72cfac82,review-commit,https://github.com/yeager/translations/blob/99b199024cc1bbdcb6446e82832e120cfaec8efd/UrBackup/urbackup-webinterface-sv.po,1a0e96dff28933e8e7995fae2cf07b80314883956cbb69a8ceaabc64f55f536e,{}
1baccdda63b80e7b07f30376,Show/hide columns,Visa/dölj kolumner,UrBackup,urbackup-webinterface-sv.po,,Bilingual translation changed in reviewed commit: Review Swedish UrBackup web interface translation,project-context,d5c6078e619e61da1698c61e,review-commit,https://github.com/yeager/translations/blob/99b199024cc1bbdcb6446e82832e120cfaec8efd/UrBackup/urbackup-webinterface-sv.po,1a0e96dff28933e8e7995fae2cf07b80314883956cbb69a8ceaabc64f55f536e,{}
1cb3630fc340cf0676303409,delete_now_err,Fel vid borttag av backup:,UrBackup,urbackup-webinterface-sv.po,,Bilingual translation changed in reviewed commit: Review Swedish UrBackup web interface translation,project-context,ad89fe6753b936ac16059b94,review-commit,https://github.com/yeager/translations/blob/99b199024cc1bbdcb6446e82832e120cfaec8efd/UrBackup/urbackup-webinterface-sv.po,1a0e96dff28933e8e7995fae2cf07b80314883956cbb69a8ceaabc64f55f536e,{}
1ce4f2b858c8a494f9531b3c,thours,timmar,UrBackup,urbackup-webinterface-sv.po,,Bilingual translation changed in reviewed commit: Review Swedish UrBackup web interface translation,project-context,6f0b29a6e619c0bf520eb7cb,review-commit,https://github.com/yeager/translations/blob/99b199024cc1bbdcb6446e82832e120cfaec8efd/UrBackup/urbackup-webinterface-sv.po,1a0e96dff28933e8e7995fae2cf07b80314883956cbb69a8ceaabc64f55f536e,{}
1dee6924008feee4e1ed4435,validate_name_max_sim_backups,max antal samtidiga backuper,UrBackup,urbackup-webinterface-sv.po,,Bilingual translation changed in reviewed commit: Review Swedish UrBackup web interface translation,project-context,544ffefc9b615e7a982af8f4,review-commit,https://github.com/yeager/translations/blob/99b199024cc1bbdcb6446e82832e120cfaec8efd/UrBackup/urbackup-webinterface-sv.po,1a0e96dff28933e8e7995fae2cf07b80314883956cbb69a8ceaabc64f55f536e,{}
1e09cffaa0639705db391934,tName:,Namn:,UrBackup,urbackup-webinterface-sv.po,,Bilingual translation changed in reviewed commit: Review Swedish UrBackup web interface translation,project-context,3e4864038fa7d57c120803d4,review-commit,https://github.com/yeager/translations/blob/99b199024cc1bbdcb6446e82832e120cfaec8efd/UrBackup/urbackup-webinterface-sv.po,1a0e96dff28933e8e7995fae2cf07b80314883956cbb69a8ceaabc64f55f536e,{}
1f0923c1c60770afd9f87bf7,nav_item_4,Backuper,UrBackup,urbackup-webinterface-sv.po,,Bilingual translation changed in reviewed commit: Review Swedish UrBackup web interface translation,project-context,3b2fa43750e753d2547bd546,review-commit,https://github.com/yeager/translations/blob/99b199024cc1bbdcb6446e82832e120cfaec8efd/UrBackup/urbackup-webinterface-sv.po,1a0e96dff28933e8e7995fae2cf07b80314883956cbb69a8ceaabc64f55f536e,{}
1f14b600069f112772518d5f,tEdit scripts,Redigera skript,UrBackup,urbackup-webinterface-sv.po,,Bilingual translation changed in reviewed commit: Review Swedish UrBackup web interface translation,project-context,ce21ce708c5ac9ff245cb593,review-commit,https://github.com/yeager/translations/blob/99b199024cc1bbdcb6446e82832e120cfaec8efd/UrBackup/urbackup-webinterface-sv.po,1a0e96dff28933e8e7995fae2cf07b80314883956cbb69a8ceaabc64f55f536e,{}
1f3e26360aceddc7fc55db59,tDownload preconfigured client installer for Linux,Ladda ner förinställd klientinstallation för Linux,UrBackup,urbackup-webinterface-sv.po,,Bilingual translation changed in reviewed commit: Review Swedish UrBackup web interface translation,project-context,71f41627ce46d16f13cc981a,review-commit,https://github.com/yeager/translations/blob/99b199024cc1bbdcb6446e82832e120cfaec8efd/UrBackup/urbackup-webinterface-sv.po,1a0e96dff28933e8e7995fae2cf07b80314883956cbb69a8ceaabc64f55f536e,{}
1f517ae511f892b96ff923aa,Search:,Sök:,UrBackup,urbackup-webinterface-sv.po,,Bilingual translation changed in reviewed commit: Review Swedish UrBackup web interface translation,project-context,d1cc9c1fe9b1338d72eb360a,review-commit,https://github.com/yeager/translations/blob/99b199024cc1bbdcb6446e82832e120cfaec8efd/UrBackup/urbackup-webinterface-sv.po,1a0e96dff28933e8e7995fae2cf07b80314883956cbb69a8ceaabc64f55f536e,{}
1fc290b79ad1efd5e64779fb,user_n_exist,Användaren finns ej,UrBackup,urbackup-webinterface-sv.po,,Bilingual translation changed in reviewed commit: Review Swedish UrBackup web interface translation,project-context,8ed1d626b0eb339e65f46726,review-commit,https://github.com/yeager/translations/blob/99b199024cc1bbdcb6446e82832e120cfaec8efd/UrBackup/urbackup-webinterface-sv.po,1a0e96dff28933e8e7995fae2cf07b80314883956cbb69a8ceaabc64f55f536e,{}
1fed390d563b191cc5593295,tImage backup,Diskavbildsbackup,UrBackup,urbackup-webinterface-sv.po,,Bilingual translation changed in reviewed commit: Review Swedish UrBackup web interface translation,project-context,9daf9b4c0dd3edfaa57bb8e2,review-commit,https://github.com/yeager/translations/blob/99b199024cc1bbdcb6446e82832e120cfaec8efd/UrBackup/urbackup-webinterface-sv.po,1a0e96dff28933e8e7995fae2cf07b80314883956cbb69a8ceaabc64f55f536e,{}
20ad8564fe1a41080ffb10a9,about,Om,UrBackup,urbackup-webinterface-sv.po,,Bilingual translation changed in reviewed commit: Review Swedish UrBackup web interface translation,project-context,22b0acdeb3e520b2e9e9f6b3,review-commit,https://github.com/yeager/translations/blob/99b199024cc1bbdcb6446e82832e120cfaec8efd/UrBackup/urbackup-webinterface-sv.po,1a0e96dff28933e8e7995fae2cf07b80314883956cbb69a8ceaabc64f55f536e,{}
2213613737aaa84449abec9a,tSoft client quota,Mjuk klient kvot,UrBackup,urbackup-webinterface-sv.po,,Bilingual translation changed in reviewed commit: Review Swedish UrBackup web interface translation,project-context,73205a21f70947044d5b9dfa,review-commit,https://github.com/yeager/translations/blob/99b199024cc1bbdcb6446e82832e120cfaec8efd/UrBackup/urbackup-webinterface-sv.po,1a0e96dff28933e8e7995fae2cf07b80314883956cbb69a8ceaabc64f55f536e,{}
2236aaa20e4fc62a4dedb41c,tWarning,Varning,UrBackup,urbackup-webinterface-sv.po,,Bilingual translation changed in reviewed commit: Review Swedish UrBackup web interface translation,project-context,74e77f6534298f1c32c3c38e,review-commit,https://github.com/yeager/translations/blob/99b199024cc1bbdcb6446e82832e120cfaec8efd/UrBackup/urbackup-webinterface-sv.po,1a0e96dff28933e8e7995fae2cf07b80314883956cbb69a8ceaabc64f55f536e,{}
2397493c8e6939524b6b64d9,tDefault authentication key:,Förvald autentiseringsnyckel,UrBackup,urbackup-webinterface-sv.po,,Bilingual translation changed in reviewed commit: Review Swedish UrBackup web interface translation,project-context,fd17a1fa915e5b5290f8c70e,review-commit,https://github.com/yeager/translations/blob/99b199024cc1bbdcb6446e82832e120cfaec8efd/UrBackup/urbackup-webinterface-sv.po,1a0e96dff28933e8e7995fae2cf07b80314883956cbb69a8ceaabc64f55f536e,{}
23cdf71d8a15ff33cee80669,tShow all clients,Visa alla klienter,UrBackup,urbackup-webinterface-sv.po,,Bilingual translation changed in reviewed commit: Review Swedish UrBackup web interface translation,project-context,48138bbdfa3040a7acf8f8c5,review-commit,https://github.com/yeager/translations/blob/99b199024cc1bbdcb6446e82832e120cfaec8efd/UrBackup/urbackup-webinterface-sv.po,1a0e96dff28933e8e7995fae2cf07b80314883956cbb69a8ceaabc64f55f536e,{}
2401d26e87430dc4c0bfa650,tSet the name to:,Ange namnet till:,UrBackup,urbackup-webinterface-sv.po,,Bilingual translation changed in reviewed commit: Review Swedish UrBackup web interface translation,project-context,136a2d81f94426b4371fb81d,review-commit,https://github.com/yeager/translations/blob/99b199024cc1bbdcb6446e82832e120cfaec8efd/UrBackup/urbackup-webinterface-sv.po,1a0e96dff28933e8e7995fae2cf07b80314883956cbb69a8ceaabc64f55f536e,{}
24f0581de36963d5eec2cc94,tProgress,Framsteg,UrBackup,urbackup-webinterface-sv.po,,Bilingual translation changed in reviewed commit: Review Swedish UrBackup web interface translation,project-context,f334235658844882e3955cda,review-commit,https://github.com/yeager/translations/blob/99b199024cc1bbdcb6446e82832e120cfaec8efd/UrBackup/urbackup-webinterface-sv.po,1a0e96dff28933e8e7995fae2cf07b80314883956cbb69a8ceaabc64f55f536e,{}
25377c043a49ea2bfd7d5817,tLast accessed,Senaste åtkomst,UrBackup,urbackup-webinterface-sv.po,,Bilingual translation changed in reviewed commit: Review Swedish UrBackup web interface translation,project-context,26c14ec84f66c5c05c7c07c9,review-commit,https://github.com/yeager/translations/blob/99b199024cc1bbdcb6446e82832e120cfaec8efd/UrBackup/urbackup-webinterface-sv.po,1a0e96dff28933e8e7995fae2cf07b80314883956cbb69a8ceaabc64f55f536e,{}
25545084616ca673061d11b0,tLog,Log,UrBackup,urbackup-webinterface-sv.po,,Bilingual translation changed in reviewed commit: Review Swedish UrBackup web interface translation,project-context,4dd688f36b839fde9501c7dc,review-commit,https://github.com/yeager/translations/blob/99b199024cc1bbdcb6446e82832e120cfaec8efd/UrBackup/urbackup-webinterface-sv.po,1a0e96dff28933e8e7995fae2cf07b80314883956cbb69a8ceaabc64f55f536e,{}
25a52147e78a01acad77786d,years,år,UrBackup,urbackup-webinterface-sv.po,,Bilingual translation changed in reviewed commit: Review Swedish UrBackup web interface translation,project-context,616c7c76dbb7a02b2598382d,review-commit,https://github.com/yeager/translations/blob/99b199024cc1bbdcb6446e82832e120cfaec8efd/UrBackup/urbackup-webinterface-sv.po,1a0e96dff28933e8e7995fae2cf07b80314883956cbb69a8ceaabc64f55f536e,{}
25eee11676bfa40ab888bfea,tErrors,Fel,UrBackup,urbackup-webinterface-sv.po,,Bilingual translation changed in reviewed commit: Review Swedish UrBackup web interface translation,project-context,aed0ac383586aedae1395f18,review-commit,https://github.com/yeager/translations/blob/99b199024cc1bbdcb6446e82832e120cfaec8efd/UrBackup/urbackup-webinterface-sv.po,1a0e96dff28933e8e7995fae2cf07b80314883956cbb69a8ceaabc64f55f536e,{}
260ce574bd17956d6a644086,tComputer name,Datornamn,UrBackup,urbackup-webinterface-sv.po,,Bilingual translation changed in reviewed commit: Review Swedish UrBackup web interface translation,project-context,0fb23dd92a24cf4c6cb9fb9c,review-commit,https://github.com/yeager/translations/blob/99b199024cc1bbdcb6446e82832e120cfaec8efd/UrBackup/urbackup-webinterface-sv.po,1a0e96dff28933e8e7995fae2cf07b80314883956cbb69a8ceaabc64f55f536e,{}
26881897962ea265891fa64b,tSend mails only with SSL/TLS,Skicka endast med SSL/TLS,UrBackup,urbackup-webinterface-sv.po,,Bilingual translation changed in reviewed commit: Review Swedish UrBackup web interface translation,project-context,21a9f18cf5bd90dd6293940c,review-commit,https://github.com/yeager/translations/blob/99b199024cc1bbdcb6446e82832e120cfaec8efd/UrBackup/urbackup-webinterface-sv.po,1a0e96dff28933e8e7995fae2cf07b80314883956cbb69a8ceaabc64f55f536e,{}
27cbcff2b59dbec4a74f26be,tPartition style,Partition stil,UrBackup,urbackup-webinterface-sv.po,,Bilingual translation changed in reviewed commit: Review Swedish UrBackup web interface translation,project-context,ff7c9117811ec03ee00a3949,review-commit,https://github.com/yeager/translations/blob/99b199024cc1bbdcb6446e82832e120cfaec8efd/UrBackup/urbackup-webinterface-sv.po,1a0e96dff28933e8e7995fae2cf07b80314883956cbb69a8ceaabc64f55f536e,{}
2a017c7b6a5ecb0df3d63600,action_4_d,Raderar komplett diskbackup,UrBackup,urbackup-webinterface-sv.po,,Bilingual translation changed in reviewed commit: Review Swedish UrBackup web interface translation,project-context,577840f1789ac850da95df59,review-commit,https://github.com/yeager/translations/blob/99b199024cc1bbdcb6446e82832e120cfaec8efd/UrBackup/urbackup-webinterface-sv.po,1a0e96dff28933e8e7995fae2cf07b80314883956cbb69a8ceaabc64f55f536e,{}
2a1362c9d16ef9338fcf4964,tInternet,Internet,UrBackup,urbackup-webinterface-sv.po,,Bilingual translation changed in reviewed commit: Review Swedish UrBackup web interface translation,project-context,d77ca0e8c51d3d9b92996509,review-commit,https://github.com/yeager/translations/blob/99b199024cc1bbdcb6446e82832e120cfaec8efd/UrBackup/urbackup-webinterface-sv.po,1a0e96dff28933e8e7995fae2cf07b80314883956cbb69a8ceaabc64f55f536e,{}
2ade40675f160a10a3e84928,validate_name_backupfolder,sökväg backup,UrBackup,urbackup-webinterface-sv.po,,Bilingual translation changed in reviewed commit: Review Swedish UrBackup web interface translation,project-context,1f25054dd870d1c867f28533,review-commit,https://github.com/yeager/translations/blob/99b199024cc1bbdcb6446e82832e120cfaec8efd/UrBackup/urbackup-webinterface-sv.po,1a0e96dff28933e8e7995fae2cf07b80314883956cbb69a8ceaabc64f55f536e,{}
2ae62f78d054cf93a64750f7,tdays,dagar,UrBackup,urbackup-webinterface-sv.po,,Bilingual translation changed in reviewed commit: Review Swedish UrBackup web interface translation,project-context,65073dbc779d4f51acc827e1,review-commit,https://github.com/yeager/translations/blob/99b199024cc1bbdcb6446e82832e120cfaec8efd/UrBackup/urbackup-webinterface-sv.po,1a0e96dff28933e8e7995fae2cf07b80314883956cbb69a8ceaabc64f55f536e,{}
2c1a65e128a7d4275cf4c62e,password_differ,Lösenorden skiljer sig,UrBackup,urbackup-webinterface-sv.po,,Bilingual translation changed in reviewed commit: Review Swedish UrBackup web interface translation,project-context,059b145e3989206828cb72f0,review-commit,https://github.com/yeager/translations/blob/99b199024cc1bbdcb6446e82832e120cfaec8efd/UrBackup/urbackup-webinterface-sv.po,1a0e96dff28933e8e7995fae2cf07b80314883956cbb69a8ceaabc64f55f536e,{}
2d0d2f40ddbfc38a4af86cdb,tAutomatically backup UrBackup database,Automatisk backup av UrBackup databas,UrBackup,urbackup-webinterface-sv.po,,Bilingual translation changed in reviewed commit: Review Swedish UrBackup web interface translation,project-context,dc6071cd4106b9fb54e68c34,review-commit,https://github.com/yeager/translations/blob/99b199024cc1bbdcb6446e82832e120cfaec8efd/UrBackup/urbackup-webinterface-sv.po,1a0e96dff28933e8e7995fae2cf07b80314883956cbb69a8ceaabc64f55f536e,{}
2d9923e17115fd601d621823,action_2_d,Raderar komplett filbackup,UrBackup,urbackup-webinterface-sv.po,,Bilingual translation changed in reviewed commit: Review Swedish UrBackup web interface translation,project-context,6be30df1edb2101ccd125f28,review-commit,https://github.com/yeager/translations/blob/99b199024cc1bbdcb6446e82832e120cfaec8efd/UrBackup/urbackup-webinterface-sv.po,1a0e96dff28933e8e7995fae2cf07b80314883956cbb69a8ceaabc64f55f536e,{}
2e5cb136cd74e75b196d37df,months,månader,UrBackup,urbackup-webinterface-sv.po,,Bilingual translation changed in reviewed commit: Review Swedish UrBackup web interface translation,project-context,26ad023168f95fbcb8bc5717,review-commit,https://github.com/yeager/translations/blob/99b199024cc1bbdcb6446e82832e120cfaec8efd/UrBackup/urbackup-webinterface-sv.po,1a0e96dff28933e8e7995fae2cf07b80314883956cbb69a8ceaabc64f55f536e,{}
2e88039a37cbc03401e930eb,tSelect none,Välj inga,UrBackup,urbackup-webinterface-sv.po,,Bilingual translation changed in reviewed commit: Review Swedish UrBackup web interface translation,project-context,b51ebce246b0f16225d6ec96,review-commit,https://github.com/yeager/translations/blob/99b199024cc1bbdcb6446e82832e120cfaec8efd/UrBackup/urbackup-webinterface-sv.po,1a0e96dff28933e8e7995fae2cf07b80314883956cbb69a8ceaabc64f55f536e,{}
2e9371f18cf7cde0129d54c5,tVolume size,Enhetens storlek,UrBackup,urbackup-webinterface-sv.po,,Bilingual translation changed in reviewed commit: Review Swedish UrBackup web interface translation,project-context,da13574d3f033dff27a3ee0f,review-commit,https://github.com/yeager/translations/blob/99b199024cc1bbdcb6446e82832e120cfaec8efd/UrBackup/urbackup-webinterface-sv.po,1a0e96dff28933e8e7995fae2cf07b80314883956cbb69a8ceaabc64f55f536e,{}
2f7cd9b756a491c5ca862c76,tRemove selected,Ta bort markerad,UrBackup,urbackup-webinterface-sv.po,,Bilingual translation changed in reviewed commit: Review Swedish UrBackup web interface translation,project-context,93fe785e7da0e69afb008377,review-commit,https://github.com/yeager/translations/blob/99b199024cc1bbdcb6446e82832e120cfaec8efd/UrBackup/urbackup-webinterface-sv.po,1a0e96dff28933e8e7995fae2cf07b80314883956cbb69a8ceaabc64f55f536e,{}
2f8ae3cdbf680132e192b622,tCancel,Avbryt,UrBackup,urbackup-webinterface-sv.po,,Bilingual translation changed in reviewed commit: Review Swedish UrBackup web interface translation,project-context,e8a1539afc66da32fe68ed17,review-commit,https://github.com/yeager/translations/blob/99b199024cc1bbdcb6446e82832e120cfaec8efd/UrBackup/urbackup-webinterface-sv.po,1a0e96dff28933e8e7995fae2cf07b80314883956cbb69a8ceaabc64f55f536e,{}
2ff5b41a9b764f881d16dba4,validate_err_notregexp_cleanup_window,Format för upprensningstiden är fel,UrBackup,urbackup-webinterface-sv.po,,Bilingual translation changed in reviewed commit: Review Swedish UrBackup web interface translation,project-context,8cc6e84a5007e4da1f30a162,review-commit,https://github.com/yeager/translations/blob/99b199024cc1bbdcb6446e82832e120cfaec8efd/UrBackup/urbackup-webinterface-sv.po,1a0e96dff28933e8e7995fae2cf07b80314883956cbb69a8ceaabc64f55f536e,{}
3056b70ebfc99fe65371ebb9,tUrBackup live log,UrBackup rullande log,UrBackup,urbackup-webinterface-sv.po,,Bilingual translation changed in reviewed commit: Review Swedish UrBackup web interface translation,project-context,c31ae4b25b7b8070ed65b990,review-commit,https://github.com/yeager/translations/blob/99b199024cc1bbdcb6446e82832e120cfaec8efd/UrBackup/urbackup-webinterface-sv.po,1a0e96dff28933e8e7995fae2cf07b80314883956cbb69a8ceaabc64f55f536e,{}
30a35d5d2e4a8d2faac97a78,tError,Fel,UrBackup,urbackup-webinterface-sv.po,,Bilingual translation changed in reviewed commit: Review Swedish UrBackup web interface translation,project-context,1c7879dd34a069fdfa9b68d0,review-commit,https://github.com/yeager/translations/blob/99b199024cc1bbdcb6446e82832e120cfaec8efd/UrBackup/urbackup-webinterface-sv.po,1a0e96dff28933e8e7995fae2cf07b80314883956cbb69a8ceaabc64f55f536e,{}
30e59468f4503803cdc31b28,tPaused,Pausad,UrBackup,urbackup-webinterface-sv.po,,Bilingual translation changed in reviewed commit: Review Swedish UrBackup web interface translation,project-context,2c3d3985f5591766be160e48,review-commit,https://github.com/yeager/translations/blob/99b199024cc1bbdcb6446e82832e120cfaec8efd/UrBackup/urbackup-webinterface-sv.po,1a0e96dff28933e8e7995fae2cf07b80314883956cbb69a8ceaabc64f55f536e,{}
3198a95ee6946d3000c0c4b7,Previous,Föregående,UrBackup,urbackup-webinterface-sv.po,,Bilingual translation changed in reviewed commit: Review Swedish UrBackup web interface translation,project-context,3029469ad3dc5407b65d0453,review-commit,https://github.com/yeager/translations/blob/99b199024cc1bbdcb6446e82832e120cfaec8efd/UrBackup/urbackup-webinterface-sv.po,1a0e96dff28933e8e7995fae2cf07b80314883956cbb69a8ceaabc64f55f536e,{}
31d13a396e7dd7e0e72cf939,tLast activities,Senaste aktivitet,UrBackup,urbackup-webinterface-sv.po,,Bilingual translation changed in reviewed commit: Review Swedish UrBackup web interface translation,project-context,abda82862c55488b8feaeed4,review-commit,https://github.com/yeager/translations/blob/99b199024cc1bbdcb6446e82832e120cfaec8efd/UrBackup/urbackup-webinterface-sv.po,1a0e96dff28933e8e7995fae2cf07b80314883956cbb69a8ceaabc64f55f536e,{}
33ae361f0338ed873c316740,tBackup storage path,Sökväg för backup,UrBackup,urbackup-webinterface-sv.po,,Bilingual translation changed in reviewed commit: Review Swedish UrBackup web interface translation,project-context,6546acf0c6161c059834c74d,review-commit,https://github.com/yeager/translations/blob/99b199024cc1bbdcb6446e82832e120cfaec8efd/UrBackup/urbackup-webinterface-sv.po,1a0e96dff28933e8e7995fae2cf07b80314883956cbb69a8ceaabc64f55f536e,{}
342730ad7cc8171419e036ab,tInternet full file backup transfer mode,Internet komplett filbackup överföringsläge,UrBackup,urbackup-webinterface-sv.po,,Bilingual translation changed in reviewed commit: Review Swedish UrBackup web interface translation,project-context,e041f39a8775980205238594,review-commit,https://github.com/yeager/translations/blob/99b199024cc1bbdcb6446e82832e120cfaec8efd/UrBackup/urbackup-webinterface-sv.po,1a0e96dff28933e8e7995fae2cf07b80314883956cbb69a8ceaabc64f55f536e,{}
355e07f4add0eb0b3210a4de,tSending test mail failed. Error:,Testmejl misslyckades,UrBackup,urbackup-webinterface-sv.po,,Bilingual translation changed in reviewed commit: Review Swedish UrBackup web interface translation,project-context,335b767c5a708da47264ca9c,review-commit,https://github.com/yeager/translations/blob/99b199024cc1bbdcb6446e82832e120cfaec8efd/UrBackup/urbackup-webinterface-sv.po,1a0e96dff28933e8e7995fae2cf07b80314883956cbb69a8ceaabc64f55f536e,{}
357a3519c0d836243441af17,disabled,Inaktiverad,UrBackup,urbackup-webinterface-sv.po,,Bilingual translation changed in reviewed commit: Review Swedish UrBackup web interface translation,project-context,4c2523884dc4402bd5b71719,review-commit,https://github.com/yeager/translations/blob/99b199024cc1bbdcb6446e82832e120cfaec8efd/UrBackup/urbackup-webinterface-sv.po,1a0e96dff28933e8e7995fae2cf07b80314883956cbb69a8ceaabc64f55f536e,{}
3675e4949b4fdefd98495283,yes,Ja,UrBackup,urbackup-webinterface-sv.po,,Bilingual translation changed in reviewed commit: Review Swedish UrBackup web interface translation,project-context,83f648f7625eb75b204f9c25,review-commit,https://github.com/yeager/translations/blob/99b199024cc1bbdcb6446e82832e120cfaec8efd/UrBackup/urbackup-webinterface-sv.po,1a0e96dff28933e8e7995fae2cf07b80314883956cbb69a8ceaabc64f55f536e,{}
377f8a6be162016c71951bf4,tTest Mail sent successfully,Testmejl skickades,UrBackup,urbackup-webinterface-sv.po,,Bilingual translation changed in reviewed commit: Review Swedish UrBackup web interface translation,project-context,3a1046f12b23305883c126fd,review-commit,https://github.com/yeager/translations/blob/99b199024cc1bbdcb6446e82832e120cfaec8efd/UrBackup/urbackup-webinterface-sv.po,1a0e96dff28933e8e7995fae2cf07b80314883956cbb69a8ceaabc64f55f536e,{}
3798e1288c5797afd7af393b,internet_client_added,Lagt till en ny klient. Du kan se klientens auth key (lösenord) i inställningarna.,UrBackup,urbackup-webinterface-sv.po,,Bilingual translation changed in reviewed commit: Review Swedish UrBackup web interface translation,project-context,6d44f73739716b000b83bbf8,review-commit,https://github.com/yeager/translations/blob/99b199024cc1bbdcb6446e82832e120cfaec8efd/UrBackup/urbackup-webinterface-sv.po,1a0e96dff28933e8e7995fae2cf07b80314883956cbb69a8ceaabc64f55f536e,{}
38044b14cbe7df7970281af9,storage_usage_bar_graph_title,Lagringsanvändande,UrBackup,urbackup-webinterface-sv.po,,Bilingual translation changed in reviewed commit: Review Swedish UrBackup web interface translation,project-context,ab411cff69b6ce2ac07246d6,review-commit,https://github.com/yeager/translations/blob/99b199024cc1bbdcb6446e82832e120cfaec8efd/UrBackup/urbackup-webinterface-sv.po,1a0e96dff28933e8e7995fae2cf07b80314883956cbb69a8ceaabc64f55f536e,{}
3910c129edd6559de3ea3689,tIP/hostname of client to be discovered,IP/hostnamn på klient som ska hittas.,UrBackup,urbackup-webinterface-sv.po,,Bilingual translation changed in reviewed commit: Review Swedish UrBackup web interface translation,project-context,ff62a11455bede5e5257c5ac,review-commit,https://github.com/yeager/translations/blob/99b199024cc1bbdcb6446e82832e120cfaec8efd/UrBackup/urbackup-webinterface-sv.po,1a0e96dff28933e8e7995fae2cf07b80314883956cbb69a8ceaabc64f55f536e,{}
39d3cb0ab3edf194658fb59b,tPerform autoupdates silently,Utför autouppdateringar i bakgrunden,UrBackup,urbackup-webinterface-sv.po,,Bilingual translation changed in reviewed commit: Review Swedish UrBackup web interface translation,project-context,ae2089d9c67f95706131c8a1,review-commit,https://github.com/yeager/translations/blob/99b199024cc1bbdcb6446e82832e120cfaec8efd/UrBackup/urbackup-webinterface-sv.po,1a0e96dff28933e8e7995fae2cf07b80314883956cbb69a8ceaabc64f55f536e,{}
3a7f6cb2ab598ea610768fee,validate_name_global_internet_speed,Total hastighetsbegränsning internetkoppling,UrBackup,urbackup-webinterface-sv.po,,Bilingual translation changed in reviewed commit: Review Swedish UrBackup web interface translation,project-context,0da9f32486fa97a6448365f8,review-commit,https://github.com/yeager/translations/blob/99b199024cc1bbdcb6446e82832e120cfaec8efd/UrBackup/urbackup-webinterface-sv.po,1a0e96dff28933e8e7995fae2cf07b80314883956cbb69a8ceaabc64f55f536e,{}
3aa08799aa06eb1cdba365c1,file_backup,Filbackuper,UrBackup,urbackup-webinterface-sv.po,,Bilingual translation changed in reviewed commit: Review Swedish UrBackup web interface translation,project-context,215c65f32c1fcdfc1246e381,review-commit,https://github.com/yeager/translations/blob/99b199024cc1bbdcb6446e82832e120cfaec8efd/UrBackup/urbackup-webinterface-sv.po,1a0e96dff28933e8e7995fae2cf07b80314883956cbb69a8ceaabc64f55f536e,{}
3b196b4e0395ab0b2ebbbb9a,tLocal/passive full file backup transfer mode,Överföringsläge för fullständig lokal/passiv filsäkerhetskopiering,UrBackup,urbackup-webinterface-sv.po,,Bilingual translation changed in reviewed commit: Review Swedish UrBackup web interface translation,project-context,d2d764334465a803965216d3,review-commit,https://github.com/yeager/translations/blob/99b199024cc1bbdcb6446e82832e120cfaec8efd/UrBackup/urbackup-webinterface-sv.po,1a0e96dff28933e8e7995fae2cf07b80314883956cbb69a8ceaabc64f55f536e,{}
3b45ed1ab1f1bb6b7e6e227f,interval_hours,timmar,UrBackup,urbackup-webinterface-sv.po,,Bilingual translation changed in reviewed commit: Review Swedish UrBackup web interface translation,project-context,06801f338de9456c5a43e66d,review-commit,https://github.com/yeager/translations/blob/99b199024cc1bbdcb6446e82832e120cfaec8efd/UrBackup/urbackup-webinterface-sv.po,1a0e96dff28933e8e7995fae2cf07b80314883956cbb69a8ceaabc64f55f536e,{}
3bbfe258d936d316571584df,really_remove_clients,Vill du verkligen ta bort dessa klienter? Alla deras filer och avbildnings backuper kommer tas bort!,UrBackup,urbackup-webinterface-sv.po,,Bilingual translation changed in reviewed commit: Review Swedish UrBackup web interface translation,project-context,f730760f6e99437ba0d55c7a,review-commit,https://github.com/yeager/translations/blob/99b199024cc1bbdcb6446e82832e120cfaec8efd/UrBackup/urbackup-webinterface-sv.po,1a0e96dff28933e8e7995fae2cf07b80314883956cbb69a8ceaabc64f55f536e,{}
3bd94493598ceb3f511fe315,tVolumes to backup,Enheter att spara,UrBackup,urbackup-webinterface-sv.po,,Bilingual translation changed in reviewed commit: Review Swedish UrBackup web interface translation,project-context,897689875d3425032a5b0e51,review-commit,https://github.com/yeager/translations/blob/99b199024cc1bbdcb6446e82832e120cfaec8efd/UrBackup/urbackup-webinterface-sv.po,1a0e96dff28933e8e7995fae2cf07b80314883956cbb69a8ceaabc64f55f536e,{}
3c8c047e417829cd134b0a6e,validate_err_notregexp_archive_window,Format för arkivtiden är fel,UrBackup,urbackup-webinterface-sv.po,,Bilingual translation changed in reviewed commit: Review Swedish UrBackup web interface translation,project-context,2756aa47d84cc7f14578e874,review-commit,https://github.com/yeager/translations/blob/99b199024cc1bbdcb6446e82832e120cfaec8efd/UrBackup/urbackup-webinterface-sv.po,1a0e96dff28933e8e7995fae2cf07b80314883956cbb69a8ceaabc64f55f536e,{}
3cb3718ef422abf535fe665e,tOnline,Online,UrBackup,urbackup-webinterface-sv.po,,Bilingual translation changed in reviewed commit: Review Swedish UrBackup web interface translation,project-context,77c4d724a7502a9023ac5e18,review-commit,https://github.com/yeager/translations/blob/99b199024cc1bbdcb6446e82832e120cfaec8efd/UrBackup/urbackup-webinterface-sv.po,1a0e96dff28933e8e7995fae2cf07b80314883956cbb69a8ceaabc64f55f536e,{}
3cc45d5ac0f05590f15d027b,tLocal/passive client,Lokal/passiv klient,UrBackup,urbackup-webinterface-sv.po,,Bilingual translation changed in reviewed commit: Review Swedish UrBackup web interface translation,project-context,84b16330aab97c1a4b4ca8ff,review-commit,https://github.com/yeager/translations/blob/99b199024cc1bbdcb6446e82832e120cfaec8efd/UrBackup/urbackup-webinterface-sv.po,1a0e96dff28933e8e7995fae2cf07b80314883956cbb69a8ceaabc64f55f536e,{}
3d2ffd6e4fcb0bc55d708caa,tDelete domain,Ta bort domän,UrBackup,urbackup-webinterface-sv.po,,Bilingual translation changed in reviewed commit: Review Swedish UrBackup web interface translation,project-context,d1ad9bdd361c19f1047fbc30,review-commit,https://github.com/yeager/translations/blob/99b199024cc1bbdcb6446e82832e120cfaec8efd/UrBackup/urbackup-webinterface-sv.po,1a0e96dff28933e8e7995fae2cf07b80314883956cbb69a8ceaabc64f55f536e,{}
3e41649f9220f4a85404ffab,validate_name_internet_speed,hastighetsbegränsning internetkoppling,UrBackup,urbackup-webinterface-sv.po,,Bilingual translation changed in reviewed commit: Review Swedish UrBackup web interface translation,project-context,07e6e9cb18f5a401c5a0be19,review-commit,https://github.com/yeager/translations/blob/99b199024cc1bbdcb6446e82832e120cfaec8efd/UrBackup/urbackup-webinterface-sv.po,1a0e96dff28933e8e7995fae2cf07b80314883956cbb69a8ceaabc64f55f536e,{}
3e9f79649f24cff12c41f84f,image_backup,Diskavbildsbackup,UrBackup,urbackup-webinterface-sv.po,,Bilingual translation changed in reviewed commit: Review Swedish UrBackup web interface translation,project-context,e3c0c3957dc2b57fd5277444,review-commit,https://github.com/yeager/translations/blob/99b199024cc1bbdcb6446e82832e120cfaec8efd/UrBackup/urbackup-webinterface-sv.po,1a0e96dff28933e8e7995fae2cf07b80314883956cbb69a8ceaabc64f55f536e,{}
3eb1899660f076a79b3fb6a7,username_empty,Var vänlig fyll i ett användarnamn,UrBackup,urbackup-webinterface-sv.po,,Bilingual translation changed in reviewed commit: Review Swedish UrBackup web interface translation,project-context,b7393e2c30fef3c76120bd19,review-commit,https://github.com/yeager/translations/blob/99b199024cc1bbdcb6446e82832e120cfaec8efd/UrBackup/urbackup-webinterface-sv.po,1a0e96dff28933e8e7995fae2cf07b80314883956cbb69a8ceaabc64f55f536e,{}
3ee2954653742a7a2f42ef26,tPassword for test user,Lösenord för testanvändare,UrBackup,urbackup-webinterface-sv.po,,Bilingual translation changed in reviewed commit: Review Swedish UrBackup web interface translation,project-context,ab0c0a6125026684699e4204,review-commit,https://github.com/yeager/translations/blob/99b199024cc1bbdcb6446e82832e120cfaec8efd/UrBackup/urbackup-webinterface-sv.po,1a0e96dff28933e8e7995fae2cf07b80314883956cbb69a8ceaabc64f55f536e,{}
3f0e3164fbdb698c73ba13ab,tDownload client from update server,Ladda ner klient från server,UrBackup,urbackup-webinterface-sv.po,,Bilingual translation changed in reviewed commit: Review Swedish UrBackup web interface translation,project-context,a0a3c0a276577eb76a87e02d,review-commit,https://github.com/yeager/translations/blob/99b199024cc1bbdcb6446e82832e120cfaec8efd/UrBackup/urbackup-webinterface-sv.po,1a0e96dff28933e8e7995fae2cf07b80314883956cbb69a8ceaabc64f55f536e,{}
3f68dd4806f8144a3ff020a4,tInternet/active restore authentication key,Autentiseringsnyckel för återställning via internet/aktiv klient,UrBackup,urbackup-webinterface-sv.po,,Bilingual translation changed in reviewed commit: Review Swedish UrBackup web interface translation,project-context,52af608974368f13a4f87e4c,review-commit,https://github.com/yeager/translations/blob/99b199024cc1bbdcb6446e82832e120cfaec8efd/UrBackup/urbackup-webinterface-sv.po,1a0e96dff28933e8e7995fae2cf07b80314883956cbb69a8ceaabc64f55f536e,{}
3f89307a56c6af8ca585e175,tInternet full image style,Internet komplett diskavbild,UrBackup,urbackup-webinterface-sv.po,,Bilingual translation changed in reviewed commit: Review Swedish UrBackup web interface translation,project-context,a6e2435339b8da6a089a1643,review-commit,https://github.com/yeager/translations/blob/99b199024cc1bbdcb6446e82832e120cfaec8efd/UrBackup/urbackup-webinterface-sv.po,1a0e96dff28933e8e7995fae2cf07b80314883956cbb69a8ceaabc64f55f536e,{}
3fa52837e222c07e88f5df79,year,år,UrBackup,urbackup-webinterface-sv.po,,Bilingual translation changed in reviewed commit: Review Swedish UrBackup web interface translation,project-context,8636f6c071427a83f347d946,review-commit,https://github.com/yeager/translations/blob/99b199024cc1bbdcb6446e82832e120cfaec8efd/UrBackup/urbackup-webinterface-sv.po,1a0e96dff28933e8e7995fae2cf07b80314883956cbb69a8ceaabc64f55f536e,{}
3fd4e7c79074a366d0265f34,tChange password for user,Ändra lösenord för användare,UrBackup,urbackup-webinterface-sv.po,,Bilingual translation changed in reviewed commit: Review Swedish UrBackup web interface translation,project-context,650232e42782df74e98042f7,review-commit,https://github.com/yeager/translations/blob/99b199024cc1bbdcb6446e82832e120cfaec8efd/UrBackup/urbackup-webinterface-sv.po,1a0e96dff28933e8e7995fae2cf07b80314883956cbb69a8ceaabc64f55f536e,{}
40099e4d6df531c9efb1f2c0,creating_filescache_text,UrBackup skapar filpostindexet. Beroende på antalet filer kan det ta ett tag. Var tålmodig.,UrBackup,urbackup-webinterface-sv.po,,Bilingual translation changed in reviewed commit: Review Swedish UrBackup web interface translation,project-context,289208a18e6d4825ad774580,review-commit,https://github.com/yeager/translations/blob/99b199024cc1bbdcb6446e82832e120cfaec8efd/UrBackup/urbackup-webinterface-sv.po,1a0e96dff28933e8e7995fae2cf07b80314883956cbb69a8ceaabc64f55f536e,{}
40d0eb8c1bd48771baed465e,tImage backup information,Diskavbildsbackup information,UrBackup,urbackup-webinterface-sv.po,,Bilingual translation changed in reviewed commit: Review Swedish UrBackup web interface translation,project-context,70414adb303c46e6ce81f609,review-commit,https://github.com/yeager/translations/blob/99b199024cc1bbdcb6446e82832e120cfaec8efd/UrBackup/urbackup-webinterface-sv.po,1a0e96dff28933e8e7995fae2cf07b80314883956cbb69a8ceaabc64f55f536e,{}
40e516bd684de28851c78b1e,archived_ref,Diskavbildsbackup som är beroende av denna säkerhetskopia är arkiverad,UrBackup,urbackup-webinterface-sv.po,,Bilingual translation changed in reviewed commit: Review Swedish UrBackup web interface translation,project-context,9c6637cc43c5acc8e1107e72,review-commit,https://github.com/yeager/translations/blob/99b199024cc1bbdcb6446e82832e120cfaec8efd/UrBackup/urbackup-webinterface-sv.po,1a0e96dff28933e8e7995fae2cf07b80314883956cbb69a8ceaabc64f55f536e,{}
413a0364b77590d65f5f9bfb,tCompressed VHD (Compressed non-standard Virtual HardDisk),Komprimerad VHD (komprimerad ej standard virtuell hårddisk),UrBackup,urbackup-webinterface-sv.po,,Bilingual translation changed in reviewed commit: Review Swedish UrBackup web interface translation,project-context,75979d0ef7c0e08fdc8fa12a,review-commit,https://github.com/yeager/translations/blob/99b199024cc1bbdcb6446e82832e120cfaec8efd/UrBackup/urbackup-webinterface-sv.po,1a0e96dff28933e8e7995fae2cf07b80314883956cbb69a8ceaabc64f55f536e,{}
419ba129f1f7b0c472f7c928,tArchival setting from here,Arkiveringsinställning härifrån,UrBackup,urbackup-webinterface-sv.po,,Bilingual translation changed in reviewed commit: Review Swedish UrBackup web interface translation,project-context,609683899da7da4d69ff2f8f,review-commit,https://github.com/yeager/translations/blob/99b199024cc1bbdcb6446e82832e120cfaec8efd/UrBackup/urbackup-webinterface-sv.po,1a0e96dff28933e8e7995fae2cf07b80314883956cbb69a8ceaabc64f55f536e,{}
41a45180d435312af537a5fe,tInternet server port,Port för internetadress,UrBackup,urbackup-webinterface-sv.po,,Bilingual translation changed in reviewed commit: Review Swedish UrBackup web interface translation,project-context,51ffcb1a2cca618171c589e8,review-commit,https://github.com/yeager/translations/blob/99b199024cc1bbdcb6446e82832e120cfaec8efd/UrBackup/urbackup-webinterface-sv.po,1a0e96dff28933e8e7995fae2cf07b80314883956cbb69a8ceaabc64f55f536e,{}
42136d92521e428063e6cb5f,interval_years,år,UrBackup,urbackup-webinterface-sv.po,,Bilingual translation changed in reviewed commit: Review Swedish UrBackup web interface translation,project-context,a53002b5a501775dffbe7643,review-commit,https://github.com/yeager/translations/blob/99b199024cc1bbdcb6446e82832e120cfaec8efd/UrBackup/urbackup-webinterface-sv.po,1a0e96dff28933e8e7995fae2cf07b80314883956cbb69a8ceaabc64f55f536e,{}
423aca8c3427635536b747a7,locked_ref,Inkrementell diskavbildsbackup baserat på denna säkerhetskopia används för närvarande,UrBackup,urbackup-webinterface-sv.po,,Bilingual translation changed in reviewed commit: Review Swedish UrBackup web interface translation,project-context,624c74d2bcfccdd50bf73dc5,review-commit,https://github.com/yeager/translations/blob/99b199024cc1bbdcb6446e82832e120cfaec8efd/UrBackup/urbackup-webinterface-sv.po,1a0e96dff28933e8e7995fae2cf07b80314883956cbb69a8ceaabc64f55f536e,{}
42f97ed940a6341c7bce97d8,tDelay after system startup,Fördröjd start,UrBackup,urbackup-webinterface-sv.po,,Bilingual translation changed in reviewed commit: Review Swedish UrBackup web interface translation,project-context,e5387fe2991edc5b47853a53,review-commit,https://github.com/yeager/translations/blob/99b199024cc1bbdcb6446e82832e120cfaec8efd/UrBackup/urbackup-webinterface-sv.po,1a0e96dff28933e8e7995fae2cf07b80314883956cbb69a8ceaabc64f55f536e,{}
431b1e73743a6e009b506dda,tGlobal soft filesystem quota,Globalt filsystemskvot,UrBackup,urbackup-webinterface-sv.po,,Bilingual translation changed in reviewed commit: Review Swedish UrBackup web interface translation,project-context,c997049e66b776579e5c8db7,review-commit,https://github.com/yeager/translations/blob/99b199024cc1bbdcb6446e82832e120cfaec8efd/UrBackup/urbackup-webinterface-sv.po,1a0e96dff28933e8e7995fae2cf07b80314883956cbb69a8ceaabc64f55f536e,{}
4328a57d58b3eed063e5634d,tLogin,Logga in,UrBackup,urbackup-webinterface-sv.po,,Bilingual translation changed in reviewed commit: Review Swedish UrBackup web interface translation,project-context,4a2c642c20f7de4c172c0fb3,review-commit,https://github.com/yeager/translations/blob/99b199024cc1bbdcb6446e82832e120cfaec8efd/UrBackup/urbackup-webinterface-sv.po,1a0e96dff28933e8e7995fae2cf07b80314883956cbb69a8ceaabc64f55f536e,{}
438d6ec5ecfeaa2e0915f029,tImage Backups,Diskbackuper,UrBackup,urbackup-webinterface-sv.po,,Bilingual translation changed in reviewed commit: Review Swedish UrBackup web interface translation,project-context,cb4dd0371b3bc6456c7944df,review-commit,https://github.com/yeager/translations/blob/99b199024cc1bbdcb6446e82832e120cfaec8efd/UrBackup/urbackup-webinterface-sv.po,1a0e96dff28933e8e7995fae2cf07b80314883956cbb69a8ceaabc64f55f536e,{}
439050a99d23fef49762951d,forever,för alltid,UrBackup,urbackup-webinterface-sv.po,,Bilingual translation changed in reviewed commit: Review Swedish UrBackup web interface translation,project-context,a9655d95c428b0b8b7ef809f,review-commit,https://github.com/yeager/translations/blob/99b199024cc1bbdcb6446e82832e120cfaec8efd/UrBackup/urbackup-webinterface-sv.po,1a0e96dff28933e8e7995fae2cf07b80314883956cbb69a8ceaabc64f55f536e,{}
43b7e6af43a263e950453074,tInternet/active full image style,Stil för fullständig diskavbild via internet/aktiv klient,UrBackup,urbackup-webinterface-sv.po,,Bilingual translation changed in reviewed commit: Review Swedish UrBackup web interface translation,project-context,6f663a505df3f343c3c9d685,review-commit,https://github.com/yeager/translations/blob/99b199024cc1bbdcb6446e82832e120cfaec8efd/UrBackup/urbackup-webinterface-sv.po,1a0e96dff28933e8e7995fae2cf07b80314883956cbb69a8ceaabc64f55f536e,{}
4559e438613af262311e551a,action_9,Återställ disk,UrBackup,urbackup-webinterface-sv.po,,Bilingual translation changed in reviewed commit: Review Swedish UrBackup web interface translation,project-context,e04d638d21fb520578469993,review-commit,https://github.com/yeager/translations/blob/99b199024cc1bbdcb6446e82832e120cfaec8efd/UrBackup/urbackup-webinterface-sv.po,1a0e96dff28933e8e7995fae2cf07b80314883956cbb69a8ceaabc64f55f536e,{}
45ee08d8564146821e9cfb6f,tInterval for incremental file backups,Intervall för inkrementella filbackuper,UrBackup,urbackup-webinterface-sv.po,,Bilingual translation changed in reviewed commit: Review Swedish UrBackup web interface translation,project-context,578e877a13ec31c343deb4bb,review-commit,https://github.com/yeager/translations/blob/99b199024cc1bbdcb6446e82832e120cfaec8efd/UrBackup/urbackup-webinterface-sv.po,1a0e96dff28933e8e7995fae2cf07b80314883956cbb69a8ceaabc64f55f536e,{}
45fda86c699e5fff6130d78e,tTemporary files as file backup buffer,Temporära filer som buffer vid filbackup,UrBackup,urbackup-webinterface-sv.po,,Bilingual translation changed in reviewed commit: Review Swedish UrBackup web interface translation,project-context,a0af92092f9e96bfd99f23a3,review-commit,https://github.com/yeager/translations/blob/99b199024cc1bbdcb6446e82832e120cfaec8efd/UrBackup/urbackup-webinterface-sv.po,1a0e96dff28933e8e7995fae2cf07b80314883956cbb69a8ceaabc64f55f536e,{}
4610e6db9bf31bf7831c6d20,validate_name_update_freq_full,intervall för kompletta filbackuper,UrBackup,urbackup-webinterface-sv.po,,Bilingual translation changed in reviewed commit: Review Swedish UrBackup web interface translation,project-context,f1e3ca0d482030d3020eb316,review-commit,https://github.com/yeager/translations/blob/99b199024cc1bbdcb6446e82832e120cfaec8efd/UrBackup/urbackup-webinterface-sv.po,1a0e96dff28933e8e7995fae2cf07b80314883956cbb69a8ceaabc64f55f536e,{}
468f2c64b4fa690e6840d157,tSuccessfull,Lyckades,UrBackup,urbackup-webinterface-sv.po,,Bilingual translation changed in reviewed commit: Review Swedish UrBackup web interface translation,project-context,0632018e10d75c6f0292f7bd,review-commit,https://github.com/yeager/translations/blob/99b199024cc1bbdcb6446e82832e120cfaec8efd/UrBackup/urbackup-webinterface-sv.po,1a0e96dff28933e8e7995fae2cf07b80314883956cbb69a8ceaabc64f55f536e,{}
46c2059ffa9b542d99cf9adf,tArchived,Arkiverad,UrBackup,urbackup-webinterface-sv.po,,Bilingual translation changed in reviewed commit: Review Swedish UrBackup web interface translation,project-context,da162b4b2d1f7b7c18633595,review-commit,https://github.com/yeager/translations/blob/99b199024cc1bbdcb6446e82832e120cfaec8efd/UrBackup/urbackup-webinterface-sv.po,1a0e96dff28933e8e7995fae2cf07b80314883956cbb69a8ceaabc64f55f536e,{}
473129d0ce83cdf6542c8d77,all,Alla,UrBackup,urbackup-webinterface-sv.po,,Bilingual translation changed in reviewed commit: Review Swedish UrBackup web interface translation,project-context,21ed7c37ff80347d20a6015f,review-commit,https://github.com/yeager/translations/blob/99b199024cc1bbdcb6446e82832e120cfaec8efd/UrBackup/urbackup-webinterface-sv.po,1a0e96dff28933e8e7995fae2cf07b80314883956cbb69a8ceaabc64f55f536e,{}
4735d02187ef488c430ebe5e,tFiles,Filer,UrBackup,urbackup-webinterface-sv.po,,Bilingual translation changed in reviewed commit: Review Swedish UrBackup web interface translation,project-context,53348b75344f2220b1cffb80,review-commit,https://github.com/yeager/translations/blob/99b199024cc1bbdcb6446e82832e120cfaec8efd/UrBackup/urbackup-webinterface-sv.po,1a0e96dff28933e8e7995fae2cf07b80314883956cbb69a8ceaabc64f55f536e,{}
47ffdb6f61006a7cb3cf0e89,change_pw,Ändra lösenord,UrBackup,urbackup-webinterface-sv.po,,Bilingual translation changed in reviewed commit: Review Swedish UrBackup web interface translation,project-context,9013896bd7ecd187a050ada1,review-commit,https://github.com/yeager/translations/blob/99b199024cc1bbdcb6446e82832e120cfaec8efd/UrBackup/urbackup-webinterface-sv.po,1a0e96dff28933e8e7995fae2cf07b80314883956cbb69a8ceaabc64f55f536e,{}
49202ea5094e2001328a0d71,tLive Log,Rullande log,UrBackup,urbackup-webinterface-sv.po,,Bilingual translation changed in reviewed commit: Review Swedish UrBackup web interface translation,project-context,56de97db611e01cc78ec7ea9,review-commit,https://github.com/yeager/translations/blob/99b199024cc1bbdcb6446e82832e120cfaec8efd/UrBackup/urbackup-webinterface-sv.po,1a0e96dff28933e8e7995fae2cf07b80314883956cbb69a8ceaabc64f55f536e,{}
4964d825ce2d3c318d2a8be3,tClient version,Klientversion,UrBackup,urbackup-webinterface-sv.po,,Bilingual translation changed in reviewed commit: Review Swedish UrBackup web interface translation,project-context,3caee7af6f3bdaa17f8cb035,review-commit,https://github.com/yeager/translations/blob/99b199024cc1bbdcb6446e82832e120cfaec8efd/UrBackup/urbackup-webinterface-sv.po,1a0e96dff28933e8e7995fae2cf07b80314883956cbb69a8ceaabc64f55f536e,{}
49d371e5b64422d03fc84a40,wait_for_archive_window,Väntar på tidpunkt nästa körning,UrBackup,urbackup-webinterface-sv.po,,Bilingual translation changed in reviewed commit: Review Swedish UrBackup web interface translation,project-context,126b32df9e1116256cd95469,review-commit,https://github.com/yeager/translations/blob/99b199024cc1bbdcb6446e82832e120cfaec8efd/UrBackup/urbackup-webinterface-sv.po,1a0e96dff28933e8e7995fae2cf07b80314883956cbb69a8ceaabc64f55f536e,{}
4a30d55e20e33addb83341d1,(filtered from _MAX_ total entries),(filtrerad från _MAX_totala inlägg,UrBackup,urbackup-webinterface-sv.po,,Bilingual translation changed in reviewed commit: Review Swedish UrBackup web interface translation,project-context,b9aa985464998f3b23ad8a46,review-commit,https://github.com/yeager/translations/blob/99b199024cc1bbdcb6446e82832e120cfaec8efd/UrBackup/urbackup-webinterface-sv.po,1a0e96dff28933e8e7995fae2cf07b80314883956cbb69a8ceaabc64f55f536e,{}
4a8ab433dd9213eea766b76a,tFile system type,Filsystemtyp,UrBackup,urbackup-webinterface-sv.po,,Bilingual translation changed in reviewed commit: Review Swedish UrBackup web interface translation,project-context,adb8c3f33a7c2cbf6282a7a3,review-commit,https://github.com/yeager/translations/blob/99b199024cc1bbdcb6446e82832e120cfaec8efd/UrBackup/urbackup-webinterface-sv.po,1a0e96dff28933e8e7995fae2cf07b80314883956cbb69a8ceaabc64f55f536e,{}
4b5dfe40c4fb40e455a7af4a,tInterval for full file backups,Intervall för kompletta filbackuper,UrBackup,urbackup-webinterface-sv.po,,Bilingual translation changed in reviewed commit: Review Swedish UrBackup web interface translation,project-context,ecd0071278a273729dc51ad3,review-commit,https://github.com/yeager/translations/blob/99b199024cc1bbdcb6446e82832e120cfaec8efd/UrBackup/urbackup-webinterface-sv.po,1a0e96dff28933e8e7995fae2cf07b80314883956cbb69a8ceaabc64f55f536e,{}
4b65aca92d725e989a357e6c,tFilter,Filter,UrBackup,urbackup-webinterface-sv.po,,Bilingual translation changed in reviewed commit: Review Swedish UrBackup web interface translation,project-context,2e1124def55337c38ff61dda,review-commit,https://github.com/yeager/translations/blob/99b199024cc1bbdcb6446e82832e120cfaec8efd/UrBackup/urbackup-webinterface-sv.po,1a0e96dff28933e8e7995fae2cf07b80314883956cbb69a8ceaabc64f55f536e,{}
4ba0c641adfd3ed8fdeebc3e,tDelete,Ta bort,UrBackup,urbackup-webinterface-sv.po,,Bilingual translation changed in reviewed commit: Review Swedish UrBackup web interface translation,project-context,7b67c2cbd18ed7b8a087fc69,review-commit,https://github.com/yeager/translations/blob/99b199024cc1bbdcb6446e82832e120cfaec8efd/UrBackup/urbackup-webinterface-sv.po,1a0e96dff28933e8e7995fae2cf07b80314883956cbb69a8ceaabc64f55f536e,{}
4bbb7516641cf1ba11d86f53,tforever,för alltid,UrBackup,urbackup-webinterface-sv.po,,Bilingual translation changed in reviewed commit: Review Swedish UrBackup web interface translation,project-context,0ecc1b136d547436408e5f86,review-commit,https://github.com/yeager/translations/blob/99b199024cc1bbdcb6446e82832e120cfaec8efd/UrBackup/urbackup-webinterface-sv.po,1a0e96dff28933e8e7995fae2cf07b80314883956cbb69a8ceaabc64f55f536e,{}
4be0c650f1f86c708aeea75d,tBack,Tillbaka,UrBackup,urbackup-webinterface-sv.po,,Bilingual translation changed in reviewed commit: Review Swedish UrBackup web interface translation,project-context,8394e99d840892c507f2c4f2,review-commit,https://github.com/yeager/translations/blob/99b199024cc1bbdcb6446e82832e120cfaec8efd/UrBackup/urbackup-webinterface-sv.po,1a0e96dff28933e8e7995fae2cf07b80314883956cbb69a8ceaabc64f55f536e,{}
4c11ed09e59fd93efe03688f,tChoice (separated by ,Val (separerat med ,UrBackup,urbackup-webinterface-sv.po,,Bilingual translation changed in reviewed commit: Review Swedish UrBackup web interface translation,project-context,56339ed7e4ff598fab1f588d,review-commit,https://github.com/yeager/translations/blob/99b199024cc1bbdcb6446e82832e120cfaec8efd/UrBackup/urbackup-webinterface-sv.po,1a0e96dff28933e8e7995fae2cf07b80314883956cbb69a8ceaabc64f55f536e,{}
4c3e90b138ae9358c10e9266,No data available in table,Ingen data tillgänglig i tabellen,UrBackup,urbackup-webinterface-sv.po,,Bilingual translation changed in reviewed commit: Review Swedish UrBackup web interface translation,project-context,26bc508cf61d86f603575857,review-commit,https://github.com/yeager/translations/blob/99b199024cc1bbdcb6446e82832e120cfaec8efd/UrBackup/urbackup-webinterface-sv.po,1a0e96dff28933e8e7995fae2cf07b80314883956cbb69a8ceaabc64f55f536e,{}
4c7d13939ddea7648945f511,validate_name_max_image_incr,högsta antal inkrementella diskbackuper,UrBackup,urbackup-webinterface-sv.po,,Bilingual translation changed in reviewed commit: Review Swedish UrBackup web interface translation,project-context,d168ab2daba54c091cfae57e,review-commit,https://github.com/yeager/translations/blob/99b199024cc1bbdcb6446e82832e120cfaec8efd/UrBackup/urbackup-webinterface-sv.po,1a0e96dff28933e8e7995fae2cf07b80314883956cbb69a8ceaabc64f55f536e,{}
4c9a56b7ac68615a0face5cc,tDownload preconfigured client installer for Windows,Ladda ner förinställd klientinstallation för Windows,UrBackup,urbackup-webinterface-sv.po,,Bilingual translation changed in reviewed commit: Review Swedish UrBackup web interface translation,project-context,546b8c627529cec6ae30ebe7,review-commit,https://github.com/yeager/translations/blob/99b199024cc1bbdcb6446e82832e120cfaec8efd/UrBackup/urbackup-webinterface-sv.po,1a0e96dff28933e8e7995fae2cf07b80314883956cbb69a8ceaabc64f55f536e,{}
4cfc11bc5ba8fb6748ea045f,tDo image backups as Internet/active client,Gör diskavbildssäkerhetskopior som internet-/aktiv klient,UrBackup,urbackup-webinterface-sv.po,,Bilingual translation changed in reviewed commit: Review Swedish UrBackup web interface translation,project-context,83b6f5aaec64488b1c464376,review-commit,https://github.com/yeager/translations/blob/99b199024cc1bbdcb6446e82832e120cfaec8efd/UrBackup/urbackup-webinterface-sv.po,1a0e96dff28933e8e7995fae2cf07b80314883956cbb69a8ceaabc64f55f536e,{}
4d7bd64254d6414899c6b8d6,validate_name_max_active_clients,max antal nyligen aktiva klienter,UrBackup,urbackup-webinterface-sv.po,,Bilingual translation changed in reviewed commit: Review Swedish UrBackup web interface translation,project-context,bcf42c2fc9a9f7e53d77c08f,review-commit,https://github.com/yeager/translations/blob/99b199024cc1bbdcb6446e82832e120cfaec8efd/UrBackup/urbackup-webinterface-sv.po,1a0e96dff28933e8e7995fae2cf07b80314883956cbb69a8ceaabc64f55f536e,{}
4dd6b823eb3ce8d8ac199d89,admin_create,Administratör,UrBackup,urbackup-webinterface-sv.po,,Bilingual translation changed in reviewed commit: Review Swedish UrBackup web interface translation,project-context,46e062988e8f79125d75757b,review-commit,https://github.com/yeager/translations/blob/99b199024cc1bbdcb6446e82832e120cfaec8efd/UrBackup/urbackup-webinterface-sv.po,1a0e96dff28933e8e7995fae2cf07b80314883956cbb69a8ceaabc64f55f536e,{}
4e7ed491913ba1706ddc3256,Last,Sista,UrBackup,urbackup-webinterface-sv.po,,Bilingual translation changed in reviewed commit: Review Swedish UrBackup web interface translation,project-context,817bce176161d6feb93c4818,review-commit,https://github.com/yeager/translations/blob/99b199024cc1bbdcb6446e82832e120cfaec8efd/UrBackup/urbackup-webinterface-sv.po,1a0e96dff28933e8e7995fae2cf07b80314883956cbb69a8ceaabc64f55f536e,{}
4e8a9db159778ef368b414e1,tExtra clients,Extra klienter,UrBackup,urbackup-webinterface-sv.po,,Bilingual translation changed in reviewed commit: Review Swedish UrBackup web interface translation,project-context,8d8d3fc00ce9f7fab7cd90d6,review-commit,https://github.com/yeager/translations/blob/99b199024cc1bbdcb6446e82832e120cfaec8efd/UrBackup/urbackup-webinterface-sv.po,1a0e96dff28933e8e7995fae2cf07b80314883956cbb69a8ceaabc64f55f536e,{}
4eb060924fc46cc785849f54,tBackup window for incremental file backups,Tidsintervall för inkrementell filbackup,UrBackup,urbackup-webinterface-sv.po,,Bilingual translation changed in reviewed commit: Review Swedish UrBackup web interface translation,project-context,477c2e8e7dad4c5f7390d320,review-commit,https://github.com/yeager/translations/blob/99b199024cc1bbdcb6446e82832e120cfaec8efd/UrBackup/urbackup-webinterface-sv.po,1a0e96dff28933e8e7995fae2cf07b80314883956cbb69a8ceaabc64f55f536e,{}
4f3737b2007cd1aab66759f9,image_locked,Diskavbildsbackup används för närvarande,UrBackup,urbackup-webinterface-sv.po,,Bilingual translation changed in reviewed commit: Review Swedish UrBackup web interface translation,project-context,1b38a255fdb5168c3fe285a4,review-commit,https://github.com/yeager/translations/blob/99b199024cc1bbdcb6446e82832e120cfaec8efd/UrBackup/urbackup-webinterface-sv.po,1a0e96dff28933e8e7995fae2cf07b80314883956cbb69a8ceaabc64f55f536e,{}
4f469fb7f7a49ba7905ffe88,tDisable,Inaktivera,UrBackup,urbackup-webinterface-sv.po,,Bilingual translation changed in reviewed commit: Review Swedish UrBackup web interface translation,project-context,220e15ec921b5aede7257dc1,review-commit,https://github.com/yeager/translations/blob/99b199024cc1bbdcb6446e82832e120cfaec8efd/UrBackup/urbackup-webinterface-sv.po,1a0e96dff28933e8e7995fae2cf07b80314883956cbb69a8ceaabc64f55f536e,{}
4fa38f859552f7e4bcc553d8,tDownload folder as ZIP,Ladda ner mappen som zip-fil,UrBackup,urbackup-webinterface-sv.po,,Bilingual translation changed in reviewed commit: Review Swedish UrBackup web interface translation,project-context,e623d10e5a4fd51ee9fc7d1d,review-commit,https://github.com/yeager/translations/blob/99b199024cc1bbdcb6446e82832e120cfaec8efd/UrBackup/urbackup-webinterface-sv.po,1a0e96dff28933e8e7995fae2cf07b80314883956cbb69a8ceaabc64f55f536e,{}
504cd6bd6431aeb62dbe303e,nav_item_1,Inställningar,UrBackup,urbackup-webinterface-sv.po,,Bilingual translation changed in reviewed commit: Review Swedish UrBackup web interface translation,project-context,bc1cabe633800fc55a62197c,review-commit,https://github.com/yeager/translations/blob/99b199024cc1bbdcb6446e82832e120cfaec8efd/UrBackup/urbackup-webinterface-sv.po,1a0e96dff28933e8e7995fae2cf07b80314883956cbb69a8ceaabc64f55f536e,{}
5072db376d0c26387ed4c798,tDelete group,Ta bort grupp,UrBackup,urbackup-webinterface-sv.po,,Bilingual translation changed in reviewed commit: Review Swedish UrBackup web interface translation,project-context,bd09ea4111b553f83955c917,review-commit,https://github.com/yeager/translations/blob/99b199024cc1bbdcb6446e82832e120cfaec8efd/UrBackup/urbackup-webinterface-sv.po,1a0e96dff28933e8e7995fae2cf07b80314883956cbb69a8ceaabc64f55f536e,{}
50d7cef4ad54c56c7fba1639,queued_backup,Backup i kö,UrBackup,urbackup-webinterface-sv.po,,Bilingual translation changed in reviewed commit: Review Swedish UrBackup web interface translation,project-context,45f9843fba0719134ec37ba0,review-commit,https://github.com/yeager/translations/blob/99b199024cc1bbdcb6446e82832e120cfaec8efd/UrBackup/urbackup-webinterface-sv.po,1a0e96dff28933e8e7995fae2cf07b80314883956cbb69a8ceaabc64f55f536e,{}
514208e6b40d580a3eae3226,tFull file backup,Komplett filbackup,UrBackup,urbackup-webinterface-sv.po,,Bilingual translation changed in reviewed commit: Review Swedish UrBackup web interface translation,project-context,29f32574b5dcef695ef8ab22,review-commit,https://github.com/yeager/translations/blob/99b199024cc1bbdcb6446e82832e120cfaec8efd/UrBackup/urbackup-webinterface-sv.po,1a0e96dff28933e8e7995fae2cf07b80314883956cbb69a8ceaabc64f55f536e,{}
514f7aedc6fcd3bc242f606a,tAdd client,Lägg till klient,UrBackup,urbackup-webinterface-sv.po,,Bilingual translation changed in reviewed commit: Review Swedish UrBackup web interface translation,project-context,9776f3af245aeac171b199a2,review-commit,https://github.com/yeager/translations/blob/99b199024cc1bbdcb6446e82832e120cfaec8efd/UrBackup/urbackup-webinterface-sv.po,1a0e96dff28933e8e7995fae2cf07b80314883956cbb69a8ceaabc64f55f536e,{}
519d093a2f111ae8ce8b1466,tAll,Alla,UrBackup,urbackup-webinterface-sv.po,,Bilingual translation changed in reviewed commit: Review Swedish UrBackup web interface translation,project-context,531e39d41253e5ab5c60b593,review-commit,https://github.com/yeager/translations/blob/99b199024cc1bbdcb6446e82832e120cfaec8efd/UrBackup/urbackup-webinterface-sv.po,1a0e96dff28933e8e7995fae2cf07b80314883956cbb69a8ceaabc64f55f536e,{}
51e9eb9a6d2ed967422e04cf,nav_item_3,Loggar,UrBackup,urbackup-webinterface-sv.po,,Bilingual translation changed in reviewed commit: Review Swedish UrBackup web interface translation,project-context,f2827a19613048258d945860,review-commit,https://github.com/yeager/translations/blob/99b199024cc1bbdcb6446e82832e120cfaec8efd/UrBackup/urbackup-webinterface-sv.po,1a0e96dff28933e8e7995fae2cf07b80314883956cbb69a8ceaabc64f55f536e,{}
529e4e4cbbb3d3d6210005a1,tSize,Storlek,UrBackup,urbackup-webinterface-sv.po,,Bilingual translation changed in reviewed commit: Review Swedish UrBackup web interface translation,project-context,5969acb1025e3df92810f6cc,review-commit,https://github.com/yeager/translations/blob/99b199024cc1bbdcb6446e82832e120cfaec8efd/UrBackup/urbackup-webinterface-sv.po,1a0e96dff28933e8e7995fae2cf07b80314883956cbb69a8ceaabc64f55f536e,{}
53b9042f5ffd2a064046beb4,tFile backup,Filbackuper,UrBackup,urbackup-webinterface-sv.po,,Bilingual translation changed in reviewed commit: Review Swedish UrBackup web interface translation,project-context,08f736011254c1b727bad9d4,review-commit,https://github.com/yeager/translations/blob/99b199024cc1bbdcb6446e82832e120cfaec8efd/UrBackup/urbackup-webinterface-sv.po,1a0e96dff28933e8e7995fae2cf07b80314883956cbb69a8ceaabc64f55f536e,{}
53f123240141b2c29da5bdc4,tAdd Email Address,Lägg till emailalias,UrBackup,urbackup-webinterface-sv.po,,Bilingual translation changed in reviewed commit: Review Swedish UrBackup web interface translation,project-context,2e10c9b40a60c51980dbd70f,review-commit,https://github.com/yeager/translations/blob/99b199024cc1bbdcb6446e82832e120cfaec8efd/UrBackup/urbackup-webinterface-sv.po,1a0e96dff28933e8e7995fae2cf07b80314883956cbb69a8ceaabc64f55f536e,{}
5408ea141a5b6e940aee3850,tMax number of simultaneous backups,Högsta antal samtidiga backuper,UrBackup,urbackup-webinterface-sv.po,,Bilingual translation changed in reviewed commit: Review Swedish UrBackup web interface translation,project-context,4b1acdec2b6d37347ce6a9bc,review-commit,https://github.com/yeager/translations/blob/99b199024cc1bbdcb6446e82832e120cfaec8efd/UrBackup/urbackup-webinterface-sv.po,1a0e96dff28933e8e7995fae2cf07b80314883956cbb69a8ceaabc64f55f536e,{}
54ff7253364d170dfaf391d5,action_11,Kontrollerar databasintegritet,UrBackup,urbackup-webinterface-sv.po,,Bilingual translation changed in reviewed commit: Review Swedish UrBackup web interface translation,project-context,65aab4bb782a97463fb9a125,review-commit,https://github.com/yeager/translations/blob/99b199024cc1bbdcb6446e82832e120cfaec8efd/UrBackup/urbackup-webinterface-sv.po,1a0e96dff28933e8e7995fae2cf07b80314883956cbb69a8ceaabc64f55f536e,{}
55223b59f54ef33538cd2759,unarchived_in,Kommer att sluta arkiveras i,UrBackup,urbackup-webinterface-sv.po,,Bilingual translation changed in reviewed commit: Review Swedish UrBackup web interface translation,project-context,2792e67d441db34e86ad3a52,review-commit,https://github.com/yeager/translations/blob/99b199024cc1bbdcb6446e82832e120cfaec8efd/UrBackup/urbackup-webinterface-sv.po,1a0e96dff28933e8e7995fae2cf07b80314883956cbb69a8ceaabc64f55f536e,{}
552e61978ea529a467de59f9,tVolume:,Enhet:,UrBackup,urbackup-webinterface-sv.po,,Bilingual translation changed in reviewed commit: Review Swedish UrBackup web interface translation,project-context,2c1c99f2b6bbcf4c6f88fe34,review-commit,https://github.com/yeager/translations/blob/99b199024cc1bbdcb6446e82832e120cfaec8efd/UrBackup/urbackup-webinterface-sv.po,1a0e96dff28933e8e7995fae2cf07b80314883956cbb69a8ceaabc64f55f536e,{}
555394a260bb45520d4e585b,tInternet restore authentication key,Autentiseringsnyckel för internetåterställning,UrBackup,urbackup-webinterface-sv.po,,Bilingual translation changed in reviewed commit: Review Swedish UrBackup web interface translation,project-context,8721bef7651ed6fdace1ad6a,review-commit,https://github.com/yeager/translations/blob/99b199024cc1bbdcb6446e82832e120cfaec8efd/UrBackup/urbackup-webinterface-sv.po,1a0e96dff28933e8e7995fae2cf07b80314883956cbb69a8ceaabc64f55f536e,{}
559454baf76b63afbb3ae17b,validate_name_max_file_full,högsta antal kompletta filbackuper,UrBackup,urbackup-webinterface-sv.po,,Bilingual translation changed in reviewed commit: Review Swedish UrBackup web interface translation,project-context,e9e176bf038b25d612d27211,review-commit,https://github.com/yeager/translations/blob/99b199024cc1bbdcb6446e82832e120cfaec8efd/UrBackup/urbackup-webinterface-sv.po,1a0e96dff28933e8e7995fae2cf07b80314883956cbb69a8ceaabc64f55f536e,{}
55cb411822b873cbacd9d82b,tRaw,Raw,UrBackup,urbackup-webinterface-sv.po,,Bilingual translation changed in reviewed commit: Review Swedish UrBackup web interface translation,project-context,7548b4ee54064cfd0ccbb99e,review-commit,https://github.com/yeager/translations/blob/99b199024cc1bbdcb6446e82832e120cfaec8efd/UrBackup/urbackup-webinterface-sv.po,1a0e96dff28933e8e7995fae2cf07b80314883956cbb69a8ceaabc64f55f536e,{}
567f5b3aead60bf186f4fce1,tNext archival,Nästa arkivering,UrBackup,urbackup-webinterface-sv.po,,Bilingual translation changed in reviewed commit: Review Swedish UrBackup web interface translation,project-context,c949d9b8ba6562d5e06e2ed5,review-commit,https://github.com/yeager/translations/blob/99b199024cc1bbdcb6446e82832e120cfaec8efd/UrBackup/urbackup-webinterface-sv.po,1a0e96dff28933e8e7995fae2cf07b80314883956cbb69a8ceaabc64f55f536e,{}
56ec655160d266a8b3a4bd46,tEncrypted transfer,Krypterad överföring,UrBackup,urbackup-webinterface-sv.po,,Bilingual translation changed in reviewed commit: Review Swedish UrBackup web interface translation,project-context,aea0cbe76eded13e67c94961,review-commit,https://github.com/yeager/translations/blob/99b199024cc1bbdcb6446e82832e120cfaec8efd/UrBackup/urbackup-webinterface-sv.po,1a0e96dff28933e8e7995fae2cf07b80314883956cbb69a8ceaabc64f55f536e,{}
579a57ffa4dec310eada1709,sInfoThousands,",",UrBackup,urbackup-webinterface-sv.po,,Bilingual translation changed in reviewed commit: Review Swedish UrBackup web interface translation,project-context,f12a76fddb83d5962aa8e17d,review-commit,https://github.com/yeager/translations/blob/99b199024cc1bbdcb6446e82832e120cfaec8efd/UrBackup/urbackup-webinterface-sv.po,1a0e96dff28933e8e7995fae2cf07b80314883956cbb69a8ceaabc64f55f536e,{}
57b48596dedfb85d2c1bbac0,Show _MENU_ entries,Visa _MENU_ inlägg,UrBackup,urbackup-webinterface-sv.po,,Bilingual translation changed in reviewed commit: Review Swedish UrBackup web interface translation,project-context,14de89e9c62fb4ff133a011f,review-commit,https://github.com/yeager/translations/blob/99b199024cc1bbdcb6446e82832e120cfaec8efd/UrBackup/urbackup-webinterface-sv.po,1a0e96dff28933e8e7995fae2cf07b80314883956cbb69a8ceaabc64f55f536e,{}
586e14feb27202dd5ec961a5,tServer identity,Server identitet,UrBackup,urbackup-webinterface-sv.po,,Bilingual translation changed in reviewed commit: Review Swedish UrBackup web interface translation,project-context,22b197da815c54164a532f48,review-commit,https://github.com/yeager/translations/blob/99b199024cc1bbdcb6446e82832e120cfaec8efd/UrBackup/urbackup-webinterface-sv.po,1a0e96dff28933e8e7995fae2cf07b80314883956cbb69a8ceaabc64f55f536e,{}
58d3ff8dc2a9ac8d8024d393,validate_name_computername,Datornamn,UrBackup,urbackup-webinterface-sv.po,,Bilingual translation changed in reviewed commit: Review Swedish UrBackup web interface translation,project-context,08f8e028818eb3f7095bccb6,review-commit,https://github.com/yeager/translations/blob/99b199024cc1bbdcb6446e82832e120cfaec8efd/UrBackup/urbackup-webinterface-sv.po,1a0e96dff28933e8e7995fae2cf07b80314883956cbb69a8ceaabc64f55f536e,{}
58dd643fdbcf8805d076b561,tInternet incremental image style,Internet inkrementell diskavbild,UrBackup,urbackup-webinterface-sv.po,,Bilingual translation changed in reviewed commit: Review Swedish UrBackup web interface translation,project-context,89483cd998dc208e5bedfd03,review-commit,https://github.com/yeager/translations/blob/99b199024cc1bbdcb6446e82832e120cfaec8efd/UrBackup/urbackup-webinterface-sv.po,1a0e96dff28933e8e7995fae2cf07b80314883956cbb69a8ceaabc64f55f536e,{}
5ab85cb043b7d63883c9126c,tMinimal number of full file backups,Minsta antal kompletta filbackuper,UrBackup,urbackup-webinterface-sv.po,,Bilingual translation changed in reviewed commit: Review Swedish UrBackup web interface translation,project-context,732deed8cf7678e935bb1e76,review-commit,https://github.com/yeager/translations/blob/99b199024cc1bbdcb6446e82832e120cfaec8efd/UrBackup/urbackup-webinterface-sv.po,1a0e96dff28933e8e7995fae2cf07b80314883956cbb69a8ceaabc64f55f536e,{}
5ae7a0863b31e6920e0c5e4b,days,dagar,UrBackup,urbackup-webinterface-sv.po,,Bilingual translation changed in reviewed commit: Review Swedish UrBackup web interface translation,project-context,acd05e2a026305fb2e5f21e5,review-commit,https://github.com/yeager/translations/blob/99b199024cc1bbdcb6446e82832e120cfaec8efd/UrBackup/urbackup-webinterface-sv.po,1a0e96dff28933e8e7995fae2cf07b80314883956cbb69a8ceaabc64f55f536e,{}
5af51f4bbfc43c306c751d4b,tMinimal number of incremental file backups,Minsta antal inkrementella filbackuper,UrBackup,urbackup-webinterface-sv.po,,Bilingual translation changed in reviewed commit: Review Swedish UrBackup web interface translation,project-context,3908848df65c7b6720a83bf6,review-commit,https://github.com/yeager/translations/blob/99b199024cc1bbdcb6446e82832e120cfaec8efd/UrBackup/urbackup-webinterface-sv.po,1a0e96dff28933e8e7995fae2cf07b80314883956cbb69a8ceaabc64f55f536e,{}
5b09513ccdb565a7611c1e8f,alert_file_mult,Antal gånger intervallet för filsäkerhetskopiering får passera innan dess status sätts till inte OK,UrBackup,urbackup-webinterface-sv.po,,Bilingual translation changed in reviewed commit: Review Swedish UrBackup web interface translation,project-context,df7a9ba37e6d2ef460f5831e,review-commit,https://github.com/yeager/translations/blob/99b199024cc1bbdcb6446e82832e120cfaec8efd/UrBackup/urbackup-webinterface-sv.po,1a0e96dff28933e8e7995fae2cf07b80314883956cbb69a8ceaabc64f55f536e,{}
5b19360b58c561d056cee23a,tShow,Visa,UrBackup,urbackup-webinterface-sv.po,,Bilingual translation changed in reviewed commit: Review Swedish UrBackup web interface translation,project-context,a02eddf8c63b36353e9335cc,review-commit,https://github.com/yeager/translations/blob/99b199024cc1bbdcb6446e82832e120cfaec8efd/UrBackup/urbackup-webinterface-sv.po,1a0e96dff28933e8e7995fae2cf07b80314883956cbb69a8ceaabc64f55f536e,{}
5b4825107f1d1d532305b4e4,uid_changed_err,Klientidentifieraren har ändrats,UrBackup,urbackup-webinterface-sv.po,,Bilingual translation changed in reviewed commit: Review Swedish UrBackup web interface translation,project-context,3804dcef2437bc71ee738fcd,review-commit,https://github.com/yeager/translations/blob/99b199024cc1bbdcb6446e82832e120cfaec8efd/UrBackup/urbackup-webinterface-sv.po,1a0e96dff28933e8e7995fae2cf07b80314883956cbb69a8ceaabc64f55f536e,{}
5b483bfbadf4ba68bfb6c664,tRights,Rättigheter,UrBackup,urbackup-webinterface-sv.po,,Bilingual translation changed in reviewed commit: Review Swedish UrBackup web interface translation,project-context,27f8dbc351ea7ce29f0bf79d,review-commit,https://github.com/yeager/translations/blob/99b199024cc1bbdcb6446e82832e120cfaec8efd/UrBackup/urbackup-webinterface-sv.po,1a0e96dff28933e8e7995fae2cf07b80314883956cbb69a8ceaabc64f55f536e,{}
5b5a72a1d6a8b8b070e9b839,tDelete now,Ta bort nu,UrBackup,urbackup-webinterface-sv.po,,Bilingual translation changed in reviewed commit: Review Swedish UrBackup web interface translation,project-context,05f3b2cf0e264dadc0c6f956,review-commit,https://github.com/yeager/translations/blob/99b199024cc1bbdcb6446e82832e120cfaec8efd/UrBackup/urbackup-webinterface-sv.po,1a0e96dff28933e8e7995fae2cf07b80314883956cbb69a8ceaabc64f55f536e,{}
5c63a9e8fc3b093f026a8353,tAbout UrBackup,Om UrBackup,UrBackup,urbackup-webinterface-sv.po,,Bilingual translation changed in reviewed commit: Review Swedish UrBackup web interface translation,project-context,d5118b2c75d928e2b777e82d,review-commit,https://github.com/yeager/translations/blob/99b199024cc1bbdcb6446e82832e120cfaec8efd/UrBackup/urbackup-webinterface-sv.po,1a0e96dff28933e8e7995fae2cf07b80314883956cbb69a8ceaabc64f55f536e,{}
5ca8b94818ed183e10031fd3,validate_name_max_image_full,högsta antal kompletta diskbackuper,UrBackup,urbackup-webinterface-sv.po,,Bilingual translation changed in reviewed commit: Review Swedish UrBackup web interface translation,project-context,672c5e92e7c874b20d6152ab,review-commit,https://github.com/yeager/translations/blob/99b199024cc1bbdcb6446e82832e120cfaec8efd/UrBackup/urbackup-webinterface-sv.po,1a0e96dff28933e8e7995fae2cf07b80314883956cbb69a8ceaabc64f55f536e,{}
5cb863443d6d2ac8138ec5a2,tMax number of recently active clients,Max antal nyligen aktiva klienter,UrBackup,urbackup-webinterface-sv.po,,Bilingual translation changed in reviewed commit: Review Swedish UrBackup web interface translation,project-context,0b629bd8a0ef840da1cd9630,review-commit,https://github.com/yeager/translations/blob/99b199024cc1bbdcb6446e82832e120cfaec8efd/UrBackup/urbackup-webinterface-sv.po,1a0e96dff28933e8e7995fae2cf07b80314883956cbb69a8ceaabc64f55f536e,{}
5cd281c93ea402a360c7a0e9,tInternet/Active clients,Internet-/aktiva klienter,UrBackup,urbackup-webinterface-sv.po,,Bilingual translation changed in reviewed commit: Review Swedish UrBackup web interface translation,project-context,15eab89378651df2f7729eba,review-commit,https://github.com/yeager/translations/blob/99b199024cc1bbdcb6446e82832e120cfaec8efd/UrBackup/urbackup-webinterface-sv.po,1a0e96dff28933e8e7995fae2cf07b80314883956cbb69a8ceaabc64f55f536e,{}
5ce6016e5334171b0a4e94a7,tLDAP/AD user name suffix,LDAP/AD ändelse för användarnamn,UrBackup,urbackup-webinterface-sv.po,,Bilingual translation changed in reviewed commit: Review Swedish UrBackup web interface translation,project-context,69847fef07d6fc893a869481,review-commit,https://github.com/yeager/translations/blob/99b199024cc1bbdcb6446e82832e120cfaec8efd/UrBackup/urbackup-webinterface-sv.po,1a0e96dff28933e8e7995fae2cf07b80314883956cbb69a8ceaabc64f55f536e,{}
5de6b205951527abbd7164dd,tCompress local/passive transfers,Komprimera lokala/passiva överföringar,UrBackup,urbackup-webinterface-sv.po,,Bilingual translation changed in reviewed commit: Review Swedish UrBackup web interface translation,project-context,bc8a64db24c0282b22863896,review-commit,https://github.com/yeager/translations/blob/99b199024cc1bbdcb6446e82832e120cfaec8efd/UrBackup/urbackup-webinterface-sv.po,1a0e96dff28933e8e7995fae2cf07b80314883956cbb69a8ceaabc64f55f536e,{}
5e9ced44ad93cf53d69d8036,tReports,Rapporter,UrBackup,urbackup-webinterface-sv.po,,Bilingual translation changed in reviewed commit: Review Swedish UrBackup web interface translation,project-context,a81abdff8ff5c9d5ef65a3b5,review-commit,https://github.com/yeager/translations/blob/99b199024cc1bbdcb6446e82832e120cfaec8efd/UrBackup/urbackup-webinterface-sv.po,1a0e96dff28933e8e7995fae2cf07b80314883956cbb69a8ceaabc64f55f536e,{}
5eac940e50b9e11c7eb5a7c9,tIncremental file backup,Inkrementell filbackup,UrBackup,urbackup-webinterface-sv.po,,Bilingual translation changed in reviewed commit: Review Swedish UrBackup web interface translation,project-context,53b18ba59992e79c39fd9f58,review-commit,https://github.com/yeager/translations/blob/99b199024cc1bbdcb6446e82832e120cfaec8efd/UrBackup/urbackup-webinterface-sv.po,1a0e96dff28933e8e7995fae2cf07b80314883956cbb69a8ceaabc64f55f536e,{}
5eacc9209680d1bfb0349a50,tCalculate file-hashes on the client,Beräkna fil-hashar på klienten,UrBackup,urbackup-webinterface-sv.po,,Bilingual translation changed in reviewed commit: Review Swedish UrBackup web interface translation,project-context,cf6851aa5d9935d787885dd6,review-commit,https://github.com/yeager/translations/blob/99b199024cc1bbdcb6446e82832e120cfaec8efd/UrBackup/urbackup-webinterface-sv.po,1a0e96dff28933e8e7995fae2cf07b80314883956cbb69a8ceaabc64f55f536e,{}
5f58b1054bdd25e90af9cdb5,tDetails,Detaljer,UrBackup,urbackup-webinterface-sv.po,,Bilingual translation changed in reviewed commit: Review Swedish UrBackup web interface translation,project-context,83d2c0e84d23e5908ea96611,review-commit,https://github.com/yeager/translations/blob/99b199024cc1bbdcb6446e82832e120cfaec8efd/UrBackup/urbackup-webinterface-sv.po,1a0e96dff28933e8e7995fae2cf07b80314883956cbb69a8ceaabc64f55f536e,{}
5fdf0aeabc6a101fce8ffe6d,validate_err_notregexp_image_letters,Felaktigt format för diskbeteckning,UrBackup,urbackup-webinterface-sv.po,,Bilingual translation changed in reviewed commit: Review Swedish UrBackup web interface translation,project-context,a0f77b26922819fb810cc5f5,review-commit,https://github.com/yeager/translations/blob/99b199024cc1bbdcb6446e82832e120cfaec8efd/UrBackup/urbackup-webinterface-sv.po,1a0e96dff28933e8e7995fae2cf07b80314883956cbb69a8ceaabc64f55f536e,{}
60589e0895953fc7b4c18202,loglevel_0,Info,UrBackup,urbackup-webinterface-sv.po,,Bilingual translation changed in reviewed commit: Review Swedish UrBackup web interface translation,project-context,2c1d62d686d25813e1d86751,review-commit,https://github.com/yeager/translations/blob/99b199024cc1bbdcb6446e82832e120cfaec8efd/UrBackup/urbackup-webinterface-sv.po,1a0e96dff28933e8e7995fae2cf07b80314883956cbb69a8ceaabc64f55f536e,{}
60a63bbff8b24526d27d1b0d,validate_err_empty_hostname,Vänligen fyll i ett IP/hostnamn på klient som ska hittas.,UrBackup,urbackup-webinterface-sv.po,,Bilingual translation changed in reviewed commit: Review Swedish UrBackup web interface translation,project-context,63e3b03ce81bfb2a21335bca,review-commit,https://github.com/yeager/translations/blob/99b199024cc1bbdcb6446e82832e120cfaec8efd/UrBackup/urbackup-webinterface-sv.po,1a0e96dff28933e8e7995fae2cf07b80314883956cbb69a8ceaabc64f55f536e,{}
61824c3e2bdca31e392e231f,validate_name_update_freq_image_incr,intervall för kompletta diskbackuper,UrBackup,urbackup-webinterface-sv.po,,Bilingual translation changed in reviewed commit: Review Swedish UrBackup web interface translation,project-context,52809037016b5fedf142719e,review-commit,https://github.com/yeager/translations/blob/99b199024cc1bbdcb6446e82832e120cfaec8efd/UrBackup/urbackup-webinterface-sv.po,1a0e96dff28933e8e7995fae2cf07b80314883956cbb69a8ceaabc64f55f536e,{}
61e6bc781b96e9c8b63f04c9,tSaved settings successfully,Inställningar sparade,UrBackup,urbackup-webinterface-sv.po,,Bilingual translation changed in reviewed commit: Review Swedish UrBackup web interface translation,project-context,7c8b162e1c85c6fb1b7b36e0,review-commit,https://github.com/yeager/translations/blob/99b199024cc1bbdcb6446e82832e120cfaec8efd/UrBackup/urbackup-webinterface-sv.po,1a0e96dff28933e8e7995fae2cf07b80314883956cbb69a8ceaabc64f55f536e,{}
620a27823d92e3613f1a94d8,tSpeed,Hastighet,UrBackup,urbackup-webinterface-sv.po,,Bilingual translation changed in reviewed commit: Review Swedish UrBackup web interface translation,project-context,7bb39408754ce407ea269669,review-commit,https://github.com/yeager/translations/blob/99b199024cc1bbdcb6446e82832e120cfaec8efd/UrBackup/urbackup-webinterface-sv.po,1a0e96dff28933e8e7995fae2cf07b80314883956cbb69a8ceaabc64f55f536e,{}
6250e74b311d0c54963d96a2,tFull image backup,Komplett diskbackup,UrBackup,urbackup-webinterface-sv.po,,Bilingual translation changed in reviewed commit: Review Swedish UrBackup web interface translation,project-context,eb5ce4c5bb6721365249ba82,review-commit,https://github.com/yeager/translations/blob/99b199024cc1bbdcb6446e82832e120cfaec8efd/UrBackup/urbackup-webinterface-sv.po,1a0e96dff28933e8e7995fae2cf07b80314883956cbb69a8ceaabc64f55f536e,{}
62830dc7b9b920a8db32a0ec,nav_item_6,Status,UrBackup,urbackup-webinterface-sv.po,,Bilingual translation changed in reviewed commit: Review Swedish UrBackup web interface translation,project-context,f85b06f599881f457fa198e2,review-commit,https://github.com/yeager/translations/blob/99b199024cc1bbdcb6446e82832e120cfaec8efd/UrBackup/urbackup-webinterface-sv.po,1a0e96dff28933e8e7995fae2cf07b80314883956cbb69a8ceaabc64f55f536e,{}
62a42b99be65f249c6d2d8a9,backup_in_progress,Backup pågår...,UrBackup,urbackup-webinterface-sv.po,,Bilingual translation changed in reviewed commit: Review Swedish UrBackup web interface translation,project-context,10eb2678efb15923daad8bf9,review-commit,https://github.com/yeager/translations/blob/99b199024cc1bbdcb6446e82832e120cfaec8efd/UrBackup/urbackup-webinterface-sv.po,1a0e96dff28933e8e7995fae2cf07b80314883956cbb69a8ceaabc64f55f536e,{}
63a5cd3b72a8b4b8f22a53e8,tAllow client-side viewing of backup logs,Tillåt att klienter visar backuploggar,UrBackup,urbackup-webinterface-sv.po,,Bilingual translation changed in reviewed commit: Review Swedish UrBackup web interface translation,project-context,9c122e4a10380e5006dcd105,review-commit,https://github.com/yeager/translations/blob/99b199024cc1bbdcb6446e82832e120cfaec8efd/UrBackup/urbackup-webinterface-sv.po,1a0e96dff28933e8e7995fae2cf07b80314883956cbb69a8ceaabc64f55f536e,{}
63d2f7847bef5cfecdc65d4c,tLocal full file backup transfer mode,Lokal komplett filbackup överföringsläge,UrBackup,urbackup-webinterface-sv.po,,Bilingual translation changed in reviewed commit: Review Swedish UrBackup web interface translation,project-context,5634cbdc07a11cd29a156850,review-commit,https://github.com/yeager/translations/blob/99b199024cc1bbdcb6446e82832e120cfaec8efd/UrBackup/urbackup-webinterface-sv.po,1a0e96dff28933e8e7995fae2cf07b80314883956cbb69a8ceaabc64f55f536e,{}
6494715a8cf4cee036c5398c,tInternet server name/IP,Hostnamn/IP-adress på internet,UrBackup,urbackup-webinterface-sv.po,,Bilingual translation changed in reviewed commit: Review Swedish UrBackup web interface translation,project-context,7417f5ae1eac8f3ef020d39b,review-commit,https://github.com/yeager/translations/blob/99b199024cc1bbdcb6446e82832e120cfaec8efd/UrBackup/urbackup-webinterface-sv.po,1a0e96dff28933e8e7995fae2cf07b80314883956cbb69a8ceaabc64f55f536e,{}
64f3d6e172dca139be42f770,alert_important,Lägg till taggen [Important] i varningsskriptet,UrBackup,urbackup-webinterface-sv.po,,Bilingual translation changed in reviewed commit: Review Swedish UrBackup web interface translation,project-context,0503ab7bd906ff7dcbd38e32,review-commit,https://github.com/yeager/translations/blob/99b199024cc1bbdcb6446e82832e120cfaec8efd/UrBackup/urbackup-webinterface-sv.po,1a0e96dff28933e8e7995fae2cf07b80314883956cbb69a8ceaabc64f55f536e,{}
651c960699cdd92669b52c0f,creating_filesindex_text,UrBackup skapar filpostindexet. Det kan ta ett tag.,UrBackup,urbackup-webinterface-sv.po,,Bilingual translation changed in reviewed commit: Review Swedish UrBackup web interface translation,project-context,824b1d71b0e19015c6b57268,review-commit,https://github.com/yeager/translations/blob/99b199024cc1bbdcb6446e82832e120cfaec8efd/UrBackup/urbackup-webinterface-sv.po,1a0e96dff28933e8e7995fae2cf07b80314883956cbb69a8ceaabc64f55f536e,{}
653dee69c9627ae760ac13c2,tImage backups,Diskavbildsbackup,UrBackup,urbackup-webinterface-sv.po,,Bilingual translation changed in reviewed commit: Review Swedish UrBackup web interface translation,project-context,5cc4b27cde6f4ea19884667e,review-commit,https://github.com/yeager/translations/blob/99b199024cc1bbdcb6446e82832e120cfaec8efd/UrBackup/urbackup-webinterface-sv.po,1a0e96dff28933e8e7995fae2cf07b80314883956cbb69a8ceaabc64f55f536e,{}
6544183e7dd2428fdadc910e,enter_clientname,Vänligen fyll i ett klientnamn,UrBackup,urbackup-webinterface-sv.po,,Bilingual translation changed in reviewed commit: Review Swedish UrBackup web interface translation,project-context,0f33c1fe28c7f44755a325a4,review-commit,https://github.com/yeager/translations/blob/99b199024cc1bbdcb6446e82832e120cfaec8efd/UrBackup/urbackup-webinterface-sv.po,1a0e96dff28933e8e7995fae2cf07b80314883956cbb69a8ceaabc64f55f536e,{}
654e776b2feca5246bcef0fa,tPassword,Lösenord,UrBackup,urbackup-webinterface-sv.po,,Bilingual translation changed in reviewed commit: Review Swedish UrBackup web interface translation,project-context,6c42ecc2540a387f017cb4e6,review-commit,https://github.com/yeager/translations/blob/99b199024cc1bbdcb6446e82832e120cfaec8efd/UrBackup/urbackup-webinterface-sv.po,1a0e96dff28933e8e7995fae2cf07b80314883956cbb69a8ceaabc64f55f536e,{}
6588657a7be7e216fda63074,action_14,Nattlig rensning,UrBackup,urbackup-webinterface-sv.po,,Bilingual translation changed in reviewed commit: Review Swedish UrBackup web interface translation,project-context,c8a0fa0ecbb1f796c47b2778,review-commit,https://github.com/yeager/translations/blob/99b199024cc1bbdcb6446e82832e120cfaec8efd/UrBackup/urbackup-webinterface-sv.po,1a0e96dff28933e8e7995fae2cf07b80314883956cbb69a8ceaabc64f55f536e,{}
66045c0b2d6cf358044916f4,loglevel_1,Varningar,UrBackup,urbackup-webinterface-sv.po,,Bilingual translation changed in reviewed commit: Review Swedish UrBackup web interface translation,project-context,19cc0f9d4d4343108dba41f6,review-commit,https://github.com/yeager/translations/blob/99b199024cc1bbdcb6446e82832e120cfaec8efd/UrBackup/urbackup-webinterface-sv.po,1a0e96dff28933e8e7995fae2cf07b80314883956cbb69a8ceaabc64f55f536e,{}
667a6d0465ad33499312dc0d,Restore to default,Återställ till standardvärden,UrBackup,urbackup-webinterface-sv.po,,Bilingual translation changed in reviewed commit: Review Swedish UrBackup web interface translation,project-context,56b88a60e5030c6aac6f292e,review-commit,https://github.com/yeager/translations/blob/99b199024cc1bbdcb6446e82832e120cfaec8efd/UrBackup/urbackup-webinterface-sv.po,1a0e96dff28933e8e7995fae2cf07b80314883956cbb69a8ceaabc64f55f536e,{}
6765aa5cfd08cbde99a9045b,ok,Ok,UrBackup,urbackup-webinterface-sv.po,,Bilingual translation changed in reviewed commit: Review Swedish UrBackup web interface translation,project-context,a6aeb8a6b0311840891b3bf4,review-commit,https://github.com/yeager/translations/blob/99b199024cc1bbdcb6446e82832e120cfaec8efd/UrBackup/urbackup-webinterface-sv.po,1a0e96dff28933e8e7995fae2cf07b80314883956cbb69a8ceaabc64f55f536e,{}
684737a0059f031b85623de4,interval_seconds,sekunder,UrBackup,urbackup-webinterface-sv.po,,Bilingual translation changed in reviewed commit: Review Swedish UrBackup web interface translation,project-context,b0239832743fe9e1f613229a,review-commit,https://github.com/yeager/translations/blob/99b199024cc1bbdcb6446e82832e120cfaec8efd/UrBackup/urbackup-webinterface-sv.po,1a0e96dff28933e8e7995fae2cf07b80314883956cbb69a8ceaabc64f55f536e,{}
68760608c5eb94c62fcab847,tDownload the client from:,Ladda ner klienten från:,UrBackup,urbackup-webinterface-sv.po,,Bilingual translation changed in reviewed commit: Review Swedish UrBackup web interface translation,project-context,1f3573a18c6d076176619124,review-commit,https://github.com/yeager/translations/blob/99b199024cc1bbdcb6446e82832e120cfaec8efd/UrBackup/urbackup-webinterface-sv.po,1a0e96dff28933e8e7995fae2cf07b80314883956cbb69a8ceaabc64f55f536e,{}
68c10f62b358c073a1632aa8,tRestore Linux image,Återställ Linux-diskavbild,UrBackup,urbackup-webinterface-sv.po,,Bilingual translation changed in reviewed commit: Review Swedish UrBackup web interface translation,project-context,dc72f11caedf3c4a91a8c0fc,review-commit,https://github.com/yeager/translations/blob/99b199024cc1bbdcb6446e82832e120cfaec8efd/UrBackup/urbackup-webinterface-sv.po,1a0e96dff28933e8e7995fae2cf07b80314883956cbb69a8ceaabc64f55f536e,{}
68d65268c252c672d004656a,computername,Datornamn,UrBackup,urbackup-webinterface-sv.po,,Bilingual translation changed in reviewed commit: Review Swedish UrBackup web interface translation,project-context,a20ae30471ec046b5523bb6d,review-commit,https://github.com/yeager/translations/blob/99b199024cc1bbdcb6446e82832e120cfaec8efd/UrBackup/urbackup-webinterface-sv.po,1a0e96dff28933e8e7995fae2cf07b80314883956cbb69a8ceaabc64f55f536e,{}
6913efa20fbb37d7e5036bce,tHostname/IP,Hostnamn/IP,UrBackup,urbackup-webinterface-sv.po,,Bilingual translation changed in reviewed commit: Review Swedish UrBackup web interface translation,project-context,1c5ac57800b6028dad0961fd,review-commit,https://github.com/yeager/translations/blob/99b199024cc1bbdcb6446e82832e120cfaec8efd/UrBackup/urbackup-webinterface-sv.po,1a0e96dff28933e8e7995fae2cf07b80314883956cbb69a8ceaabc64f55f536e,{}
698b9dd0df0158b08b42a5e4,mins,minuter,UrBackup,urbackup-webinterface-sv.po,,Bilingual translation changed in reviewed commit: Review Swedish UrBackup web interface translation,project-context,fd1db40b7b5bc8fed1e1b3c7,review-commit,https://github.com/yeager/translations/blob/99b199024cc1bbdcb6446e82832e120cfaec8efd/UrBackup/urbackup-webinterface-sv.po,1a0e96dff28933e8e7995fae2cf07b80314883956cbb69a8ceaabc64f55f536e,{}
699894c05748d24bc7d86887,Kbit/s,kbit/s,UrBackup,urbackup-webinterface-sv.po,,Bilingual translation changed in reviewed commit: Review Swedish UrBackup web interface translation,project-context,772f0fa7ca7281c403fb2b73,review-commit,https://github.com/yeager/translations/blob/99b199024cc1bbdcb6446e82832e120cfaec8efd/UrBackup/urbackup-webinterface-sv.po,1a0e96dff28933e8e7995fae2cf07b80314883956cbb69a8ceaabc64f55f536e,{}
69e3639bacee346c42831a4c,tDo not do image backups,Skapa inga diskbackuper,UrBackup,urbackup-webinterface-sv.po,,Bilingual translation changed in reviewed commit: Review Swedish UrBackup web interface translation,project-context,c93d05ce3ac9c4f895928b5d,review-commit,https://github.com/yeager/translations/blob/99b199024cc1bbdcb6446e82832e120cfaec8efd/UrBackup/urbackup-webinterface-sv.po,1a0e96dff28933e8e7995fae2cf07b80314883956cbb69a8ceaabc64f55f536e,{}
6ad1c707ea7d496fd87c4fa2,action_3_d,Raderar inkrementell diskbackup,UrBackup,urbackup-webinterface-sv.po,,Bilingual translation changed in reviewed commit: Review Swedish UrBackup web interface translation,project-context,a8571ee857fbc2c2d2ad367e,review-commit,https://github.com/yeager/translations/blob/99b199024cc1bbdcb6446e82832e120cfaec8efd/UrBackup/urbackup-webinterface-sv.po,1a0e96dff28933e8e7995fae2cf07b80314883956cbb69a8ceaabc64f55f536e,{}
6b2989b51b7ac9e4366859c9,tGroup membership,Gruppmedlemskap,UrBackup,urbackup-webinterface-sv.po,,Bilingual translation changed in reviewed commit: Review Swedish UrBackup web interface translation,project-context,61e27d5d0e31b46fceab4d34,review-commit,https://github.com/yeager/translations/blob/99b199024cc1bbdcb6446e82832e120cfaec8efd/UrBackup/urbackup-webinterface-sv.po,1a0e96dff28933e8e7995fae2cf07b80314883956cbb69a8ceaabc64f55f536e,{}
6bcda304386098f326df0d04,tCompressed transfer,Komprimerad överföring,UrBackup,urbackup-webinterface-sv.po,,Bilingual translation changed in reviewed commit: Review Swedish UrBackup web interface translation,project-context,203c8e16fd54e80d069b92c5,review-commit,https://github.com/yeager/translations/blob/99b199024cc1bbdcb6446e82832e120cfaec8efd/UrBackup/urbackup-webinterface-sv.po,1a0e96dff28933e8e7995fae2cf07b80314883956cbb69a8ceaabc64f55f536e,{}
6c8b5d8e3efc8284f6bce62d,action_1_d,Raderar inkrementell filbackup,UrBackup,urbackup-webinterface-sv.po,,Bilingual translation changed in reviewed commit: Review Swedish UrBackup web interface translation,project-context,d6c45a18e5459aaae2da2398,review-commit,https://github.com/yeager/translations/blob/99b199024cc1bbdcb6446e82832e120cfaec8efd/UrBackup/urbackup-webinterface-sv.po,1a0e96dff28933e8e7995fae2cf07b80314883956cbb69a8ceaabc64f55f536e,{}
6cf83e5dfee9e4e6200206fd,tETA,ETA,UrBackup,urbackup-webinterface-sv.po,,Bilingual translation changed in reviewed commit: Review Swedish UrBackup web interface translation,project-context,6fe0a2aebcfec3074cdf4b90,review-commit,https://github.com/yeager/translations/blob/99b199024cc1bbdcb6446e82832e120cfaec8efd/UrBackup/urbackup-webinterface-sv.po,1a0e96dff28933e8e7995fae2cf07b80314883956cbb69a8ceaabc64f55f536e,{}
6dd9df000c1eaac9bfba5959,validate_err_notregexp_internet_server,Internet-servernamnet ska vara ett värdnamn eller en IP-adress,UrBackup,urbackup-webinterface-sv.po,,Bilingual translation changed in reviewed commit: Review Swedish UrBackup web interface translation,project-context,fc683f530913eb8f60d987cb,review-commit,https://github.com/yeager/translations/blob/99b199024cc1bbdcb6446e82832e120cfaec8efd/UrBackup/urbackup-webinterface-sv.po,1a0e96dff28933e8e7995fae2cf07b80314883956cbb69a8ceaabc64f55f536e,{}
6e52fc56e6a29de458b11701,tCheck SSL/TLS certificate,Kontrollera SSL/TLS certifikat,UrBackup,urbackup-webinterface-sv.po,,Bilingual translation changed in reviewed commit: Review Swedish UrBackup web interface translation,project-context,65cf7652fcd7a8972edd42c4,review-commit,https://github.com/yeager/translations/blob/99b199024cc1bbdcb6446e82832e120cfaec8efd/UrBackup/urbackup-webinterface-sv.po,1a0e96dff28933e8e7995fae2cf07b80314883956cbb69a8ceaabc64f55f536e,{}
6ef49121d31a6c5b8d3aedeb,action_17,Startåterställning,UrBackup,urbackup-webinterface-sv.po,,Bilingual translation changed in reviewed commit: Review Swedish UrBackup web interface translation,project-context,dccbfa4326e8c0596a41e55e,review-commit,https://github.com/yeager/translations/blob/99b199024cc1bbdcb6446e82832e120cfaec8efd/UrBackup/urbackup-webinterface-sv.po,1a0e96dff28933e8e7995fae2cf07b80314883956cbb69a8ceaabc64f55f536e,{}
6f015256328a625c85bc754c,tServer URL for client file/backup access/browsing,Server-URL för klientåtkomst till filer/säkerhetskopior och bläddring,UrBackup,urbackup-webinterface-sv.po,,Bilingual translation changed in reviewed commit: Review Swedish UrBackup web interface translation,project-context,a7ce7ceaaa3118b99a3f653d,review-commit,https://github.com/yeager/translations/blob/99b199024cc1bbdcb6446e82832e120cfaec8efd/UrBackup/urbackup-webinterface-sv.po,1a0e96dff28933e8e7995fae2cf07b80314883956cbb69a8ceaabc64f55f536e,{}
70d50bfc5004731c15aa04ca,action_16,Lagringsmigrering,UrBackup,urbackup-webinterface-sv.po,,Bilingual translation changed in reviewed commit: Review Swedish UrBackup web interface translation,project-context,d173d4ae50c3b7fdd826671a,review-commit,https://github.com/yeager/translations/blob/99b199024cc1bbdcb6446e82832e120cfaec8efd/UrBackup/urbackup-webinterface-sv.po,1a0e96dff28933e8e7995fae2cf07b80314883956cbb69a8ceaabc64f55f536e,{}
723c009614b1468e5c5c4939,tRemove client,Ta bort klient,UrBackup,urbackup-webinterface-sv.po,,Bilingual translation changed in reviewed commit: Review Swedish UrBackup web interface translation,project-context,295858f89cb164f4c2f4012d,review-commit,https://github.com/yeager/translations/blob/99b199024cc1bbdcb6446e82832e120cfaec8efd/UrBackup/urbackup-webinterface-sv.po,1a0e96dff28933e8e7995fae2cf07b80314883956cbb69a8ceaabc64f55f536e,{}
72848f755fe6d3d780c8313b,tAllow client-side pausing of backups,Tillåt klienter att pausa backuper,UrBackup,urbackup-webinterface-sv.po,,Bilingual translation changed in reviewed commit: Review Swedish UrBackup web interface translation,project-context,ae61c1f161df73aba0a6cbc3,review-commit,https://github.com/yeager/translations/blob/99b199024cc1bbdcb6446e82832e120cfaec8efd/UrBackup/urbackup-webinterface-sv.po,1a0e96dff28933e8e7995fae2cf07b80314883956cbb69a8ceaabc64f55f536e,{}
728d61fb85d2175275878f97,tAdditional virtual sub client names,Ytterligare virtuella underklientnamn,UrBackup,urbackup-webinterface-sv.po,,Bilingual translation changed in reviewed commit: Review Swedish UrBackup web interface translation,project-context,4072d413157e8d95010c068a,review-commit,https://github.com/yeager/translations/blob/99b199024cc1bbdcb6446e82832e120cfaec8efd/UrBackup/urbackup-webinterface-sv.po,1a0e96dff28933e8e7995fae2cf07b80314883956cbb69a8ceaabc64f55f536e,{}
729db6423683837c27e778a0,validate_err_empty_internet_client_name,Ange namn för en ny client eller client bakom NAT.,UrBackup,urbackup-webinterface-sv.po,,Bilingual translation changed in reviewed commit: Review Swedish UrBackup web interface translation,project-context,6f8f2d6e5ecb149b9934f945,review-commit,https://github.com/yeager/translations/blob/99b199024cc1bbdcb6446e82832e120cfaec8efd/UrBackup/urbackup-webinterface-sv.po,1a0e96dff28933e8e7995fae2cf07b80314883956cbb69a8ceaabc64f55f536e,{}
732f0285a42831c766ac3712,tAlert script,Varningsskript,UrBackup,urbackup-webinterface-sv.po,,Bilingual translation changed in reviewed commit: Review Swedish UrBackup web interface translation,project-context,a70edd2f4517c7a54108c88a,review-commit,https://github.com/yeager/translations/blob/99b199024cc1bbdcb6446e82832e120cfaec8efd/UrBackup/urbackup-webinterface-sv.po,1a0e96dff28933e8e7995fae2cf07b80314883956cbb69a8ceaabc64f55f536e,{}
733ed8bee7073e3286b7d06a,tLocal full image style,Lokal komplett diskavbild,UrBackup,urbackup-webinterface-sv.po,,Bilingual translation changed in reviewed commit: Review Swedish UrBackup web interface translation,project-context,487ecff1f1c6a829d9da817f,review-commit,https://github.com/yeager/translations/blob/99b199024cc1bbdcb6446e82832e120cfaec8efd/UrBackup/urbackup-webinterface-sv.po,1a0e96dff28933e8e7995fae2cf07b80314883956cbb69a8ceaabc64f55f536e,{}
7377b0fb771773f06411fce2,client_settings,Klientinställningar,UrBackup,urbackup-webinterface-sv.po,,Bilingual translation changed in reviewed commit: Review Swedish UrBackup web interface translation,project-context,6bd05d99f0e9fa1597b1ab1e,review-commit,https://github.com/yeager/translations/blob/99b199024cc1bbdcb6446e82832e120cfaec8efd/UrBackup/urbackup-webinterface-sv.po,1a0e96dff28933e8e7995fae2cf07b80314883956cbb69a8ceaabc64f55f536e,{}
73c421a4ab36ee00f367023c,validate_err_notregexp_backup_window,Formatet för backuptiden är fel,UrBackup,urbackup-webinterface-sv.po,,Bilingual translation changed in reviewed commit: Review Swedish UrBackup web interface translation,project-context,4eb831219f40144342a990de,review-commit,https://github.com/yeager/translations/blob/99b199024cc1bbdcb6446e82832e120cfaec8efd/UrBackup/urbackup-webinterface-sv.po,1a0e96dff28933e8e7995fae2cf07b80314883956cbb69a8ceaabc64f55f536e,{}
73f8fa6fbb3aae488f772bd9,month,månader,UrBackup,urbackup-webinterface-sv.po,,Bilingual translation changed in reviewed commit: Review Swedish UrBackup web interface translation,project-context,0ade02e4cf7d2d2dd7439c34,review-commit,https://github.com/yeager/translations/blob/99b199024cc1bbdcb6446e82832e120cfaec8efd/UrBackup/urbackup-webinterface-sv.po,1a0e96dff28933e8e7995fae2cf07b80314883956cbb69a8ceaabc64f55f536e,{}
7431211afeff848238793912,tDatabase cache size during batch processing,Databasens cachestorlek under batchbearbetning,UrBackup,urbackup-webinterface-sv.po,,Bilingual translation changed in reviewed commit: Review Swedish UrBackup web interface translation,project-context,db04cc0e8f0756b51e282ef1,review-commit,https://github.com/yeager/translations/blob/99b199024cc1bbdcb6446e82832e120cfaec8efd/UrBackup/urbackup-webinterface-sv.po,1a0e96dff28933e8e7995fae2cf07b80314883956cbb69a8ceaabc64f55f536e,{}
743f26bb770725a9e3dae353,tBackup ID,Säkerhetskopierings-ID,UrBackup,urbackup-webinterface-sv.po,,Bilingual translation changed in reviewed commit: Review Swedish UrBackup web interface translation,project-context,71719237e1a9d91c787e3ec2,review-commit,https://github.com/yeager/translations/blob/99b199024cc1bbdcb6446e82832e120cfaec8efd/UrBackup/urbackup-webinterface-sv.po,1a0e96dff28933e8e7995fae2cf07b80314883956cbb69a8ceaabc64f55f536e,{}
749b5230fc3a253666276a91,tIndexing...,Indexerar...,UrBackup,urbackup-webinterface-sv.po,,Bilingual translation changed in reviewed commit: Review Swedish UrBackup web interface translation,project-context,f1fb67901e00bd61ba6a8e47,review-commit,https://github.com/yeager/translations/blob/99b199024cc1bbdcb6446e82832e120cfaec8efd/UrBackup/urbackup-webinterface-sv.po,1a0e96dff28933e8e7995fae2cf07b80314883956cbb69a8ceaabc64f55f536e,{}
74c9cd03b6d439470af1f9b9,tEnable internet mode (requires server restart),Aktivera internetläge (kräver omstart av server),UrBackup,urbackup-webinterface-sv.po,,Bilingual translation changed in reviewed commit: Review Swedish UrBackup web interface translation,project-context,adb78ce3ee6dbbe403433836,review-commit,https://github.com/yeager/translations/blob/99b199024cc1bbdcb6446e82832e120cfaec8efd/UrBackup/urbackup-webinterface-sv.po,1a0e96dff28933e8e7995fae2cf07b80314883956cbb69a8ceaabc64f55f536e,{}
75471aa3b3e82b1f3e9f5449,hour,timmar,UrBackup,urbackup-webinterface-sv.po,,Bilingual translation changed in reviewed commit: Review Swedish UrBackup web interface translation,project-context,bc724b335ac201f4b1c09e1d,review-commit,https://github.com/yeager/translations/blob/99b199024cc1bbdcb6446e82832e120cfaec8efd/UrBackup/urbackup-webinterface-sv.po,1a0e96dff28933e8e7995fae2cf07b80314883956cbb69a8ceaabc64f55f536e,{}
756c641cb7e717d49293d4ee,tUse symlinks during incremental file backups,Använd symboliska länkar vid inkrementell filbackup,UrBackup,urbackup-webinterface-sv.po,,Bilingual translation changed in reviewed commit: Review Swedish UrBackup web interface translation,project-context,905ed15450731b69c6a18a77,review-commit,https://github.com/yeager/translations/blob/99b199024cc1bbdcb6446e82832e120cfaec8efd/UrBackup/urbackup-webinterface-sv.po,1a0e96dff28933e8e7995fae2cf07b80314883956cbb69a8ceaabc64f55f536e,{}
76bcf7c8b84e5ab1e0871bc6,tIncluded files (with wildcards),Inkluderade filer (med jokertecken),UrBackup,urbackup-webinterface-sv.po,,Bilingual translation changed in reviewed commit: Review Swedish UrBackup web interface translation,project-context,13c3efd477544c2a0886df44,review-commit,https://github.com/yeager/translations/blob/99b199024cc1bbdcb6446e82832e120cfaec8efd/UrBackup/urbackup-webinterface-sv.po,1a0e96dff28933e8e7995fae2cf07b80314883956cbb69a8ceaabc64f55f536e,{}
7768e6eea9dc2436c0749923,tLocal/passive clients,Lokala/passiva klienter,UrBackup,urbackup-webinterface-sv.po,,Bilingual translation changed in reviewed commit: Review Swedish UrBackup web interface translation,project-context,83b3a04143a3ed7d79f68600,review-commit,https://github.com/yeager/translations/blob/99b199024cc1bbdcb6446e82832e120cfaec8efd/UrBackup/urbackup-webinterface-sv.po,1a0e96dff28933e8e7995fae2cf07b80314883956cbb69a8ceaabc64f55f536e,{}
780bcf44d8c2e7a57ca386da,tRecalculate statistics,Räkna om statistiken,UrBackup,urbackup-webinterface-sv.po,,Bilingual translation changed in reviewed commit: Review Swedish UrBackup web interface translation,project-context,1f48ac1ffab94182dd5a9372,review-commit,https://github.com/yeager/translations/blob/99b199024cc1bbdcb6446e82832e120cfaec8efd/UrBackup/urbackup-webinterface-sv.po,1a0e96dff28933e8e7995fae2cf07b80314883956cbb69a8ceaabc64f55f536e,{}
792f4e4832b92ad0186e8720,confirm_alert_script_remove,Bekräfta borttagning av varningsskript.,UrBackup,urbackup-webinterface-sv.po,,Bilingual translation changed in reviewed commit: Review Swedish UrBackup web interface translation,project-context,09654d12982ee81c93012df2,review-commit,https://github.com/yeager/translations/blob/99b199024cc1bbdcb6446e82832e120cfaec8efd/UrBackup/urbackup-webinterface-sv.po,1a0e96dff28933e8e7995fae2cf07b80314883956cbb69a8ceaabc64f55f536e,{}
793784e7633760bb6cc8080b,exchanging_settings,Utbyter inställningar,UrBackup,urbackup-webinterface-sv.po,,Bilingual translation changed in reviewed commit: Review Swedish UrBackup web interface translation,project-context,ff98e864a2a25e5af49b7ed7,review-commit,https://github.com/yeager/translations/blob/99b199024cc1bbdcb6446e82832e120cfaec8efd/UrBackup/urbackup-webinterface-sv.po,1a0e96dff28933e8e7995fae2cf07b80314883956cbb69a8ceaabc64f55f536e,{}
795185ebf2a4de5dbafe34b8,tNon-default UrBackup Internet protocol TCP port,Icke-standardiserad TCP-port för UrBackup-internetprotokollet,UrBackup,urbackup-webinterface-sv.po,,Bilingual translation changed in reviewed commit: Review Swedish UrBackup web interface translation,project-context,7aea2241fb845dc25f8c2b79,review-commit,https://github.com/yeager/translations/blob/99b199024cc1bbdcb6446e82832e120cfaec8efd/UrBackup/urbackup-webinterface-sv.po,1a0e96dff28933e8e7995fae2cf07b80314883956cbb69a8ceaabc64f55f536e,{}
799c6b8329f4dbe2b5b20df1,validate_err_notregexp_server_url,Serverns URL bör vara en URL som börjar med http: // eller https: //,UrBackup,urbackup-webinterface-sv.po,,Bilingual translation changed in reviewed commit: Review Swedish UrBackup web interface translation,project-context,cb890d5b13b38c45ab06b305,review-commit,https://github.com/yeager/translations/blob/99b199024cc1bbdcb6446e82832e120cfaec8efd/UrBackup/urbackup-webinterface-sv.po,1a0e96dff28933e8e7995fae2cf07b80314883956cbb69a8ceaabc64f55f536e,{}
79f94f0197e69517619cac1a,tClients,Klienter,UrBackup,urbackup-webinterface-sv.po,,Bilingual translation changed in reviewed commit: Review Swedish UrBackup web interface translation,project-context,d908f553f94e3f097dcf063b,review-commit,https://github.com/yeager/translations/blob/99b199024cc1bbdcb6446e82832e120cfaec8efd/UrBackup/urbackup-webinterface-sv.po,1a0e96dff28933e8e7995fae2cf07b80314883956cbb69a8ceaabc64f55f536e,{}
7a032ff59c30bd0fbb80f110,tBackup time,Backuptid,UrBackup,urbackup-webinterface-sv.po,,Bilingual translation changed in reviewed commit: Review Swedish UrBackup web interface translation,project-context,3aa915d3d0933bac7cf54640,review-commit,https://github.com/yeager/translations/blob/99b199024cc1bbdcb6446e82832e120cfaec8efd/UrBackup/urbackup-webinterface-sv.po,1a0e96dff28933e8e7995fae2cf07b80314883956cbb69a8ceaabc64f55f536e,{}
7a61862e12df646d1021b31b,tAllow client-side changing of settings,Tillåt klienter att ändra inställningar,UrBackup,urbackup-webinterface-sv.po,,Bilingual translation changed in reviewed commit: Review Swedish UrBackup web interface translation,project-context,2f8cc8ddd447656b98d97e30,review-commit,https://github.com/yeager/translations/blob/99b199024cc1bbdcb6446e82832e120cfaec8efd/UrBackup/urbackup-webinterface-sv.po,1a0e96dff28933e8e7995fae2cf07b80314883956cbb69a8ceaabc64f55f536e,{}
7b110c893e781b9dd8099a43,default_group,Förval,UrBackup,urbackup-webinterface-sv.po,,Bilingual translation changed in reviewed commit: Review Swedish UrBackup web interface translation,project-context,ce4a9b58209a3d7f4604f200,review-commit,https://github.com/yeager/translations/blob/99b199024cc1bbdcb6446e82832e120cfaec8efd/UrBackup/urbackup-webinterface-sv.po,1a0e96dff28933e8e7995fae2cf07b80314883956cbb69a8ceaabc64f55f536e,{}
7bb4342e474cd4af76457082,tNondefault temporary file directory,Ej standard temporär filmapp,UrBackup,urbackup-webinterface-sv.po,,Bilingual translation changed in reviewed commit: Review Swedish UrBackup web interface translation,project-context,0145c64c5c3c1071b77389b2,review-commit,https://github.com/yeager/translations/blob/99b199024cc1bbdcb6446e82832e120cfaec8efd/UrBackup/urbackup-webinterface-sv.po,1a0e96dff28933e8e7995fae2cf07b80314883956cbb69a8ceaabc64f55f536e,{}
7c6ff692f58b12ce5ef58d4d,tVHDX (Virtual HardDisk v2) (beta),VHDX (virtuell hårddisk v2) (beta),UrBackup,urbackup-webinterface-sv.po,,Bilingual translation changed in reviewed commit: Review Swedish UrBackup web interface translation,project-context,55eabdfd15c49cbfaecac7d2,review-commit,https://github.com/yeager/translations/blob/99b199024cc1bbdcb6446e82832e120cfaec8efd/UrBackup/urbackup-webinterface-sv.po,1a0e96dff28933e8e7995fae2cf07b80314883956cbb69a8ceaabc64f55f536e,{}
7de200254976121c269ea662,tAdd new Internet/active client,Lägg till ny internet-/aktiv klient,UrBackup,urbackup-webinterface-sv.po,,Bilingual translation changed in reviewed commit: Review Swedish UrBackup web interface translation,project-context,8b1fce2e6d1aa5297fd30bd3,review-commit,https://github.com/yeager/translations/blob/99b199024cc1bbdcb6446e82832e120cfaec8efd/UrBackup/urbackup-webinterface-sv.po,1a0e96dff28933e8e7995fae2cf07b80314883956cbb69a8ceaabc64f55f536e,{}
7e70c8ea0f4a2fdf1ef4ac0a,validate_name_global_local_speed,Total hastighetsbegränsning i lokalt nätverk,UrBackup,urbackup-webinterface-sv.po,,Bilingual translation changed in reviewed commit: Review Swedish UrBackup web interface translation,project-context,2b3866e18cd6998671ad0baf,review-commit,https://github.com/yeager/translations/blob/99b199024cc1bbdcb6446e82832e120cfaec8efd/UrBackup/urbackup-webinterface-sv.po,1a0e96dff28933e8e7995fae2cf07b80314883956cbb69a8ceaabc64f55f536e,{}
7e99669d306861aa3fdb5355,tAutoupdate clients,Uppdatera automatiskt klienter,UrBackup,urbackup-webinterface-sv.po,,Bilingual translation changed in reviewed commit: Review Swedish UrBackup web interface translation,project-context,87de940d633f19f552e623b9,review-commit,https://github.com/yeager/translations/blob/99b199024cc1bbdcb6446e82832e120cfaec8efd/UrBackup/urbackup-webinterface-sv.po,1a0e96dff28933e8e7995fae2cf07b80314883956cbb69a8ceaabc64f55f536e,{}
7ef8d0cc2b4f60f85df30ec9,interval_minutes,minuter,UrBackup,urbackup-webinterface-sv.po,,Bilingual translation changed in reviewed commit: Review Swedish UrBackup web interface translation,project-context,f85114ad5108e61952e2db08,review-commit,https://github.com/yeager/translations/blob/99b199024cc1bbdcb6446e82832e120cfaec8efd/UrBackup/urbackup-webinterface-sv.po,1a0e96dff28933e8e7995fae2cf07b80314883956cbb69a8ceaabc64f55f536e,{}
7f0ee9fdc3bd4db2d642b8dd,tSeparate settings for this client,Separata inställningar för denna klient,UrBackup,urbackup-webinterface-sv.po,,Bilingual translation changed in reviewed commit: Review Swedish UrBackup web interface translation,project-context,f07566a04bbddf0ba523ee79,review-commit,https://github.com/yeager/translations/blob/99b199024cc1bbdcb6446e82832e120cfaec8efd/UrBackup/urbackup-webinterface-sv.po,1a0e96dff28933e8e7995fae2cf07b80314883956cbb69a8ceaabc64f55f536e,{}
7fa9d8417a9d75a3296b3953,action_2,Komplett filbackup,UrBackup,urbackup-webinterface-sv.po,,Bilingual translation changed in reviewed commit: Review Swedish UrBackup web interface translation,project-context,b32058ead46771f2176f7788,review-commit,https://github.com/yeager/translations/blob/99b199024cc1bbdcb6446e82832e120cfaec8efd/UrBackup/urbackup-webinterface-sv.po,1a0e96dff28933e8e7995fae2cf07b80314883956cbb69a8ceaabc64f55f536e,{}
80b77c9f3669387bbd69a817,authenticating,Autentiserar servern,UrBackup,urbackup-webinterface-sv.po,,Bilingual translation changed in reviewed commit: Review Swedish UrBackup web interface translation,project-context,7185bde49652db8609574dfa,review-commit,https://github.com/yeager/translations/blob/99b199024cc1bbdcb6446e82832e120cfaec8efd/UrBackup/urbackup-webinterface-sv.po,1a0e96dff28933e8e7995fae2cf07b80314883956cbb69a8ceaabc64f55f536e,{}
81a1a5c0f8e79ff2ac4a9d42,tNo entries for this filter,Ingen noteringar för detta filter,UrBackup,urbackup-webinterface-sv.po,,Bilingual translation changed in reviewed commit: Review Swedish UrBackup web interface translation,project-context,0b576f8d51dab4ec101f1bc2,review-commit,https://github.com/yeager/translations/blob/99b199024cc1bbdcb6446e82832e120cfaec8efd/UrBackup/urbackup-webinterface-sv.po,1a0e96dff28933e8e7995fae2cf07b80314883956cbb69a8ceaabc64f55f536e,{}
81a2c2e8f4a19452f760de8f,no_client_selected,Inga klienter har blivit valda,UrBackup,urbackup-webinterface-sv.po,,Bilingual translation changed in reviewed commit: Review Swedish UrBackup web interface translation,project-context,785c648a3ae1bd9732d4bd6b,review-commit,https://github.com/yeager/translations/blob/99b199024cc1bbdcb6446e82832e120cfaec8efd/UrBackup/urbackup-webinterface-sv.po,1a0e96dff28933e8e7995fae2cf07b80314883956cbb69a8ceaabc64f55f536e,{}
81dd55abb9dda8110ac64d10,tAccess denied,Åtkomst nekad,UrBackup,urbackup-webinterface-sv.po,,Bilingual translation changed in reviewed commit: Review Swedish UrBackup web interface translation,project-context,ae1b586abe249e31b224b6b4,review-commit,https://github.com/yeager/translations/blob/99b199024cc1bbdcb6446e82832e120cfaec8efd/UrBackup/urbackup-webinterface-sv.po,1a0e96dff28933e8e7995fae2cf07b80314883956cbb69a8ceaabc64f55f536e,{}
82e34a7b5205e7545d7355c1,Save,Spara,UrBackup,urbackup-webinterface-sv.po,,Bilingual translation changed in reviewed commit: Review Swedish UrBackup web interface translation,project-context,b4dd87333796d345b827b10a,review-commit,https://github.com/yeager/translations/blob/99b199024cc1bbdcb6446e82832e120cfaec8efd/UrBackup/urbackup-webinterface-sv.po,1a0e96dff28933e8e7995fae2cf07b80314883956cbb69a8ceaabc64f55f536e,{}
82ef589a79d596a4cd0450c7,tVolume letters,Enhetens bokstäver,UrBackup,urbackup-webinterface-sv.po,,Bilingual translation changed in reviewed commit: Review Swedish UrBackup web interface translation,project-context,76022d0123e0ff9f4f4ff3a3,review-commit,https://github.com/yeager/translations/blob/99b199024cc1bbdcb6446e82832e120cfaec8efd/UrBackup/urbackup-webinterface-sv.po,1a0e96dff28933e8e7995fae2cf07b80314883956cbb69a8ceaabc64f55f536e,{}
831b4b06816053ac45539335,backup_never,Aldrig,UrBackup,urbackup-webinterface-sv.po,,Bilingual translation changed in reviewed commit: Review Swedish UrBackup web interface translation,project-context,4a185f15b335bb9b52789d63,review-commit,https://github.com/yeager/translations/blob/99b199024cc1bbdcb6446e82832e120cfaec8efd/UrBackup/urbackup-webinterface-sv.po,1a0e96dff28933e8e7995fae2cf07b80314883956cbb69a8ceaabc64f55f536e,{}
832df1588cb53b91abc16f3e,storage_usage_pie_graph_title,Lagringsanvändande,UrBackup,urbackup-webinterface-sv.po,,Bilingual translation changed in reviewed commit: Review Swedish UrBackup web interface translation,project-context,33b2788a16d88f517b8e8fae,review-commit,https://github.com/yeager/translations/blob/99b199024cc1bbdcb6446e82832e120cfaec8efd/UrBackup/urbackup-webinterface-sv.po,1a0e96dff28933e8e7995fae2cf07b80314883956cbb69a8ceaabc64f55f536e,{}
83d769f3cfcb6496e79a53bc,tMax backup speed for local/passive transfers,Högsta säkerhetskopieringshastighet för lokala/passiva överföringar,UrBackup,urbackup-webinterface-sv.po,,Bilingual translation changed in reviewed commit: Review Swedish UrBackup web interface translation,project-context,e05bbf499b0326e28b5d1950,review-commit,https://github.com/yeager/translations/blob/99b199024cc1bbdcb6446e82832e120cfaec8efd/UrBackup/urbackup-webinterface-sv.po,1a0e96dff28933e8e7995fae2cf07b80314883956cbb69a8ceaabc64f55f536e,{}
8505214cf6bf1ecc8676d96c,new_alert_script_name,Ange namn för det nya varningsskriptet,UrBackup,urbackup-webinterface-sv.po,,Bilingual translation changed in reviewed commit: Review Swedish UrBackup web interface translation,project-context,b121c45fb89896dd7137f95a,review-commit,https://github.com/yeager/translations/blob/99b199024cc1bbdcb6446e82832e120cfaec8efd/UrBackup/urbackup-webinterface-sv.po,1a0e96dff28933e8e7995fae2cf07b80314883956cbb69a8ceaabc64f55f536e,{}
854b140235c28ad312381a0c,user_remove_done,Användaren togs bort korrekt,UrBackup,urbackup-webinterface-sv.po,,Bilingual translation changed in reviewed commit: Review Swedish UrBackup web interface translation,project-context,1e25b211ee08d29dd4b86c34,review-commit,https://github.com/yeager/translations/blob/99b199024cc1bbdcb6446e82832e120cfaec8efd/UrBackup/urbackup-webinterface-sv.po,1a0e96dff28933e8e7995fae2cf07b80314883956cbb69a8ceaabc64f55f536e,{}
85edeb740df7efd2b6ba9321,tMinimal number of incremental image backups,Minsta antal inkrementella diskbackuper,UrBackup,urbackup-webinterface-sv.po,,Bilingual translation changed in reviewed commit: Review Swedish UrBackup web interface translation,project-context,8f787c183881137ebfe4b9f9,review-commit,https://github.com/yeager/translations/blob/99b199024cc1bbdcb6446e82832e120cfaec8efd/UrBackup/urbackup-webinterface-sv.po,1a0e96dff28933e8e7995fae2cf07b80314883956cbb69a8ceaabc64f55f536e,{}
85f90cff0e03fa51e2149d98,tDo image backups over internet,Utför diskbackup över internet,UrBackup,urbackup-webinterface-sv.po,,Bilingual translation changed in reviewed commit: Review Swedish UrBackup web interface translation,project-context,64523f66597caa5da2140254,review-commit,https://github.com/yeager/translations/blob/99b199024cc1bbdcb6446e82832e120cfaec8efd/UrBackup/urbackup-webinterface-sv.po,1a0e96dff28933e8e7995fae2cf07b80314883956cbb69a8ceaabc64f55f536e,{}
866e1b54d600e842ad4027ad,tCreated,Skapad,UrBackup,urbackup-webinterface-sv.po,,Bilingual translation changed in reviewed commit: Review Swedish UrBackup web interface translation,project-context,3021d256f1bfb79d6d2dbdcc,review-commit,https://github.com/yeager/translations/blob/99b199024cc1bbdcb6446e82832e120cfaec8efd/UrBackup/urbackup-webinterface-sv.po,1a0e96dff28933e8e7995fae2cf07b80314883956cbb69a8ceaabc64f55f536e,{}
8675f1d0cedc97e6f26e0507,tAdd hostname/IP as client discovery hint,Lägg till värdnamn/IP på klient,UrBackup,urbackup-webinterface-sv.po,,Bilingual translation changed in reviewed commit: Review Swedish UrBackup web interface translation,project-context,6242690d4dcfc53aa17944b3,review-commit,https://github.com/yeager/translations/blob/99b199024cc1bbdcb6446e82832e120cfaec8efd/UrBackup/urbackup-webinterface-sv.po,1a0e96dff28933e8e7995fae2cf07b80314883956cbb69a8ceaabc64f55f536e,{}
87359aa34b240a83d9478bae,users,Användare,UrBackup,urbackup-webinterface-sv.po,,Bilingual translation changed in reviewed commit: Review Swedish UrBackup web interface translation,project-context,c538b2697ee418efde06b36a,review-commit,https://github.com/yeager/translations/blob/99b199024cc1bbdcb6446e82832e120cfaec8efd/UrBackup/urbackup-webinterface-sv.po,1a0e96dff28933e8e7995fae2cf07b80314883956cbb69a8ceaabc64f55f536e,{}
875604bc97bfbf29e24dbb5c,nav_item_2,Statistik,UrBackup,urbackup-webinterface-sv.po,,Bilingual translation changed in reviewed commit: Review Swedish UrBackup web interface translation,project-context,11464d45d8e4c3e8fd543502,review-commit,https://github.com/yeager/translations/blob/99b199024cc1bbdcb6446e82832e120cfaec8efd/UrBackup/urbackup-webinterface-sv.po,1a0e96dff28933e8e7995fae2cf07b80314883956cbb69a8ceaabc64f55f536e,{}
875d82ee3f98957076259bc1,tLast modified,Senast ändrad,UrBackup,urbackup-webinterface-sv.po,,Bilingual translation changed in reviewed commit: Review Swedish UrBackup web interface translation,project-context,cf7cf9c19074ab38c656574c,review-commit,https://github.com/yeager/translations/blob/99b199024cc1bbdcb6446e82832e120cfaec8efd/UrBackup/urbackup-webinterface-sv.po,1a0e96dff28933e8e7995fae2cf07b80314883956cbb69a8ceaabc64f55f536e,{}
87b072e6ccf0cae84bd6e746,tCreate user,Skapa användare,UrBackup,urbackup-webinterface-sv.po,,Bilingual translation changed in reviewed commit: Review Swedish UrBackup web interface translation,project-context,b45057c5cf474b60e7c025fe,review-commit,https://github.com/yeager/translations/blob/99b199024cc1bbdcb6446e82832e120cfaec8efd/UrBackup/urbackup-webinterface-sv.po,1a0e96dff28933e8e7995fae2cf07b80314883956cbb69a8ceaabc64f55f536e,{}
88a3dae305557efc07df7302,tNo data,Ingen data,UrBackup,urbackup-webinterface-sv.po,,Bilingual translation changed in reviewed commit: Review Swedish UrBackup web interface translation,project-context,a28d60746fe41c0814aa8f28,review-commit,https://github.com/yeager/translations/blob/99b199024cc1bbdcb6446e82832e120cfaec8efd/UrBackup/urbackup-webinterface-sv.po,1a0e96dff28933e8e7995fae2cf07b80314883956cbb69a8ceaabc64f55f536e,{}
88f902f8f2f5689c46f3880b,action_4,Komplett diskbackup,UrBackup,urbackup-webinterface-sv.po,,Bilingual translation changed in reviewed commit: Review Swedish UrBackup web interface translation,project-context,7efcfe17e9ac43765df85fc5,review-commit,https://github.com/yeager/translations/blob/99b199024cc1bbdcb6446e82832e120cfaec8efd/UrBackup/urbackup-webinterface-sv.po,1a0e96dff28933e8e7995fae2cf07b80314883956cbb69a8ceaabc64f55f536e,{}
89850b5a3c63bab8dfc111e6,tMinimum log level,Minsta lognivå,UrBackup,urbackup-webinterface-sv.po,,Bilingual translation changed in reviewed commit: Review Swedish UrBackup web interface translation,project-context,fdb0a5718bee7f803a26bc0f,review-commit,https://github.com/yeager/translations/blob/99b199024cc1bbdcb6446e82832e120cfaec8efd/UrBackup/urbackup-webinterface-sv.po,1a0e96dff28933e8e7995fae2cf07b80314883956cbb69a8ceaabc64f55f536e,{}
8a128d150e5ebd8f96eb208a,tLocal incremental file backup transfer mode,Överföringsläge för inkrementell lokal filsäkerhetskopia,UrBackup,urbackup-webinterface-sv.po,,Bilingual translation changed in reviewed commit: Review Swedish UrBackup web interface translation,project-context,f49eeb140934b69e50a771a6,review-commit,https://github.com/yeager/translations/blob/99b199024cc1bbdcb6446e82832e120cfaec8efd/UrBackup/urbackup-webinterface-sv.po,1a0e96dff28933e8e7995fae2cf07b80314883956cbb69a8ceaabc64f55f536e,{}
8a39535cfd03a6e43a188743,tRemove,Ta bort,UrBackup,urbackup-webinterface-sv.po,,Bilingual translation changed in reviewed commit: Review Swedish UrBackup web interface translation,project-context,3094bf86d08b23258034f6cd,review-commit,https://github.com/yeager/translations/blob/99b199024cc1bbdcb6446e82832e120cfaec8efd/UrBackup/urbackup-webinterface-sv.po,1a0e96dff28933e8e7995fae2cf07b80314883956cbb69a8ceaabc64f55f536e,{}
8b62e44f7c60fc7f351a1347,tAdded new client with name:,La till ny klient med namn:,UrBackup,urbackup-webinterface-sv.po,,Bilingual translation changed in reviewed commit: Review Swedish UrBackup web interface translation,project-context,bc94408261a38ba57ce821ab,review-commit,https://github.com/yeager/translations/blob/99b199024cc1bbdcb6446e82832e120cfaec8efd/UrBackup/urbackup-webinterface-sv.po,1a0e96dff28933e8e7995fae2cf07b80314883956cbb69a8ceaabc64f55f536e,{}
8b92b5f98bc1fd6da72d169c,tEncrypt local/passive transfers,Kryptera lokala/passiva överföringar,UrBackup,urbackup-webinterface-sv.po,,Bilingual translation changed in reviewed commit: Review Swedish UrBackup web interface translation,project-context,dbc28cb9f73428159016f68e,review-commit,https://github.com/yeager/translations/blob/99b199024cc1bbdcb6446e82832e120cfaec8efd/UrBackup/urbackup-webinterface-sv.po,1a0e96dff28933e8e7995fae2cf07b80314883956cbb69a8ceaabc64f55f536e,{}
8bc4f83761c8264d56383f96,all_clients,Alla klienter,UrBackup,urbackup-webinterface-sv.po,,Bilingual translation changed in reviewed commit: Review Swedish UrBackup web interface translation,project-context,6e1d1d6620cb09007a87b36d,review-commit,https://github.com/yeager/translations/blob/99b199024cc1bbdcb6446e82832e120cfaec8efd/UrBackup/urbackup-webinterface-sv.po,1a0e96dff28933e8e7995fae2cf07b80314883956cbb69a8ceaabc64f55f536e,{}
8c06e786ca27b5b964c3425b,validate_name_max_file_incr,högsta antal inkrementella filbackuper,UrBackup,urbackup-webinterface-sv.po,,Bilingual translation changed in reviewed commit: Review Swedish UrBackup web interface translation,project-context,b226e0ffe7821baba4fd6c05,review-commit,https://github.com/yeager/translations/blob/99b199024cc1bbdcb6446e82832e120cfaec8efd/UrBackup/urbackup-webinterface-sv.po,1a0e96dff28933e8e7995fae2cf07b80314883956cbb69a8ceaabc64f55f536e,{}
8c44855d111798c5aef03bf6,tLDAP/AD server port,LDAP/AD server port,UrBackup,urbackup-webinterface-sv.po,,Bilingual translation changed in reviewed commit: Review Swedish UrBackup web interface translation,project-context,f9ec8214382004ba774866c6,review-commit,https://github.com/yeager/translations/blob/99b199024cc1bbdcb6446e82832e120cfaec8efd/UrBackup/urbackup-webinterface-sv.po,1a0e96dff28933e8e7995fae2cf07b80314883956cbb69a8ceaabc64f55f536e,{}
8c4b88b60101bf76b16f480f,tMaximal number of full file backups,Högsta antal kompletta filbackuper,UrBackup,urbackup-webinterface-sv.po,,Bilingual translation changed in reviewed commit: Review Swedish UrBackup web interface translation,project-context,be3db8972fb4d2d0d4bde33c,review-commit,https://github.com/yeager/translations/blob/99b199024cc1bbdcb6446e82832e120cfaec8efd/UrBackup/urbackup-webinterface-sv.po,1a0e96dff28933e8e7995fae2cf07b80314883956cbb69a8ceaabc64f55f536e,{}
8ce9d0536a621d48a8f8edad,tStorage usage,Lagringsanvändande,UrBackup,urbackup-webinterface-sv.po,,Bilingual translation changed in reviewed commit: Review Swedish UrBackup web interface translation,project-context,9cbc9c545091f4d36d0de131,review-commit,https://github.com/yeager/translations/blob/99b199024cc1bbdcb6446e82832e120cfaec8efd/UrBackup/urbackup-webinterface-sv.po,1a0e96dff28933e8e7995fae2cf07b80314883956cbb69a8ceaabc64f55f536e,{}
8d4b166ea608649b821b11fe,user,Användare,UrBackup,urbackup-webinterface-sv.po,,Bilingual translation changed in reviewed commit: Review Swedish UrBackup web interface translation,project-context,8fbc17db420c7fc8bcd486aa,review-commit,https://github.com/yeager/translations/blob/99b199024cc1bbdcb6446e82832e120cfaec8efd/UrBackup/urbackup-webinterface-sv.po,1a0e96dff28933e8e7995fae2cf07b80314883956cbb69a8ceaabc64f55f536e,{}
8dec07ba16acdd47fe3fb1bb,tBackup type,Backuptyp,UrBackup,urbackup-webinterface-sv.po,,Bilingual translation changed in reviewed commit: Review Swedish UrBackup web interface translation,project-context,43c60e54f831afd47c46b7f0,review-commit,https://github.com/yeager/translations/blob/99b199024cc1bbdcb6446e82832e120cfaec8efd/UrBackup/urbackup-webinterface-sv.po,1a0e96dff28933e8e7995fae2cf07b80314883956cbb69a8ceaabc64f55f536e,{}
8e03d26932497e3972fe5456,tFile backups,Filbackuper,UrBackup,urbackup-webinterface-sv.po,,Bilingual translation changed in reviewed commit: Review Swedish UrBackup web interface translation,project-context,dd14eea66a21a03207e6b6b8,review-commit,https://github.com/yeager/translations/blob/99b199024cc1bbdcb6446e82832e120cfaec8efd/UrBackup/urbackup-webinterface-sv.po,1a0e96dff28933e8e7995fae2cf07b80314883956cbb69a8ceaabc64f55f536e,{}
8e06101ff434c41a588cfe1f,tWarnings,Varningar,UrBackup,urbackup-webinterface-sv.po,,Bilingual translation changed in reviewed commit: Review Swedish UrBackup web interface translation,project-context,94413486f69f9feb69f1543f,review-commit,https://github.com/yeager/translations/blob/99b199024cc1bbdcb6446e82832e120cfaec8efd/UrBackup/urbackup-webinterface-sv.po,1a0e96dff28933e8e7995fae2cf07b80314883956cbb69a8ceaabc64f55f536e,{}
8e07bef1b8737e28d6e7b089,tLast file backup,Senaste filbackupen,UrBackup,urbackup-webinterface-sv.po,,Bilingual translation changed in reviewed commit: Review Swedish UrBackup web interface translation,project-context,95f8c618951ee4b27f14a8d2,review-commit,https://github.com/yeager/translations/blob/99b199024cc1bbdcb6446e82832e120cfaec8efd/UrBackup/urbackup-webinterface-sv.po,1a0e96dff28933e8e7995fae2cf07b80314883956cbb69a8ceaabc64f55f536e,{}
8e3eba57766a7265e3be8d6f,tDomain,Domän,UrBackup,urbackup-webinterface-sv.po,,Bilingual translation changed in reviewed commit: Review Swedish UrBackup web interface translation,project-context,789b33b78b51602ac362245a,review-commit,https://github.com/yeager/translations/blob/99b199024cc1bbdcb6446e82832e120cfaec8efd/UrBackup/urbackup-webinterface-sv.po,1a0e96dff28933e8e7995fae2cf07b80314883956cbb69a8ceaabc64f55f536e,{}
8f597991d7373e9a41100a36,interval_months,månader,UrBackup,urbackup-webinterface-sv.po,,Bilingual translation changed in reviewed commit: Review Swedish UrBackup web interface translation,project-context,316a3cf84dd19adb1a142b69,review-commit,https://github.com/yeager/translations/blob/99b199024cc1bbdcb6446e82832e120cfaec8efd/UrBackup/urbackup-webinterface-sv.po,1a0e96dff28933e8e7995fae2cf07b80314883956cbb69a8ceaabc64f55f536e,{}
8fb24af43a38b4b36f87839c,action_15,Akut rensning,UrBackup,urbackup-webinterface-sv.po,,Bilingual translation changed in reviewed commit: Review Swedish UrBackup web interface translation,project-context,272295a68707a022e648f07f,review-commit,https://github.com/yeager/translations/blob/99b199024cc1bbdcb6446e82832e120cfaec8efd/UrBackup/urbackup-webinterface-sv.po,1a0e96dff28933e8e7995fae2cf07b80314883956cbb69a8ceaabc64f55f536e,{}
900934a698bac5d87ed7ebd4,tVersion,Version,UrBackup,urbackup-webinterface-sv.po,,Bilingual translation changed in reviewed commit: Review Swedish UrBackup web interface translation,project-context,b723c9d838d4226c50d1ee4d,review-commit,https://github.com/yeager/translations/blob/99b199024cc1bbdcb6446e82832e120cfaec8efd/UrBackup/urbackup-webinterface-sv.po,1a0e96dff28933e8e7995fae2cf07b80314883956cbb69a8ceaabc64f55f536e,{}
9009e1459786c137cafaa877,tInverval for incremental image backups,Intervall för inkrementell diskbackup,UrBackup,urbackup-webinterface-sv.po,,Bilingual translation changed in reviewed commit: Review Swedish UrBackup web interface translation,project-context,076c32450a53385d5edcef59,review-commit,https://github.com/yeager/translations/blob/99b199024cc1bbdcb6446e82832e120cfaec8efd/UrBackup/urbackup-webinterface-sv.po,1a0e96dff28933e8e7995fae2cf07b80314883956cbb69a8ceaabc64f55f536e,{}
91169586a6a7ee1d101621d1,tClient,Klient,UrBackup,urbackup-webinterface-sv.po,,Bilingual translation changed in reviewed commit: Review Swedish UrBackup web interface translation,project-context,d407ddfabd72c1415014fbde,review-commit,https://github.com/yeager/translations/blob/99b199024cc1bbdcb6446e82832e120cfaec8efd/UrBackup/urbackup-webinterface-sv.po,1a0e96dff28933e8e7995fae2cf07b80314883956cbb69a8ceaabc64f55f536e,{}
916f01ba7c4260c4a58b952e,tFile Backups,Filbackuper,UrBackup,urbackup-webinterface-sv.po,,Bilingual translation changed in reviewed commit: Review Swedish UrBackup web interface translation,project-context,623dfe9545cfc2642c0fc74a,review-commit,https://github.com/yeager/translations/blob/99b199024cc1bbdcb6446e82832e120cfaec8efd/UrBackup/urbackup-webinterface-sv.po,1a0e96dff28933e8e7995fae2cf07b80314883956cbb69a8ceaabc64f55f536e,{}
9191abdd62cdb351f11da713,tFile,Fil,UrBackup,urbackup-webinterface-sv.po,,Bilingual translation changed in reviewed commit: Review Swedish UrBackup web interface translation,project-context,97a868d72c2886e90b2044b9,review-commit,https://github.com/yeager/translations/blob/99b199024cc1bbdcb6446e82832e120cfaec8efd/UrBackup/urbackup-webinterface-sv.po,1a0e96dff28933e8e7995fae2cf07b80314883956cbb69a8ceaabc64f55f536e,{}
92a2bc47a439838c8cd4ec72,filter_group,Grupper,UrBackup,urbackup-webinterface-sv.po,,Bilingual translation changed in reviewed commit: Review Swedish UrBackup web interface translation,project-context,756717c0086e7c6d99a22a36,review-commit,https://github.com/yeager/translations/blob/99b199024cc1bbdcb6446e82832e120cfaec8efd/UrBackup/urbackup-webinterface-sv.po,1a0e96dff28933e8e7995fae2cf07b80314883956cbb69a8ceaabc64f55f536e,{}
92dcc5a9f8209e6d94a6745d,tMB,MB,UrBackup,urbackup-webinterface-sv.po,,Bilingual translation changed in reviewed commit: Review Swedish UrBackup web interface translation,project-context,97700b5df0f0ceb1df7731c9,review-commit,https://github.com/yeager/translations/blob/99b199024cc1bbdcb6446e82832e120cfaec8efd/UrBackup/urbackup-webinterface-sv.po,1a0e96dff28933e8e7995fae2cf07b80314883956cbb69a8ceaabc64f55f536e,{}
936af859a6fbcd256c1bddda,password_empty,Var vänlig fyll i ett lösenord,UrBackup,urbackup-webinterface-sv.po,,Bilingual translation changed in reviewed commit: Review Swedish UrBackup web interface translation,project-context,c9f5e44ae4f48edb6ecf777c,review-commit,https://github.com/yeager/translations/blob/99b199024cc1bbdcb6446e82832e120cfaec8efd/UrBackup/urbackup-webinterface-sv.po,1a0e96dff28933e8e7995fae2cf07b80314883956cbb69a8ceaabc64f55f536e,{}
93fe7d29c227e2e790e0fe72,tBackup Statistics,Backup statistik,UrBackup,urbackup-webinterface-sv.po,,Bilingual translation changed in reviewed commit: Review Swedish UrBackup web interface translation,project-context,cc4e4b0496b5f21695e8df57,review-commit,https://github.com/yeager/translations/blob/99b199024cc1bbdcb6446e82832e120cfaec8efd/UrBackup/urbackup-webinterface-sv.po,1a0e96dff28933e8e7995fae2cf07b80314883956cbb69a8ceaabc64f55f536e,{}
94dca1951552b60daba0ef1b,authentication_err,Fle vid serverautentisering,UrBackup,urbackup-webinterface-sv.po,,Bilingual translation changed in reviewed commit: Review Swedish UrBackup web interface translation,project-context,f1c3c6a9818291cdfdcf2778,review-commit,https://github.com/yeager/translations/blob/99b199024cc1bbdcb6446e82832e120cfaec8efd/UrBackup/urbackup-webinterface-sv.po,1a0e96dff28933e8e7995fae2cf07b80314883956cbb69a8ceaabc64f55f536e,{}
94e81c5da5db9905dcfa8849,tDo not do file backups,Skapa inga filbackuper,UrBackup,urbackup-webinterface-sv.po,,Bilingual translation changed in reviewed commit: Review Swedish UrBackup web interface translation,project-context,e05ffbaa3bf9fc579f280eed,review-commit,https://github.com/yeager/translations/blob/99b199024cc1bbdcb6446e82832e120cfaec8efd/UrBackup/urbackup-webinterface-sv.po,1a0e96dff28933e8e7995fae2cf07b80314883956cbb69a8ceaabc64f55f536e,{}
9506bcc814cce5e6430eda7d,really_recalculate,Vill du verkligen beräkna statistiken igen? Det kan ta lång tid!,UrBackup,urbackup-webinterface-sv.po,,Bilingual translation changed in reviewed commit: Review Swedish UrBackup web interface translation,project-context,a865360bc8b220e8cb7300d2,review-commit,https://github.com/yeager/translations/blob/99b199024cc1bbdcb6446e82832e120cfaec8efd/UrBackup/urbackup-webinterface-sv.po,1a0e96dff28933e8e7995fae2cf07b80314883956cbb69a8ceaabc64f55f536e,{}
952408af3e519a5d7726ad77,tBoolean,Boolesk,UrBackup,urbackup-webinterface-sv.po,,Bilingual translation changed in reviewed commit: Review Swedish UrBackup web interface translation,project-context,071793bafa12dc65ed102c97,review-commit,https://github.com/yeager/translations/blob/99b199024cc1bbdcb6446e82832e120cfaec8efd/UrBackup/urbackup-webinterface-sv.po,1a0e96dff28933e8e7995fae2cf07b80314883956cbb69a8ceaabc64f55f536e,{}
95a08df0c25855455250435f,tInfos,Information,UrBackup,urbackup-webinterface-sv.po,,Bilingual translation changed in reviewed commit: Review Swedish UrBackup web interface translation,project-context,75c42870cc9c431f79abdbd9,review-commit,https://github.com/yeager/translations/blob/99b199024cc1bbdcb6446e82832e120cfaec8efd/UrBackup/urbackup-webinterface-sv.po,1a0e96dff28933e8e7995fae2cf07b80314883956cbb69a8ceaabc64f55f536e,{}
95f72c7b92dbd4bc38848867,tFloating point number,Flyttal,UrBackup,urbackup-webinterface-sv.po,,Bilingual translation changed in reviewed commit: Review Swedish UrBackup web interface translation,project-context,ad58aa450e35c42c639429e7,review-commit,https://github.com/yeager/translations/blob/99b199024cc1bbdcb6446e82832e120cfaec8efd/UrBackup/urbackup-webinterface-sv.po,1a0e96dff28933e8e7995fae2cf07b80314883956cbb69a8ceaabc64f55f536e,{}
960b71854d393833c1ee2bb9,user_pw_change_ok,Lösenord för användaren har ändrats.,UrBackup,urbackup-webinterface-sv.po,,Bilingual translation changed in reviewed commit: Review Swedish UrBackup web interface translation,project-context,a3edddf8bbd2bbe6360db377,review-commit,https://github.com/yeager/translations/blob/99b199024cc1bbdcb6446e82832e120cfaec8efd/UrBackup/urbackup-webinterface-sv.po,1a0e96dff28933e8e7995fae2cf07b80314883956cbb69a8ceaabc64f55f536e,{}
96aa38ba56bb3ace08b5fd3b,tMax simultaneous backups,Högsta antal samtidiga backuper,UrBackup,urbackup-webinterface-sv.po,,Bilingual translation changed in reviewed commit: Review Swedish UrBackup web interface translation,project-context,2cf49415b871e08635a9150c,review-commit,https://github.com/yeager/translations/blob/99b199024cc1bbdcb6446e82832e120cfaec8efd/UrBackup/urbackup-webinterface-sv.po,1a0e96dff28933e8e7995fae2cf07b80314883956cbb69a8ceaabc64f55f536e,{}
97275909c9503ebc9a2d2198,loading,Laddar,UrBackup,urbackup-webinterface-sv.po,,Bilingual translation changed in reviewed commit: Review Swedish UrBackup web interface translation,project-context,013b95088699493bcce3087f,review-commit,https://github.com/yeager/translations/blob/99b199024cc1bbdcb6446e82832e120cfaec8efd/UrBackup/urbackup-webinterface-sv.po,1a0e96dff28933e8e7995fae2cf07b80314883956cbb69a8ceaabc64f55f536e,{}
9755c6b33875a8e965160aad,trying_to_stop_backup,Försöker stoppa backup. Det kan ta en stund,UrBackup,urbackup-webinterface-sv.po,,Bilingual translation changed in reviewed commit: Review Swedish UrBackup web interface translation,project-context,f676821a0ec4e9073a96fe31,review-commit,https://github.com/yeager/translations/blob/99b199024cc1bbdcb6446e82832e120cfaec8efd/UrBackup/urbackup-webinterface-sv.po,1a0e96dff28933e8e7995fae2cf07b80314883956cbb69a8ceaabc64f55f536e,{}
9774c6d481a74e6d8e726be7,incomplete_ref,Inkrementell diskavbildsbackup baserat på denna säkerhetskopiering körs för närvarande,UrBackup,urbackup-webinterface-sv.po,,Bilingual translation changed in reviewed commit: Review Swedish UrBackup web interface translation,project-context,9d02116e4073402689b4ca12,review-commit,https://github.com/yeager/translations/blob/99b199024cc1bbdcb6446e82832e120cfaec8efd/UrBackup/urbackup-webinterface-sv.po,1a0e96dff28933e8e7995fae2cf07b80314883956cbb69a8ceaabc64f55f536e,{}
9808d77c3ec9ffbe02b60e47,user_update_right_done,Användarrättigheter har ändrats.,UrBackup,urbackup-webinterface-sv.po,,Bilingual translation changed in reviewed commit: Review Swedish UrBackup web interface translation,project-context,387fef623ae8a127ad072601,review-commit,https://github.com/yeager/translations/blob/99b199024cc1bbdcb6446e82832e120cfaec8efd/UrBackup/urbackup-webinterface-sv.po,1a0e96dff28933e8e7995fae2cf07b80314883956cbb69a8ceaabc64f55f536e,{}
988044d4f2d932ebaddbedcc,tNo backups of this client yet,Inga säkerhetskopior av den här klienten än,UrBackup,urbackup-webinterface-sv.po,,Bilingual translation changed in reviewed commit: Review Swedish UrBackup web interface translation,project-context,c640a0abd2002b0f0c51f93f,review-commit,https://github.com/yeager/translations/blob/99b199024cc1bbdcb6446e82832e120cfaec8efd/UrBackup/urbackup-webinterface-sv.po,1a0e96dff28933e8e7995fae2cf07b80314883956cbb69a8ceaabc64f55f536e,{}
99150a3a9b0e416ed683841e,tImages,Avbildningar,UrBackup,urbackup-webinterface-sv.po,,Bilingual translation changed in reviewed commit: Review Swedish UrBackup web interface translation,project-context,fc3761c34e74bdd09bb8c7b2,review-commit,https://github.com/yeager/translations/blob/99b199024cc1bbdcb6446e82832e120cfaec8efd/UrBackup/urbackup-webinterface-sv.po,1a0e96dff28933e8e7995fae2cf07b80314883956cbb69a8ceaabc64f55f536e,{}
9975a5e5f88ca3324eb4b7ee,tNone,Ingen,UrBackup,urbackup-webinterface-sv.po,,Bilingual translation changed in reviewed commit: Review Swedish UrBackup web interface translation,project-context,e7cfa0f160c39fdb598cc09b,review-commit,https://github.com/yeager/translations/blob/99b199024cc1bbdcb6446e82832e120cfaec8efd/UrBackup/urbackup-webinterface-sv.po,1a0e96dff28933e8e7995fae2cf07b80314883956cbb69a8ceaabc64f55f536e,{}
9a3e0102c5837132e731fb90,tSet the computer name to:,Datornamn:,UrBackup,urbackup-webinterface-sv.po,,Bilingual translation changed in reviewed commit: Review Swedish UrBackup web interface translation,project-context,36d9cb025e63929436332e1e,review-commit,https://github.com/yeager/translations/blob/99b199024cc1bbdcb6446e82832e120cfaec8efd/UrBackup/urbackup-webinterface-sv.po,1a0e96dff28933e8e7995fae2cf07b80314883956cbb69a8ceaabc64f55f536e,{}
9a79e1557c9ccda8216fb3ad,tRepeat new password,Repetera nytt lösenord,UrBackup,urbackup-webinterface-sv.po,,Bilingual translation changed in reviewed commit: Review Swedish UrBackup web interface translation,project-context,f9b6bad946756845ac530104,review-commit,https://github.com/yeager/translations/blob/99b199024cc1bbdcb6446e82832e120cfaec8efd/UrBackup/urbackup-webinterface-sv.po,1a0e96dff28933e8e7995fae2cf07b80314883956cbb69a8ceaabc64f55f536e,{}
9a9765054da3ca7896ef02fc,tInternet image backup transfer mode,Internet diskbackup överföringsläge,UrBackup,urbackup-webinterface-sv.po,,Bilingual translation changed in reviewed commit: Review Swedish UrBackup web interface translation,project-context,e8880c01eccb12b13a31ee92,review-commit,https://github.com/yeager/translations/blob/99b199024cc1bbdcb6446e82832e120cfaec8efd/UrBackup/urbackup-webinterface-sv.po,1a0e96dff28933e8e7995fae2cf07b80314883956cbb69a8ceaabc64f55f536e,{}
9b82d3f6f1dd83fd703b3935,tAllow clients to start file restores,Tillåt klienter att starta filåterställningar,UrBackup,urbackup-webinterface-sv.po,,Bilingual translation changed in reviewed commit: Review Swedish UrBackup web interface translation,project-context,d95648c6052c88f7d58abc4b,review-commit,https://github.com/yeager/translations/blob/99b199024cc1bbdcb6446e82832e120cfaec8efd/UrBackup/urbackup-webinterface-sv.po,1a0e96dff28933e8e7995fae2cf07b80314883956cbb69a8ceaabc64f55f536e,{}
9bf8b30253b8c4f87c33df85,tWindows components backup configuration,Windows-komponentens konfiguration av säkerhetskopia ,UrBackup,urbackup-webinterface-sv.po,,Bilingual translation changed in reviewed commit: Review Swedish UrBackup web interface translation,project-context,b3fb64361c19a25c4bfec915,review-commit,https://github.com/yeager/translations/blob/99b199024cc1bbdcb6446e82832e120cfaec8efd/UrBackup/urbackup-webinterface-sv.po,1a0e96dff28933e8e7995fae2cf07b80314883956cbb69a8ceaabc64f55f536e,{}
9c8a60bb829d021378099bb5,tChanged password successfully,Lösenord ändrades,UrBackup,urbackup-webinterface-sv.po,,Bilingual translation changed in reviewed commit: Review Swedish UrBackup web interface translation,project-context,e495232b93b5a268f69192c3,review-commit,https://github.com/yeager/translations/blob/99b199024cc1bbdcb6446e82832e120cfaec8efd/UrBackup/urbackup-webinterface-sv.po,1a0e96dff28933e8e7995fae2cf07b80314883956cbb69a8ceaabc64f55f536e,{}
9cbde8d217a1f738fa446305,tChanging password failed:,Byte av lösenord misslyckades:,UrBackup,urbackup-webinterface-sv.po,,Bilingual translation changed in reviewed commit: Review Swedish UrBackup web interface translation,project-context,b121d0234f1024e02f1a7727,review-commit,https://github.com/yeager/translations/blob/99b199024cc1bbdcb6446e82832e120cfaec8efd/UrBackup/urbackup-webinterface-sv.po,1a0e96dff28933e8e7995fae2cf07b80314883956cbb69a8ceaabc64f55f536e,{}
9cc3b37e9aabc0c5141a917d,action_6,Återupptagen komplett filbackup.,UrBackup,urbackup-webinterface-sv.po,,Bilingual translation changed in reviewed commit: Review Swedish UrBackup web interface translation,project-context,f9c96cf52b8015d174e47a05,review-commit,https://github.com/yeager/translations/blob/99b199024cc1bbdcb6446e82832e120cfaec8efd/UrBackup/urbackup-webinterface-sv.po,1a0e96dff28933e8e7995fae2cf07b80314883956cbb69a8ceaabc64f55f536e,{}
9d2967ece78ddab226276c04,tWith Selected,Med utvalda,UrBackup,urbackup-webinterface-sv.po,,Bilingual translation changed in reviewed commit: Review Swedish UrBackup web interface translation,project-context,d7c87663e1e5b09c00e0c4e9,review-commit,https://github.com/yeager/translations/blob/99b199024cc1bbdcb6446e82832e120cfaec8efd/UrBackup/urbackup-webinterface-sv.po,1a0e96dff28933e8e7995fae2cf07b80314883956cbb69a8ceaabc64f55f536e,{}
9e8351c8d7d855e1d0229938,tLocal/passive incremental image style,Stil för inkrementell lokal/passiv diskavbild,UrBackup,urbackup-webinterface-sv.po,,Bilingual translation changed in reviewed commit: Review Swedish UrBackup web interface translation,project-context,06eabc66ba2146e57dd00b9f,review-commit,https://github.com/yeager/translations/blob/99b199024cc1bbdcb6446e82832e120cfaec8efd/UrBackup/urbackup-webinterface-sv.po,1a0e96dff28933e8e7995fae2cf07b80314883956cbb69a8ceaabc64f55f536e,{}
9f0846f26acc84332da25d2a,alert_mail_ok,Skicka email efter att backupstatus har ändrats från inte ok till ok,UrBackup,urbackup-webinterface-sv.po,,Bilingual translation changed in reviewed commit: Review Swedish UrBackup web interface translation,project-context,2e5069d507eccada3ced57ef,review-commit,https://github.com/yeager/translations/blob/99b199024cc1bbdcb6446e82832e120cfaec8efd/UrBackup/urbackup-webinterface-sv.po,1a0e96dff28933e8e7995fae2cf07b80314883956cbb69a8ceaabc64f55f536e,{}
9f2e482951b8677cdc805f63,tLDAP/AD class key name in query,LDAP / AD-klassnamn i förfrågan,UrBackup,urbackup-webinterface-sv.po,,Bilingual translation changed in reviewed commit: Review Swedish UrBackup web interface translation,project-context,c60fbceca83b5721436d75cb,review-commit,https://github.com/yeager/translations/blob/99b199024cc1bbdcb6446e82832e120cfaec8efd/UrBackup/urbackup-webinterface-sv.po,1a0e96dff28933e8e7995fae2cf07b80314883956cbb69a8ceaabc64f55f536e,{}
9fed1a92e40ec7b78f5240c2,tDo full file backups over internet,Utför en fullständig filsäkerhetskopia över internet,UrBackup,urbackup-webinterface-sv.po,,Bilingual translation changed in reviewed commit: Review Swedish UrBackup web interface translation,project-context,55a517d02b7c93d63323684d,review-commit,https://github.com/yeager/translations/blob/99b199024cc1bbdcb6446e82832e120cfaec8efd/UrBackup/urbackup-webinterface-sv.po,1a0e96dff28933e8e7995fae2cf07b80314883956cbb69a8ceaabc64f55f536e,{}
9ffa654c386bb948317afa02,tArchive window,Arkiveringstidpunkt,UrBackup,urbackup-webinterface-sv.po,,Bilingual translation changed in reviewed commit: Review Swedish UrBackup web interface translation,project-context,72747357712f716de13ae327,review-commit,https://github.com/yeager/translations/blob/99b199024cc1bbdcb6446e82832e120cfaec8efd/UrBackup/urbackup-webinterface-sv.po,1a0e96dff28933e8e7995fae2cf07b80314883956cbb69a8ceaabc64f55f536e,{}
a066e598a77a95101d1e55f9,tLogin with username and password,Logga in med användarnamn och lösenord,UrBackup,urbackup-webinterface-sv.po,,Bilingual translation changed in reviewed commit: Review Swedish UrBackup web interface translation,project-context,d681c6c117e47bb03a48ef2c,review-commit,https://github.com/yeager/translations/blob/99b199024cc1bbdcb6446e82832e120cfaec8efd/UrBackup/urbackup-webinterface-sv.po,1a0e96dff28933e8e7995fae2cf07b80314883956cbb69a8ceaabc64f55f536e,{}
a0dcbaee7f7a69da776ee394,tLocal/passive full image style,Stil för fullständig lokal/passiv diskavbild,UrBackup,urbackup-webinterface-sv.po,,Bilingual translation changed in reviewed commit: Review Swedish UrBackup web interface translation,project-context,5c8f38403c5f56c5dd852439,review-commit,https://github.com/yeager/translations/blob/99b199024cc1bbdcb6446e82832e120cfaec8efd/UrBackup/urbackup-webinterface-sv.po,1a0e96dff28933e8e7995fae2cf07b80314883956cbb69a8ceaabc64f55f536e,{}
a1c427dc8c9450a88e34bf3a,tIncremental image backup,Inkrementell diskbackup,UrBackup,urbackup-webinterface-sv.po,,Bilingual translation changed in reviewed commit: Review Swedish UrBackup web interface translation,project-context,99387874d100a0d3987bf4ba,review-commit,https://github.com/yeager/translations/blob/99b199024cc1bbdcb6446e82832e120cfaec8efd/UrBackup/urbackup-webinterface-sv.po,1a0e96dff28933e8e7995fae2cf07b80314883956cbb69a8ceaabc64f55f536e,{}
a1d14c30fa270314802e72eb,tStop removing client,Avbryt borttagning av klient,UrBackup,urbackup-webinterface-sv.po,,Bilingual translation changed in reviewed commit: Review Swedish UrBackup web interface translation,project-context,ad8daa5d0edabd49bed38c3e,review-commit,https://github.com/yeager/translations/blob/99b199024cc1bbdcb6446e82832e120cfaec8efd/UrBackup/urbackup-webinterface-sv.po,1a0e96dff28933e8e7995fae2cf07b80314883956cbb69a8ceaabc64f55f536e,{}
a1d6b12a6036214401d5a834,tImage backup file format,Filformat för diskbackup,UrBackup,urbackup-webinterface-sv.po,,Bilingual translation changed in reviewed commit: Review Swedish UrBackup web interface translation,project-context,20a299434e0aa7b01dd4ed0c,review-commit,https://github.com/yeager/translations/blob/99b199024cc1bbdcb6446e82832e120cfaec8efd/UrBackup/urbackup-webinterface-sv.po,1a0e96dff28933e8e7995fae2cf07b80314883956cbb69a8ceaabc64f55f536e,{}
a22b8a499923736bf8927a0b,add_new_group,Lägg till ny grupp,UrBackup,urbackup-webinterface-sv.po,,Bilingual translation changed in reviewed commit: Review Swedish UrBackup web interface translation,project-context,387a649afecf35c53b22da12,review-commit,https://github.com/yeager/translations/blob/99b199024cc1bbdcb6446e82832e120cfaec8efd/UrBackup/urbackup-webinterface-sv.po,1a0e96dff28933e8e7995fae2cf07b80314883956cbb69a8ceaabc64f55f536e,{}
a233615f250ab71cb4fe4e44,tAlert script parameters,Parametrar för varningsskript,UrBackup,urbackup-webinterface-sv.po,,Bilingual translation changed in reviewed commit: Review Swedish UrBackup web interface translation,project-context,a98b81e3108b11171c6e20c5,review-commit,https://github.com/yeager/translations/blob/99b199024cc1bbdcb6446e82832e120cfaec8efd/UrBackup/urbackup-webinterface-sv.po,1a0e96dff28933e8e7995fae2cf07b80314883956cbb69a8ceaabc64f55f536e,{}
a40ec4624cbc5f2cda4baf5d,tLDAP/AD server name,LDAP/AD server namn,UrBackup,urbackup-webinterface-sv.po,,Bilingual translation changed in reviewed commit: Review Swedish UrBackup web interface translation,project-context,fbe6e09038b7f04f024e399c,review-commit,https://github.com/yeager/translations/blob/99b199024cc1bbdcb6446e82832e120cfaec8efd/UrBackup/urbackup-webinterface-sv.po,1a0e96dff28933e8e7995fae2cf07b80314883956cbb69a8ceaabc64f55f536e,{}
a4a7fbf66a1051d36a5f0b90,tStorage allocation,Tilldelat uterymme,UrBackup,urbackup-webinterface-sv.po,,Bilingual translation changed in reviewed commit: Review Swedish UrBackup web interface translation,project-context,6ae16c39c141da65e31889b2,review-commit,https://github.com/yeager/translations/blob/99b199024cc1bbdcb6446e82832e120cfaec8efd/UrBackup/urbackup-webinterface-sv.po,1a0e96dff28933e8e7995fae2cf07b80314883956cbb69a8ceaabc64f55f536e,{}
a50041108339024f8a66042b,enter_group_name,Ange nytt gruppnamn,UrBackup,urbackup-webinterface-sv.po,,Bilingual translation changed in reviewed commit: Review Swedish UrBackup web interface translation,project-context,7a20d1131e6fcace450f0243,review-commit,https://github.com/yeager/translations/blob/99b199024cc1bbdcb6446e82832e120cfaec8efd/UrBackup/urbackup-webinterface-sv.po,1a0e96dff28933e8e7995fae2cf07b80314883956cbb69a8ceaabc64f55f536e,{}
a5016e4b3bc95aebdae4a9b7,tNew password,Nytt lösenord,UrBackup,urbackup-webinterface-sv.po,,Bilingual translation changed in reviewed commit: Review Swedish UrBackup web interface translation,project-context,6d6954e1fd78cd6b27e3a627,review-commit,https://github.com/yeager/translations/blob/99b199024cc1bbdcb6446e82832e120cfaec8efd/UrBackup/urbackup-webinterface-sv.po,1a0e96dff28933e8e7995fae2cf07b80314883956cbb69a8ceaabc64f55f536e,{}
a55c4d0d4fef708b78dd28ac,no_recent_backup,Ingen nuvarande backup,UrBackup,urbackup-webinterface-sv.po,,Bilingual translation changed in reviewed commit: Review Swedish UrBackup web interface translation,project-context,4b36e6fb1592a7a21bb76f12,review-commit,https://github.com/yeager/translations/blob/99b199024cc1bbdcb6446e82832e120cfaec8efd/UrBackup/urbackup-webinterface-sv.po,1a0e96dff28933e8e7995fae2cf07b80314883956cbb69a8ceaabc64f55f536e,{}
a5ce9017e31d4e42efab65b0,tweeks,veckor,UrBackup,urbackup-webinterface-sv.po,,Bilingual translation changed in reviewed commit: Review Swedish UrBackup web interface translation,project-context,2ff1bf8a2df92e294955113e,review-commit,https://github.com/yeager/translations/blob/99b199024cc1bbdcb6446e82832e120cfaec8efd/UrBackup/urbackup-webinterface-sv.po,1a0e96dff28933e8e7995fae2cf07b80314883956cbb69a8ceaabc64f55f536e,{}
a70ecf12b3837cabb03654a5,weeks,veckor,UrBackup,urbackup-webinterface-sv.po,,Bilingual translation changed in reviewed commit: Review Swedish UrBackup web interface translation,project-context,e58f7edd8ffaeb4e131e62ef,review-commit,https://github.com/yeager/translations/blob/99b199024cc1bbdcb6446e82832e120cfaec8efd/UrBackup/urbackup-webinterface-sv.po,1a0e96dff28933e8e7995fae2cf07b80314883956cbb69a8ceaabc64f55f536e,{}
a7ee2fcdde0507c302540744,tWith the command line:,Med kommandoraden:,UrBackup,urbackup-webinterface-sv.po,,Bilingual translation changed in reviewed commit: Review Swedish UrBackup web interface translation,project-context,2dcd985c2fc8cdd1a37ab2b2,review-commit,https://github.com/yeager/translations/blob/99b199024cc1bbdcb6446e82832e120cfaec8efd/UrBackup/urbackup-webinterface-sv.po,1a0e96dff28933e8e7995fae2cf07b80314883956cbb69a8ceaabc64f55f536e,{}
a87effeab2321fcd04a03e8a,tSend reports to,Skicka rapporter till,UrBackup,urbackup-webinterface-sv.po,,Bilingual translation changed in reviewed commit: Review Swedish UrBackup web interface translation,project-context,d967e105fd637ec18f8db8a6,review-commit,https://github.com/yeager/translations/blob/99b199024cc1bbdcb6446e82832e120cfaec8efd/UrBackup/urbackup-webinterface-sv.po,1a0e96dff28933e8e7995fae2cf07b80314883956cbb69a8ceaabc64f55f536e,{}
a888fe48d3c17f8bda8037f6,tBased on last full image backup,Baserat på senaste kompletta diskbackupen,UrBackup,urbackup-webinterface-sv.po,,Bilingual translation changed in reviewed commit: Review Swedish UrBackup web interface translation,project-context,4f33618cd0b0f641d080b438,review-commit,https://github.com/yeager/translations/blob/99b199024cc1bbdcb6446e82832e120cfaec8efd/UrBackup/urbackup-webinterface-sv.po,1a0e96dff28933e8e7995fae2cf07b80314883956cbb69a8ceaabc64f55f536e,{}
a92aff77740e0947668c2a6f,no,Nej,UrBackup,urbackup-webinterface-sv.po,,Bilingual translation changed in reviewed commit: Review Swedish UrBackup web interface translation,project-context,41a204cfa7f01279ef30a82e,review-commit,https://github.com/yeager/translations/blob/99b199024cc1bbdcb6446e82832e120cfaec8efd/UrBackup/urbackup-webinterface-sv.po,1a0e96dff28933e8e7995fae2cf07b80314883956cbb69a8ceaabc64f55f536e,{}
a99f3070bd4fb070e9819ed2,tNo activities,Inga aktiviteter,UrBackup,urbackup-webinterface-sv.po,,Bilingual translation changed in reviewed commit: Review Swedish UrBackup web interface translation,project-context,643f2f1de80afda8c9ab60d1,review-commit,https://github.com/yeager/translations/blob/99b199024cc1bbdcb6446e82832e120cfaec8efd/UrBackup/urbackup-webinterface-sv.po,1a0e96dff28933e8e7995fae2cf07b80314883956cbb69a8ceaabc64f55f536e,{}
a9b0ccfb0cb9b34d1192cbec,tDays,Dagar,UrBackup,urbackup-webinterface-sv.po,,Bilingual translation changed in reviewed commit: Review Swedish UrBackup web interface translation,project-context,6afdebba4db976250af0aac6,review-commit,https://github.com/yeager/translations/blob/99b199024cc1bbdcb6446e82832e120cfaec8efd/UrBackup/urbackup-webinterface-sv.po,1a0e96dff28933e8e7995fae2cf07b80314883956cbb69a8ceaabc64f55f536e,{}
a9b75e39a616c521a306165f,No matching records found,Inga motsvarande poster hittades,UrBackup,urbackup-webinterface-sv.po,,Bilingual translation changed in reviewed commit: Review Swedish UrBackup web interface translation,project-context,c7c109a1beff438deb0cc119,review-commit,https://github.com/yeager/translations/blob/99b199024cc1bbdcb6446e82832e120cfaec8efd/UrBackup/urbackup-webinterface-sv.po,1a0e96dff28933e8e7995fae2cf07b80314883956cbb69a8ceaabc64f55f536e,{}
aa2381e62838892600e2f6ba,tInternet/active incremental file backup transfer mode,Överföringsläge för inkrementell filsäkerhetskopiering via internet/aktiv klient,UrBackup,urbackup-webinterface-sv.po,,Bilingual translation changed in reviewed commit: Review Swedish UrBackup web interface translation,project-context,e0bbc933289be48bee14c67e,review-commit,https://github.com/yeager/translations/blob/99b199024cc1bbdcb6446e82832e120cfaec8efd/UrBackup/urbackup-webinterface-sv.po,1a0e96dff28933e8e7995fae2cf07b80314883956cbb69a8ceaabc64f55f536e,{}
aad15dca3b49f23c80812e73,tMail server password,Mejlserver lösenord,UrBackup,urbackup-webinterface-sv.po,,Bilingual translation changed in reviewed commit: Review Swedish UrBackup web interface translation,project-context,d48a57338e21ed6597eb1ba5,review-commit,https://github.com/yeager/translations/blob/99b199024cc1bbdcb6446e82832e120cfaec8efd/UrBackup/urbackup-webinterface-sv.po,1a0e96dff28933e8e7995fae2cf07b80314883956cbb69a8ceaabc64f55f536e,{}
aae107c9946f1eb678251444,tMax backup speed as Internet/active client,Högsta säkerhetskopieringshastighet som internet-/aktiv klient,UrBackup,urbackup-webinterface-sv.po,,Bilingual translation changed in reviewed commit: Review Swedish UrBackup web interface translation,project-context,192993b07b02e69dc5b5c7af,review-commit,https://github.com/yeager/translations/blob/99b199024cc1bbdcb6446e82832e120cfaec8efd/UrBackup/urbackup-webinterface-sv.po,1a0e96dff28933e8e7995fae2cf07b80314883956cbb69a8ceaabc64f55f536e,{}
ab1736f166d392c8d8a19ab7,tTest login succeeded. Rights of user:,Test login fungerade. Rättigheter för användare:,UrBackup,urbackup-webinterface-sv.po,,Bilingual translation changed in reviewed commit: Review Swedish UrBackup web interface translation,project-context,e4c7f4e4ba1ee9589e9dd336,review-commit,https://github.com/yeager/translations/blob/99b199024cc1bbdcb6446e82832e120cfaec8efd/UrBackup/urbackup-webinterface-sv.po,1a0e96dff28933e8e7995fae2cf07b80314883956cbb69a8ceaabc64f55f536e,{}
ac488cc66e04f39c2ab76eeb,tInterval for incremental image backups,Intervall för inkrementella diskbackuper,UrBackup,urbackup-webinterface-sv.po,,Bilingual translation changed in reviewed commit: Review Swedish UrBackup web interface translation,project-context,66e73cb9df003f53914dfec2,review-commit,https://github.com/yeager/translations/blob/99b199024cc1bbdcb6446e82832e120cfaec8efd/UrBackup/urbackup-webinterface-sv.po,1a0e96dff28933e8e7995fae2cf07b80314883956cbb69a8ceaabc64f55f536e,{}
ac7f541ab9788c640d6a6bba,tType:,Typ:,UrBackup,urbackup-webinterface-sv.po,,Bilingual translation changed in reviewed commit: Review Swedish UrBackup web interface translation,project-context,89cea39bd9d183616631623d,review-commit,https://github.com/yeager/translations/blob/99b199024cc1bbdcb6446e82832e120cfaec8efd/UrBackup/urbackup-webinterface-sv.po,1a0e96dff28933e8e7995fae2cf07b80314883956cbb69a8ceaabc64f55f536e,{}
ad2b20c9c3b971addcf0fa28,tLogs,Loggfiler,UrBackup,urbackup-webinterface-sv.po,,Bilingual translation changed in reviewed commit: Review Swedish UrBackup web interface translation,project-context,755bd812dd47e063b17940a5,review-commit,https://github.com/yeager/translations/blob/99b199024cc1bbdcb6446e82832e120cfaec8efd/UrBackup/urbackup-webinterface-sv.po,1a0e96dff28933e8e7995fae2cf07b80314883956cbb69a8ceaabc64f55f536e,{}
ad451dfcbb7d22344d182598,tMail server port,Mejlserver port,UrBackup,urbackup-webinterface-sv.po,,Bilingual translation changed in reviewed commit: Review Swedish UrBackup web interface translation,project-context,c43cf068f44e92ce145672ac,review-commit,https://github.com/yeager/translations/blob/99b199024cc1bbdcb6446e82832e120cfaec8efd/UrBackup/urbackup-webinterface-sv.po,1a0e96dff28933e8e7995fae2cf07b80314883956cbb69a8ceaabc64f55f536e,{}
adcee05c4011537367302477,tOperating System,Operativsystem,UrBackup,urbackup-webinterface-sv.po,,Bilingual translation changed in reviewed commit: Review Swedish UrBackup web interface translation,project-context,11c4c52df88bfbf255c6af52,review-commit,https://github.com/yeager/translations/blob/99b199024cc1bbdcb6446e82832e120cfaec8efd/UrBackup/urbackup-webinterface-sv.po,1a0e96dff28933e8e7995fae2cf07b80314883956cbb69a8ceaabc64f55f536e,{}
ade1f18e604f4799df32ab20,tBackups interrupted,Säkerhetskopieringar avbröts,UrBackup,urbackup-webinterface-sv.po,,Bilingual translation changed in reviewed commit: Review Swedish UrBackup web interface translation,project-context,9be2112cdf8f735d6df94ef2,review-commit,https://github.com/yeager/translations/blob/99b199024cc1bbdcb6446e82832e120cfaec8efd/UrBackup/urbackup-webinterface-sv.po,1a0e96dff28933e8e7995fae2cf07b80314883956cbb69a8ceaabc64f55f536e,{}
adf60b5fdc4cf7d77544c2b9,storage_usage_bar_graph_colname1,Datum,UrBackup,urbackup-webinterface-sv.po,,Bilingual translation changed in reviewed commit: Review Swedish UrBackup web interface translation,project-context,58a78f0296b046dc3260152c,review-commit,https://github.com/yeager/translations/blob/99b199024cc1bbdcb6446e82832e120cfaec8efd/UrBackup/urbackup-webinterface-sv.po,1a0e96dff28933e8e7995fae2cf07b80314883956cbb69a8ceaabc64f55f536e,{}
ae38da2604423a9ce0579fbd,tMail server name,Mejlserver namn,UrBackup,urbackup-webinterface-sv.po,,Bilingual translation changed in reviewed commit: Review Swedish UrBackup web interface translation,project-context,8afdbaff83e213d935c8c577,review-commit,https://github.com/yeager/translations/blob/99b199024cc1bbdcb6446e82832e120cfaec8efd/UrBackup/urbackup-webinterface-sv.po,1a0e96dff28933e8e7995fae2cf07b80314883956cbb69a8ceaabc64f55f536e,{}
aebf0a66525ffbc32d3bc630,tTemporary files as image backup buffer,Temporära filer som buffer vid diskbackup,UrBackup,urbackup-webinterface-sv.po,,Bilingual translation changed in reviewed commit: Review Swedish UrBackup web interface translation,project-context,50bf2692360dfe3137f032b3,review-commit,https://github.com/yeager/translations/blob/99b199024cc1bbdcb6446e82832e120cfaec8efd/UrBackup/urbackup-webinterface-sv.po,1a0e96dff28933e8e7995fae2cf07b80314883956cbb69a8ceaabc64f55f536e,{}
afd85be455bf35c01c4e1c64,tInternet auth key,Internet autentiseringsnyckel,UrBackup,urbackup-webinterface-sv.po,,Bilingual translation changed in reviewed commit: Review Swedish UrBackup web interface translation,project-context,b1bdc0ba9e7da1107b04e7d4,review-commit,https://github.com/yeager/translations/blob/99b199024cc1bbdcb6446e82832e120cfaec8efd/UrBackup/urbackup-webinterface-sv.po,1a0e96dff28933e8e7995fae2cf07b80314883956cbb69a8ceaabc64f55f536e,{}
afe38a5617bd73e4e11e0b12,tInternet clients,Internet klienter,UrBackup,urbackup-webinterface-sv.po,,Bilingual translation changed in reviewed commit: Review Swedish UrBackup web interface translation,project-context,5748bf979684459c38c1473f,review-commit,https://github.com/yeager/translations/blob/99b199024cc1bbdcb6446e82832e120cfaec8efd/UrBackup/urbackup-webinterface-sv.po,1a0e96dff28933e8e7995fae2cf07b80314883956cbb69a8ceaabc64f55f536e,{}
b387fd526e40805b42b501d2,tReport script,Rapportskript,UrBackup,urbackup-webinterface-sv.po,,Bilingual translation changed in reviewed commit: Review Swedish UrBackup web interface translation,project-context,d0b1c1036957b852b78023e6,review-commit,https://github.com/yeager/translations/blob/99b199024cc1bbdcb6446e82832e120cfaec8efd/UrBackup/urbackup-webinterface-sv.po,1a0e96dff28933e8e7995fae2cf07b80314883956cbb69a8ceaabc64f55f536e,{}
b3b75e35019e40554131e970,tTest login failed. Error:,Test login fungerade inte. Error:,UrBackup,urbackup-webinterface-sv.po,,Bilingual translation changed in reviewed commit: Review Swedish UrBackup web interface translation,project-context,7de37d9d02160a694e0d37f7,review-commit,https://github.com/yeager/translations/blob/99b199024cc1bbdcb6446e82832e120cfaec8efd/UrBackup/urbackup-webinterface-sv.po,1a0e96dff28933e8e7995fae2cf07b80314883956cbb69a8ceaabc64f55f536e,{}
b3bc2dd3e7b77d0020cd2a38,Maximize,Maximera,UrBackup,urbackup-webinterface-sv.po,,Bilingual translation changed in reviewed commit: Review Swedish UrBackup web interface translation,project-context,c5d198952f76589f41c17257,review-commit,https://github.com/yeager/translations/blob/99b199024cc1bbdcb6446e82832e120cfaec8efd/UrBackup/urbackup-webinterface-sv.po,1a0e96dff28933e8e7995fae2cf07b80314883956cbb69a8ceaabc64f55f536e,{}
b4a118e863b0f4fc34271c22,tyears,år,UrBackup,urbackup-webinterface-sv.po,,Bilingual translation changed in reviewed commit: Review Swedish UrBackup web interface translation,project-context,0ffe8692241943447cc372b8,review-commit,https://github.com/yeager/translations/blob/99b199024cc1bbdcb6446e82832e120cfaec8efd/UrBackup/urbackup-webinterface-sv.po,1a0e96dff28933e8e7995fae2cf07b80314883956cbb69a8ceaabc64f55f536e,{}
b4adc1d0200cc86c4e21721f,storage_usage_bar_graph_colname2,Lagringsanvändande,UrBackup,urbackup-webinterface-sv.po,,Bilingual translation changed in reviewed commit: Review Swedish UrBackup web interface translation,project-context,88c3c2e77eecd83dca7e0e95,review-commit,https://github.com/yeager/translations/blob/99b199024cc1bbdcb6446e82832e120cfaec8efd/UrBackup/urbackup-webinterface-sv.po,1a0e96dff28933e8e7995fae2cf07b80314883956cbb69a8ceaabc64f55f536e,{}
b65d522815608e91b7246673,action_5,Återupptagen inkrementell filbackup.,UrBackup,urbackup-webinterface-sv.po,,Bilingual translation changed in reviewed commit: Review Swedish UrBackup web interface translation,project-context,e4fa7513e6808d09b8d9ab90,review-commit,https://github.com/yeager/translations/blob/99b199024cc1bbdcb6446e82832e120cfaec8efd/UrBackup/urbackup-webinterface-sv.po,1a0e96dff28933e8e7995fae2cf07b80314883956cbb69a8ceaabc64f55f536e,{}
b6c0591046432bc9f6a42e4c,tID,ID,UrBackup,urbackup-webinterface-sv.po,,Bilingual translation changed in reviewed commit: Review Swedish UrBackup web interface translation,project-context,75f7b0561f0fa29b1b88eb6b,review-commit,https://github.com/yeager/translations/blob/99b199024cc1bbdcb6446e82832e120cfaec8efd/UrBackup/urbackup-webinterface-sv.po,1a0e96dff28933e8e7995fae2cf07b80314883956cbb69a8ceaabc64f55f536e,{}
b6cf3bee60cfe221f3b44b9b,tString,Sträng,UrBackup,urbackup-webinterface-sv.po,,Bilingual translation changed in reviewed commit: Review Swedish UrBackup web interface translation,project-context,c67f1650c8b55c848e7f6774,review-commit,https://github.com/yeager/translations/blob/99b199024cc1bbdcb6446e82832e120cfaec8efd/UrBackup/urbackup-webinterface-sv.po,1a0e96dff28933e8e7995fae2cf07b80314883956cbb69a8ceaabc64f55f536e,{}
b702a3cf21635bb0a4e7234b,tMinimal number of full image backups,Minsta antal kompletta diskbackuper,UrBackup,urbackup-webinterface-sv.po,,Bilingual translation changed in reviewed commit: Review Swedish UrBackup web interface translation,project-context,b18a0f7a2ad5a8c0cbdaa415,review-commit,https://github.com/yeager/translations/blob/99b199024cc1bbdcb6446e82832e120cfaec8efd/UrBackup/urbackup-webinterface-sv.po,1a0e96dff28933e8e7995fae2cf07b80314883956cbb69a8ceaabc64f55f536e,{}
b7097aae719ef94f61aa57e0,tNo backups,Inga säkerhetskopior,UrBackup,urbackup-webinterface-sv.po,,Bilingual translation changed in reviewed commit: Review Swedish UrBackup web interface translation,project-context,dd0afa8b0b801a8bc19f04ec,review-commit,https://github.com/yeager/translations/blob/99b199024cc1bbdcb6446e82832e120cfaec8efd/UrBackup/urbackup-webinterface-sv.po,1a0e96dff28933e8e7995fae2cf07b80314883956cbb69a8ceaabc64f55f536e,{}
b76184fdc5dc0ab0403044f7,tPartition number,Partition nummer,UrBackup,urbackup-webinterface-sv.po,,Bilingual translation changed in reviewed commit: Review Swedish UrBackup web interface translation,project-context,961a7fc7e6ed3cb8a42eaaa0,review-commit,https://github.com/yeager/translations/blob/99b199024cc1bbdcb6446e82832e120cfaec8efd/UrBackup/urbackup-webinterface-sv.po,1a0e96dff28933e8e7995fae2cf07b80314883956cbb69a8ceaabc64f55f536e,{}
b795f1a9453422931922ee30,tLevel,Nivå,UrBackup,urbackup-webinterface-sv.po,,Bilingual translation changed in reviewed commit: Review Swedish UrBackup web interface translation,project-context,b9391cb103f488247c4837cc,review-commit,https://github.com/yeager/translations/blob/99b199024cc1bbdcb6446e82832e120cfaec8efd/UrBackup/urbackup-webinterface-sv.po,1a0e96dff28933e8e7995fae2cf07b80314883956cbb69a8ceaabc64f55f536e,{}
b7d5ed3dd58b85b722b7ff4b,action_10,Klientuppdatering,UrBackup,urbackup-webinterface-sv.po,,Bilingual translation changed in reviewed commit: Review Swedish UrBackup web interface translation,project-context,790d31a0c03fba4af4ae3fb9,review-commit,https://github.com/yeager/translations/blob/99b199024cc1bbdcb6446e82832e120cfaec8efd/UrBackup/urbackup-webinterface-sv.po,1a0e96dff28933e8e7995fae2cf07b80314883956cbb69a8ceaabc64f55f536e,{}
b8d2a1994fb3754ef1244143,tFiles in queue,Filer i kö,UrBackup,urbackup-webinterface-sv.po,,Bilingual translation changed in reviewed commit: Review Swedish UrBackup web interface translation,project-context,89841f14bf4286e95d421e96,review-commit,https://github.com/yeager/translations/blob/99b199024cc1bbdcb6446e82832e120cfaec8efd/UrBackup/urbackup-webinterface-sv.po,1a0e96dff28933e8e7995fae2cf07b80314883956cbb69a8ceaabc64f55f536e,{}
b9e5b60c7efb62e970bec202,tPath:,Sökväg:,UrBackup,urbackup-webinterface-sv.po,,Bilingual translation changed in reviewed commit: Review Swedish UrBackup web interface translation,project-context,510ec12b309999c763ecece3,review-commit,https://github.com/yeager/translations/blob/99b199024cc1bbdcb6446e82832e120cfaec8efd/UrBackup/urbackup-webinterface-sv.po,1a0e96dff28933e8e7995fae2cf07b80314883956cbb69a8ceaabc64f55f536e,{}
ba4924aba46695ba32b790f8,tHashed,Hashad,UrBackup,urbackup-webinterface-sv.po,,Bilingual translation changed in reviewed commit: Review Swedish UrBackup web interface translation,project-context,ae842f89a7b09abb4dbb90dd,review-commit,https://github.com/yeager/translations/blob/99b199024cc1bbdcb6446e82832e120cfaec8efd/UrBackup/urbackup-webinterface-sv.po,1a0e96dff28933e8e7995fae2cf07b80314883956cbb69a8ceaabc64f55f536e,{}
bb10f21ecd5f9bc8391d8575,tGroup name,Gruppnamn,UrBackup,urbackup-webinterface-sv.po,,Bilingual translation changed in reviewed commit: Review Swedish UrBackup web interface translation,project-context,7eb6d353723b9ae985d3e82e,review-commit,https://github.com/yeager/translations/blob/99b199024cc1bbdcb6446e82832e120cfaec8efd/UrBackup/urbackup-webinterface-sv.po,1a0e96dff28933e8e7995fae2cf07b80314883956cbb69a8ceaabc64f55f536e,{}
bb7d30ac2fd4c9c981397ab1,tEdit report script,Redigera rapportskript,UrBackup,urbackup-webinterface-sv.po,,Bilingual translation changed in reviewed commit: Review Swedish UrBackup web interface translation,project-context,d6f480e9ba9972da6c6740a6,review-commit,https://github.com/yeager/translations/blob/99b199024cc1bbdcb6446e82832e120cfaec8efd/UrBackup/urbackup-webinterface-sv.po,1a0e96dff28933e8e7995fae2cf07b80314883956cbb69a8ceaabc64f55f536e,{}
bbde0b05e450bbeb57240cb7,interval_days,dagar,UrBackup,urbackup-webinterface-sv.po,,Bilingual translation changed in reviewed commit: Review Swedish UrBackup web interface translation,project-context,ff3804083a5939c7ffc5186a,review-commit,https://github.com/yeager/translations/blob/99b199024cc1bbdcb6446e82832e120cfaec8efd/UrBackup/urbackup-webinterface-sv.po,1a0e96dff28933e8e7995fae2cf07b80314883956cbb69a8ceaabc64f55f536e,{}
bbfdd9a6c70debb2462d2310,tPercent finished,Procent färdig,UrBackup,urbackup-webinterface-sv.po,,Bilingual translation changed in reviewed commit: Review Swedish UrBackup web interface translation,project-context,6fefd6333eb69148a60324aa,review-commit,https://github.com/yeager/translations/blob/99b199024cc1bbdcb6446e82832e120cfaec8efd/UrBackup/urbackup-webinterface-sv.po,1a0e96dff28933e8e7995fae2cf07b80314883956cbb69a8ceaabc64f55f536e,{}
bc4e5f8867e6cbcb3670254d,tMax backup speed for local network,Hastighetsbegränsning för lokalt nätverk:,UrBackup,urbackup-webinterface-sv.po,,Bilingual translation changed in reviewed commit: Review Swedish UrBackup web interface translation,project-context,a000f1c75e036b5a2090df57,review-commit,https://github.com/yeager/translations/blob/99b199024cc1bbdcb6446e82832e120cfaec8efd/UrBackup/urbackup-webinterface-sv.po,1a0e96dff28933e8e7995fae2cf07b80314883956cbb69a8ceaabc64f55f536e,{}
bc6877b179670c13782fdc94,starting_backup_failed,Start av backup misslyckades,UrBackup,urbackup-webinterface-sv.po,,Bilingual translation changed in reviewed commit: Review Swedish UrBackup web interface translation,project-context,bb7209ba20fa71d63ff3c78f,review-commit,https://github.com/yeager/translations/blob/99b199024cc1bbdcb6446e82832e120cfaec8efd/UrBackup/urbackup-webinterface-sv.po,1a0e96dff28933e8e7995fae2cf07b80314883956cbb69a8ceaabc64f55f536e,{}
bc7358f6e6aa9264a670e102,tInternet/active incremental image style,Stil för inkrementell diskavbild via internet/aktiv klient,UrBackup,urbackup-webinterface-sv.po,,Bilingual translation changed in reviewed commit: Review Swedish UrBackup web interface translation,project-context,f9f0f8fe9553c241dee2c7c4,review-commit,https://github.com/yeager/translations/blob/99b199024cc1bbdcb6446e82832e120cfaec8efd/UrBackup/urbackup-webinterface-sv.po,1a0e96dff28933e8e7995fae2cf07b80314883956cbb69a8ceaabc64f55f536e,{}
bd72757e7ee14fd64e446af7,tChange rights,Ändra rättigheter,UrBackup,urbackup-webinterface-sv.po,,Bilingual translation changed in reviewed commit: Review Swedish UrBackup web interface translation,project-context,f55c8377fda8c482e517db6d,review-commit,https://github.com/yeager/translations/blob/99b199024cc1bbdcb6446e82832e120cfaec8efd/UrBackup/urbackup-webinterface-sv.po,1a0e96dff28933e8e7995fae2cf07b80314883956cbb69a8ceaabc64f55f536e,{}
be01d4a2820e26f4799764f0,group_delete_failed,Ta bort gruppen misslyckades,UrBackup,urbackup-webinterface-sv.po,,Bilingual translation changed in reviewed commit: Review Swedish UrBackup web interface translation,project-context,c5bcc4ca09772cb5bf74930f,review-commit,https://github.com/yeager/translations/blob/99b199024cc1bbdcb6446e82832e120cfaec8efd/UrBackup/urbackup-webinterface-sv.po,1a0e96dff28933e8e7995fae2cf07b80314883956cbb69a8ceaabc64f55f536e,{}
be3e142b5389cd9be21afa43,tInfo,Info,UrBackup,urbackup-webinterface-sv.po,,Bilingual translation changed in reviewed commit: Review Swedish UrBackup web interface translation,project-context,f87354a156a0361cfb63af95,review-commit,https://github.com/yeager/translations/blob/99b199024cc1bbdcb6446e82832e120cfaec8efd/UrBackup/urbackup-webinterface-sv.po,1a0e96dff28933e8e7995fae2cf07b80314883956cbb69a8ceaabc64f55f536e,{}
bf1ee8d0ed7db0372a7127dc,tSerial number,Serienummer,UrBackup,urbackup-webinterface-sv.po,,Bilingual translation changed in reviewed commit: Review Swedish UrBackup web interface translation,project-context,6c74154cc6221c17db8a50fb,review-commit,https://github.com/yeager/translations/blob/99b199024cc1bbdcb6446e82832e120cfaec8efd/UrBackup/urbackup-webinterface-sv.po,1a0e96dff28933e8e7995fae2cf07b80314883956cbb69a8ceaabc64f55f536e,{}
bf6c0bb7d56f436bcb3d8529,action_3,Inkrementell diskbackup,UrBackup,urbackup-webinterface-sv.po,,Bilingual translation changed in reviewed commit: Review Swedish UrBackup web interface translation,project-context,4c763cded94734b667345d71,review-commit,https://github.com/yeager/translations/blob/99b199024cc1bbdcb6446e82832e120cfaec8efd/UrBackup/urbackup-webinterface-sv.po,1a0e96dff28933e8e7995fae2cf07b80314883956cbb69a8ceaabc64f55f536e,{}
c0688e4e6423813a49df2609,tAllow client-side starting of file backups,Tillåt att klienter startar filbackup,UrBackup,urbackup-webinterface-sv.po,,Bilingual translation changed in reviewed commit: Review Swedish UrBackup web interface translation,project-context,2a4d6435a1cb1f9a65fd13aa,review-commit,https://github.com/yeager/translations/blob/99b199024cc1bbdcb6446e82832e120cfaec8efd/UrBackup/urbackup-webinterface-sv.po,1a0e96dff28933e8e7995fae2cf07b80314883956cbb69a8ceaabc64f55f536e,{}
c110ba05444c9794011f9ab3,action_8,Filåterställning,UrBackup,urbackup-webinterface-sv.po,,Bilingual translation changed in reviewed commit: Review Swedish UrBackup web interface translation,project-context,ea03a4caf27b00dfea5a932f,review-commit,https://github.com/yeager/translations/blob/99b199024cc1bbdcb6446e82832e120cfaec8efd/UrBackup/urbackup-webinterface-sv.po,1a0e96dff28933e8e7995fae2cf07b80314883956cbb69a8ceaabc64f55f536e,{}
c144e074e852927341c32c3b,tVirtual sub client names,Virtuellt subklientnamn,UrBackup,urbackup-webinterface-sv.po,,Bilingual translation changed in reviewed commit: Review Swedish UrBackup web interface translation,project-context,16476c794533f32019ff2b68,review-commit,https://github.com/yeager/translations/blob/99b199024cc1bbdcb6446e82832e120cfaec8efd/UrBackup/urbackup-webinterface-sv.po,1a0e96dff28933e8e7995fae2cf07b80314883956cbb69a8ceaabc64f55f536e,{}
c14c7326f69b9691ffa6d6c9,tOk. Dismiss this hint.,Ok. Avvisa denna ledtråd.,UrBackup,urbackup-webinterface-sv.po,,Bilingual translation changed in reviewed commit: Review Swedish UrBackup web interface translation,project-context,536ef27fa473d3052b70f60e,review-commit,https://github.com/yeager/translations/blob/99b199024cc1bbdcb6446e82832e120cfaec8efd/UrBackup/urbackup-webinterface-sv.po,1a0e96dff28933e8e7995fae2cf07b80314883956cbb69a8ceaabc64f55f536e,{}
c1a564717ba7e99c4ee331be,tmonth,månader,UrBackup,urbackup-webinterface-sv.po,,Bilingual translation changed in reviewed commit: Review Swedish UrBackup web interface translation,project-context,e64ab62e45cbb056aec04a04,review-commit,https://github.com/yeager/translations/blob/99b199024cc1bbdcb6446e82832e120cfaec8efd/UrBackup/urbackup-webinterface-sv.po,1a0e96dff28933e8e7995fae2cf07b80314883956cbb69a8ceaabc64f55f536e,{}
c200eb1107d099e9b7d18b66,validate_name_update_freq_image_full,intervall för inkrementella filbackuper,UrBackup,urbackup-webinterface-sv.po,,Bilingual translation changed in reviewed commit: Review Swedish UrBackup web interface translation,project-context,058e5eedda67e123e890fbcf,review-commit,https://github.com/yeager/translations/blob/99b199024cc1bbdcb6446e82832e120cfaec8efd/UrBackup/urbackup-webinterface-sv.po,1a0e96dff28933e8e7995fae2cf07b80314883956cbb69a8ceaabc64f55f536e,{}
c2315ead53552d00314a95e7,password_wrong,Fel lösenord,UrBackup,urbackup-webinterface-sv.po,,Bilingual translation changed in reviewed commit: Review Swedish UrBackup web interface translation,project-context,1d14ba3f4c3f624b08a35715,review-commit,https://github.com/yeager/translations/blob/99b199024cc1bbdcb6446e82832e120cfaec8efd/UrBackup/urbackup-webinterface-sv.po,1a0e96dff28933e8e7995fae2cf07b80314883956cbb69a8ceaabc64f55f536e,{}
c23a960ec681aa487fba126a,tChange password,Ändra lösenord,UrBackup,urbackup-webinterface-sv.po,,Bilingual translation changed in reviewed commit: Review Swedish UrBackup web interface translation,project-context,6a412e850d4a252c84dd0b90,review-commit,https://github.com/yeager/translations/blob/99b199024cc1bbdcb6446e82832e120cfaec8efd/UrBackup/urbackup-webinterface-sv.po,1a0e96dff28933e8e7995fae2cf07b80314883956cbb69a8ceaabc64f55f536e,{}
c320ba5cea02287369d2b058,tUsed Storage,Använt lagringsutrymme,UrBackup,urbackup-webinterface-sv.po,,Bilingual translation changed in reviewed commit: Review Swedish UrBackup web interface translation,project-context,70f55a2a941c94cf0a7907d5,review-commit,https://github.com/yeager/translations/blob/99b199024cc1bbdcb6446e82832e120cfaec8efd/UrBackup/urbackup-webinterface-sv.po,1a0e96dff28933e8e7995fae2cf07b80314883956cbb69a8ceaabc64f55f536e,{}
c36a2d5d0dbe36c7441856c0,validate_name_min_file_incr,minsta antal inkrementella filbackuper,UrBackup,urbackup-webinterface-sv.po,,Bilingual translation changed in reviewed commit: Review Swedish UrBackup web interface translation,project-context,6f91801509cae4f5cd2df0fc,review-commit,https://github.com/yeager/translations/blob/99b199024cc1bbdcb6446e82832e120cfaec8efd/UrBackup/urbackup-webinterface-sv.po,1a0e96dff28933e8e7995fae2cf07b80314883956cbb69a8ceaabc64f55f536e,{}
c40e0593c58dfa26ba7b9747,tRepeat password,Repetera lösenord,UrBackup,urbackup-webinterface-sv.po,,Bilingual translation changed in reviewed commit: Review Swedish UrBackup web interface translation,project-context,b36aed9c03eefded7335a381,review-commit,https://github.com/yeager/translations/blob/99b199024cc1bbdcb6446e82832e120cfaec8efd/UrBackup/urbackup-webinterface-sv.po,1a0e96dff28933e8e7995fae2cf07b80314883956cbb69a8ceaabc64f55f536e,{}
c437e3e456d7dceef7d457b9,action_12,Säkerhetskopierar databas,UrBackup,urbackup-webinterface-sv.po,,Bilingual translation changed in reviewed commit: Review Swedish UrBackup web interface translation,project-context,89a6715cde189bad1130c322,review-commit,https://github.com/yeager/translations/blob/99b199024cc1bbdcb6446e82832e120cfaec8efd/UrBackup/urbackup-webinterface-sv.po,1a0e96dff28933e8e7995fae2cf07b80314883956cbb69a8ceaabc64f55f536e,{}
c499fcd81c618b29b300fe40,tNo Users,Inga användare,UrBackup,urbackup-webinterface-sv.po,,Bilingual translation changed in reviewed commit: Review Swedish UrBackup web interface translation,project-context,60e476b78dee3a34185f7894,review-commit,https://github.com/yeager/translations/blob/99b199024cc1bbdcb6446e82832e120cfaec8efd/UrBackup/urbackup-webinterface-sv.po,1a0e96dff28933e8e7995fae2cf07b80314883956cbb69a8ceaabc64f55f536e,{}
c4a4c5b8a37dc3af1e7d7c07,tStart for selected,Starta för markerad,UrBackup,urbackup-webinterface-sv.po,,Bilingual translation changed in reviewed commit: Review Swedish UrBackup web interface translation,project-context,3503b36910af462799f920c7,review-commit,https://github.com/yeager/translations/blob/99b199024cc1bbdcb6446e82832e120cfaec8efd/UrBackup/urbackup-webinterface-sv.po,1a0e96dff28933e8e7995fae2cf07b80314883956cbb69a8ceaabc64f55f536e,{}
c56c3fb06eaf42bb289ce6eb,tBlock differences - hashed,Blockera skillnader - hashad,UrBackup,urbackup-webinterface-sv.po,,Bilingual translation changed in reviewed commit: Review Swedish UrBackup web interface translation,project-context,446d381287f7ee4257ce86ad,review-commit,https://github.com/yeager/translations/blob/99b199024cc1bbdcb6446e82832e120cfaec8efd/UrBackup/urbackup-webinterface-sv.po,1a0e96dff28933e8e7995fae2cf07b80314883956cbb69a8ceaabc64f55f536e,{}
c5ac5c4d52f2a2dc2b0f6259,tAllow client-side starting of image backups,Tillåt att klienter startar diskbackup,UrBackup,urbackup-webinterface-sv.po,,Bilingual translation changed in reviewed commit: Review Swedish UrBackup web interface translation,project-context,bec97901f39ae5a256b40056,review-commit,https://github.com/yeager/translations/blob/99b199024cc1bbdcb6446e82832e120cfaec8efd/UrBackup/urbackup-webinterface-sv.po,1a0e96dff28933e8e7995fae2cf07b80314883956cbb69a8ceaabc64f55f536e,{}
c5b661d6ced28d97ecd7ae4e,tImage backup status,Diskbackup status,UrBackup,urbackup-webinterface-sv.po,,Bilingual translation changed in reviewed commit: Review Swedish UrBackup web interface translation,project-context,66f2d7efe7f670bdeb9e4c7f,review-commit,https://github.com/yeager/translations/blob/99b199024cc1bbdcb6446e82832e120cfaec8efd/UrBackup/urbackup-webinterface-sv.po,1a0e96dff28933e8e7995fae2cf07b80314883956cbb69a8ceaabc64f55f536e,{}
c5c171f8f65e2d605e730238,tLocal/passive image backup transfer mode,Överföringsläge för lokal/passiv diskavbildssäkerhetskopiering,UrBackup,urbackup-webinterface-sv.po,,Bilingual translation changed in reviewed commit: Review Swedish UrBackup web interface translation,project-context,cc14e62362fc8b83737f8dfb,review-commit,https://github.com/yeager/translations/blob/99b199024cc1bbdcb6446e82832e120cfaec8efd/UrBackup/urbackup-webinterface-sv.po,1a0e96dff28933e8e7995fae2cf07b80314883956cbb69a8ceaabc64f55f536e,{}
c5db87e780416a9ce6f13d44,tLoading,Laddar,UrBackup,urbackup-webinterface-sv.po,,Bilingual translation changed in reviewed commit: Review Swedish UrBackup web interface translation,project-context,61030b31adfa79c87262a9cd,review-commit,https://github.com/yeager/translations/blob/99b199024cc1bbdcb6446e82832e120cfaec8efd/UrBackup/urbackup-webinterface-sv.po,1a0e96dff28933e8e7995fae2cf07b80314883956cbb69a8ceaabc64f55f536e,{}
c615bf91777a60a280830ed1,tLocal incremental image style,Lokal inkrementell diskavbild,UrBackup,urbackup-webinterface-sv.po,,Bilingual translation changed in reviewed commit: Review Swedish UrBackup web interface translation,project-context,79a977cd27e9ad38be5a032f,review-commit,https://github.com/yeager/translations/blob/99b199024cc1bbdcb6446e82832e120cfaec8efd/UrBackup/urbackup-webinterface-sv.po,1a0e96dff28933e8e7995fae2cf07b80314883956cbb69a8ceaabc64f55f536e,{}
c66ed7c92cfa65f05fabe1c1,tAction,Handling,UrBackup,urbackup-webinterface-sv.po,,Bilingual translation changed in reviewed commit: Review Swedish UrBackup web interface translation,project-context,582a284164e2442228a2bb45,review-commit,https://github.com/yeager/translations/blob/99b199024cc1bbdcb6446e82832e120cfaec8efd/UrBackup/urbackup-webinterface-sv.po,1a0e96dff28933e8e7995fae2cf07b80314883956cbb69a8ceaabc64f55f536e,{}
c7375a0021fbc57ab85298e5,tRequired time,Nödvändig tid,UrBackup,urbackup-webinterface-sv.po,,Bilingual translation changed in reviewed commit: Review Swedish UrBackup web interface translation,project-context,a230f70dd9f4aa986bb6bcaf,review-commit,https://github.com/yeager/translations/blob/99b199024cc1bbdcb6446e82832e120cfaec8efd/UrBackup/urbackup-webinterface-sv.po,1a0e96dff28933e8e7995fae2cf07b80314883956cbb69a8ceaabc64f55f536e,{}
c756877a408e3a0e9c594621,tClient download,Clientnerladdning,UrBackup,urbackup-webinterface-sv.po,,Bilingual translation changed in reviewed commit: Review Swedish UrBackup web interface translation,project-context,16a639172f48b96e3b1f8148,review-commit,https://github.com/yeager/translations/blob/99b199024cc1bbdcb6446e82832e120cfaec8efd/UrBackup/urbackup-webinterface-sv.po,1a0e96dff28933e8e7995fae2cf07b80314883956cbb69a8ceaabc64f55f536e,{}
c7ca853af1600515c87d6046,"tSorry, something went wrong:","Tyvärr, något gick fel:",UrBackup,urbackup-webinterface-sv.po,,Bilingual translation changed in reviewed commit: Review Swedish UrBackup web interface translation,project-context,61e16d3426e8cef2864812d7,review-commit,https://github.com/yeager/translations/blob/99b199024cc1bbdcb6446e82832e120cfaec8efd/UrBackup/urbackup-webinterface-sv.po,1a0e96dff28933e8e7995fae2cf07b80314883956cbb69a8ceaabc64f55f536e,{}
c7ec60821962068d7e7389a2,tInternet/active image backup transfer mode,Överföringsläge för diskavbildssäkerhetskopiering via internet/aktiv klient,UrBackup,urbackup-webinterface-sv.po,,Bilingual translation changed in reviewed commit: Review Swedish UrBackup web interface translation,project-context,a1edfa7bb9f6686955b8fdfe,review-commit,https://github.com/yeager/translations/blob/99b199024cc1bbdcb6446e82832e120cfaec8efd/UrBackup/urbackup-webinterface-sv.po,1a0e96dff28933e8e7995fae2cf07b80314883956cbb69a8ceaabc64f55f536e,{}
c81e8a7d2c88dc496d5e8836,tDownload client for Windows,Ladda ner klient för Windows,UrBackup,urbackup-webinterface-sv.po,,Bilingual translation changed in reviewed commit: Review Swedish UrBackup web interface translation,project-context,ef2dea500db542d3f706d473,review-commit,https://github.com/yeager/translations/blob/99b199024cc1bbdcb6446e82832e120cfaec8efd/UrBackup/urbackup-webinterface-sv.po,1a0e96dff28933e8e7995fae2cf07b80314883956cbb69a8ceaabc64f55f536e,{}
c8892912190aa99457158468,tMax backup speed for internet connection,Hastighetsbegränsning internetkoppling,UrBackup,urbackup-webinterface-sv.po,,Bilingual translation changed in reviewed commit: Review Swedish UrBackup web interface translation,project-context,28852cd307549f208b14bc0d,review-commit,https://github.com/yeager/translations/blob/99b199024cc1bbdcb6446e82832e120cfaec8efd/UrBackup/urbackup-webinterface-sv.po,1a0e96dff28933e8e7995fae2cf07b80314883956cbb69a8ceaabc64f55f536e,{}
c8b1860fdebf3a253ee52150,tList,Listar,UrBackup,urbackup-webinterface-sv.po,,Bilingual translation changed in reviewed commit: Review Swedish UrBackup web interface translation,project-context,08b26a3d76dac92951bdce58,review-commit,https://github.com/yeager/translations/blob/99b199024cc1bbdcb6446e82832e120cfaec8efd/UrBackup/urbackup-webinterface-sv.po,1a0e96dff28933e8e7995fae2cf07b80314883956cbb69a8ceaabc64f55f536e,{}
c8bd25c909a4a1d2e0b4043d,tOk. Stop showing this.,Ok. Sluta visa detta.,UrBackup,urbackup-webinterface-sv.po,,Bilingual translation changed in reviewed commit: Review Swedish UrBackup web interface translation,project-context,e7fbb6f7e1f0591d312573a4,review-commit,https://github.com/yeager/translations/blob/99b199024cc1bbdcb6446e82832e120cfaec8efd/UrBackup/urbackup-webinterface-sv.po,1a0e96dff28933e8e7995fae2cf07b80314883956cbb69a8ceaabc64f55f536e,{}
c957a49dcd61d17c090f2a34,tArchive,Arkiv,UrBackup,urbackup-webinterface-sv.po,,Bilingual translation changed in reviewed commit: Review Swedish UrBackup web interface translation,project-context,94bb9f632553aa3f02fdc1b3,review-commit,https://github.com/yeager/translations/blob/99b199024cc1bbdcb6446e82832e120cfaec8efd/UrBackup/urbackup-webinterface-sv.po,1a0e96dff28933e8e7995fae2cf07b80314883956cbb69a8ceaabc64f55f536e,{}
c9815b6eaf5b155eeef7cf0d,tBackup window for incremental image backups,Tidsintervall för inkrementell diskbackup,UrBackup,urbackup-webinterface-sv.po,,Bilingual translation changed in reviewed commit: Review Swedish UrBackup web interface translation,project-context,588a8e0ebe3c5f7415766b41,review-commit,https://github.com/yeager/translations/blob/99b199024cc1bbdcb6446e82832e120cfaec8efd/UrBackup/urbackup-webinterface-sv.po,1a0e96dff28933e8e7995fae2cf07b80314883956cbb69a8ceaabc64f55f536e,{}
ca526e3525039547b44bd812,tDownload client for Linux,Ladda ner klient för Linux,UrBackup,urbackup-webinterface-sv.po,,Bilingual translation changed in reviewed commit: Review Swedish UrBackup web interface translation,project-context,faa4f5c58e89b79823693bae,review-commit,https://github.com/yeager/translations/blob/99b199024cc1bbdcb6446e82832e120cfaec8efd/UrBackup/urbackup-webinterface-sv.po,1a0e96dff28933e8e7995fae2cf07b80314883956cbb69a8ceaabc64f55f536e,{}
cbaf93f52788a88dabcd8c0f,min,minut,UrBackup,urbackup-webinterface-sv.po,,Bilingual translation changed in reviewed commit: Review Swedish UrBackup web interface translation,project-context,f992278de66721dcd4a13207,review-commit,https://github.com/yeager/translations/blob/99b199024cc1bbdcb6446e82832e120cfaec8efd/UrBackup/urbackup-webinterface-sv.po,1a0e96dff28933e8e7995fae2cf07b80314883956cbb69a8ceaabc64f55f536e,{}
cbb8646d04bacc2c2a62e150,client_exists,En klient med detta namn finns redan,UrBackup,urbackup-webinterface-sv.po,,Bilingual translation changed in reviewed commit: Review Swedish UrBackup web interface translation,project-context,01c2f5a78ad1c980bd3d39d0,review-commit,https://github.com/yeager/translations/blob/99b199024cc1bbdcb6446e82832e120cfaec8efd/UrBackup/urbackup-webinterface-sv.po,1a0e96dff28933e8e7995fae2cf07b80314883956cbb69a8ceaabc64f55f536e,{}
cbd4b81ccaf3522eb32d0b65,validate_name_archive_for,Arkivera för,UrBackup,urbackup-webinterface-sv.po,,Bilingual translation changed in reviewed commit: Review Swedish UrBackup web interface translation,project-context,267744f77739c00133b181a3,review-commit,https://github.com/yeager/translations/blob/99b199024cc1bbdcb6446e82832e120cfaec8efd/UrBackup/urbackup-webinterface-sv.po,1a0e96dff28933e8e7995fae2cf07b80314883956cbb69a8ceaabc64f55f536e,{}
cdbd1409cf556be4ff06a452,tLocal image backup transfer mode,Lokal diskbackup överföringsläge,UrBackup,urbackup-webinterface-sv.po,,Bilingual translation changed in reviewed commit: Review Swedish UrBackup web interface translation,project-context,4c59317ba987d2392d62c598,review-commit,https://github.com/yeager/translations/blob/99b199024cc1bbdcb6446e82832e120cfaec8efd/UrBackup/urbackup-webinterface-sv.po,1a0e96dff28933e8e7995fae2cf07b80314883956cbb69a8ceaabc64f55f536e,{}
cdd24739aec3e7e8ea31220c,tAllow new client,Tillåt ny klient,UrBackup,urbackup-webinterface-sv.po,,Bilingual translation changed in reviewed commit: Review Swedish UrBackup web interface translation,project-context,299a5ada0cc50582923499ad,review-commit,https://github.com/yeager/translations/blob/99b199024cc1bbdcb6446e82832e120cfaec8efd/UrBackup/urbackup-webinterface-sv.po,1a0e96dff28933e8e7995fae2cf07b80314883956cbb69a8ceaabc64f55f536e,{}
ce68e2fad5410ef5a9a2f58d,First,Första,UrBackup,urbackup-webinterface-sv.po,,Bilingual translation changed in reviewed commit: Review Swedish UrBackup web interface translation,project-context,9cb4bc5721471d82196a0bf2,review-commit,https://github.com/yeager/translations/blob/99b199024cc1bbdcb6446e82832e120cfaec8efd/UrBackup/urbackup-webinterface-sv.po,1a0e96dff28933e8e7995fae2cf07b80314883956cbb69a8ceaabc64f55f536e,{}
cf06122480d32933f36903ab,tActions,Handlingar,UrBackup,urbackup-webinterface-sv.po,,Bilingual translation changed in reviewed commit: Review Swedish UrBackup web interface translation,project-context,ade96309052901c1bbb10a77,review-commit,https://github.com/yeager/translations/blob/99b199024cc1bbdcb6446e82832e120cfaec8efd/UrBackup/urbackup-webinterface-sv.po,1a0e96dff28933e8e7995fae2cf07b80314883956cbb69a8ceaabc64f55f536e,{}
cf9898d0c873e7a28e05eaf9,tExcluded files (with wildcards),Exkluderade filer (med jokertecken),UrBackup,urbackup-webinterface-sv.po,,Bilingual translation changed in reviewed commit: Review Swedish UrBackup web interface translation,project-context,3751a03b06d3156af528ea03,review-commit,https://github.com/yeager/translations/blob/99b199024cc1bbdcb6446e82832e120cfaec8efd/UrBackup/urbackup-webinterface-sv.po,1a0e96dff28933e8e7995fae2cf07b80314883956cbb69a8ceaabc64f55f536e,{}
cff693a6fe2542d2ff49e2c6,tOld password,Nuvarande lösenord,UrBackup,urbackup-webinterface-sv.po,,Bilingual translation changed in reviewed commit: Review Swedish UrBackup web interface translation,project-context,3d729dbb98e57da2119a1c32,review-commit,https://github.com/yeager/translations/blob/99b199024cc1bbdcb6446e82832e120cfaec8efd/UrBackup/urbackup-webinterface-sv.po,1a0e96dff28933e8e7995fae2cf07b80314883956cbb69a8ceaabc64f55f536e,{}
d0062ea57b4cfb1a83058ad5,validate_name_update_freq_incr,intervall för inkrementella filbackuper,UrBackup,urbackup-webinterface-sv.po,,Bilingual translation changed in reviewed commit: Review Swedish UrBackup web interface translation,project-context,79a95fd2505560a7c53cacdc,review-commit,https://github.com/yeager/translations/blob/99b199024cc1bbdcb6446e82832e120cfaec8efd/UrBackup/urbackup-webinterface-sv.po,1a0e96dff28933e8e7995fae2cf07b80314883956cbb69a8ceaabc64f55f536e,{}
d0617df541bc531b02979799,tTest login with this user,Prova login med denna användare,UrBackup,urbackup-webinterface-sv.po,,Bilingual translation changed in reviewed commit: Review Swedish UrBackup web interface translation,project-context,9fbc70a7340dda7d6833dfc6,review-commit,https://github.com/yeager/translations/blob/99b199024cc1bbdcb6446e82832e120cfaec8efd/UrBackup/urbackup-webinterface-sv.po,1a0e96dff28933e8e7995fae2cf07b80314883956cbb69a8ceaabc64f55f536e,{}
d076593b719492eacdb1316f,mail_settings,Mejl,UrBackup,urbackup-webinterface-sv.po,,Bilingual translation changed in reviewed commit: Review Swedish UrBackup web interface translation,project-context,c5820cac0a4ffc6fab415ef2,review-commit,https://github.com/yeager/translations/blob/99b199024cc1bbdcb6446e82832e120cfaec8efd/UrBackup/urbackup-webinterface-sv.po,1a0e96dff28933e8e7995fae2cf07b80314883956cbb69a8ceaabc64f55f536e,{}
d21fe7e166b506f04316e3df,confirm_allow_new_client,Vill du verkligen använda en ny klient med samma namn?,UrBackup,urbackup-webinterface-sv.po,,Bilingual translation changed in reviewed commit: Review Swedish UrBackup web interface translation,project-context,966d65a4cc0644dd75990212,review-commit,https://github.com/yeager/translations/blob/99b199024cc1bbdcb6446e82832e120cfaec8efd/UrBackup/urbackup-webinterface-sv.po,1a0e96dff28933e8e7995fae2cf07b80314883956cbb69a8ceaabc64f55f536e,{}
d265cd0e17a0bdcb93a5ed74,tStop,Stopp,UrBackup,urbackup-webinterface-sv.po,,Bilingual translation changed in reviewed commit: Review Swedish UrBackup web interface translation,project-context,c11749835ac9b20f4e8be901,review-commit,https://github.com/yeager/translations/blob/99b199024cc1bbdcb6446e82832e120cfaec8efd/UrBackup/urbackup-webinterface-sv.po,1a0e96dff28933e8e7995fae2cf07b80314883956cbb69a8ceaabc64f55f536e,{}
d2de8d8a3c0b69461a0a2f84,too_many_clients_err,För många klienter,UrBackup,urbackup-webinterface-sv.po,,Bilingual translation changed in reviewed commit: Review Swedish UrBackup web interface translation,project-context,0c64fba58894ebe07b674961,review-commit,https://github.com/yeager/translations/blob/99b199024cc1bbdcb6446e82832e120cfaec8efd/UrBackup/urbackup-webinterface-sv.po,1a0e96dff28933e8e7995fae2cf07b80314883956cbb69a8ceaabc64f55f536e,{}
d3506f0a778c19540682e92d,tDefault directories to backup,Standardmappar att spara,UrBackup,urbackup-webinterface-sv.po,,Bilingual translation changed in reviewed commit: Review Swedish UrBackup web interface translation,project-context,535135bf7c924d42ecf9d5e7,review-commit,https://github.com/yeager/translations/blob/99b199024cc1bbdcb6446e82832e120cfaec8efd/UrBackup/urbackup-webinterface-sv.po,1a0e96dff28933e8e7995fae2cf07b80314883956cbb69a8ceaabc64f55f536e,{}
d3e793a2e616b0c799e881ea,tSave,Spara,UrBackup,urbackup-webinterface-sv.po,,Bilingual translation changed in reviewed commit: Review Swedish UrBackup web interface translation,project-context,4d0dd0367ab70b001fdfb2a8,review-commit,https://github.com/yeager/translations/blob/99b199024cc1bbdcb6446e82832e120cfaec8efd/UrBackup/urbackup-webinterface-sv.po,1a0e96dff28933e8e7995fae2cf07b80314883956cbb69a8ceaabc64f55f536e,{}
d3ec2dc308cf0b66ba9e7cb3,tArchive for,Arkivera för,UrBackup,urbackup-webinterface-sv.po,,Bilingual translation changed in reviewed commit: Review Swedish UrBackup web interface translation,project-context,51d7589117824ff4e44631f7,review-commit,https://github.com/yeager/translations/blob/99b199024cc1bbdcb6446e82832e120cfaec8efd/UrBackup/urbackup-webinterface-sv.po,1a0e96dff28933e8e7995fae2cf07b80314883956cbb69a8ceaabc64f55f536e,{}
d4254188af0a9badcafbb404,user_add_done,Ny användare lades till.,UrBackup,urbackup-webinterface-sv.po,,Bilingual translation changed in reviewed commit: Review Swedish UrBackup web interface translation,project-context,29a688f2b74df71bba30f926,review-commit,https://github.com/yeager/translations/blob/99b199024cc1bbdcb6446e82832e120cfaec8efd/UrBackup/urbackup-webinterface-sv.po,1a0e96dff28933e8e7995fae2cf07b80314883956cbb69a8ceaabc64f55f536e,{}
d49abc8c5ef4f6ba42814775,tAlerts,Varningar,UrBackup,urbackup-webinterface-sv.po,,Bilingual translation changed in reviewed commit: Review Swedish UrBackup web interface translation,project-context,33d556d8d6b7961759b666e2,review-commit,https://github.com/yeager/translations/blob/99b199024cc1bbdcb6446e82832e120cfaec8efd/UrBackup/urbackup-webinterface-sv.po,1a0e96dff28933e8e7995fae2cf07b80314883956cbb69a8ceaabc64f55f536e,{}
d4b21718cdc5a34a8d119ce2,session_timeout,Sessionen avbröts pga inaktivitet. Logga in på nytt för att fortsätta.,UrBackup,urbackup-webinterface-sv.po,,Bilingual translation changed in reviewed commit: Review Swedish UrBackup web interface translation,project-context,205644efc962d257863d9bd8,review-commit,https://github.com/yeager/translations/blob/99b199024cc1bbdcb6446e82832e120cfaec8efd/UrBackup/urbackup-webinterface-sv.po,1a0e96dff28933e8e7995fae2cf07b80314883956cbb69a8ceaabc64f55f536e,{}
d4d2bb1315ffdbc045b5b227,user_exists,Användare med detta namn finns redan,UrBackup,urbackup-webinterface-sv.po,,Bilingual translation changed in reviewed commit: Review Swedish UrBackup web interface translation,project-context,54e92660338ac5f3ad0e9c15,review-commit,https://github.com/yeager/translations/blob/99b199024cc1bbdcb6446e82832e120cfaec8efd/UrBackup/urbackup-webinterface-sv.po,1a0e96dff28933e8e7995fae2cf07b80314883956cbb69a8ceaabc64f55f536e,{}
d504f021909016d98e684dc8,tMaximal number of incremental file backups,Högsta antal inkrementella filbackuper,UrBackup,urbackup-webinterface-sv.po,,Bilingual translation changed in reviewed commit: Review Swedish UrBackup web interface translation,project-context,daa3b763307dfef399b48caa,review-commit,https://github.com/yeager/translations/blob/99b199024cc1bbdcb6446e82832e120cfaec8efd/UrBackup/urbackup-webinterface-sv.po,1a0e96dff28933e8e7995fae2cf07b80314883956cbb69a8ceaabc64f55f536e,{}
d55cdafd26fa00a37f8a42ec,tShow details,Visa detaljer,UrBackup,urbackup-webinterface-sv.po,,Bilingual translation changed in reviewed commit: Review Swedish UrBackup web interface translation,project-context,4f8503e3d400b2882cae0b6c,review-commit,https://github.com/yeager/translations/blob/99b199024cc1bbdcb6446e82832e120cfaec8efd/UrBackup/urbackup-webinterface-sv.po,1a0e96dff28933e8e7995fae2cf07b80314883956cbb69a8ceaabc64f55f536e,{}
d55f53b1148d235b63812a8f,tName of new Internet/active client,Namn på ny internet-/aktiv klient,UrBackup,urbackup-webinterface-sv.po,,Bilingual translation changed in reviewed commit: Review Swedish UrBackup web interface translation,project-context,335a0f4ec57e0335fe89f05e,review-commit,https://github.com/yeager/translations/blob/99b199024cc1bbdcb6446e82832e120cfaec8efd/UrBackup/urbackup-webinterface-sv.po,1a0e96dff28933e8e7995fae2cf07b80314883956cbb69a8ceaabc64f55f536e,{}
d59292b7b592585593935ab0,tServer URL clients connect to,Server-URL som klienter ansluter till,UrBackup,urbackup-webinterface-sv.po,,Bilingual translation changed in reviewed commit: Review Swedish UrBackup web interface translation,project-context,697c5277ecaa3614fc12450a,review-commit,https://github.com/yeager/translations/blob/99b199024cc1bbdcb6446e82832e120cfaec8efd/UrBackup/urbackup-webinterface-sv.po,1a0e96dff28933e8e7995fae2cf07b80314883956cbb69a8ceaabc64f55f536e,{}
d5dc517212d049b45275be77,tBackup window for full image backups,Tidsintervall för komplett filbackup,UrBackup,urbackup-webinterface-sv.po,,Bilingual translation changed in reviewed commit: Review Swedish UrBackup web interface translation,project-context,d94daf028f59afd4d1277161,review-commit,https://github.com/yeager/translations/blob/99b199024cc1bbdcb6446e82832e120cfaec8efd/UrBackup/urbackup-webinterface-sv.po,1a0e96dff28933e8e7995fae2cf07b80314883956cbb69a8ceaabc64f55f536e,{}
d6a61d128e9b07183444d64c,tChange,Ändra,UrBackup,urbackup-webinterface-sv.po,,Bilingual translation changed in reviewed commit: Review Swedish UrBackup web interface translation,project-context,332605450e2981620e3d42b0,review-commit,https://github.com/yeager/translations/blob/99b199024cc1bbdcb6446e82832e120cfaec8efd/UrBackup/urbackup-webinterface-sv.po,1a0e96dff28933e8e7995fae2cf07b80314883956cbb69a8ceaabc64f55f536e,{}
d6ca05bdf47e892c981dfe54,tPermissions,Rättigheter,UrBackup,urbackup-webinterface-sv.po,,Bilingual translation changed in reviewed commit: Review Swedish UrBackup web interface translation,project-context,1c99bf3ce78ca41ee85ca4a4,review-commit,https://github.com/yeager/translations/blob/99b199024cc1bbdcb6446e82832e120cfaec8efd/UrBackup/urbackup-webinterface-sv.po,1a0e96dff28933e8e7995fae2cf07b80314883956cbb69a8ceaabc64f55f536e,{}
d6dbc3664e66ffdbb68f8504,tLast seen,Sågs sist,UrBackup,urbackup-webinterface-sv.po,,Bilingual translation changed in reviewed commit: Review Swedish UrBackup web interface translation,project-context,ac72af57ce16ab3d7c554a67,review-commit,https://github.com/yeager/translations/blob/99b199024cc1bbdcb6446e82832e120cfaec8efd/UrBackup/urbackup-webinterface-sv.po,1a0e96dff28933e8e7995fae2cf07b80314883956cbb69a8ceaabc64f55f536e,{}
d6df890a2d22a367c484b08c,validate_name_local_speed,hastighetsbegränsning lokalt nätverk,UrBackup,urbackup-webinterface-sv.po,,Bilingual translation changed in reviewed commit: Review Swedish UrBackup web interface translation,project-context,26eb9acd6d78e608c96dde30,review-commit,https://github.com/yeager/translations/blob/99b199024cc1bbdcb6446e82832e120cfaec8efd/UrBackup/urbackup-webinterface-sv.po,1a0e96dff28933e8e7995fae2cf07b80314883956cbb69a8ceaabc64f55f536e,{}
d70ed7dcf9dbb4e457abbbe4,tLabel:,Etikett:,UrBackup,urbackup-webinterface-sv.po,,Bilingual translation changed in reviewed commit: Review Swedish UrBackup web interface translation,project-context,3a418ad932274cdd884ebcc9,review-commit,https://github.com/yeager/translations/blob/99b199024cc1bbdcb6446e82832e120cfaec8efd/UrBackup/urbackup-webinterface-sv.po,1a0e96dff28933e8e7995fae2cf07b80314883956cbb69a8ceaabc64f55f536e,{}
d71435724210fba6455285ba,tSender E-Mail Address,Avsändar mejladress,UrBackup,urbackup-webinterface-sv.po,,Bilingual translation changed in reviewed commit: Review Swedish UrBackup web interface translation,project-context,e7c2787e20a4ddf4588a3c50,review-commit,https://github.com/yeager/translations/blob/99b199024cc1bbdcb6446e82832e120cfaec8efd/UrBackup/urbackup-webinterface-sv.po,1a0e96dff28933e8e7995fae2cf07b80314883956cbb69a8ceaabc64f55f536e,{}
d798f5fadd4e30493a42ebc5,tRestore folder to client,Återställ mapp till klient,UrBackup,urbackup-webinterface-sv.po,,Bilingual translation changed in reviewed commit: Review Swedish UrBackup web interface translation,project-context,785ba3d0881b8f92f7229174,review-commit,https://github.com/yeager/translations/blob/99b199024cc1bbdcb6446e82832e120cfaec8efd/UrBackup/urbackup-webinterface-sv.po,1a0e96dff28933e8e7995fae2cf07b80314883956cbb69a8ceaabc64f55f536e,{}
d81d4965acccc1c8ca100934,group_already_exists,Gruppen finns redan,UrBackup,urbackup-webinterface-sv.po,,Bilingual translation changed in reviewed commit: Review Swedish UrBackup web interface translation,project-context,420ee89e97f31b1c0ceed988,review-commit,https://github.com/yeager/translations/blob/99b199024cc1bbdcb6446e82832e120cfaec8efd/UrBackup/urbackup-webinterface-sv.po,1a0e96dff28933e8e7995fae2cf07b80314883956cbb69a8ceaabc64f55f536e,{}
d99dcf1d45e9db51d1b7c286,tClient discovery hints,Klientupptäcktstips,UrBackup,urbackup-webinterface-sv.po,,Bilingual translation changed in reviewed commit: Review Swedish UrBackup web interface translation,project-context,101812c84cc738109af6e18d,review-commit,https://github.com/yeager/translations/blob/99b199024cc1bbdcb6446e82832e120cfaec8efd/UrBackup/urbackup-webinterface-sv.po,1a0e96dff28933e8e7995fae2cf07b80314883956cbb69a8ceaabc64f55f536e,{}
d9bbff52da3ec279e6b88c62,delete_file_backup_failed,Se serverns loggfil för detaljer.,UrBackup,urbackup-webinterface-sv.po,,Bilingual translation changed in reviewed commit: Review Swedish UrBackup web interface translation,project-context,6789dd77b0dfd529aedd5326,review-commit,https://github.com/yeager/translations/blob/99b199024cc1bbdcb6446e82832e120cfaec8efd/UrBackup/urbackup-webinterface-sv.po,1a0e96dff28933e8e7995fae2cf07b80314883956cbb69a8ceaabc64f55f536e,{}
da999c4aebcd736a8c5cd79d,completed_with_issues,Klar men det uppstod problem.,UrBackup,urbackup-webinterface-sv.po,,Bilingual translation changed in reviewed commit: Review Swedish UrBackup web interface translation,project-context,bc93727afaf7075702001f9f,review-commit,https://github.com/yeager/translations/blob/99b199024cc1bbdcb6446e82832e120cfaec8efd/UrBackup/urbackup-webinterface-sv.po,1a0e96dff28933e8e7995fae2cf07b80314883956cbb69a8ceaabc64f55f536e,{}
dab8648b03db1040640f4a41,ldap_settings,LDAP/AD,UrBackup,urbackup-webinterface-sv.po,,Bilingual translation changed in reviewed commit: Review Swedish UrBackup web interface translation,project-context,93320d325497350b8d6e8384,review-commit,https://github.com/yeager/translations/blob/99b199024cc1bbdcb6446e82832e120cfaec8efd/UrBackup/urbackup-webinterface-sv.po,1a0e96dff28933e8e7995fae2cf07b80314883956cbb69a8ceaabc64f55f536e,{}
db38f37927869fc5e13b2f4d,tMax recently active clients,Max antal nyligen aktiva klienter,UrBackup,urbackup-webinterface-sv.po,,Bilingual translation changed in reviewed commit: Review Swedish UrBackup web interface translation,project-context,ca0bca25dd2807f6241a8c7c,review-commit,https://github.com/yeager/translations/blob/99b199024cc1bbdcb6446e82832e120cfaec8efd/UrBackup/urbackup-webinterface-sv.po,1a0e96dff28933e8e7995fae2cf07b80314883956cbb69a8ceaabc64f55f536e,{}
db4ff988e6acba1839affdf3,tRights for,Rättigheter till,UrBackup,urbackup-webinterface-sv.po,,Bilingual translation changed in reviewed commit: Review Swedish UrBackup web interface translation,project-context,5781fc1d67cbe1856e541221,review-commit,https://github.com/yeager/translations/blob/99b199024cc1bbdcb6446e82832e120cfaec8efd/UrBackup/urbackup-webinterface-sv.po,1a0e96dff28933e8e7995fae2cf07b80314883956cbb69a8ceaabc64f55f536e,{}
db8505ff7641a0106d50ab14,action_1,Inkrementell filbackup,UrBackup,urbackup-webinterface-sv.po,,Bilingual translation changed in reviewed commit: Review Swedish UrBackup web interface translation,project-context,99cbc151c6cfd832c7070186,review-commit,https://github.com/yeager/translations/blob/99b199024cc1bbdcb6446e82832e120cfaec8efd/UrBackup/urbackup-webinterface-sv.po,1a0e96dff28933e8e7995fae2cf07b80314883956cbb69a8ceaabc64f55f536e,{}
dc2153c7ced85ba3f85f5448,overview,Översikt,UrBackup,urbackup-webinterface-sv.po,,Bilingual translation changed in reviewed commit: Review Swedish UrBackup web interface translation,project-context,b6417ff24ff869eaa7ddceac,review-commit,https://github.com/yeager/translations/blob/99b199024cc1bbdcb6446e82832e120cfaec8efd/UrBackup/urbackup-webinterface-sv.po,1a0e96dff28933e8e7995fae2cf07b80314883956cbb69a8ceaabc64f55f536e,{}
dc2ff00e3df79d3438b4f999,validate_name_startup_backup_delay,fördröj start vid uppstart,UrBackup,urbackup-webinterface-sv.po,,Bilingual translation changed in reviewed commit: Review Swedish UrBackup web interface translation,project-context,9364abeedd49ed41ab3ffbfe,review-commit,https://github.com/yeager/translations/blob/99b199024cc1bbdcb6446e82832e120cfaec8efd/UrBackup/urbackup-webinterface-sv.po,1a0e96dff28933e8e7995fae2cf07b80314883956cbb69a8ceaabc64f55f536e,{}
dc63a1bffbb82493808d9bbb,not_supported,Stöds inte,UrBackup,urbackup-webinterface-sv.po,,Bilingual translation changed in reviewed commit: Review Swedish UrBackup web interface translation,project-context,413aab8083580a8aef4efea2,review-commit,https://github.com/yeager/translations/blob/99b199024cc1bbdcb6446e82832e120cfaec8efd/UrBackup/urbackup-webinterface-sv.po,1a0e96dff28933e8e7995fae2cf07b80314883956cbb69a8ceaabc64f55f536e,{}
dd010ee9514efb170b06efc2,Next,Nästa,UrBackup,urbackup-webinterface-sv.po,,Bilingual translation changed in reviewed commit: Review Swedish UrBackup web interface translation,project-context,6e0d30206a57a4cb87e0692a,review-commit,https://github.com/yeager/translations/blob/99b199024cc1bbdcb6446e82832e120cfaec8efd/UrBackup/urbackup-webinterface-sv.po,1a0e96dff28933e8e7995fae2cf07b80314883956cbb69a8ceaabc64f55f536e,{}
dd67aac1651c94c307c2d5e0,tSelect all,Välj alla,UrBackup,urbackup-webinterface-sv.po,,Bilingual translation changed in reviewed commit: Review Swedish UrBackup web interface translation,project-context,52dbe4a02e0a31a7ae71b9b0,review-commit,https://github.com/yeager/translations/blob/99b199024cc1bbdcb6446e82832e120cfaec8efd/UrBackup/urbackup-webinterface-sv.po,1a0e96dff28933e8e7995fae2cf07b80314883956cbb69a8ceaabc64f55f536e,{}
de0c903e6cf1b56ee7d521ec,tDiscover new client via IP/hostname hint,Hitta ny klient via IP/hostnamn,UrBackup,urbackup-webinterface-sv.po,,Bilingual translation changed in reviewed commit: Review Swedish UrBackup web interface translation,project-context,4a9312015ae7768ea6aac1dc,review-commit,https://github.com/yeager/translations/blob/99b199024cc1bbdcb6446e82832e120cfaec8efd/UrBackup/urbackup-webinterface-sv.po,1a0e96dff28933e8e7995fae2cf07b80314883956cbb69a8ceaabc64f55f536e,{}
de1f1794b1444ff576486813,tTo version:,Till version:,UrBackup,urbackup-webinterface-sv.po,,Bilingual translation changed in reviewed commit: Review Swedish UrBackup web interface translation,project-context,d8c3c436b283f5bfbe8f6e36,review-commit,https://github.com/yeager/translations/blob/99b199024cc1bbdcb6446e82832e120cfaec8efd/UrBackup/urbackup-webinterface-sv.po,1a0e96dff28933e8e7995fae2cf07b80314883956cbb69a8ceaabc64f55f536e,{}
de8d5e46ef3d283a855c2eec,tSet the internet server to:,Ställ in Internet-servern till:,UrBackup,urbackup-webinterface-sv.po,,Bilingual translation changed in reviewed commit: Review Swedish UrBackup web interface translation,project-context,ef19df902e6552bbfea3aa3b,review-commit,https://github.com/yeager/translations/blob/99b199024cc1bbdcb6446e82832e120cfaec8efd/UrBackup/urbackup-webinterface-sv.po,1a0e96dff28933e8e7995fae2cf07b80314883956cbb69a8ceaabc64f55f536e,{}
e0c9844408cab1d3a540531a,tLast image backup,Senaste diskbackupen,UrBackup,urbackup-webinterface-sv.po,,Bilingual translation changed in reviewed commit: Review Swedish UrBackup web interface translation,project-context,56ce13d5e7186e92aede9429,review-commit,https://github.com/yeager/translations/blob/99b199024cc1bbdcb6446e82832e120cfaec8efd/UrBackup/urbackup-webinterface-sv.po,1a0e96dff28933e8e7995fae2cf07b80314883956cbb69a8ceaabc64f55f536e,{}
e0cf4d24040fb5d5bddb85d7,tActivities,Aktiviteter,UrBackup,urbackup-webinterface-sv.po,,Bilingual translation changed in reviewed commit: Review Swedish UrBackup web interface translation,project-context,a322c225fdb8edfd4a35491b,review-commit,https://github.com/yeager/translations/blob/99b199024cc1bbdcb6446e82832e120cfaec8efd/UrBackup/urbackup-webinterface-sv.po,1a0e96dff28933e8e7995fae2cf07b80314883956cbb69a8ceaabc64f55f536e,{}
e1b85c52b91c008cff7ea0df,tInternet/active full file backup transfer mode,Överföringsläge för fullständig filsäkerhetskopiering via internet/aktiv klient,UrBackup,urbackup-webinterface-sv.po,,Bilingual translation changed in reviewed commit: Review Swedish UrBackup web interface translation,project-context,a38c0a6ef7ae40a6bcfbdba2,review-commit,https://github.com/yeager/translations/blob/99b199024cc1bbdcb6446e82832e120cfaec8efd/UrBackup/urbackup-webinterface-sv.po,1a0e96dff28933e8e7995fae2cf07b80314883956cbb69a8ceaabc64f55f536e,{}
e2147656f63dba1a4ff098a0,tMin,Min,UrBackup,urbackup-webinterface-sv.po,,Bilingual translation changed in reviewed commit: Review Swedish UrBackup web interface translation,project-context,f2ac551d1f38701a5aa0d821,review-commit,https://github.com/yeager/translations/blob/99b199024cc1bbdcb6446e82832e120cfaec8efd/UrBackup/urbackup-webinterface-sv.po,1a0e96dff28933e8e7995fae2cf07b80314883956cbb69a8ceaabc64f55f536e,{}
e233d4f17eb039dcaac61ab7,admin,Administratör,UrBackup,urbackup-webinterface-sv.po,,Bilingual translation changed in reviewed commit: Review Swedish UrBackup web interface translation,project-context,64327c72e3bc849f02de7b56,review-commit,https://github.com/yeager/translations/blob/99b199024cc1bbdcb6446e82832e120cfaec8efd/UrBackup/urbackup-webinterface-sv.po,1a0e96dff28933e8e7995fae2cf07b80314883956cbb69a8ceaabc64f55f536e,{}
e2de8101d64e09ea4d7ec40b,tInternet/Active client,Internet-/aktiv klient,UrBackup,urbackup-webinterface-sv.po,,Bilingual translation changed in reviewed commit: Review Swedish UrBackup web interface translation,project-context,a4281b03bc991b8fd5e3b5a6,review-commit,https://github.com/yeager/translations/blob/99b199024cc1bbdcb6446e82832e120cfaec8efd/UrBackup/urbackup-webinterface-sv.po,1a0e96dff28933e8e7995fae2cf07b80314883956cbb69a8ceaabc64f55f536e,{}
e325955c9749f1e3e842b094,starting,Startar,UrBackup,urbackup-webinterface-sv.po,,Bilingual translation changed in reviewed commit: Review Swedish UrBackup web interface translation,project-context,1561b0a46b36e929a0cbcf81,review-commit,https://github.com/yeager/translations/blob/99b199024cc1bbdcb6446e82832e120cfaec8efd/UrBackup/urbackup-webinterface-sv.po,1a0e96dff28933e8e7995fae2cf07b80314883956cbb69a8ceaabc64f55f536e,{}
e34d49fe38319d4d570ca4d8,storage_usage_pie_graph_colname2,Lagringsanvändande,UrBackup,urbackup-webinterface-sv.po,,Bilingual translation changed in reviewed commit: Review Swedish UrBackup web interface translation,project-context,339029b1b288365ef82013f6,review-commit,https://github.com/yeager/translations/blob/99b199024cc1bbdcb6446e82832e120cfaec8efd/UrBackup/urbackup-webinterface-sv.po,1a0e96dff28933e8e7995fae2cf07b80314883956cbb69a8ceaabc64f55f536e,{}
e3f56f1f2cb07747076faa58,right_none,Inga rättigheter,UrBackup,urbackup-webinterface-sv.po,,Bilingual translation changed in reviewed commit: Review Swedish UrBackup web interface translation,project-context,6c99f25cf11ccc704ce89ea7,review-commit,https://github.com/yeager/translations/blob/99b199024cc1bbdcb6446e82832e120cfaec8efd/UrBackup/urbackup-webinterface-sv.po,1a0e96dff28933e8e7995fae2cf07b80314883956cbb69a8ceaabc64f55f536e,{}
e495c3582e790011b01f74dc,unknown,Okänd,UrBackup,urbackup-webinterface-sv.po,,Bilingual translation changed in reviewed commit: Review Swedish UrBackup web interface translation,project-context,445d5d9e17e793e6024e4665,review-commit,https://github.com/yeager/translations/blob/99b199024cc1bbdcb6446e82832e120cfaec8efd/UrBackup/urbackup-webinterface-sv.po,1a0e96dff28933e8e7995fae2cf07b80314883956cbb69a8ceaabc64f55f536e,{}
e500ac4cb5ede7226037eef6,tAdd,Lägg till,UrBackup,urbackup-webinterface-sv.po,,Bilingual translation changed in reviewed commit: Review Swedish UrBackup web interface translation,project-context,6bc40d7e931cb3b7bed5be3f,review-commit,https://github.com/yeager/translations/blob/99b199024cc1bbdcb6446e82832e120cfaec8efd/UrBackup/urbackup-webinterface-sv.po,1a0e96dff28933e8e7995fae2cf07b80314883956cbb69a8ceaabc64f55f536e,{}
e580de55f5d4304198391a46,tDisk number,Disk nummer,UrBackup,urbackup-webinterface-sv.po,,Bilingual translation changed in reviewed commit: Review Swedish UrBackup web interface translation,project-context,60cb9f1f216f2ffe908b66eb,review-commit,https://github.com/yeager/translations/blob/99b199024cc1bbdcb6446e82832e120cfaec8efd/UrBackup/urbackup-webinterface-sv.po,1a0e96dff28933e8e7995fae2cf07b80314883956cbb69a8ceaabc64f55f536e,{}
e5e351e516b5c73ae4dd4962,Processing...,Behandlar...,UrBackup,urbackup-webinterface-sv.po,,Bilingual translation changed in reviewed commit: Review Swedish UrBackup web interface translation,project-context,add8fc92c5a4f148577e06a5,review-commit,https://github.com/yeager/translations/blob/99b199024cc1bbdcb6446e82832e120cfaec8efd/UrBackup/urbackup-webinterface-sv.po,1a0e96dff28933e8e7995fae2cf07b80314883956cbb69a8ceaabc64f55f536e,{}
e66b1dc1d18b03e2b369910e,tLocal/passive incremental file backup transfer mode,Överföringsläge för inkrementell lokal/passiv filsäkerhetskopiering,UrBackup,urbackup-webinterface-sv.po,,Bilingual translation changed in reviewed commit: Review Swedish UrBackup web interface translation,project-context,c83ce1e5a3a9c405cd281886,review-commit,https://github.com/yeager/translations/blob/99b199024cc1bbdcb6446e82832e120cfaec8efd/UrBackup/urbackup-webinterface-sv.po,1a0e96dff28933e8e7995fae2cf07b80314883956cbb69a8ceaabc64f55f536e,{}
e6a8d37f152d8fadf7ad4b1f,tAbort,Avbryt,UrBackup,urbackup-webinterface-sv.po,,Bilingual translation changed in reviewed commit: Review Swedish UrBackup web interface translation,project-context,004267bff6b2218c7ebb1fea,review-commit,https://github.com/yeager/translations/blob/99b199024cc1bbdcb6446e82832e120cfaec8efd/UrBackup/urbackup-webinterface-sv.po,1a0e96dff28933e8e7995fae2cf07b80314883956cbb69a8ceaabc64f55f536e,{}
e6d413fbfec83f53e6bea613,tAdd new client,Lägg till ny klient,UrBackup,urbackup-webinterface-sv.po,,Bilingual translation changed in reviewed commit: Review Swedish UrBackup web interface translation,project-context,84a891a07639e697c92805a3,review-commit,https://github.com/yeager/translations/blob/99b199024cc1bbdcb6446e82832e120cfaec8efd/UrBackup/urbackup-webinterface-sv.po,1a0e96dff28933e8e7995fae2cf07b80314883956cbb69a8ceaabc64f55f536e,{}
e716a11b0397831db95d2ec6,enter_hostname,Vänligen fyll i ett hostnamn eller en IP adress,UrBackup,urbackup-webinterface-sv.po,,Bilingual translation changed in reviewed commit: Review Swedish UrBackup web interface translation,project-context,6038bd94249a17448d482928,review-commit,https://github.com/yeager/translations/blob/99b199024cc1bbdcb6446e82832e120cfaec8efd/UrBackup/urbackup-webinterface-sv.po,1a0e96dff28933e8e7995fae2cf07b80314883956cbb69a8ceaabc64f55f536e,{}
e7c79c9074629543479a27e3,tStatus,Status,UrBackup,urbackup-webinterface-sv.po,,Bilingual translation changed in reviewed commit: Review Swedish UrBackup web interface translation,project-context,aef2d6b4d7fdfbe0e76d7bc8,review-commit,https://github.com/yeager/translations/blob/99b199024cc1bbdcb6446e82832e120cfaec8efd/UrBackup/urbackup-webinterface-sv.po,1a0e96dff28933e8e7995fae2cf07b80314883956cbb69a8ceaabc64f55f536e,{}
e7f4e24e4eca6fd4ac82feb6,tBackup status,Backupstatus,UrBackup,urbackup-webinterface-sv.po,,Bilingual translation changed in reviewed commit: Review Swedish UrBackup web interface translation,project-context,6aec3cc1c62253007418eeab,review-commit,https://github.com/yeager/translations/blob/99b199024cc1bbdcb6446e82832e120cfaec8efd/UrBackup/urbackup-webinterface-sv.po,1a0e96dff28933e8e7995fae2cf07b80314883956cbb69a8ceaabc64f55f536e,{}
e7ffac8074aec31e07a25f89,tCleanup time window,Rensningstid,UrBackup,urbackup-webinterface-sv.po,,Bilingual translation changed in reviewed commit: Review Swedish UrBackup web interface translation,project-context,f208ba01cc806fe5dabf805e,review-commit,https://github.com/yeager/translations/blob/99b199024cc1bbdcb6446e82832e120cfaec8efd/UrBackup/urbackup-webinterface-sv.po,1a0e96dff28933e8e7995fae2cf07b80314883956cbb69a8ceaabc64f55f536e,{}
e8a0d2c64066193c6ef61579,tTime,Tid,UrBackup,urbackup-webinterface-sv.po,,Bilingual translation changed in reviewed commit: Review Swedish UrBackup web interface translation,project-context,95cddbe6684c53842c549ac9,review-commit,https://github.com/yeager/translations/blob/99b199024cc1bbdcb6446e82832e120cfaec8efd/UrBackup/urbackup-webinterface-sv.po,1a0e96dff28933e8e7995fae2cf07b80314883956cbb69a8ceaabc64f55f536e,{}
ea61f072f9306de003cdef45,day,dagar,UrBackup,urbackup-webinterface-sv.po,,Bilingual translation changed in reviewed commit: Review Swedish UrBackup web interface translation,project-context,2a7738928bd28add0e821380,review-commit,https://github.com/yeager/translations/blob/99b199024cc1bbdcb6446e82832e120cfaec8efd/UrBackup/urbackup-webinterface-sv.po,1a0e96dff28933e8e7995fae2cf07b80314883956cbb69a8ceaabc64f55f536e,{}
eabd7fd43355549b298dcb91,nav_item_5,Aktiviteter,UrBackup,urbackup-webinterface-sv.po,,Bilingual translation changed in reviewed commit: Review Swedish UrBackup web interface translation,project-context,5a2d98e3baf60d9ae7465c5d,review-commit,https://github.com/yeager/translations/blob/99b199024cc1bbdcb6446e82832e120cfaec8efd/UrBackup/urbackup-webinterface-sv.po,1a0e96dff28933e8e7995fae2cf07b80314883956cbb69a8ceaabc64f55f536e,{}
eacdcc778a4a2741688c334a,tRestore,Återställ,UrBackup,urbackup-webinterface-sv.po,,Bilingual translation changed in reviewed commit: Review Swedish UrBackup web interface translation,project-context,4441e16f753e797d253eb4b2,review-commit,https://github.com/yeager/translations/blob/99b199024cc1bbdcb6446e82832e120cfaec8efd/UrBackup/urbackup-webinterface-sv.po,1a0e96dff28933e8e7995fae2cf07b80314883956cbb69a8ceaabc64f55f536e,{}
ead8c95a83dd38412a22f1f9,filter,Filter,UrBackup,urbackup-webinterface-sv.po,,Bilingual translation changed in reviewed commit: Review Swedish UrBackup web interface translation,project-context,094322c99571ee4122d484a5,review-commit,https://github.com/yeager/translations/blob/99b199024cc1bbdcb6446e82832e120cfaec8efd/UrBackup/urbackup-webinterface-sv.po,1a0e96dff28933e8e7995fae2cf07b80314883956cbb69a8ceaabc64f55f536e,{}
eb2c51e4f27f2a548be28edd,tFailed,Misslyckade,UrBackup,urbackup-webinterface-sv.po,,Bilingual translation changed in reviewed commit: Review Swedish UrBackup web interface translation,project-context,bb0b5a629bf48ed2fc000dfb,review-commit,https://github.com/yeager/translations/blob/99b199024cc1bbdcb6446e82832e120cfaec8efd/UrBackup/urbackup-webinterface-sv.po,1a0e96dff28933e8e7995fae2cf07b80314883956cbb69a8ceaabc64f55f536e,{}
ec132ba02716f83fa5de76e8,tDownload,Ladda ner,UrBackup,urbackup-webinterface-sv.po,,Bilingual translation changed in reviewed commit: Review Swedish UrBackup web interface translation,project-context,103ea100fcfd1731dfd4224c,review-commit,https://github.com/yeager/translations/blob/99b199024cc1bbdcb6446e82832e120cfaec8efd/UrBackup/urbackup-webinterface-sv.po,1a0e96dff28933e8e7995fae2cf07b80314883956cbb69a8ceaabc64f55f536e,{}
ecc7b6316a52d3276917a6e2,general_settings,Generell,UrBackup,urbackup-webinterface-sv.po,,Bilingual translation changed in reviewed commit: Review Swedish UrBackup web interface translation,project-context,e357b95c0c58cede7fdc64ed,review-commit,https://github.com/yeager/translations/blob/99b199024cc1bbdcb6446e82832e120cfaec8efd/UrBackup/urbackup-webinterface-sv.po,1a0e96dff28933e8e7995fae2cf07b80314883956cbb69a8ceaabc64f55f536e,{}
edac03a042a4d335f7fad51a,tVHD (Virtual HardDisk),VHD (Virtual HardDisk),UrBackup,urbackup-webinterface-sv.po,,Bilingual translation changed in reviewed commit: Review Swedish UrBackup web interface translation,project-context,4e45ab7d162887d70b3b0dd4,review-commit,https://github.com/yeager/translations/blob/99b199024cc1bbdcb6446e82832e120cfaec8efd/UrBackup/urbackup-webinterface-sv.po,1a0e96dff28933e8e7995fae2cf07b80314883956cbb69a8ceaabc64f55f536e,{}
ee8a3651e20f542855215cf4,tUsername,Användarnamn,UrBackup,urbackup-webinterface-sv.po,,Bilingual translation changed in reviewed commit: Review Swedish UrBackup web interface translation,project-context,34887cb7df92bdf78e4e614f,review-commit,https://github.com/yeager/translations/blob/99b199024cc1bbdcb6446e82832e120cfaec8efd/UrBackup/urbackup-webinterface-sv.po,1a0e96dff28933e8e7995fae2cf07b80314883956cbb69a8ceaabc64f55f536e,{}
ef621bd4fc49e139cf8c77d9,tIP,IP,UrBackup,urbackup-webinterface-sv.po,,Bilingual translation changed in reviewed commit: Review Swedish UrBackup web interface translation,project-context,b318ed929f114950fb155b86,review-commit,https://github.com/yeager/translations/blob/99b199024cc1bbdcb6446e82832e120cfaec8efd/UrBackup/urbackup-webinterface-sv.po,1a0e96dff28933e8e7995fae2cf07b80314883956cbb69a8ceaabc64f55f536e,{}
f06d309a078e90fc9836d1c5,tOk. Stop showing this error,Ok. Sluta visa detta fel,UrBackup,urbackup-webinterface-sv.po,,Bilingual translation changed in reviewed commit: Review Swedish UrBackup web interface translation,project-context,bde320945c25554bc7573dca,review-commit,https://github.com/yeager/translations/blob/99b199024cc1bbdcb6446e82832e120cfaec8efd/UrBackup/urbackup-webinterface-sv.po,1a0e96dff28933e8e7995fae2cf07b80314883956cbb69a8ceaabc64f55f536e,{}
f0b68b4dc2f9921a16d0992d,tLDAP/AD class rights map,LDAP/AD klass-rättighetersöversikt,UrBackup,urbackup-webinterface-sv.po,,Bilingual translation changed in reviewed commit: Review Swedish UrBackup web interface translation,project-context,6b2f3ce56b25759712034a33,review-commit,https://github.com/yeager/translations/blob/99b199024cc1bbdcb6446e82832e120cfaec8efd/UrBackup/urbackup-webinterface-sv.po,1a0e96dff28933e8e7995fae2cf07b80314883956cbb69a8ceaabc64f55f536e,{}
f1ef49cf5f493cdc89101601,tLDAP/AD user name prefix,LDAP/AD prefix för användarnamn,UrBackup,urbackup-webinterface-sv.po,,Bilingual translation changed in reviewed commit: Review Swedish UrBackup web interface translation,project-context,36eda8c0b8fc6607eba210f3,review-commit,https://github.com/yeager/translations/blob/99b199024cc1bbdcb6446e82832e120cfaec8efd/UrBackup/urbackup-webinterface-sv.po,1a0e96dff28933e8e7995fae2cf07b80314883956cbb69a8ceaabc64f55f536e,{}
f316652bfdeb80924cebf029,tVolume name,Enhetens namn,UrBackup,urbackup-webinterface-sv.po,,Bilingual translation changed in reviewed commit: Review Swedish UrBackup web interface translation,project-context,c5150fc699451fa3e4848a5f,review-commit,https://github.com/yeager/translations/blob/99b199024cc1bbdcb6446e82832e120cfaec8efd/UrBackup/urbackup-webinterface-sv.po,1a0e96dff28933e8e7995fae2cf07b80314883956cbb69a8ceaabc64f55f536e,{}
f35e0f0e04d738589bc1c4e7,tVolume,Enhet,UrBackup,urbackup-webinterface-sv.po,,Bilingual translation changed in reviewed commit: Review Swedish UrBackup web interface translation,project-context,e8c329bdaa0e5f667d76d881,review-commit,https://github.com/yeager/translations/blob/99b199024cc1bbdcb6446e82832e120cfaec8efd/UrBackup/urbackup-webinterface-sv.po,1a0e96dff28933e8e7995fae2cf07b80314883956cbb69a8ceaabc64f55f536e,{}
f4f893c0f256801b44adac42,tShow log,Visa log,UrBackup,urbackup-webinterface-sv.po,,Bilingual translation changed in reviewed commit: Review Swedish UrBackup web interface translation,project-context,f45801c0b8262b130e724854,review-commit,https://github.com/yeager/translations/blob/99b199024cc1bbdcb6446e82832e120cfaec8efd/UrBackup/urbackup-webinterface-sv.po,1a0e96dff28933e8e7995fae2cf07b80314883956cbb69a8ceaabc64f55f536e,{}
f5b6bd703d5df34aeff8f2f5,tNo extra clients,Inga extra klienter,UrBackup,urbackup-webinterface-sv.po,,Bilingual translation changed in reviewed commit: Review Swedish UrBackup web interface translation,project-context,ff76b780d0887ab58bc85a00,review-commit,https://github.com/yeager/translations/blob/99b199024cc1bbdcb6446e82832e120cfaec8efd/UrBackup/urbackup-webinterface-sv.po,1a0e96dff28933e8e7995fae2cf07b80314883956cbb69a8ceaabc64f55f536e,{}
f64e83e9032fb89991f10ce6,tInterval for full image backups,Intervall för kompletta diskbackuper,UrBackup,urbackup-webinterface-sv.po,,Bilingual translation changed in reviewed commit: Review Swedish UrBackup web interface translation,project-context,df2484876390214a91faad09,review-commit,https://github.com/yeager/translations/blob/99b199024cc1bbdcb6446e82832e120cfaec8efd/UrBackup/urbackup-webinterface-sv.po,1a0e96dff28933e8e7995fae2cf07b80314883956cbb69a8ceaabc64f55f536e,{}
f704230af8d9659197551038,tServer URL,Server URL,UrBackup,urbackup-webinterface-sv.po,,Bilingual translation changed in reviewed commit: Review Swedish UrBackup web interface translation,project-context,1131977c79f9c58561929485,review-commit,https://github.com/yeager/translations/blob/99b199024cc1bbdcb6446e82832e120cfaec8efd/UrBackup/urbackup-webinterface-sv.po,1a0e96dff28933e8e7995fae2cf07b80314883956cbb69a8ceaabc64f55f536e,{}
f74cb272c18bfdd928b97e61,tDefault value:,Förvalt värde:,UrBackup,urbackup-webinterface-sv.po,,Bilingual translation changed in reviewed commit: Review Swedish UrBackup web interface translation,project-context,f6019cb3414ec7296a091d11,review-commit,https://github.com/yeager/translations/blob/99b199024cc1bbdcb6446e82832e120cfaec8efd/UrBackup/urbackup-webinterface-sv.po,1a0e96dff28933e8e7995fae2cf07b80314883956cbb69a8ceaabc64f55f536e,{}
f755fb6e04f705a24807a7a6,validate_name_min_image_incr,minsta antal inkrementella diskbackuper,UrBackup,urbackup-webinterface-sv.po,,Bilingual translation changed in reviewed commit: Review Swedish UrBackup web interface translation,project-context,a5525adff3e9418b0a2a2627,review-commit,https://github.com/yeager/translations/blob/99b199024cc1bbdcb6446e82832e120cfaec8efd/UrBackup/urbackup-webinterface-sv.po,1a0e96dff28933e8e7995fae2cf07b80314883956cbb69a8ceaabc64f55f536e,{}
f7644749400bc01057220f47,tArchival,Arkivering,UrBackup,urbackup-webinterface-sv.po,,Bilingual translation changed in reviewed commit: Review Swedish UrBackup web interface translation,project-context,bc062f3f535dee549fe20e7b,review-commit,https://github.com/yeager/translations/blob/99b199024cc1bbdcb6446e82832e120cfaec8efd/UrBackup/urbackup-webinterface-sv.po,1a0e96dff28933e8e7995fae2cf07b80314883956cbb69a8ceaabc64f55f536e,{}
f77d43612c8a7b880ae33670,tAllow clients to start component restores,Tillåt klienter att starta komponentåterställningar,UrBackup,urbackup-webinterface-sv.po,,Bilingual translation changed in reviewed commit: Review Swedish UrBackup web interface translation,project-context,c272e6f7fb4afec029b20873,review-commit,https://github.com/yeager/translations/blob/99b199024cc1bbdcb6446e82832e120cfaec8efd/UrBackup/urbackup-webinterface-sv.po,1a0e96dff28933e8e7995fae2cf07b80314883956cbb69a8ceaabc64f55f536e,{}
f7b11dbbb01784b33a669391,validate_name_archive_every,Arkivera varje,UrBackup,urbackup-webinterface-sv.po,,Bilingual translation changed in reviewed commit: Review Swedish UrBackup web interface translation,project-context,b86af0e7b4ac9bf0966d6932,review-commit,https://github.com/yeager/translations/blob/99b199024cc1bbdcb6446e82832e120cfaec8efd/UrBackup/urbackup-webinterface-sv.po,1a0e96dff28933e8e7995fae2cf07b80314883956cbb69a8ceaabc64f55f536e,{}
f94620ecb05ba18e60d40887,tEnable internet mode,Aktivera internetläge,UrBackup,urbackup-webinterface-sv.po,,Bilingual translation changed in reviewed commit: Review Swedish UrBackup web interface translation,project-context,f5a22b19b24f91fb15c17f4f,review-commit,https://github.com/yeager/translations/blob/99b199024cc1bbdcb6446e82832e120cfaec8efd/UrBackup/urbackup-webinterface-sv.po,1a0e96dff28933e8e7995fae2cf07b80314883956cbb69a8ceaabc64f55f536e,{}
f9e2f0dc98b7120224ef6f91,storage_usage_pie_graph_colname1,Datornamn,UrBackup,urbackup-webinterface-sv.po,,Bilingual translation changed in reviewed commit: Review Swedish UrBackup web interface translation,project-context,c2990c92c7d65adb1a53477d,review-commit,https://github.com/yeager/translations/blob/99b199024cc1bbdcb6446e82832e120cfaec8efd/UrBackup/urbackup-webinterface-sv.po,1a0e96dff28933e8e7995fae2cf07b80314883956cbb69a8ceaabc64f55f536e,{}
fac4f31727986d3544c570c9,tOk. Reset this error,Ok. Återställ detta fel,UrBackup,urbackup-webinterface-sv.po,,Bilingual translation changed in reviewed commit: Review Swedish UrBackup web interface translation,project-context,943156033a3f28e3e47728ee,review-commit,https://github.com/yeager/translations/blob/99b199024cc1bbdcb6446e82832e120cfaec8efd/UrBackup/urbackup-webinterface-sv.po,1a0e96dff28933e8e7995fae2cf07b80314883956cbb69a8ceaabc64f55f536e,{}
fc4f21b0544ddbbe74e16732,tIncremental,Inkrementell,UrBackup,urbackup-webinterface-sv.po,,Bilingual translation changed in reviewed commit: Review Swedish UrBackup web interface translation,project-context,4b2cae423372fc3d6466ee08,review-commit,https://github.com/yeager/translations/blob/99b199024cc1bbdcb6446e82832e120cfaec8efd/UrBackup/urbackup-webinterface-sv.po,1a0e96dff28933e8e7995fae2cf07b80314883956cbb69a8ceaabc64f55f536e,{}
fef2c34c51bba25856d5614d,tAuth key,Autentiseringsnyckel,UrBackup,urbackup-webinterface-sv.po,,Bilingual translation changed in reviewed commit: Review Swedish UrBackup web interface translation,project-context,a4c030d6b1add2a9b3215e94,review-commit,https://github.com/yeager/translations/blob/99b199024cc1bbdcb6446e82832e120cfaec8efd/UrBackup/urbackup-webinterface-sv.po,1a0e96dff28933e8e7995fae2cf07b80314883956cbb69a8ceaabc64f55f536e,{}
ff286ea3f5330f435a2206c5,tRaw copy-on-write file,Rå copy-on-write fil,UrBackup,urbackup-webinterface-sv.po,,Bilingual translation changed in reviewed commit: Review Swedish UrBackup web interface translation,project-context,838b2b4728b5b83cc2ef81b9,review-commit,https://github.com/yeager/translations/blob/99b199024cc1bbdcb6446e82832e120cfaec8efd/UrBackup/urbackup-webinterface-sv.po,1a0e96dff28933e8e7995fae2cf07b80314883956cbb69a8ceaabc64f55f536e,{}
ff573be019bc5fd883acb5da,remove_image_failed,Se serverns loggfil för detaljer.,UrBackup,urbackup-webinterface-sv.po,,Bilingual translation changed in reviewed commit: Review Swedish UrBackup web interface translation,project-context,b67cd00602887f026e1ddbcf,review-commit,https://github.com/yeager/translations/blob/99b199024cc1bbdcb6446e82832e120cfaec8efd/UrBackup/urbackup-webinterface-sv.po,1a0e96dff28933e8e7995fae2cf07b80314883956cbb69a8ceaabc64f55f536e,{}
ff8ca01de6b7faa8a88c75a0,tSet the authentication key to:,Autentiseringsnyckel:,UrBackup,urbackup-webinterface-sv.po,,Bilingual translation changed in reviewed commit: Review Swedish UrBackup web interface translation,project-context,1a1ae8d5cf2aa5c29983a493,review-commit,https://github.com/yeager/translations/blob/99b199024cc1bbdcb6446e82832e120cfaec8efd/UrBackup/urbackup-webinterface-sv.po,1a0e96dff28933e8e7995fae2cf07b80314883956cbb69a8ceaabc64f55f536e,{}
ffecafed72ba0442dd056ea4,tLDAP/AD group rights map,LDAP/AD grupp-rättighetersöversikt,UrBackup,urbackup-webinterface-sv.po,,Bilingual translation changed in reviewed commit: Review Swedish UrBackup web interface translation,project-context,490acfd937eaf79ccc1335b7,review-commit,https://github.com/yeager/translations/blob/99b199024cc1bbdcb6446e82832e120cfaec8efd/UrBackup/urbackup-webinterface-sv.po,1a0e96dff28933e8e7995fae2cf07b80314883956cbb69a8ceaabc64f55f536e,{}
ffef390ded9e8cf3b96259d5,Minimize,Minimera,UrBackup,urbackup-webinterface-sv.po,,Bilingual translation changed in reviewed commit: Review Swedish UrBackup web interface translation,project-context,bed3f281349ca96e383f6c46,review-commit,https://github.com/yeager/translations/blob/99b199024cc1bbdcb6446e82832e120cfaec8efd/UrBackup/urbackup-webinterface-sv.po,1a0e96dff28933e8e7995fae2cf07b80314883956cbb69a8ceaabc64f55f536e,{}
