id,source,canonical,project,component,context,note,scope,review_id,publication_status,reference,evidence_sha256,source_evidence
00da160338e7caef57023ea1,Comment,Kommentar,Xreader,xreader_sv.po,,Bilingual translation changed in reviewed commit: archive reviewed Swedish Linux Mint translations,project-context,183b71cc2b90f1014b7f4f75,review-commit,https://github.com/yeager/translations/blob/87909ded511e79f2f46379e8c3e7a2722dd1c8e3/Xreader/xreader_sv.po,555756d56172bf22f296e778a4968efd8eb7024f4f0cb2b2292debdac83a093e,{}
029d89a4e9e3d1590099510a,Embedded,Inbyggd,Xreader,xreader_sv.po,,Bilingual translation changed in reviewed commit: archive reviewed Swedish Linux Mint translations,project-context,343b68051c037456bc7ad31d,review-commit,https://github.com/yeager/translations/blob/87909ded511e79f2f46379e8c3e7a2722dd1c8e3/Xreader/xreader_sv.po,555756d56172bf22f296e778a4968efd8eb7024f4f0cb2b2292debdac83a093e,{}
0556097b06fe90c36a34753e,_Open Bookmark,_Öppna bokmärke,Xreader,xreader_sv.po,,Bilingual translation changed in reviewed commit: archive reviewed Swedish Linux Mint translations,project-context,994e894bd0f23a00af84428a,review-commit,https://github.com/yeager/translations/blob/87909ded511e79f2f46379e8c3e7a2722dd1c8e3/Xreader/xreader_sv.po,555756d56172bf22f296e778a4968efd8eb7024f4f0cb2b2292debdac83a093e,{}
05dec1a92033e41977033378,Document contains no annotations,Dokumentet innehåller inga kommentarer,Xreader,xreader_sv.po,,Bilingual translation changed in reviewed commit: archive reviewed Swedish Linux Mint translations,project-context,06903f9537e8b21f537a6ff4,review-commit,https://github.com/yeager/translations/blob/87909ded511e79f2f46379e8c3e7a2722dd1c8e3/Xreader/xreader_sv.po,555756d56172bf22f296e778a4968efd8eb7024f4f0cb2b2292debdac83a093e,{}
0603ae411e725405e6bc92a1,Cancel _print and Close,Avbryt _utskrift och stäng,Xreader,xreader_sv.po,,Bilingual translation changed in reviewed commit: archive reviewed Swedish Linux Mint translations,project-context,afb77c1208de3a3492543c7b,review-commit,https://github.com/yeager/translations/blob/87909ded511e79f2f46379e8c3e7a2722dd1c8e3/Xreader/xreader_sv.po,555756d56172bf22f296e778a4968efd8eb7024f4f0cb2b2292debdac83a093e,{}
07d0d64c61ce9b60b25feb0c,Unknown MIME Type,Okänd MIME-typ,Xreader,xreader_sv.po,,Bilingual translation changed in reviewed commit: archive reviewed Swedish Linux Mint translations,project-context,052806d5abefe52cb6d3b207,review-commit,https://github.com/yeager/translations/blob/87909ded511e79f2f46379e8c3e7a2722dd1c8e3/Xreader/xreader_sv.po,555756d56172bf22f296e778a4968efd8eb7024f4f0cb2b2292debdac83a093e,{}
085183920c6987911154d287,Show history buttons,Visa historie-knappar,Xreader,xreader_sv.po,,Bilingual translation changed in reviewed commit: archive reviewed Swedish Linux Mint translations,project-context,d261cdc1e15c5e5e341d1d3f,review-commit,https://github.com/yeager/translations/blob/87909ded511e79f2f46379e8c3e7a2722dd1c8e3/Xreader/xreader_sv.po,555756d56172bf22f296e778a4968efd8eb7024f4f0cb2b2292debdac83a093e,{}
08c4d5cb497c3cc682d9ab74,_Original size,_Originalstorlek,Xreader,xreader_sv.po,,Bilingual translation changed in reviewed commit: archive reviewed Swedish Linux Mint translations,project-context,2a7e8989fd381c4aca0a89d2,review-commit,https://github.com/yeager/translations/blob/87909ded511e79f2f46379e8c3e7a2722dd1c8e3/Xreader/xreader_sv.po,555756d56172bf22f296e778a4968efd8eb7024f4f0cb2b2292debdac83a093e,{}
0b089765ffbb1fca7983b8c0,DjVu document has incorrect format,DjVu-dokumentet har ett felaktigt format,Xreader,xreader_sv.po,,Bilingual translation changed in reviewed commit: archive reviewed Swedish Linux Mint translations,project-context,ef84dddd2892c697251e179a,review-commit,https://github.com/yeager/translations/blob/87909ded511e79f2f46379e8c3e7a2722dd1c8e3/Xreader/xreader_sv.po,555756d56172bf22f296e778a4968efd8eb7024f4f0cb2b2292debdac83a093e,{}
0b9196586b5523548424f147,NUMBER,ANTAL,Xreader,xreader_sv.po,,Bilingual translation changed in reviewed commit: archive reviewed Swedish Linux Mint translations,project-context,a5a1fd23ec345fc67414a21a,review-commit,https://github.com/yeager/translations/blob/87909ded511e79f2f46379e8c3e7a2722dd1c8e3/Xreader/xreader_sv.po,555756d56172bf22f296e778a4968efd8eb7024f4f0cb2b2292debdac83a093e,{}
0bb020e9750bc6417ac8e147,_Unlock Document,_Lås upp dokument,Xreader,xreader_sv.po,,Bilingual translation changed in reviewed commit: archive reviewed Swedish Linux Mint translations,project-context,4d348b7756251da714c09086,review-commit,https://github.com/yeager/translations/blob/87909ded511e79f2f46379e8c3e7a2722dd1c8e3/Xreader/xreader_sv.po,555756d56172bf22f296e778a4968efd8eb7024f4f0cb2b2292debdac83a093e,{}
0c7faeabf03e5bec638ef012,Enlarge the thumbnails,Förstora miniatyrbilderna,Xreader,xreader_sv.po,,Bilingual translation changed in reviewed commit: archive reviewed Swedish Linux Mint translations,project-context,f4be6fd88998705815b0ca8e,review-commit,https://github.com/yeager/translations/blob/87909ded511e79f2f46379e8c3e7a2722dd1c8e3/Xreader/xreader_sv.po,555756d56172bf22f296e778a4968efd8eb7024f4f0cb2b2292debdac83a093e,{}
0d9abd337d7b2a0abb2383ab,Icon:,Ikon:,Xreader,xreader_sv.po,,Bilingual translation changed in reviewed commit: archive reviewed Swedish Linux Mint translations,project-context,0c0ffa32213c185eb3c06262,review-commit,https://github.com/yeager/translations/blob/87909ded511e79f2f46379e8c3e7a2722dd1c8e3/Xreader/xreader_sv.po,555756d56172bf22f296e778a4968efd8eb7024f4f0cb2b2292debdac83a093e,{}
0df95b162c5109ffe08baf92,Annotations,Kommentarer,Xreader,xreader_sv.po,,Bilingual translation changed in reviewed commit: archive reviewed Swedish Linux Mint translations,project-context,8bb993eaaf97bc32c769bd51,review-commit,https://github.com/yeager/translations/blob/87909ded511e79f2f46379e8c3e7a2722dd1c8e3/Xreader/xreader_sv.po,555756d56172bf22f296e778a4968efd8eb7024f4f0cb2b2292debdac83a093e,{}
0ee1bf24ef6cf1fea8b06cec,Copy _Image,Kopiera _bild,Xreader,xreader_sv.po,,Bilingual translation changed in reviewed commit: archive reviewed Swedish Linux Mint translations,project-context,021d65c2029b7b685e5abeb1,review-commit,https://github.com/yeager/translations/blob/87909ded511e79f2f46379e8c3e7a2722dd1c8e3/Xreader/xreader_sv.po,555756d56172bf22f296e778a4968efd8eb7024f4f0cb2b2292debdac83a093e,{}
0f6342988cbfede9e1bdfc74,Next,Nästa,Xreader,xreader_sv.po,,Bilingual translation changed in reviewed commit: archive reviewed Swedish Linux Mint translations,project-context,5cc92f0cf03666f7a8884892,review-commit,https://github.com/yeager/translations/blob/87909ded511e79f2f46379e8c3e7a2722dd1c8e3/Xreader/xreader_sv.po,555756d56172bf22f296e778a4968efd8eb7024f4f0cb2b2292debdac83a093e,{}
0fc9b99e7f55d1fdc0daa3c5,Specify file containing saved configuration,Ange fil som innehåller sparad konfiguration,Xreader,xreader_sv.po,,Bilingual translation changed in reviewed commit: archive reviewed Swedish Linux Mint translations,project-context,df0917db8b5b74a76ff37278,review-commit,https://github.com/yeager/translations/blob/87909ded511e79f2f46379e8c3e7a2722dd1c8e3/Xreader/xreader_sv.po,555756d56172bf22f296e778a4968efd8eb7024f4f0cb2b2292debdac83a093e,{}
103708e3ad0bda24965bd85d,Auto_scroll,Auto_rulla,Xreader,xreader_sv.po,,Bilingual translation changed in reviewed commit: archive reviewed Swedish Linux Mint translations,project-context,d399de4283a205ea295fb0b2,review-commit,https://github.com/yeager/translations/blob/87909ded511e79f2f46379e8c3e7a2722dd1c8e3/Xreader/xreader_sv.po,555756d56172bf22f296e778a4968efd8eb7024f4f0cb2b2292debdac83a093e,{}
109bbcd9c538f277930d01c3,_Go To,_Gå till,Xreader,xreader_sv.po,,Bilingual translation changed in reviewed commit: archive reviewed Swedish Linux Mint translations,project-context,6a58584c2d1bf83d6b9a0690,review-commit,https://github.com/yeager/translations/blob/87909ded511e79f2f46379e8c3e7a2722dd1c8e3/Xreader/xreader_sv.po,555756d56172bf22f296e778a4968efd8eb7024f4f0cb2b2292debdac83a093e,{}
11f2a98731213ddb3e90d026,Scroll Down,Rulla ned,Xreader,xreader_sv.po,,Bilingual translation changed in reviewed commit: archive reviewed Swedish Linux Mint translations,project-context,a9aad4eac6be2e617b4ed868,review-commit,https://github.com/yeager/translations/blob/87909ded511e79f2f46379e8c3e7a2722dd1c8e3/Xreader/xreader_sv.po,555756d56172bf22f296e778a4968efd8eb7024f4f0cb2b2292debdac83a093e,{}
11fef2b30632c6037605ebea,_Previous Page,_Föregående sida,Xreader,xreader_sv.po,,Bilingual translation changed in reviewed commit: archive reviewed Swedish Linux Mint translations,project-context,c15d3a5afc43c0a2e8b902d4,review-commit,https://github.com/yeager/translations/blob/87909ded511e79f2f46379e8c3e7a2722dd1c8e3/Xreader/xreader_sv.po,555756d56172bf22f296e778a4968efd8eb7024f4f0cb2b2292debdac83a093e,{}
146817dd73a068cbcd1895d5,New Paragraph,Nytt stycke,Xreader,xreader_sv.po,,Bilingual translation changed in reviewed commit: archive reviewed Swedish Linux Mint translations,project-context,11b839bb56baf1bedb0c7a05,review-commit,https://github.com/yeager/translations/blob/87909ded511e79f2f46379e8c3e7a2722dd1c8e3/Xreader/xreader_sv.po,555756d56172bf22f296e778a4968efd8eb7024f4f0cb2b2292debdac83a093e,{}
15481a0303cc77107f94846d,_Password:,_Lösenord:,Xreader,xreader_sv.po,,Bilingual translation changed in reviewed commit: archive reviewed Swedish Linux Mint translations,project-context,36413bddae5d3804b2142fd6,review-commit,https://github.com/yeager/translations/blob/87909ded511e79f2f46379e8c3e7a2722dd1c8e3/Xreader/xreader_sv.po,555756d56172bf22f296e778a4968efd8eb7024f4f0cb2b2292debdac83a093e,{}
15f9540abfe01b6d23a7d159,Color:,Färg:,Xreader,xreader_sv.po,,Bilingual translation changed in reviewed commit: archive reviewed Swedish Linux Mint translations,project-context,5a2cad023c38bc6f2939e5e6,review-commit,https://github.com/yeager/translations/blob/87909ded511e79f2f46379e8c3e7a2722dd1c8e3/Xreader/xreader_sv.po,555756d56172bf22f296e778a4968efd8eb7024f4f0cb2b2292debdac83a093e,{}
16cb4daa0b3fe37b9a2dbadf,Text License,Textlicens,Xreader,xreader_sv.po,,Bilingual translation changed in reviewed commit: archive reviewed Swedish Linux Mint translations,project-context,e756f6a3dbf12e40c0685a18,review-commit,https://github.com/yeager/translations/blob/87909ded511e79f2f46379e8c3e7a2722dd1c8e3/Xreader/xreader_sv.po,555756d56172bf22f296e778a4968efd8eb7024f4f0cb2b2292debdac83a093e,{}
17c6e0a7884896f82fe00d8f,Right to Left,Höger till vänster,Xreader,xreader_sv.po,,Bilingual translation changed in reviewed commit: archive reviewed Swedish Linux Mint translations,project-context,52195a12004fbfd57f4dbb1e,review-commit,https://github.com/yeager/translations/blob/87909ded511e79f2f46379e8c3e7a2722dd1c8e3/Xreader/xreader_sv.po,555756d56172bf22f296e778a4968efd8eb7024f4f0cb2b2292debdac83a093e,{}
194e24f06bf4a8cfda0145c1,Invalid document,Ogiltigt dokument,Xreader,xreader_sv.po,,Bilingual translation changed in reviewed commit: archive reviewed Swedish Linux Mint translations,project-context,58982a6650d946ff4666fcd4,review-commit,https://github.com/yeager/translations/blob/87909ded511e79f2f46379e8c3e7a2722dd1c8e3/Xreader/xreader_sv.po,555756d56172bf22f296e778a4968efd8eb7024f4f0cb2b2292debdac83a093e,{}
1b0604a4f6bddf16834e9ce5,_Last Page,_Sista sidan,Xreader,xreader_sv.po,,Bilingual translation changed in reviewed commit: archive reviewed Swedish Linux Mint translations,project-context,da7161944fd0ab01c3500b13,review-commit,https://github.com/yeager/translations/blob/87909ded511e79f2f46379e8c3e7a2722dd1c8e3/Xreader/xreader_sv.po,555756d56172bf22f296e778a4968efd8eb7024f4f0cb2b2292debdac83a093e,{}
1b41617f3796972933a2f4f8,Add highlight annotation,Lägg till en markerad kommentar,Xreader,xreader_sv.po,,Bilingual translation changed in reviewed commit: archive reviewed Swedish Linux Mint translations,project-context,22aaaf70b945753e7684dfdc,review-commit,https://github.com/yeager/translations/blob/87909ded511e79f2f46379e8c3e7a2722dd1c8e3/Xreader/xreader_sv.po,555756d56172bf22f296e778a4968efd8eb7024f4f0cb2b2292debdac83a093e,{}
1e6f2d33feacb019441c52cf,_Expand Window to Fit,_Expandera fönstret så att det passar,Xreader,xreader_sv.po,,Bilingual translation changed in reviewed commit: archive reviewed Swedish Linux Mint translations,project-context,91823d827016ca05ef8f4ea4,review-commit,https://github.com/yeager/translations/blob/87909ded511e79f2f46379e8c3e7a2722dd1c8e3/Xreader/xreader_sv.po,555756d56172bf22f296e778a4968efd8eb7024f4f0cb2b2292debdac83a093e,{}
1f148dcbfa989f3905333cf3,STRING,STRÄNG,Xreader,xreader_sv.po,,Bilingual translation changed in reviewed commit: archive reviewed Swedish Linux Mint translations,project-context,0d65d58bae3646ac953cbd1b,review-commit,https://github.com/yeager/translations/blob/87909ded511e79f2f46379e8c3e7a2722dd1c8e3/Xreader/xreader_sv.po,555756d56172bf22f296e778a4968efd8eb7024f4f0cb2b2292debdac83a093e,{}
1f17afbd85ac2a2e92fbc695,[FILE…],[FIL…],Xreader,xreader_sv.po,,Bilingual translation changed in reviewed commit: archive reviewed Swedish Linux Mint translations,project-context,489e3a7211a896e258d3c377,review-commit,https://github.com/yeager/translations/blob/87909ded511e79f2f46379e8c3e7a2722dd1c8e3/Xreader/xreader_sv.po,555756d56172bf22f296e778a4968efd8eb7024f4f0cb2b2292debdac83a093e,{}
210598b6fa84254f2a79febc,Go to next page,Gå till nästa sida,Xreader,xreader_sv.po,,Bilingual translation changed in reviewed commit: archive reviewed Swedish Linux Mint translations,project-context,09ec2d06a557b213d665fe84,review-commit,https://github.com/yeager/translations/blob/87909ded511e79f2f46379e8c3e7a2722dd1c8e3/Xreader/xreader_sv.po,555756d56172bf22f296e778a4968efd8eb7024f4f0cb2b2292debdac83a093e,{}
228511dc9e37dc0119591442,_View,_Visa,Xreader,xreader_sv.po,,Bilingual translation changed in reviewed commit: archive reviewed Swedish Linux Mint translations,project-context,bd90f45295050b903e724d59,review-commit,https://github.com/yeager/translations/blob/87909ded511e79f2f46379e8c3e7a2722dd1c8e3/Xreader/xreader_sv.po,555756d56172bf22f296e778a4968efd8eb7024f4f0cb2b2292debdac83a093e,{}
294974707b2288975c13aa00,Paragraph,Stycke,Xreader,xreader_sv.po,,Bilingual translation changed in reviewed commit: archive reviewed Swedish Linux Mint translations,project-context,68266a2820a4fbd0d12c0d90,review-commit,https://github.com/yeager/translations/blob/87909ded511e79f2f46379e8c3e7a2722dd1c8e3/Xreader/xreader_sv.po,555756d56172bf22f296e778a4968efd8eb7024f4f0cb2b2292debdac83a093e,{}
2a20b78dfbfd953055e9f1d8,Squiggly,Vågig,Xreader,xreader_sv.po,,Bilingual translation changed in reviewed commit: archive reviewed Swedish Linux Mint translations,project-context,e4504828be8dd729ae57564e,review-commit,https://github.com/yeager/translations/blob/87909ded511e79f2f46379e8c3e7a2722dd1c8e3/Xreader/xreader_sv.po,555756d56172bf22f296e778a4968efd8eb7024f4f0cb2b2292debdac83a093e,{}
2ac2c7b597a4d077db8805c4,Auto Rotate and Center,Automatisk rotering och centrering,Xreader,xreader_sv.po,,Bilingual translation changed in reviewed commit: archive reviewed Swedish Linux Mint translations,project-context,2ad0a1f9ec35434322541a37,review-commit,https://github.com/yeager/translations/blob/87909ded511e79f2f46379e8c3e7a2722dd1c8e3/Xreader/xreader_sv.po,555756d56172bf22f296e778a4968efd8eb7024f4f0cb2b2292debdac83a093e,{}
2ba199e58fb1b9f35d06fb39,Leave fullscreen mode,Lämna helskärmsläget,Xreader,xreader_sv.po,,Bilingual translation changed in reviewed commit: archive reviewed Swedish Linux Mint translations,project-context,e76015b2d49fdcff54386800,review-commit,https://github.com/yeager/translations/blob/87909ded511e79f2f46379e8c3e7a2722dd1c8e3/Xreader/xreader_sv.po,555756d56172bf22f296e778a4968efd8eb7024f4f0cb2b2292debdac83a093e,{}
2bb46e56c3116065a6db0762,Insert,Infoga,Xreader,xreader_sv.po,,Bilingual translation changed in reviewed commit: archive reviewed Swedish Linux Mint translations,project-context,4b3f60418ccbe97b3617b2fd,review-commit,https://github.com/yeager/translations/blob/87909ded511e79f2f46379e8c3e7a2722dd1c8e3/Xreader/xreader_sv.po,555756d56172bf22f296e778a4968efd8eb7024f4f0cb2b2292debdac83a093e,{}
2dd3afd6da05ce0f14651f39,File is corrupted,Filen är skadad,Xreader,xreader_sv.po,,Bilingual translation changed in reviewed commit: archive reviewed Swedish Linux Mint translations,project-context,1f8eaf6c2ffa3b856154897d,review-commit,https://github.com/yeager/translations/blob/87909ded511e79f2f46379e8c3e7a2722dd1c8e3/Xreader/xreader_sv.po,555756d56172bf22f296e778a4968efd8eb7024f4f0cb2b2292debdac83a093e,{}
2e0e69acc964e1271c2f1250,Go to the previous page,Gå till föregående sida,Xreader,xreader_sv.po,,Bilingual translation changed in reviewed commit: archive reviewed Swedish Linux Mint translations,project-context,ffd6ea7173eae78ecd85930f,review-commit,https://github.com/yeager/translations/blob/87909ded511e79f2f46379e8c3e7a2722dd1c8e3/Xreader/xreader_sv.po,555756d56172bf22f296e778a4968efd8eb7024f4f0cb2b2292debdac83a093e,{}
2f4b5948962496b45210c318,Archive is encrypted,Arkivet är krypterat,Xreader,xreader_sv.po,,Bilingual translation changed in reviewed commit: archive reviewed Swedish Linux Mint translations,project-context,66c5f0d99cc100390be2f88b,review-commit,https://github.com/yeager/translations/blob/87909ded511e79f2f46379e8c3e7a2722dd1c8e3/Xreader/xreader_sv.po,555756d56172bf22f296e778a4968efd8eb7024f4f0cb2b2292debdac83a093e,{}
30a9c507e34c736f550020a0,Print Preview,Förhandsvisning av utskrift,Xreader,xreader_sv.po,,Bilingual translation changed in reviewed commit: archive reviewed Swedish Linux Mint translations,project-context,1c40e34d60174a9209de712b,review-commit,https://github.com/yeager/translations/blob/87909ded511e79f2f46379e8c3e7a2722dd1c8e3/Xreader/xreader_sv.po,555756d56172bf22f296e778a4968efd8eb7024f4f0cb2b2292debdac83a093e,{}
30bfd139f5cd9801367cfdb5,Annotation Properties,Kommentarsegenskaper,Xreader,xreader_sv.po,,Bilingual translation changed in reviewed commit: archive reviewed Swedish Linux Mint translations,project-context,509a291cd416b07acc8943f7,review-commit,https://github.com/yeager/translations/blob/87909ded511e79f2f46379e8c3e7a2722dd1c8e3/Xreader/xreader_sv.po,555756d56172bf22f296e778a4968efd8eb7024f4f0cb2b2292debdac83a093e,{}
3339010aaf52386c57577a75,Fit Width,Anpassa till bredd,Xreader,xreader_sv.po,,Bilingual translation changed in reviewed commit: archive reviewed Swedish Linux Mint translations,project-context,2c1e57f8c6fbb6f17f26bee4,review-commit,https://github.com/yeager/translations/blob/87909ded511e79f2f46379e8c3e7a2722dd1c8e3/Xreader/xreader_sv.po,555756d56172bf22f296e778a4968efd8eb7024f4f0cb2b2292debdac83a093e,{}
3381d4c769932ade216e71c0,Annotation Properties…,Egenskaper för kommentar…,Xreader,xreader_sv.po,,Bilingual translation changed in reviewed commit: archive reviewed Swedish Linux Mint translations,project-context,2531eb77ecf0298cd903121d,review-commit,https://github.com/yeager/translations/blob/87909ded511e79f2f46379e8c3e7a2722dd1c8e3/Xreader/xreader_sv.po,555756d56172bf22f296e778a4968efd8eb7024f4f0cb2b2292debdac83a093e,{}
364903b58a30ffe1961fc165,A Document Viewer,En dokumentvisare,Xreader,xreader_sv.po,,Bilingual translation changed in reviewed commit: archive reviewed Swedish Linux Mint translations,project-context,74f18e1015b990254bd0f342,review-commit,https://github.com/yeager/translations/blob/87909ded511e79f2f46379e8c3e7a2722dd1c8e3/Xreader/xreader_sv.po,555756d56172bf22f296e778a4968efd8eb7024f4f0cb2b2292debdac83a093e,{}
36c2e47d5dfb19959648d22b,Fonts,Typsnitt,Xreader,xreader_sv.po,,Bilingual translation changed in reviewed commit: archive reviewed Swedish Linux Mint translations,project-context,b2b73d9ff23164071d4a6b61,review-commit,https://github.com/yeager/translations/blob/87909ded511e79f2f46379e8c3e7a2722dd1c8e3/Xreader/xreader_sv.po,555756d56172bf22f296e778a4968efd8eb7024f4f0cb2b2292debdac83a093e,{}
3787ee21beb44eff97fc5a28,Unknown,Okänd,Xreader,xreader_sv.po,,Bilingual translation changed in reviewed commit: archive reviewed Swedish Linux Mint translations,project-context,e21dfd040880fd8b4d3f9a26,review-commit,https://github.com/yeager/translations/blob/87909ded511e79f2f46379e8c3e7a2722dd1c8e3/Xreader/xreader_sv.po,555756d56172bf22f296e778a4968efd8eb7024f4f0cb2b2292debdac83a093e,{}
3858bade51e83a2740824f2e,Go to the last page,Gå till sista sidan,Xreader,xreader_sv.po,,Bilingual translation changed in reviewed commit: archive reviewed Swedish Linux Mint translations,project-context,df429782aed38279edcaa442,review-commit,https://github.com/yeager/translations/blob/87909ded511e79f2f46379e8c3e7a2722dd1c8e3/Xreader/xreader_sv.po,555756d56172bf22f296e778a4968efd8eb7024f4f0cb2b2292debdac83a093e,{}
3858d9c7114e4d0cafc92fb0,Close,Stäng,Xreader,xreader_sv.po,,Bilingual translation changed in reviewed commit: archive reviewed Swedish Linux Mint translations,project-context,549e305427039a43381c07eb,review-commit,https://github.com/yeager/translations/blob/87909ded511e79f2f46379e8c3e7a2722dd1c8e3/Xreader/xreader_sv.po,555756d56172bf22f296e778a4968efd8eb7024f4f0cb2b2292debdac83a093e,{}
392bdf26d9063e42d81cdb8a,Find:,Sök:,Xreader,xreader_sv.po,,Bilingual translation changed in reviewed commit: archive reviewed Swedish Linux Mint translations,project-context,c4a1368cdac44c6de4c9d171,review-commit,https://github.com/yeager/translations/blob/87909ded511e79f2f46379e8c3e7a2722dd1c8e3/Xreader/xreader_sv.po,555756d56172bf22f296e778a4968efd8eb7024f4f0cb2b2292debdac83a093e,{}
3b674171da25f731795ae7f9,Remember password until you _log out,Kom ihåg lösenordet tills du _loggar ut,Xreader,xreader_sv.po,,Bilingual translation changed in reviewed commit: archive reviewed Swedish Linux Mint translations,project-context,854ac54432bb4b44d06cb24c,review-commit,https://github.com/yeager/translations/blob/87909ded511e79f2f46379e8c3e7a2722dd1c8e3/Xreader/xreader_sv.po,555756d56172bf22f296e778a4968efd8eb7024f4f0cb2b2292debdac83a093e,{}
3b98d1f05c2a7ccdb0f6a8b3,Show the entire document,Visa hela dokumentet,Xreader,xreader_sv.po,,Bilingual translation changed in reviewed commit: archive reviewed Swedish Linux Mint translations,project-context,22fb6342912e2fbd1086465e,review-commit,https://github.com/yeager/translations/blob/87909ded511e79f2f46379e8c3e7a2722dd1c8e3/Xreader/xreader_sv.po,555756d56172bf22f296e778a4968efd8eb7024f4f0cb2b2292debdac83a093e,{}
3c3bd5283a615ad6f4334381,Rotate _Left,Rotera _vänster,Xreader,xreader_sv.po,,Bilingual translation changed in reviewed commit: archive reviewed Swedish Linux Mint translations,project-context,a93b5e6e379eaa7e1b9faf27,review-commit,https://github.com/yeager/translations/blob/87909ded511e79f2f46379e8c3e7a2722dd1c8e3/Xreader/xreader_sv.po,555756d56172bf22f296e778a4968efd8eb7024f4f0cb2b2292debdac83a093e,{}
3d5a7f8dddbbdb6516763bd7,Jump to page:,Gå till sidan:,Xreader,xreader_sv.po,,Bilingual translation changed in reviewed commit: archive reviewed Swedish Linux Mint translations,project-context,77df062c05761cdbc0ff87e0,review-commit,https://github.com/yeager/translations/blob/87909ded511e79f2f46379e8c3e7a2722dd1c8e3/Xreader/xreader_sv.po,555756d56172bf22f296e778a4968efd8eb7024f4f0cb2b2292debdac83a093e,{}
43fd914cc30b5c16be8e6cd0,Unable to launch external application.,Kunde inte starta externt program.,Xreader,xreader_sv.po,,Bilingual translation changed in reviewed commit: archive reviewed Swedish Linux Mint translations,project-context,a052e6c37f19c5164416c7ea,review-commit,https://github.com/yeager/translations/blob/87909ded511e79f2f46379e8c3e7a2722dd1c8e3/Xreader/xreader_sv.po,555756d56172bf22f296e778a4968efd8eb7024f4f0cb2b2292debdac83a093e,{}
459bd3b15e0877b9aae3d05e,Save a _Copy,Spara en _kopia,Xreader,xreader_sv.po,,Bilingual translation changed in reviewed commit: archive reviewed Swedish Linux Mint translations,project-context,cddf5a698d936f9dd92ad487,review-commit,https://github.com/yeager/translations/blob/87909ded511e79f2f46379e8c3e7a2722dd1c8e3/Xreader/xreader_sv.po,555756d56172bf22f296e778a4968efd8eb7024f4f0cb2b2292debdac83a093e,{}
45fd88fcb3cc6a40d5873212,Save a Copy,Spara en kopia,Xreader,xreader_sv.po,,Bilingual translation changed in reviewed commit: archive reviewed Swedish Linux Mint translations,project-context,2d29ed40018a7e72521f37f8,review-commit,https://github.com/yeager/translations/blob/87909ded511e79f2f46379e8c3e7a2722dd1c8e3/Xreader/xreader_sv.po,555756d56172bf22f296e778a4968efd8eb7024f4f0cb2b2292debdac83a093e,{}
483266552dca3ce62d042331,Circle,Cirkel,Xreader,xreader_sv.po,,Bilingual translation changed in reviewed commit: archive reviewed Swedish Linux Mint translations,project-context,632a4f858de94dd925f4f11f,review-commit,https://github.com/yeager/translations/blob/87909ded511e79f2f46379e8c3e7a2722dd1c8e3/Xreader/xreader_sv.po,555756d56172bf22f296e778a4968efd8eb7024f4f0cb2b2292debdac83a093e,{}
48e68209a7a9e603f72b0585,End of presentation. Click to exit.,Slut på presentationen. Klicka för att avsluta.,Xreader,xreader_sv.po,,Bilingual translation changed in reviewed commit: archive reviewed Swedish Linux Mint translations,project-context,be039de4c00daa5362d0c302,review-commit,https://github.com/yeager/translations/blob/87909ded511e79f2f46379e8c3e7a2722dd1c8e3/Xreader/xreader_sv.po,555756d56172bf22f296e778a4968efd8eb7024f4f0cb2b2292debdac83a093e,{}
4a25973ede9564e6747174c8,No files in archive,Inga filer i arkivet,Xreader,xreader_sv.po,,Bilingual translation changed in reviewed commit: archive reviewed Swedish Linux Mint translations,project-context,1532d48f90a8bd131d6657f5,review-commit,https://github.com/yeager/translations/blob/87909ded511e79f2f46379e8c3e7a2722dd1c8e3/Xreader/xreader_sv.po,555756d56172bf22f296e778a4968efd8eb7024f4f0cb2b2292debdac83a093e,{}
4afd0072bbc18d39561dddf8,Failed to reload document.,Misslyckades med att läsa om dokumentet.,Xreader,xreader_sv.po,,Bilingual translation changed in reviewed commit: archive reviewed Swedish Linux Mint translations,project-context,7e936cf4f4914b0789b64982,review-commit,https://github.com/yeager/translations/blob/87909ded511e79f2f46379e8c3e7a2722dd1c8e3/Xreader/xreader_sv.po,555756d56172bf22f296e778a4968efd8eb7024f4f0cb2b2292debdac83a093e,{}
4b4a38fb346edc3cc7614b95,Delete the temporary file,Ta bort den temporära filen,Xreader,xreader_sv.po,,Bilingual translation changed in reviewed commit: archive reviewed Swedish Linux Mint translations,project-context,277c4a6a06fc33953293bf7b,review-commit,https://github.com/yeager/translations/blob/87909ded511e79f2f46379e8c3e7a2722dd1c8e3/Xreader/xreader_sv.po,555756d56172bf22f296e778a4968efd8eb7024f4f0cb2b2292debdac83a093e,{}
4b774c95339c11caebdd708d,Initial window state:,Initialt fönstertillstånd:,Xreader,xreader_sv.po,,Bilingual translation changed in reviewed commit: archive reviewed Swedish Linux Mint translations,project-context,86d7dec0ab49037bf967cf97,review-commit,https://github.com/yeager/translations/blob/87909ded511e79f2f46379e8c3e7a2722dd1c8e3/Xreader/xreader_sv.po,555756d56172bf22f296e778a4968efd8eb7024f4f0cb2b2292debdac83a093e,{}
4c41d901297d82c7c10af35d,_Inverted Colors,_Inverterade färger,Xreader,xreader_sv.po,,Bilingual translation changed in reviewed commit: archive reviewed Swedish Linux Mint translations,project-context,c3949f34d2c7069b8a72ef71,review-commit,https://github.com/yeager/translations/blob/87909ded511e79f2f46379e8c3e7a2722dd1c8e3/Xreader/xreader_sv.po,555756d56172bf22f296e778a4968efd8eb7024f4f0cb2b2292debdac83a093e,{}
4c6bb6bd40cc1386260eeae9,Opaque,Opak,Xreader,xreader_sv.po,,Bilingual translation changed in reviewed commit: archive reviewed Swedish Linux Mint translations,project-context,66e0d1ea90c8536f41458a1f,review-commit,https://github.com/yeager/translations/blob/87909ded511e79f2f46379e8c3e7a2722dd1c8e3/Xreader/xreader_sv.po,555756d56172bf22f296e778a4968efd8eb7024f4f0cb2b2292debdac83a093e,{}
4d704df0c03be3aa3a495e08,Highlight,Markering,Xreader,xreader_sv.po,,Bilingual translation changed in reviewed commit: archive reviewed Swedish Linux Mint translations,project-context,94d514bbf31ddf25db499504,review-commit,https://github.com/yeager/translations/blob/87909ded511e79f2f46379e8c3e7a2722dd1c8e3/Xreader/xreader_sv.po,555756d56172bf22f296e778a4968efd8eb7024f4f0cb2b2292debdac83a093e,{}
4e28f4c2004aa34c6a3af57d,Open Document,Öppna dokument,Xreader,xreader_sv.po,,Bilingual translation changed in reviewed commit: archive reviewed Swedish Linux Mint translations,project-context,a1e6fac39b61eecbd6833700,review-commit,https://github.com/yeager/translations/blob/87909ded511e79f2f46379e8c3e7a2722dd1c8e3/Xreader/xreader_sv.po,555756d56172bf22f296e778a4968efd8eb7024f4f0cb2b2292debdac83a093e,{}
51fe37d8d13b54f61e0b3bf8,Select _All,Markera _allt,Xreader,xreader_sv.po,,Bilingual translation changed in reviewed commit: archive reviewed Swedish Linux Mint translations,project-context,863d2e2449891fb60c0e2750,review-commit,https://github.com/yeager/translations/blob/87909ded511e79f2f46379e8c3e7a2722dd1c8e3/Xreader/xreader_sv.po,555756d56172bf22f296e778a4968efd8eb7024f4f0cb2b2292debdac83a093e,{}
5235935c3fa0ca0dd102bc78,_Toolbar,_Verktygsrad,Xreader,xreader_sv.po,,Bilingual translation changed in reviewed commit: archive reviewed Swedish Linux Mint translations,project-context,905495df0d539b5901c33e8c,review-commit,https://github.com/yeager/translations/blob/87909ded511e79f2f46379e8c3e7a2722dd1c8e3/Xreader/xreader_sv.po,555756d56172bf22f296e778a4968efd8eb7024f4f0cb2b2292debdac83a093e,{}
5236f2317d637aabccc1a40c,FILE,FIL,Xreader,xreader_sv.po,,Bilingual translation changed in reviewed commit: archive reviewed Swedish Linux Mint translations,project-context,ae1e38aad6e9e278a541d9d8,review-commit,https://github.com/yeager/translations/blob/87909ded511e79f2f46379e8c3e7a2722dd1c8e3/Xreader/xreader_sv.po,555756d56172bf22f296e778a4968efd8eb7024f4f0cb2b2292debdac83a093e,{}
52375b5539cdc394a8db3bac,_Best Fit,_Bästa anpassning,Xreader,xreader_sv.po,,Bilingual translation changed in reviewed commit: archive reviewed Swedish Linux Mint translations,project-context,f34da2e798a9683242dd1713,review-commit,https://github.com/yeager/translations/blob/87909ded511e79f2f46379e8c3e7a2722dd1c8e3/Xreader/xreader_sv.po,555756d56172bf22f296e778a4968efd8eb7024f4f0cb2b2292debdac83a093e,{}
529b0f469cfa9a0a3725fc90,Rotate _Right,Rotera _höger,Xreader,xreader_sv.po,,Bilingual translation changed in reviewed commit: archive reviewed Swedish Linux Mint translations,project-context,a007424da70ceef20535fd77,review-commit,https://github.com/yeager/translations/blob/87909ded511e79f2f46379e8c3e7a2722dd1c8e3/Xreader/xreader_sv.po,555756d56172bf22f296e778a4968efd8eb7024f4f0cb2b2292debdac83a093e,{}
52edafeb4f7b7ca85849f884,Cross,Kors,Xreader,xreader_sv.po,,Bilingual translation changed in reviewed commit: archive reviewed Swedish Linux Mint translations,project-context,52f465cfc22bced9121d0efb,review-commit,https://github.com/yeager/translations/blob/87909ded511e79f2f46379e8c3e7a2722dd1c8e3/Xreader/xreader_sv.po,555756d56172bf22f296e778a4968efd8eb7024f4f0cb2b2292debdac83a093e,{}
53abd88542a1415e06a9203e,Shrink the thumbnails,Förminska miniatyrbilderna,Xreader,xreader_sv.po,,Bilingual translation changed in reviewed commit: archive reviewed Swedish Linux Mint translations,project-context,383e6704c5854c32ef4140ef,review-commit,https://github.com/yeager/translations/blob/87909ded511e79f2f46379e8c3e7a2722dd1c8e3/Xreader/xreader_sv.po,555756d56172bf22f296e778a4968efd8eb7024f4f0cb2b2292debdac83a093e,{}
564734741282603f1e5e76c4,Unable to open document,Kan inte öppna dokument,Xreader,xreader_sv.po,,Bilingual translation changed in reviewed commit: archive reviewed Swedish Linux Mint translations,project-context,6564ddf1441801c6b1b990ee,review-commit,https://github.com/yeager/translations/blob/87909ded511e79f2f46379e8c3e7a2722dd1c8e3/Xreader/xreader_sv.po,555756d56172bf22f296e778a4968efd8eb7024f4f0cb2b2292debdac83a093e,{}
57b4edaac6ef4bac3ed9eb5d,_Dual (Even pages left),_Dubbel (Jämna sidnummer till vänster),Xreader,xreader_sv.po,,Bilingual translation changed in reviewed commit: archive reviewed Swedish Linux Mint translations,project-context,fd83c2185514d1fa58726e89,review-commit,https://github.com/yeager/translations/blob/87909ded511e79f2f46379e8c3e7a2722dd1c8e3/Xreader/xreader_sv.po,555756d56172bf22f296e778a4968efd8eb7024f4f0cb2b2292debdac83a093e,{}
580678da733dbb044821dc03,The attachment could not be saved.,Bilagan kunde inte sparas.,Xreader,xreader_sv.po,,Bilingual translation changed in reviewed commit: archive reviewed Swedish Linux Mint translations,project-context,f7c9711f237c09ccd9c75cc9,review-commit,https://github.com/yeager/translations/blob/87909ded511e79f2f46379e8c3e7a2722dd1c8e3/Xreader/xreader_sv.po,555756d56172bf22f296e778a4968efd8eb7024f4f0cb2b2292debdac83a093e,{}
583ab993c7e64468c1765124,_Edit,_Redigera,Xreader,xreader_sv.po,,Bilingual translation changed in reviewed commit: archive reviewed Swedish Linux Mint translations,project-context,e183907376dff30ef1ca63b5,review-commit,https://github.com/yeager/translations/blob/87909ded511e79f2f46379e8c3e7a2722dd1c8e3/Xreader/xreader_sv.po,555756d56172bf22f296e778a4968efd8eb7024f4f0cb2b2292debdac83a093e,{}
584bb25e845019b26d87b5a4,Failed to load remote file.,Misslyckades med att läsa fjärrfil.,Xreader,xreader_sv.po,,Bilingual translation changed in reviewed commit: archive reviewed Swedish Linux Mint translations,project-context,70f4353e17fa56447a689341,review-commit,https://github.com/yeager/translations/blob/87909ded511e79f2f46379e8c3e7a2722dd1c8e3/Xreader/xreader_sv.po,555756d56172bf22f296e778a4968efd8eb7024f4f0cb2b2292debdac83a093e,{}
5878c1304d311ba4860a7bc2,Open,Öppna,Xreader,xreader_sv.po,,Bilingual translation changed in reviewed commit: archive reviewed Swedish Linux Mint translations,project-context,f921382397ec6d9aaff99d50,review-commit,https://github.com/yeager/translations/blob/87909ded511e79f2f46379e8c3e7a2722dd1c8e3/Xreader/xreader_sv.po,555756d56172bf22f296e778a4968efd8eb7024f4f0cb2b2292debdac83a093e,{}
58bbb86137e0a9c868668077,_Find…,Sö_k…,Xreader,xreader_sv.po,,Bilingual translation changed in reviewed commit: archive reviewed Swedish Linux Mint translations,project-context,26e704feda6ad85b105281c5,review-commit,https://github.com/yeager/translations/blob/87909ded511e79f2f46379e8c3e7a2722dd1c8e3/Xreader/xreader_sv.po,555756d56172bf22f296e778a4968efd8eb7024f4f0cb2b2292debdac83a093e,{}
5951f3d0a5ba0092d3273354,Enlarge the document,Förstora dokumentet,Xreader,xreader_sv.po,,Bilingual translation changed in reviewed commit: archive reviewed Swedish Linux Mint translations,project-context,3c4bb7a8b9072355401bb0fb,review-commit,https://github.com/yeager/translations/blob/87909ded511e79f2f46379e8c3e7a2722dd1c8e3/Xreader/xreader_sv.po,555756d56172bf22f296e778a4968efd8eb7024f4f0cb2b2292debdac83a093e,{}
5a475c08e98f576deabe44b0,Maximize window for new documents,Maximera fönster för nya dokument,Xreader,xreader_sv.po,,Bilingual translation changed in reviewed commit: archive reviewed Swedish Linux Mint translations,project-context,7f3444252b9b3bdee941470a,review-commit,https://github.com/yeager/translations/blob/87909ded511e79f2f46379e8c3e7a2722dd1c8e3/Xreader/xreader_sv.po,555756d56172bf22f296e778a4968efd8eb7024f4f0cb2b2292debdac83a093e,{}
5b829898b77213bcd8a3048c,Run xreader in fullscreen mode,Kör xreader i helskärmsläge,Xreader,xreader_sv.po,,Bilingual translation changed in reviewed commit: archive reviewed Swedish Linux Mint translations,project-context,78757955ff7610664bd2c14e,review-commit,https://github.com/yeager/translations/blob/87909ded511e79f2f46379e8c3e7a2722dd1c8e3/Xreader/xreader_sv.po,555756d56172bf22f296e778a4968efd8eb7024f4f0cb2b2292debdac83a093e,{}
5c53ab34e993324e17cd9bb5,_About,_Om,Xreader,xreader_sv.po,,Bilingual translation changed in reviewed commit: archive reviewed Swedish Linux Mint translations,project-context,2ba652ab48425357095329a8,review-commit,https://github.com/yeager/translations/blob/87909ded511e79f2f46379e8c3e7a2722dd1c8e3/Xreader/xreader_sv.po,555756d56172bf22f296e778a4968efd8eb7024f4f0cb2b2292debdac83a093e,{}
5f48ac93685106bb47600f0f,Show or hide the toolbar,Visa eller dölj verktygsraden,Xreader,xreader_sv.po,,Bilingual translation changed in reviewed commit: archive reviewed Swedish Linux Mint translations,project-context,da6b7359cfeeacd2b46091f8,review-commit,https://github.com/yeager/translations/blob/87909ded511e79f2f46379e8c3e7a2722dd1c8e3/Xreader/xreader_sv.po,555756d56172bf22f296e778a4968efd8eb7024f4f0cb2b2292debdac83a093e,{}
5f9a6eec2103c8afcea5f5de,Page,Sida,Xreader,xreader_sv.po,,Bilingual translation changed in reviewed commit: archive reviewed Swedish Linux Mint translations,project-context,2ca48df295e29d1fac8103d9,review-commit,https://github.com/yeager/translations/blob/87909ded511e79f2f46379e8c3e7a2722dd1c8e3/Xreader/xreader_sv.po,555756d56172bf22f296e778a4968efd8eb7024f4f0cb2b2292debdac83a093e,{}
60d2936e18675008574d55b3,_Menubar,_Menyrad,Xreader,xreader_sv.po,,Bilingual translation changed in reviewed commit: archive reviewed Swedish Linux Mint translations,project-context,87a2cefc71b3de813a0e968c,review-commit,https://github.com/yeager/translations/blob/87909ded511e79f2f46379e8c3e7a2722dd1c8e3/Xreader/xreader_sv.po,555756d56172bf22f296e778a4968efd8eb7024f4f0cb2b2292debdac83a093e,{}
614236145570b7aa5037e110,All Documents,Alla dokument,Xreader,xreader_sv.po,,Bilingual translation changed in reviewed commit: archive reviewed Swedish Linux Mint translations,project-context,36e4d48aaa4b253d29702b4d,review-commit,https://github.com/yeager/translations/blob/87909ded511e79f2f46379e8c3e7a2722dd1c8e3/Xreader/xreader_sv.po,555756d56172bf22f296e778a4968efd8eb7024f4f0cb2b2292debdac83a093e,{}
6312f3918562d137c0a27f8d,Document View,Dokumentvy,Xreader,xreader_sv.po,,Bilingual translation changed in reviewed commit: archive reviewed Swedish Linux Mint translations,project-context,4c9d92dc2031aece5336e051,review-commit,https://github.com/yeager/translations/blob/87909ded511e79f2f46379e8c3e7a2722dd1c8e3/Xreader/xreader_sv.po,555756d56172bf22f296e778a4968efd8eb7024f4f0cb2b2292debdac83a093e,{}
63a9d9a937c5a75d86b9a4e3,Go to last page,Gå till sista sidan,Xreader,xreader_sv.po,,Bilingual translation changed in reviewed commit: archive reviewed Swedish Linux Mint translations,project-context,2e98b4b0b243ada50e7ff602,review-commit,https://github.com/yeager/translations/blob/87909ded511e79f2f46379e8c3e7a2722dd1c8e3/Xreader/xreader_sv.po,555756d56172bf22f296e778a4968efd8eb7024f4f0cb2b2292debdac83a093e,{}
63d5e6407deee36ef7d0a86d,PDF Documents,PDF-dokument,Xreader,xreader_sv.po,,Bilingual translation changed in reviewed commit: archive reviewed Swedish Linux Mint translations,project-context,53bc052b17ace228fff7b8c8,review-commit,https://github.com/yeager/translations/blob/87909ded511e79f2f46379e8c3e7a2722dd1c8e3/Xreader/xreader_sv.po,555756d56172bf22f296e778a4968efd8eb7024f4f0cb2b2292debdac83a093e,{}
63e317d073c717d4664fab6b,Go to the first page,Gå till första sidan,Xreader,xreader_sv.po,,Bilingual translation changed in reviewed commit: archive reviewed Swedish Linux Mint translations,project-context,4eb13842ccad03d6e64d9cbc,review-commit,https://github.com/yeager/translations/blob/87909ded511e79f2f46379e8c3e7a2722dd1c8e3/Xreader/xreader_sv.po,555756d56172bf22f296e778a4968efd8eb7024f4f0cb2b2292debdac83a093e,{}
63e5b1b7f854864d841bb5de,Save Current Settings as _Default,Spara aktuella inställningar som s_tandard,Xreader,xreader_sv.po,,Bilingual translation changed in reviewed commit: archive reviewed Swedish Linux Mint translations,project-context,503819596777445ce2a08c7a,review-commit,https://github.com/yeager/translations/blob/87909ded511e79f2f46379e8c3e7a2722dd1c8e3/Xreader/xreader_sv.po,555756d56172bf22f296e778a4968efd8eb7024f4f0cb2b2292debdac83a093e,{}
65951629086a21d0af3d0879,Show expand window button,Visa knappen Expandera fönster,Xreader,xreader_sv.po,,Bilingual translation changed in reviewed commit: archive reviewed Swedish Linux Mint translations,project-context,d9957d9fc9892608bfb19d80,review-commit,https://github.com/yeager/translations/blob/87909ded511e79f2f46379e8c3e7a2722dd1c8e3/Xreader/xreader_sv.po,555756d56172bf22f296e778a4968efd8eb7024f4f0cb2b2292debdac83a093e,{}
664f01c15df6b45884407fc8,Bookmarks,Bokmärken,Xreader,xreader_sv.po,,Bilingual translation changed in reviewed commit: archive reviewed Swedish Linux Mint translations,project-context,e0d3cffd7895638d8574fd81,review-commit,https://github.com/yeager/translations/blob/87909ded511e79f2f46379e8c3e7a2722dd1c8e3/Xreader/xreader_sv.po,555756d56172bf22f296e778a4968efd8eb7024f4f0cb2b2292debdac83a093e,{}
684f10162bc0efe4f7140cd6,Go to the next page,Gå till nästa sida,Xreader,xreader_sv.po,,Bilingual translation changed in reviewed commit: archive reviewed Swedish Linux Mint translations,project-context,9a167d98b33e6b239416db6a,review-commit,https://github.com/yeager/translations/blob/87909ded511e79f2f46379e8c3e7a2722dd1c8e3/Xreader/xreader_sv.po,555756d56172bf22f296e778a4968efd8eb7024f4f0cb2b2292debdac83a093e,{}
692a17e822bc5c5e923b673a,Remember _forever,Kom ihåg för _alltid,Xreader,xreader_sv.po,,Bilingual translation changed in reviewed commit: archive reviewed Swedish Linux Mint translations,project-context,bba5a2d00cdcbe63a7005116,review-commit,https://github.com/yeager/translations/blob/87909ded511e79f2f46379e8c3e7a2722dd1c8e3/Xreader/xreader_sv.po,555756d56172bf22f296e778a4968efd8eb7024f4f0cb2b2292debdac83a093e,{}
699d2d814694e8bd2c7dbfef,Dual (_Odd pages left),Dubbel (_Udda sidnummer till vänster),Xreader,xreader_sv.po,,Bilingual translation changed in reviewed commit: archive reviewed Swedish Linux Mint translations,project-context,79860627c24e2b150c6ea5bf,review-commit,https://github.com/yeager/translations/blob/87909ded511e79f2f46379e8c3e7a2722dd1c8e3/Xreader/xreader_sv.po,555756d56172bf22f296e778a4968efd8eb7024f4f0cb2b2292debdac83a093e,{}
69bd352e1b7c7bac06f59315,Unknown font type,Okänd typsnittstyp,Xreader,xreader_sv.po,,Bilingual translation changed in reviewed commit: archive reviewed Swedish Linux Mint translations,project-context,c6018a502a188fd6f806257f,review-commit,https://github.com/yeager/translations/blob/87909ded511e79f2f46379e8c3e7a2722dd1c8e3/Xreader/xreader_sv.po,555756d56172bf22f296e778a4968efd8eb7024f4f0cb2b2292debdac83a093e,{}
6afcc800efe2e6c91fa5fa75,_Help,_Hjälp,Xreader,xreader_sv.po,,Bilingual translation changed in reviewed commit: archive reviewed Swedish Linux Mint translations,project-context,785db8d3b180f480236fb8ae,review-commit,https://github.com/yeager/translations/blob/87909ded511e79f2f46379e8c3e7a2722dd1c8e3/Xreader/xreader_sv.po,555756d56172bf22f296e778a4968efd8eb7024f4f0cb2b2292debdac83a093e,{}
6d6425f51711ccf2642334b0,Previous History Item,Föregående historikobjekt,Xreader,xreader_sv.po,,Bilingual translation changed in reviewed commit: archive reviewed Swedish Linux Mint translations,project-context,ddaedfa492d431672166f9c0,review-commit,https://github.com/yeager/translations/blob/87909ded511e79f2f46379e8c3e7a2722dd1c8e3/Xreader/xreader_sv.po,555756d56172bf22f296e778a4968efd8eb7024f4f0cb2b2292debdac83a093e,{}
6da33dae19e403e12f9337da,Embedded subset,Inbyggd delmängd,Xreader,xreader_sv.po,,Bilingual translation changed in reviewed commit: archive reviewed Swedish Linux Mint translations,project-context,ddf287a4b26501d6ae0d85be,review-commit,https://github.com/yeager/translations/blob/87909ded511e79f2f46379e8c3e7a2722dd1c8e3/Xreader/xreader_sv.po,555756d56172bf22f296e778a4968efd8eb7024f4f0cb2b2292debdac83a093e,{}
6e2ab3f05244e1b294bafae6,Start a presentation,Starta en presentation,Xreader,xreader_sv.po,,Bilingual translation changed in reviewed commit: archive reviewed Swedish Linux Mint translations,project-context,9da692f8561a23e0806c8358,review-commit,https://github.com/yeager/translations/blob/87909ded511e79f2f46379e8c3e7a2722dd1c8e3/Xreader/xreader_sv.po,555756d56172bf22f296e778a4968efd8eb7024f4f0cb2b2292debdac83a093e,{}
6ed90277b8ee216f9fe6adb3,Unable to open external link,Kunde inte öppna extern länk,Xreader,xreader_sv.po,,Bilingual translation changed in reviewed commit: archive reviewed Swedish Linux Mint translations,project-context,63268fb4a3695f51b34b08f5,review-commit,https://github.com/yeager/translations/blob/87909ded511e79f2f46379e8c3e7a2722dd1c8e3/Xreader/xreader_sv.po,555756d56172bf22f296e778a4968efd8eb7024f4f0cb2b2292debdac83a093e,{}
6efba1e3d5a4aa04fbcdb726,Author:,Författare:,Xreader,xreader_sv.po,,Bilingual translation changed in reviewed commit: archive reviewed Swedish Linux Mint translations,project-context,4308f2aa1f0f63bfaf755f10,review-commit,https://github.com/yeager/translations/blob/87909ded511e79f2f46379e8c3e7a2722dd1c8e3/Xreader/xreader_sv.po,555756d56172bf22f296e778a4968efd8eb7024f4f0cb2b2292debdac83a093e,{}
714065bb57c9a617e403c00c,_Save a Copy…,S_para en kopia…,Xreader,xreader_sv.po,,Bilingual translation changed in reviewed commit: archive reviewed Swedish Linux Mint translations,project-context,2cb2dbfef7a2c20f5931a2bc,review-commit,https://github.com/yeager/translations/blob/87909ded511e79f2f46379e8c3e7a2722dd1c8e3/Xreader/xreader_sv.po,555756d56172bf22f296e778a4968efd8eb7024f4f0cb2b2292debdac83a093e,{}
72112c76417290f3aced992f,Preparing to print…,Förbereder utskrift…,Xreader,xreader_sv.po,,Bilingual translation changed in reviewed commit: archive reviewed Swedish Linux Mint translations,project-context,84137bc338de6d31a59020cb,review-commit,https://github.com/yeager/translations/blob/87909ded511e79f2f46379e8c3e7a2722dd1c8e3/Xreader/xreader_sv.po,555756d56172bf22f296e778a4968efd8eb7024f4f0cb2b2292debdac83a093e,{}
743eb4a5612bbe1e8f9868ae,Shrink to Printable Area,Förminska till utskrivningsbart område,Xreader,xreader_sv.po,,Bilingual translation changed in reviewed commit: archive reviewed Swedish Linux Mint translations,project-context,67d55a612a2420c10aa675f4,review-commit,https://github.com/yeager/translations/blob/87909ded511e79f2f46379e8c3e7a2722dd1c8e3/Xreader/xreader_sv.po,555756d56172bf22f296e778a4968efd8eb7024f4f0cb2b2292debdac83a093e,{}
74c3b68d06e6cb75b926d299,Warning,Varning,Xreader,xreader_sv.po,,Bilingual translation changed in reviewed commit: archive reviewed Swedish Linux Mint translations,project-context,a1a52ade4e53cec181785378,review-commit,https://github.com/yeager/translations/blob/87909ded511e79f2f46379e8c3e7a2722dd1c8e3/Xreader/xreader_sv.po,555756d56172bf22f296e778a4968efd8eb7024f4f0cb2b2292debdac83a093e,{}
760926deb09d875254be86e4,Type 1 (CID),Typ 1 (CID),Xreader,xreader_sv.po,,Bilingual translation changed in reviewed commit: archive reviewed Swedish Linux Mint translations,project-context,fae3d7379908cf4fc43dad45,review-commit,https://github.com/yeager/translations/blob/87909ded511e79f2f46379e8c3e7a2722dd1c8e3/Xreader/xreader_sv.po,555756d56172bf22f296e778a4968efd8eb7024f4f0cb2b2292debdac83a093e,{}
760bd1d6eba7fd611edab951,Specify session management ID,Ange sessionshanterings-id,Xreader,xreader_sv.po,,Bilingual translation changed in reviewed commit: archive reviewed Swedish Linux Mint translations,project-context,638110228d21addf49a2baaf,review-commit,https://github.com/yeager/translations/blob/87909ded511e79f2f46379e8c3e7a2722dd1c8e3/Xreader/xreader_sv.po,555756d56172bf22f296e778a4968efd8eb7024f4f0cb2b2292debdac83a093e,{}
77c8175bfb0c8c193156f1fe,_Open Attachment,_Öppna bilaga,Xreader,xreader_sv.po,,Bilingual translation changed in reviewed commit: archive reviewed Swedish Linux Mint translations,project-context,57d9f60404015395d0aaf11f,review-commit,https://github.com/yeager/translations/blob/87909ded511e79f2f46379e8c3e7a2722dd1c8e3/Xreader/xreader_sv.po,555756d56172bf22f296e778a4968efd8eb7024f4f0cb2b2292debdac83a093e,{}
786d0842fb9374d057624746,Case Sensitive,Gör skillnad på gemener/VERSALER,Xreader,xreader_sv.po,,Bilingual translation changed in reviewed commit: archive reviewed Swedish Linux Mint translations,project-context,5525b108047bdb9e42d445b1,review-commit,https://github.com/yeager/translations/blob/87909ded511e79f2f46379e8c3e7a2722dd1c8e3/Xreader/xreader_sv.po,555756d56172bf22f296e778a4968efd8eb7024f4f0cb2b2292debdac83a093e,{}
78c4327c8495500a25ed3bc6,Attachments,Bilagor,Xreader,xreader_sv.po,,Bilingual translation changed in reviewed commit: archive reviewed Swedish Linux Mint translations,project-context,efaaddc99f979e9f15c2cad8,review-commit,https://github.com/yeager/translations/blob/87909ded511e79f2f46379e8c3e7a2722dd1c8e3/Xreader/xreader_sv.po,555756d56172bf22f296e778a4968efd8eb7024f4f0cb2b2292debdac83a093e,{}
7ad476310e2307ad65372851,DjVu Documents,DjVu-dokument,Xreader,xreader_sv.po,,Bilingual translation changed in reviewed commit: archive reviewed Swedish Linux Mint translations,project-context,2126cf7466b6acba747171e5,review-commit,https://github.com/yeager/translations/blob/87909ded511e79f2f46379e8c3e7a2722dd1c8e3/Xreader/xreader_sv.po,555756d56172bf22f296e778a4968efd8eb7024f4f0cb2b2292debdac83a093e,{}
7ba741d6009659308ff1cff5,Scroll View Down,Rulla vy ned,Xreader,xreader_sv.po,,Bilingual translation changed in reviewed commit: archive reviewed Swedish Linux Mint translations,project-context,972643f155abb74f883b6227,review-commit,https://github.com/yeager/translations/blob/87909ded511e79f2f46379e8c3e7a2722dd1c8e3/Xreader/xreader_sv.po,555756d56172bf22f296e778a4968efd8eb7024f4f0cb2b2292debdac83a093e,{}
7bf56dbd92a3fe983ea4824e,Go to first page,Gå till första sidan,Xreader,xreader_sv.po,,Bilingual translation changed in reviewed commit: archive reviewed Swedish Linux Mint translations,project-context,5f782fb8e8e955a524c9a6b3,review-commit,https://github.com/yeager/translations/blob/87909ded511e79f2f46379e8c3e7a2722dd1c8e3/Xreader/xreader_sv.po,555756d56172bf22f296e778a4968efd8eb7024f4f0cb2b2292debdac83a093e,{}
7da637afadd1068ae58af8e8,Leave Fullscreen,Lämna helskärmsläget,Xreader,xreader_sv.po,,Bilingual translation changed in reviewed commit: archive reviewed Swedish Linux Mint translations,project-context,300a45f7100cd472c86e1f03,review-commit,https://github.com/yeager/translations/blob/87909ded511e79f2f46379e8c3e7a2722dd1c8e3/Xreader/xreader_sv.po,555756d56172bf22f296e778a4968efd8eb7024f4f0cb2b2292debdac83a093e,{}
7f3b20d1fcdb63f9ca3e1ad9,_Reload,_Läs om,Xreader,xreader_sv.po,,Bilingual translation changed in reviewed commit: archive reviewed Swedish Linux Mint translations,project-context,c3a0f99ba25a9ca3462c6396,review-commit,https://github.com/yeager/translations/blob/87909ded511e79f2f46379e8c3e7a2722dd1c8e3/Xreader/xreader_sv.po,555756d56172bf22f296e778a4968efd8eb7024f4f0cb2b2292debdac83a093e,{}
7f7b0ee3468e2147e7323d59,Preferences,Inställningar,Xreader,xreader_sv.po,,Bilingual translation changed in reviewed commit: archive reviewed Swedish Linux Mint translations,project-context,488dbf0d40525235d2f85ada,review-commit,https://github.com/yeager/translations/blob/87909ded511e79f2f46379e8c3e7a2722dd1c8e3/Xreader/xreader_sv.po,555756d56172bf22f296e778a4968efd8eb7024f4f0cb2b2292debdac83a093e,{}
7fd1e478080ae563ece828e9,Type 1,Typ 1,Xreader,xreader_sv.po,,Bilingual translation changed in reviewed commit: archive reviewed Swedish Linux Mint translations,project-context,6f1d97add0fe64c9daf9fd2d,review-commit,https://github.com/yeager/translations/blob/87909ded511e79f2f46379e8c3e7a2722dd1c8e3/Xreader/xreader_sv.po,555756d56172bf22f296e778a4968efd8eb7024f4f0cb2b2292debdac83a093e,{}
81c5af162fd5b76b00402ded,Pre_sentation,Pres_entation,Xreader,xreader_sv.po,,Bilingual translation changed in reviewed commit: archive reviewed Swedish Linux Mint translations,project-context,05f51812e30bb1ccb6c575ea,review-commit,https://github.com/yeager/translations/blob/87909ded511e79f2f46379e8c3e7a2722dd1c8e3/Xreader/xreader_sv.po,555756d56172bf22f296e778a4968efd8eb7024f4f0cb2b2292debdac83a093e,{}
820038451d9bfa71f98c905d,Properties,Egenskaper,Xreader,xreader_sv.po,,Bilingual translation changed in reviewed commit: archive reviewed Swedish Linux Mint translations,project-context,be8608e4e4a83d99cf646e36,review-commit,https://github.com/yeager/translations/blob/87909ded511e79f2f46379e8c3e7a2722dd1c8e3/Xreader/xreader_sv.po,555756d56172bf22f296e778a4968efd8eb7024f4f0cb2b2292debdac83a093e,{}
8277b8acaf98b2d07d948823,_Print…,Skriv _ut…,Xreader,xreader_sv.po,,Bilingual translation changed in reviewed commit: archive reviewed Swedish Linux Mint translations,project-context,b1722d77e9dc80a7e396adfb,review-commit,https://github.com/yeager/translations/blob/87909ded511e79f2f46379e8c3e7a2722dd1c8e3/Xreader/xreader_sv.po,555756d56172bf22f296e778a4968efd8eb7024f4f0cb2b2292debdac83a093e,{}
83b4df4d07383f527c909003,Not found,Hittades inte,Xreader,xreader_sv.po,,Bilingual translation changed in reviewed commit: archive reviewed Swedish Linux Mint translations,project-context,b5e90c15c275f087fd26abbe,review-commit,https://github.com/yeager/translations/blob/87909ded511e79f2f46379e8c3e7a2722dd1c8e3/Xreader/xreader_sv.po,555756d56172bf22f296e778a4968efd8eb7024f4f0cb2b2292debdac83a093e,{}
85fdac90d7cf3ec897216416,_Fullscreen,_Helskärm,Xreader,xreader_sv.po,,Bilingual translation changed in reviewed commit: archive reviewed Swedish Linux Mint translations,project-context,8ddf773a0f48c4178c2eac89,review-commit,https://github.com/yeager/translations/blob/87909ded511e79f2f46379e8c3e7a2722dd1c8e3/Xreader/xreader_sv.po,555756d56172bf22f296e778a4968efd8eb7024f4f0cb2b2292debdac83a093e,{}
880950bb39a2ecb72aad7169,Document Viewer,Dokumentvisare,Xreader,xreader_sv.po,,Bilingual translation changed in reviewed commit: archive reviewed Swedish Linux Mint translations,project-context,5fae0f760b8773a0343285fc,review-commit,https://github.com/yeager/translations/blob/87909ded511e79f2f46379e8c3e7a2722dd1c8e3/Xreader/xreader_sv.po,555756d56172bf22f296e778a4968efd8eb7024f4f0cb2b2292debdac83a093e,{}
8822822fed7f36cf0110568e,There was an error displaying help,Det uppstod ett fel vid visning av hjälp,Xreader,xreader_sv.po,,Bilingual translation changed in reviewed commit: archive reviewed Swedish Linux Mint translations,project-context,5690219cf52c2b24797e7bc4,review-commit,https://github.com/yeager/translations/blob/87909ded511e79f2f46379e8c3e7a2722dd1c8e3/Xreader/xreader_sv.po,555756d56172bf22f296e778a4968efd8eb7024f4f0cb2b2292debdac83a093e,{}
88472874145759b447372950,Page Handling,Sidhantering,Xreader,xreader_sv.po,,Bilingual translation changed in reviewed commit: archive reviewed Swedish Linux Mint translations,project-context,bb28cf40e5d156b1790d9a04,review-commit,https://github.com/yeager/translations/blob/87909ded511e79f2f46379e8c3e7a2722dd1c8e3/Xreader/xreader_sv.po,555756d56172bf22f296e778a4968efd8eb7024f4f0cb2b2292debdac83a093e,{}
886bce510e470bda55b56569,_Rename Bookmark,_Döp om bokmärke,Xreader,xreader_sv.po,,Bilingual translation changed in reviewed commit: archive reviewed Swedish Linux Mint translations,project-context,97c812ea7b04221cfd2794d2,review-commit,https://github.com/yeager/translations/blob/87909ded511e79f2f46379e8c3e7a2722dd1c8e3/Xreader/xreader_sv.po,555756d56172bf22f296e778a4968efd8eb7024f4f0cb2b2292debdac83a093e,{}
88e66f0c3c1fbf840e660554,Help,Hjälp,Xreader,xreader_sv.po,,Bilingual translation changed in reviewed commit: archive reviewed Swedish Linux Mint translations,project-context,b57ea431a9333620386d1d91,review-commit,https://github.com/yeager/translations/blob/87909ded511e79f2f46379e8c3e7a2722dd1c8e3/Xreader/xreader_sv.po,555756d56172bf22f296e778a4968efd8eb7024f4f0cb2b2292debdac83a093e,{}
895b000ccd55b9563bde3723,Session management options:,Flaggor för sessionshantering:,Xreader,xreader_sv.po,,Bilingual translation changed in reviewed commit: archive reviewed Swedish Linux Mint translations,project-context,31f74f9e1bac8bc97d80b1ea,review-commit,https://github.com/yeager/translations/blob/87909ded511e79f2f46379e8c3e7a2722dd1c8e3/Xreader/xreader_sv.po,555756d56172bf22f296e778a4968efd8eb7024f4f0cb2b2292debdac83a093e,{}
896398632fa08883127040fc,_Copy,_Kopiera,Xreader,xreader_sv.po,,Bilingual translation changed in reviewed commit: archive reviewed Swedish Linux Mint translations,project-context,67cd04a5b14a7c17e1bae342,review-commit,https://github.com/yeager/translations/blob/87909ded511e79f2f46379e8c3e7a2722dd1c8e3/Xreader/xreader_sv.po,555756d56172bf22f296e778a4968efd8eb7024f4f0cb2b2292debdac83a093e,{}
89eafcb4e764ca93903e8b0b,_Contents,_Innehåll,Xreader,xreader_sv.po,,Bilingual translation changed in reviewed commit: archive reviewed Swedish Linux Mint translations,project-context,3d031d42ec649746b317ccb0,review-commit,https://github.com/yeager/translations/blob/87909ded511e79f2f46379e8c3e7a2722dd1c8e3/Xreader/xreader_sv.po,555756d56172bf22f296e778a4968efd8eb7024f4f0cb2b2292debdac83a093e,{}
8a3d810fbd1853deedc08231,TrueType (CID),Truetype (CID),Xreader,xreader_sv.po,,Bilingual translation changed in reviewed commit: archive reviewed Swedish Linux Mint translations,project-context,0a2e20cc806c2dd346cafa51,review-commit,https://github.com/yeager/translations/blob/87909ded511e79f2f46379e8c3e7a2722dd1c8e3/Xreader/xreader_sv.po,555756d56172bf22f296e778a4968efd8eb7024f4f0cb2b2292debdac83a093e,{}
8ac85d64ad0b7bca0493bc27,PAGE,SIDA,Xreader,xreader_sv.po,,Bilingual translation changed in reviewed commit: archive reviewed Swedish Linux Mint translations,project-context,750de3cd968b958f49062167,review-commit,https://github.com/yeager/translations/blob/87909ded511e79f2f46379e8c3e7a2722dd1c8e3/Xreader/xreader_sv.po,555756d56172bf22f296e778a4968efd8eb7024f4f0cb2b2292debdac83a093e,{}
8ed4506777fe40387d244a82,Zoom Out,Zooma ut,Xreader,xreader_sv.po,,Bilingual translation changed in reviewed commit: archive reviewed Swedish Linux Mint translations,project-context,8d6ae59271e1916aa4d74ae8,review-commit,https://github.com/yeager/translations/blob/87909ded511e79f2f46379e8c3e7a2722dd1c8e3/Xreader/xreader_sv.po,555756d56172bf22f296e778a4968efd8eb7024f4f0cb2b2292debdac83a093e,{}
8fad4261e14a7fcab13a5efd,DEST,MÅL,Xreader,xreader_sv.po,,Bilingual translation changed in reviewed commit: archive reviewed Swedish Linux Mint translations,project-context,f99abba1c8d0d3932d257f1d,review-commit,https://github.com/yeager/translations/blob/87909ded511e79f2f46379e8c3e7a2722dd1c8e3/Xreader/xreader_sv.po,555756d56172bf22f296e778a4968efd8eb7024f4f0cb2b2292debdac83a093e,{}
8fd73fe7edd594ad7960c92c,Go to page,Gå till sidan,Xreader,xreader_sv.po,,Bilingual translation changed in reviewed commit: archive reviewed Swedish Linux Mint translations,project-context,ea904e810a9c4d0e2a054599,review-commit,https://github.com/yeager/translations/blob/87909ded511e79f2f46379e8c3e7a2722dd1c8e3/Xreader/xreader_sv.po,555756d56172bf22f296e778a4968efd8eb7024f4f0cb2b2292debdac83a093e,{}
8fe695c50e41f26eb98da3b1,Save Attachment,Spara bilaga,Xreader,xreader_sv.po,,Bilingual translation changed in reviewed commit: archive reviewed Swedish Linux Mint translations,project-context,668abcc7e5dc33b2ace7c49e,review-commit,https://github.com/yeager/translations/blob/87909ded511e79f2f46379e8c3e7a2722dd1c8e3/Xreader/xreader_sv.po,555756d56172bf22f296e778a4968efd8eb7024f4f0cb2b2292debdac83a093e,{}
8fec920eb8c1322462006d21,_Save Attachment As…,Spara bilaga so_m…,Xreader,xreader_sv.po,,Bilingual translation changed in reviewed commit: archive reviewed Swedish Linux Mint translations,project-context,9dfb37b53a8d8d80668b56de,review-commit,https://github.com/yeager/translations/blob/87909ded511e79f2f46379e8c3e7a2722dd1c8e3/Xreader/xreader_sv.po,555756d56172bf22f296e778a4968efd8eb7024f4f0cb2b2292debdac83a093e,{}
8ff07969209b60430b9e379d,Recents,Senaste,Xreader,xreader_sv.po,,Bilingual translation changed in reviewed commit: archive reviewed Swedish Linux Mint translations,project-context,24fdecf9645dac483baa1ca4,review-commit,https://github.com/yeager/translations/blob/87909ded511e79f2f46379e8c3e7a2722dd1c8e3/Xreader/xreader_sv.po,555756d56172bf22f296e778a4968efd8eb7024f4f0cb2b2292debdac83a093e,{}
917be204123efa30acdf42f4,Close _without Saving,Stäng _utan att spara,Xreader,xreader_sv.po,,Bilingual translation changed in reviewed commit: archive reviewed Swedish Linux Mint translations,project-context,42d5ed8d57456bf8d389811f,review-commit,https://github.com/yeager/translations/blob/87909ded511e79f2f46379e8c3e7a2722dd1c8e3/Xreader/xreader_sv.po,555756d56172bf22f296e778a4968efd8eb7024f4f0cb2b2292debdac83a093e,{}
93211e386b0a4b4525c4c1f4,Thumbnails,Miniatyrbilder,Xreader,xreader_sv.po,,Bilingual translation changed in reviewed commit: archive reviewed Swedish Linux Mint translations,project-context,c715fa41d6120dda6463ffc9,review-commit,https://github.com/yeager/translations/blob/87909ded511e79f2f46379e8c3e7a2722dd1c8e3/Xreader/xreader_sv.po,555756d56172bf22f296e778a4968efd8eb7024f4f0cb2b2292debdac83a093e,{}
935c5b65f277656169bf12ad,Markup type:,Märkningstyp:,Xreader,xreader_sv.po,,Bilingual translation changed in reviewed commit: archive reviewed Swedish Linux Mint translations,project-context,b9edd15085c8c903b74d5a5d,review-commit,https://github.com/yeager/translations/blob/87909ded511e79f2f46379e8c3e7a2722dd1c8e3/Xreader/xreader_sv.po,555756d56172bf22f296e778a4968efd8eb7024f4f0cb2b2292debdac83a093e,{}
94314c1d29a0bb773251582d,Note,Notering,Xreader,xreader_sv.po,,Bilingual translation changed in reviewed commit: archive reviewed Swedish Linux Mint translations,project-context,2d65635f286714c40939efb7,review-commit,https://github.com/yeager/translations/blob/87909ded511e79f2f46379e8c3e7a2722dd1c8e3/Xreader/xreader_sv.po,555756d56172bf22f296e778a4968efd8eb7024f4f0cb2b2292debdac83a093e,{}
9450b622daea2e5d4dcc22f1,Best Fit,Bästa anpassning,Xreader,xreader_sv.po,,Bilingual translation changed in reviewed commit: archive reviewed Swedish Linux Mint translations,project-context,b10e1874266e7626c81c369b,review-commit,https://github.com/yeager/translations/blob/87909ded511e79f2f46379e8c3e7a2722dd1c8e3/Xreader/xreader_sv.po,555756d56172bf22f296e778a4968efd8eb7024f4f0cb2b2292debdac83a093e,{}
977835cfec2393372f3d8ab9,Go to previous page,Gå till föregående sida,Xreader,xreader_sv.po,,Bilingual translation changed in reviewed commit: archive reviewed Swedish Linux Mint translations,project-context,3a3cb70ed5bc55b4c7a98438,review-commit,https://github.com/yeager/translations/blob/87909ded511e79f2f46379e8c3e7a2722dd1c8e3/Xreader/xreader_sv.po,555756d56172bf22f296e778a4968efd8eb7024f4f0cb2b2292debdac83a093e,{}
980f6c6c15e52a793632c6d3,Strike out,Genomstrykning,Xreader,xreader_sv.po,,Bilingual translation changed in reviewed commit: archive reviewed Swedish Linux Mint translations,project-context,93d3df4590bcc1dd2d7b74c6,review-commit,https://github.com/yeager/translations/blob/87909ded511e79f2f46379e8c3e7a2722dd1c8e3/Xreader/xreader_sv.po,555756d56172bf22f296e778a4968efd8eb7024f4f0cb2b2292debdac83a093e,{}
984bd98b45ca0851b19d1c55,Open an existing document,Öppna ett befintligt dokument,Xreader,xreader_sv.po,,Bilingual translation changed in reviewed commit: archive reviewed Swedish Linux Mint translations,project-context,189e905990d8339d9ffd6375,review-commit,https://github.com/yeager/translations/blob/87909ded511e79f2f46379e8c3e7a2722dd1c8e3/Xreader/xreader_sv.po,555756d56172bf22f296e778a4968efd8eb7024f4f0cb2b2292debdac83a093e,{}
9a13c50551370ec2c12a47cb,Fit to Printable Area,Anpassa till utskrivningsbart område,Xreader,xreader_sv.po,,Bilingual translation changed in reviewed commit: archive reviewed Swedish Linux Mint translations,project-context,59c199dd2aee1efdd1b87301,review-commit,https://github.com/yeager/translations/blob/87909ded511e79f2f46379e8c3e7a2722dd1c8e3/Xreader/xreader_sv.po,555756d56172bf22f296e778a4968efd8eb7024f4f0cb2b2292debdac83a093e,{}
9ab4dda0dba9b1b98f621e1a,Scroll View Up,Rulla vy upp,Xreader,xreader_sv.po,,Bilingual translation changed in reviewed commit: archive reviewed Swedish Linux Mint translations,project-context,c120e23a9c36dd6a882ef05a,review-commit,https://github.com/yeager/translations/blob/87909ded511e79f2f46379e8c3e7a2722dd1c8e3/Xreader/xreader_sv.po,555756d56172bf22f296e778a4968efd8eb7024f4f0cb2b2292debdac83a093e,{}
9bceeaed7dd93b890c7c12ce,All Files,Alla filer,Xreader,xreader_sv.po,,Bilingual translation changed in reviewed commit: archive reviewed Swedish Linux Mint translations,project-context,72042ac0b84ba64d47fb793b,review-commit,https://github.com/yeager/translations/blob/87909ded511e79f2f46379e8c3e7a2722dd1c8e3/Xreader/xreader_sv.po,555756d56172bf22f296e778a4968efd8eb7024f4f0cb2b2292debdac83a093e,{}
9bd43e6d47908b67e6df858d,Close _after Printing,Stäng _efter utskrift,Xreader,xreader_sv.po,,Bilingual translation changed in reviewed commit: archive reviewed Swedish Linux Mint translations,project-context,0c888a73f57bd369cf1a1ddd,review-commit,https://github.com/yeager/translations/blob/87909ded511e79f2f46379e8c3e7a2722dd1c8e3/Xreader/xreader_sv.po,555756d56172bf22f296e778a4968efd8eb7024f4f0cb2b2292debdac83a093e,{}
9bd7d3e0ed171c508fcf612e,Add text annotation,Lägg till textkommentar,Xreader,xreader_sv.po,,Bilingual translation changed in reviewed commit: archive reviewed Swedish Linux Mint translations,project-context,38e6d5df02a3404b39926f9d,review-commit,https://github.com/yeager/translations/blob/87909ded511e79f2f46379e8c3e7a2722dd1c8e3/Xreader/xreader_sv.po,555756d56172bf22f296e778a4968efd8eb7024f4f0cb2b2292debdac83a093e,{}
9ce6be20e36cbf20b61e7c4d,P_roperties,_Egenskaper,Xreader,xreader_sv.po,,Bilingual translation changed in reviewed commit: archive reviewed Swedish Linux Mint translations,project-context,068cc3b0183f315817f62765,review-commit,https://github.com/yeager/translations/blob/87909ded511e79f2f46379e8c3e7a2722dd1c8e3/Xreader/xreader_sv.po,555756d56172bf22f296e778a4968efd8eb7024f4f0cb2b2292debdac83a093e,{}
9defefde97aa0d4f1e620440,Font,Typsnitt,Xreader,xreader_sv.po,,Bilingual translation changed in reviewed commit: archive reviewed Swedish Linux Mint translations,project-context,34fdf49adfe673dc3dbb26f9,review-commit,https://github.com/yeager/translations/blob/87909ded511e79f2f46379e8c3e7a2722dd1c8e3/Xreader/xreader_sv.po,555756d56172bf22f296e778a4968efd8eb7024f4f0cb2b2292debdac83a093e,{}
9f6c05a850c44d3fd5c3f3fe,Enter password,Ange lösenord,Xreader,xreader_sv.po,,Bilingual translation changed in reviewed commit: archive reviewed Swedish Linux Mint translations,project-context,641d1e90119b7fee6c644a4c,review-commit,https://github.com/yeager/translations/blob/87909ded511e79f2f46379e8c3e7a2722dd1c8e3/Xreader/xreader_sv.po,555756d56172bf22f296e778a4968efd8eb7024f4f0cb2b2292debdac83a093e,{}
9fff7ae57accc6aeecd5c547,_Continuous,_Sammanhängande,Xreader,xreader_sv.po,,Bilingual translation changed in reviewed commit: archive reviewed Swedish Linux Mint translations,project-context,430f2ddc451f208c01c0e561,review-commit,https://github.com/yeager/translations/blob/87909ded511e79f2f46379e8c3e7a2722dd1c8e3/Xreader/xreader_sv.po,555756d56172bf22f296e778a4968efd8eb7024f4f0cb2b2292debdac83a093e,{}
a0c0dec5b26658967b63ce73,Show session management options,Visa flaggor för sessionshantering,Xreader,xreader_sv.po,,Bilingual translation changed in reviewed commit: archive reviewed Swedish Linux Mint translations,project-context,c0a6b892306ca8789c27b8fd,review-commit,https://github.com/yeager/translations/blob/87909ded511e79f2f46379e8c3e7a2722dd1c8e3/Xreader/xreader_sv.po,555756d56172bf22f296e778a4968efd8eb7024f4f0cb2b2292debdac83a093e,{}
a0e248c7f1d6cda1aa386719,General,Allmänt,Xreader,xreader_sv.po,,Bilingual translation changed in reviewed commit: archive reviewed Swedish Linux Mint translations,project-context,1062c6e128ff9a7be31581b3,review-commit,https://github.com/yeager/translations/blob/87909ded511e79f2f46379e8c3e7a2722dd1c8e3/Xreader/xreader_sv.po,555756d56172bf22f296e778a4968efd8eb7024f4f0cb2b2292debdac83a093e,{}
a25bad5b88f524eb455da212,Find,Sök,Xreader,xreader_sv.po,,Bilingual translation changed in reviewed commit: archive reviewed Swedish Linux Mint translations,project-context,42b8829ffa0ae7737f11a105,review-commit,https://github.com/yeager/translations/blob/87909ded511e79f2f46379e8c3e7a2722dd1c8e3/Xreader/xreader_sv.po,555756d56172bf22f296e778a4968efd8eb7024f4f0cb2b2292debdac83a093e,{}
a2e1feb4ebb286bbdf8a53a1,Find Ne_xt,Sök _nästa,Xreader,xreader_sv.po,,Bilingual translation changed in reviewed commit: archive reviewed Swedish Linux Mint translations,project-context,e618bb5d7a7a0e7d8e0d6774,review-commit,https://github.com/yeager/translations/blob/87909ded511e79f2f46379e8c3e7a2722dd1c8e3/Xreader/xreader_sv.po,555756d56172bf22f296e778a4968efd8eb7024f4f0cb2b2292debdac83a093e,{}
a3fadffda6e94e32c838ab64,Yes,Ja,Xreader,xreader_sv.po,,Bilingual translation changed in reviewed commit: archive reviewed Swedish Linux Mint translations,project-context,a64dc16dda5fef95472680d8,review-commit,https://github.com/yeager/translations/blob/87909ded511e79f2f46379e8c3e7a2722dd1c8e3/Xreader/xreader_sv.po,555756d56172bf22f296e778a4968efd8eb7024f4f0cb2b2292debdac83a093e,{}
a402541bde7660a07145b1ad,Find Pre_vious,Sök _föregående,Xreader,xreader_sv.po,,Bilingual translation changed in reviewed commit: archive reviewed Swedish Linux Mint translations,project-context,65274123879fee3e52978e25,review-commit,https://github.com/yeager/translations/blob/87909ded511e79f2f46379e8c3e7a2722dd1c8e3/Xreader/xreader_sv.po,555756d56172bf22f296e778a4968efd8eb7024f4f0cb2b2292debdac83a093e,{}
a4366bdf03079980d5fb9a04,_Open Link,_Öppna länk,Xreader,xreader_sv.po,,Bilingual translation changed in reviewed commit: archive reviewed Swedish Linux Mint translations,project-context,8dcc27488551eff70e770b81,review-commit,https://github.com/yeager/translations/blob/87909ded511e79f2f46379e8c3e7a2722dd1c8e3/Xreader/xreader_sv.po,555756d56172bf22f296e778a4968efd8eb7024f4f0cb2b2292debdac83a093e,{}
a46315f3fa350d6dae45299e,_Open…,_Öppna…,Xreader,xreader_sv.po,,Bilingual translation changed in reviewed commit: archive reviewed Swedish Linux Mint translations,project-context,2d9d58907340b13afcb64ace,review-commit,https://github.com/yeager/translations/blob/87909ded511e79f2f46379e8c3e7a2722dd1c8e3/Xreader/xreader_sv.po,555756d56172bf22f296e778a4968efd8eb7024f4f0cb2b2292debdac83a093e,{}
a502dac5c3d0f1285b9387ba,The document contains only empty pages,Dokumentet innehåller endast tomma sidor,Xreader,xreader_sv.po,,Bilingual translation changed in reviewed commit: archive reviewed Swedish Linux Mint translations,project-context,aaee56415da352fab7aa8fb0,review-commit,https://github.com/yeager/translations/blob/87909ded511e79f2f46379e8c3e7a2722dd1c8e3/Xreader/xreader_sv.po,555756d56172bf22f296e778a4968efd8eb7024f4f0cb2b2292debdac83a093e,{}
a524ea4b49b3de7ec2ebfeda,_Copy Link Address,_Kopiera länkadress,Xreader,xreader_sv.po,,Bilingual translation changed in reviewed commit: archive reviewed Swedish Linux Mint translations,project-context,964bc1cd60816e149cf7038a,review-commit,https://github.com/yeager/translations/blob/87909ded511e79f2f46379e8c3e7a2722dd1c8e3/Xreader/xreader_sv.po,555756d56172bf22f296e778a4968efd8eb7024f4f0cb2b2292debdac83a093e,{}
a581fa7e09653c6e6e8e1d45,Toolbar,Verktygsrad,Xreader,xreader_sv.po,,Bilingual translation changed in reviewed commit: archive reviewed Swedish Linux Mint translations,project-context,e9e8b9452e4bd7a5db59e948,review-commit,https://github.com/yeager/translations/blob/87909ded511e79f2f46379e8c3e7a2722dd1c8e3/Xreader/xreader_sv.po,555756d56172bf22f296e778a4968efd8eb7024f4f0cb2b2292debdac83a093e,{}
a72c9f6470ac4a6815cb98bb,Go to next history item,Gå till nästa objekt i historiken,Xreader,xreader_sv.po,,Bilingual translation changed in reviewed commit: archive reviewed Swedish Linux Mint translations,project-context,c0898dc9eb3669aa2879239f,review-commit,https://github.com/yeager/translations/blob/87909ded511e79f2f46379e8c3e7a2722dd1c8e3/Xreader/xreader_sv.po,555756d56172bf22f296e778a4968efd8eb7024f4f0cb2b2292debdac83a093e,{}
a8c2a1d223a81aff60f215c7,Shrink the document,Krymp dokumentet,Xreader,xreader_sv.po,,Bilingual translation changed in reviewed commit: archive reviewed Swedish Linux Mint translations,project-context,535f7652397f75d95f71bf2a,review-commit,https://github.com/yeager/translations/blob/87909ded511e79f2f46379e8c3e7a2722dd1c8e3/Xreader/xreader_sv.po,555756d56172bf22f296e778a4968efd8eb7024f4f0cb2b2292debdac83a093e,{}
aca9d41e7cf1f69baf10c42d,Forget password _immediately,Glöm lösenordet _omedelbart,Xreader,xreader_sv.po,,Bilingual translation changed in reviewed commit: archive reviewed Swedish Linux Mint translations,project-context,e6ae60bbafc493ea2dc79688,review-commit,https://github.com/yeager/translations/blob/87909ded511e79f2f46379e8c3e7a2722dd1c8e3/Xreader/xreader_sv.po,555756d56172bf22f296e778a4968efd8eb7024f4f0cb2b2292debdac83a093e,{}
acf188ead4ef5be97b653d09,_Remove Bookmark,_Ta bort bokmärke,Xreader,xreader_sv.po,,Bilingual translation changed in reviewed commit: archive reviewed Swedish Linux Mint translations,project-context,2fac9a50f32a868857d358f1,review-commit,https://github.com/yeager/translations/blob/87909ded511e79f2f46379e8c3e7a2722dd1c8e3/Xreader/xreader_sv.po,555756d56172bf22f296e778a4968efd8eb7024f4f0cb2b2292debdac83a093e,{}
aef8772f241b03d76010c15f,The image could not be saved.,Bilden kunde inte sparas.,Xreader,xreader_sv.po,,Bilingual translation changed in reviewed commit: archive reviewed Swedish Linux Mint translations,project-context,ad9d25e514bc15c0592c586f,review-commit,https://github.com/yeager/translations/blob/87909ded511e79f2f46379e8c3e7a2722dd1c8e3/Xreader/xreader_sv.po,555756d56172bf22f296e778a4968efd8eb7024f4f0cb2b2292debdac83a093e,{}
b264c41e492ebe39077b6e1e,Fit Page _Width,Anpassa till sidb_redd,Xreader,xreader_sv.po,,Bilingual translation changed in reviewed commit: archive reviewed Swedish Linux Mint translations,project-context,95cbe975adc3aec8f178e608,review-commit,https://github.com/yeager/translations/blob/87909ded511e79f2f46379e8c3e7a2722dd1c8e3/Xreader/xreader_sv.po,555756d56172bf22f296e778a4968efd8eb7024f4f0cb2b2292debdac83a093e,{}
b2c307131aa6b5a371e7e8cb,DVI Documents,DVI-dokument,Xreader,xreader_sv.po,,Bilingual translation changed in reviewed commit: archive reviewed Swedish Linux Mint translations,project-context,482f1eef56dcc810c89dd33f,review-commit,https://github.com/yeager/translations/blob/87909ded511e79f2f46379e8c3e7a2722dd1c8e3/Xreader/xreader_sv.po,555756d56172bf22f296e778a4968efd8eb7024f4f0cb2b2292debdac83a093e,{}
b3646285e6dddd8b27a4276f,Print this document,Skriv ut detta dokument,Xreader,xreader_sv.po,,Bilingual translation changed in reviewed commit: archive reviewed Swedish Linux Mint translations,project-context,1e1e3a2955e1fc0322ed9cc1,review-commit,https://github.com/yeager/translations/blob/87909ded511e79f2f46379e8c3e7a2722dd1c8e3/Xreader/xreader_sv.po,555756d56172bf22f296e778a4968efd8eb7024f4f0cb2b2292debdac83a093e,{}
b44e382d16812d73e2489e16,Next History Item,Nästa historikobjekt,Xreader,xreader_sv.po,,Bilingual translation changed in reviewed commit: archive reviewed Swedish Linux Mint translations,project-context,5ee897feaf0442cbd7c0ae93,review-commit,https://github.com/yeager/translations/blob/87909ded511e79f2f46379e8c3e7a2722dd1c8e3/Xreader/xreader_sv.po,555756d56172bf22f296e778a4968efd8eb7024f4f0cb2b2292debdac83a093e,{}
b5aef81fc6f2743986b901a1,View multi-page documents,Visa dokument med flera sidor,Xreader,xreader_sv.po,,Bilingual translation changed in reviewed commit: archive reviewed Swedish Linux Mint translations,project-context,8a0b00e6631cbbaf8b29d3b6,review-commit,https://github.com/yeager/translations/blob/87909ded511e79f2f46379e8c3e7a2722dd1c8e3/Xreader/xreader_sv.po,555756d56172bf22f296e778a4968efd8eb7024f4f0cb2b2292debdac83a093e,{}
b622726c3e6a2fd8053a8bc2,_Add Bookmark,_Lägg till bokmärke,Xreader,xreader_sv.po,,Bilingual translation changed in reviewed commit: archive reviewed Swedish Linux Mint translations,project-context,0c6f21be3f762bc383be2d8f,review-commit,https://github.com/yeager/translations/blob/87909ded511e79f2f46379e8c3e7a2722dd1c8e3/Xreader/xreader_sv.po,555756d56172bf22f296e778a4968efd8eb7024f4f0cb2b2292debdac83a093e,{}
b7c67a308b56d5d423c29d1f,_Next Page,_Nästa sida,Xreader,xreader_sv.po,,Bilingual translation changed in reviewed commit: archive reviewed Swedish Linux Mint translations,project-context,aa8e339d831fb59e67c5ac5c,review-commit,https://github.com/yeager/translations/blob/87909ded511e79f2f46379e8c3e7a2722dd1c8e3/Xreader/xreader_sv.po,555756d56172bf22f296e778a4968efd8eb7024f4f0cb2b2292debdac83a093e,{}
b8954a44e1f9ec81c41b017f,Finishing…,Färdigställer…,Xreader,xreader_sv.po,,Bilingual translation changed in reviewed commit: archive reviewed Swedish Linux Mint translations,project-context,37c7996e65b5d503cf81c4cc,review-commit,https://github.com/yeager/translations/blob/87909ded511e79f2f46379e8c3e7a2722dd1c8e3/Xreader/xreader_sv.po,555756d56172bf22f296e778a4968efd8eb7024f4f0cb2b2292debdac83a093e,{}
b8aa46bd6d51dc8692f2da47,Run xreader in presentation mode,Kör xreader i presentationsläge,Xreader,xreader_sv.po,,Bilingual translation changed in reviewed commit: archive reviewed Swedish Linux Mint translations,project-context,37fe94a9f2fbfec7c9d99a59,review-commit,https://github.com/yeager/translations/blob/87909ded511e79f2f46379e8c3e7a2722dd1c8e3/Xreader/xreader_sv.po,555756d56172bf22f296e778a4968efd8eb7024f4f0cb2b2292debdac83a093e,{}
b8ace18be0ed0e98146d7bdc,Zoom _Out,Zooma _ut,Xreader,xreader_sv.po,,Bilingual translation changed in reviewed commit: archive reviewed Swedish Linux Mint translations,project-context,2add274531faeba7ff2dd699,review-commit,https://github.com/yeager/translations/blob/87909ded511e79f2f46379e8c3e7a2722dd1c8e3/Xreader/xreader_sv.po,555756d56172bf22f296e778a4968efd8eb7024f4f0cb2b2292debdac83a093e,{}
b988f1b7e8b3b8cf564018ac,_Go,_Gå,Xreader,xreader_sv.po,,Bilingual translation changed in reviewed commit: archive reviewed Swedish Linux Mint translations,project-context,2b56350a6d72f4ec6adb5786,review-commit,https://github.com/yeager/translations/blob/87909ded511e79f2f46379e8c3e7a2722dd1c8e3/Xreader/xreader_sv.po,555756d56172bf22f296e778a4968efd8eb7024f4f0cb2b2292debdac83a093e,{}
bf0fa9166cbef059584f1662,Print,Skriv ut,Xreader,xreader_sv.po,,Bilingual translation changed in reviewed commit: archive reviewed Swedish Linux Mint translations,project-context,fd8d9a282593168399abe926,review-commit,https://github.com/yeager/translations/blob/87909ded511e79f2f46379e8c3e7a2722dd1c8e3/Xreader/xreader_sv.po,555756d56172bf22f296e778a4968efd8eb7024f4f0cb2b2292debdac83a093e,{}
c0182d4345db66b57292aa8a,Unable to open attachment,Kunde inte öppna bilagan,Xreader,xreader_sv.po,,Bilingual translation changed in reviewed commit: archive reviewed Swedish Linux Mint translations,project-context,06d2cc2779f59edfdb38822d,review-commit,https://github.com/yeager/translations/blob/87909ded511e79f2f46379e8c3e7a2722dd1c8e3/Xreader/xreader_sv.po,555756d56172bf22f296e778a4968efd8eb7024f4f0cb2b2292debdac83a093e,{}
c0769f82f153bfdececcb884,Show zoom level selector,Visa val av zoomnivå,Xreader,xreader_sv.po,,Bilingual translation changed in reviewed commit: archive reviewed Swedish Linux Mint translations,project-context,b06a036b4beda729aca08b84,review-commit,https://github.com/yeager/translations/blob/87909ded511e79f2f46379e8c3e7a2722dd1c8e3/Xreader/xreader_sv.po,555756d56172bf22f296e778a4968efd8eb7024f4f0cb2b2292debdac83a093e,{}
c07d432ab323b302df560dad,Previous,Föregående,Xreader,xreader_sv.po,,Bilingual translation changed in reviewed commit: archive reviewed Swedish Linux Mint translations,project-context,a1cfd8bd6ffb9568736c394a,review-commit,https://github.com/yeager/translations/blob/87909ded511e79f2f46379e8c3e7a2722dd1c8e3/Xreader/xreader_sv.po,555756d56172bf22f296e778a4968efd8eb7024f4f0cb2b2292debdac83a093e,{}
c2f17dfd1614746b0ebe2dd7,Toggle case sensitive search,Växla skiftlägeskänslig sökning,Xreader,xreader_sv.po,,Bilingual translation changed in reviewed commit: archive reviewed Swedish Linux Mint translations,project-context,126e010d860d7f86cfff916b,review-commit,https://github.com/yeager/translations/blob/87909ded511e79f2f46379e8c3e7a2722dd1c8e3/Xreader/xreader_sv.po,555756d56172bf22f296e778a4968efd8eb7024f4f0cb2b2292debdac83a093e,{}
c37fe40833c008c2b96dd701,Not embedded,Inte inbyggd,Xreader,xreader_sv.po,,Bilingual translation changed in reviewed commit: archive reviewed Swedish Linux Mint translations,project-context,e09bc0b30b0a7fde990101a2,review-commit,https://github.com/yeager/translations/blob/87909ded511e79f2f46379e8c3e7a2722dd1c8e3/Xreader/xreader_sv.po,555756d56172bf22f296e778a4968efd8eb7024f4f0cb2b2292debdac83a093e,{}
c8b5242edd72a0b0154caa9a,Side _Pane,Sido_panel,Xreader,xreader_sv.po,,Bilingual translation changed in reviewed commit: archive reviewed Swedish Linux Mint translations,project-context,5edeb7a041958e4600a0d67c,review-commit,https://github.com/yeager/translations/blob/87909ded511e79f2f46379e8c3e7a2722dd1c8e3/Xreader/xreader_sv.po,555756d56172bf22f296e778a4968efd8eb7024f4f0cb2b2292debdac83a093e,{}
c95ffd0d53a2963a86debdc2,PostScript Documents,Postscript-dokument,Xreader,xreader_sv.po,,Bilingual translation changed in reviewed commit: archive reviewed Swedish Linux Mint translations,project-context,236403c6f05db7010b50a403,review-commit,https://github.com/yeager/translations/blob/87909ded511e79f2f46379e8c3e7a2722dd1c8e3/Xreader/xreader_sv.po,555756d56172bf22f296e778a4968efd8eb7024f4f0cb2b2292debdac83a093e,{}
cbfde139d3fc8e8de224514e,Style:,Stil:,Xreader,xreader_sv.po,,Bilingual translation changed in reviewed commit: archive reviewed Swedish Linux Mint translations,project-context,8e70f7d8546a3eff12317ee7,review-commit,https://github.com/yeager/translations/blob/87909ded511e79f2f46379e8c3e7a2722dd1c8e3/Xreader/xreader_sv.po,555756d56172bf22f296e778a4968efd8eb7024f4f0cb2b2292debdac83a093e,{}
cc83f785c3d30875d1ece28c,Show or hide the side pane,Visa eller dölj sidopanelen,Xreader,xreader_sv.po,,Bilingual translation changed in reviewed commit: archive reviewed Swedish Linux Mint translations,project-context,417921cf6fa1d75fac08c3bb,review-commit,https://github.com/yeager/translations/blob/87909ded511e79f2f46379e8c3e7a2722dd1c8e3/Xreader/xreader_sv.po,555756d56172bf22f296e778a4968efd8eb7024f4f0cb2b2292debdac83a093e,{}
ccf57e8822a9fd8e9327553d,Op_en a Copy,Öppna _en kopia,Xreader,xreader_sv.po,,Bilingual translation changed in reviewed commit: archive reviewed Swedish Linux Mint translations,project-context,23a15d93bb34f82c04d10697,review-commit,https://github.com/yeager/translations/blob/87909ded511e79f2f46379e8c3e7a2722dd1c8e3/Xreader/xreader_sv.po,555756d56172bf22f296e778a4968efd8eb7024f4f0cb2b2292debdac83a093e,{}
cdadaa13b63ab7dc16abfae2,Remove Annotation,Ta bort kommentar,Xreader,xreader_sv.po,,Bilingual translation changed in reviewed commit: archive reviewed Swedish Linux Mint translations,project-context,8c7333ab89fe9005f4cc3a66,review-commit,https://github.com/yeager/translations/blob/87909ded511e79f2f46379e8c3e7a2722dd1c8e3/Xreader/xreader_sv.po,555756d56172bf22f296e778a4968efd8eb7024f4f0cb2b2292debdac83a093e,{}
ce13bb60ea2cf350f1aef94c,Go to previous history item,Gå till föregående objekt i historiken,Xreader,xreader_sv.po,,Bilingual translation changed in reviewed commit: archive reviewed Swedish Linux Mint translations,project-context,a8fc092db0ee3b0b5eb2435a,review-commit,https://github.com/yeager/translations/blob/87909ded511e79f2f46379e8c3e7a2722dd1c8e3/Xreader/xreader_sv.po,555756d56172bf22f296e778a4968efd8eb7024f4f0cb2b2292debdac83a093e,{}
d0cee9c62b40e38bec149cdc,Print…,Skriv ut...,Xreader,xreader_sv.po,,Bilingual translation changed in reviewed commit: archive reviewed Swedish Linux Mint translations,project-context,29ae647e538ac29632f47fb0,review-commit,https://github.com/yeager/translations/blob/87909ded511e79f2f46379e8c3e7a2722dd1c8e3/Xreader/xreader_sv.po,555756d56172bf22f296e778a4968efd8eb7024f4f0cb2b2292debdac83a093e,{}
d16094d55964f971e705e49a,No supported images in archive,Inga bilder som stöds i arkivet,Xreader,xreader_sv.po,,Bilingual translation changed in reviewed commit: archive reviewed Swedish Linux Mint translations,project-context,265de3b69967607eab65f372,review-commit,https://github.com/yeager/translations/blob/87909ded511e79f2f46379e8c3e7a2722dd1c8e3/Xreader/xreader_sv.po,555756d56172bf22f296e778a4968efd8eb7024f4f0cb2b2292debdac83a093e,{}
d27d6d6ed7377d59e999fdfc,_Save,_Spara,Xreader,xreader_sv.po,,Bilingual translation changed in reviewed commit: archive reviewed Swedish Linux Mint translations,project-context,7515fe614b18cfeaa989562e,review-commit,https://github.com/yeager/translations/blob/87909ded511e79f2f46379e8c3e7a2722dd1c8e3/Xreader/xreader_sv.po,555756d56172bf22f296e778a4968efd8eb7024f4f0cb2b2292debdac83a093e,{}
d3c63d65e4cd5ccfd575903e,Password required,Lösenord krävs,Xreader,xreader_sv.po,,Bilingual translation changed in reviewed commit: archive reviewed Swedish Linux Mint translations,project-context,55f891f6dc4fed27bb1c25a4,review-commit,https://github.com/yeager/translations/blob/87909ded511e79f2f46379e8c3e7a2722dd1c8e3/Xreader/xreader_sv.po,555756d56172bf22f296e778a4968efd8eb7024f4f0cb2b2292debdac83a093e,{}
d45c93d5c2c4b9a5a725e7c0,Favorites,Favoriter,Xreader,xreader_sv.po,,Bilingual translation changed in reviewed commit: archive reviewed Swedish Linux Mint translations,project-context,6573005653d933dc52e53fff,review-commit,https://github.com/yeager/translations/blob/87909ded511e79f2f46379e8c3e7a2722dd1c8e3/Xreader/xreader_sv.po,555756d56172bf22f296e778a4968efd8eb7024f4f0cb2b2292debdac83a093e,{}
d576eaad40371c750972c21d,Print settings file,Skriv ut inställningsfilen,Xreader,xreader_sv.po,,Bilingual translation changed in reviewed commit: archive reviewed Swedish Linux Mint translations,project-context,a608fa5302ef009174241340,review-commit,https://github.com/yeager/translations/blob/87909ded511e79f2f46379e8c3e7a2722dd1c8e3/Xreader/xreader_sv.po,555756d56172bf22f296e778a4968efd8eb7024f4f0cb2b2292debdac83a093e,{}
d5b57986f2382e3790eb5f79,No,Nej,Xreader,xreader_sv.po,,Bilingual translation changed in reviewed commit: archive reviewed Swedish Linux Mint translations,project-context,4026b0993c153b4f39350e87,review-commit,https://github.com/yeager/translations/blob/87909ded511e79f2f46379e8c3e7a2722dd1c8e3/Xreader/xreader_sv.po,555756d56172bf22f296e778a4968efd8eb7024f4f0cb2b2292debdac83a093e,{}
d644b9c06ef98a73ac179cc9,Invalid page selection,Ogiltigt sidval,Xreader,xreader_sv.po,,Bilingual translation changed in reviewed commit: archive reviewed Swedish Linux Mint translations,project-context,3d28644734538febc000fca6,review-commit,https://github.com/yeager/translations/blob/87909ded511e79f2f46379e8c3e7a2722dd1c8e3/Xreader/xreader_sv.po,555756d56172bf22f296e778a4968efd8eb7024f4f0cb2b2292debdac83a093e,{}
d650022d9573664ff3d02e94,_Bookmarks,_Bokmärken,Xreader,xreader_sv.po,,Bilingual translation changed in reviewed commit: archive reviewed Swedish Linux Mint translations,project-context,f749729edf1798a2a75f8ffa,review-commit,https://github.com/yeager/translations/blob/87909ded511e79f2f46379e8c3e7a2722dd1c8e3/Xreader/xreader_sv.po,555756d56172bf22f296e778a4968efd8eb7024f4f0cb2b2292debdac83a093e,{}
d667199e76879af81785905e,DVI document has incorrect format,DVI-dokumentet har felaktigt format,Xreader,xreader_sv.po,,Bilingual translation changed in reviewed commit: archive reviewed Swedish Linux Mint translations,project-context,06106ba09475728f1e44bfa1,review-commit,https://github.com/yeager/translations/blob/87909ded511e79f2f46379e8c3e7a2722dd1c8e3/Xreader/xreader_sv.po,555756d56172bf22f296e778a4968efd8eb7024f4f0cb2b2292debdac83a093e,{}
d69433a6d9b0f2f73117b266,Layers,Lager,Xreader,xreader_sv.po,,Bilingual translation changed in reviewed commit: archive reviewed Swedish Linux Mint translations,project-context,822e6d8a948888556f296e1c,review-commit,https://github.com/yeager/translations/blob/87909ded511e79f2f46379e8c3e7a2722dd1c8e3/Xreader/xreader_sv.po,555756d56172bf22f296e778a4968efd8eb7024f4f0cb2b2292debdac83a093e,{}
d815d81a6d7991f287dba6ae,Type 3,Typ 3,Xreader,xreader_sv.po,,Bilingual translation changed in reviewed commit: archive reviewed Swedish Linux Mint translations,project-context,966af19d158a605281330c0a,review-commit,https://github.com/yeager/translations/blob/87909ded511e79f2f46379e8c3e7a2722dd1c8e3/Xreader/xreader_sv.po,555756d56172bf22f296e778a4968efd8eb7024f4f0cb2b2292debdac83a093e,{}
d9d9123e1e083daae1637142,Reload the document,Läs om dokumentet,Xreader,xreader_sv.po,,Bilingual translation changed in reviewed commit: archive reviewed Swedish Linux Mint translations,project-context,8b8c59ce437be37a0fb53031,review-commit,https://github.com/yeager/translations/blob/87909ded511e79f2f46379e8c3e7a2722dd1c8e3/Xreader/xreader_sv.po,555756d56172bf22f296e778a4968efd8eb7024f4f0cb2b2292debdac83a093e,{}
da61209f4d68f1ca5b803bba,_Close,_Stäng,Xreader,xreader_sv.po,,Bilingual translation changed in reviewed commit: archive reviewed Swedish Linux Mint translations,project-context,481457834deb42a0b1262072,review-commit,https://github.com/yeager/translations/blob/87909ded511e79f2f46379e8c3e7a2722dd1c8e3/Xreader/xreader_sv.po,555756d56172bf22f296e778a4968efd8eb7024f4f0cb2b2292debdac83a093e,{}
dad5f0185d23f4472516cf70,Type 1C (CID),Typ 1C (CID),Xreader,xreader_sv.po,,Bilingual translation changed in reviewed commit: archive reviewed Swedish Linux Mint translations,project-context,8980570dcc371cfac3c13a86,review-commit,https://github.com/yeager/translations/blob/87909ded511e79f2f46379e8c3e7a2722dd1c8e3/Xreader/xreader_sv.po,555756d56172bf22f296e778a4968efd8eb7024f4f0cb2b2292debdac83a093e,{}
db0dc31b3c6476e584ba15f9,Page Scaling:,Sidskalning:,Xreader,xreader_sv.po,,Bilingual translation changed in reviewed commit: archive reviewed Swedish Linux Mint translations,project-context,3e43ec389270f4e0c6032e1b,review-commit,https://github.com/yeager/translations/blob/87909ded511e79f2f46379e8c3e7a2722dd1c8e3/Xreader/xreader_sv.po,555756d56172bf22f296e778a4968efd8eb7024f4f0cb2b2292debdac83a093e,{}
dba96e9cd8ddc4309bd6f724,Disable connection to session manager,Inaktivera anslutning till sessionshanterare,Xreader,xreader_sv.po,,Bilingual translation changed in reviewed commit: archive reviewed Swedish Linux Mint translations,project-context,8e7d6cf64fa34900ee0b08bb,review-commit,https://github.com/yeager/translations/blob/87909ded511e79f2f46379e8c3e7a2722dd1c8e3/Xreader/xreader_sv.po,555756d56172bf22f296e778a4968efd8eb7024f4f0cb2b2292debdac83a093e,{}
dd66a251bba778afcda35da0,Open in New _Window,Öppna i nytt _fönster,Xreader,xreader_sv.po,,Bilingual translation changed in reviewed commit: archive reviewed Swedish Linux Mint translations,project-context,9fe3c2cea1ca1cd3765fbdd1,review-commit,https://github.com/yeager/translations/blob/87909ded511e79f2f46379e8c3e7a2722dd1c8e3/Xreader/xreader_sv.po,555756d56172bf22f296e778a4968efd8eb7024f4f0cb2b2292debdac83a093e,{}
de0c1d3777a5b61ccf892595,Usage terms,Användningsvillkor,Xreader,xreader_sv.po,,Bilingual translation changed in reviewed commit: archive reviewed Swedish Linux Mint translations,project-context,331128f26ccf86d024934e3f,review-commit,https://github.com/yeager/translations/blob/87909ded511e79f2f46379e8c3e7a2722dd1c8e3/Xreader/xreader_sv.po,555756d56172bf22f296e778a4968efd8eb7024f4f0cb2b2292debdac83a093e,{}
dfdea6a6af5eea01c3f0d107,Start Presentation,Starta presentation,Xreader,xreader_sv.po,,Bilingual translation changed in reviewed commit: archive reviewed Swedish Linux Mint translations,project-context,a6823a49dd40bb1db094b5cd,review-commit,https://github.com/yeager/translations/blob/87909ded511e79f2f46379e8c3e7a2722dd1c8e3/Xreader/xreader_sv.po,555756d56172bf22f296e778a4968efd8eb7024f4f0cb2b2292debdac83a093e,{}
e550a4e84e2161bb1daa141d,Original size,Originalstorlek,Xreader,xreader_sv.po,,Bilingual translation changed in reviewed commit: archive reviewed Swedish Linux Mint translations,project-context,c8c7048c8b324c7afcad046c,review-commit,https://github.com/yeager/translations/blob/87909ded511e79f2f46379e8c3e7a2722dd1c8e3/Xreader/xreader_sv.po,555756d56172bf22f296e778a4968efd8eb7024f4f0cb2b2292debdac83a093e,{}
e59db8d3e2b923626cd81743,Show or hide the menubar,Visa eller dölj menyraden,Xreader,xreader_sv.po,,Bilingual translation changed in reviewed commit: archive reviewed Swedish Linux Mint translations,project-context,c4d122b98901e64a275185db,review-commit,https://github.com/yeager/translations/blob/87909ded511e79f2f46379e8c3e7a2722dd1c8e3/Xreader/xreader_sv.po,555756d56172bf22f296e778a4968efd8eb7024f4f0cb2b2292debdac83a093e,{}
e6d6ec8ab49346a4b598fa59,Named destination to display.,Namngivet mål att visa.,Xreader,xreader_sv.po,,Bilingual translation changed in reviewed commit: archive reviewed Swedish Linux Mint translations,project-context,b834723b2db60a8dd204ae6c,review-commit,https://github.com/yeager/translations/blob/87909ded511e79f2f46379e8c3e7a2722dd1c8e3/Xreader/xreader_sv.po,555756d56172bf22f296e778a4968efd8eb7024f4f0cb2b2292debdac83a093e,{}
e6ebf194b228408a182de72c,Zoom In,Zooma in,Xreader,xreader_sv.po,,Bilingual translation changed in reviewed commit: archive reviewed Swedish Linux Mint translations,project-context,a8378866b9bdc5173348e001,review-commit,https://github.com/yeager/translations/blob/87909ded511e79f2f46379e8c3e7a2722dd1c8e3/Xreader/xreader_sv.po,555756d56172bf22f296e778a4968efd8eb7024f4f0cb2b2292debdac83a093e,{}
e7f84f6dd10dfd3e8d72b11c,_Close All Windows,Stäng alla fönster (_C),Xreader,xreader_sv.po,,Bilingual translation changed in reviewed commit: archive reviewed Swedish Linux Mint translations,project-context,7fa00ece17f1f7d577fa5238,review-commit,https://github.com/yeager/translations/blob/87909ded511e79f2f46379e8c3e7a2722dd1c8e3/Xreader/xreader_sv.po,555756d56172bf22f296e778a4968efd8eb7024f4f0cb2b2292debdac83a093e,{}
e951bcd3484b3106c97e8ef9,None,Ingen,Xreader,xreader_sv.po,,Bilingual translation changed in reviewed commit: archive reviewed Swedish Linux Mint translations,project-context,cdde36f0332848d4779cba3b,review-commit,https://github.com/yeager/translations/blob/87909ded511e79f2f46379e8c3e7a2722dd1c8e3/Xreader/xreader_sv.po,555756d56172bf22f296e778a4968efd8eb7024f4f0cb2b2292debdac83a093e,{}
ebb13bf58900363ad4752979,_First Page,F_örsta sidan,Xreader,xreader_sv.po,,Bilingual translation changed in reviewed commit: archive reviewed Swedish Linux Mint translations,project-context,c09e8baaa63eea2235415c2f,review-commit,https://github.com/yeager/translations/blob/87909ded511e79f2f46379e8c3e7a2722dd1c8e3/Xreader/xreader_sv.po,555756d56172bf22f296e778a4968efd8eb7024f4f0cb2b2292debdac83a093e,{}
ed458cdd9ac207d0e440593e,Failed to print document,Misslyckades med att skriva ut dokument,Xreader,xreader_sv.po,,Bilingual translation changed in reviewed commit: archive reviewed Swedish Linux Mint translations,project-context,13d26966118b920ec27194eb,review-commit,https://github.com/yeager/translations/blob/87909ded511e79f2f46379e8c3e7a2722dd1c8e3/Xreader/xreader_sv.po,555756d56172bf22f296e778a4968efd8eb7024f4f0cb2b2292debdac83a093e,{}
edf9dfc85d28ac677f68e247,Run document as a presentation,Kör dokumentet som en presentation,Xreader,xreader_sv.po,,Bilingual translation changed in reviewed commit: archive reviewed Swedish Linux Mint translations,project-context,dc02ab886c670f360881259c,review-commit,https://github.com/yeager/translations/blob/87909ded511e79f2f46379e8c3e7a2722dd1c8e3/Xreader/xreader_sv.po,555756d56172bf22f296e778a4968efd8eb7024f4f0cb2b2292debdac83a093e,{}
ee2087b5d34a307bb41b9b15,Not a launchable item,Inte ett startbart objekt,Xreader,xreader_sv.po,,Bilingual translation changed in reviewed commit: archive reviewed Swedish Linux Mint translations,project-context,c798b19967ef9612baa3d9cf,review-commit,https://github.com/yeager/translations/blob/87909ded511e79f2f46379e8c3e7a2722dd1c8e3/Xreader/xreader_sv.po,555756d56172bf22f296e778a4968efd8eb7024f4f0cb2b2292debdac83a093e,{}
ee268d4df9cbe44ac550fd71,Key,Nyckel,Xreader,xreader_sv.po,,Bilingual translation changed in reviewed commit: archive reviewed Swedish Linux Mint translations,project-context,c79b810a4ca46b938261214f,review-commit,https://github.com/yeager/translations/blob/87909ded511e79f2f46379e8c3e7a2722dd1c8e3/Xreader/xreader_sv.po,555756d56172bf22f296e778a4968efd8eb7024f4f0cb2b2292debdac83a093e,{}
ef6367bf14ed47edca3c8e05,Loading…,Läser in…,Xreader,xreader_sv.po,,Bilingual translation changed in reviewed commit: archive reviewed Swedish Linux Mint translations,project-context,1c0d1320624fdc180376a6e0,review-commit,https://github.com/yeager/translations/blob/87909ded511e79f2f46379e8c3e7a2722dd1c8e3/Xreader/xreader_sv.po,555756d56172bf22f296e778a4968efd8eb7024f4f0cb2b2292debdac83a093e,{}
f093f62fa7a00e7f2da1a0df,Type 1C,Typ 1C,Xreader,xreader_sv.po,,Bilingual translation changed in reviewed commit: archive reviewed Swedish Linux Mint translations,project-context,fff25668cdf7019d5b218a31,review-commit,https://github.com/yeager/translations/blob/87909ded511e79f2f46379e8c3e7a2722dd1c8e3/Xreader/xreader_sv.po,555756d56172bf22f296e778a4968efd8eb7024f4f0cb2b2292debdac83a093e,{}
f39a05f17d830dd222c26e26,Fit Page Width,Anpassa till sidbredd,Xreader,xreader_sv.po,,Bilingual translation changed in reviewed commit: archive reviewed Swedish Linux Mint translations,project-context,ab46a6db586f1b2d03452ac9,review-commit,https://github.com/yeager/translations/blob/87909ded511e79f2f46379e8c3e7a2722dd1c8e3/Xreader/xreader_sv.po,555756d56172bf22f296e778a4968efd8eb7024f4f0cb2b2292debdac83a093e,{}
f50797ffc2b6e46d31abdd2c,Further Information,Ytterligare information,Xreader,xreader_sv.po,,Bilingual translation changed in reviewed commit: archive reviewed Swedish Linux Mint translations,project-context,b3570c46948437a90f3ea361,review-commit,https://github.com/yeager/translations/blob/87909ded511e79f2f46379e8c3e7a2722dd1c8e3/Xreader/xreader_sv.po,555756d56172bf22f296e778a4968efd8eb7024f4f0cb2b2292debdac83a093e,{}
f724afc0a5871be435f97d06,Document License,Dokumentlicens,Xreader,xreader_sv.po,,Bilingual translation changed in reviewed commit: archive reviewed Swedish Linux Mint translations,project-context,286dacee15baf8244c06c231,review-commit,https://github.com/yeager/translations/blob/87909ded511e79f2f46379e8c3e7a2722dd1c8e3/Xreader/xreader_sv.po,555756d56172bf22f296e778a4968efd8eb7024f4f0cb2b2292debdac83a093e,{}
f7890594687b2278d59cc06f,_Save Image As…,_Spara bild som…,Xreader,xreader_sv.po,,Bilingual translation changed in reviewed commit: archive reviewed Swedish Linux Mint translations,project-context,fd44949007d6ff2363d700f4,review-commit,https://github.com/yeager/translations/blob/87909ded511e79f2f46379e8c3e7a2722dd1c8e3/Xreader/xreader_sv.po,555756d56172bf22f296e778a4968efd8eb7024f4f0cb2b2292debdac83a093e,{}
f91bb92f3d675c14e3e49e50,By extension,Efter filändelse,Xreader,xreader_sv.po,,Bilingual translation changed in reviewed commit: archive reviewed Swedish Linux Mint translations,project-context,0408b5511aae1fd1810a8320,review-commit,https://github.com/yeager/translations/blob/87909ded511e79f2f46379e8c3e7a2722dd1c8e3/Xreader/xreader_sv.po,555756d56172bf22f296e778a4968efd8eb7024f4f0cb2b2292debdac83a093e,{}
f93b78ba904fb6c607d57dc9,Expand Window to Fit,Expandera fönstret så att det passar,Xreader,xreader_sv.po,,Bilingual translation changed in reviewed commit: archive reviewed Swedish Linux Mint translations,project-context,e42d87246df89caa85e27442,review-commit,https://github.com/yeager/translations/blob/87909ded511e79f2f46379e8c3e7a2722dd1c8e3/Xreader/xreader_sv.po,555756d56172bf22f296e778a4968efd8eb7024f4f0cb2b2292debdac83a093e,{}
f97e9507b69a5d2fbdba807c,Scroll Up,Rulla upp,Xreader,xreader_sv.po,,Bilingual translation changed in reviewed commit: archive reviewed Swedish Linux Mint translations,project-context,5fbae397e74d632d96aa00db,review-commit,https://github.com/yeager/translations/blob/87909ded511e79f2f46379e8c3e7a2722dd1c8e3/Xreader/xreader_sv.po,555756d56172bf22f296e778a4968efd8eb7024f4f0cb2b2292debdac83a093e,{}
f98d486b303a7ab6e3eee695,Open a recently used document,Öppna ett tidigare använt dokument,Xreader,xreader_sv.po,,Bilingual translation changed in reviewed commit: archive reviewed Swedish Linux Mint translations,project-context,a9ea49d0c997961a812d5ed8,review-commit,https://github.com/yeager/translations/blob/87909ded511e79f2f46379e8c3e7a2722dd1c8e3/Xreader/xreader_sv.po,555756d56172bf22f296e778a4968efd8eb7024f4f0cb2b2292debdac83a093e,{}
fa1d03e79c8822ef55776a29,Run xreader as a previewer,Kör xreader som en förhandsgranskare,Xreader,xreader_sv.po,,Bilingual translation changed in reviewed commit: archive reviewed Swedish Linux Mint translations,project-context,d98029b0b62c54b7defb81bd,review-commit,https://github.com/yeager/translations/blob/87909ded511e79f2f46379e8c3e7a2722dd1c8e3/Xreader/xreader_sv.po,555756d56172bf22f296e778a4968efd8eb7024f4f0cb2b2292debdac83a093e,{}
fae92efdf2d5414f688b0a2a,The document contains no pages,Dokumentet innehåller inga sidor,Xreader,xreader_sv.po,,Bilingual translation changed in reviewed commit: archive reviewed Swedish Linux Mint translations,project-context,65eaa6b8c7d2f038c05fa388,review-commit,https://github.com/yeager/translations/blob/87909ded511e79f2f46379e8c3e7a2722dd1c8e3/Xreader/xreader_sv.po,555756d56172bf22f296e778a4968efd8eb7024f4f0cb2b2292debdac83a093e,{}
fc10795600d8df4e8b00eb73,Underline,Understrykning,Xreader,xreader_sv.po,,Bilingual translation changed in reviewed commit: archive reviewed Swedish Linux Mint translations,project-context,0b098a95829769567a427798,review-commit,https://github.com/yeager/translations/blob/87909ded511e79f2f46379e8c3e7a2722dd1c8e3/Xreader/xreader_sv.po,555756d56172bf22f296e778a4968efd8eb7024f4f0cb2b2292debdac83a093e,{}
fc2f7fd2b5c707308b9748fa,Running in presentation mode,Kör i presentationsläge,Xreader,xreader_sv.po,,Bilingual translation changed in reviewed commit: archive reviewed Swedish Linux Mint translations,project-context,73ff6642859fb4694a254152,review-commit,https://github.com/yeager/translations/blob/87909ded511e79f2f46379e8c3e7a2722dd1c8e3/Xreader/xreader_sv.po,555756d56172bf22f296e778a4968efd8eb7024f4f0cb2b2292debdac83a093e,{}
fc7fed9dd6c5beb3dd8b6443,_File,_Arkiv,Xreader,xreader_sv.po,,Bilingual translation changed in reviewed commit: archive reviewed Swedish Linux Mint translations,project-context,41b78ca17e248b467e768277,review-commit,https://github.com/yeager/translations/blob/87909ded511e79f2f46379e8c3e7a2722dd1c8e3/Xreader/xreader_sv.po,555756d56172bf22f296e778a4968efd8eb7024f4f0cb2b2292debdac83a093e,{}
fc8ab4e57d23d6363d88f0b8,Save Image,Spara bild,Xreader,xreader_sv.po,,Bilingual translation changed in reviewed commit: archive reviewed Swedish Linux Mint translations,project-context,876cdbbd45bffef00eecae35,review-commit,https://github.com/yeager/translations/blob/87909ded511e79f2f46379e8c3e7a2722dd1c8e3/Xreader/xreader_sv.po,555756d56172bf22f296e778a4968efd8eb7024f4f0cb2b2292debdac83a093e,{}
fcba342cb0e17318c23e29de,No name,Inget namn,Xreader,xreader_sv.po,,Bilingual translation changed in reviewed commit: archive reviewed Swedish Linux Mint translations,project-context,afbf67ac82e9746f19e07ef7,review-commit,https://github.com/yeager/translations/blob/87909ded511e79f2f46379e8c3e7a2722dd1c8e3/Xreader/xreader_sv.po,555756d56172bf22f296e778a4968efd8eb7024f4f0cb2b2292debdac83a093e,{}
fdcc6dfe170c98bd49ecb62d,Select Page,Välj sida,Xreader,xreader_sv.po,,Bilingual translation changed in reviewed commit: archive reviewed Swedish Linux Mint translations,project-context,6a74c8559af37173afe9388e,review-commit,https://github.com/yeager/translations/blob/87909ded511e79f2f46379e8c3e7a2722dd1c8e3/Xreader/xreader_sv.po,555756d56172bf22f296e778a4968efd8eb7024f4f0cb2b2292debdac83a093e,{}
fe342c2020c58a54e00a07c3,TrueType,Truetype,Xreader,xreader_sv.po,,Bilingual translation changed in reviewed commit: archive reviewed Swedish Linux Mint translations,project-context,756d5bcfb7084056106b5a55,review-commit,https://github.com/yeager/translations/blob/87909ded511e79f2f46379e8c3e7a2722dd1c8e3/Xreader/xreader_sv.po,555756d56172bf22f296e778a4968efd8eb7024f4f0cb2b2292debdac83a093e,{}
ff8903e1cbb67b782d939c9e,Zoom _In,Zooma _in,Xreader,xreader_sv.po,,Bilingual translation changed in reviewed commit: archive reviewed Swedish Linux Mint translations,project-context,78b6b907f6b4c40b29497949,review-commit,https://github.com/yeager/translations/blob/87909ded511e79f2f46379e8c3e7a2722dd1c8e3/Xreader/xreader_sv.po,555756d56172bf22f296e778a4968efd8eb7024f4f0cb2b2292debdac83a093e,{}
